Team,xG,xGA,xGD,Open Play xG,Open Play xGA,Open Play xGD,Set Piece xG,Set Piece xGA,Set Piece xGD,npxG,npxGA,npxGD,Goals,Goals Conceded,GD,GD-xGD,Possession,Field Tilt,Avg Pass Height,xT,xT Against,Passes in Opposition Half,Passes into Box,Shots,Shots Faced,Shots per 1.0 xT,Shots Faced per 1.0 xT Against,PPDA,High Recoveries,High Recoveries Against,Crosses,Corners,Fouls,On-Ball Pressure,On-Ball Pressure Share,Off-Ball Pressure,Off-Ball Pressure Share,Game Control,Game Control Share,Throw-Ins into the Box,Match,Date
Havelse,1.62,2.22,-0.60,1.22,2.04,-0.82,0.40,0.18,0.22,1.62,2.22,-0.60,1,2,-1,-0.40,47.80,50.17,45.16,0.54,0.86,172,13,14,15,25.93,17.44,12.53,6,7,20,6,10,86.9,44.93,97.73,71.69,112.3,60.35,5,Ulm 2-1 Havelse,2026-04-18
Ulm,2.22,1.62,0.60,2.04,1.22,0.82,0.18,0.40,-0.22,2.22,1.62,0.60,2,1,1,0.40,52.20,49.83,42.52,0.86,0.54,173,9,15,14,17.44,25.93,10.18,7,6,19,4,15,106.5,55.07,38.6,28.31,73.77,39.65,1,Ulm 2-1 Havelse,2026-04-18
Hansa Rostock,2.49,0.65,1.84,2.38,0.65,1.73,0.12,0.00,0.12,2.49,0.65,1.84,0,0,0,-1.84,58.00,44.11,42.02,1.3,0.64,161,22,16,15,12.31,23.44,11.14,4,4,27,9,15,84.0,43.68,10.33,13.59,61.83,30.41,4,Schweinfurt 0-0 Hansa Rostock,2026-04-18
Schweinfurt,0.65,2.49,-1.84,0.65,2.38,-1.73,0.00,0.12,-0.12,0.65,2.49,-1.84,0,0,0,1.84,42.00,55.89,51.01,0.64,1.3,182,9,15,16,23.44,12.31,11.94,4,4,28,7,9,108.3,56.32,65.67,86.41,141.47,69.59,6,Schweinfurt 0-0 Hansa Rostock,2026-04-18
Viktoria Köln,1.63,1.12,0.51,1.61,0.57,1.04,0.02,0.55,-0.53,1.63,1.12,0.51,0,2,-2,-2.51,32.80,36.2,38.79,0.4,0.79,117,6,10,9,25.0,11.39,14.72,9,4,9,3,15,55.3,31.56,162.53,85.94,120.7,54.81,1,Verl 2-0 Viktoria Köln,2026-04-18
Verl,1.12,1.63,-0.51,0.57,1.61,-1.04,0.55,0.02,0.53,1.12,1.63,-0.51,2,0,2,2.51,67.20,63.8,42.55,0.79,0.4,239,14,9,10,11.39,25.0,9.66,4,9,4,1,5,119.9,68.44,26.6,14.06,99.5,45.19,1,Verl 2-0 Viktoria Köln,2026-04-18
Hoffenheim II,1.38,1.80,-0.42,1.13,1.35,-0.22,0.24,0.45,-0.21,1.38,1.80,-0.42,1,3,-2,-1.58,58.20,47.99,44.60,0.4,1.08,235,13,9,12,22.5,11.11,9.34,3,5,18,4,11,88.2,47.5,11.33,9.94,32.8,17.43,1,MSV Duisburg 3-1 Hoffenheim II,2026-04-18
MSV Duisburg,1.80,1.38,0.42,1.35,1.13,0.22,0.45,0.24,0.21,1.80,1.38,0.42,3,1,2,1.58,41.80,52.01,48.31,1.08,0.4,194,14,12,9,11.11,22.5,13.05,5,3,15,6,18,97.5,52.5,102.67,90.06,155.33,82.57,2,MSV Duisburg 3-1 Hoffenheim II,2026-04-18
Osnabrück,2.18,0.86,1.32,1.80,0.86,0.94,0.38,0.00,0.38,2.18,0.86,1.32,1,0,1,-0.32,47.70,62.01,51.95,0.77,1.24,255,13,20,8,25.97,6.45,14.50,3,2,27,10,17,152.4,82.87,92.33,83.99,215.5,94.12,3,Ingolstadt 0-1 Osnabrück,2026-04-18
Ingolstadt,0.86,2.18,-1.32,0.86,1.80,-0.94,0.00,0.38,-0.38,0.86,2.18,-1.32,0,1,-1,0.32,52.30,37.99,39.70,1.24,0.77,152,10,8,20,6.45,25.97,13.65,2,3,14,4,7,31.5,17.13,17.6,16.01,13.47,5.88,2,Ingolstadt 0-1 Osnabrück,2026-04-18
1860 München,0.87,2.20,-1.33,0.87,1.77,-0.90,0.00,0.43,-0.43,0.87,2.20,-1.33,0,0,0,1.33,47.10,36.72,40.87,0.74,1.08,147,12,10,22,13.51,20.37,12.22,3,8,14,1,13,38.0,20.04,25.13,26.93,43.1,17.75,2,Saarbrücken 0-0 1860 München,2026-04-18
Saarbrücken,2.20,0.87,1.33,1.77,0.87,0.90,0.43,0.00,0.43,2.20,0.87,1.33,0,0,0,-1.33,52.90,63.28,49.29,1.08,0.74,253,23,22,10,20.37,13.51,14.96,8,3,27,12,8,151.6,79.96,68.2,73.07,199.77,82.25,0,Saarbrücken 0-0 1860 München,2026-04-18
Jahn Regensburg,2.32,2.78,-0.46,2.32,1.30,1.02,0.00,0.72,-0.72,2.32,2.02,0.30,2,2,0,0.46,45.60,39.33,41.58,0.82,0.86,165,12,12,18,14.63,20.93,12.69,3,4,10,5,12,39.9,22.62,91.6,73.75,79.1,44.61,3,1860 München 2-2 Jahn Regensburg,2026-04-12
1860 München,2.78,2.32,0.46,1.30,2.32,-1.02,0.72,0.00,0.72,2.02,2.32,-0.30,2,2,0,-0.46,54.40,60.67,45.40,0.86,0.82,249,24,18,12,20.93,14.63,11.78,4,3,23,9,12,136.5,77.38,32.6,26.25,98.2,55.39,2,1860 München 2-2 Jahn Regensburg,2026-04-12
Verl,2.14,1.15,0.99,1.86,1.15,0.71,0.28,0.00,0.28,2.14,1.15,0.99,1,1,0,-0.99,72.20,73.86,52.02,1.71,0.58,413,28,11,8,6.43,13.79,9.67,7,4,34,10,4,189.5,93.3,4.53,2.68,89.27,60.09,2,Erzgebirge Aue 1-1 Verl,2026-04-12
Erzgebirge Aue,1.15,2.14,-0.99,1.15,1.86,-0.71,0.00,0.28,-0.28,1.15,2.14,-0.99,1,1,0,0.99,27.80,26.14,44.70,0.58,1.71,118,9,8,11,13.79,6.43,26.43,4,7,16,2,11,13.6,6.7,164.67,97.32,59.3,39.91,3,Erzgebirge Aue 1-1 Verl,2026-04-12
Energie Cottbus,1.22,1.05,0.17,0.59,1.01,-0.42,0.63,0.04,0.59,1.22,1.05,0.17,0,1,-1,-1.17,59.80,58.98,45.23,0.63,0.33,191,12,12,9,19.05,27.27,9.69,4,10,26,11,10,125.8,71.52,17.93,16.57,92.8,49.3,1,Osnabrück 1-0 Energie Cottbus,2026-04-12
Osnabrück,1.05,1.22,-0.17,1.01,0.59,0.42,0.04,0.63,-0.59,1.05,1.22,-0.17,1,0,1,1.17,40.20,41.02,43.14,0.33,0.63,110,8,9,12,27.27,19.05,8.64,10,4,19,5,14,50.1,28.48,90.27,83.43,95.43,50.7,3,Osnabrück 1-0 Energie Cottbus,2026-04-12
Ulm,2.07,3.53,-1.46,1.76,1.99,-0.23,0.31,0.78,-0.47,2.07,2.77,-0.70,1,5,-4,-2.54,42.50,44.4,45.78,0.92,0.55,164,7,9,11,9.78,20.0,13.20,4,3,20,3,14,54.6,40.72,77.93,82.33,57.4,37.63,0,Hansa Rostock 5-1 Ulm,2026-04-11
Hansa Rostock,3.53,2.07,1.46,1.99,1.76,0.23,0.78,0.31,0.47,2.77,2.07,0.70,5,1,4,2.54,57.50,55.6,46.37,0.55,0.92,229,11,11,9,20.0,9.78,9.31,3,4,21,5,12,79.5,59.28,16.73,17.67,95.13,62.37,4,Hansa Rostock 5-1 Ulm,2026-04-11
Ingolstadt,1.27,2.80,-1.53,0.93,1.60,-0.67,0.35,1.21,-0.86,1.27,2.80,-1.53,1,4,-3,-1.47,45.60,39.84,46.24,0.65,1.0,138,7,10,34,15.38,34.0,18.44,0,3,21,8,11,35.0,16.42,38.93,57.99,28.3,13.13,2,Rot-Weiss Essen 4-1 Ingolstadt,2026-04-11
Rot-Weiss Essen,2.80,1.27,1.53,1.60,0.93,0.67,1.21,0.35,0.86,2.80,1.27,1.53,4,1,3,1.47,54.40,60.16,51.06,1.0,0.65,216,27,34,10,34.0,15.38,10.44,3,0,31,14,10,178.2,83.58,28.2,42.01,187.27,86.87,5,Rot-Weiss Essen 4-1 Ingolstadt,2026-04-11
Stuttgart II,1.59,2.57,-0.98,1.54,2.57,-1.03,0.05,0.00,0.05,1.59,2.57,-0.98,1,3,-2,-1.02,54.80,46.7,38.53,0.64,0.9,131,12,9,17,14.06,18.89,7.62,5,7,11,2,15,41.7,31.83,15.67,15.81,25.97,12.94,3,Alemannia Aachen 3-1 Stuttgart II,2026-04-11
Alemannia Aachen,2.57,1.59,0.98,2.57,1.54,1.03,0.00,0.05,-0.05,2.57,1.59,0.98,3,1,2,1.02,45.20,53.3,44.99,0.9,0.64,130,17,17,9,18.89,14.06,9.51,7,5,11,2,18,89.3,68.17,83.47,84.19,174.73,87.06,2,Alemannia Aachen 3-1 Stuttgart II,2026-04-11
Saarbrücken,2.41,0.74,1.67,2.17,0.52,1.65,0.25,0.22,0.03,2.41,0.74,1.67,0,2,-2,-3.67,63.90,69.08,50.64,1.54,0.3,342,23,19,7,12.34,23.33,10.29,4,1,42,12,7,232.1,82.63,14.93,12.75,145.37,64.03,0,Havelse 2-0 Saarbrücken,2026-04-11
Havelse,0.74,2.41,-1.67,0.52,2.17,-1.65,0.22,0.25,-0.03,0.74,2.41,-1.67,2,0,2,3.67,36.10,30.92,45.18,0.3,1.54,156,8,7,19,23.33,12.34,27.25,1,4,11,2,9,48.8,17.37,102.2,87.25,81.67,35.97,0,Havelse 2-0 Saarbrücken,2026-04-11
Wehen Wiesbaden,2.09,1.74,0.35,1.13,1.54,-0.41,0.20,0.20,0.00,1.33,1.74,-0.41,1,2,-1,-1.35,62.50,71.0,47.70,1.52,0.24,250,25,14,9,9.21,37.5,9.23,5,1,24,5,10,182.3,78.65,42.13,29.11,111.17,61.64,0,Viktoria Köln 2-1 Wehen Wiesbaden,2026-04-11
Viktoria Köln,1.74,2.09,-0.35,1.54,1.13,0.41,0.20,0.20,0.00,1.74,1.33,0.41,2,1,1,1.35,37.50,29.0,38.74,0.24,1.52,95,6,9,14,37.5,9.21,14.82,1,5,10,6,17,49.5,21.35,102.6,70.89,69.17,38.36,2,Viktoria Köln 2-1 Wehen Wiesbaden,2026-04-11
MSV Duisburg,3.86,1.99,1.87,3.65,1.86,1.79,0.22,0.13,0.09,3.86,1.99,1.87,4,1,3,1.13,32.70,45.22,47.07,0.83,1.06,148,15,19,16,22.89,15.09,17.97,9,4,10,5,9,71.7,39.79,140.33,99.34,219.37,97.01,4,Waldhof Mannheim 1-4 MSV Duisburg,2026-04-11
Waldhof Mannheim,1.99,3.86,-1.87,1.86,3.65,-1.79,0.13,0.22,-0.09,1.99,3.86,-1.87,1,4,-3,-1.13,67.30,54.78,45.55,1.06,0.83,282,21,16,19,15.09,22.89,12.10,4,9,18,7,6,108.5,60.21,0.93,0.66,6.77,2.99,0,Waldhof Mannheim 1-4 MSV Duisburg,2026-04-11
Schweinfurt,1.89,1.46,0.43,1.89,0.70,1.19,0.00,0.00,0.00,1.89,0.70,1.19,1,1,0,-0.43,36.30,45.74,43.53,0.75,0.44,138,9,9,9,12.0,20.45,15.50,5,4,6,0,14,69.2,43.41,126.47,85.84,148.8,74.77,5,Hoffenheim II 1-1 Schweinfurt,2026-04-10
Hoffenheim II,1.46,1.89,-0.43,0.70,1.89,-1.19,0.00,0.00,0.00,0.70,1.89,-1.19,1,1,0,0.43,63.70,54.26,44.33,0.44,0.75,278,5,9,9,20.45,12.0,9.00,4,5,13,2,14,90.2,56.59,20.87,14.16,50.2,25.23,0,Hoffenheim II 1-1 Schweinfurt,2026-04-10
Hansa Rostock,1.69,1.38,0.31,1.61,1.13,0.48,0.08,0.25,-0.17,1.69,1.38,0.31,2,1,1,0.69,32.80,30.03,41.24,0.65,0.52,101,9,8,21,12.31,40.38,16.78,4,3,16,6,15,33.0,15.28,126.6,94.53,94.23,48.5,2,Verl 1-2 Hansa Rostock,2026-04-08
Verl,1.38,1.69,-0.31,1.13,1.61,-0.48,0.25,0.08,0.17,1.38,1.69,-0.31,1,2,-1,-0.69,67.20,69.97,48.77,0.52,0.65,307,12,21,8,40.38,12.31,8.46,3,4,20,8,5,182.9,84.72,7.33,5.47,100.07,51.5,1,Verl 1-2 Hansa Rostock,2026-04-08
Havelse,2.14,2.33,-0.19,1.20,2.18,-0.98,0.19,0.15,0.04,1.38,2.33,-0.95,4,1,3,3.19,48.40,46.35,45.42,0.49,1.17,180,8,5,14,10.2,11.97,14.50,5,5,11,1,5,57.0,40.77,71.4,59.37,90.93,60.17,1,Wehen Wiesbaden 1-4 Havelse,2026-04-08
Wehen Wiesbaden,2.33,2.14,0.19,2.18,1.20,0.98,0.15,0.19,-0.04,2.33,1.38,0.95,1,4,-3,-3.19,51.60,53.65,49.03,1.17,0.49,234,18,14,5,11.97,10.2,11.06,5,5,19,6,17,82.8,59.23,48.87,40.63,60.2,39.83,2,Wehen Wiesbaden 1-4 Havelse,2026-04-08
Ulm,1.67,1.58,0.09,1.56,1.53,0.03,0.10,0.05,0.05,1.67,1.58,0.09,1,1,0,-0.09,44.40,47.8,45.98,0.63,0.87,185,8,12,11,19.05,12.64,15.60,4,6,21,8,12,66.7,42.0,96.0,77.38,102.83,59.74,1,Stuttgart II 1-1 Ulm,2026-04-08
Stuttgart II,1.58,1.67,-0.09,1.53,1.56,-0.03,0.05,0.10,-0.05,1.58,1.67,-0.09,1,1,0,0.09,55.60,52.2,47.05,0.87,0.63,254,12,11,12,12.64,19.05,11.42,6,4,10,3,15,92.1,58.0,28.07,22.62,69.3,40.26,1,Stuttgart II 1-1 Ulm,2026-04-08
Viktoria Köln,1.31,2.25,-0.94,1.04,2.15,-1.11,0.27,0.10,0.17,1.31,2.25,-0.94,2,1,1,1.94,44.10,42.86,46.98,0.42,1.09,182,10,12,19,28.57,17.43,12.21,3,5,17,4,14,76.0,34.33,105.93,78.47,115.27,70.86,4,Ingolstadt 1-2 Viktoria Köln,2026-04-08
Ingolstadt,2.25,1.31,0.94,2.15,1.04,1.11,0.10,0.27,-0.17,2.25,1.31,0.94,1,2,-1,-1.94,55.90,57.14,46.37,1.09,0.42,238,17,19,12,17.43,28.57,12.00,5,3,20,4,13,145.4,65.67,29.07,21.53,47.4,29.14,1,Ingolstadt 1-2 Viktoria Köln,2026-04-08
Alemannia Aachen,1.56,2.73,-1.17,1.29,1.77,-0.48,0.27,0.97,-0.70,1.56,2.73,-1.17,1,1,0,1.17,45.00,48.74,48.24,0.87,1.02,197,10,16,17,18.39,16.67,11.20,3,7,15,5,16,133.4,47.99,57.6,58.61,125.83,59.37,0,Saarbrücken 1-1 Alemannia Aachen,2026-04-08
Saarbrücken,2.73,1.56,1.17,1.77,1.29,0.48,0.97,0.27,0.70,2.73,1.56,1.17,1,1,0,-1.17,55.00,51.26,43.36,1.02,0.87,186,21,17,16,16.67,18.39,9.03,7,3,24,8,12,144.6,52.01,40.67,41.39,86.1,40.63,0,Saarbrücken 1-1 Alemannia Aachen,2026-04-08
Rot-Weiss Essen,3.18,1.85,1.33,3.05,0.62,2.43,0.13,1.23,-1.10,3.18,1.85,1.33,3,1,2,0.67,48.80,55.56,48.77,1.0,0.58,178,17,22,13,22.0,22.41,14.70,7,4,24,7,6,140.1,78.93,62.47,74.55,204.4,89.23,5,Schweinfurt 1-3 Rot-Weiss Essen,2026-04-07
Schweinfurt,1.85,3.18,-1.33,0.62,3.05,-2.43,1.23,0.13,1.10,1.85,3.18,-1.33,1,3,-2,-0.67,51.20,44.44,43.58,0.58,1.0,153,6,13,22,22.41,22.0,14.95,4,7,19,5,8,37.4,21.07,21.33,25.45,24.67,10.77,2,Schweinfurt 1-3 Rot-Weiss Essen,2026-04-07
Osnabrück,0.81,0.77,0.04,0.66,0.77,-0.11,0.15,0.00,0.15,0.81,0.77,0.04,0,1,-1,-1.04,58.40,57.14,42.96,0.94,0.27,213,15,10,9,10.64,33.33,9.47,5,8,17,1,14,90.2,70.14,29.6,24.41,64.33,41.39,7,MSV Duisburg 1-0 Osnabrück,2026-04-07
MSV Duisburg,0.77,0.81,-0.04,0.77,0.66,0.11,0.00,0.15,-0.15,0.77,0.81,-0.04,1,0,1,1.04,41.60,42.86,43.14,0.27,0.94,153,5,9,10,33.33,10.64,11.00,8,5,12,0,14,38.4,29.86,91.67,75.59,91.1,58.61,4,MSV Duisburg 1-0 Osnabrück,2026-04-07
Erzgebirge Aue,2.07,2.77,-0.70,2.02,2.38,-0.36,0.05,0.39,-0.34,2.07,2.77,-0.70,0,1,-1,-0.30,47.10,52.37,45.03,1.09,0.9,179,18,12,15,11.01,16.67,16.29,4,3,17,6,9,71.3,44.48,66.0,69.47,72.9,43.78,7,Jahn Regensburg 1-0 Erzgebirge Aue,2026-04-07
Jahn Regensburg,2.77,2.07,0.70,2.38,2.02,0.36,0.39,0.05,0.34,2.77,2.07,0.70,1,0,1,0.30,52.90,47.63,45.28,0.9,1.09,201,17,15,12,16.67,11.01,14.82,3,4,25,10,11,89.0,55.52,29.0,30.53,93.6,56.22,0,Jahn Regensburg 1-0 Erzgebirge Aue,2026-04-07
1860 München,2.74,3.88,-1.14,2.63,3.85,-1.22,0.11,0.03,0.08,2.74,3.88,-1.14,0,3,-3,-1.86,47.00,46.38,40.97,0.95,1.5,137,13,15,18,15.79,12.0,13.52,5,9,12,3,10,81.6,39.17,57.93,56.28,45.66,21.06,3,Energie Cottbus 3-0 1860 München,2026-04-07
Energie Cottbus,3.88,2.74,1.14,3.85,2.63,1.22,0.03,0.11,-0.08,3.88,2.74,1.14,3,0,3,1.86,53.00,53.62,43.36,1.5,0.95,188,13,18,15,12.0,15.79,12.16,9,5,9,6,11,126.7,60.83,45.0,43.72,171.14,78.94,0,Energie Cottbus 3-0 1860 München,2026-04-07
Hoffenheim II,0.44,2.41,-1.97,0.11,2.36,-2.25,0.33,0.05,0.28,0.44,2.41,-1.97,1,1,0,1.97,34.30,26.07,41.27,0.13,1.14,118,6,4,19,30.77,16.67,12.43,5,2,9,3,13,37.0,12.91,97.2,88.1,61.83,33.15,0,Waldhof Mannheim 1-1 Hoffenheim II,2026-04-07
Waldhof Mannheim,2.41,0.44,1.97,2.36,0.11,2.25,0.05,0.33,-0.28,2.41,0.44,1.97,1,1,0,-1.97,65.70,73.93,50.82,1.14,0.13,344,19,19,4,16.67,30.77,10.14,2,5,29,8,10,249.6,87.09,13.13,11.9,124.67,66.85,2,Waldhof Mannheim 1-1 Hoffenheim II,2026-04-07
Wehen Wiesbaden,2.06,2.62,-0.56,1.59,2.57,-0.98,0.47,0.05,0.42,2.06,2.62,-0.56,0,3,-3,-2.44,53.6,48.68,41.15,0.69,1.29,169,11,17,13,24.64,10.08,10.94,1,7,20,7,13,98.1,46.94,20.13,30.23,56.64,18.93,1,Alemannia Aachen 3-0 Wehen Wiesbaden,2026-04-05
Alemannia Aachen,2.62,2.06,0.56,2.57,1.59,0.98,0.05,0.47,-0.42,2.62,2.06,0.56,3,0,3,2.44,46.4,51.32,45.14,1.29,0.69,170,15,13,17,10.08,24.64,12.09,7,1,6,3,11,110.9,53.06,46.47,69.77,242.58,81.07,0,Alemannia Aachen 3-0 Wehen Wiesbaden,2026-04-05
Ingolstadt,1.95,2.48,-0.53,1.89,2.36,-0.47,0.07,0.13,-0.06,1.95,2.48,-0.53,0,1,-1,-0.47,54.8,41.21,42.43,1.12,0.52,188,10,14,19,12.5,36.54,14.12,1,6,17,2,9,62.4,29.73,24.87,19.49,37.8,12.84,2,Saarbrücken 1-0 Ingolstadt,2026-04-05
Saarbrücken,2.48,1.95,0.53,2.36,1.89,0.47,0.13,0.07,0.06,2.48,1.95,0.53,1,0,1,0.47,45.2,58.79,47.79,0.52,1.12,231,12,19,14,36.54,12.5,16.06,6,1,16,4,13,147.5,70.27,102.73,80.51,256.57,87.16,1,Saarbrücken 1-0 Ingolstadt,2026-04-05
Verl,0.8,2.5,-1.7,0.8,2.45,-1.65,0.0,0.05,-0.05,0.8,2.5,-1.7,0,1,-1,0.7,69.6,75.77,49.09,1.02,0.44,380,22,12,13,11.76,29.55,13.52,2,3,19,5,4,213.0,78.19,12.33,6.84,116.0,47.27,2,Ulm 1-0 Verl,2026-04-05
Ulm,2.5,0.8,1.7,2.45,0.8,1.65,0.05,0.0,0.05,2.5,0.8,1.7,1,0,1,-0.7,30.4,24.23,40.88,0.44,1.02,109,6,13,12,29.55,11.76,25.3,3,2,10,3,8,59.4,21.81,167.93,93.16,129.4,52.73,2,Ulm 1-0 Verl,2026-04-05
MSV Duisburg,1.43,1.97,-0.54,1.25,1.64,-0.39,0.18,0.33,-0.15,1.43,1.97,-0.54,0,1,-1,-0.46,47.0,47.76,45.02,0.89,0.94,126,11,14,23,15.73,24.47,8.71,6,1,19,8,15,67.1,34.71,56.4,69.86,84.4,39.77,2,Rot-Weiss Essen 1-0 MSV Duisburg,2026-04-04
Rot-Weiss Essen,1.97,1.43,0.54,1.64,1.25,0.39,0.33,0.18,0.15,1.97,1.43,0.54,1,0,1,0.46,53.0,52.24,45.73,0.94,0.89,159,26,23,14,24.47,15.73,10.0,1,6,23,7,9,126.2,65.29,24.33,30.14,127.83,60.23,12,Rot-Weiss Essen 1-0 MSV Duisburg,2026-04-04
Jahn Regensburg,2.93,1.41,1.52,2.27,1.39,0.88,0.66,0.02,0.64,2.93,1.41,1.52,1,3,-2,-3.52,49.0,49.06,41.39,0.7,0.57,148,14,16,13,22.86,22.81,9.0,12,9,18,5,20,87.9,52.79,47.47,48.21,92.77,49.78,0,Stuttgart II 3-1 Jahn Regensburg,2026-04-04
Stuttgart II,1.41,2.93,-1.52,1.39,2.27,-0.88,0.02,0.66,-0.64,1.41,2.93,-1.52,3,1,2,3.52,51.0,50.94,42.3,0.57,0.7,166,12,13,16,22.81,22.86,8.14,9,12,12,5,13,78.6,47.21,51.0,51.79,93.6,50.22,3,Stuttgart II 3-1 Jahn Regensburg,2026-04-04
Hoffenheim II,3.01,2.22,0.79,2.96,2.22,0.74,0.05,0.0,0.05,3.01,2.22,0.79,5,3,2,1.21,67.8,70.92,50.86,1.47,0.84,368,23,21,6,14.29,7.14,11.67,5,2,10,3,6,205.0,93.95,14.53,9.36,164.03,85.45,5,Erzgebirge Aue 3-5 Hoffenheim II,2026-04-04
Erzgebirge Aue,2.22,3.01,-0.79,2.22,2.96,-0.74,0.0,0.05,-0.05,2.22,3.01,-0.79,3,5,-2,-1.21,32.2,29.08,42.23,0.84,1.47,118,6,6,21,7.14,14.29,31.76,2,5,10,2,10,13.2,6.05,140.73,90.64,27.93,14.55,3,Erzgebirge Aue 3-5 Hoffenheim II,2026-04-04
Waldhof Mannheim,1.91,2.57,-0.66,1.74,2.18,-0.44,0.16,0.4,-0.24,1.91,2.57,-0.66,1,1,0,0.66,46.3,43.07,47.22,0.73,1.98,207,10,13,20,17.81,10.1,11.09,3,5,18,4,14,82.9,36.14,40.27,45.79,94.3,44.36,1,1860 München 1-1 Waldhof Mannheim,2026-04-04
1860 München,2.57,1.91,0.66,2.18,1.74,0.44,0.4,0.16,0.24,2.57,1.91,0.66,1,1,0,-0.66,53.7,56.93,50.06,1.98,0.73,265,24,20,13,10.1,17.81,8.95,5,3,37,8,11,146.5,63.86,47.67,54.21,118.3,55.64,7,1860 München 1-1 Waldhof Mannheim,2026-04-04
Energie Cottbus,4.47,1.16,3.31,4.47,1.16,3.31,0.0,0.0,0.0,4.47,1.16,3.31,3,0,3,-0.31,45.8,59.52,45.97,1.79,0.63,200,22,16,9,8.94,14.29,17.17,6,3,10,4,8,121.1,63.3,107.33,76.09,223.5,94.14,2,Havelse 0-3 Energie Cottbus,2026-04-04
Havelse,1.16,4.47,-3.31,1.16,4.47,-3.31,0.0,0.0,0.0,1.16,4.47,-3.31,0,3,-3,0.31,54.2,40.48,40.51,0.63,1.79,192,8,9,16,14.29,8.94,19.11,3,6,8,1,5,70.2,36.7,33.73,23.91,13.9,5.86,0,Havelse 0-3 Energie Cottbus,2026-04-04
Viktoria Köln,1.54,2.47,-0.93,1.09,2.21,-1.12,0.45,0.26,0.19,1.54,2.47,-0.93,3,2,1,1.93,28.7,22.94,41.29,0.47,1.74,89,7,8,21,17.02,12.07,17.29,0,4,9,1,17,20.9,7.58,118.4,92.64,88.33,65.84,0,Hansa Rostock 2-3 Viktoria Köln,2026-04-04
Hansa Rostock,2.47,1.54,0.93,2.21,1.09,1.12,0.26,0.45,-0.19,2.47,1.54,0.93,2,3,-1,-1.93,71.3,77.06,50.77,1.74,0.47,339,22,21,8,12.07,17.02,6.03,4,0,49,10,12,254.8,92.42,9.4,7.36,45.83,34.16,1,Hansa Rostock 2-3 Viktoria Köln,2026-04-04
Schweinfurt,0.62,2.63,-2.01,0.37,2.1,-1.73,0.25,0.54,-0.29,0.62,2.63,-2.01,0,4,-4,-1.99,52.7,39.46,40.88,0.36,0.96,170,6,6,13,16.67,13.54,11.24,8,6,11,3,12,49.3,26.15,29.0,23.5,10.21,3.64,3,Osnabrück 4-0 Schweinfurt,2026-04-04
Osnabrück,2.63,0.62,2.01,2.1,0.37,1.73,0.54,0.25,0.29,2.63,0.62,2.01,4,0,4,1.99,47.3,60.54,48.76,0.96,0.36,202,14,13,6,13.54,16.67,14.21,6,8,15,3,13,139.2,73.85,94.4,76.5,270.18,96.36,1,Osnabrück 4-0 Schweinfurt,2026-04-04
Rot-Weiss Essen,0.74,1.97,-1.23,0.71,1.62,-0.91,0.04,0.34,-0.3,0.74,1.97,-1.23,2,1,1,2.23,42.9,42.37,44.38,0.8,0.71,163,11,8,12,10.0,16.9,11.24,6,3,13,2,11,42.2,28.67,75.4,72.83,97.37,68.01,5,Viktoria Köln 1-2 Rot-Weiss Essen,2026-03-22
Viktoria Köln,1.97,0.74,1.23,1.62,0.71,0.91,0.34,0.04,0.3,1.97,0.74,1.23,1,2,-1,-2.23,57.1,57.63,48.63,0.71,0.8,252,15,12,8,16.9,10.0,9.64,3,6,22,6,18,105.0,71.33,28.13,27.17,45.8,31.99,2,Viktoria Köln 1-2 Rot-Weiss Essen,2026-03-22
1860 München,2.17,1.43,0.74,1.16,0.61,0.55,0.25,0.82,-0.57,1.41,1.43,-0.02,1,2,-1,-1.74,56.1,48.82,42.14,0.86,0.58,195,17,13,12,15.12,20.69,10.87,3,8,23,6,11,87.5,63.54,27.73,28.35,71.1,47.74,3,MSV Duisburg 2-1 1860 München,2026-03-22
MSV Duisburg,1.43,2.17,-0.74,0.61,1.16,-0.55,0.82,0.25,0.57,1.43,1.41,0.02,2,1,1,1.74,43.9,51.18,44.14,0.58,0.86,148,8,12,13,20.69,15.12,11.03,8,3,12,4,15,50.2,36.46,70.07,71.65,77.83,52.26,6,MSV Duisburg 2-1 1860 München,2026-03-22
Osnabrück,1.72,0.74,0.98,1.62,0.73,0.89,0.1,0.01,0.09,1.72,0.74,0.98,1,0,1,0.02,40.1,52.55,48.72,0.64,0.71,196,19,17,7,26.56,9.86,17.55,6,2,21,9,10,145.6,64.42,106.13,95.1,224.27,92.65,2,Hoffenheim II 0-1 Osnabrück,2026-03-22
Hoffenheim II,0.74,1.72,-0.98,0.73,1.62,-0.89,0.01,0.1,-0.09,0.74,1.72,-0.98,0,1,-1,-0.02,59.9,47.45,43.91,0.71,0.64,251,6,7,17,9.86,26.56,11.15,2,6,10,2,12,80.4,35.58,5.47,4.9,17.8,7.35,1,Hoffenheim II 0-1 Osnabrück,2026-03-22
Saarbrücken,0.58,1.79,-1.21,0.34,1.42,-1.08,0.24,0.37,-0.13,0.58,1.79,-1.21,0,3,-3,-1.79,33.1,32.78,41.71,0.36,0.64,126,7,9,17,25.0,26.56,20.78,2,10,15,6,6,20.8,10.71,137.2,89.28,32.09,17.54,1,Verl 3-0 Saarbrücken,2026-03-21
Verl,1.79,0.58,1.21,1.42,0.34,1.08,0.37,0.24,0.13,1.79,0.58,1.21,3,0,3,1.79,66.9,67.22,50.5,0.64,0.36,399,15,17,9,26.56,25.0,8.81,10,2,15,11,8,173.4,89.29,16.47,10.72,150.83,82.46,2,Verl 3-0 Saarbrücken,2026-03-21
Stuttgart II,1.75,2.61,-0.86,1.41,2.26,-0.85,0.34,0.35,-0.01,1.75,2.61,-0.86,1,3,-2,-1.14,54.7,47.77,46.56,0.6,0.69,194,9,10,21,16.67,30.43,7.51,5,5,11,4,16,33.2,31.56,14.07,23.71,19.53,16.94,1,Schweinfurt 3-1 Stuttgart II,2026-03-21
Schweinfurt,2.61,1.75,0.86,2.26,1.41,0.85,0.35,0.34,0.01,2.61,1.75,0.86,3,1,2,1.14,45.3,52.23,43.99,0.69,0.6,142,15,21,10,30.43,16.67,9.45,5,5,23,8,14,72.0,68.44,45.27,76.29,95.73,83.06,2,Schweinfurt 3-1 Stuttgart II,2026-03-21
Havelse,2.34,2.62,-0.28,1.92,2.2,-0.28,0.42,0.42,0.0,2.34,2.62,-0.28,2,5,-3,-2.72,58.5,59.7,41.77,0.79,0.3,207,10,14,10,17.72,33.33,10.25,7,6,15,5,13,126.0,74.38,11.07,10.5,66.04,34.43,1,Jahn Regensburg 5-2 Havelse,2026-03-21
Jahn Regensburg,2.62,2.34,0.28,2.2,1.92,0.28,0.42,0.42,0.0,2.62,2.34,0.28,5,2,3,2.72,41.5,40.3,39.73,0.3,0.79,129,7,10,14,33.33,17.72,13.8,6,7,7,1,14,43.4,25.62,94.33,89.5,125.78,65.57,0,Jahn Regensburg 5-2 Havelse,2026-03-21
Ulm,0.69,1.2,-0.51,0.67,1.1,-0.43,0.02,0.09,-0.07,0.69,1.2,-0.51,1,1,0,0.51,32.5,35.98,47.97,0.71,1.37,129,10,6,16,8.45,11.68,19.6,4,9,21,7,13,31.7,15.79,122.2,94.63,91.47,55.92,2,Energie Cottbus 1-1 Ulm,2026-03-21
Energie Cottbus,1.2,0.69,0.51,1.1,0.67,0.43,0.09,0.02,0.07,1.2,0.69,0.51,1,1,0,-0.51,67.5,64.02,50.19,1.37,0.71,326,20,16,6,11.68,8.45,7.06,9,4,31,9,9,169.1,84.21,6.93,5.37,72.1,44.08,1,Energie Cottbus 1-1 Ulm,2026-03-21
Alemannia Aachen,3.18,1.13,2.05,2.54,1.08,1.46,0.64,0.05,0.59,3.18,1.13,2.05,2,1,1,-1.05,45.3,59.61,50.41,0.43,0.67,204,7,20,9,46.51,13.43,10.11,8,3,24,13,14,126.3,68.05,73.73,84.88,177.7,84.66,1,Ingolstadt 1-2 Alemannia Aachen,2026-03-21
Ingolstadt,1.13,3.18,-2.05,1.08,2.54,-1.46,0.05,0.64,-0.59,1.13,3.18,-2.05,1,2,-1,1.05,54.7,40.39,42.11,0.67,0.43,177,12,9,20,13.43,46.51,8.83,3,8,13,3,14,59.3,31.95,13.13,15.12,32.2,15.34,8,Ingolstadt 1-2 Alemannia Aachen,2026-03-21
Erzgebirge Aue,0.47,1.69,-1.22,0.38,1.69,-1.31,0.1,0.0,0.1,0.47,1.69,-1.22,1,2,-1,0.22,49.3,53.93,44.07,0.82,0.82,163,10,10,17,12.2,20.73,13.42,5,3,21,5,12,61.0,43.17,86.47,80.71,95.73,67.53,6,Waldhof Mannheim 2-1 Erzgebirge Aue,2026-03-21
Waldhof Mannheim,1.69,0.47,1.22,1.69,0.38,1.31,0.0,0.1,-0.1,1.69,0.47,1.22,2,1,1,-0.22,50.7,46.07,43.9,0.82,0.82,171,12,17,10,20.73,12.2,10.41,3,5,17,4,10,80.3,56.83,20.67,19.29,46.03,32.47,1,Waldhof Mannheim 2-1 Erzgebirge Aue,2026-03-21
Hansa Rostock,1.65,2.35,-0.7,0.89,2.0,-1.11,0.0,0.34,-0.34,0.89,2.35,-1.46,1,0,1,1.7,44.2,28.06,39.6,0.28,1.94,119,4,4,25,14.29,12.89,10.41,5,1,10,3,10,16.2,7.65,47.47,45.79,19.4,11.33,0,Wehen Wiesbaden 0-1 Hansa Rostock,2026-03-20
Wehen Wiesbaden,2.35,1.65,0.7,2.0,0.89,1.11,0.34,0.0,0.34,2.35,0.89,1.46,0,1,-1,-1.7,55.8,71.94,54.83,1.94,0.28,292,32,25,4,12.89,14.29,13.74,1,5,42,7,11,195.7,92.35,56.2,54.21,151.83,88.67,7,Wehen Wiesbaden 0-1 Hansa Rostock,2026-03-20
Ingolstadt,2.75,2.28,0.47,2.41,1.32,1.09,0.34,0.2,0.14,2.75,1.52,1.23,3,1,2,1.53,49.2,40.18,39.47,1.35,1.33,158,15,9,18,6.67,13.53,9.58,4,4,16,2,13,57.4,27.85,23.73,24.0,58.4,29.93,2,Ulm 1-3 Ingolstadt,2026-03-15
Ulm,2.28,2.75,-0.47,1.32,2.41,-1.09,0.2,0.34,-0.14,1.52,2.75,-1.23,1,3,-2,-1.53,50.8,59.82,50.84,1.33,1.35,249,14,18,9,13.53,6.67,9.85,4,4,30,4,20,148.7,72.15,75.13,76.0,136.7,70.07,2,Ulm 1-3 Ingolstadt,2026-03-15
Schweinfurt,0.37,3.56,-3.19,0.37,3.25,-2.88,0.0,0.31,-0.31,0.37,3.56,-3.19,0,4,-4,-0.81,33.6,44.89,44.09,0.41,1.2,131,6,8,22,19.51,18.33,13.28,12,4,12,1,16,28.7,14.72,157.13,95.0,52.66,16.98,0,Verl 4-0 Schweinfurt,2026-03-15
Verl,3.56,0.37,3.19,3.25,0.37,2.88,0.31,0.0,0.31,3.56,0.37,3.19,4,0,4,0.81,66.4,55.11,41.39,1.2,0.41,227,18,22,8,18.33,19.51,9.65,4,12,15,8,9,166.3,85.28,8.27,5.0,257.56,83.02,1,Verl 4-0 Schweinfurt,2026-03-15
Hoffenheim II,1.39,4.4,-3.01,1.28,3.53,-2.25,0.12,0.11,0.01,1.39,3.64,-2.25,0,1,-1,2.01,35.2,25.98,35.17,0.49,0.82,59,6,10,26,20.41,31.71,14.62,4,4,5,2,15,20.8,8.7,101.87,90.96,41.27,21.89,0,Stuttgart II 1-0 Hoffenheim II,2026-03-15
Stuttgart II,4.4,1.39,3.01,3.53,1.28,2.25,0.11,0.12,-0.01,3.64,1.39,2.25,1,0,1,-2.01,64.8,74.02,46.7,0.82,0.49,230,14,26,10,31.71,20.41,6.0,4,4,14,13,13,218.4,91.3,10.13,9.04,147.23,78.11,0,Stuttgart II 1-0 Hoffenheim II,2026-03-15
Wehen Wiesbaden,1.87,0.71,1.16,0.61,0.39,0.22,1.26,0.31,0.95,1.87,0.71,1.16,0,0,0,-1.16,45.8,47.84,43.73,0.63,0.45,155,9,15,9,23.81,20.0,18.57,3,3,14,7,9,57.0,61.49,78.33,63.07,99.83,68.42,3,1860 München 0-0 Wehen Wiesbaden,2026-03-14
1860 München,0.71,1.87,-1.16,0.39,0.61,-0.22,0.31,1.26,-0.95,0.71,1.87,-1.16,0,0,0,1.16,54.2,52.16,41.49,0.45,0.63,178,8,9,15,20.0,23.81,13.88,3,3,17,3,10,35.7,38.51,45.87,36.93,46.07,31.58,4,1860 München 0-0 Wehen Wiesbaden,2026-03-14
Erzgebirge Aue,1.34,1.8,-0.46,1.28,1.02,0.26,0.06,0.78,-0.72,1.34,1.8,-0.46,2,4,-2,-1.54,52.5,55.93,48.04,0.81,0.89,226,17,10,12,12.35,13.48,10.74,7,8,23,5,10,90.5,60.54,38.27,42.02,58.96,37.43,8,Rot-Weiss Essen 4-2 Erzgebirge Aue,2026-03-14
Rot-Weiss Essen,1.8,1.34,0.46,1.02,1.28,-0.26,0.78,0.06,0.72,1.8,1.34,0.46,4,2,2,1.54,47.5,44.07,44.25,0.89,0.81,162,13,12,10,13.48,12.35,12.21,8,7,22,4,10,59.0,39.46,52.8,57.98,98.58,62.57,4,Rot-Weiss Essen 4-2 Erzgebirge Aue,2026-03-14
Viktoria Köln,2.98,1.79,1.19,2.63,1.03,1.6,0.35,0.0,0.35,2.98,1.03,1.95,2,3,-1,-2.19,52.8,70.1,48.0,2.06,0.61,249,23,29,10,14.08,16.39,15.17,9,2,28,10,11,193.1,86.51,55.67,69.76,236.17,88.99,1,Havelse 3-2 Viktoria Köln,2026-03-14
Havelse,1.79,2.98,-1.19,1.03,2.63,-1.6,0.0,0.35,-0.35,1.03,2.98,-1.95,3,2,1,2.19,47.2,29.9,36.1,0.61,2.06,119,5,10,29,16.39,14.08,20.55,2,9,14,4,10,30.1,13.49,24.13,30.24,29.23,11.01,0,Havelse 3-2 Viktoria Köln,2026-03-14
MSV Duisburg,1.6,2.6,-1.0,1.4,2.6,-1.2,0.2,0.0,0.2,1.6,2.6,-1.0,1,5,-4,-3.0,33.3,41.03,45.2,0.83,1.26,137,15,15,16,18.07,12.7,15.65,3,5,19,6,13,65.3,39.91,122.87,95.94,113.53,62.5,1,Hansa Rostock 5-1 MSV Duisburg,2026-03-14
Hansa Rostock,2.6,1.6,1.0,2.6,1.4,1.2,0.0,0.2,-0.2,2.6,1.6,1.0,5,1,4,3.0,66.7,58.97,43.94,1.26,0.83,209,16,16,15,12.7,18.07,6.97,5,3,17,4,12,98.3,60.09,5.2,4.06,68.13,37.5,2,Hansa Rostock 5-1 MSV Duisburg,2026-03-14
Waldhof Mannheim,1.15,2.99,-1.84,1.14,2.12,-0.98,0.01,0.87,-0.86,1.15,2.99,-1.84,1,4,-3,-1.16,49.1,48.63,45.1,0.37,0.94,197,12,9,20,24.32,21.28,15.56,7,9,16,4,8,55.9,35.09,41.13,43.09,42.04,17.58,1,Osnabrück 4-1 Waldhof Mannheim,2026-03-14
Osnabrück,2.99,1.15,1.84,2.12,1.14,0.98,0.87,0.01,0.86,2.99,1.15,1.84,4,1,3,1.16,50.9,51.37,45.66,0.94,0.37,203,15,20,9,21.28,24.32,10.88,9,7,13,4,10,103.4,64.91,54.33,56.91,197.06,82.42,3,Osnabrück 4-1 Waldhof Mannheim,2026-03-14
Jahn Regensburg,1.11,2.29,-1.18,1.11,2.23,-1.12,0.0,0.06,-0.06,1.11,2.29,-1.18,1,1,0,1.18,43.8,42.77,43.86,0.57,1.38,170,9,8,16,14.04,11.59,13.58,2,5,9,0,19,63.8,30.15,54.73,69.16,82.0,43.58,1,Saarbrücken 1-1 Jahn Regensburg,2026-03-14
Saarbrücken,2.29,1.11,1.18,2.23,1.11,1.12,0.06,0.0,0.06,2.29,1.11,1.18,1,1,0,-1.18,56.2,57.23,47.91,1.38,0.57,246,22,16,8,11.59,14.04,8.48,5,2,31,5,16,147.8,69.85,24.4,30.84,106.17,56.42,0,Saarbrücken 1-1 Jahn Regensburg,2026-03-14
Energie Cottbus,1.72,2.16,-0.44,1.45,1.75,-0.3,0.26,0.41,-0.15,1.72,2.16,-0.44,1,4,-3,-2.56,61.2,54.24,44.42,0.67,0.55,190,9,21,14,31.34,25.45,6.37,0,6,18,8,12,95.7,52.18,5.67,6.03,64.44,28.41,1,Alemannia Aachen 4-1 Energie Cottbus,2026-03-13
Alemannia Aachen,2.16,1.72,0.44,1.75,1.45,0.3,0.41,0.26,0.15,2.16,1.72,0.44,4,1,3,2.56,38.8,45.76,47.69,0.55,0.67,136,12,14,21,25.45,31.34,11.45,6,0,15,4,17,87.7,47.82,88.33,93.97,162.37,71.59,1,Alemannia Aachen 4-1 Energie Cottbus,2026-03-13
Verl,1.83,1.02,0.81,1.79,0.85,0.94,0.04,0.16,-0.12,1.83,1.02,0.81,2,1,1,0.19,58.2,61.99,48.11,0.28,0.41,330,9,11,11,39.29,26.83,13.33,3,2,8,4,13,157.9,64.61,32.8,22.89,118.6,62.56,1,Ingolstadt 1-2 Verl,2026-03-08
Ingolstadt,1.02,1.83,-0.81,0.85,1.79,-0.94,0.16,0.04,0.12,1.02,1.83,-0.81,1,2,-1,-0.19,41.8,38.01,42.97,0.41,0.28,174,11,11,11,26.83,39.29,15.97,2,3,15,3,12,86.5,35.39,110.47,77.11,70.97,37.44,2,Ingolstadt 1-2 Verl,2026-03-08
Saarbrücken,1.74,2.83,-1.09,1.69,2.72,-1.03,0.05,0.1,-0.05,1.74,2.83,-1.09,2,4,-2,-0.91,58.7,58.08,45.79,0.82,0.59,224,15,19,13,23.17,22.03,15.62,5,7,22,9,7,136.1,72.7,25.67,20.49,66.44,37.84,0,MSV Duisburg 4-2 Saarbrücken,2026-03-08
MSV Duisburg,2.83,1.74,1.09,2.72,1.69,1.03,0.1,0.05,0.05,2.83,1.74,1.09,4,2,2,0.91,41.3,41.92,44.05,0.59,0.82,152,11,13,19,22.03,23.17,18.92,7,5,13,4,5,51.1,27.3,99.6,79.51,109.13,62.16,3,MSV Duisburg 4-2 Saarbrücken,2026-03-08
Havelse,0.59,4.36,-3.77,0.53,2.12,-1.59,0.06,1.48,-1.42,0.59,3.6,-3.01,1,3,-2,1.77,52.0,37.92,41.22,0.23,0.47,137,12,7,25,30.43,53.19,9.63,4,5,9,4,15,45.7,20.04,30.4,30.54,42.87,15.45,1,Waldhof Mannheim 3-1 Havelse,2026-03-08
Waldhof Mannheim,4.36,0.59,3.77,2.12,0.53,1.59,1.48,0.06,1.42,3.6,0.59,3.01,3,1,2,-1.77,48.0,62.08,50.26,0.47,0.23,200,15,25,7,53.19,30.43,9.74,5,4,23,11,10,182.4,79.96,69.13,69.46,234.57,84.55,0,Waldhof Mannheim 3-1 Havelse,2026-03-08
Osnabrück,1.62,0.59,1.03,1.49,0.47,1.02,0.13,0.12,0.01,1.62,0.59,1.03,2,0,2,0.97,46.0,43.32,43.27,0.72,0.55,162,14,12,9,16.67,16.36,16.35,7,4,14,5,12,67.2,42.26,62.33,74.03,111.67,74.21,0,Jahn Regensburg 0-2 Osnabrück,2026-03-07
Jahn Regensburg,0.59,1.62,-1.03,0.47,1.49,-1.02,0.12,0.13,-0.01,0.59,1.62,-1.03,0,2,-2,-0.97,54.0,56.68,41.63,0.55,0.72,188,9,9,12,16.36,16.67,13.25,4,7,20,8,5,91.8,57.74,21.87,25.97,38.8,25.79,0,Jahn Regensburg 0-2 Osnabrück,2026-03-07
Ulm,3.77,2.02,1.75,3.54,0.67,2.87,0.23,0.59,-0.36,3.77,1.26,2.51,2,3,-1,-2.75,59.5,68.85,50.34,1.61,0.64,226,22,24,9,14.91,14.06,5.95,7,7,38,13,18,204.5,89.46,20.47,26.11,170.37,88.87,1,Schweinfurt 3-2 Ulm,2026-03-07
Schweinfurt,2.02,3.77,-1.75,0.67,3.54,-2.87,0.59,0.23,0.36,1.26,3.77,-2.51,3,2,1,2.75,40.5,31.15,40.98,0.64,1.61,100,6,9,24,14.06,14.91,7.38,7,7,8,5,15,24.1,10.54,57.93,73.89,21.33,11.13,5,Schweinfurt 3-2 Ulm,2026-03-07
Rot-Weiss Essen,3.97,1.62,2.35,2.77,0.86,1.91,0.44,0.0,0.44,3.21,0.86,2.35,4,2,2,-0.35,36.5,41.64,45.54,1.63,1.11,142,19,21,8,12.88,7.21,20.84,3,8,19,5,14,82.7,49.4,105.27,90.59,141.13,75.62,4,Hoffenheim II 2-4 Rot-Weiss Essen,2026-03-07
Hoffenheim II,1.62,3.97,-2.35,0.86,2.77,-1.91,0.0,0.44,-0.44,0.86,3.21,-2.35,2,4,-2,0.35,63.5,58.36,45.74,1.11,1.63,242,6,8,21,7.21,12.88,7.91,8,3,14,3,7,84.7,50.6,10.93,9.41,45.5,24.38,0,Hoffenheim II 2-4 Rot-Weiss Essen,2026-03-07
Stuttgart II,1.12,1.0,0.12,1.12,0.87,0.25,0.0,0.13,-0.13,1.12,1.0,0.12,1,2,-1,-1.12,63.5,64.11,48.12,0.98,0.39,264,17,13,11,13.27,28.21,8.39,5,4,14,6,13,144.4,73.64,16.07,12.76,68.3,34.85,2,Wehen Wiesbaden 2-1 Stuttgart II,2026-03-07
Wehen Wiesbaden,1.0,1.12,-0.12,0.87,1.12,-0.25,0.13,0.0,0.13,1.0,1.12,-0.12,2,1,1,1.12,36.5,35.89,43.68,0.39,0.98,108,4,11,13,28.21,13.27,11.13,4,5,10,5,18,51.7,26.36,109.87,87.24,127.7,65.15,0,Wehen Wiesbaden 2-1 Stuttgart II,2026-03-07
Hansa Rostock,1.33,0.36,0.97,1.05,0.31,0.74,0.28,0.04,0.24,1.33,0.36,0.97,0,0,0,-0.97,39.6,42.51,42.15,0.82,0.41,108,12,9,6,10.98,14.63,11.78,4,0,10,3,15,43.3,42.0,73.4,81.26,91.63,63.94,3,Energie Cottbus 0-0 Hansa Rostock,2026-03-07
Energie Cottbus,0.36,1.33,-0.97,0.31,1.05,-0.74,0.04,0.28,-0.24,0.36,1.33,-0.97,0,0,0,0.97,60.4,57.49,49.11,0.41,0.82,271,11,6,9,14.63,10.98,8.85,0,4,18,6,15,59.8,58.0,16.93,18.74,51.67,36.06,0,Energie Cottbus 0-0 Hansa Rostock,2026-03-07
Alemannia Aachen,1.88,3.1,-1.22,1.53,2.87,-1.34,0.36,0.23,0.13,1.88,3.1,-1.22,3,1,2,3.22,46.3,47.17,46.28,0.7,1.12,135,9,12,23,17.14,20.54,8.97,6,10,8,7,10,64.2,31.36,27.0,52.25,77.9,41.29,0,Erzgebirge Aue 1-3 Alemannia Aachen,2026-03-07
Erzgebirge Aue,3.1,1.88,1.22,2.87,1.53,1.34,0.23,0.36,-0.13,3.1,1.88,1.22,1,3,-2,-3.22,53.7,52.83,46.78,1.12,0.7,157,17,23,12,20.54,17.14,6.33,10,6,27,9,12,140.5,68.64,24.67,47.75,110.77,58.71,5,Erzgebirge Aue 1-3 Alemannia Aachen,2026-03-07
1860 München,1.19,1.42,-0.23,1.19,1.15,0.04,0.0,0.27,-0.27,1.19,1.42,-0.23,1,0,1,1.23,38.8,41.26,38.22,0.3,0.22,110,3,6,10,20.0,45.45,15.61,3,3,9,3,17,27.7,19.0,83.6,80.13,71.77,51.28,0,Viktoria Köln 0-1 1860 München,2026-03-06
Viktoria Köln,1.42,1.19,0.23,1.15,1.19,-0.04,0.27,0.0,0.27,1.42,1.19,0.23,0,1,-1,-1.23,61.2,58.74,45.72,0.22,0.3,212,9,10,6,45.45,20.0,8.59,3,3,21,6,16,118.1,81.0,20.73,19.87,68.2,48.72,4,Viktoria Köln 0-1 1860 München,2026-03-06
Waldhof Mannheim,0.41,3.36,-2.95,0.31,2.75,-2.44,0.1,0.61,-0.51,0.41,3.36,-2.95,0,1,-1,1.95,53.2,53.63,45.82,0.66,0.79,193,9,9,19,13.64,24.05,9.56,3,9,21,3,10,78.1,56.31,21.67,29.71,54.3,38.05,0,Rot-Weiss Essen 1-0 Waldhof Mannheim,2026-03-04
Rot-Weiss Essen,3.36,0.41,2.95,2.75,0.31,2.44,0.61,0.1,0.51,3.36,0.41,2.95,1,0,1,-1.95,46.8,46.37,47.9,0.79,0.66,189,14,19,9,24.05,13.64,10.73,9,3,21,7,13,60.6,43.69,51.27,70.29,88.4,61.95,10,Rot-Weiss Essen 1-0 Waldhof Mannheim,2026-03-04
Schweinfurt,0.44,4.89,-4.45,0.44,4.83,-4.39,0.0,0.06,-0.06,0.44,4.89,-4.45,0,1,-1,3.45,53.8,31.38,40.6,0.52,1.27,142,7,7,18,13.46,14.17,7.55,10,8,8,0,13,22.7,11.82,20.13,22.53,15.9,5.92,1,Alemannia Aachen 1-0 Schweinfurt,2026-03-04
Alemannia Aachen,4.89,0.44,4.45,4.83,0.44,4.39,0.06,0.0,0.06,4.89,0.44,4.45,1,0,1,-3.45,46.2,68.62,49.93,1.27,0.52,220,14,18,7,14.17,13.46,9.89,8,10,14,7,11,169.3,88.18,69.2,77.47,252.57,94.08,3,Alemannia Aachen 1-0 Schweinfurt,2026-03-04
Hansa Rostock,4.01,0.73,3.28,3.94,0.73,3.21,0.06,0.0,0.06,4.01,0.73,3.28,3,1,2,-1.28,64.9,67.26,50.14,0.82,0.34,309,15,18,8,21.95,23.53,6.77,11,3,22,5,14,168.9,82.59,12.87,10.61,92.53,59.18,1,Havelse 1-3 Hansa Rostock,2026-03-04
Havelse,0.73,4.01,-3.28,0.73,3.94,-3.21,0.0,0.06,-0.06,0.73,4.01,-3.28,1,3,-2,1.28,35.1,32.74,41.16,0.34,0.82,111,10,8,18,23.53,21.95,16.19,3,11,14,7,16,35.6,17.41,108.47,89.39,63.83,40.82,2,Havelse 1-3 Hansa Rostock,2026-03-04
MSV Duisburg,0.73,1.67,-0.94,0.68,1.32,-0.64,0.05,0.36,-0.31,0.73,1.67,-0.94,0,0,0,0.94,38.4,43.57,44.35,0.32,0.66,148,4,8,13,25.0,19.7,15.87,3,7,9,2,15,46.4,31.52,111.53,91.77,112.33,63.27,2,Ingolstadt 0-0 MSV Duisburg,2026-03-04
Ingolstadt,1.67,0.73,0.94,1.32,0.68,0.64,0.36,0.05,0.31,1.67,0.73,0.94,0,0,0,-0.94,61.6,56.43,42.75,0.66,0.32,209,20,13,8,19.7,25.0,10.43,7,3,22,5,9,100.8,68.48,10.0,8.23,65.2,36.73,9,Ingolstadt 0-0 MSV Duisburg,2026-03-04
Wehen Wiesbaden,0.14,1.86,-1.72,0.14,0.84,-0.7,0.0,1.02,-1.02,0.14,1.86,-1.72,0,2,-2,-0.28,52.6,34.43,38.56,0.26,0.5,138,5,4,19,15.38,38.0,10.09,1,9,6,0,10,20.4,11.28,35.73,31.05,10.7,4.5,3,Saarbrücken 2-0 Wehen Wiesbaden,2026-03-04
Saarbrücken,1.86,0.14,1.72,0.84,0.14,0.7,1.02,0.0,1.02,1.86,0.14,1.72,2,0,2,0.28,47.4,65.57,46.33,0.5,0.26,195,11,19,4,38.0,15.38,10.9,9,1,24,9,21,160.5,88.72,79.33,68.95,226.9,95.5,1,Saarbrücken 2-0 Wehen Wiesbaden,2026-03-04
Jahn Regensburg,3.3,1.76,1.54,2.67,1.64,1.03,0.63,0.12,0.51,3.3,1.76,1.54,2,1,1,-0.54,30.1,40.83,43.43,0.49,0.95,127,9,14,16,28.57,16.84,17.67,2,5,10,6,18,47.7,27.12,190.33,99.03,200.2,90.21,1,Verl 1-2 Jahn Regensburg,2026-03-03
Verl,1.76,3.3,-1.54,1.64,2.67,-1.03,0.12,0.63,-0.51,1.76,3.3,-1.54,1,2,-1,0.54,69.9,59.17,40.43,0.95,0.49,224,18,16,14,16.84,28.57,6.69,5,2,12,4,10,128.2,72.88,1.87,0.97,21.73,9.79,2,Verl 1-2 Jahn Regensburg,2026-03-03
Erzgebirge Aue,3.56,1.75,1.81,1.48,1.75,-0.27,2.08,0.0,2.08,3.56,1.75,1.81,1,2,-1,-2.81,46.4,54.02,48.22,1.16,0.47,192,19,24,9,20.69,19.15,14.18,3,2,29,13,14,157.7,67.77,68.0,70.54,163.07,75.73,1,1860 München 2-1 Erzgebirge Aue,2026-03-03
1860 München,1.75,3.56,-1.81,1.75,1.48,0.27,0.0,2.08,-2.08,1.75,3.56,-1.81,2,1,1,2.81,53.6,45.98,41.85,0.47,1.16,170,15,9,24,19.15,20.69,11.77,2,3,20,7,7,75.0,32.23,28.4,29.46,52.27,24.27,3,1860 München 2-1 Erzgebirge Aue,2026-03-03
Viktoria Köln,0.82,1.86,-1.04,0.55,1.86,-1.31,0.26,0.0,0.26,0.82,1.86,-1.04,0,2,-2,-0.96,72.6,71.23,49.13,0.45,0.42,382,8,11,7,24.44,16.67,6.35,8,10,22,9,9,148.0,94.81,4.2,2.35,44.63,28.46,0,Osnabrück 2-0 Viktoria Köln,2026-03-03
Osnabrück,1.86,0.82,1.04,1.86,0.55,1.31,0.0,0.26,-0.26,1.86,0.82,1.04,2,0,2,0.96,27.4,28.77,40.85,0.42,0.45,81,5,7,11,16.67,24.44,13.82,10,8,2,0,19,8.1,5.19,174.33,97.65,112.2,71.54,2,Osnabrück 2-0 Viktoria Köln,2026-03-03
Hoffenheim II,2.62,1.45,1.17,2.62,0.93,1.69,0.0,0.52,-0.52,2.62,1.45,1.17,3,1,2,0.83,58.2,57.69,42.42,0.66,1.5,223,14,14,14,21.21,9.33,13.43,4,1,8,1,8,110.9,62.55,28.73,21.28,83.33,41.19,5,Ulm 1-3 Hoffenheim II,2026-03-03
Ulm,1.45,2.62,-1.17,0.93,2.62,-1.69,0.52,0.0,0.52,1.45,2.62,-1.17,1,3,-2,-0.83,41.8,42.31,44.36,1.5,0.66,166,11,14,14,9.33,21.21,14.51,1,4,19,4,9,66.4,37.45,106.27,78.72,118.97,58.81,0,Ulm 1-3 Hoffenheim II,2026-03-03
Energie Cottbus,3.19,1.49,1.7,1.98,1.45,0.53,0.45,0.04,0.41,2.43,1.49,0.94,2,1,1,-0.7,52.4,62.5,47.46,1.21,0.46,209,15,20,9,16.53,19.57,7.1,7,6,20,9,15,166.2,72.93,43.93,43.04,155.17,73.84,1,Stuttgart II 1-2 Energie Cottbus,2026-03-03
Stuttgart II,1.49,3.19,-1.7,1.45,1.98,-0.53,0.04,0.45,-0.41,1.49,2.43,-0.94,1,2,-1,0.7,47.6,37.5,40.93,0.46,1.21,125,7,9,20,19.57,16.53,10.61,6,7,12,6,17,61.7,27.07,58.13,56.96,54.97,26.16,1,Stuttgart II 1-2 Energie Cottbus,2026-03-03
Saarbrücken,2.65,1.43,1.22,2.27,1.43,0.84,0.38,0.0,0.38,2.65,1.43,1.22,2,2,0,-1.22,68.4,76.47,54.16,1.92,0.48,388,22,26,9,13.54,18.75,7.94,3,2,50,13,10,315.3,91.55,18.8,13.74,221.4,76.35,1,Schweinfurt 2-2 Saarbrücken,2026-03-01
Schweinfurt,1.43,2.65,-1.22,1.43,2.27,-0.84,0.0,0.38,-0.38,1.43,2.65,-1.22,2,2,0,1.22,31.6,23.53,43.17,0.48,1.92,116,11,9,26,18.75,13.54,21.0,2,3,5,2,8,29.1,8.45,118.0,86.26,68.57,23.65,1,Schweinfurt 2-2 Saarbrücken,2026-03-01
Havelse,1.46,3.75,-2.29,1.24,3.56,-2.32,0.22,0.2,0.02,1.46,3.75,-2.29,1,1,0,2.29,31.7,20.27,41.55,0.4,1.57,95,13,13,23,32.5,14.65,23.45,3,3,11,5,10,43.8,13.39,94.07,91.62,64.9,26.09,2,MSV Duisburg 1-1 Havelse,2026-03-01
MSV Duisburg,3.75,1.46,2.29,3.56,1.24,2.32,0.2,0.22,-0.02,3.75,1.46,2.29,1,1,0,-2.29,68.3,79.73,53.93,1.57,0.4,374,23,23,13,14.65,32.5,7.23,3,3,44,12,11,283.2,86.61,8.6,8.38,183.83,73.91,2,MSV Duisburg 1-1 Havelse,2026-03-01
Alemannia Aachen,1.51,3.36,-1.85,0.81,2.76,-1.95,0.7,0.6,0.1,1.51,3.36,-1.85,1,2,-1,0.85,46.2,48.54,46.55,0.94,0.85,183,11,16,21,17.02,24.71,10.94,8,4,25,10,10,63.9,36.49,44.93,61.16,45.87,21.06,0,Waldhof Mannheim 2-1 Alemannia Aachen,2026-03-01
Waldhof Mannheim,3.36,1.51,1.85,2.76,0.81,1.95,0.6,0.7,-0.1,3.36,1.51,1.85,2,1,1,-0.85,53.8,51.46,48.27,0.85,0.94,236,16,21,16,24.71,17.02,11.93,4,8,19,6,13,111.2,63.51,28.53,38.84,171.98,78.94,1,Waldhof Mannheim 2-1 Alemannia Aachen,2026-03-01
Verl,0.47,0.92,-0.45,0.4,0.8,-0.4,0.07,0.12,-0.05,0.47,0.92,-0.45,0,0,0,0.45,63.6,59.29,48.58,0.65,0.27,239,14,9,7,13.85,25.93,7.31,1,5,15,7,15,126.9,65.96,20.2,16.43,76.5,43.93,2,Energie Cottbus 0-0 Verl,2026-02-28
Energie Cottbus,0.92,0.47,0.45,0.8,0.4,0.4,0.12,0.07,0.05,0.92,0.47,0.45,0,0,0,-0.45,36.4,40.71,45.27,0.27,0.65,143,7,7,9,25.93,13.85,12.58,5,1,8,3,16,65.5,34.04,102.73,83.57,97.63,56.07,2,Energie Cottbus 0-0 Verl,2026-02-28
Ulm,0.65,3.43,-2.78,0.52,3.11,-2.59,0.13,0.31,-0.18,0.65,3.43,-2.78,1,1,0,2.78,52.6,47.13,44.73,0.57,1.3,191,5,14,16,24.56,12.31,9.62,4,6,19,6,11,64.5,38.08,20.07,23.95,51.27,25.62,1,Jahn Regensburg 1-1 Ulm,2026-02-28
Jahn Regensburg,3.43,0.65,2.78,3.11,0.52,2.59,0.31,0.13,0.18,3.43,0.65,2.78,1,1,0,-2.78,47.4,52.87,46.04,1.3,0.57,187,16,16,14,12.31,24.56,11.09,6,4,15,6,15,104.9,61.92,63.73,76.05,148.83,74.38,1,Jahn Regensburg 1-1 Ulm,2026-02-28
Ingolstadt,1.13,0.82,0.31,1.13,0.69,0.44,0.0,0.13,-0.13,1.13,0.82,0.31,1,2,-1,-1.31,47.8,28.21,37.04,0.38,0.77,98,5,6,14,15.79,18.18,10.06,4,6,6,1,13,26.3,18.13,27.47,25.09,14.57,7.32,2,Wehen Wiesbaden 2-1 Ingolstadt,2026-02-28
Wehen Wiesbaden,0.82,1.13,-0.31,0.69,1.13,-0.44,0.13,0.0,0.13,0.82,1.13,-0.31,2,1,1,1.31,52.2,71.79,49.43,0.77,0.38,232,16,14,6,18.18,15.79,10.38,6,4,27,8,14,118.8,81.87,82.0,74.91,184.6,92.68,4,Wehen Wiesbaden 2-1 Ingolstadt,2026-02-28
Rot-Weiss Essen,2.4,2.95,-0.55,1.5,2.02,-0.52,0.14,0.17,-0.03,1.64,2.19,-0.55,2,3,-1,-0.45,49.4,38.46,44.72,0.74,1.24,170,8,14,16,18.92,12.9,9.83,3,10,17,6,17,41.8,26.44,29.07,36.89,31.63,23.51,10,Hansa Rostock 3-2 Rot-Weiss Essen,2026-02-28
Hansa Rostock,2.95,2.4,0.55,2.02,1.5,0.52,0.17,0.14,0.03,2.19,1.64,0.55,3,2,1,0.45,50.6,61.54,53.83,1.24,0.74,224,17,16,14,12.9,18.92,9.97,10,3,27,7,8,116.3,73.56,49.73,63.11,102.9,76.49,8,Hansa Rostock 3-2 Rot-Weiss Essen,2026-02-28
Osnabrück,2.31,1.28,1.03,2.07,0.62,1.45,0.24,0.66,-0.42,2.31,1.28,1.03,3,1,2,0.97,42.8,52.81,47.63,0.91,0.71,163,14,17,14,18.68,19.72,13.42,9,3,21,8,9,66.6,58.83,66.93,88.77,124.53,82.58,0,Erzgebirge Aue 1-3 Osnabrück,2026-02-28
Erzgebirge Aue,1.28,2.31,-1.03,0.62,2.07,-1.45,0.66,0.24,0.42,1.28,2.31,-1.03,1,3,-2,-0.97,57.2,47.19,40.81,0.71,0.91,158,12,14,17,19.72,18.68,11.2,3,9,18,7,10,46.6,41.17,8.47,11.23,26.27,17.42,5,Erzgebirge Aue 1-3 Osnabrück,2026-02-28
Stuttgart II,3.07,2.45,0.62,1.98,2.23,-0.25,1.09,0.22,0.87,3.07,2.45,0.62,0,2,-2,-2.62,63.1,63.73,43.48,0.85,0.75,229,12,12,19,14.12,25.33,8.12,6,10,13,2,10,137.9,59.44,9.0,6.47,69.2,30.72,2,Viktoria Köln 2-0 Stuttgart II,2026-02-28
Viktoria Köln,2.45,3.07,-0.62,2.23,1.98,0.25,0.22,1.09,-0.87,2.45,3.07,-0.62,2,0,2,2.62,36.9,36.27,46.39,0.75,0.85,155,21,19,12,25.33,14.12,12.49,10,6,14,4,12,94.1,40.56,130.0,93.53,156.03,69.28,5,Viktoria Köln 2-0 Stuttgart II,2026-02-28
1860 München,2.14,1.94,0.2,2.03,1.86,0.17,0.11,0.09,0.02,2.14,1.94,0.2,2,1,1,0.8,40.2,41.5,44.32,0.66,0.67,160,10,10,12,15.15,17.91,12.42,5,5,13,2,19,54.2,33.25,99.87,73.47,107.67,61.79,0,Hoffenheim II 1-2 1860 München,2026-02-27
Hoffenheim II,1.94,2.14,-0.2,1.86,2.03,-0.17,0.09,0.11,-0.02,1.94,2.14,-0.2,1,2,-1,-0.8,59.8,58.5,44.66,0.67,0.66,235,15,12,10,17.91,15.15,9.24,5,5,21,6,9,108.8,66.75,36.07,26.53,66.57,38.21,3,Hoffenheim II 1-2 1860 München,2026-02-27
Viktoria Köln,1.08,0.65,0.43,0.94,0.65,0.29,0.14,0.0,0.14,1.08,0.65,0.43,3,1,2,1.57,44.5,46.26,38.86,0.58,0.27,120,11,8,7,13.79,25.93,13.69,8,3,10,3,11,49.2,51.41,123.87,81.82,141.93,81.74,1,Hoffenheim II 1-3 Viktoria Köln,2026-02-22
Hoffenheim II,0.65,1.08,-0.43,0.65,0.94,-0.29,0.0,0.14,-0.14,0.65,1.08,-0.43,1,3,-2,-1.57,55.5,53.74,37.97,0.27,0.58,163,3,7,8,25.93,13.79,12.47,3,8,8,0,15,46.5,48.59,27.53,18.18,31.7,18.26,0,Hoffenheim II 1-3 Viktoria Köln,2026-02-22
Hansa Rostock,0.64,1.83,-1.19,0.59,0.78,-0.19,0.06,0.29,-0.23,0.64,1.07,-0.43,0,1,-1,0.19,62.8,64.37,49.81,0.9,1.03,239,12,11,8,12.22,7.77,8.16,8,5,32,7,9,93.5,69.21,32.87,35.78,91.23,55.26,7,1860 München 1-0 Hansa Rostock,2026-02-22
1860 München,1.83,0.64,1.19,0.78,0.59,0.19,0.29,0.06,0.23,1.07,0.64,0.43,1,0,1,-0.19,37.2,35.63,39.37,1.03,0.9,98,12,8,11,7.77,12.22,13.7,5,8,17,4,16,41.6,30.79,59.0,64.22,73.87,44.74,1,1860 München 1-0 Hansa Rostock,2026-02-22
Energie Cottbus,1.66,0.47,1.19,1.13,0.37,0.76,0.53,0.11,0.42,1.66,0.47,1.19,2,1,1,-0.19,54.4,60.29,48.37,0.97,0.57,223,18,17,9,17.53,15.79,8.86,5,5,28,10,10,145.2,76.06,22.87,33.44,127.73,73.14,0,Erzgebirge Aue 1-2 Energie Cottbus,2026-02-22
Erzgebirge Aue,0.47,1.66,-1.19,0.37,1.13,-0.76,0.11,0.53,-0.42,0.47,1.66,-1.19,1,2,-1,0.19,45.6,39.71,43.07,0.57,0.97,130,10,9,17,15.79,17.53,9.53,5,5,12,3,17,45.7,23.94,45.53,66.56,46.9,26.86,4,Erzgebirge Aue 1-2 Energie Cottbus,2026-02-22
Saarbrücken,2.06,2.37,-0.31,2.0,2.24,-0.24,0.05,0.13,-0.08,2.06,2.37,-0.31,1,1,0,0.31,42.6,35.89,42.32,1.24,1.33,164,18,11,14,8.87,10.53,22.42,4,4,8,3,9,68.3,29.86,77.73,62.58,85.97,43.58,1,Ulm 1-1 Saarbrücken,2026-02-21
Ulm,2.37,2.06,0.31,2.24,2.0,0.24,0.13,0.05,0.08,2.37,2.06,0.31,1,1,0,-0.31,57.4,64.11,50.59,1.33,1.24,304,16,14,11,10.53,8.87,12.48,4,4,35,6,8,160.4,70.14,46.47,37.42,111.3,56.42,0,Ulm 1-1 Saarbrücken,2026-02-21
Verl,2.97,1.03,1.94,2.26,0.98,1.28,0.71,0.04,0.67,2.97,1.03,1.94,1,3,-2,-3.94,72.1,67.76,40.96,0.93,0.32,229,15,18,11,19.35,34.38,5.49,3,6,21,7,6,131.9,79.84,0.8,0.42,48.67,21.36,0,Alemannia Aachen 3-1 Verl,2026-02-21
Alemannia Aachen,1.03,2.97,-1.94,0.98,2.26,-1.28,0.04,0.71,-0.67,1.03,2.97,-1.94,3,1,2,3.94,27.9,32.24,41.09,0.32,0.93,91,7,11,18,34.38,19.35,16.89,6,3,7,2,19,33.3,20.16,190.53,99.58,179.2,78.64,1,Alemannia Aachen 3-1 Verl,2026-02-21
Schweinfurt,1.42,2.28,-0.86,1.42,1.99,-0.57,0.0,0.28,-0.28,1.42,2.28,-0.86,1,3,-2,-1.14,53.5,49.62,45.23,0.77,0.9,167,11,11,15,14.29,16.67,10.0,5,7,18,0,13,84.0,43.46,34.87,35.7,29.59,12.75,3,MSV Duisburg 3-1 Schweinfurt,2026-02-21
MSV Duisburg,2.28,1.42,0.86,1.99,1.42,0.57,0.28,0.0,0.28,2.28,1.42,0.86,3,1,2,1.14,46.5,50.38,46.04,0.9,0.77,163,14,15,11,16.67,14.29,12.13,7,5,17,7,8,109.3,56.54,62.8,64.3,202.54,87.25,0,MSV Duisburg 3-1 Schweinfurt,2026-02-21
Wehen Wiesbaden,1.55,4.47,-2.92,1.38,3.89,-2.51,0.17,0.58,-0.41,1.55,4.47,-2.92,1,2,-1,1.92,48.7,47.02,41.99,1.23,1.17,162,11,8,26,6.5,22.22,10.67,5,6,16,3,17,42.2,20.68,39.53,53.13,32.1,14.69,3,Jahn Regensburg 2-1 Wehen Wiesbaden,2026-02-21
Jahn Regensburg,4.47,1.55,2.92,3.89,1.38,2.51,0.58,0.17,0.41,4.47,1.55,2.92,2,1,1,-1.92,51.3,52.98,42.64,1.17,1.23,194,17,26,8,22.22,6.5,8.17,6,5,27,8,14,161.9,79.32,34.87,46.87,186.37,85.31,2,Jahn Regensburg 2-1 Wehen Wiesbaden,2026-02-21
Rot-Weiss Essen,1.61,2.07,-0.46,1.55,1.84,-0.29,0.06,0.23,-0.17,1.61,2.07,-0.46,0,3,-3,-2.54,53.1,44.93,43.36,1.5,0.52,161,14,14,15,9.33,28.85,11.59,5,4,7,4,12,80.0,44.35,20.2,21.32,49.3,23.64,4,Osnabrück 3-0 Rot-Weiss Essen,2026-02-21
Osnabrück,2.07,1.61,0.46,1.84,1.55,0.29,0.23,0.06,0.17,2.07,1.61,0.46,3,0,3,2.54,46.9,55.07,47.51,0.52,1.5,181,9,15,14,28.85,9.33,13.45,4,5,20,8,7,100.4,55.65,74.53,78.68,159.23,76.36,3,Osnabrück 3-0 Rot-Weiss Essen,2026-02-21
Havelse,1.48,4.88,-3.4,1.29,4.67,-3.38,0.19,0.21,-0.02,1.48,4.88,-3.4,2,3,-1,2.4,40.5,45.29,49.93,1.24,1.74,195,17,13,25,10.48,14.37,21.05,5,7,15,3,8,79.2,33.75,102.0,77.51,89.23,50.23,3,Ingolstadt 3-2 Havelse,2026-02-21
Ingolstadt,4.88,1.48,3.4,4.67,1.29,3.38,0.21,0.19,0.02,4.88,1.48,3.4,3,2,1,-2.4,59.5,54.71,47.87,1.74,1.24,264,26,25,13,14.37,10.48,11.84,7,5,29,8,9,155.5,66.25,29.6,22.49,88.43,49.77,5,Ingolstadt 3-2 Havelse,2026-02-21
Waldhof Mannheim,1.85,2.34,-0.49,1.82,1.98,-0.16,0.02,0.37,-0.35,1.85,2.34,-0.49,1,3,-2,-1.51,45.8,46.56,46.54,0.5,1.18,191,10,14,17,28.0,14.41,10.74,10,8,16,2,14,73.8,36.75,73.53,74.18,51.27,21.82,1,Stuttgart II 3-1 Waldhof Mannheim,2026-02-20
Stuttgart II,2.34,1.85,0.49,1.98,1.82,0.16,0.37,0.02,0.35,2.34,1.85,0.49,3,1,2,1.51,54.2,53.44,43.32,1.18,0.5,193,21,17,14,14.41,28.0,10.77,8,10,9,6,10,127.0,63.25,25.6,25.82,183.68,78.18,4,Stuttgart II 3-1 Waldhof Mannheim,2026-02-20
Ingolstadt,2.09,1.92,0.17,1.98,1.62,0.36,0.11,0.31,-0.2,2.09,1.92,0.17,1,1,0,-0.17,51.1,55.87,53.75,1.1,0.54,301,23,16,13,14.55,24.07,10.79,7,3,34,5,11,114.5,62.33,49.33,65.49,112.73,63.57,5,Schweinfurt 1-1 Ingolstadt,2026-02-15
Schweinfurt,1.92,2.09,-0.17,1.62,1.98,-0.36,0.31,0.11,0.2,1.92,2.09,-0.17,1,1,0,0.17,48.9,44.13,44.13,0.54,1.1,202,11,13,16,24.07,14.55,17.0,3,7,11,2,11,69.2,37.67,26.0,34.51,64.6,36.43,3,Schweinfurt 1-1 Ingolstadt,2026-02-15
Alemannia Aachen,2.49,2.08,0.41,1.29,1.45,-0.16,1.2,0.62,0.58,2.49,2.08,0.41,3,1,2,1.59,40.3,55.71,50.39,0.58,0.37,167,15,17,11,29.31,29.73,9.95,7,6,12,5,14,111.4,63.19,126.67,97.29,216.7,95.86,0,Ulm 1-3 Alemannia Aachen,2026-02-15
Ulm,2.08,2.49,-0.41,1.45,1.29,0.16,0.62,1.2,-0.58,2.08,2.49,-0.41,1,3,-2,-1.59,59.7,44.29,36.41,0.37,0.58,129,7,11,17,29.73,29.31,7.03,6,7,18,7,17,64.9,36.81,3.53,2.71,9.37,4.14,0,Ulm 1-3 Alemannia Aachen,2026-02-15
Waldhof Mannheim,1.32,3.01,-1.69,1.24,2.73,-1.49,0.08,0.28,-0.2,1.32,3.01,-1.69,1,1,0,1.69,44.1,40.88,45.75,0.43,1.55,163,15,18,16,41.86,10.32,12.57,2,17,15,6,16,90.4,41.91,57.13,66.54,86.13,41.76,1,Energie Cottbus 1-1 Waldhof Mannheim,2026-02-15
Energie Cottbus,3.01,1.32,1.69,2.73,1.24,1.49,0.28,0.08,0.2,3.01,1.32,1.69,1,1,0,-1.69,55.9,59.12,50.39,1.55,0.43,249,18,16,18,10.32,41.86,6.17,17,2,20,6,9,125.3,58.09,28.73,33.46,120.13,58.24,4,Energie Cottbus 1-1 Waldhof Mannheim,2026-02-15
Jahn Regensburg,2.83,1.43,1.4,2.31,0.61,1.7,0.52,0.82,-0.3,2.83,1.43,1.4,2,3,-1,-2.4,45.2,39.53,40.81,1.12,0.57,143,14,22,15,19.64,26.32,14.46,9,5,34,15,8,97.5,51.29,59.53,55.09,90.33,53.79,0,Rot-Weiss Essen 3-2 Jahn Regensburg,2026-02-14
Rot-Weiss Essen,1.43,2.83,-1.4,0.61,2.31,-1.7,0.82,0.52,0.3,1.43,2.83,-1.4,3,2,1,2.4,54.8,60.47,48.5,0.57,1.12,247,11,15,22,26.32,19.64,12.11,5,9,23,8,8,92.6,48.71,48.53,44.91,77.6,46.21,4,Rot-Weiss Essen 3-2 Jahn Regensburg,2026-02-14
Hoffenheim II,1.9,2.09,-0.19,1.9,1.78,0.12,0.0,0.31,-0.31,1.9,2.09,-0.19,1,3,-2,-1.81,37.7,47.06,44.54,0.63,0.54,162,12,13,15,20.63,27.78,12.09,11,4,16,3,17,63.4,40.88,155.8,90.48,197.67,76.25,0,Verl 3-1 Hoffenheim II,2026-02-14
Verl,2.09,1.9,0.19,1.78,1.9,-0.12,0.31,0.0,0.31,2.09,1.9,0.19,3,1,2,1.81,62.3,52.94,37.81,0.54,0.63,192,14,15,13,27.78,20.63,7.73,4,11,14,5,14,91.7,59.12,16.4,9.52,61.57,23.75,4,Verl 3-1 Hoffenheim II,2026-02-14
1860 München,4.47,1.06,3.41,3.16,1.06,2.1,1.31,0.0,1.31,4.47,1.06,3.41,5,0,5,1.59,43.4,30.72,38.63,1.22,0.81,113,18,16,16,13.11,19.75,12.13,2,7,19,6,11,79.6,29.07,31.73,42.57,105.07,49.96,0,Havelse 0-5 1860 München,2026-02-14
Havelse,1.06,4.47,-3.41,1.06,3.16,-2.1,0.0,1.31,-1.31,1.06,4.47,-3.41,0,5,-5,-1.59,56.6,69.28,54.64,0.81,1.22,315,20,16,16,19.75,13.11,9.0,7,2,15,3,14,194.2,70.93,42.8,57.43,105.23,50.04,3,Havelse 0-5 1860 München,2026-02-14
MSV Duisburg,0.74,5.05,-4.31,0.65,4.31,-3.66,0.09,0.74,-0.65,0.74,5.05,-4.31,1,6,-5,-0.69,46.1,51.56,43.39,0.49,1.56,169,7,3,17,6.12,10.9,12.77,4,2,18,6,8,33.1,25.25,73.73,60.87,8.02,3.36,0,Wehen Wiesbaden 6-1 MSV Duisburg,2026-02-14
Wehen Wiesbaden,5.05,0.74,4.31,4.31,0.65,3.66,0.74,0.09,0.65,5.05,0.74,4.31,6,1,5,0.69,53.9,48.44,43.77,1.56,0.49,191,19,17,3,10.9,6.12,16.74,2,4,16,5,13,98.0,74.75,47.4,39.13,230.89,96.64,5,Wehen Wiesbaden 6-1 MSV Duisburg,2026-02-14
Osnabrück,1.62,1.43,0.19,1.62,1.43,0.19,0.0,0.0,0.0,1.62,1.43,0.19,2,2,0,-0.19,47.5,60.94,51.09,0.9,0.21,243,18,11,10,12.22,47.62,11.97,9,2,16,2,11,127.0,75.6,50.87,56.15,135.7,75.28,4,Hansa Rostock 2-2 Osnabrück,2026-02-14
Hansa Rostock,1.43,1.62,-0.19,1.43,1.62,-0.19,0.0,0.0,0.0,1.43,1.62,-0.19,2,2,0,0.19,52.5,39.06,44.29,0.21,0.9,195,3,10,11,47.62,12.22,10.15,2,9,8,1,10,41.0,24.4,39.73,43.85,44.57,24.72,5,Hansa Rostock 2-2 Osnabrück,2026-02-14
Stuttgart II,1.45,2.0,-0.55,1.45,2.0,-0.55,0.0,0.0,0.0,1.45,2.0,-0.55,0,2,-2,-1.45,60.4,53.45,45.78,0.81,0.85,262,14,12,12,14.81,14.12,7.59,6,3,14,4,17,133.4,58.05,12.93,11.87,79.37,31.93,4,Saarbrücken 2-0 Stuttgart II,2026-02-14
Saarbrücken,2.0,1.45,0.55,2.0,1.45,0.55,0.0,0.0,0.0,2.0,1.45,0.55,2,0,2,1.45,39.6,46.55,47.73,0.85,0.81,164,9,12,12,14.12,14.81,11.67,3,6,20,5,15,96.4,41.95,96.0,88.13,169.2,68.07,0,Saarbrücken 2-0 Stuttgart II,2026-02-14
Erzgebirge Aue,1.53,1.71,-0.18,1.53,1.54,-0.01,0.0,0.18,-0.18,1.53,1.71,-0.18,2,2,0,0.18,52.4,51.14,41.45,0.47,0.97,178,10,6,14,12.77,14.43,13.34,4,4,13,5,13,65.7,36.85,75.53,45.27,68.93,35.07,3,Viktoria Köln 2-2 Erzgebirge Aue,2026-02-13
Viktoria Köln,1.71,1.53,0.18,1.54,1.53,0.01,0.18,0.0,0.18,1.71,1.53,0.18,2,2,0,-0.18,47.6,48.86,41.43,0.97,0.47,156,13,14,6,14.43,12.77,16.96,4,4,17,4,11,112.6,63.15,91.33,54.73,127.63,64.93,3,Viktoria Köln 2-2 Erzgebirge Aue,2026-02-13
Verl,3.37,1.35,2.02,3.25,1.3,1.95,0.11,0.05,0.06,3.37,1.35,2.02,2,4,-2,-4.02,82.7,76.99,52.57,1.58,0.08,456,29,20,9,12.66,112.5,4.96,4,3,29,5,10,278.7,96.97,0.0,0.0,97.17,55.0,2,MSV Duisburg 4-2 Verl,2026-02-08
MSV Duisburg,1.35,3.37,-2.02,1.3,3.25,-1.95,0.05,0.11,-0.06,1.35,3.37,-2.02,4,2,2,4.02,17.3,23.01,43.33,0.08,1.58,57,2,9,20,112.5,12.66,27.76,3,4,1,2,14,8.7,3.03,228.6,100.0,79.51,45.0,1,MSV Duisburg 4-2 Verl,2026-02-08
Rot-Weiss Essen,0.86,1.29,-0.43,0.86,1.2,-0.34,0.0,0.1,-0.1,0.86,1.29,-0.43,3,3,0,0.43,63.8,57.09,41.65,0.5,0.23,192,8,10,11,20.0,47.83,10.48,2,6,18,1,11,87.5,56.67,4.53,4.03,28.43,16.27,9,Alemannia Aachen 3-3 Rot-Weiss Essen,2026-02-08
Alemannia Aachen,1.29,0.86,0.43,1.2,0.86,0.34,0.1,0.0,0.1,1.29,0.86,0.43,3,3,0,-0.43,36.2,42.91,47.38,0.23,0.5,145,6,11,10,47.83,20.0,13.0,6,2,14,5,11,66.9,43.33,107.87,95.97,146.33,83.73,0,Alemannia Aachen 3-3 Rot-Weiss Essen,2026-02-08
Hansa Rostock,1.19,2.06,-0.87,0.77,1.24,-0.47,0.42,0.05,0.37,1.19,1.3,-0.11,2,2,0,0.87,44.7,40.75,41.58,0.65,0.78,164,11,10,14,15.38,17.95,13.9,5,5,15,8,12,54.6,27.06,81.0,72.06,98.13,54.59,3,Hoffenheim II 2-2 Hansa Rostock,2026-02-08
Hoffenheim II,2.06,1.19,0.87,1.24,0.77,0.47,0.05,0.42,-0.37,1.3,1.19,0.11,2,2,0,-0.87,55.3,59.25,46.24,0.78,0.65,235,17,14,10,17.95,15.38,16.35,5,5,15,6,10,147.2,72.94,31.4,27.94,81.63,45.41,1,Hoffenheim II 2-2 Hansa Rostock,2026-02-08
1860 München,2.72,1.99,0.73,2.48,1.51,0.97,0.25,0.49,-0.24,2.72,1.99,0.73,1,2,-1,-1.73,45.4,42.49,41.51,1.14,0.53,127,17,15,19,13.16,35.85,8.03,5,4,18,8,15,53.3,26.72,65.6,50.26,41.8,14.54,6,Stuttgart II 2-1 1860 München,2026-02-07
Stuttgart II,1.99,2.72,-0.73,1.51,2.48,-0.97,0.49,0.25,0.24,1.99,2.72,-0.73,2,1,1,1.73,54.6,57.51,49.83,0.53,1.14,215,20,19,15,35.85,13.16,10.14,4,5,19,11,12,146.2,73.28,64.93,49.74,245.77,85.46,2,Stuttgart II 2-1 1860 München,2026-02-07
Viktoria Köln,0.82,1.85,-1.03,0.69,1.6,-0.91,0.13,0.24,-0.11,0.82,1.85,-1.03,0,0,0,1.03,51.6,45.81,43.13,0.49,0.68,181,12,10,14,20.41,20.59,10.5,6,6,12,4,10,70.7,43.8,32.73,36.53,59.73,36.51,5,Jahn Regensburg 0-0 Viktoria Köln,2026-02-07
Jahn Regensburg,1.85,0.82,1.03,1.6,0.69,0.91,0.24,0.13,0.11,1.85,0.82,1.03,0,0,0,-1.03,48.4,54.19,45.31,0.68,0.49,179,19,14,10,20.59,20.41,10.17,6,6,22,11,12,90.7,56.2,56.87,63.47,103.87,63.49,7,Jahn Regensburg 0-0 Viktoria Köln,2026-02-07
Schweinfurt,0.55,1.64,-1.09,0.44,1.52,-1.08,0.12,0.11,0.01,0.55,1.64,-1.09,0,2,-2,-0.91,48.2,39.32,41.49,0.28,1.01,137,6,5,16,17.86,15.84,10.87,4,4,11,2,13,30.2,18.88,48.93,50.13,35.5,20.23,6,Wehen Wiesbaden 2-0 Schweinfurt,2026-02-07
Wehen Wiesbaden,1.64,0.55,1.09,1.52,0.44,1.08,0.11,0.12,-0.01,1.64,0.55,1.09,2,0,2,0.91,51.8,60.68,45.53,1.01,0.28,193,12,16,5,15.84,17.86,10.26,4,4,20,3,12,129.8,81.12,48.67,49.87,139.97,79.77,2,Wehen Wiesbaden 2-0 Schweinfurt,2026-02-07
Havelse,1.31,2.81,-1.5,1.21,2.5,-1.29,0.11,0.31,-0.2,1.31,2.81,-1.5,0,2,-2,-0.5,52.7,53.52,47.44,0.64,0.89,202,11,15,17,23.44,19.1,6.13,9,5,15,8,19,92.2,50.72,29.33,36.91,87.4,41.26,2,Osnabrück 2-0 Havelse,2026-02-07
Osnabrück,2.81,1.31,1.5,2.5,1.21,1.29,0.31,0.11,0.2,2.81,1.31,1.5,2,0,2,0.5,47.3,46.48,49.58,0.89,0.64,171,23,17,15,19.1,23.44,7.44,5,9,27,7,13,89.6,49.28,50.13,63.09,124.43,58.74,1,Osnabrück 2-0 Havelse,2026-02-07
Saarbrücken,1.27,1.7,-0.43,1.19,1.62,-0.43,0.08,0.08,0.0,1.27,1.7,-0.43,0,0,0,0.43,42.3,36.09,44.52,0.56,0.68,149,10,19,12,33.93,17.65,11.71,7,5,22,7,10,93.4,41.57,41.27,64.48,94.97,45.38,1,Erzgebirge Aue 0-0 Saarbrücken,2026-02-07
Erzgebirge Aue,1.7,1.27,0.43,1.62,1.19,0.43,0.08,0.08,0.0,1.7,1.27,0.43,0,0,0,-0.43,57.7,63.91,51.15,0.68,0.56,271,17,12,19,17.65,33.93,11.38,5,7,31,10,9,131.3,58.43,22.73,35.52,114.33,54.62,1,Erzgebirge Aue 0-0 Saarbrücken,2026-02-07
Energie Cottbus,1.46,1.51,-0.05,1.04,0.88,0.16,0.42,0.64,-0.22,1.46,1.51,-0.05,0,0,0,0.05,56.0,62.71,52.42,0.84,0.81,263,16,16,14,19.05,17.28,11.38,4,4,20,10,13,157.6,76.17,30.2,45.62,162.1,73.12,1,Ingolstadt 0-0 Energie Cottbus,2026-02-07
Ingolstadt,1.51,1.46,0.05,0.88,1.04,-0.16,0.64,0.42,0.22,1.51,1.46,0.05,0,0,0,-0.05,44.0,37.29,46.2,0.81,0.84,155,16,14,16,17.28,19.05,14.61,4,4,16,4,8,49.3,23.83,36.0,54.38,59.6,26.88,4,Ingolstadt 0-0 Energie Cottbus,2026-02-07
Ulm,1.47,0.84,0.63,0.95,0.84,0.11,0.52,0.0,0.52,1.47,0.84,0.63,1,2,-1,-1.63,64.1,66.39,51.38,0.89,0.61,349,14,17,8,19.1,13.11,11.58,2,6,36,10,10,163.0,81.22,26.4,16.77,80.63,46.2,0,Waldhof Mannheim 2-1 Ulm,2026-02-06
Waldhof Mannheim,0.84,1.47,-0.63,0.84,0.95,-0.11,0.0,0.52,-0.52,0.84,1.47,-0.63,2,1,1,1.63,35.9,33.61,45.89,0.61,0.89,143,12,8,17,13.11,19.1,18.44,6,2,14,3,9,37.7,18.78,131.0,83.23,93.9,53.8,1,Waldhof Mannheim 2-1 Ulm,2026-02-06
Wehen Wiesbaden,0.56,1.66,-1.1,0.52,1.1,-0.58,0.05,0.55,-0.5,0.56,1.66,-1.1,1,1,0,1.1,50.1,48.47,45.71,0.29,0.52,220,7,10,13,34.48,25.0,12.48,2,6,13,3,12,64.2,34.42,72.47,47.89,65.9,29.91,1,Rot-Weiss Essen 1-1 Wehen Wiesbaden,2026-02-01
Rot-Weiss Essen,1.66,0.56,1.1,1.1,0.52,0.58,0.55,0.05,0.5,1.66,0.56,1.1,1,1,0,-1.1,49.9,51.53,46.26,0.52,0.29,211,11,13,10,25.0,34.48,12.18,6,2,13,6,12,122.3,65.58,78.87,52.11,154.4,70.09,3,Rot-Weiss Essen 1-1 Wehen Wiesbaden,2026-02-01
Stuttgart II,1.26,3.19,-1.93,0.86,2.31,-1.45,0.4,0.12,0.28,1.26,2.43,-1.17,0,4,-4,-2.07,28.5,35.97,42.67,0.24,0.78,106,11,11,13,45.83,16.67,13.3,7,10,7,4,14,56.3,32.04,160.47,98.57,130.29,48.01,2,Verl 4-0 Stuttgart II,2026-02-01
Verl,3.19,1.26,1.93,2.31,0.86,1.45,0.12,0.4,-0.28,2.43,1.26,1.17,4,0,4,2.07,71.5,64.03,46.09,0.78,0.24,289,19,13,11,16.67,45.83,5.22,10,7,13,6,14,119.4,67.96,2.33,1.43,141.11,51.99,1,Verl 4-0 Stuttgart II,2026-02-01
MSV Duisburg,1.28,2.12,-0.84,1.05,2.12,-1.07,0.24,0.0,0.24,1.28,2.12,-0.84,0,1,-1,-0.16,53.2,57.19,48.53,0.88,1.48,219,13,21,11,23.86,7.43,7.67,14,3,26,8,10,102.4,57.33,34.0,42.57,72.03,45.38,5,Ulm 1-0 MSV Duisburg,2026-02-01
Ulm,2.12,1.28,0.84,2.12,1.05,1.07,0.0,0.24,-0.24,2.12,1.28,0.84,1,0,1,0.16,46.8,42.81,44.89,1.48,0.88,153,18,11,21,7.43,23.86,15.52,3,14,18,6,13,76.2,42.67,45.87,57.43,86.7,54.62,1,Ulm 1-0 MSV Duisburg,2026-02-01
Jahn Regensburg,1.53,0.72,0.81,1.03,0.66,0.37,0.5,0.06,0.44,1.53,0.72,0.81,1,0,1,0.19,34.7,43.98,47.34,0.56,1.13,145,12,12,13,21.43,11.5,16.7,1,2,18,5,19,86.8,38.65,136.2,94.5,167.23,81.1,1,Schweinfurt 0-1 Jahn Regensburg,2026-01-31
Schweinfurt,0.72,1.53,-0.81,0.66,1.03,-0.37,0.06,0.5,-0.44,0.72,1.53,-0.81,0,1,-1,-0.19,65.3,56.02,45.51,1.13,0.56,255,16,13,12,11.5,21.43,7.75,2,1,18,4,11,137.8,61.35,7.93,5.5,38.97,18.9,0,Schweinfurt 0-1 Jahn Regensburg,2026-01-31
Osnabrück,0.83,2.95,-2.12,0.49,1.94,-1.45,0.34,1.01,-0.67,0.83,2.95,-2.12,1,0,1,3.12,43.3,40.19,45.7,0.4,1.37,168,14,8,25,20.0,18.25,15.24,3,5,13,5,11,42.9,20.67,68.4,71.3,67.83,40.45,2,Saarbrücken 0-1 Osnabrück,2026-01-31
Saarbrücken,2.95,0.83,2.12,1.94,0.49,1.45,1.01,0.34,0.67,2.95,0.83,2.12,0,1,-1,-3.12,56.7,59.81,50.69,1.37,0.4,272,22,25,8,18.25,20.0,12.68,5,3,39,10,12,164.6,79.33,27.53,28.7,99.87,59.55,0,Saarbrücken 0-1 Osnabrück,2026-01-31
Alemannia Aachen,1.77,1.89,-0.12,0.96,0.81,0.15,0.05,0.32,-0.27,1.01,1.13,-0.12,2,2,0,0.12,47.4,62.36,52.02,0.62,0.42,197,13,11,8,17.74,19.05,8.71,9,4,14,2,15,105.0,72.77,61.73,72.92,134.1,82.17,2,1860 München 2-2 Alemannia Aachen,2026-01-31
1860 München,1.89,1.77,0.12,0.81,0.96,-0.15,0.32,0.05,0.27,1.13,1.01,0.12,2,2,0,-0.12,52.6,37.64,41.85,0.42,0.62,138,9,8,11,19.05,17.74,8.06,4,9,8,3,11,39.3,27.23,22.93,27.08,29.1,17.83,3,1860 München 2-2 Alemannia Aachen,2026-01-31
Ingolstadt,1.39,2.2,-0.81,1.36,1.26,0.1,0.03,0.95,-0.92,1.39,2.2,-0.81,3,0,3,3.81,29.8,25.38,42.05,0.35,1.01,82,4,11,20,31.43,19.8,18.52,1,7,7,3,7,17.8,8.68,107.47,97.52,82.3,70.66,2,Hansa Rostock 0-3 Ingolstadt,2026-01-31
Hansa Rostock,2.2,1.39,0.81,1.26,1.36,-0.1,0.95,0.03,0.92,2.2,1.39,0.81,0,3,-3,-3.81,70.2,74.62,50.53,1.01,0.35,332,22,20,11,19.8,31.43,6.9,7,1,39,11,9,187.2,91.32,2.73,2.48,34.17,29.34,8,Hansa Rostock 0-3 Ingolstadt,2026-01-31
Hoffenheim II,1.36,3.64,-2.28,1.3,2.94,-1.64,0.06,0.7,-0.64,1.36,3.64,-2.28,1,3,-2,0.28,47.8,44.88,47.37,0.87,1.77,194,14,13,19,14.94,10.73,9.81,4,9,11,2,13,76.0,35.28,38.67,54.72,61.2,32.55,3,Energie Cottbus 3-1 Hoffenheim II,2026-01-31
Energie Cottbus,3.64,1.36,2.28,2.94,1.3,1.64,0.7,0.06,0.64,3.64,1.36,2.28,3,1,2,-0.28,52.2,55.12,45.27,1.77,0.87,173,17,19,13,10.73,14.94,9.16,9,4,23,9,9,139.4,64.72,32.0,45.28,126.8,67.45,0,Energie Cottbus 3-1 Hoffenheim II,2026-01-31
Waldhof Mannheim,1.88,0.21,1.67,1.81,0.21,1.6,0.07,0.0,0.07,1.88,0.21,1.67,3,1,2,0.33,43.0,50.76,43.85,0.74,0.47,177,9,11,3,14.86,6.38,16.47,4,7,21,5,9,120.3,67.85,80.93,78.83,183.3,87.62,0,Viktoria Köln 1-3 Waldhof Mannheim,2026-01-31
Viktoria Köln,0.21,1.88,-1.67,0.21,1.81,-1.6,0.0,0.07,-0.07,0.21,1.88,-1.67,1,3,-2,-0.33,57.0,49.24,45.95,0.47,0.74,266,9,3,11,6.38,14.86,13.1,7,4,12,3,9,57.0,32.15,21.73,21.17,25.9,12.38,2,Viktoria Köln 1-3 Waldhof Mannheim,2026-01-31
Erzgebirge Aue,1.2,2.14,-0.94,0.85,1.85,-1.0,0.36,0.29,0.07,1.2,2.14,-0.94,1,3,-2,-1.06,42.2,46.44,47.53,0.91,0.39,166,8,8,12,8.79,30.77,12.85,2,7,19,3,14,48.8,38.49,90.33,82.07,112.33,68.93,3,Havelse 3-1 Erzgebirge Aue,2026-01-30
Havelse,2.14,1.2,0.94,1.85,0.85,1.0,0.29,0.36,-0.07,2.14,1.2,0.94,3,1,2,1.06,57.8,53.56,47.4,0.39,0.91,244,11,12,8,30.77,8.79,9.67,7,2,12,3,8,78.0,61.51,19.73,17.93,50.63,31.07,3,Havelse 3-1 Erzgebirge Aue,2026-01-30
Verl,2.4,1.1,1.3,2.17,1.1,1.07,0.23,0.0,0.23,2.4,1.1,1.3,1,2,-1,-2.3,69.6,67.31,46.86,0.71,0.44,300,14,22,7,30.99,15.91,6.37,6,1,21,8,11,193.8,91.5,7.53,4.8,97.33,55.86,1,Wehen Wiesbaden 2-1 Verl,2026-01-25
Wehen Wiesbaden,1.1,2.4,-1.3,1.1,2.17,-1.07,0.0,0.23,-0.23,1.1,2.4,-1.3,2,1,1,2.3,30.4,32.69,45.12,0.44,0.71,112,7,7,22,15.91,30.99,14.25,1,6,14,4,21,18.0,8.5,149.2,95.2,76.9,44.14,0,Wehen Wiesbaden 2-1 Verl,2026-01-25
1860 München,1.48,0.82,0.66,1.13,0.43,0.7,0.35,0.39,-0.04,1.48,0.82,0.66,1,1,0,-0.66,46.7,42.95,44.89,0.35,0.33,165,9,8,14,22.86,42.42,9.68,7,4,9,1,17,69.8,38.89,49.73,55.71,76.57,41.31,2,Osnabrück 1-1 1860 München,2026-01-25
Osnabrück,0.82,1.48,-0.66,0.43,1.13,-0.7,0.39,0.35,0.04,0.82,1.48,-0.66,1,1,0,0.66,53.3,57.05,47.28,0.33,0.35,196,8,14,8,42.42,22.86,9.11,4,7,30,10,17,109.7,61.11,39.53,44.29,108.77,58.69,3,Osnabrück 1-1 1860 München,2026-01-25
Hansa Rostock,2.31,0.74,1.57,2.04,0.62,1.42,0.27,0.12,0.15,2.31,0.74,1.57,4,0,4,2.43,58.3,59.52,49.71,1.35,0.14,251,24,16,7,11.85,50.0,7.78,3,5,22,4,14,143.1,82.05,30.47,33.56,166.4,92.98,4,Waldhof Mannheim 0-4 Hansa Rostock,2026-01-25
Waldhof Mannheim,0.74,2.31,-1.57,0.62,2.04,-1.42,0.12,0.27,-0.15,0.74,2.31,-1.57,0,4,-4,-2.43,41.7,40.48,45.25,0.14,1.35,162,6,7,16,50.0,11.85,10.05,5,3,14,3,17,31.3,17.95,60.33,66.44,12.57,7.02,1,Waldhof Mannheim 0-4 Hansa Rostock,2026-01-25
Jahn Regensburg,1.33,2.61,-1.28,1.2,2.52,-1.32,0.14,0.09,0.05,1.33,2.61,-1.28,0,2,-2,-0.72,49.0,43.19,41.86,0.6,0.87,145,9,10,18,16.67,20.69,11.45,1,2,15,2,13,64.8,34.27,31.4,51.08,52.67,23.71,1,MSV Duisburg 2-0 Jahn Regensburg,2026-01-24
MSV Duisburg,2.61,1.33,1.28,2.52,1.2,1.32,0.09,0.14,-0.05,2.61,1.33,1.28,2,0,2,0.72,51.0,56.81,47.04,0.87,0.6,193,16,18,10,20.69,16.67,10.38,2,1,18,6,13,124.3,65.73,30.07,48.92,169.43,76.29,6,MSV Duisburg 2-0 Jahn Regensburg,2026-01-24
Alemannia Aachen,2.1,3.0,-0.9,2.04,1.96,0.08,0.06,0.28,-0.22,2.1,2.24,-0.14,3,2,1,1.9,40.4,41.61,45.11,0.63,0.76,152,8,12,16,19.05,21.05,10.5,5,9,11,3,13,70.8,33.67,94.13,85.84,108.57,65.55,1,Hoffenheim II 2-3 Alemannia Aachen,2026-01-24
Hoffenheim II,3.0,2.1,0.9,1.96,2.04,-0.08,0.28,0.06,0.22,2.24,2.1,0.14,2,3,-1,-1.9,59.6,58.39,44.24,0.76,0.63,209,14,16,12,21.05,19.05,7.37,9,5,17,7,16,139.5,66.33,15.53,14.16,57.07,34.45,1,Hoffenheim II 2-3 Alemannia Aachen,2026-01-24
Havelse,1.88,2.58,-0.7,1.76,2.02,-0.26,0.12,0.56,-0.44,1.88,2.58,-0.7,1,4,-3,-2.3,60.2,70.65,56.07,0.96,0.36,297,20,20,12,20.83,33.33,8.97,3,1,30,7,14,179.2,86.07,29.53,48.63,153.33,79.38,0,Rot-Weiss Essen 4-1 Havelse,2026-01-24
Rot-Weiss Essen,2.58,1.88,0.7,2.02,1.76,0.26,0.56,0.12,0.44,2.58,1.88,0.7,4,1,3,2.3,39.8,29.35,38.42,0.36,0.96,96,9,12,20,33.33,20.83,10.12,1,3,10,5,15,29.0,13.93,31.2,51.37,39.82,20.62,3,Rot-Weiss Essen 4-1 Havelse,2026-01-24
Schweinfurt,2.05,1.65,0.4,1.75,1.24,0.51,0.3,0.41,-0.11,2.05,1.65,0.4,1,2,-1,-1.4,51.4,38.36,46.08,1.12,1.68,228,17,19,16,16.96,9.52,17.45,2,7,23,9,9,91.4,30.16,48.0,41.71,73.53,24.71,3,Energie Cottbus 2-1 Schweinfurt,2026-01-24
Energie Cottbus,1.65,2.05,-0.4,1.24,1.75,-0.51,0.41,0.3,0.11,1.65,2.05,-0.4,2,1,1,1.4,48.6,61.64,52.37,1.68,1.12,286,29,16,19,9.52,16.96,12.68,7,2,23,8,10,211.7,69.84,67.07,58.29,224.1,75.29,0,Energie Cottbus 2-1 Schweinfurt,2026-01-24
Ulm,2.21,1.44,0.77,1.52,1.43,0.09,0.69,0.01,0.68,2.21,1.44,0.77,3,0,3,2.23,45.9,51.65,44.87,0.74,0.53,166,18,17,10,22.97,18.87,13.0,2,2,13,4,13,89.6,71.57,76.33,83.82,159.97,88.75,0,Erzgebirge Aue 0-3 Ulm,2026-01-24
Erzgebirge Aue,1.44,2.21,-0.77,1.43,1.52,-0.09,0.01,0.69,-0.68,1.44,2.21,-0.77,0,3,-3,-2.23,54.1,48.35,42.31,0.53,0.74,164,7,10,17,18.87,22.97,13.23,2,2,12,4,8,35.6,28.43,14.73,16.18,20.27,11.25,2,Erzgebirge Aue 0-3 Ulm,2026-01-24
Stuttgart II,1.57,1.7,-0.13,1.5,1.48,0.02,0.06,0.22,-0.16,1.57,1.7,-0.13,1,2,-1,-0.87,61.7,68.06,53.04,1.24,0.68,369,28,21,11,16.94,16.18,12.0,3,7,24,7,11,220.1,90.65,34.73,29.3,168.8,85.96,7,Ingolstadt 2-1 Stuttgart II,2026-01-24
Ingolstadt,1.7,1.57,0.13,1.48,1.5,-0.02,0.22,0.06,0.16,1.7,1.57,0.13,2,1,1,0.87,38.3,31.94,40.21,0.68,1.24,126,8,11,21,16.18,16.94,13.5,7,3,14,3,10,22.7,9.35,83.8,70.7,27.57,14.04,4,Ingolstadt 2-1 Stuttgart II,2026-01-24
Saarbrücken,4.26,2.86,1.4,3.72,2.82,0.9,0.54,0.04,0.5,4.26,2.86,1.4,0,2,-2,-3.4,57.5,63.99,48.2,2.12,0.78,266,32,26,11,12.26,14.1,8.82,7,4,41,14,10,214.4,80.57,38.87,36.81,134.97,58.25,0,Viktoria Köln 2-0 Saarbrücken,2026-01-23
Viktoria Köln,2.86,4.26,-1.4,2.82,3.72,-0.9,0.04,0.54,-0.5,2.86,4.26,-1.4,2,0,2,3.4,42.5,36.01,43.56,0.78,2.12,168,14,11,26,14.1,12.26,13.93,4,7,9,2,16,51.7,19.43,66.73,63.19,96.73,41.75,0,Viktoria Köln 2-0 Saarbrücken,2026-01-23
Hoffenheim II,0.73,3.24,-2.51,0.62,1.38,-0.76,0.12,0.33,-0.21,0.73,1.72,-0.99,0,4,-4,-1.49,54.8,52.03,45.25,0.7,1.01,181,9,13,15,18.57,14.85,7.64,3,7,15,8,9,69.4,44.37,8.13,10.93,43.24,17.79,5,Havelse 4-0 Hoffenheim II,2026-01-18
Havelse,3.24,0.73,2.51,1.38,0.62,0.76,0.33,0.12,0.21,1.72,0.73,0.99,4,0,4,1.49,45.2,47.97,50.94,1.01,0.7,191,11,15,13,14.85,18.57,9.59,7,3,15,5,13,87.0,55.63,66.27,89.07,199.85,82.21,1,Havelse 4-0 Hoffenheim II,2026-01-18
Viktoria Köln,0.89,0.83,0.06,0.75,0.83,-0.08,0.15,0.0,0.15,0.89,0.83,0.06,0,2,-2,-2.06,60.2,72.7,54.73,1.03,0.42,344,12,12,10,11.65,23.81,6.79,5,6,34,8,23,194.5,83.08,30.93,25.79,120.93,64.6,3,Schweinfurt 2-0 Viktoria Köln,2026-01-18
Schweinfurt,0.83,0.89,-0.06,0.83,0.75,0.08,0.0,0.15,-0.15,0.83,0.89,-0.06,2,0,2,2.06,39.8,27.3,40.56,0.42,1.03,112,7,10,12,23.81,11.65,9.7,6,5,15,1,19,39.6,16.92,89.0,74.21,66.27,35.4,0,Schweinfurt 2-0 Viktoria Köln,2026-01-18
MSV Duisburg,2.88,0.64,2.24,2.5,0.64,1.86,0.38,0.0,0.38,2.88,0.64,2.24,4,0,4,1.76,29.7,47.96,48.55,0.65,0.2,126,9,11,9,16.92,45.0,15.4,7,9,13,4,15,57.4,40.42,170.07,99.37,191.37,90.34,6,Stuttgart II 0-4 MSV Duisburg,2026-01-18
Stuttgart II,0.64,2.88,-2.24,0.64,2.5,-1.86,0.0,0.38,-0.38,0.64,2.88,-2.24,0,4,-4,-1.76,70.3,52.04,44.92,0.2,0.65,268,4,9,11,45.0,16.92,5.71,9,7,14,4,13,84.6,59.58,1.07,0.63,20.47,9.66,4,Stuttgart II 0-4 MSV Duisburg,2026-01-18
Osnabrück,2.49,1.65,0.84,2.4,1.57,0.83,0.09,0.08,0.01,2.49,1.65,0.84,3,0,3,2.16,42.8,36.1,42.13,0.82,0.83,137,14,12,13,14.63,15.66,12.55,4,10,14,6,13,52.7,29.38,53.0,73.89,65.8,41.4,0,Alemannia Aachen 0-3 Osnabrück,2026-01-17
Alemannia Aachen,1.65,2.49,-0.84,1.57,2.4,-0.83,0.08,0.09,-0.01,1.65,2.49,-0.84,0,3,-3,-2.16,57.2,63.9,51.25,0.83,0.82,289,12,13,12,15.66,14.63,10.65,10,4,23,4,13,126.7,70.62,18.73,26.11,93.13,58.6,0,Alemannia Aachen 0-3 Osnabrück,2026-01-17
Waldhof Mannheim,1.49,3.13,-1.64,0.56,2.64,-2.08,0.17,0.49,-0.32,0.73,3.13,-2.4,2,5,-3,-1.36,34.9,47.71,45.56,0.21,1.1,147,7,7,19,33.33,17.27,13.45,2,5,9,4,22,46.6,27.92,137.4,95.5,114.97,55.31,0,Verl 5-2 Waldhof Mannheim,2026-01-17
Verl,3.13,1.49,1.64,2.64,0.56,2.08,0.49,0.17,0.32,3.13,0.73,2.4,5,2,3,1.36,65.1,52.29,40.64,1.1,0.21,181,17,19,7,17.27,33.33,7.46,5,2,13,5,12,120.3,72.08,6.47,4.5,92.9,44.69,1,Verl 5-2 Waldhof Mannheim,2026-01-17
Rot-Weiss Essen,0.89,1.56,-0.67,0.73,0.86,-0.13,0.16,0.7,-0.54,0.89,1.56,-0.67,1,1,0,0.67,55.4,52.04,45.69,0.32,0.62,199,8,9,9,28.12,14.52,11.0,1,5,18,5,14,64.7,48.9,23.4,30.71,57.6,40.42,5,1860 München 1-1 Rot-Weiss Essen,2026-01-17
1860 München,1.56,0.89,0.67,0.86,0.73,0.13,0.7,0.16,0.54,1.56,0.89,0.67,1,1,0,-0.67,44.6,47.96,46.94,0.62,0.32,170,17,9,9,14.52,28.12,12.36,5,1,13,2,13,67.6,51.1,52.8,69.29,84.9,59.58,8,1860 München 1-1 Rot-Weiss Essen,2026-01-17
Erzgebirge Aue,1.19,1.55,-0.36,1.16,1.49,-0.33,0.03,0.05,-0.02,1.19,1.55,-0.36,1,2,-1,-0.64,40.3,31.09,40.36,0.32,1.01,114,7,10,12,31.25,11.88,13.8,1,10,11,5,16,34.3,21.56,71.33,78.16,59.23,37.47,3,Hansa Rostock 2-1 Erzgebirge Aue,2026-01-17
Hansa Rostock,1.55,1.19,0.36,1.49,1.16,0.33,0.05,0.03,0.02,1.55,1.19,0.36,2,1,1,0.64,59.7,68.91,47.54,1.01,0.32,245,17,12,10,11.88,31.25,7.07,10,1,23,6,9,124.8,78.44,19.93,21.84,98.83,62.53,3,Hansa Rostock 2-1 Erzgebirge Aue,2026-01-17
Wehen Wiesbaden,1.69,1.28,0.41,1.69,1.19,0.5,0.0,0.09,-0.09,1.69,1.28,0.41,1,0,1,0.59,48.2,32.21,39.39,0.67,0.66,143,12,12,17,17.91,25.76,16.3,3,8,12,5,13,50.1,25.3,53.07,45.46,60.83,27.44,2,Ulm 0-1 Wehen Wiesbaden,2026-01-17
Ulm,1.28,1.69,-0.41,1.19,1.69,-0.5,0.09,0.0,0.09,1.28,1.69,-0.41,0,1,-1,-0.59,51.8,67.79,47.81,0.66,0.67,248,14,17,12,25.76,17.91,11.94,8,3,24,8,9,147.9,74.7,63.67,54.54,160.83,72.56,0,Ulm 0-1 Wehen Wiesbaden,2026-01-17
Energie Cottbus,1.4,2.98,-1.58,1.32,2.24,-0.92,0.08,0.74,-0.66,1.4,2.98,-1.58,1,1,0,1.58,51.1,40.29,43.11,0.64,1.14,137,17,10,26,15.62,22.81,9.72,1,2,21,8,12,82.6,30.83,23.47,34.34,88.87,30.09,1,Saarbrücken 1-1 Energie Cottbus,2026-01-17
Saarbrücken,2.98,1.4,1.58,2.24,1.32,0.92,0.74,0.08,0.66,2.98,1.4,1.58,1,1,0,-1.58,48.9,59.71,53.23,1.14,0.64,202,20,26,10,22.81,15.62,8.76,2,1,28,11,14,185.3,69.17,44.87,65.66,206.47,69.91,0,Saarbrücken 1-1 Energie Cottbus,2026-01-17
Ingolstadt,3.09,2.04,1.05,2.76,1.19,1.57,0.33,0.85,-0.52,3.09,2.04,1.05,3,0,3,1.95,42.0,41.88,41.54,0.97,0.75,114,12,16,17,16.49,22.67,9.57,7,8,16,5,19,82.9,46.68,60.67,74.77,140.67,75.33,3,Jahn Regensburg 0-3 Ingolstadt,2026-01-16
Jahn Regensburg,2.04,3.09,-1.05,1.19,2.76,-1.57,0.85,0.33,0.52,2.04,3.09,-1.05,0,3,-3,-1.95,58.0,58.12,46.64,0.75,0.97,222,15,17,16,22.67,16.49,7.17,8,7,30,6,11,94.7,53.32,20.47,25.23,46.07,24.67,1,Jahn Regensburg 0-3 Ingolstadt,2026-01-16
MSV Duisburg,0.5,0.97,-0.47,0.49,0.97,-0.48,0.01,0.0,0.01,0.5,0.97,-0.47,0,0,0,0.47,36.2,44.54,41.52,0.53,0.81,110,4,6,9,11.32,11.11,15.24,0,3,11,2,17,48.5,37.51,162.07,91.46,141.43,84.07,1,Viktoria Köln 0-0 MSV Duisburg,2025-12-21
Viktoria Köln,0.97,0.5,0.47,0.97,0.49,0.48,0.0,0.01,-0.01,0.97,0.5,0.47,0,0,0,-0.47,63.8,55.46,42.43,0.81,0.53,227,9,9,6,11.11,11.32,9.44,3,0,13,3,15,80.8,62.49,15.13,8.54,26.8,15.93,2,Viktoria Köln 0-0 MSV Duisburg,2025-12-21
Wehen Wiesbaden,1.22,3.16,-1.94,0.95,3.08,-2.13,0.27,0.09,0.18,1.22,3.16,-1.94,1,3,-2,-0.06,42.7,48.26,43.49,0.64,0.58,145,12,16,19,25.0,32.76,10.68,6,4,16,7,13,66.7,43.51,118.53,86.77,117.57,71.91,1,Hoffenheim II 3-1 Wehen Wiesbaden,2025-12-21
Hoffenheim II,3.16,1.22,1.94,3.08,0.95,2.13,0.09,0.27,-0.18,3.16,1.22,1.94,3,1,2,0.06,57.3,51.74,40.55,0.58,0.64,169,8,19,16,32.76,25.0,12.0,4,6,10,3,11,86.6,56.49,18.07,13.23,45.93,28.09,0,Hoffenheim II 3-1 Wehen Wiesbaden,2025-12-21
Alemannia Aachen,1.39,0.9,0.49,0.96,0.9,0.06,0.44,0.0,0.44,1.39,0.9,0.49,1,1,0,-0.49,43.2,43.0,44.52,0.54,0.5,130,10,15,15,27.78,30.0,10.61,7,3,10,5,18,65.7,39.72,47.13,63.98,73.53,45.82,2,Havelse 1-1 Alemannia Aachen,2025-12-21
Havelse,0.9,1.39,-0.49,0.9,0.96,-0.06,0.0,0.44,-0.44,0.9,1.39,-0.49,1,1,0,0.49,56.8,57.0,48.2,0.5,0.54,198,12,15,15,30.0,27.78,9.1,3,7,21,6,9,99.7,60.28,26.53,36.02,86.93,54.18,1,Havelse 1-1 Alemannia Aachen,2025-12-21
Verl,2.45,1.2,1.25,2.25,1.12,1.13,0.19,0.08,0.11,2.45,1.2,1.25,2,0,2,0.75,68.1,67.14,44.95,1.49,0.49,297,19,18,11,12.08,22.45,9.66,1,4,13,7,13,148.2,77.51,9.53,5.4,86.03,43.6,4,1860 München 0-2 Verl,2025-12-20
1860 München,1.2,2.45,-1.25,1.12,2.25,-1.13,0.08,0.19,-0.11,1.2,2.45,-1.25,0,2,-2,-0.75,31.9,32.86,40.87,0.49,1.49,121,11,11,18,22.45,12.08,19.16,4,1,11,3,11,43.0,22.49,167.0,94.6,111.3,56.4,4,1860 München 0-2 Verl,2025-12-20
Ulm,1.78,3.86,-2.08,1.5,3.03,-1.53,0.28,0.83,-0.55,1.78,3.86,-2.08,2,3,-1,1.08,54.3,57.77,48.52,0.78,0.44,217,12,12,19,15.38,43.18,19.24,2,5,22,6,6,116.7,52.93,33.0,31.31,69.0,35.03,0,Rot-Weiss Essen 3-2 Ulm,2025-12-20
Rot-Weiss Essen,3.86,1.78,2.08,3.03,1.5,1.53,0.83,0.28,0.55,3.86,1.78,2.08,3,2,1,-1.08,45.7,42.23,46.1,0.44,0.78,166,12,19,12,43.18,15.38,16.14,5,2,14,8,8,103.8,47.07,72.4,68.69,127.97,64.97,11,Rot-Weiss Essen 3-2 Ulm,2025-12-20
Saarbrücken,2.34,1.6,0.74,1.5,0.64,0.86,0.08,0.95,-0.87,1.58,1.6,-0.02,1,1,0,-0.74,35.8,44.62,51.09,0.28,0.68,164,11,15,15,53.57,22.06,14.03,2,5,31,11,18,96.0,44.61,96.2,93.22,140.97,64.53,0,Hansa Rostock 1-1 Saarbrücken,2025-12-20
Hansa Rostock,1.6,2.34,-0.74,0.64,1.5,-0.86,0.95,0.08,0.87,1.6,1.58,0.02,1,1,0,0.74,64.2,55.38,48.84,0.68,0.28,279,15,15,15,22.06,53.57,6.05,5,2,19,5,12,119.2,55.39,7.0,6.78,77.47,35.47,6,Hansa Rostock 1-1 Saarbrücken,2025-12-20
Stuttgart II,1.82,3.19,-1.37,1.82,2.93,-1.11,0.0,0.25,-0.25,1.82,3.19,-1.37,2,1,1,2.37,58.1,51.72,45.38,0.75,0.85,203,10,9,12,12.0,14.12,9.93,3,5,14,3,10,56.9,41.38,12.47,10.11,26.63,15.2,3,Osnabrück 1-2 Stuttgart II,2025-12-20
Osnabrück,3.19,1.82,1.37,2.93,1.82,1.11,0.25,0.0,0.25,3.19,1.82,1.37,1,2,-1,-2.37,41.9,48.28,49.1,0.85,0.75,172,11,12,9,14.12,12.0,13.19,5,3,20,3,12,80.6,58.62,110.93,89.89,148.6,84.8,2,Osnabrück 1-2 Stuttgart II,2025-12-20
Schweinfurt,1.8,3.7,-1.9,1.55,2.08,-0.53,0.24,1.62,-1.38,1.8,3.7,-1.9,0,4,-4,-2.1,59.7,54.81,43.26,0.85,0.68,192,20,18,21,21.18,30.88,9.46,3,8,18,7,11,103.5,48.32,15.47,13.88,74.07,30.84,4,Erzgebirge Aue 4-0 Schweinfurt,2025-12-20
Erzgebirge Aue,3.7,1.8,1.9,2.08,1.55,0.53,1.62,0.24,1.38,3.7,1.8,1.9,4,0,4,2.1,40.3,45.19,44.53,0.68,0.85,144,19,21,18,30.88,21.18,12.76,8,3,22,9,14,110.7,51.68,96.0,86.12,166.1,69.16,1,Erzgebirge Aue 4-0 Schweinfurt,2025-12-20
Ingolstadt,1.17,1.93,-0.76,1.17,1.84,-0.67,0.0,0.09,-0.09,1.17,1.93,-0.76,2,2,0,0.76,43.7,43.5,49.98,0.76,0.75,164,12,8,16,10.53,21.33,8.34,6,7,19,2,17,42.9,24.1,61.33,72.1,85.43,67.4,7,Waldhof Mannheim 2-2 Ingolstadt,2025-12-20
Waldhof Mannheim,1.93,1.17,0.76,1.84,1.17,0.67,0.09,0.0,0.09,1.93,1.17,0.76,2,2,0,-0.76,56.3,56.5,52.03,0.75,0.76,224,12,16,8,21.33,10.53,8.03,7,6,29,5,15,135.1,75.9,23.73,27.9,41.33,32.6,2,Waldhof Mannheim 2-2 Ingolstadt,2025-12-20
Jahn Regensburg,1.61,1.45,0.16,1.36,1.45,-0.09,0.25,0.0,0.25,1.61,1.45,0.16,2,2,0,-0.16,57.3,57.41,49.46,0.67,0.7,262,12,15,13,22.39,18.57,8.57,11,4,24,4,9,110.1,57.7,35.73,34.78,77.77,39.87,2,Energie Cottbus 2-2 Jahn Regensburg,2025-12-19
Energie Cottbus,1.45,1.61,-0.16,1.45,1.36,0.09,0.0,0.25,-0.25,1.45,1.61,-0.16,2,2,0,0.16,42.7,42.59,44.19,0.7,0.67,152,15,13,15,18.57,22.39,19.29,4,11,13,3,8,80.7,42.3,67.0,65.22,117.3,60.13,0,Energie Cottbus 2-2 Jahn Regensburg,2025-12-19
Havelse,2.24,3.01,-0.77,2.17,2.13,0.04,0.07,0.12,-0.05,2.24,2.25,-0.01,3,2,1,1.77,36.0,38.55,47.3,0.38,0.83,146,5,12,16,31.58,19.28,11.6,6,5,12,2,16,56.7,30.35,90.6,92.01,99.6,59.12,2,Schweinfurt 2-3 Havelse,2025-12-14
Schweinfurt,3.01,2.24,0.77,2.13,2.17,-0.04,0.12,0.07,0.05,2.25,2.24,0.01,2,3,-1,-1.77,64.0,61.45,45.39,0.83,0.38,222,15,16,12,19.28,31.58,6.79,5,6,20,5,13,130.1,69.65,7.87,7.99,68.87,40.88,1,Schweinfurt 2-3 Havelse,2025-12-14
Waldhof Mannheim,2.32,1.95,0.37,2.23,1.15,1.08,0.09,0.8,-0.71,2.32,1.95,0.37,0,3,-3,-3.37,52.4,57.14,49.28,0.72,0.71,192,11,18,14,25.0,19.72,7.84,5,4,23,6,15,123.7,57.86,39.4,42.31,89.27,44.37,1,Jahn Regensburg 3-0 Waldhof Mannheim,2025-12-14
Jahn Regensburg,1.95,2.32,-0.37,1.15,2.23,-1.08,0.8,0.09,0.71,1.95,2.32,-0.37,3,0,3,3.37,47.6,42.86,43.84,0.71,0.72,151,14,14,18,19.72,25.0,7.87,4,5,27,6,16,90.1,42.14,53.73,57.69,111.93,55.63,2,Jahn Regensburg 3-0 Waldhof Mannheim,2025-12-14
Energie Cottbus,1.77,3.58,-1.81,1.77,2.64,-0.87,0.0,0.95,-0.95,1.77,3.58,-1.81,1,3,-2,-0.19,55.1,47.71,42.12,0.58,1.77,203,10,6,18,10.34,10.17,14.81,2,7,12,1,5,66.3,32.34,21.2,18.64,33.07,14.38,0,Wehen Wiesbaden 3-1 Energie Cottbus,2025-12-14
Wehen Wiesbaden,3.58,1.77,1.81,2.64,1.77,0.87,0.95,0.0,0.95,3.58,1.77,1.81,3,1,2,0.19,44.9,52.29,45.34,1.77,0.58,193,20,18,6,10.17,10.34,15.3,7,2,20,6,17,138.7,67.66,92.53,81.36,196.9,85.62,1,Wehen Wiesbaden 3-1 Energie Cottbus,2025-12-14
Rot-Weiss Essen,0.7,1.14,-0.44,0.68,0.49,0.19,0.02,0.65,-0.63,0.7,1.14,-0.44,0,0,0,0.44,27.9,40.55,47.22,0.46,0.79,125,12,13,13,28.26,16.46,19.35,5,6,11,2,15,56.3,26.94,186.93,98.8,151.33,70.58,6,Verl 0-0 Rot-Weiss Essen,2025-12-13
Verl,1.14,0.7,0.44,0.49,0.68,-0.19,0.65,0.02,0.63,1.14,0.7,0.44,0,0,0,-0.44,72.1,59.45,43.87,0.79,0.46,255,10,13,13,16.46,28.26,7.41,6,5,15,3,14,152.7,73.06,2.27,1.2,63.07,29.42,2,Verl 0-0 Rot-Weiss Essen,2025-12-13
Viktoria Köln,1.46,0.58,0.88,1.23,0.57,0.66,0.23,0.01,0.22,1.46,0.58,0.88,3,0,3,2.12,53.2,32.5,35.6,0.21,0.4,102,8,11,10,52.38,25.0,7.38,2,6,9,3,20,57.0,39.39,26.33,25.12,54.7,38.51,2,Alemannia Aachen 0-3 Viktoria Köln,2025-12-13
Alemannia Aachen,0.58,1.46,-0.88,0.57,1.23,-0.66,0.01,0.23,-0.22,0.58,1.46,-0.88,0,3,-3,-2.12,46.8,67.5,48.96,0.4,0.21,189,10,10,11,25.0,52.38,8.06,6,2,19,3,15,87.7,60.61,78.47,74.88,87.33,61.49,1,Alemannia Aachen 0-3 Viktoria Köln,2025-12-13
Erzgebirge Aue,0.42,1.65,-1.23,0.36,1.45,-1.09,0.06,0.2,-0.14,0.42,1.65,-1.23,0,0,0,1.23,48.7,33.73,37.04,0.55,0.67,108,10,9,16,16.36,23.88,16.23,1,9,10,3,9,34.8,20.42,20.73,25.64,28.17,14.33,5,MSV Duisburg 0-0 Erzgebirge Aue,2025-12-13
MSV Duisburg,1.65,0.42,1.23,1.45,0.36,1.09,0.2,0.06,0.14,1.65,0.42,1.23,0,0,0,-1.23,51.3,66.27,47.36,0.67,0.55,214,14,16,9,23.88,16.36,8.49,9,1,25,4,15,135.6,79.58,60.13,74.36,168.37,85.67,5,MSV Duisburg 0-0 Erzgebirge Aue,2025-12-13
Hansa Rostock,1.21,1.45,-0.24,0.27,1.4,-1.13,0.94,0.05,0.89,1.21,1.45,-0.24,1,0,1,1.24,49.2,52.08,48.34,0.42,0.57,206,9,6,8,14.29,14.04,8.79,6,7,15,3,20,83.2,48.74,68.8,60.18,118.07,62.22,2,Stuttgart II 0-1 Hansa Rostock,2025-12-13
Stuttgart II,1.45,1.21,0.24,1.4,0.27,1.13,0.05,0.94,-0.89,1.45,1.21,0.24,0,1,-1,-1.24,50.8,47.92,44.37,0.57,0.42,172,11,8,6,14.04,14.29,8.25,7,6,21,2,19,87.5,51.26,45.53,39.82,71.7,37.78,3,Stuttgart II 0-1 Hansa Rostock,2025-12-13
1860 München,2.6,2.5,0.1,2.57,2.41,0.16,0.03,0.09,-0.06,2.6,2.5,0.1,2,1,1,0.9,43.2,40.05,44.78,1.5,1.49,179,16,12,21,8.0,14.09,16.5,2,4,10,2,8,67.9,24.3,71.73,59.51,51.57,28.43,4,Ingolstadt 1-2 1860 München,2025-12-13
Ingolstadt,2.5,2.6,-0.1,2.41,2.57,-0.16,0.09,0.03,0.06,2.5,2.6,-0.1,1,2,-1,-0.9,56.8,59.95,51.1,1.49,1.5,299,19,21,12,14.09,8.0,13.31,4,2,32,5,15,211.5,75.7,48.8,40.49,129.83,71.57,3,Ingolstadt 1-2 1860 München,2025-12-13
Hoffenheim II,1.24,4.57,-3.33,1.05,3.37,-2.32,0.19,0.44,-0.25,1.24,3.81,-2.57,2,2,0,3.33,61.5,48.25,47.26,1.01,1.78,252,12,14,23,13.86,12.92,10.42,4,2,21,5,9,61.4,32.66,10.13,8.55,46.03,18.34,0,Saarbrücken 2-2 Hoffenheim II,2025-12-13
Saarbrücken,4.57,1.24,3.33,3.37,1.05,2.32,0.44,0.19,0.25,3.81,1.24,2.57,2,2,0,-3.33,38.5,51.75,48.69,1.78,1.01,171,23,23,14,12.92,13.86,16.89,2,4,43,12,12,126.6,67.34,108.33,91.45,204.93,81.66,2,Saarbrücken 2-2 Hoffenheim II,2025-12-13
Osnabrück,3.13,1.52,1.61,2.8,1.5,1.3,0.34,0.02,0.32,3.13,1.52,1.61,5,3,2,0.39,43.6,48.96,48.18,1.47,0.83,218,20,13,7,8.84,8.43,13.58,6,2,13,4,7,110.8,56.91,114.6,88.24,215.37,90.08,1,Ulm 3-5 Osnabrück,2025-12-12
Ulm,1.52,3.13,-1.61,1.5,2.8,-1.3,0.02,0.34,-0.32,1.52,3.13,-1.61,3,5,-2,-0.39,56.4,51.04,44.47,0.83,1.47,248,8,7,13,8.43,8.84,14.62,2,6,13,3,11,83.9,43.09,15.27,11.76,23.73,9.92,0,Ulm 3-5 Osnabrück,2025-12-12
Ingolstadt,1.59,1.78,-0.19,1.3,0.82,0.48,0.29,0.96,-0.67,1.59,1.78,-0.19,2,2,0,0.19,33.0,31.49,44.46,0.69,0.84,130,15,10,15,14.49,17.86,14.8,2,1,19,7,9,61.3,18.17,100.73,84.89,85.47,31.14,1,Erzgebirge Aue 2-2 Ingolstadt,2025-12-07
Erzgebirge Aue,1.78,1.59,0.19,0.82,1.3,-0.48,0.96,0.29,0.67,1.78,1.59,0.19,2,2,0,-0.19,67.0,68.51,54.28,0.84,0.69,414,13,15,10,17.86,14.49,8.55,1,2,26,8,16,276.1,81.83,17.93,15.11,188.97,68.86,3,Erzgebirge Aue 2-2 Ingolstadt,2025-12-07
Alemannia Aachen,1.33,3.65,-2.32,1.33,2.32,-0.99,0.0,0.57,-0.57,1.33,2.89,-1.56,2,2,0,2.32,22.3,22.53,46.31,0.34,1.82,92,8,7,29,20.59,15.93,25.5,3,6,3,1,10,12.4,3.45,175.27,97.7,50.3,20.61,5,Hansa Rostock 2-2 Alemannia Aachen,2025-12-07
Hansa Rostock,3.65,1.33,2.32,2.32,1.33,0.99,0.57,0.0,0.57,2.89,1.33,1.56,2,2,0,-2.32,77.7,77.47,54.16,1.82,0.34,429,24,29,7,15.93,20.59,5.96,6,3,36,14,7,347.3,96.55,4.13,2.3,193.77,79.39,3,Hansa Rostock 2-2 Alemannia Aachen,2025-12-07
Saarbrücken,0.79,3.1,-2.31,0.74,2.26,-1.52,0.04,0.08,-0.04,0.79,2.34,-1.55,1,2,-1,1.31,57.5,60.31,46.23,1.19,0.35,200,12,9,14,7.56,40.0,8.14,6,3,33,5,15,88.7,57.6,18.47,21.87,60.83,37.32,0,Waldhof Mannheim 2-1 Saarbrücken,2025-12-07
Waldhof Mannheim,3.1,0.79,2.31,2.26,0.74,1.52,0.08,0.04,0.04,2.34,0.79,1.55,2,1,1,-1.31,42.5,39.69,43.07,0.35,1.19,125,12,14,9,40.0,7.56,9.32,3,6,13,2,17,65.3,42.4,66.0,78.13,102.17,62.68,2,Waldhof Mannheim 2-1 Saarbrücken,2025-12-07
Schweinfurt,0.93,2.36,-1.43,0.56,1.74,-1.18,0.37,0.62,-0.25,0.93,2.36,-1.43,1,3,-2,-0.57,49.7,37.64,44.62,0.28,0.68,184,7,11,18,39.29,26.47,10.88,5,3,13,3,10,41.9,24.33,42.13,52.75,59.97,40.48,1,1860 München 3-1 Schweinfurt,2025-12-06
1860 München,2.36,0.93,1.43,1.74,0.56,1.18,0.62,0.37,0.25,2.36,0.93,1.43,3,1,2,0.57,50.3,62.36,47.11,0.68,0.28,221,14,18,11,26.47,39.29,11.58,3,5,18,6,14,130.3,75.67,37.73,47.25,88.17,59.52,5,1860 München 3-1 Schweinfurt,2025-12-06
Jahn Regensburg,3.48,2.59,0.89,3.43,1.51,1.92,0.05,0.32,-0.27,3.48,1.83,1.65,0,1,-1,-1.89,44.7,50.0,44.77,1.42,1.11,149,12,17,17,11.97,15.32,11.35,6,5,31,6,11,90.1,44.89,85.47,79.53,130.33,59.54,5,Hoffenheim II 1-0 Jahn Regensburg,2025-12-06
Hoffenheim II,2.59,3.48,-0.89,1.51,3.43,-1.92,0.32,0.05,0.27,1.83,3.48,-1.65,1,0,1,1.89,55.3,50.0,39.37,1.11,1.42,133,14,17,17,15.32,11.97,8.44,5,6,11,4,9,110.6,55.11,22.0,20.47,88.57,40.46,2,Hoffenheim II 1-0 Jahn Regensburg,2025-12-06
Verl,2.56,2.19,0.37,1.42,0.59,0.83,0.38,1.6,-1.22,1.8,2.19,-0.39,2,2,0,-0.37,65.5,61.4,45.94,0.79,0.61,235,15,11,15,13.92,24.59,7.93,8,3,14,9,9,127.9,61.34,5.13,4.46,88.6,43.28,2,Havelse 2-2 Verl,2025-12-06
Havelse,2.19,2.56,-0.37,0.59,1.42,-0.83,1.6,0.38,1.22,2.19,1.8,0.39,2,2,0,0.37,34.5,38.6,46.4,0.61,0.79,127,13,15,11,24.59,13.92,18.27,3,8,15,7,12,80.6,38.66,109.93,95.54,116.1,56.72,2,Havelse 2-2 Verl,2025-12-06
MSV Duisburg,1.15,2.74,-1.59,1.15,2.74,-1.59,0.0,0.0,0.0,1.15,2.74,-1.59,2,3,-1,0.59,51.5,59.14,45.19,0.57,0.76,191,18,12,13,21.05,17.11,11.36,6,3,18,3,11,86.8,60.87,44.27,39.27,63.01,35.04,1,Energie Cottbus 3-2 MSV Duisburg,2025-12-06
Energie Cottbus,2.74,1.15,1.59,2.74,1.15,1.59,0.0,0.0,0.0,2.74,1.15,1.59,3,2,1,-0.59,48.5,40.86,41.62,0.76,0.57,174,14,13,12,17.11,21.05,14.38,3,6,13,4,10,55.8,39.13,68.47,60.73,116.82,64.96,2,Energie Cottbus 3-2 MSV Duisburg,2025-12-06
Wehen Wiesbaden,0.71,1.45,-0.74,0.71,1.03,-0.32,0.0,0.43,-0.43,0.71,1.45,-0.74,1,0,1,1.74,34.4,33.82,42.55,0.33,1.24,134,6,8,16,24.24,12.9,13.91,1,4,14,0,21,41.4,17.11,83.13,75.81,94.8,37.81,2,Osnabrück 0-1 Wehen Wiesbaden,2025-12-06
Osnabrück,1.45,0.71,0.74,1.03,0.71,0.32,0.43,0.0,0.43,1.45,0.71,0.74,0,1,-1,-1.74,65.6,66.18,48.61,1.24,0.33,288,28,16,8,12.9,24.24,8.42,4,1,29,8,11,200.6,82.89,26.53,24.19,155.9,62.19,1,Osnabrück 0-1 Wehen Wiesbaden,2025-12-06
Ulm,1.23,1.71,-0.48,1.15,0.98,0.17,0.08,0.73,-0.65,1.23,1.71,-0.48,1,0,1,1.48,37.2,44.4,44.02,1.24,0.42,141,11,11,17,8.87,40.48,14.66,4,3,21,5,15,70.2,38.76,145.6,90.66,162.33,75.62,0,Viktoria Köln 0-1 Ulm,2025-12-06
Viktoria Köln,1.71,1.23,0.48,0.98,1.15,-0.17,0.73,0.08,0.65,1.71,1.23,0.48,0,1,-1,-1.48,62.8,55.6,41.18,0.42,1.24,215,15,17,11,40.48,8.87,9.39,3,4,33,14,10,110.9,61.24,15.0,9.34,52.33,24.38,3,Viktoria Köln 0-1 Ulm,2025-12-06
Stuttgart II,3.7,3.11,0.59,3.7,1.57,2.13,0.0,0.78,-0.78,3.7,2.35,1.35,1,1,0,-0.59,60.3,59.03,46.83,1.74,0.98,266,25,19,18,10.92,18.37,7.29,10,5,15,3,11,139.3,69.48,17.93,16.07,109.7,51.02,6,Rot-Weiss Essen 1-1 Stuttgart II,2025-12-05
Rot-Weiss Essen,3.11,3.7,-0.59,1.57,3.7,-2.13,0.78,0.0,0.78,2.35,3.7,-1.35,1,1,0,0.59,39.7,40.97,43.84,0.98,1.74,146,14,18,19,18.37,10.92,13.23,5,10,23,4,12,61.2,30.52,93.67,83.93,105.33,48.98,11,Rot-Weiss Essen 1-1 Stuttgart II,2025-12-05
Havelse,2.14,3.39,-1.25,2.08,3.29,-1.21,0.06,0.09,-0.03,2.14,3.39,-1.25,1,2,-1,0.25,40.3,49.86,48.73,0.9,1.01,171,16,14,23,15.56,22.77,12.34,4,3,13,3,17,73.0,34.66,105.6,88.44,106.37,43.51,2,Stuttgart II 2-1 Havelse,2025-11-30
Stuttgart II,3.39,2.14,1.25,3.29,2.08,1.21,0.09,0.06,0.03,3.39,2.14,1.25,2,1,1,-0.25,59.7,50.14,43.83,1.01,0.9,199,18,23,14,22.77,15.56,6.21,3,4,18,8,17,137.6,65.34,13.8,11.56,138.1,56.49,2,Stuttgart II 2-1 Havelse,2025-11-30
Osnabrück,1.4,1.64,-0.24,0.84,1.52,-0.68,0.56,0.12,0.44,1.4,1.64,-0.24,1,4,-3,-2.76,34.5,53.18,48.64,0.53,0.5,189,7,11,14,20.75,28.0,23.04,9,6,13,4,11,70.6,43.15,194.8,93.78,98.87,43.33,1,Verl 4-1 Osnabrück,2025-11-30
Verl,1.64,1.4,0.24,1.52,0.84,0.68,0.12,0.56,-0.44,1.64,1.4,0.24,4,1,3,2.76,65.5,46.82,39.68,0.5,0.53,216,14,14,11,28.0,20.75,10.76,6,9,10,6,7,93.0,56.85,12.93,6.22,129.29,56.67,1,Verl 4-1 Osnabrück,2025-11-30
Hansa Rostock,4.21,1.07,3.14,3.33,1.03,2.3,0.12,0.04,0.08,3.45,1.07,2.38,3,0,3,-0.14,63.2,61.79,46.47,1.22,0.5,272,22,16,10,13.11,20.0,7.03,7,4,20,5,15,140.3,79.76,5.67,4.6,85.73,58.26,2,Jahn Regensburg 0-3 Hansa Rostock,2025-11-30
Jahn Regensburg,1.07,4.21,-3.14,1.03,3.33,-2.3,0.04,0.12,-0.08,1.07,3.45,-2.38,0,3,-3,0.14,36.8,38.21,43.22,0.5,1.22,145,5,10,16,20.0,13.11,18.5,4,7,14,1,14,35.6,20.24,117.67,95.4,61.43,41.74,4,Jahn Regensburg 0-3 Hansa Rostock,2025-11-30
Waldhof Mannheim,2.6,2.85,-0.25,2.4,2.72,-0.32,0.19,0.13,0.06,2.6,2.85,-0.25,3,2,1,1.25,36.6,39.16,44.89,0.77,0.95,131,10,10,12,12.99,12.63,10.17,10,2,18,3,19,62.4,36.26,125.93,95.79,142.43,79.37,0,Schweinfurt 2-3 Waldhof Mannheim,2025-11-29
Schweinfurt,2.85,2.6,0.25,2.72,2.4,0.32,0.13,0.19,-0.06,2.85,2.6,0.25,2,3,-1,-1.25,63.4,60.84,45.55,0.95,0.77,227,12,12,10,12.63,12.99,6.89,2,10,24,1,15,109.7,63.74,5.53,4.21,37.03,20.63,2,Schweinfurt 2-3 Waldhof Mannheim,2025-11-29
Alemannia Aachen,0.95,1.49,-0.54,0.92,1.34,-0.42,0.02,0.16,-0.14,0.95,1.49,-0.54,1,3,-2,-1.46,55.3,46.67,43.24,0.25,0.67,166,5,7,10,28.0,14.93,8.22,6,6,15,6,12,48.3,41.25,41.2,38.99,20.03,10.7,5,MSV Duisburg 3-1 Alemannia Aachen,2025-11-29
MSV Duisburg,1.49,0.95,0.54,1.34,0.92,0.42,0.16,0.02,0.14,1.49,0.95,0.54,3,1,2,1.46,44.7,53.33,45.2,0.67,0.25,152,9,10,7,14.93,28.0,9.59,6,6,15,3,15,68.8,58.75,64.47,61.01,167.17,89.3,0,MSV Duisburg 3-1 Alemannia Aachen,2025-11-29
Viktoria Köln,2.22,3.01,-0.79,1.08,1.18,-0.1,0.37,0.32,0.05,1.46,1.49,-0.03,2,3,-1,-0.21,54.9,42.0,45.0,0.95,1.05,203,14,12,19,12.63,18.1,10.85,1,6,23,7,17,72.5,33.56,55.6,43.08,50.1,32.04,2,Energie Cottbus 3-2 Viktoria Köln,2025-11-29
Energie Cottbus,3.01,2.22,0.79,1.18,1.08,0.1,0.32,0.37,-0.05,1.49,1.46,0.03,3,2,1,0.21,45.1,58.0,50.07,1.05,0.95,213,20,19,12,18.1,12.63,12.38,6,1,28,10,18,143.5,66.44,73.47,56.92,106.27,67.96,2,Energie Cottbus 3-2 Viktoria Köln,2025-11-29
1860 München,1.73,0.54,1.19,1.68,0.54,1.14,0.05,0.0,0.05,1.73,0.54,1.19,1,0,1,-0.19,39.4,31.21,38.1,0.36,0.42,104,10,7,10,19.44,23.81,14.45,1,6,9,3,19,33.6,20.01,71.47,75.92,78.17,52.1,2,Ulm 0-1 1860 München,2025-11-29
Ulm,0.54,1.73,-1.19,0.54,1.68,-1.14,0.0,0.05,-0.05,0.54,1.73,-1.19,0,1,-1,0.19,60.6,68.79,51.66,0.42,0.36,329,9,10,7,23.81,19.44,8.25,6,1,25,8,16,134.3,79.99,22.67,24.08,71.87,47.9,3,Ulm 0-1 1860 München,2025-11-29
Hoffenheim II,1.59,2.95,-1.36,0.85,1.9,-1.05,0.75,0.28,0.47,1.59,2.19,-0.6,2,3,-1,0.36,58.7,51.49,46.11,0.82,1.23,252,16,14,19,17.07,15.45,11.64,1,8,16,4,15,99.1,45.79,3.8,2.77,65.13,24.02,1,Ingolstadt 3-2 Hoffenheim II,2025-11-29
Ingolstadt,2.95,1.59,1.36,1.9,0.85,1.05,0.28,0.75,-0.47,2.19,1.59,0.6,3,2,1,-0.36,41.3,48.51,47.03,1.23,0.82,171,20,19,14,15.45,17.07,12.8,8,1,29,10,15,117.3,54.21,133.6,97.23,206.03,75.98,3,Ingolstadt 3-2 Hoffenheim II,2025-11-29
Rot-Weiss Essen,3.11,2.13,0.98,2.15,1.89,0.26,0.2,0.24,-0.04,2.35,2.13,0.22,3,2,1,0.02,53.0,43.34,46.38,0.71,1.08,196,11,14,11,19.72,10.19,10.93,4,2,15,3,10,67.4,43.99,15.07,19.59,44.9,28.64,4,Saarbrücken 2-3 Rot-Weiss Essen,2025-11-29
Saarbrücken,2.13,3.11,-0.98,1.89,2.15,-0.26,0.24,0.2,0.04,2.13,2.35,-0.22,2,3,-1,-0.02,47.0,56.66,50.17,1.08,0.71,215,16,11,14,10.19,19.72,15.48,2,4,37,9,9,85.8,56.01,61.87,80.41,111.9,71.36,0,Saarbrücken 2-3 Rot-Weiss Essen,2025-11-29
Erzgebirge Aue,1.91,2.09,-0.18,1.82,1.66,0.16,0.08,0.42,-0.34,1.91,2.09,-0.18,1,3,-2,-1.82,58.2,52.17,44.55,0.53,0.68,219,12,11,17,20.75,25.0,11.46,5,5,16,4,10,106.3,51.65,11.87,9.92,53.87,30.68,0,Wehen Wiesbaden 3-1 Erzgebirge Aue,2025-11-28
Wehen Wiesbaden,2.09,1.91,0.18,1.66,1.82,-0.16,0.42,0.08,0.34,2.09,1.91,0.18,3,1,2,1.82,41.8,47.83,48.19,0.68,0.53,184,16,17,11,25.0,20.75,17.15,5,5,26,9,8,99.5,48.35,107.8,90.08,121.7,69.32,3,Wehen Wiesbaden 3-1 Erzgebirge Aue,2025-11-28
Energie Cottbus,3.98,2.36,1.62,3.14,1.98,1.16,0.09,0.39,-0.3,3.22,2.36,0.86,3,2,1,-0.62,29.2,27.59,44.69,0.61,1.39,99,9,13,21,21.31,15.11,19.57,3,11,11,1,12,39.0,15.43,129.93,97.84,127.33,63.98,1,Rot-Weiss Essen 2-3 Energie Cottbus,2025-11-23
Rot-Weiss Essen,2.36,3.98,-1.62,1.98,3.14,-1.16,0.39,0.09,0.3,2.36,3.22,-0.86,2,3,-1,0.62,70.8,72.41,53.55,1.39,0.61,358,18,21,13,15.11,21.31,4.6,11,3,43,8,14,213.7,84.57,2.87,2.16,71.67,36.02,5,Rot-Weiss Essen 2-3 Energie Cottbus,2025-11-23
Stuttgart II,3.26,0.83,2.43,2.43,0.46,1.97,0.07,0.36,-0.29,2.5,0.83,1.67,0,0,0,-2.43,57.8,56.98,44.27,1.08,0.21,184,17,22,9,20.37,42.86,8.34,5,2,16,6,14,122.6,70.66,30.53,28.36,98.5,57.3,2,Erzgebirge Aue 0-0 Stuttgart II,2025-11-23
Erzgebirge Aue,0.83,3.26,-2.43,0.46,2.43,-1.97,0.36,0.07,0.29,0.83,2.5,-1.67,0,0,0,2.43,42.2,43.02,42.92,0.21,1.08,129,7,9,22,42.86,20.37,10.94,2,5,10,3,15,50.9,29.34,77.13,71.64,73.4,42.7,2,Erzgebirge Aue 0-0 Stuttgart II,2025-11-23
Saarbrücken,0.46,2.76,-2.3,0.39,1.8,-1.41,0.08,0.2,-0.12,0.46,2.0,-1.54,0,2,-2,0.3,50.5,49.12,47.1,0.51,0.51,209,13,8,18,15.69,35.29,10.75,2,4,25,7,15,57.8,32.0,37.67,45.53,50.93,23.29,0,1860 München 2-0 Saarbrücken,2025-11-23
1860 München,2.76,0.46,2.3,1.8,0.39,1.41,0.2,0.08,0.12,2.0,0.46,1.54,2,0,2,-0.3,49.5,50.88,47.56,0.51,0.51,215,17,18,8,35.29,15.69,11.38,4,2,22,6,8,122.8,68.0,45.07,54.47,167.77,76.71,6,1860 München 2-0 Saarbrücken,2025-11-23
Ingolstadt,1.27,1.28,-0.01,0.52,1.19,-0.67,0.74,0.08,0.66,1.27,1.28,-0.01,0,1,-1,-0.99,55.3,43.4,39.83,1.28,1.03,146,13,14,14,10.94,13.59,9.65,5,7,15,4,14,64.1,40.24,11.87,12.19,51.9,24.81,1,Osnabrück 1-0 Ingolstadt,2025-11-22
Osnabrück,1.28,1.27,0.01,1.19,0.52,0.67,0.08,0.74,-0.66,1.28,1.27,0.01,1,0,1,0.99,44.7,56.6,48.03,1.03,1.28,194,11,14,14,13.59,10.94,12.86,7,5,17,5,13,95.2,59.76,85.47,87.81,157.3,75.19,2,Osnabrück 1-0 Ingolstadt,2025-11-22
Jahn Regensburg,2.71,1.61,1.1,2.64,1.34,1.3,0.06,0.27,-0.21,2.71,1.61,1.1,2,0,2,0.9,49.0,48.0,44.22,1.14,0.75,169,17,13,14,11.4,18.67,9.21,9,7,16,6,12,97.5,55.18,49.93,61.14,127.63,75.05,4,Alemannia Aachen 0-2 Jahn Regensburg,2025-11-22
Alemannia Aachen,1.61,2.71,-1.1,1.34,2.64,-1.3,0.27,0.06,0.21,1.61,2.71,-1.1,0,2,-2,-0.9,51.0,52.0,45.08,0.75,1.14,185,11,14,13,18.67,11.4,8.27,7,9,15,8,18,79.2,44.82,31.73,38.86,42.43,24.95,1,Alemannia Aachen 0-2 Jahn Regensburg,2025-11-22
Ulm,0.64,2.34,-1.7,0.47,1.45,-0.98,0.17,0.89,-0.72,0.64,2.34,-1.7,1,2,-1,0.7,66.0,53.16,42.02,0.9,0.6,189,10,10,11,11.11,18.33,5.17,5,8,21,4,16,81.2,61.89,1.0,0.71,33.97,15.97,0,Havelse 2-1 Ulm,2025-11-22
Havelse,2.34,0.64,1.7,1.45,0.47,0.98,0.89,0.17,0.72,2.34,0.64,1.7,2,1,1,-0.7,34.0,46.84,51.08,0.6,0.9,144,10,11,10,18.33,11.11,10.98,8,5,12,6,19,50.0,38.11,139.47,99.29,178.7,84.03,1,Havelse 2-1 Ulm,2025-11-22
Schweinfurt,0.95,5.65,-4.7,0.95,4.66,-3.71,0.0,0.99,-0.99,0.95,5.65,-4.7,0,2,-2,2.7,38.2,29.9,43.17,0.12,1.72,102,9,10,32,83.33,18.6,19.94,2,10,10,3,10,25.9,9.87,49.67,74.06,37.33,14.05,3,Hansa Rostock 2-0 Schweinfurt,2025-11-22
Hansa Rostock,5.65,0.95,4.7,4.66,0.95,3.71,0.99,0.0,0.99,5.65,0.95,4.7,2,0,2,-2.7,61.8,70.1,52.61,1.72,0.12,266,29,32,10,18.6,83.33,5.8,10,2,30,13,12,236.5,90.13,17.4,25.94,228.27,85.95,3,Hansa Rostock 2-0 Schweinfurt,2025-11-22
Verl,2.14,1.05,1.09,2.08,0.89,1.19,0.06,0.17,-0.11,2.14,1.05,1.09,5,1,4,2.91,59.8,47.93,37.35,0.89,0.18,164,10,10,9,11.24,50.0,8.33,8,13,7,1,15,90.8,56.71,25.47,18.79,68.4,46.85,0,Viktoria Köln 1-5 Verl,2025-11-22
Viktoria Köln,1.05,2.14,-1.09,0.89,2.08,-1.19,0.17,0.06,0.11,1.05,2.14,-1.09,1,5,-4,-2.91,40.2,52.07,41.03,0.18,0.89,153,8,9,10,50.0,11.24,12.4,13,8,16,4,15,69.3,43.29,110.07,81.21,77.6,53.15,3,Viktoria Köln 1-5 Verl,2025-11-22
Wehen Wiesbaden,1.51,2.03,-0.52,0.73,1.59,-0.86,0.78,0.44,0.34,1.51,2.03,-0.52,0,1,-1,-0.48,50.7,54.74,45.61,0.52,0.43,170,15,12,16,23.08,37.21,10.48,4,5,19,4,13,83.4,50.39,32.93,40.62,80.97,44.0,1,Waldhof Mannheim 1-0 Wehen Wiesbaden,2025-11-22
Waldhof Mannheim,2.03,1.51,0.52,1.59,0.73,0.86,0.44,0.78,-0.34,2.03,1.51,0.52,1,0,1,0.48,49.3,45.26,46.38,0.43,0.52,180,13,16,12,37.21,23.08,11.14,5,4,27,10,12,82.1,49.61,48.13,59.38,103.07,56.0,1,Waldhof Mannheim 1-0 Wehen Wiesbaden,2025-11-22
MSV Duisburg,0.86,3.7,-2.84,0.83,3.64,-2.81,0.03,0.06,-0.03,0.86,3.7,-2.84,1,4,-3,-0.16,42.8,42.95,43.87,0.41,1.11,158,8,9,21,21.95,18.92,23.71,1,1,18,5,13,42.6,24.84,98.93,78.94,35.09,13.09,0,Hoffenheim II 4-1 MSV Duisburg,2025-11-21
Hoffenheim II,3.7,0.86,2.84,3.64,0.83,2.81,0.06,0.03,0.03,3.7,0.86,2.84,4,1,3,0.16,57.2,57.05,46.19,1.11,0.41,238,15,21,9,18.92,21.95,16.04,1,1,16,4,5,128.9,75.16,26.4,21.06,232.94,86.91,2,Hoffenheim II 4-1 MSV Duisburg,2025-11-21
1860 München,1.15,3.58,-2.43,0.38,2.54,-2.16,0.78,0.28,0.5,1.15,2.82,-1.67,0,4,-4,-1.57,46.3,41.54,41.77,0.76,1.21,137,11,8,22,10.53,18.18,10.09,8,6,17,8,12,42.2,22.79,45.87,58.4,42.77,18.24,6,Jahn Regensburg 4-0 1860 München,2025-11-09
Jahn Regensburg,3.58,1.15,2.43,2.54,0.38,2.16,0.28,0.78,-0.5,2.82,1.15,1.67,4,0,4,1.57,53.7,58.46,46.27,1.21,0.76,187,14,22,8,18.18,10.53,8.89,6,8,26,6,13,143.0,77.21,32.67,41.6,191.74,81.76,1,Jahn Regensburg 4-0 1860 München,2025-11-09
Alemannia Aachen,1.26,2.32,-1.06,0.5,2.01,-1.51,0.0,0.31,-0.31,0.5,2.32,-1.82,3,1,2,3.06,32.8,40.0,44.7,0.45,1.57,103,10,6,17,13.33,10.83,10.82,11,6,5,4,21,57.6,26.41,111.07,95.86,102.1,64.73,2,Stuttgart II 1-3 Alemannia Aachen,2025-11-09
Stuttgart II,2.32,1.26,1.06,2.01,0.5,1.51,0.31,0.0,0.31,2.32,0.5,1.82,1,3,-2,-3.06,67.2,60.0,44.93,1.57,0.45,192,13,17,6,10.83,13.33,4.63,6,11,26,6,15,160.5,73.59,4.8,4.14,55.63,35.27,0,Stuttgart II 1-3 Alemannia Aachen,2025-11-09
Havelse,1.79,1.59,0.2,1.06,1.18,-0.12,0.73,0.41,0.32,1.79,1.59,0.2,1,1,0,-0.2,50.8,43.82,40.85,0.37,0.81,152,6,16,11,43.24,13.58,9.3,2,4,19,8,11,60.9,44.65,24.33,25.66,50.93,27.74,3,Saarbrücken 1-1 Havelse,2025-11-08
Saarbrücken,1.59,1.79,-0.2,1.18,1.06,0.12,0.41,0.73,-0.32,1.59,1.79,-0.2,1,1,0,0.2,49.2,56.18,47.76,0.81,0.37,187,10,11,16,13.58,43.24,9.38,4,2,28,8,15,75.5,55.35,70.47,74.34,132.67,72.26,2,Saarbrücken 1-1 Havelse,2025-11-08
Hoffenheim II,2.44,0.8,1.64,2.44,0.78,1.66,0.0,0.02,-0.02,2.44,0.8,1.64,1,2,-1,-2.64,54.9,51.45,43.51,0.89,0.27,184,10,15,8,16.85,29.63,8.3,2,3,14,2,11,100.7,63.73,24.2,24.28,78.4,41.89,1,Schweinfurt 2-1 Hoffenheim II,2025-11-08
Schweinfurt,0.8,2.44,-1.64,0.78,2.44,-1.66,0.02,0.0,0.02,0.8,2.44,-1.64,2,1,1,2.64,45.1,48.55,43.3,0.27,0.89,154,4,8,15,29.63,16.85,9.57,3,2,10,1,24,57.3,36.27,75.47,75.72,108.77,58.11,1,Schweinfurt 2-1 Hoffenheim II,2025-11-08
Erzgebirge Aue,1.19,4.65,-3.46,0.96,4.53,-3.57,0.23,0.12,0.11,1.19,4.65,-3.46,1,1,0,3.46,27.1,16.92,37.67,0.29,1.6,82,6,8,28,27.59,17.5,26.21,1,13,12,5,11,17.8,4.82,138.67,91.39,19.53,5.42,3,Verl 1-1 Erzgebirge Aue,2025-11-08
Verl,4.65,1.19,3.46,4.53,0.96,3.57,0.12,0.23,-0.11,4.65,1.19,3.46,1,1,0,-3.46,72.9,83.08,54.26,1.6,0.29,447,32,28,8,17.5,27.59,6.14,13,1,22,12,8,351.8,95.18,13.07,8.61,340.53,94.58,4,Verl 1-1 Erzgebirge Aue,2025-11-08
Osnabrück,1.35,0.98,0.37,1.16,0.93,0.23,0.18,0.05,0.13,1.35,0.98,0.37,1,0,1,0.63,40.4,42.12,44.29,0.81,0.6,137,7,8,9,9.88,15.0,14.3,4,5,11,3,15,37.6,27.41,122.13,85.85,101.4,67.42,1,Energie Cottbus 0-1 Osnabrück,2025-11-08
Energie Cottbus,0.98,1.35,-0.37,0.93,1.16,-0.23,0.05,0.18,-0.13,0.98,1.35,-0.37,0,1,-1,-0.63,59.6,57.88,44.1,0.6,0.81,230,15,9,8,15.0,9.88,8.68,5,4,16,5,15,99.6,72.59,20.13,14.15,49.0,32.58,1,Energie Cottbus 0-1 Osnabrück,2025-11-08
Hansa Rostock,5.35,1.1,4.25,4.34,1.1,3.24,0.25,0.0,0.25,4.59,1.1,3.49,5,0,5,0.75,61.0,58.02,43.76,1.94,0.21,228,19,24,7,12.37,33.33,7.97,6,4,24,9,10,181.1,78.47,17.13,19.01,207.4,86.5,7,Ulm 0-5 Hansa Rostock,2025-11-08
Ulm,1.1,5.35,-4.25,1.1,4.34,-3.24,0.0,0.25,-0.25,1.1,4.59,-3.49,0,5,-5,-0.75,39.0,41.98,42.3,0.21,1.94,144,4,7,24,33.33,12.37,14.97,4,6,11,6,17,49.7,21.53,73.0,80.99,32.37,13.5,1,Ulm 0-5 Hansa Rostock,2025-11-08
Rot-Weiss Essen,1.91,3.15,-1.24,1.91,2.39,-0.48,0.0,0.0,0.0,1.91,2.39,-0.48,2,1,1,2.24,46.7,52.21,48.45,1.15,1.16,194,18,19,16,16.52,13.79,13.28,4,5,22,5,12,72.1,54.95,70.93,73.69,105.5,77.92,6,Ingolstadt 1-2 Rot-Weiss Essen,2025-11-08
Ingolstadt,3.15,1.91,1.24,2.39,1.91,0.48,0.0,0.0,0.0,2.39,1.91,0.48,1,2,-1,-2.24,53.3,47.79,43.91,1.16,1.15,174,19,16,19,13.79,16.52,9.67,5,4,19,1,15,59.1,45.05,25.33,26.31,29.9,22.08,4,Ingolstadt 1-2 Rot-Weiss Essen,2025-11-08
Waldhof Mannheim,1.97,2.66,-0.69,1.9,2.17,-0.27,0.07,0.49,-0.42,1.97,2.66,-0.69,1,2,-1,-0.31,58.3,50.97,44.51,0.61,0.34,165,14,13,15,21.31,44.12,7.38,1,4,29,7,9,60.0,43.7,5.53,9.3,36.4,21.35,3,MSV Duisburg 2-1 Waldhof Mannheim,2025-11-07
MSV Duisburg,2.66,1.97,0.69,2.17,1.9,0.27,0.49,0.07,0.42,2.66,1.97,0.69,2,1,1,0.31,41.7,49.03,49.24,0.34,0.61,151,7,15,13,44.12,21.31,11.28,4,1,29,10,16,77.3,56.3,53.93,90.7,134.1,78.65,2,MSV Duisburg 2-1 Waldhof Mannheim,2025-11-07
Saarbrücken,2.06,1.26,0.8,0.97,1.26,-0.29,1.09,0.0,1.09,2.06,1.26,0.8,0,2,-2,-2.8,66.8,66.56,43.46,1.12,0.55,237,22,18,10,16.07,18.18,8.66,3,7,33,10,13,173.3,84.83,22.53,11.28,61.0,32.21,0,Alemannia Aachen 2-0 Saarbrücken,2025-11-02
Alemannia Aachen,1.26,2.06,-0.8,1.26,0.97,0.29,0.0,1.09,-1.09,1.26,2.06,-0.8,2,0,2,2.8,33.2,33.44,44.98,0.55,1.12,130,4,10,18,18.18,16.07,13.95,7,3,2,0,11,31.0,15.17,177.2,88.72,128.4,67.79,2,Alemannia Aachen 2-0 Saarbrücken,2025-11-02
Schweinfurt,2.29,2.94,-0.65,1.43,2.65,-1.22,0.1,0.3,-0.2,1.53,2.94,-1.41,1,2,-1,-0.35,44.8,42.26,46.11,0.42,0.65,161,10,17,24,40.48,36.92,10.15,3,7,16,4,16,58.5,30.33,46.07,50.96,52.37,27.51,3,Rot-Weiss Essen 2-1 Schweinfurt,2025-11-02
Rot-Weiss Essen,2.94,2.29,0.65,2.65,1.43,1.22,0.3,0.1,0.2,2.94,1.53,1.41,2,1,1,0.35,55.2,57.74,52.08,0.65,0.42,262,18,24,17,36.92,40.48,8.76,7,3,33,12,11,134.4,69.67,44.33,49.04,138.03,72.49,6,Rot-Weiss Essen 2-1 Schweinfurt,2025-11-02
Waldhof Mannheim,4.36,3.36,1.0,3.95,2.14,1.81,0.41,1.23,-0.82,4.36,3.36,1.0,0,2,-2,-3.0,56.5,54.71,42.77,1.95,1.35,157,22,23,19,11.79,14.07,8.46,3,4,26,4,21,121.4,58.06,34.8,35.9,109.53,50.61,2,Hoffenheim II 2-0 Waldhof Mannheim,2025-11-02
Hoffenheim II,3.36,4.36,-1.0,2.14,3.95,-1.81,1.23,0.41,0.82,3.36,4.36,-1.0,2,0,2,3.0,43.5,45.29,42.84,1.35,1.95,141,15,19,23,14.07,11.79,10.32,4,3,18,5,17,87.7,41.94,62.13,64.1,106.87,49.39,0,Hoffenheim II 2-0 Waldhof Mannheim,2025-11-02
Verl,1.83,3.44,-1.61,1.82,2.09,-0.27,0.01,1.34,-1.33,1.83,3.44,-1.61,2,2,0,1.61,60.0,46.72,40.99,0.56,0.76,183,11,12,21,21.43,27.63,9.06,5,4,10,5,10,68.6,41.96,24.8,19.59,41.7,23.01,2,Hansa Rostock 2-2 Verl,2025-11-01
Hansa Rostock,3.44,1.83,1.61,2.09,1.82,0.27,1.34,0.01,1.33,3.44,1.83,1.61,2,2,0,-1.61,40.0,53.28,45.47,0.76,0.56,162,19,21,12,27.63,21.43,12.89,4,5,17,8,19,94.9,58.04,101.8,80.41,139.5,76.99,4,Hansa Rostock 2-2 Verl,2025-11-01
Energie Cottbus,1.08,1.41,-0.33,0.34,0.46,-0.12,0.75,0.19,0.56,1.08,0.65,0.43,0,3,-3,-2.67,48.7,55.97,48.59,0.62,0.26,211,14,15,10,24.19,38.46,12.24,5,6,24,14,13,120.9,61.25,50.73,60.44,112.2,52.68,1,1860 München 3-0 Energie Cottbus,2025-11-01
1860 München,1.41,1.08,0.33,0.46,0.34,0.12,0.19,0.75,-0.56,0.65,1.08,-0.43,3,0,3,2.67,51.3,44.03,41.65,0.26,0.62,152,6,10,15,38.46,24.19,11.73,6,5,14,6,10,76.5,38.75,33.2,39.56,100.8,47.32,3,1860 München 3-0 Energie Cottbus,2025-11-01
Wehen Wiesbaden,1.23,2.02,-0.79,1.23,1.57,-0.34,0.0,0.45,-0.45,1.23,2.02,-0.79,2,0,2,2.79,49.1,51.06,43.4,0.44,0.82,139,5,9,17,20.45,20.73,9.86,9,6,14,2,12,69.4,46.39,62.87,60.84,99.73,57.93,1,Havelse 0-2 Wehen Wiesbaden,2025-11-01
Havelse,2.02,1.23,0.79,1.57,1.23,0.34,0.45,0.0,0.45,2.02,1.23,0.79,0,2,-2,-2.79,50.9,48.94,40.51,0.82,0.44,143,10,17,9,20.73,20.45,8.12,6,9,17,8,21,80.2,53.61,40.47,39.16,72.43,42.07,1,Havelse 0-2 Wehen Wiesbaden,2025-11-01
MSV Duisburg,0.34,2.21,-1.87,0.34,1.86,-1.52,0.0,0.35,-0.35,0.34,2.21,-1.87,0,0,0,1.87,50.4,43.94,42.11,0.25,0.64,166,7,6,15,24.0,23.44,9.95,12,4,8,0,14,33.6,19.79,41.13,42.14,32.6,17.8,1,Osnabrück 0-0 MSV Duisburg,2025-11-01
Osnabrück,2.21,0.34,1.87,1.86,0.34,1.52,0.35,0.0,0.35,2.21,0.34,1.87,0,0,0,-1.87,49.6,56.06,46.44,0.64,0.25,209,16,15,6,23.44,24.0,13.83,4,12,23,6,7,136.2,80.21,56.47,57.86,150.53,82.2,3,Osnabrück 0-0 MSV Duisburg,2025-11-01
Jahn Regensburg,2.6,1.89,0.71,2.03,1.17,0.86,0.57,0.72,-0.15,2.6,1.89,0.71,3,4,-1,-1.71,47.2,45.65,44.34,0.92,0.81,133,16,21,18,22.83,22.22,7.0,3,3,18,7,16,74.8,51.84,46.07,66.89,90.27,61.84,3,Erzgebirge Aue 4-3 Jahn Regensburg,2025-11-01
Erzgebirge Aue,1.89,2.6,-0.71,1.17,2.03,-0.86,0.72,0.57,0.15,1.89,2.6,-0.71,4,3,1,1.71,52.8,54.35,44.86,0.81,0.92,155,14,18,21,22.22,22.83,9.1,3,3,25,10,14,69.5,48.16,22.8,33.11,55.7,38.16,4,Erzgebirge Aue 4-3 Jahn Regensburg,2025-11-01
Stuttgart II,3.61,1.33,2.28,3.56,0.93,2.63,0.06,0.4,-0.34,3.61,1.33,2.28,3,1,2,-0.28,58.3,64.57,48.27,0.81,0.66,210,13,19,7,23.46,10.61,6.71,6,8,23,9,11,140.8,75.74,24.8,23.94,114.37,71.82,2,Ulm 1-3 Stuttgart II,2025-11-01
Ulm,1.33,3.61,-2.28,0.93,3.56,-2.63,0.4,0.06,0.34,1.33,3.61,-2.28,1,3,-2,0.28,41.7,35.43,44.19,0.66,0.81,125,10,7,19,10.61,23.46,9.45,8,6,12,5,21,45.1,24.26,78.8,76.06,44.87,28.18,0,Ulm 1-3 Stuttgart II,2025-11-01
Ingolstadt,1.7,3.23,-1.53,1.44,3.14,-1.7,0.25,0.08,0.17,1.7,3.23,-1.53,1,3,-2,-0.47,42.9,42.63,41.11,0.72,1.13,144,9,8,20,11.11,17.7,13.77,7,5,17,3,15,26.8,18.11,63.33,69.24,43.13,31.83,1,Viktoria Köln 3-1 Ingolstadt,2025-10-31
Viktoria Köln,3.23,1.7,1.53,3.14,1.44,1.7,0.08,0.25,-0.17,3.23,1.7,1.53,3,1,2,0.47,57.1,57.37,43.58,1.13,0.72,196,18,20,8,17.7,11.11,12.22,5,7,21,9,10,121.2,81.89,28.13,30.76,92.37,68.17,8,Viktoria Köln 3-1 Ingolstadt,2025-10-31
Rot-Weiss Essen,1.07,3.19,-2.12,1.07,2.04,-0.97,0.0,1.15,-1.15,1.07,3.19,-2.12,1,1,0,2.12,61.7,49.26,45.04,0.29,2.07,202,3,13,20,44.83,9.66,7.61,5,6,14,2,8,80.3,38.75,11.8,10.23,32.73,16.06,1,MSV Duisburg 1-1 Rot-Weiss Essen,2025-10-26
MSV Duisburg,3.19,1.07,2.12,2.04,1.07,0.97,1.15,0.0,1.15,3.19,1.07,2.12,1,1,0,-2.12,38.3,50.74,47.7,2.07,0.29,157,19,20,13,9.66,44.83,12.83,6,5,32,10,13,126.9,61.25,103.6,89.77,171.13,83.94,3,MSV Duisburg 1-1 Rot-Weiss Essen,2025-10-26
Hansa Rostock,2.98,2.55,0.43,2.05,0.87,1.18,0.17,0.16,0.01,2.22,1.03,1.19,4,2,2,1.57,44.9,51.3,44.09,0.91,1.0,179,13,18,9,19.78,9.0,12.05,3,4,15,6,13,115.4,62.24,79.87,62.92,156.97,83.61,1,Viktoria Köln 2-4 Hansa Rostock,2025-10-26
Viktoria Köln,2.55,2.98,-0.43,0.87,2.05,-1.18,0.16,0.17,-0.01,1.03,2.22,-1.19,2,4,-2,-1.57,55.1,48.7,41.68,1.0,0.91,187,15,9,18,9.0,19.78,11.63,4,3,18,4,14,70.0,37.76,47.07,37.08,30.77,16.39,6,Viktoria Köln 2-4 Hansa Rostock,2025-10-26
Erzgebirge Aue,1.14,1.8,-0.66,0.65,1.5,-0.85,0.49,0.29,0.2,1.14,1.8,-0.66,1,1,0,0.66,49.3,46.52,44.4,0.85,1.17,193,10,16,13,18.82,11.11,15.83,3,7,19,8,15,86.2,48.08,49.4,49.07,61.43,27.85,1,Hoffenheim II 1-1 Erzgebirge Aue,2025-10-26
Hoffenheim II,1.8,1.14,0.66,1.5,0.65,0.85,0.29,0.49,-0.2,1.8,1.14,0.66,1,1,0,-0.66,50.7,53.48,48.89,1.17,0.85,254,12,13,16,11.11,18.82,9.24,7,3,12,4,11,93.1,51.92,51.27,50.93,159.13,72.15,2,Hoffenheim II 1-1 Erzgebirge Aue,2025-10-26
Osnabrück,2.6,1.22,1.38,2.0,1.2,0.8,0.6,0.01,0.59,2.6,1.22,1.38,2,1,1,-0.38,50.3,58.02,51.03,1.03,0.72,241,17,20,14,19.42,19.44,14.69,3,4,32,10,10,134.6,72.09,58.8,61.12,160.7,86.96,2,Schweinfurt 1-2 Osnabrück,2025-10-25
Schweinfurt,1.22,2.6,-1.38,1.2,2.0,-0.8,0.01,0.6,-0.59,1.22,2.6,-1.38,1,2,-1,0.38,49.7,41.98,44.67,0.72,1.03,171,9,14,20,19.44,19.42,13.04,4,3,18,2,9,52.1,27.91,37.4,38.88,24.1,13.04,3,Schweinfurt 1-2 Osnabrück,2025-10-25
Ulm,0.42,2.28,-1.86,0.36,2.03,-1.67,0.06,0.24,-0.18,0.42,2.28,-1.86,0,5,-5,-3.14,35.5,40.96,41.0,0.38,0.52,137,4,5,18,13.16,34.62,20.38,5,7,15,7,11,36.8,19.4,139.27,83.0,51.94,15.74,0,Verl 5-0 Ulm,2025-10-25
Verl,2.28,0.42,1.86,2.03,0.36,1.67,0.24,0.06,0.18,2.28,0.42,1.86,5,0,5,3.14,64.5,59.04,42.79,0.52,0.38,256,15,18,5,34.62,13.16,11.96,7,5,6,4,12,152.9,80.6,28.53,17.0,278.15,84.26,3,Verl 5-0 Ulm,2025-10-25
Stuttgart II,3.3,2.04,1.26,2.03,1.44,0.59,0.5,0.6,-0.1,2.54,2.04,0.5,2,3,-1,-2.26,55.7,57.48,46.17,0.97,1.13,218,16,19,12,19.59,10.62,9.79,5,6,15,4,11,121.1,65.49,33.47,29.78,117.47,55.62,3,Jahn Regensburg 3-2 Stuttgart II,2025-10-25
Jahn Regensburg,2.04,3.3,-1.26,1.44,2.03,-0.59,0.6,0.5,0.1,2.04,2.54,-0.5,3,2,1,2.26,44.3,42.52,45.45,1.13,0.97,158,14,12,19,10.62,19.59,11.19,6,5,30,8,12,63.8,34.51,78.93,70.22,93.73,44.38,0,Jahn Regensburg 3-2 Stuttgart II,2025-10-25
Havelse,2.23,2.52,-0.29,2.16,2.39,-0.23,0.07,0.13,-0.06,2.23,2.52,-0.29,3,4,-1,-0.71,41.7,37.32,41.73,0.65,1.51,112,7,13,15,20.0,9.93,10.86,2,7,14,2,15,30.1,17.39,47.4,58.09,34.7,15.7,3,Energie Cottbus 4-3 Havelse,2025-10-25
Energie Cottbus,2.52,2.23,0.29,2.39,2.16,0.23,0.13,0.07,0.06,2.52,2.23,0.29,4,3,1,0.71,58.3,62.68,46.36,1.51,0.65,217,14,15,13,9.93,20.0,7.77,7,2,21,4,19,143.0,82.61,34.2,41.91,186.33,84.3,0,Energie Cottbus 4-3 Havelse,2025-10-25
Saarbrücken,0.64,1.87,-1.23,0.61,1.82,-1.21,0.04,0.05,-0.01,0.64,1.87,-1.23,1,2,-1,0.23,47.2,45.9,43.32,0.71,1.19,169,6,6,18,8.45,15.13,20.84,1,5,14,2,7,41.6,27.88,37.8,42.15,32.33,20.14,1,Ingolstadt 2-1 Saarbrücken,2025-10-25
Ingolstadt,1.87,0.64,1.23,1.82,0.61,1.21,0.05,0.04,0.01,1.87,0.64,1.23,2,1,1,-0.23,52.8,54.1,45.4,1.19,0.71,200,17,18,6,15.13,8.45,10.29,5,1,35,7,10,107.6,72.12,51.87,57.85,128.2,79.86,4,Ingolstadt 2-1 Saarbrücken,2025-10-25
1860 München,1.2,1.66,-0.46,1.2,1.66,-0.46,0.0,0.0,0.0,1.2,1.66,-0.46,1,3,-2,-1.54,43.3,36.5,40.83,0.34,0.56,124,10,14,21,41.18,37.5,11.38,5,5,13,1,16,60.6,28.5,68.13,70.0,63.1,30.1,4,Waldhof Mannheim 3-1 1860 München,2025-10-25
Waldhof Mannheim,1.66,1.2,0.46,1.66,1.2,0.46,0.0,0.0,0.0,1.66,1.2,0.46,3,1,2,1.54,56.7,63.5,48.57,0.56,0.34,230,18,21,14,37.5,41.18,8.15,5,5,18,7,13,152.0,71.5,29.2,30.0,146.5,69.9,3,Waldhof Mannheim 3-1 1860 München,2025-10-25
Alemannia Aachen,2.61,3.03,-0.42,1.6,1.86,-0.26,0.25,0.41,-0.16,1.85,2.27,-0.42,2,1,1,1.42,36.2,37.15,44.34,0.48,1.56,124,8,13,15,27.08,9.62,15.97,6,11,9,4,13,65.7,38.76,106.2,95.5,142.13,82.94,2,Wehen Wiesbaden 1-2 Alemannia Aachen,2025-10-24
Wehen Wiesbaden,3.03,2.61,0.42,1.86,1.6,0.26,0.41,0.25,0.16,2.27,1.85,0.42,1,2,-1,-1.42,63.8,62.85,44.95,1.56,0.48,229,21,15,13,9.62,27.08,6.79,11,6,34,7,14,103.8,61.24,5.0,4.5,29.23,17.06,3,Wehen Wiesbaden 1-2 Alemannia Aachen,2025-10-24
Jahn Regensburg,2.06,1.18,0.88,2.06,1.06,1.0,0.0,0.12,-0.12,2.06,1.18,0.88,2,1,1,0.12,54.1,53.01,43.24,1.15,0.65,176,10,13,11,11.3,16.92,8.26,3,5,13,1,15,100.2,58.32,23.53,30.56,89.6,54.33,1,Havelse 1-2 Jahn Regensburg,2025-10-19
Havelse,1.18,2.06,-0.88,1.06,2.06,-1.0,0.12,0.0,0.12,1.18,2.06,-0.88,1,2,-1,-0.12,45.9,46.99,46.28,0.65,1.15,182,9,11,13,16.92,11.3,10.15,5,3,19,4,16,71.6,41.68,53.47,69.44,75.33,45.67,5,Havelse 1-2 Jahn Regensburg,2025-10-19
MSV Duisburg,1.53,2.11,-0.58,1.14,1.64,-0.5,0.39,0.47,-0.08,1.53,2.11,-0.58,1,3,-2,-1.42,61.3,71.59,47.71,0.63,0.34,235,10,15,11,23.81,32.35,9.12,3,1,24,8,18,146.4,76.69,38.67,33.18,101.07,69.83,4,1860 München 3-1 MSV Duisburg,2025-10-19
1860 München,2.11,1.53,0.58,1.64,1.14,0.5,0.47,0.39,0.08,2.11,1.53,0.58,3,1,2,1.42,38.7,28.41,37.46,0.34,0.63,89,11,11,15,32.35,23.81,12.91,1,3,12,3,14,44.5,23.31,77.87,66.82,43.67,30.17,4,1860 München 3-1 MSV Duisburg,2025-10-19
Energie Cottbus,3.11,0.81,2.3,2.09,0.81,1.28,0.27,0.0,0.27,2.35,0.81,1.54,2,1,1,-1.3,49.4,50.88,48.79,0.98,0.51,206,11,13,8,13.27,15.69,10.5,2,4,18,5,18,109.3,55.94,65.4,64.67,126.53,66.39,1,Ulm 1-2 Energie Cottbus,2025-10-19
Ulm,0.81,3.11,-2.3,0.81,2.09,-1.28,0.0,0.27,-0.27,0.81,2.35,-1.54,1,2,-1,1.3,50.6,49.12,45.07,0.51,0.98,181,10,8,13,15.69,13.27,10.24,4,2,18,4,20,86.1,44.06,35.73,35.33,64.07,33.61,0,Ulm 1-2 Energie Cottbus,2025-10-19
Viktoria Köln,1.63,1.21,0.42,1.61,1.03,0.58,0.01,0.18,-0.17,1.63,1.21,0.42,0,1,-1,-1.42,46.4,54.06,47.87,1.02,0.28,214,12,12,14,11.76,50.0,12.65,10,4,20,3,13,104.6,52.56,66.47,74.13,115.53,59.52,3,Rot-Weiss Essen 1-0 Viktoria Köln,2025-10-18
Rot-Weiss Essen,1.21,1.63,-0.42,1.03,1.61,-0.58,0.18,0.01,0.17,1.21,1.63,-0.42,1,0,1,1.42,53.6,45.94,44.13,0.28,1.02,211,5,14,12,50.0,11.76,13.31,4,10,19,4,6,94.4,47.44,23.2,25.87,78.57,40.48,5,Rot-Weiss Essen 1-0 Viktoria Köln,2025-10-18
Wehen Wiesbaden,1.46,3.43,-1.97,0.59,2.24,-1.65,0.11,0.43,-0.32,0.7,2.67,-1.97,0,3,-3,-1.03,45.3,38.97,44.2,0.48,0.81,173,9,7,23,14.58,28.4,13.54,1,4,18,4,11,55.3,22.26,48.53,55.24,42.87,16.22,2,Hansa Rostock 3-0 Wehen Wiesbaden,2025-10-18
Hansa Rostock,3.43,1.46,1.97,2.24,0.59,1.65,0.43,0.11,0.32,2.67,0.7,1.97,3,0,3,1.03,54.7,61.03,49.84,0.81,0.48,262,18,23,7,28.4,14.58,8.59,4,1,29,9,17,193.1,77.74,39.33,44.76,221.43,83.78,2,Hansa Rostock 3-0 Wehen Wiesbaden,2025-10-18
Hoffenheim II,2.53,1.35,1.18,2.53,1.26,1.27,0.0,0.08,-0.08,2.53,1.35,1.18,4,0,4,2.82,46.6,44.01,40.31,0.32,0.64,136,6,14,11,43.75,17.19,9.35,6,3,7,3,10,63.7,45.02,32.33,37.59,62.87,57.12,2,Osnabrück 0-4 Hoffenheim II,2025-10-18
Osnabrück,1.35,2.53,-1.18,1.26,2.53,-1.27,0.08,0.0,0.08,1.35,2.53,-1.18,0,4,-4,-2.82,53.4,55.99,45.23,0.64,0.32,195,19,11,14,17.19,43.75,8.13,3,6,25,6,24,77.8,54.98,53.67,62.41,47.2,42.88,2,Osnabrück 0-4 Hoffenheim II,2025-10-18
Schweinfurt,1.64,3.21,-1.57,1.46,1.31,0.15,0.18,0.38,-0.2,1.64,1.69,-0.05,0,3,-3,-1.43,47.8,50.78,43.84,0.95,0.5,151,13,11,14,11.58,28.0,11.86,7,5,29,5,18,70.2,46.68,64.33,63.11,47.2,26.62,1,Stuttgart II 3-0 Schweinfurt,2025-10-18
Stuttgart II,3.21,1.64,1.57,1.31,1.46,-0.15,0.38,0.18,0.2,1.69,1.64,0.05,3,0,3,1.43,52.2,49.22,42.35,0.5,0.95,181,6,14,11,28.0,11.58,9.45,5,7,10,3,14,80.2,53.32,37.6,36.89,130.1,73.38,1,Stuttgart II 3-0 Schweinfurt,2025-10-18
Verl,3.64,2.47,1.17,3.16,1.64,1.52,0.49,0.83,-0.34,3.64,2.47,1.17,4,2,2,0.83,59.7,57.1,45.77,0.77,0.64,280,12,19,17,24.68,26.56,10.31,6,5,10,7,8,159.8,64.28,32.93,21.05,126.03,56.98,2,Saarbrücken 2-4 Verl,2025-10-18
Saarbrücken,2.47,3.64,-1.17,1.64,3.16,-1.52,0.83,0.49,0.34,2.47,3.64,-1.17,2,4,-2,-0.83,40.3,42.9,47.4,0.64,0.77,197,12,17,19,26.56,24.68,16.67,5,6,27,9,14,88.8,35.72,123.47,78.95,95.17,43.02,0,Saarbrücken 2-4 Verl,2025-10-18
Ingolstadt,2.81,2.0,0.81,2.5,1.9,0.6,0.31,0.1,0.21,2.81,2.0,0.81,1,0,1,0.19,55.0,38.83,40.84,0.74,0.88,153,12,18,20,24.32,22.73,8.55,4,8,22,8,12,83.4,43.8,30.53,31.01,74.0,35.73,1,Alemannia Aachen 0-1 Ingolstadt,2025-10-18
Alemannia Aachen,2.0,2.81,-0.81,1.9,2.5,-0.6,0.1,0.31,-0.21,2.0,2.81,-0.81,0,1,-1,-0.19,45.0,61.17,49.17,0.88,0.74,196,17,20,18,22.73,24.32,10.62,8,4,21,7,15,107.0,56.2,67.93,68.99,133.1,64.27,2,Alemannia Aachen 0-1 Ingolstadt,2025-10-18
Waldhof Mannheim,2.47,2.25,0.22,2.27,1.89,0.38,0.2,0.36,-0.16,2.47,2.25,0.22,2,0,2,1.78,43.4,42.29,40.91,0.54,0.84,143,9,13,16,24.07,19.05,19.04,2,4,12,4,7,77.3,39.62,71.53,60.38,93.5,60.05,0,Erzgebirge Aue 0-2 Waldhof Mannheim,2025-10-17
Erzgebirge Aue,2.25,2.47,-0.22,1.89,2.27,-0.38,0.36,0.2,0.16,2.25,2.47,-0.22,0,2,-2,-1.78,56.6,57.71,44.17,0.84,0.54,214,12,16,13,19.05,24.07,14.88,4,2,20,6,8,117.8,60.38,46.93,39.62,62.2,39.95,4,Erzgebirge Aue 0-2 Waldhof Mannheim,2025-10-17
Stuttgart II,2.47,2.96,-0.49,1.51,2.07,-0.56,0.2,0.12,0.08,1.71,2.2,-0.49,3,1,2,2.49,46.2,46.52,43.26,0.8,0.64,156,16,14,20,17.5,31.25,18.52,1,4,10,5,16,87.5,46.67,64.47,53.07,119.37,62.25,2,Hoffenheim II 1-3 Stuttgart II,2025-10-05
Hoffenheim II,2.96,2.47,0.49,2.07,1.51,0.56,0.12,0.2,-0.08,2.2,1.71,0.49,1,3,-2,-2.49,53.8,53.48,43.43,0.64,0.8,178,13,20,14,31.25,17.5,15.12,4,1,14,5,11,100.0,53.33,57.0,46.93,72.4,37.75,1,Hoffenheim II 1-3 Stuttgart II,2025-10-05
1860 München,0.97,2.39,-1.42,0.56,2.0,-1.44,0.41,0.39,0.02,0.97,2.39,-1.42,0,1,-1,0.42,56.8,48.16,42.05,0.46,0.74,205,10,13,23,28.26,31.08,10.63,4,4,18,7,9,74.0,32.99,24.0,17.73,36.53,15.38,3,Wehen Wiesbaden 1-0 1860 München,2025-10-05
Wehen Wiesbaden,2.39,0.97,1.42,2.0,0.56,1.44,0.39,0.41,-0.02,2.39,0.97,1.42,1,0,1,-0.42,43.2,51.84,46.4,0.74,0.46,188,17,23,13,31.08,28.26,22.95,4,4,27,8,12,150.3,67.01,111.33,82.27,200.97,84.62,3,Wehen Wiesbaden 1-0 1860 München,2025-10-05
Rot-Weiss Essen,1.42,0.83,0.59,1.31,0.69,0.62,0.1,0.14,-0.04,1.42,0.83,0.59,2,2,0,-0.59,55.3,56.25,50.25,0.89,0.42,258,12,20,10,22.47,23.81,11.92,7,4,32,10,10,134.4,64.71,28.47,29.29,95.97,51.99,5,Erzgebirge Aue 2-2 Rot-Weiss Essen,2025-10-05
Erzgebirge Aue,0.83,1.42,-0.59,0.69,1.31,-0.62,0.14,0.1,0.04,0.83,1.42,-0.59,2,2,0,0.59,44.7,43.75,48.3,0.42,0.89,174,9,10,20,23.81,22.47,14.12,4,7,12,3,8,73.3,35.29,68.73,70.71,88.63,48.01,4,Erzgebirge Aue 2-2 Rot-Weiss Essen,2025-10-05
Alemannia Aachen,2.99,2.03,0.96,2.23,1.17,1.06,0.0,0.1,-0.1,2.23,1.27,0.96,2,3,-1,-1.96,42.9,48.33,45.75,0.59,0.94,151,12,14,11,23.73,11.7,10.15,4,2,20,6,15,92.2,57.37,67.67,73.82,117.7,78.24,2,Energie Cottbus 3-2 Alemannia Aachen,2025-10-04
Energie Cottbus,2.03,2.99,-0.96,1.17,2.23,-1.06,0.1,0.0,0.1,1.27,2.23,-0.96,3,2,1,1.96,57.1,51.67,41.89,0.94,0.59,173,11,11,14,11.7,23.73,9.42,2,4,17,5,15,68.5,42.63,24.0,26.18,32.73,21.76,0,Energie Cottbus 3-2 Alemannia Aachen,2025-10-04
Verl,1.64,1.09,0.55,1.33,1.01,0.32,0.3,0.08,0.22,1.64,1.09,0.55,2,1,1,0.45,74.3,78.59,55.5,1.03,0.04,389,18,20,12,19.42,300.0,5.28,5,3,33,10,13,270.5,95.65,10.4,6.8,154.73,83.05,1,Schweinfurt 1-2 Verl,2025-10-04
Schweinfurt,1.09,1.64,-0.55,1.01,1.33,-0.32,0.08,0.3,-0.22,1.09,1.64,-0.55,1,2,-1,-0.45,25.7,21.41,43.03,0.04,1.03,81,5,12,20,300.0,19.42,19.19,3,5,10,3,16,12.3,4.35,142.53,93.2,31.57,16.95,1,Schweinfurt 1-2 Verl,2025-10-04
Saarbrücken,1.09,1.1,-0.01,0.74,1.09,-0.35,0.34,0.02,0.32,1.09,1.1,-0.01,1,1,0,0.01,40.9,47.39,52.68,0.58,0.67,178,11,10,6,17.24,8.96,9.78,5,2,18,6,12,93.1,51.92,101.93,92.45,165.0,83.46,0,Jahn Regensburg 1-1 Saarbrücken,2025-10-04
Jahn Regensburg,1.1,1.09,0.01,1.09,0.74,0.35,0.02,0.34,-0.32,1.1,1.09,0.01,1,1,0,-0.01,59.1,52.61,43.94,0.67,0.58,178,14,6,10,8.96,17.24,8.92,2,5,18,3,14,86.2,48.08,8.33,7.55,32.7,16.54,4,Jahn Regensburg 1-1 Saarbrücken,2025-10-04
Havelse,2.22,4.62,-2.4,0.94,4.4,-3.46,0.52,0.22,0.3,1.46,4.62,-3.16,1,4,-3,-0.6,42.7,39.6,40.94,0.6,2.13,156,8,14,26,23.33,12.21,15.48,4,5,18,5,13,53.0,21.4,94.33,76.86,44.46,14.17,0,Viktoria Köln 4-1 Havelse,2025-10-04
Viktoria Köln,4.62,2.22,2.4,4.4,0.94,3.46,0.22,0.52,-0.3,4.62,1.46,3.16,4,1,3,0.6,57.3,60.4,45.09,2.13,0.6,244,21,26,14,12.21,23.33,8.81,5,4,17,4,15,194.7,78.6,28.4,23.14,269.4,85.83,3,Viktoria Köln 4-1 Havelse,2025-10-04
Ulm,1.77,4.16,-2.39,0.84,3.76,-2.92,0.17,0.39,-0.22,1.01,4.16,-3.15,1,4,-3,-0.61,48.4,49.85,47.31,0.6,1.04,196,10,15,20,25.0,19.23,12.83,3,3,16,5,10,104.4,51.18,59.73,61.41,91.67,50.0,2,Ingolstadt 4-1 Ulm,2025-10-04
Ingolstadt,4.16,1.77,2.39,3.76,0.84,2.92,0.39,0.17,0.22,4.16,1.01,3.15,4,1,3,0.61,51.6,50.15,45.21,1.04,0.6,186,20,20,15,19.23,25.0,12.3,3,3,21,4,11,99.6,48.82,37.53,38.59,91.66,50.0,6,Ingolstadt 4-1 Ulm,2025-10-04
Osnabrück,3.18,1.79,1.39,3.03,1.71,1.32,0.15,0.08,0.07,3.18,1.79,1.39,4,1,3,1.61,41.3,43.96,46.67,1.14,0.66,164,18,13,16,11.4,24.24,13.31,5,5,17,3,15,78.6,40.29,90.07,83.14,131.07,69.37,3,Waldhof Mannheim 1-4 Osnabrück,2025-10-04
Waldhof Mannheim,1.79,3.18,-1.39,1.71,3.03,-1.32,0.08,0.15,-0.07,1.79,3.18,-1.39,1,4,-3,-1.61,58.7,56.04,45.67,0.66,1.14,225,17,16,13,24.24,11.4,9.27,5,5,26,9,13,116.5,59.71,18.27,16.86,57.87,30.63,0,Waldhof Mannheim 1-4 Osnabrück,2025-10-04
Hansa Rostock,1.57,2.04,-0.47,1.09,2.04,-0.95,0.48,0.01,0.47,1.57,2.04,-0.47,2,2,0,0.47,52.0,44.91,43.25,0.6,0.91,168,11,12,12,20.0,13.19,11.16,3,11,10,3,13,81.8,47.64,33.13,34.06,74.63,38.4,3,MSV Duisburg 2-2 Hansa Rostock,2025-10-03
MSV Duisburg,2.04,1.57,0.47,2.04,1.09,0.95,0.01,0.48,-0.47,2.04,1.57,0.47,2,2,0,-0.47,48.0,55.09,46.14,0.91,0.6,185,11,12,12,13.19,20.0,9.76,11,3,29,6,12,89.9,52.36,64.13,65.94,119.73,61.6,5,MSV Duisburg 2-2 Hansa Rostock,2025-10-03
Ingolstadt,1.97,1.79,0.18,1.43,1.27,0.16,0.54,0.52,0.02,1.97,1.79,0.18,2,2,0,-0.18,38.0,44.12,41.77,0.99,0.99,149,17,15,17,15.15,17.17,23.38,9,6,24,6,9,64.9,28.87,137.13,92.37,85.1,47.3,9,Verl 2-2 Ingolstadt,2025-10-01
Verl,1.79,1.97,-0.18,1.27,1.43,-0.16,0.52,0.54,-0.02,1.79,1.97,-0.18,2,2,0,0.18,62.0,55.88,48.13,0.99,0.99,322,14,17,15,17.17,15.15,15.05,6,9,10,4,8,159.9,71.13,11.33,7.63,94.8,52.7,0,Verl 2-2 Ingolstadt,2025-10-01
Viktoria Köln,1.7,2.97,-1.27,0.6,2.75,-2.15,0.35,0.22,0.13,0.94,2.97,-2.03,2,2,0,1.27,28.1,11.37,35.58,0.49,1.5,70,7,6,23,12.24,15.33,23.95,4,6,10,2,12,13.8,3.31,125.73,88.75,38.53,13.27,1,1860 München 2-2 Viktoria Köln,2025-10-01
1860 München,2.97,1.7,1.27,2.75,0.6,2.15,0.22,0.35,-0.13,2.97,0.94,2.03,2,2,0,-1.27,71.9,88.63,57.64,1.5,0.49,524,27,23,6,15.33,12.24,7.0,6,4,55,9,11,402.7,96.69,15.93,11.25,251.93,86.73,2,1860 München 2-2 Viktoria Köln,2025-10-01
Hoffenheim II,2.53,1.96,0.57,1.78,1.76,0.02,0.75,0.2,0.55,2.53,1.96,0.57,1,3,-2,-2.57,69.6,74.85,51.76,1.52,0.55,369,20,19,12,12.5,21.82,8.41,6,2,35,16,11,177.8,78.33,2.73,2.09,93.19,40.23,2,Rot-Weiss Essen 3-1 Hoffenheim II,2025-10-01
Rot-Weiss Essen,1.96,2.53,-0.57,1.76,1.78,-0.02,0.2,0.75,-0.55,1.96,2.53,-0.57,3,1,2,2.57,30.4,25.15,41.89,0.55,1.52,90,8,12,19,21.82,12.5,20.25,2,6,11,2,13,49.2,21.67,127.67,97.91,138.46,59.77,1,Rot-Weiss Essen 3-1 Hoffenheim II,2025-10-01
Jahn Regensburg,1.22,2.67,-1.45,1.01,2.21,-1.2,0.21,0.46,-0.25,1.22,2.67,-1.45,0,2,-2,-0.55,57.7,58.73,44.42,1.36,1.04,232,13,14,16,10.29,15.38,7.2,8,3,20,3,18,106.3,59.69,12.53,12.46,61.77,30.09,0,Osnabrück 2-0 Jahn Regensburg,2025-10-01
Osnabrück,2.67,1.22,1.45,2.21,1.01,1.2,0.46,0.21,0.25,2.67,1.22,1.45,2,0,2,0.55,42.3,41.27,43.78,1.04,1.36,164,17,16,14,15.38,10.29,12.66,3,8,16,5,11,71.8,40.31,88.0,87.54,143.53,69.91,1,Osnabrück 2-0 Jahn Regensburg,2025-10-01
Schweinfurt,2.24,2.96,-0.72,2.24,2.73,-0.49,0.0,0.23,-0.23,2.24,2.96,-0.72,1,5,-4,-3.28,46.7,50.99,49.82,0.77,0.93,228,7,12,11,15.58,11.83,12.91,4,1,21,3,15,59.6,40.3,81.4,70.78,67.89,35.25,3,Ulm 5-1 Schweinfurt,2025-10-01
Ulm,2.96,2.24,0.72,2.73,2.24,0.49,0.23,0.0,0.23,2.96,2.24,0.72,5,1,4,3.28,53.3,49.01,47.26,0.93,0.77,258,9,11,12,11.83,15.58,11.06,1,4,21,8,19,88.3,59.7,33.6,29.22,124.7,64.75,0,Ulm 5-1 Schweinfurt,2025-10-01
Erzgebirge Aue,1.19,1.53,-0.34,0.84,1.46,-0.62,0.35,0.08,0.27,1.19,1.53,-0.34,1,0,1,1.34,45.9,44.76,41.18,0.37,0.69,154,10,11,14,29.73,20.29,11.83,7,6,16,7,10,69.0,39.32,54.47,48.34,85.57,48.63,1,Alemannia Aachen 0-1 Erzgebirge Aue,2025-09-30
Alemannia Aachen,1.53,1.19,0.34,1.46,0.84,0.62,0.08,0.35,-0.27,1.53,1.19,0.34,0,1,-1,-1.34,54.1,55.24,49.29,0.69,0.37,228,16,14,11,20.29,29.73,13.48,6,7,25,4,11,106.5,60.68,58.2,51.66,90.4,51.37,7,Alemannia Aachen 0-1 Erzgebirge Aue,2025-09-30
Waldhof Mannheim,1.99,2.03,-0.04,1.99,1.34,0.65,0.0,0.69,-0.69,1.99,2.03,-0.04,3,2,1,1.04,62.4,57.33,44.96,0.92,0.29,207,14,12,16,13.04,55.17,8.35,2,4,21,5,9,114.0,61.92,13.6,11.57,47.87,41.14,0,Havelse 2-3 Waldhof Mannheim,2025-09-30
Havelse,2.03,1.99,0.04,1.34,1.99,-0.65,0.69,0.0,0.69,2.03,1.99,0.04,2,3,-1,-1.04,37.6,42.67,43.62,0.29,0.92,132,11,16,12,55.17,13.04,14.23,4,2,17,4,20,70.1,38.08,103.93,88.43,68.5,58.86,6,Havelse 2-3 Waldhof Mannheim,2025-09-30
Energie Cottbus,1.43,2.88,-1.45,1.06,1.81,-0.75,0.37,1.07,-0.7,1.43,2.88,-1.45,3,1,2,3.45,43.8,32.68,42.26,0.55,0.82,163,13,10,18,18.18,21.95,17.17,4,11,15,4,9,50.4,22.22,66.73,72.53,64.0,33.77,1,Hansa Rostock 1-3 Energie Cottbus,2025-09-30
Hansa Rostock,2.88,1.43,1.45,1.81,1.06,0.75,1.07,0.37,0.7,2.88,1.43,1.45,1,3,-2,-3.45,56.2,67.32,50.6,0.82,0.55,293,15,18,10,21.95,18.18,9.73,11,4,24,7,10,176.4,77.78,25.27,27.47,125.53,66.23,3,Hansa Rostock 1-3 Energie Cottbus,2025-09-30
Wehen Wiesbaden,1.45,1.72,-0.27,0.75,1.41,-0.66,0.71,0.31,0.4,1.45,1.72,-0.27,0,0,0,0.27,40.7,42.9,42.94,0.36,0.59,171,15,9,10,25.0,16.95,15.51,8,1,19,5,13,67.9,34.1,95.53,79.57,87.8,52.29,3,Stuttgart II 0-0 Wehen Wiesbaden,2025-09-30
Stuttgart II,1.72,1.45,0.27,1.41,0.75,0.66,0.31,0.71,-0.4,1.72,1.45,0.27,0,0,0,-0.27,59.3,57.1,46.04,0.59,0.36,268,9,10,9,16.95,25.0,11.65,1,8,17,3,14,131.2,65.9,24.53,20.43,80.1,47.71,0,Stuttgart II 0-0 Wehen Wiesbaden,2025-09-30
MSV Duisburg,1.58,0.44,1.14,1.52,0.39,1.13,0.06,0.05,0.01,1.58,0.44,1.14,0,0,0,-1.14,37.3,46.96,44.59,0.72,0.27,133,8,17,8,23.61,29.63,14.94,8,3,11,1,18,78.0,58.6,96.07,84.27,143.5,77.16,3,Saarbrücken 0-0 MSV Duisburg,2025-09-30
Saarbrücken,0.44,1.58,-1.14,0.39,1.52,-1.13,0.05,0.06,-0.01,0.44,1.58,-1.14,0,0,0,1.14,62.7,53.04,41.75,0.27,0.72,191,3,8,17,29.63,23.61,9.46,3,8,17,4,9,55.1,41.4,17.93,15.73,42.47,22.84,1,Saarbrücken 0-0 MSV Duisburg,2025-09-30
Osnabrück,1.32,1.7,-0.38,1.21,1.36,-0.15,0.12,0.33,-0.21,1.32,1.7,-0.38,0,0,0,0.38,53.3,45.14,44.18,0.82,0.64,219,16,13,16,15.85,25.0,14.92,4,6,16,5,14,84.6,46.0,33.53,38.43,71.77,40.22,3,Viktoria Köln 0-0 Osnabrück,2025-09-28
Viktoria Köln,1.7,1.32,0.38,1.36,1.21,0.15,0.33,0.12,0.21,1.7,1.32,0.38,0,0,0,-0.38,46.7,54.86,44.64,0.64,0.82,205,16,16,13,25.0,15.85,13.64,6,4,26,7,11,99.3,54.0,53.73,61.57,106.67,59.78,1,Viktoria Köln 0-0 Osnabrück,2025-09-28
Ulm,0.98,2.27,-1.29,0.98,2.18,-1.2,0.0,0.09,-0.09,0.98,2.27,-1.29,1,1,0,1.29,43.4,35.61,38.78,0.37,0.99,120,5,8,16,21.62,16.16,17.44,0,5,14,5,12,47.6,23.99,52.67,68.58,65.8,31.52,1,Hoffenheim II 1-1 Ulm,2025-09-28
Hoffenheim II,2.27,0.98,1.29,2.18,0.98,1.2,0.09,0.0,0.09,2.27,0.98,1.29,1,1,0,-1.29,56.6,64.39,46.71,0.99,0.37,233,11,16,8,16.16,21.62,10.41,5,0,12,2,14,150.8,76.01,24.13,31.42,142.97,68.48,2,Hoffenheim II 1-1 Ulm,2025-09-28
Verl,1.63,0.91,0.72,1.32,0.68,0.64,0.31,0.24,0.07,1.63,0.91,0.72,0,2,-2,-2.72,73.0,62.95,42.71,0.8,0.87,253,20,19,7,23.75,8.05,8.08,5,5,16,7,7,132.6,79.69,3.53,1.75,37.67,21.64,5,Jahn Regensburg 2-0 Verl,2025-09-28
Jahn Regensburg,0.91,1.63,-0.72,0.68,1.32,-0.64,0.24,0.31,-0.07,0.91,1.63,-0.72,2,0,2,2.72,27.0,37.05,40.93,0.87,0.8,94,9,7,19,8.05,23.75,15.49,5,5,16,6,15,33.8,20.31,197.93,98.25,136.37,78.36,4,Jahn Regensburg 2-0 Verl,2025-09-28
Rot-Weiss Essen,1.94,3.18,-1.24,1.17,2.2,-1.03,0.77,0.22,0.55,1.94,2.42,-0.48,1,6,-5,-3.76,52.9,53.23,46.91,1.27,0.57,192,24,18,17,14.17,29.82,10.16,2,2,23,5,17,105.3,58.31,45.2,53.73,115.07,51.6,3,Waldhof Mannheim 6-1 Rot-Weiss Essen,2025-09-27
Waldhof Mannheim,3.18,1.94,1.24,2.2,1.17,1.03,0.22,0.77,-0.55,2.42,1.94,0.48,6,1,5,3.76,47.1,46.77,43.58,0.57,1.27,151,14,17,18,29.82,14.17,11.48,2,2,22,4,10,75.3,41.69,38.93,46.27,107.94,48.4,1,Waldhof Mannheim 6-1 Rot-Weiss Essen,2025-09-27
Alemannia Aachen,2.82,1.27,1.55,1.96,1.25,0.71,0.1,0.02,0.08,2.06,1.27,0.79,5,1,4,2.45,54.9,61.94,44.48,0.65,0.24,216,19,17,10,26.15,41.67,9.39,4,4,17,4,15,120.2,75.79,22.33,22.9,103.37,64.24,4,Schweinfurt 1-5 Alemannia Aachen,2025-09-27
Schweinfurt,1.27,2.82,-1.55,1.25,1.96,-0.71,0.02,0.1,-0.08,1.27,2.06,-0.79,1,5,-4,-2.45,45.1,38.06,39.4,0.24,0.65,119,3,10,17,41.67,26.15,15.43,4,4,5,2,13,38.4,24.21,75.2,77.1,57.53,35.76,1,Schweinfurt 1-5 Alemannia Aachen,2025-09-27
Ingolstadt,0.38,1.93,-1.55,0.34,1.36,-1.02,0.03,0.57,-0.54,0.38,1.93,-1.55,1,2,-1,0.55,54.1,53.36,40.1,0.87,0.54,149,12,5,17,5.75,31.48,9.1,0,5,17,2,16,57.2,39.56,37.47,35.77,56.93,33.13,3,MSV Duisburg 2-1 Ingolstadt,2025-09-27
MSV Duisburg,1.93,0.38,1.55,1.36,0.34,1.02,0.57,0.03,0.54,1.93,0.38,1.55,2,1,1,-0.55,45.9,46.64,44.01,0.54,0.87,155,13,17,5,31.48,5.75,13.5,5,0,25,9,17,87.4,60.44,67.27,64.23,114.93,66.87,1,MSV Duisburg 2-1 Ingolstadt,2025-09-27
Saarbrücken,2.14,2.54,-0.4,1.35,1.7,-0.35,0.02,0.07,-0.05,1.38,1.78,-0.4,1,1,0,0.4,50.1,53.26,49.99,0.59,1.22,233,10,10,17,16.95,13.93,11.83,1,6,24,8,12,91.7,46.81,60.2,57.19,89.67,46.53,0,Wehen Wiesbaden 1-1 Saarbrücken,2025-09-27
Wehen Wiesbaden,2.54,2.14,0.4,1.7,1.35,0.35,0.07,0.02,0.05,1.78,1.38,0.4,1,1,0,-0.4,49.9,46.74,47.3,1.22,0.59,228,17,17,10,13.93,16.95,10.62,6,1,21,6,19,104.2,53.19,45.07,42.81,103.03,53.47,2,Wehen Wiesbaden 1-1 Saarbrücken,2025-09-27
Havelse,0.43,1.92,-1.49,0.41,1.78,-1.37,0.02,0.14,-0.12,0.43,1.92,-1.49,1,1,0,1.49,41.5,46.34,44.31,0.53,1.12,140,10,13,19,24.53,16.96,11.91,3,5,17,5,16,55.1,30.8,59.13,84.08,90.6,48.72,2,Hansa Rostock 1-1 Havelse,2025-09-27
Hansa Rostock,1.92,0.43,1.49,1.78,0.41,1.37,0.14,0.02,0.12,1.92,0.43,1.49,1,1,0,-1.49,58.5,53.66,43.61,1.12,0.53,171,17,19,13,16.96,24.53,7.15,5,3,17,7,17,123.8,69.2,11.2,15.92,95.37,51.28,2,Hansa Rostock 1-1 Havelse,2025-09-27
1860 München,0.84,0.62,0.22,0.65,0.62,0.03,0.19,0.0,0.19,0.84,0.62,0.22,0,2,-2,-2.22,57.5,57.45,45.05,1.07,0.58,223,14,9,9,8.41,15.52,14.86,3,3,32,6,14,102.7,62.78,42.0,32.29,55.9,37.3,8,Erzgebirge Aue 2-0 1860 München,2025-09-27
Erzgebirge Aue,0.62,0.84,-0.22,0.62,0.65,-0.03,0.0,0.19,-0.19,0.62,0.84,-0.22,2,0,2,2.22,42.5,42.55,44.08,0.58,1.07,159,12,9,9,15.52,8.41,18.83,3,3,13,2,8,60.9,37.22,88.07,67.71,93.97,62.7,1,Erzgebirge Aue 2-0 1860 München,2025-09-27
Stuttgart II,0.62,2.75,-2.13,0.52,2.24,-1.72,0.1,0.51,-0.41,0.62,2.75,-2.13,0,5,-5,-2.87,59.3,69.11,50.33,1.26,0.82,277,10,8,16,6.35,19.51,7.14,10,4,34,8,16,122.9,66.58,46.33,40.69,67.77,29.74,2,Energie Cottbus 5-0 Stuttgart II,2025-09-26
Energie Cottbus,2.75,0.62,2.13,2.24,0.52,1.72,0.51,0.1,0.41,2.75,0.62,2.13,5,0,5,2.87,40.7,30.89,42.04,0.82,1.26,136,14,16,8,19.51,6.35,9.02,4,10,16,8,19,61.7,33.42,67.53,59.31,160.09,70.26,0,Energie Cottbus 5-0 Stuttgart II,2025-09-26
Jahn Regensburg,1.91,2.09,-0.18,1.73,1.83,-0.1,0.18,0.26,-0.08,1.91,2.09,-0.18,1,2,-1,-0.82,46.3,44.76,44.24,0.85,0.99,167,11,15,11,17.65,11.11,9.51,4,4,18,6,14,70.2,45.2,57.67,56.95,74.0,58.44,3,Ulm 2-1 Jahn Regensburg,2025-09-21
Ulm,2.09,1.91,0.18,1.83,1.73,0.1,0.26,0.18,0.08,2.09,1.91,0.18,2,1,1,0.82,53.7,55.24,46.3,0.99,0.85,214,10,11,15,11.11,17.65,9.27,4,4,22,5,12,85.1,54.8,43.6,43.05,52.63,41.56,1,Ulm 2-1 Jahn Regensburg,2025-09-21
Energie Cottbus,2.16,1.85,0.31,2.13,1.51,0.62,0.03,0.34,-0.31,2.16,1.85,0.31,1,2,-1,-1.31,38.2,44.28,48.31,0.62,1.59,187,13,11,15,17.74,9.43,15.56,1,9,16,2,15,101.7,40.75,100.33,82.47,133.63,58.77,0,Verl 2-1 Energie Cottbus,2025-09-21
Verl,1.85,2.16,-0.31,1.51,2.13,-0.62,0.34,0.03,0.31,1.85,2.16,-0.31,2,1,1,1.31,61.8,55.72,45.96,1.59,0.62,264,18,15,11,9.43,17.74,6.34,9,1,19,7,17,147.9,59.25,21.33,17.53,93.73,41.23,1,Verl 2-1 Energie Cottbus,2025-09-21
MSV Duisburg,2.16,1.0,1.16,1.99,1.0,0.99,0.17,0.0,0.17,2.16,1.0,1.16,1,1,0,-1.16,51.0,59.27,51.6,0.73,0.41,220,18,21,7,28.77,17.07,9.55,5,1,26,3,15,131.0,72.1,63.33,72.58,167.27,78.77,2,Havelse 1-1 MSV Duisburg,2025-09-21
Havelse,1.0,2.16,-1.16,1.0,1.99,-0.99,0.0,0.17,-0.17,1.0,2.16,-1.16,1,1,0,1.16,49.0,40.73,41.47,0.41,0.73,135,12,7,21,17.07,28.77,12.25,1,5,7,3,12,50.7,27.9,23.93,27.42,45.07,21.23,2,Havelse 1-1 MSV Duisburg,2025-09-21
Hoffenheim II,2.59,2.28,0.31,2.59,2.02,0.57,0.0,0.26,-0.26,2.59,2.28,0.31,5,1,4,3.69,51.1,45.7,42.43,0.62,0.68,142,15,13,14,20.97,20.59,10.58,3,5,9,2,13,66.2,41.9,26.6,39.47,80.8,62.39,4,1860 München 1-5 Hoffenheim II,2025-09-20
1860 München,2.28,2.59,-0.31,2.02,2.59,-0.57,0.26,0.0,0.26,2.28,2.59,-0.31,1,5,-4,-3.69,48.9,54.3,44.35,0.68,0.62,154,11,14,13,20.59,20.97,12.34,5,3,21,6,13,91.8,58.1,40.8,60.53,48.7,37.61,3,1860 München 1-5 Hoffenheim II,2025-09-20
Hansa Rostock,4.74,1.89,2.85,3.46,0.99,2.47,0.52,0.14,0.38,3.98,1.13,2.85,0,3,-3,-5.85,70.2,74.29,51.67,1.26,0.31,297,22,26,12,20.63,38.71,4.56,9,5,38,10,15,254.0,86.63,5.27,4.35,143.3,60.29,6,Rot-Weiss Essen 3-0 Hansa Rostock,2025-09-20
Rot-Weiss Essen,1.89,4.74,-2.85,0.99,3.46,-2.47,0.14,0.52,-0.38,1.13,3.98,-2.85,3,0,3,5.85,29.8,25.71,44.15,0.31,1.26,95,5,12,26,38.71,20.63,11.53,5,9,5,3,19,39.2,13.37,115.93,95.65,94.38,39.71,1,Rot-Weiss Essen 3-0 Hansa Rostock,2025-09-20
Waldhof Mannheim,2.87,1.96,0.91,2.09,1.93,0.16,0.77,0.03,0.74,2.87,1.96,0.91,2,3,-1,-1.91,49.1,49.24,45.78,0.86,0.89,163,14,14,14,16.28,15.73,10.0,2,4,25,6,12,61.2,44.9,46.13,56.95,74.67,53.73,4,Alemannia Aachen 3-2 Waldhof Mannheim,2025-09-20
Alemannia Aachen,1.96,2.87,-0.91,1.93,2.09,-0.16,0.03,0.77,-0.74,1.96,2.87,-0.91,3,2,1,1.91,50.9,50.76,47.36,0.89,0.86,172,16,14,14,15.73,16.28,10.48,4,2,23,5,18,75.1,55.1,34.87,43.05,64.3,46.27,6,Alemannia Aachen 3-2 Waldhof Mannheim,2025-09-20
Erzgebirge Aue,1.51,2.28,-0.77,1.33,1.18,0.15,0.18,0.35,-0.17,1.51,1.52,-0.01,1,3,-2,-1.23,56.8,64.41,49.51,0.79,0.57,241,16,16,13,20.25,22.81,12.4,5,3,20,5,12,140.0,70.74,36.87,33.89,119.13,58.7,9,Osnabrück 3-1 Erzgebirge Aue,2025-09-20
Osnabrück,2.28,1.51,0.77,1.18,1.33,-0.15,0.35,0.18,0.17,1.52,1.51,0.01,3,1,2,1.23,43.2,35.59,43.38,0.57,0.79,124,11,13,16,22.81,20.25,14.12,3,5,14,5,9,57.9,29.26,71.93,66.11,83.8,41.3,4,Osnabrück 3-1 Erzgebirge Aue,2025-09-20
Viktoria Köln,2.41,2.21,0.2,2.41,1.23,1.18,0.0,0.21,-0.21,2.41,1.45,0.96,1,2,-1,-1.2,66.2,73.23,47.82,1.18,0.34,318,14,13,9,11.02,26.47,10.86,4,5,26,4,13,140.3,84.42,29.73,25.19,87.97,60.54,4,Stuttgart II 2-1 Viktoria Köln,2025-09-20
Stuttgart II,2.21,2.41,-0.2,1.23,2.41,-1.18,0.21,0.0,0.21,1.45,2.41,-0.96,2,1,1,1.2,33.8,26.77,34.33,0.34,1.18,71,4,9,13,26.47,11.02,16.27,5,4,5,2,14,25.9,15.58,88.27,74.81,57.33,39.46,0,Stuttgart II 2-1 Viktoria Köln,2025-09-20
Wehen Wiesbaden,1.38,1.63,-0.25,1.18,1.2,-0.02,0.2,0.43,-0.23,1.38,1.63,-0.25,0,0,0,0.25,46.0,56.07,44.91,0.63,0.78,184,18,12,13,19.05,16.67,18.76,4,3,27,7,13,79.5,55.06,102.87,79.58,133.87,75.77,6,Ingolstadt 0-0 Wehen Wiesbaden,2025-09-20
Ingolstadt,1.63,1.38,0.25,1.2,1.18,0.02,0.43,0.2,0.23,1.63,1.38,0.25,0,0,0,-0.25,54.0,43.93,39.47,0.78,0.63,138,13,13,12,16.67,19.05,14.4,3,4,19,7,11,64.9,44.94,26.4,20.42,42.8,24.23,4,Ingolstadt 0-0 Wehen Wiesbaden,2025-09-20
Schweinfurt,1.45,1.89,-0.44,1.43,1.85,-0.42,0.02,0.05,-0.03,1.45,1.89,-0.44,1,2,-1,-0.56,50.1,47.83,46.61,0.6,0.86,193,10,13,15,21.67,17.44,10.55,4,3,18,4,12,98.9,41.82,58.2,45.3,51.93,22.05,0,Saarbrücken 2-1 Schweinfurt,2025-09-19
Saarbrücken,1.89,1.45,0.44,1.85,1.43,0.42,0.05,0.02,0.03,1.89,1.45,0.44,2,1,1,0.56,49.9,52.17,48.65,0.86,0.6,220,12,15,13,17.44,21.67,9.56,3,4,22,4,16,137.6,58.18,70.27,54.7,183.53,77.95,0,Saarbrücken 2-1 Schweinfurt,2025-09-19
Osnabrück,2.63,1.37,1.26,1.87,0.94,0.93,0.0,0.43,-0.43,1.87,1.37,0.5,1,1,0,-1.26,49.8,52.84,45.35,0.82,0.62,184,12,15,16,18.29,25.81,13.03,2,6,18,7,16,104.4,59.02,55.33,59.08,120.6,63.21,5,Rot-Weiss Essen 1-1 Osnabrück,2025-09-17
Rot-Weiss Essen,1.37,2.63,-1.26,0.94,1.87,-0.93,0.43,0.0,0.43,1.37,1.87,-0.5,1,1,0,1.26,50.2,47.16,43.44,0.62,0.82,181,8,16,15,25.81,18.29,9.84,6,2,21,4,10,72.5,40.98,38.33,40.92,70.2,36.79,3,Rot-Weiss Essen 1-1 Osnabrück,2025-09-17
Ingolstadt,3.16,2.16,1.0,3.16,1.4,1.76,0.0,0.0,0.0,3.16,1.4,1.76,6,2,4,3.0,62.5,47.85,42.61,1.23,0.58,201,21,20,20,16.26,34.48,10.43,1,3,17,3,12,110.0,53.14,15.87,9.8,60.93,29.67,5,Havelse 2-6 Ingolstadt,2025-09-17
Havelse,2.16,3.16,-1.0,1.4,3.16,-1.76,0.0,0.0,0.0,1.4,3.16,-1.76,2,6,-4,-3.0,37.5,52.15,50.24,0.58,1.23,168,11,20,20,34.48,16.26,14.62,3,1,16,2,16,97.0,46.86,146.0,90.2,144.43,70.33,3,Havelse 2-6 Ingolstadt,2025-09-17
1860 München,1.53,1.56,-0.03,0.68,1.32,-0.64,0.84,0.24,0.6,1.53,1.56,-0.03,1,2,-1,-0.97,56.1,52.5,47.65,0.44,0.49,234,10,11,15,25.0,30.61,10.09,5,5,28,9,13,69.0,42.91,26.6,28.94,39.33,19.96,2,Hansa Rostock 2-1 1860 München,2025-09-17
Hansa Rostock,1.56,1.53,0.03,1.32,0.68,0.64,0.24,0.84,-0.6,1.56,1.53,0.03,2,1,1,0.97,43.9,47.5,45.07,0.49,0.44,165,10,15,11,30.61,25.0,11.45,5,5,11,3,9,91.8,57.09,65.33,71.06,157.7,80.04,1,Hansa Rostock 2-1 1860 München,2025-09-17
Erzgebirge Aue,1.75,3.36,-1.61,1.61,2.44,-0.83,0.14,0.16,-0.02,1.75,2.6,-0.85,1,2,-1,0.61,47.0,45.1,47.99,0.58,1.0,189,16,14,13,24.14,13.0,11.74,5,7,16,9,12,85.5,44.74,63.33,63.33,90.57,47.45,6,Energie Cottbus 2-1 Erzgebirge Aue,2025-09-17
Energie Cottbus,3.36,1.75,1.61,2.44,1.61,0.83,0.16,0.14,0.02,2.6,1.75,0.85,2,1,1,-0.61,53.0,54.9,48.19,1.0,0.58,214,15,13,14,13.0,24.14,10.77,7,5,23,9,8,105.6,55.26,36.67,36.67,100.3,52.55,1,Energie Cottbus 2-1 Erzgebirge Aue,2025-09-17
Stuttgart II,1.59,1.08,0.51,1.36,0.91,0.45,0.23,0.17,0.06,1.59,1.08,0.51,1,0,1,0.49,64.1,60.31,45.84,0.59,0.41,264,8,14,8,23.73,19.51,13.08,0,5,18,6,9,137.8,75.26,27.2,21.23,91.6,55.71,1,Waldhof Mannheim 0-1 Stuttgart II,2025-09-17
Waldhof Mannheim,1.08,1.59,-0.51,0.91,1.36,-0.45,0.17,0.23,-0.06,1.08,1.59,-0.51,0,1,-1,-0.49,35.9,39.69,44.29,0.41,0.59,141,13,8,14,19.51,23.73,15.46,5,0,19,9,11,45.3,24.74,100.93,78.77,72.83,44.29,3,Waldhof Mannheim 0-1 Stuttgart II,2025-09-17
MSV Duisburg,2.06,1.37,0.69,1.3,1.2,0.1,0.76,0.17,0.59,2.06,1.37,0.69,3,0,3,2.31,38.3,49.22,45.37,0.72,0.41,147,9,17,16,23.61,39.02,16.93,5,3,27,6,16,77.4,44.87,103.4,94.98,164.6,83.14,2,Schweinfurt 0-3 MSV Duisburg,2025-09-16
Schweinfurt,1.37,2.06,-0.69,1.2,1.3,-0.1,0.17,0.76,-0.59,1.37,2.06,-0.69,0,3,-3,-2.31,61.7,50.78,43.28,0.41,0.72,190,10,16,17,39.02,23.61,9.75,3,5,14,3,8,95.1,55.13,5.47,5.02,33.37,16.86,0,Schweinfurt 0-3 MSV Duisburg,2025-09-16
Alemannia Aachen,2.0,2.86,-0.86,1.94,2.1,-0.16,0.06,0.0,0.06,2.0,2.1,-0.1,1,2,-1,-0.14,37.9,49.82,46.49,1.35,0.37,168,22,17,9,12.59,24.32,12.93,8,4,15,2,14,102.2,62.28,138.87,96.08,199.3,86.8,4,Verl 2-1 Alemannia Aachen,2025-09-16
Verl,2.86,2.0,0.86,2.1,1.94,0.16,0.0,0.06,-0.06,2.1,2.0,0.1,2,1,1,0.14,62.1,50.18,39.77,0.37,1.35,178,8,9,17,24.32,12.59,9.03,4,8,9,2,16,61.9,37.72,5.67,3.92,30.3,13.2,3,Verl 2-1 Alemannia Aachen,2025-09-16
Jahn Regensburg,3.21,3.46,-0.25,2.45,2.32,0.13,0.76,0.38,0.38,3.21,2.7,0.51,0,2,-2,-1.75,48.6,53.41,45.6,1.14,1.01,159,16,19,18,16.67,17.82,9.41,4,5,21,7,20,90.0,48.21,82.0,74.59,112.47,60.73,1,Wehen Wiesbaden 2-0 Jahn Regensburg,2025-09-16
Wehen Wiesbaden,3.46,3.21,0.25,2.32,2.45,-0.13,0.38,0.76,-0.38,2.7,3.21,-0.51,2,0,2,1.75,51.4,46.59,39.41,1.01,1.14,138,21,18,19,17.82,16.67,9.69,5,4,22,5,13,96.7,51.79,27.93,25.41,72.73,39.27,3,Wehen Wiesbaden 2-0 Jahn Regensburg,2025-09-16
Hoffenheim II,0.78,1.86,-1.08,0.68,0.97,-0.29,0.1,0.12,-0.02,0.78,1.1,-0.32,1,2,-1,0.08,44.1,45.1,39.22,0.29,0.41,143,8,6,11,20.69,26.83,14.66,4,0,10,1,15,45.8,33.43,102.0,59.67,69.67,39.04,0,Viktoria Köln 2-1 Hoffenheim II,2025-09-16
Viktoria Köln,1.86,0.78,1.08,0.97,0.68,0.29,0.12,0.1,0.02,1.1,0.78,0.32,2,1,1,-0.08,55.9,54.9,43.94,0.41,0.29,205,8,11,6,26.83,20.69,12.97,0,4,17,5,11,91.2,66.57,68.93,40.33,108.8,60.96,1,Viktoria Köln 2-1 Hoffenheim II,2025-09-16
Ulm,2.85,2.89,-0.04,2.49,2.86,-0.37,0.36,0.02,0.34,2.85,2.89,-0.04,1,3,-2,-1.96,43.0,41.16,45.49,1.39,1.2,180,14,15,16,10.79,13.33,13.25,4,6,18,2,9,86.9,38.2,82.07,85.13,99.8,41.68,4,Saarbrücken 3-1 Ulm,2025-09-16
Saarbrücken,2.89,2.85,0.04,2.86,2.49,0.37,0.02,0.36,-0.34,2.89,2.85,0.04,3,1,2,1.96,57.0,58.84,47.86,1.2,1.39,246,17,16,15,13.33,10.79,8.55,6,4,16,1,12,140.6,61.8,14.33,14.87,139.67,58.32,0,Saarbrücken 3-1 Ulm,2025-09-16
Havelse,1.07,3.74,-2.67,1.02,3.74,-2.72,0.05,0.0,0.05,1.07,3.74,-2.67,2,3,-1,1.67,39.5,40.82,45.96,0.4,1.84,149,4,14,17,35.0,9.24,17.04,1,2,17,6,9,45.5,29.26,74.0,75.36,39.37,19.9,1,1860 München 3-2 Havelse,2025-09-14
1860 München,3.74,1.07,2.67,3.74,1.02,2.72,0.0,0.05,-0.05,3.74,1.07,2.67,3,2,1,-1.67,60.5,59.18,46.24,1.84,0.4,228,27,17,14,9.24,35.0,9.3,2,1,23,6,15,110.0,70.74,24.2,24.64,158.5,80.1,4,1860 München 3-2 Havelse,2025-09-14
Energie Cottbus,3.95,0.48,3.47,3.55,0.48,3.07,0.4,0.0,0.4,3.95,0.48,3.47,3,0,3,-0.47,54.9,65.2,49.98,0.8,0.42,260,13,19,7,23.75,16.67,5.93,12,3,22,10,26,158.3,82.28,61.47,52.96,186.67,92.52,1,Waldhof Mannheim 0-3 Energie Cottbus,2025-09-14
Waldhof Mannheim,0.48,3.95,-3.47,0.48,3.55,-3.07,0.0,0.4,-0.4,0.48,3.95,-3.47,0,3,-3,0.47,45.1,34.8,41.49,0.42,0.8,148,5,7,19,16.67,23.75,8.0,3,12,18,6,18,34.1,17.72,54.6,47.04,15.1,7.48,0,Waldhof Mannheim 0-3 Energie Cottbus,2025-09-14
Hansa Rostock,0.46,0.85,-0.39,0.28,0.7,-0.42,0.18,0.15,0.03,0.46,0.85,-0.39,0,0,0,0.39,53.5,38.84,42.46,0.27,0.47,162,5,6,13,22.22,27.66,9.13,4,3,11,3,16,45.5,27.18,35.07,36.3,38.27,21.33,0,Osnabrück 0-0 Hansa Rostock,2025-09-14
Osnabrück,0.85,0.46,0.39,0.7,0.28,0.42,0.15,0.18,-0.03,0.85,0.46,0.39,0,0,0,-0.39,46.5,61.16,44.44,0.47,0.27,168,11,13,6,27.66,22.22,11.0,3,4,16,6,15,121.9,72.82,61.53,63.7,141.13,78.67,3,Osnabrück 0-0 Hansa Rostock,2025-09-14
Ulm,2.83,1.37,1.46,2.78,1.23,1.55,0.05,0.13,-0.08,2.83,1.37,1.46,3,1,2,0.54,42.8,45.33,46.39,0.42,0.87,170,10,14,15,33.33,17.24,11.78,2,5,13,2,16,92.2,48.2,53.73,61.81,127.67,70.11,4,Alemannia Aachen 1-3 Ulm,2025-09-13
Alemannia Aachen,1.37,2.83,-1.46,1.23,2.78,-1.55,0.13,0.05,0.08,1.37,2.83,-1.46,1,3,-2,-0.54,57.2,54.67,47.78,0.87,0.42,229,20,15,14,17.24,33.33,10.17,5,2,21,5,6,99.1,51.8,33.2,38.19,54.43,29.89,3,Alemannia Aachen 1-3 Ulm,2025-09-13
Verl,2.31,1.88,0.43,2.28,1.67,0.61,0.03,0.22,-0.19,2.31,1.88,0.43,4,2,2,1.57,61.9,63.74,48.33,1.19,0.38,278,13,13,11,10.92,28.95,9.23,6,5,14,5,15,172.7,79.26,26.0,21.4,126.5,61.54,1,Hoffenheim II 2-4 Verl,2025-09-13
Hoffenheim II,1.88,2.31,-0.43,1.67,2.28,-0.61,0.22,0.03,0.19,1.88,2.31,-0.43,2,4,-2,-1.57,38.1,36.26,41.01,0.38,1.19,141,6,11,13,28.95,10.92,14.9,5,6,9,4,11,45.2,20.74,95.47,78.6,79.07,38.46,4,Hoffenheim II 2-4 Verl,2025-09-13
Wehen Wiesbaden,1.91,1.29,0.62,1.09,1.29,-0.2,0.82,0.0,0.82,1.91,1.29,0.62,1,3,-2,-2.62,63.1,61.05,44.82,0.32,0.43,247,9,14,10,43.75,23.26,10.03,6,1,20,5,12,125.2,77.19,19.6,15.62,60.37,39.91,1,MSV Duisburg 3-1 Wehen Wiesbaden,2025-09-13
MSV Duisburg,1.29,1.91,-0.62,1.29,1.09,0.2,0.0,0.82,-0.82,1.29,1.91,-0.62,3,1,2,2.62,36.9,38.95,41.77,0.43,0.32,114,4,10,14,23.26,43.75,19.33,1,6,10,3,12,37.0,22.81,105.87,84.38,90.9,60.09,3,MSV Duisburg 3-1 Wehen Wiesbaden,2025-09-13
Viktoria Köln,1.66,1.79,-0.13,1.46,1.77,-0.31,0.2,0.02,0.18,1.66,1.79,-0.13,3,0,3,3.13,47.5,32.94,41.91,1.35,0.94,161,17,12,19,8.89,20.21,11.68,3,1,8,3,13,47.5,24.0,59.93,56.22,99.57,50.89,5,Erzgebirge Aue 0-3 Viktoria Köln,2025-09-13
Erzgebirge Aue,1.79,1.66,0.13,1.77,1.46,0.31,0.02,0.2,-0.18,1.79,1.66,0.13,0,3,-3,-3.13,52.5,67.06,49.7,0.94,1.35,258,15,19,12,20.21,8.89,11.38,1,3,24,4,13,150.4,76.0,46.67,43.78,96.1,49.11,1,Erzgebirge Aue 0-3 Viktoria Köln,2025-09-13
Saarbrücken,1.59,1.32,0.27,1.21,1.07,0.14,0.38,0.25,0.13,1.59,1.32,0.27,3,1,2,1.73,38.6,34.64,41.72,0.66,1.45,127,12,14,18,21.21,12.41,11.53,2,4,15,4,17,57.7,26.36,104.27,82.27,121.63,61.13,1,Stuttgart II 1-3 Saarbrücken,2025-09-13
Stuttgart II,1.32,1.59,-0.27,1.07,1.21,-0.14,0.25,0.38,-0.13,1.32,1.59,-0.27,1,3,-2,-1.73,61.4,65.36,49.04,1.45,0.66,294,10,18,14,12.41,21.21,8.14,4,2,26,4,17,161.2,73.64,22.47,17.73,77.33,38.87,4,Stuttgart II 1-3 Saarbrücken,2025-09-13
Schweinfurt,2.44,3.08,-0.64,1.27,2.88,-1.61,0.41,0.21,0.2,1.68,3.08,-1.4,3,2,1,1.64,43.2,56.63,49.31,0.61,1.04,174,14,15,20,24.59,19.23,9.81,4,3,17,6,18,92.8,49.0,95.93,88.94,92.92,42.07,2,Ingolstadt 2-3 Schweinfurt,2025-09-13
Ingolstadt,3.08,2.44,0.64,2.88,1.27,1.61,0.21,0.41,-0.2,3.08,1.68,1.4,2,3,-1,-1.64,56.8,43.37,42.39,1.04,0.61,186,16,20,15,19.23,24.59,6.85,3,4,22,5,22,96.6,51.0,11.93,11.06,127.94,57.93,3,Ingolstadt 2-3 Schweinfurt,2025-09-13
Rot-Weiss Essen,2.01,1.42,0.59,1.89,1.42,0.47,0.12,0.0,0.12,2.01,1.42,0.59,3,1,2,1.41,47.4,52.99,46.16,0.36,0.73,167,11,12,11,33.33,15.07,10.0,5,4,16,5,12,73.4,52.84,45.27,67.77,99.07,67.62,6,Jahn Regensburg 1-3 Rot-Weiss Essen,2025-09-12
Jahn Regensburg,1.42,2.01,-0.59,1.42,1.89,-0.47,0.0,0.12,-0.12,1.42,2.01,-0.59,1,3,-2,-1.41,52.6,47.01,43.62,0.73,0.36,169,12,11,12,15.07,33.33,8.3,4,5,19,4,11,65.5,47.16,21.53,32.23,47.43,32.38,2,Jahn Regensburg 1-3 Rot-Weiss Essen,2025-09-12
Alemannia Aachen,4.58,2.51,2.07,2.22,2.4,-0.18,0.08,0.11,-0.03,2.3,2.51,-0.21,3,2,1,-1.07,41.0,38.49,44.71,1.1,0.77,124,16,17,21,15.45,27.27,8.58,4,5,10,2,21,71.6,38.49,95.53,82.55,132.1,82.99,3,Rot-Weiss Essen 2-3 Alemannia Aachen,2025-08-31
Rot-Weiss Essen,2.51,4.58,-2.07,2.4,2.22,0.18,0.11,0.08,0.03,2.51,2.3,0.21,2,3,-1,1.07,59.0,61.51,44.58,0.77,1.1,204,16,21,17,27.27,15.45,8.59,5,4,28,5,11,114.4,61.51,20.2,17.45,27.07,17.01,6,Rot-Weiss Essen 2-3 Alemannia Aachen,2025-08-31
Wehen Wiesbaden,3.13,3.2,-0.07,2.97,2.29,0.68,0.16,0.14,0.02,3.13,2.44,0.69,1,0,1,1.07,45.0,38.97,42.43,0.48,1.16,157,15,18,19,37.5,16.38,20.44,3,0,20,2,14,75.4,33.69,61.33,50.35,65.57,32.4,6,Schweinfurt 0-1 Wehen Wiesbaden,2025-08-31
Schweinfurt,3.2,3.13,0.07,2.29,2.97,-0.68,0.14,0.16,-0.02,2.44,3.13,-0.69,0,1,-1,-1.07,55.0,61.03,46.77,1.16,0.48,223,19,19,18,16.38,37.5,14.26,0,3,18,5,9,148.4,66.31,60.47,49.65,136.8,67.6,4,Schweinfurt 0-1 Wehen Wiesbaden,2025-08-31
Waldhof Mannheim,3.22,2.22,1.0,1.5,2.12,-0.62,0.96,0.1,0.86,2.46,2.22,0.24,2,1,1,0.0,53.5,51.84,48.25,1.08,0.44,188,16,18,17,16.67,38.64,8.72,4,2,16,10,12,97.5,60.07,38.4,46.98,118.5,66.79,1,Ulm 1-2 Waldhof Mannheim,2025-08-31
Ulm,2.22,3.22,-1.0,2.12,1.5,0.62,0.1,0.96,-0.86,2.22,2.46,-0.24,1,2,-1,0.0,46.5,48.16,46.58,0.44,1.08,151,8,17,18,38.64,16.67,10.28,2,4,23,8,19,64.8,39.93,43.33,53.02,58.93,33.21,3,Ulm 1-2 Waldhof Mannheim,2025-08-31
Hoffenheim II,2.07,1.7,0.37,1.99,1.52,0.47,0.09,0.18,-0.09,2.07,1.7,0.37,1,0,1,0.63,45.4,48.37,47.73,0.52,0.68,183,15,18,17,34.62,25.0,14.42,10,7,17,6,11,72.7,44.33,45.13,63.81,111.47,60.38,3,Hansa Rostock 0-1 Hoffenheim II,2025-08-30
Hansa Rostock,1.7,2.07,-0.37,1.52,1.99,-0.47,0.18,0.09,0.09,1.7,2.07,-0.37,0,1,-1,-0.63,54.6,51.63,44.21,0.68,0.52,184,19,17,18,25.0,34.62,7.95,7,10,27,9,10,91.3,55.67,25.6,36.19,73.13,39.62,2,Hansa Rostock 0-1 Hoffenheim II,2025-08-30
MSV Duisburg,1.2,1.54,-0.34,1.2,1.16,0.04,0.01,0.38,-0.37,1.2,1.54,-0.34,3,2,1,1.34,32.8,38.32,42.19,0.7,0.97,100,10,9,14,12.86,14.43,14.87,4,5,10,4,19,67.3,30.48,119.47,89.42,97.87,47.33,1,Verl 2-3 MSV Duisburg,2025-08-30
Verl,1.54,1.2,0.34,1.16,1.2,-0.04,0.38,0.01,0.37,1.54,1.2,0.34,2,3,-1,-1.34,67.2,61.68,43.96,0.97,0.7,208,17,14,9,14.43,12.86,7.39,5,4,15,5,12,153.5,69.52,14.13,10.58,108.9,52.67,4,Verl 2-3 MSV Duisburg,2025-08-30
Stuttgart II,1.62,2.06,-0.44,1.33,1.22,0.11,0.3,0.84,-0.54,1.62,2.06,-0.44,1,1,0,0.44,45.0,36.05,42.49,0.7,0.93,147,9,10,14,14.29,15.05,14.75,1,5,12,6,12,73.8,34.17,51.87,67.48,81.63,52.36,4,1860 München 1-1 Stuttgart II,2025-08-30
1860 München,2.06,1.62,0.44,1.22,1.33,-0.11,0.84,0.3,0.54,2.06,1.62,0.44,1,1,0,-0.44,55.0,63.95,50.59,0.93,0.7,232,28,14,10,15.05,14.29,8.31,5,1,38,14,16,142.2,65.83,25.0,32.52,74.27,47.64,10,1860 München 1-1 Stuttgart II,2025-08-30
Osnabrück,2.4,0.67,1.73,1.94,0.51,1.43,0.46,0.16,0.3,2.4,0.67,1.73,2,0,2,0.27,44.3,54.72,49.59,1.08,0.42,206,22,17,11,15.74,26.19,11.1,3,4,16,8,19,110.4,75.82,77.6,75.39,175.93,95.82,1,Havelse 0-2 Osnabrück,2025-08-30
Havelse,0.67,2.4,-1.73,0.51,1.94,-1.43,0.16,0.46,-0.3,0.67,2.4,-1.73,0,2,-2,-0.27,55.7,45.28,45.18,0.42,1.08,201,5,11,17,26.19,15.74,11.14,4,3,17,6,8,35.2,24.18,25.33,24.61,7.67,4.18,0,Havelse 0-2 Osnabrück,2025-08-30
Ingolstadt,3.0,2.71,0.29,2.27,1.64,0.63,0.73,0.31,0.42,3.0,1.95,1.05,1,1,0,-0.29,54.4,44.72,44.42,1.11,0.75,199,20,18,17,16.22,22.67,10.63,3,6,23,6,8,87.8,40.04,26.47,28.0,60.77,27.15,5,Energie Cottbus 1-1 Ingolstadt,2025-08-30
Energie Cottbus,2.71,3.0,-0.29,1.64,2.27,-0.63,0.31,0.73,-0.42,1.95,3.0,-1.05,1,1,0,0.29,45.6,55.28,50.53,0.75,1.11,238,10,17,18,22.67,16.22,12.94,6,3,19,5,13,131.5,59.96,68.07,72.0,163.07,72.85,0,Energie Cottbus 1-1 Ingolstadt,2025-08-30
Erzgebirge Aue,1.07,2.11,-1.04,0.94,1.86,-0.92,0.13,0.25,-0.12,1.07,2.11,-1.04,1,4,-3,-1.96,48.3,52.38,45.95,0.27,0.39,188,8,15,12,55.56,30.77,11.66,2,3,9,5,11,76.0,46.68,65.13,65.88,61.33,36.33,3,Saarbrücken 4-1 Erzgebirge Aue,2025-08-30
Saarbrücken,2.11,1.07,1.04,1.86,0.94,0.92,0.25,0.13,0.12,2.11,1.07,1.04,4,1,3,1.96,51.7,47.62,45.94,0.39,0.27,191,9,12,15,30.77,55.56,10.45,3,2,19,6,15,86.8,53.32,33.73,34.12,107.47,63.67,0,Saarbrücken 4-1 Erzgebirge Aue,2025-08-30
Jahn Regensburg,1.43,2.37,-0.94,0.72,1.46,-0.74,0.71,0.91,-0.2,1.43,2.37,-0.94,0,1,-1,-0.06,48.0,55.22,42.8,0.91,0.69,169,13,13,18,14.29,26.09,10.09,4,5,22,6,24,95.3,44.66,57.67,46.81,78.9,37.59,4,Viktoria Köln 1-0 Jahn Regensburg,2025-08-29
Viktoria Köln,2.37,1.43,0.94,1.46,0.72,0.74,0.91,0.71,0.2,2.37,1.43,0.94,1,0,1,0.06,52.0,44.78,40.97,0.69,0.91,145,10,18,13,26.09,14.29,9.12,5,4,16,4,10,118.1,55.34,65.53,53.19,130.97,62.41,0,Viktoria Köln 1-0 Jahn Regensburg,2025-08-29
Viktoria Köln,2.05,1.16,0.89,2.05,1.02,1.03,0.0,0.13,-0.13,2.05,1.16,0.89,0,2,-2,-2.89,59.0,58.8,46.23,1.14,0.4,255,21,11,9,9.65,22.5,9.18,6,7,24,2,13,107.2,72.63,25.87,22.7,58.97,35.26,3,Waldhof Mannheim 2-0 Viktoria Köln,2025-08-24
Waldhof Mannheim,1.16,2.05,-0.89,1.02,2.05,-1.03,0.13,0.0,0.13,1.16,2.05,-0.89,2,0,2,2.89,41.0,41.2,42.8,0.4,1.14,147,7,9,11,22.5,9.65,15.74,7,6,14,4,15,40.4,27.37,88.07,77.3,108.27,64.74,0,Waldhof Mannheim 2-0 Viktoria Köln,2025-08-24
Havelse,1.09,2.32,-1.23,0.85,2.28,-1.43,0.24,0.04,0.2,1.09,2.32,-1.23,1,2,-1,0.23,39.4,32.67,44.41,0.41,1.69,150,8,16,23,39.02,13.61,13.61,1,9,16,6,11,38.1,15.64,90.6,77.92,69.73,38.39,0,Erzgebirge Aue 2-1 Havelse,2025-08-24
Erzgebirge Aue,2.32,1.09,1.23,2.28,0.85,1.43,0.04,0.24,-0.2,2.32,1.09,1.23,2,1,1,-0.23,60.6,67.33,53.62,1.69,0.41,320,22,23,16,13.61,39.02,7.53,9,1,31,6,13,205.5,84.36,25.67,22.08,111.9,61.61,2,Erzgebirge Aue 2-1 Havelse,2025-08-24
Hansa Rostock,1.62,2.54,-0.92,1.03,2.31,-1.28,0.59,0.23,0.36,1.62,2.54,-0.92,1,1,0,0.92,53.6,60.46,48.72,0.87,0.91,249,17,20,18,22.99,19.78,12.03,5,4,26,10,9,118.9,68.25,41.13,53.1,125.7,68.69,3,Ingolstadt 1-1 Hansa Rostock,2025-08-24
Ingolstadt,2.54,1.62,0.92,2.31,1.03,1.28,0.23,0.59,-0.36,2.54,1.62,0.92,1,1,0,-0.92,46.4,39.54,39.29,0.91,0.87,134,20,18,20,19.78,22.99,16.35,4,5,17,3,14,55.3,31.75,36.33,46.9,57.3,31.31,4,Ingolstadt 1-1 Hansa Rostock,2025-08-24
Ulm,1.73,1.09,0.64,1.64,0.88,0.76,0.09,0.21,-0.12,1.73,1.09,0.64,1,2,-1,-1.64,61.8,56.97,46.38,0.84,0.4,244,14,18,15,21.43,37.5,7.5,2,10,25,5,18,132.6,62.67,23.2,20.7,77.83,41.57,2,MSV Duisburg 2-1 Ulm,2025-08-23
MSV Duisburg,1.09,1.73,-0.64,0.88,1.64,-0.76,0.21,0.09,0.12,1.09,1.73,-0.64,2,1,1,1.64,38.2,43.03,44.71,0.4,0.84,137,8,15,18,37.5,21.43,10.62,10,2,28,8,11,79.0,37.33,88.87,79.3,109.4,58.43,1,MSV Duisburg 2-1 Ulm,2025-08-23
Energie Cottbus,2.63,2.97,-0.34,1.65,2.49,-0.84,0.22,0.48,-0.26,1.87,2.97,-1.1,1,4,-3,-2.66,44.5,39.2,42.17,1.29,0.68,165,11,13,20,10.08,29.41,11.67,5,4,22,6,14,52.6,25.65,75.27,65.83,21.32,6.12,1,Hoffenheim II 4-1 Energie Cottbus,2025-08-23
Hoffenheim II,2.97,2.63,0.34,2.49,1.65,0.84,0.48,0.22,0.26,2.97,1.87,1.1,4,1,3,2.66,55.5,60.8,49.32,0.68,1.29,280,16,20,13,29.41,10.08,15.67,4,5,15,7,10,152.5,74.35,39.07,34.17,327.28,93.88,1,Hoffenheim II 4-1 Energie Cottbus,2025-08-23
1860 München,1.6,1.07,0.53,1.6,1.07,0.53,0.0,0.0,0.0,1.6,1.07,0.53,2,0,2,1.47,54.1,44.08,35.29,0.57,0.43,98,13,12,11,21.05,25.58,8.25,5,5,13,2,11,52.4,53.31,13.73,14.83,38.8,29.01,4,Alemannia Aachen 0-2 1860 München,2025-08-23
Alemannia Aachen,1.07,1.6,-0.53,1.07,1.6,-0.53,0.0,0.0,0.0,1.07,1.6,-0.53,0,2,-2,-1.47,45.9,55.92,42.82,0.43,0.57,131,8,11,12,25.58,21.05,11.48,5,5,10,3,16,45.9,46.69,78.87,85.17,94.93,70.99,6,Alemannia Aachen 0-2 1860 München,2025-08-23
Schweinfurt,0.88,2.56,-1.68,0.87,2.15,-1.28,0.01,0.41,-0.4,0.88,2.56,-1.68,0,3,-3,-1.32,54.6,53.97,42.67,0.74,0.96,188,14,14,17,18.92,17.71,7.86,9,5,5,2,16,97.4,50.65,39.93,41.05,79.1,33.92,4,Jahn Regensburg 3-0 Schweinfurt,2025-08-23
Jahn Regensburg,2.56,0.88,1.68,2.15,0.87,1.28,0.41,0.01,0.4,2.56,0.88,1.68,3,0,3,1.32,45.4,46.03,44.66,0.96,0.74,180,15,17,14,17.71,18.92,9.59,5,9,14,6,16,94.9,49.35,57.33,58.95,154.11,66.08,0,Jahn Regensburg 3-0 Schweinfurt,2025-08-23
Saarbrücken,0.58,1.75,-1.17,0.43,0.77,-0.34,0.15,0.99,-0.84,0.58,1.75,-1.17,0,2,-2,-0.83,46.6,30.84,41.89,0.25,0.71,155,5,5,18,20.0,25.35,12.5,4,9,10,3,13,31.4,15.38,53.13,44.25,18.5,9.14,0,Osnabrück 2-0 Saarbrücken,2025-08-23
Osnabrück,1.75,0.58,1.17,0.77,0.43,0.34,0.99,0.15,0.84,1.75,0.58,1.17,2,0,2,0.83,53.4,69.16,51.84,0.71,0.25,270,13,18,5,25.35,20.0,10.61,9,4,29,12,11,172.8,84.62,66.93,55.75,183.8,90.86,2,Osnabrück 2-0 Saarbrücken,2025-08-23
Verl,2.83,2.29,0.54,2.3,1.28,1.02,0.53,0.26,0.27,2.83,1.53,1.3,1,1,0,-0.54,65.8,68.85,50.4,0.97,0.57,320,23,22,8,22.68,14.04,8.72,4,5,26,8,14,224.1,81.79,17.07,13.02,148.73,67.7,1,Stuttgart II 1-1 Verl,2025-08-23
Stuttgart II,2.29,2.83,-0.54,1.28,2.3,-1.02,0.26,0.53,-0.27,1.53,2.83,-1.3,1,1,0,0.54,34.2,31.15,41.26,0.57,0.97,117,10,8,22,14.04,22.68,13.72,5,4,11,5,13,49.9,18.21,114.0,86.98,70.97,32.3,3,Stuttgart II 1-1 Verl,2025-08-23
Rot-Weiss Essen,3.36,3.17,0.19,2.14,1.8,0.34,0.45,0.61,-0.16,2.6,2.41,0.19,4,3,1,0.81,52.6,57.19,50.0,0.66,0.73,230,16,25,16,37.88,21.92,15.23,4,8,24,6,12,134.8,65.12,49.0,50.0,137.8,69.18,5,Wehen Wiesbaden 3-4 Rot-Weiss Essen,2025-08-22
Wehen Wiesbaden,3.17,3.36,-0.19,1.8,2.14,-0.34,0.61,0.45,0.16,2.41,2.6,-0.19,3,4,-1,-0.81,47.4,42.81,44.35,0.73,0.66,181,15,16,25,21.92,37.88,9.21,8,4,27,6,16,72.2,34.88,49.0,50.0,61.4,30.82,4,Wehen Wiesbaden 3-4 Rot-Weiss Essen,2025-08-22
Wehen Wiesbaden,1.8,3.81,-2.01,1.8,2.1,-0.3,0.0,0.95,-0.95,1.8,3.05,-1.25,2,2,0,2.01,24.9,25.84,44.43,0.52,0.84,90,5,7,28,13.46,33.33,21.4,1,3,13,1,22,26.8,8.51,157.13,99.96,91.13,41.65,3,Verl 2-2 Wehen Wiesbaden,2025-08-09
Verl,3.81,1.8,2.01,2.1,1.8,0.3,0.95,0.0,0.95,3.05,1.8,1.25,2,2,0,-2.01,75.1,74.16,49.06,0.84,0.52,349,18,28,7,33.33,13.46,5.94,3,1,22,10,5,288.0,91.49,0.07,0.04,127.67,58.35,2,Verl 2-2 Wehen Wiesbaden,2025-08-09
Osnabrück,2.8,3.58,-0.78,2.47,3.41,-0.94,0.33,0.17,0.16,2.8,3.58,-0.78,1,3,-2,-1.22,58.8,62.7,50.38,0.97,1.01,258,14,17,19,17.53,18.81,8.84,1,10,28,8,14,134.8,62.12,24.27,25.89,68.44,33.35,1,1860 München 3-1 Osnabrück,2025-08-09
1860 München,3.58,2.8,0.78,3.41,2.47,0.94,0.17,0.33,-0.16,3.58,2.8,0.78,3,1,2,1.22,41.2,37.3,43.21,1.01,0.97,141,15,19,17,18.81,17.53,9.81,10,1,9,4,14,82.2,37.88,69.47,74.11,136.78,66.65,6,1860 München 3-1 Osnabrück,2025-08-09
Hoffenheim II,2.3,1.64,0.66,2.22,0.88,1.34,0.08,0.0,0.08,2.3,0.88,1.42,4,2,2,1.34,54.7,47.58,41.31,0.37,0.65,162,7,10,11,27.03,16.92,8.39,2,5,6,4,17,53.5,44.18,29.13,25.72,52.23,40.47,0,Alemannia Aachen 2-4 Hoffenheim II,2025-08-09
Alemannia Aachen,1.64,2.3,-0.66,0.88,2.22,-1.34,0.0,0.08,-0.08,0.88,2.3,-1.42,2,4,-2,-1.34,45.3,52.42,42.42,0.65,0.37,145,13,11,10,16.92,27.03,10.8,5,2,20,4,13,67.6,55.82,84.13,74.28,76.83,59.53,3,Alemannia Aachen 2-4 Hoffenheim II,2025-08-09
Rot-Weiss Essen,1.98,0.67,1.31,1.41,0.65,0.76,0.57,0.02,0.55,1.98,0.67,1.31,1,1,0,-1.31,72.7,70.49,49.93,0.52,0.27,305,16,21,6,40.38,22.22,8.17,0,1,32,12,9,209.8,91.26,4.67,3.68,117.0,73.72,6,Havelse 1-1 Rot-Weiss Essen,2025-08-09
Havelse,0.67,1.98,-1.31,0.65,1.41,-0.76,0.02,0.57,-0.55,0.67,1.98,-1.31,1,1,0,1.31,27.3,29.51,42.2,0.27,0.52,76,1,6,21,22.22,40.38,21.9,1,0,5,3,10,20.1,8.74,122.07,96.32,41.7,26.28,0,Havelse 1-1 Rot-Weiss Essen,2025-08-09
Erzgebirge Aue,2.62,2.74,-0.12,2.38,2.56,-0.18,0.23,0.17,0.06,2.62,2.74,-0.12,0,1,-1,-0.88,54.2,56.27,46.95,0.92,1.26,205,15,18,19,19.57,15.08,14.09,1,4,25,7,10,79.5,59.77,27.2,30.2,61.73,41.12,5,Ulm 1-0 Erzgebirge Aue,2025-08-09
Ulm,2.74,2.62,0.12,2.56,2.38,0.18,0.17,0.23,-0.06,2.74,2.62,0.12,1,0,1,0.88,45.8,43.73,47.34,1.26,0.92,179,17,19,18,15.08,19.57,13.39,4,1,24,4,10,53.5,40.23,62.87,69.8,88.4,58.88,5,Ulm 1-0 Erzgebirge Aue,2025-08-09
Viktoria Köln,0.82,0.98,-0.16,0.59,0.66,-0.07,0.23,0.32,-0.09,0.82,0.98,-0.16,1,2,-1,-0.84,68.5,67.03,49.29,1.0,0.26,310,12,9,7,9.0,26.92,5.81,2,2,19,3,22,140.8,80.83,17.33,10.55,68.1,33.83,2,Saarbrücken 2-1 Viktoria Köln,2025-08-09
Saarbrücken,0.98,0.82,0.16,0.66,0.59,0.07,0.32,0.23,0.09,0.98,0.82,0.16,2,1,1,0.84,31.5,32.97,40.47,0.26,1.0,97,7,7,9,26.92,9.0,14.26,2,2,11,2,18,33.4,19.17,147.0,89.45,133.2,66.17,1,Saarbrücken 2-1 Viktoria Köln,2025-08-09
Energie Cottbus,3.57,0.73,2.84,3.24,0.68,2.56,0.33,0.06,0.27,3.57,0.73,2.84,2,0,2,-0.84,52.0,62.77,53.63,0.97,0.25,262,21,23,9,23.71,36.0,8.7,5,2,34,7,19,167.5,82.19,39.33,43.35,146.2,84.52,0,Schweinfurt 0-2 Energie Cottbus,2025-08-08
Schweinfurt,0.73,3.57,-2.84,0.68,3.24,-2.56,0.06,0.33,-0.27,0.73,3.57,-2.84,0,2,-2,0.84,48.0,37.23,44.45,0.25,0.97,151,10,9,23,36.0,23.71,12.58,2,5,25,3,14,36.3,17.81,51.4,56.65,26.77,15.48,2,Schweinfurt 0-2 Energie Cottbus,2025-08-08
Ulm,1.42,4.64,-3.22,1.15,3.73,-2.58,0.27,0.15,0.12,1.42,3.88,-2.46,1,3,-2,1.22,59.8,56.08,43.33,0.65,0.81,176,10,16,24,24.62,29.63,7.78,5,5,23,5,14,70.0,44.11,4.2,4.58,27.31,12.48,1,Wehen Wiesbaden 3-1 Ulm,2025-08-03
Wehen Wiesbaden,4.64,1.42,3.22,3.73,1.15,2.58,0.15,0.27,-0.12,3.88,1.42,2.46,3,1,2,-1.22,40.2,43.92,45.45,0.81,0.65,132,18,24,16,29.63,24.62,10.78,5,5,13,5,19,88.7,55.89,87.53,95.42,191.56,87.52,4,Wehen Wiesbaden 3-1 Ulm,2025-08-03
Schweinfurt,1.41,2.62,-1.21,0.65,2.38,-1.73,0.01,0.24,-0.23,0.65,2.62,-1.97,0,2,-2,-0.79,44.0,46.69,45.16,0.97,0.34,157,12,12,14,12.37,41.18,9.49,3,7,19,4,17,57.2,36.78,65.07,65.95,54.9,39.3,4,Viktoria Köln 2-0 Schweinfurt,2025-08-03
Viktoria Köln,2.62,1.41,1.21,2.38,0.65,1.73,0.24,0.01,0.23,2.62,0.65,1.97,2,0,2,0.79,56.0,53.31,45.5,0.34,0.97,195,10,14,12,41.18,12.37,9.22,7,3,18,4,16,98.3,63.22,33.6,34.05,84.8,60.7,2,Viktoria Köln 2-0 Schweinfurt,2025-08-03
Hansa Rostock,1.86,2.97,-1.11,1.83,1.74,0.09,0.02,0.47,-0.45,1.86,2.21,-0.35,0,0,0,1.11,55.5,57.09,46.2,0.79,0.87,208,14,14,15,17.72,17.24,10.9,6,10,14,2,10,105.4,59.95,31.33,36.32,101.67,52.97,3,Erzgebirge Aue 0-0 Hansa Rostock,2025-08-03
Erzgebirge Aue,2.97,1.86,1.11,1.74,1.83,-0.09,0.47,0.02,0.45,2.21,1.86,0.35,0,0,0,-1.11,44.5,42.91,41.78,0.87,0.79,144,11,15,14,17.24,17.72,9.88,10,6,20,5,18,70.4,40.05,54.93,63.68,90.27,47.03,6,Erzgebirge Aue 0-0 Hansa Rostock,2025-08-03
Stuttgart II,1.29,2.25,-0.96,1.2,2.25,-1.05,0.1,0.0,0.1,1.29,2.25,-0.96,1,2,-1,-0.04,64.2,52.63,45.41,0.58,0.58,221,10,13,11,22.41,18.97,5.74,1,6,19,2,16,66.4,55.2,8.53,8.19,32.77,23.77,2,MSV Duisburg 2-1 Stuttgart II,2025-08-02
MSV Duisburg,2.25,1.29,0.96,2.25,1.2,1.05,0.0,0.1,-0.1,2.25,1.29,0.96,2,1,1,0.04,35.8,47.37,44.97,0.58,0.58,116,12,11,13,18.97,22.41,9.57,6,1,15,2,24,53.9,44.8,95.67,91.81,105.1,76.23,3,MSV Duisburg 2-1 Stuttgart II,2025-08-02
Saarbrücken,1.85,3.09,-1.24,1.08,2.41,-1.33,0.01,0.68,-0.67,1.09,3.09,-2.0,3,3,0,1.24,54.2,40.61,41.62,0.84,1.23,183,8,8,21,9.52,17.07,7.8,6,6,18,3,20,54.6,26.14,10.8,8.69,29.57,9.37,0,Energie Cottbus 3-3 Saarbrücken,2025-08-02
Energie Cottbus,3.09,1.85,1.24,2.41,1.08,1.33,0.68,0.01,0.67,3.09,1.09,2.0,3,3,0,-1.24,45.8,59.39,52.79,1.23,0.84,224,20,21,8,17.07,9.52,9.64,6,6,23,8,14,154.3,73.86,113.53,91.31,285.97,90.63,1,Energie Cottbus 3-3 Saarbrücken,2025-08-02
Jahn Regensburg,1.92,1.92,0.0,1.66,1.13,0.53,0.26,0.8,-0.54,1.92,1.92,0.0,1,1,0,0.0,49.7,50.14,48.57,0.78,1.21,203,16,18,16,23.08,13.22,11.11,4,4,32,6,11,104.2,47.28,51.27,59.66,110.87,45.23,7,Ingolstadt 1-1 Jahn Regensburg,2025-08-02
Ingolstadt,1.92,1.92,0.0,1.13,1.66,-0.53,0.8,0.26,0.54,1.92,1.92,0.0,1,1,0,0.0,50.3,49.86,44.32,1.21,0.78,183,17,16,18,13.22,23.08,8.91,4,4,27,5,16,116.2,52.72,34.67,40.34,134.27,54.77,11,Ingolstadt 1-1 Jahn Regensburg,2025-08-02
Verl,0.29,1.95,-1.66,0.28,1.72,-1.44,0.01,0.23,-0.22,0.29,1.95,-1.66,2,2,0,1.66,44.9,30.0,36.82,0.2,0.9,102,2,8,17,40.0,18.89,9.79,3,8,2,2,12,26.3,13.05,42.87,40.01,16.43,8.76,2,Waldhof Mannheim 2-2 Verl,2025-08-02
Waldhof Mannheim,1.95,0.29,1.66,1.72,0.28,1.44,0.23,0.01,0.22,1.95,0.29,1.66,2,2,0,-1.66,55.1,70.0,52.87,0.9,0.2,265,15,17,8,18.89,40.0,8.97,8,3,28,6,14,175.2,86.95,64.27,59.99,171.23,91.24,6,Waldhof Mannheim 2-2 Verl,2025-08-02
Alemannia Aachen,0.69,1.34,-0.65,0.68,1.02,-0.34,0.01,0.32,-0.31,0.69,1.34,-0.65,0,0,0,0.65,51.5,44.62,41.82,0.26,0.63,145,6,7,19,26.92,30.16,11.23,3,6,15,6,8,61.0,34.04,29.93,34.07,32.87,21.78,6,Osnabrück 0-0 Alemannia Aachen,2025-08-02
Osnabrück,1.34,0.69,0.65,1.02,0.68,0.34,0.32,0.01,0.31,1.34,0.69,0.65,0,0,0,-0.65,48.5,55.38,44.68,0.63,0.26,150,13,19,7,30.16,26.92,9.62,6,3,23,9,16,118.2,65.96,57.93,65.93,118.07,78.22,3,Osnabrück 0-0 Alemannia Aachen,2025-08-02
Havelse,1.38,1.85,-0.47,1.37,1.85,-0.48,0.01,0.0,0.01,1.38,1.85,-0.47,0,0,0,0.47,40.4,41.05,46.13,1.29,0.77,145,12,13,18,10.08,23.38,17.52,1,5,18,5,7,48.0,26.04,83.8,80.48,61.87,41.64,1,Hoffenheim II 0-0 Havelse,2025-08-02
Hoffenheim II,1.85,1.38,0.47,1.85,1.37,0.48,0.0,0.01,-0.01,1.85,1.38,0.47,0,0,0,-0.47,59.6,58.95,49.01,0.77,1.29,245,21,18,13,23.38,10.08,9.33,5,1,27,4,18,136.3,73.96,20.33,19.52,86.7,58.36,2,Hoffenheim II 0-0 Havelse,2025-08-02
1860 München,0.84,1.68,-0.84,0.69,1.62,-0.93,0.15,0.05,0.1,0.84,1.68,-0.84,1,1,0,0.84,59.6,55.97,43.56,0.64,0.31,211,11,7,15,10.94,48.39,7.83,7,4,28,10,15,64.9,47.58,27.93,23.55,43.07,24.9,2,Rot-Weiss Essen 1-1 1860 München,2025-08-01
Rot-Weiss Essen,1.68,0.84,0.84,1.62,0.69,0.93,0.05,0.15,-0.1,1.68,0.84,0.84,1,1,0,-0.84,40.4,44.03,44.96,0.31,0.64,148,10,15,7,48.39,10.94,17.18,4,7,23,5,13,71.5,52.42,90.67,76.45,129.9,75.1,5,Rot-Weiss Essen 1-1 1860 München,2025-08-01
