Team,xG,xGA,xGD,Open Play xG,Open Play xGA,Open Play xGD,Set Piece xG,Set Piece xGA,Set Piece xGD,npxG,npxGA,npxGD,Goals,Goals Conceded,GD,GD-xGD,Possession,Field Tilt,Avg Pass Height,xT,xT Against,Passes in Opposition Half,Passes into Box,Shots,Shots Faced,Shots per 1.0 xT,Shots Faced per 1.0 xT Against,PPDA,High Recoveries,High Recoveries Against,Crosses,Corners,Fouls,On-Ball Pressure,On-Ball Pressure Share,Off-Ball Pressure,Off-Ball Pressure Share,Game Control,Game Control Share,Throw-Ins into the Box,Match,Date
Antwerp,3.98,0.90,3.08,3.91,0.90,3.01,0.07,0.00,0.07,3.98,0.90,3.08,4,2,2,-1.08,64.30,57.69,49.18,1.3,0.34,247,19,20,10,15.38,29.41,5.83,6,9,19,7,13,145.6,76.96,5.13,4.66,130.63,75.03,0,Westerlo 2-4 Antwerp,2026-04-25
Westerlo,0.90,3.98,-3.08,0.90,3.91,-3.01,0.00,0.07,-0.07,0.90,3.98,-3.08,2,4,-2,1.08,35.70,42.31,48.86,0.34,1.3,131,10,10,20,29.41,15.38,11.16,9,6,7,2,11,43.6,23.04,104.87,95.34,43.47,24.97,0,Westerlo 2-4 Antwerp,2026-04-25
Standard Liège,0.94,2.66,-1.72,0.94,2.42,-1.48,0.00,0.24,-0.24,0.94,2.66,-1.72,1,1,0,1.72,39.30,32.67,41.31,0.49,1.83,125,5,9,24,18.37,13.11,18.43,4,5,14,2,5,31.3,13.13,60.6,62.99,50.03,19.41,0,Genk 1-1 Standard Liège,2026-04-25
Genk,2.66,0.94,1.72,2.42,0.94,1.48,0.24,0.00,0.24,2.66,0.94,1.72,1,1,0,-1.72,60.70,67.33,50.32,1.83,0.49,293,24,24,9,13.11,18.37,11.77,5,4,37,13,13,207.0,86.87,35.6,37.01,207.73,80.59,1,Genk 1-1 Standard Liège,2026-04-25
Sporting Charleroi,1.36,0.40,0.96,1.22,0.31,0.91,0.14,0.09,0.05,1.36,0.40,0.96,2,0,2,1.04,43.20,51.77,48.45,0.51,0.36,204,11,11,4,21.57,11.11,28.94,0,6,18,6,12,106.2,64.17,106.13,85.45,181.23,85.2,3,OH Leuven 0-2 Sporting Charleroi,2026-04-25
OH Leuven,0.40,1.36,-0.96,0.31,1.22,-0.91,0.09,0.14,-0.05,0.40,1.36,-0.96,0,2,-2,-1.04,56.80,48.23,43.13,0.36,0.51,202,9,4,11,11.11,21.57,13.39,6,0,24,4,8,59.3,35.83,18.07,14.55,31.47,14.8,1,OH Leuven 0-2 Sporting Charleroi,2026-04-25
Dender,0.44,0.99,-0.55,0.37,0.9,-0.53,0.07,0.09,-0.02,0.44,0.99,-0.55,1,2,-1,-0.45,48.3,54.71,47.29,0.76,0.67,221,14,13,9,17.11,13.43,16.04,3,11,21,6,9,97.3,59.95,70.87,67.24,105.6,56.98,1,Cercle Brugge 2-1 Dender,2026-04-24
Cercle Brugge,0.99,0.44,0.55,0.9,0.37,0.53,0.09,0.07,0.02,0.99,0.44,0.55,2,1,1,0.45,51.7,45.29,45.64,0.67,0.76,201,10,9,13,13.43,17.11,8.6,11,3,15,7,9,65.0,40.05,34.53,32.76,79.73,43.02,0,Cercle Brugge 2-1 Dender,2026-04-24
Anderlecht,1.37,1.39,-0.02,1.25,1.34,-0.09,0.12,0.04,0.08,1.37,1.39,-0.02,0,2,-2,-1.98,46.6,47.47,44.63,0.49,0.76,185,7,19,16,38.78,21.05,11.0,12,5,17,7,9,91.3,43.64,79.0,70.04,109.6,52.14,0,Sint-Truiden 2-0 Anderlecht,2026-04-23
Sint-Truiden,1.39,1.37,0.02,1.34,1.25,0.09,0.04,0.12,-0.08,1.39,1.37,0.02,2,0,2,1.98,53.4,52.53,47.0,0.76,0.49,245,18,16,19,21.05,38.78,9.78,5,12,12,4,8,117.9,56.36,33.8,29.96,100.6,47.86,0,Sint-Truiden 2-0 Anderlecht,2026-04-23
Gent,0.23,1.4,-1.17,0.16,0.91,-0.75,0.06,0.49,-0.43,0.23,1.4,-1.17,0,0,0,1.17,42.4,37.43,45.61,0.3,1.18,153,5,3,18,10.0,15.25,16.41,2,3,10,1,11,60.1,25.59,67.87,69.58,67.07,31.84,0,Union Saint-Gilloise 0-0 Gent,2026-04-22
Union Saint-Gilloise,1.4,0.23,1.17,0.91,0.16,0.75,0.49,0.06,0.43,1.4,0.23,1.17,0,0,0,-1.17,57.6,62.57,48.2,1.18,0.3,228,19,18,3,15.25,10.0,9.58,3,2,28,9,13,174.8,74.41,29.67,30.42,143.57,68.16,4,Union Saint-Gilloise 0-0 Gent,2026-04-22
Mechelen,1.49,4.81,-3.32,1.49,3.9,-2.41,0.0,0.14,-0.14,1.49,4.05,-2.56,1,6,-5,-1.68,38.3,37.5,46.84,0.27,1.48,157,7,9,23,33.33,15.54,17.8,4,12,16,3,12,49.4,18.25,83.47,85.29,61.24,18.63,0,Club Brugge 6-1 Mechelen,2026-04-22
Club Brugge,4.81,1.49,3.32,3.9,1.49,2.41,0.14,0.0,0.14,4.05,1.49,2.56,6,1,5,1.68,61.7,62.5,48.21,1.48,0.27,277,19,23,9,15.54,33.33,7.15,12,4,19,3,8,221.3,81.75,14.4,14.71,267.52,81.37,1,Club Brugge 6-1 Mechelen,2026-04-22
Antwerp,3.29,1.79,1.5,3.11,0.87,2.24,0.18,0.15,0.03,3.29,1.03,2.26,2,1,1,-0.5,53.2,45.07,43.0,0.84,0.85,170,17,17,15,20.24,17.65,7.41,12,2,12,4,12,78.8,40.98,23.67,24.74,67.47,35.22,0,Standard Liège 1-2 Antwerp,2026-04-21
Standard Liège,1.79,3.29,-1.5,0.87,3.11,-2.24,0.15,0.18,-0.03,1.03,3.29,-2.26,1,2,-1,0.5,46.8,54.93,46.95,0.85,0.84,177,18,15,17,17.65,20.24,11.56,2,12,26,6,13,113.5,59.02,72.0,75.26,124.1,64.78,0,Standard Liège 1-2 Antwerp,2026-04-21
Westerlo,1.54,1.29,0.25,1.34,0.69,0.65,0.2,0.6,-0.4,1.54,1.29,0.25,2,0,2,1.75,50.8,55.25,48.24,0.43,0.69,213,15,16,12,37.21,17.39,14.72,6,7,9,4,5,106.9,60.19,39.33,51.61,145.7,65.18,0,OH Leuven 0-2 Westerlo,2026-04-21
OH Leuven,1.29,1.54,-0.25,0.69,1.34,-0.65,0.6,0.2,0.4,1.29,1.54,-0.25,0,2,-2,-1.75,49.2,44.75,45.07,0.69,0.43,176,15,12,16,17.39,37.21,10.65,7,6,21,8,10,70.7,39.81,36.87,48.39,77.83,34.82,0,OH Leuven 0-2 Westerlo,2026-04-21
Sporting Charleroi,1.56,3.59,-2.03,1.35,2.63,-1.28,0.22,0.2,0.02,1.56,2.83,-1.27,1,1,0,2.03,39.8,32.42,41.15,0.7,1.1,126,11,12,22,17.14,20.0,16.19,7,6,10,1,8,36.1,17.04,67.13,61.67,56.6,33.31,3,Genk 1-1 Sporting Charleroi,2026-04-21
Genk,3.59,1.56,2.03,2.63,1.35,1.28,0.2,0.22,-0.02,2.83,1.56,1.27,1,1,0,-2.03,60.2,67.58,53.19,1.1,0.7,336,17,22,12,20.0,17.14,9.11,6,7,36,10,11,175.8,82.96,41.73,38.33,113.3,66.69,1,Genk 1-1 Sporting Charleroi,2026-04-21
Zulte Waregem,1.84,2.35,-0.51,1.84,2.1,-0.26,0.0,0.26,-0.26,1.84,2.35,-0.51,2,0,2,2.51,48.1,36.82,39.81,0.69,0.51,132,8,7,10,10.14,19.61,8.29,4,9,9,1,11,62.1,33.53,58.93,54.26,90.27,45.41,1,RAAL La Louvière 0-2 Zulte Waregem,2026-04-19
RAAL La Louvière,2.35,1.84,0.51,2.1,1.84,0.26,0.26,0.0,0.26,2.35,1.84,0.51,0,2,-2,-2.51,51.9,63.18,48.0,0.51,0.69,220,16,10,7,19.61,10.14,8.79,9,4,27,7,20,123.1,66.47,49.67,45.74,108.5,54.59,0,RAAL La Louvière 0-2 Zulte Waregem,2026-04-19
Club Brugge,0.89,1.33,-0.44,0.48,1.16,-0.68,0.4,0.17,0.23,0.89,1.33,-0.44,1,2,-1,-0.56,53.8,48.56,44.42,0.61,0.49,179,9,11,15,18.03,30.61,12.62,2,7,13,3,12,54.8,39.0,33.87,34.4,57.73,33.54,1,Union Saint-Gilloise 2-1 Club Brugge,2026-04-19
Union Saint-Gilloise,1.33,0.89,0.44,1.16,0.48,0.68,0.17,0.4,-0.23,1.33,0.89,0.44,2,1,1,0.56,46.2,51.44,45.98,0.49,0.61,151,15,15,11,30.61,18.03,9.89,7,2,15,3,14,85.7,61.0,64.6,65.6,114.37,66.46,2,Union Saint-Gilloise 2-1 Club Brugge,2026-04-19
Cercle Brugge,3.39,0.97,2.42,1.73,0.65,1.08,1.66,0.32,1.34,3.39,0.97,2.42,4,1,3,0.58,41.0,42.9,45.49,1.05,0.77,162,19,19,8,18.1,10.39,13.62,7,3,13,6,10,86.2,51.49,103.2,84.96,197.4,96.54,1,Dender 1-4 Cercle Brugge,2026-04-19
Dender,0.97,3.39,-2.42,0.65,1.73,-1.08,0.32,1.66,-1.34,0.97,3.39,-2.42,1,4,-3,-0.58,59.0,57.1,44.04,0.77,1.05,216,11,8,19,10.39,18.1,10.08,3,7,13,4,12,81.2,48.51,18.27,15.04,7.07,3.46,0,Dender 1-4 Cercle Brugge,2026-04-19
Sint-Truiden,2.01,0.32,1.69,1.92,0.25,1.67,0.09,0.07,0.02,2.01,0.32,1.69,0,0,0,-1.69,50.4,53.22,47.28,0.5,0.43,230,6,12,13,24.0,30.23,15.21,2,4,16,5,14,113.4,55.86,40.33,45.08,98.87,54.1,2,Gent 0-0 Sint-Truiden,2026-04-19
Gent,0.32,2.01,-1.69,0.25,1.92,-1.67,0.07,0.09,-0.02,0.32,2.01,-1.69,0,0,0,1.69,49.6,46.78,46.34,0.43,0.5,195,14,13,12,30.23,24.0,12.1,4,2,25,6,8,89.6,44.14,49.13,54.92,83.87,45.9,4,Gent 0-0 Sint-Truiden,2026-04-19
Anderlecht,2.36,1.08,1.28,2.36,1.01,1.35,0.0,0.07,-0.07,2.36,1.08,1.28,2,1,1,-0.28,53.4,48.58,46.21,1.07,0.99,185,14,13,18,12.15,18.18,9.36,4,5,11,3,19,97.2,44.12,37.33,35.31,98.3,39.31,0,Mechelen 1-2 Anderlecht,2026-04-18
Mechelen,1.08,2.36,-1.28,1.01,2.36,-1.35,0.07,0.0,0.07,1.08,2.36,-1.28,1,2,-1,0.28,46.6,51.42,48.44,0.99,1.07,190,19,18,13,18.18,12.15,12.2,5,4,21,5,10,123.1,55.88,68.4,64.69,151.77,60.69,1,Mechelen 1-2 Anderlecht,2026-04-18
Standard Liège,0.87,1.59,-0.72,0.81,1.34,-0.53,0.06,0.26,-0.2,0.87,1.59,-0.72,2,1,1,1.72,41.6,33.08,40.07,0.34,0.58,104,5,8,12,23.53,20.69,18.73,7,5,12,4,8,49.9,28.78,66.13,62.71,54.3,34.76,0,Sporting Charleroi 1-2 Standard Liège,2026-04-18
Sporting Charleroi,1.59,0.87,0.72,1.34,0.81,0.53,0.26,0.06,0.2,1.59,0.87,0.72,1,2,-1,-1.72,58.4,66.92,50.59,0.58,0.34,284,10,12,8,20.69,23.53,9.56,5,7,28,6,11,123.5,71.22,39.33,37.29,101.9,65.24,3,Sporting Charleroi 1-2 Standard Liège,2026-04-18
Genk,2.65,1.6,1.05,1.88,1.6,0.28,0.77,0.0,0.77,2.65,1.6,1.05,2,1,1,-0.05,47.6,48.44,49.07,0.88,0.88,193,16,10,12,11.36,13.64,8.74,6,4,20,7,12,79.8,43.04,72.8,68.76,113.63,57.12,0,Westerlo 1-2 Genk,2026-04-18
Westerlo,1.6,2.65,-1.05,1.6,1.88,-0.28,0.0,0.77,-0.77,1.6,2.65,-1.05,1,2,-1,0.05,52.4,51.56,45.74,0.88,0.88,194,15,12,10,13.64,11.36,12.14,4,6,17,3,11,105.6,56.96,33.07,31.24,85.3,42.88,1,Westerlo 1-2 Genk,2026-04-18
OH Leuven,0.47,1.7,-1.23,0.41,1.19,-0.78,0.06,0.51,-0.45,0.47,1.7,-1.23,0,2,-2,-0.77,43.4,32.37,39.58,0.36,1.02,98,7,5,23,13.89,22.55,8.82,1,14,8,2,13,24.4,11.04,33.27,43.55,33.43,11.59,1,Antwerp 2-0 OH Leuven,2026-04-18
Antwerp,1.7,0.47,1.23,1.19,0.41,0.78,0.51,0.06,0.45,1.7,0.47,1.23,2,0,2,0.77,56.6,67.63,53.4,1.02,0.36,239,27,23,5,22.55,13.89,5.73,14,1,26,11,16,196.6,88.96,43.13,56.45,255.0,88.41,3,Antwerp 2-0 OH Leuven,2026-04-18
Zulte Waregem,4.38,2.16,2.22,3.4,2.16,1.24,0.22,0.0,0.22,3.62,2.16,1.46,2,1,1,-1.22,51.5,61.25,51.55,1.32,1.18,259,20,24,15,18.18,12.71,9.38,12,2,14,6,9,143.6,74.91,56.53,62.22,167.0,83.21,3,Dender 1-2 Zulte Waregem,2026-04-12
Dender,2.16,4.38,-2.22,2.16,3.4,-1.24,0.0,0.22,-0.22,2.16,3.62,-1.46,1,2,-1,1.22,48.5,38.75,42.4,1.18,1.32,166,14,15,24,12.71,18.18,13.08,2,12,17,2,12,48.1,25.09,34.33,37.78,33.7,16.79,1,Dender 1-2 Zulte Waregem,2026-04-12
Gent,3.66,2.51,1.15,2.9,2.4,0.5,0.0,0.11,-0.11,2.9,2.51,0.39,1,3,-2,-3.15,34.8,33.53,44.68,0.81,0.35,138,16,12,15,14.81,42.86,14.79,5,7,9,1,9,66.2,24.92,97.8,84.99,105.63,50.05,0,Anderlecht 3-1 Gent,2026-04-12
Anderlecht,2.51,3.66,-1.15,2.4,2.9,-0.5,0.11,0.0,0.11,2.51,2.9,-0.39,3,1,2,3.15,65.2,66.47,49.28,0.35,0.81,320,10,15,12,42.86,14.81,10.73,7,5,20,4,12,199.5,75.08,17.27,15.01,105.4,49.95,1,Anderlecht 3-1 Gent,2026-04-12
OH Leuven,0.77,0.91,-0.14,0.77,0.91,-0.14,0.0,0.0,0.0,0.77,0.91,-0.14,0,0,0,0.14,56.0,52.1,46.49,0.61,0.73,224,11,7,16,11.48,21.92,10.45,2,7,16,2,9,89.2,48.27,17.4,22.89,67.9,37.02,1,Genk 0-0 OH Leuven,2026-04-12
Genk,0.91,0.77,0.14,0.91,0.77,0.14,0.0,0.0,0.0,0.91,0.77,0.14,0,0,0,-0.14,44.0,47.9,50.22,0.73,0.61,209,10,16,7,21.92,11.48,10.45,7,2,21,3,12,95.6,51.73,58.6,77.11,115.5,62.98,2,Genk 0-0 OH Leuven,2026-04-12
Union Saint-Gilloise,3.24,0.2,3.04,1.62,0.2,1.42,1.62,0.0,1.62,3.24,0.2,3.04,1,0,1,-2.04,42.9,50.71,49.31,1.04,0.31,177,18,18,4,17.31,12.9,11.16,5,3,22,9,17,115.4,72.44,93.53,92.85,186.17,95.03,1,Mechelen 0-1 Union Saint-Gilloise,2026-04-12
Mechelen,0.2,3.24,-3.04,0.2,1.62,-1.42,0.0,1.62,-1.62,0.2,3.24,-3.04,0,1,-1,2.04,57.1,49.29,42.31,0.31,1.04,178,2,4,18,12.9,17.31,7.81,3,5,13,2,7,43.9,27.56,7.2,7.15,9.73,4.97,1,Mechelen 0-1 Union Saint-Gilloise,2026-04-12
Club Brugge,2.46,2.52,-0.06,1.46,1.89,-0.43,0.24,0.63,-0.39,1.7,2.52,-0.82,2,1,1,1.06,47.9,42.99,45.58,0.49,0.53,196,9,16,19,32.65,35.85,12.0,5,4,11,5,16,109.0,38.1,58.47,64.68,113.73,42.51,0,Sint-Truiden 1-2 Club Brugge,2026-04-11
Sint-Truiden,2.52,2.46,0.06,1.89,1.46,0.43,0.63,0.24,0.39,2.52,1.7,0.82,1,2,-1,-1.06,52.1,57.01,46.29,0.53,0.49,229,18,19,16,35.85,32.65,11.47,4,5,21,10,13,177.1,61.9,31.93,35.32,153.8,57.49,0,Sint-Truiden 1-2 Club Brugge,2026-04-11
Westerlo,2.77,1.75,1.02,1.76,1.75,0.01,1.01,0.0,1.01,2.77,1.75,1.02,2,1,1,-0.02,53.0,51.25,45.26,0.55,0.58,191,16,18,7,32.73,12.07,11.03,7,6,14,7,11,102.6,71.85,27.27,26.46,92.83,64.92,0,Standard Liège 1-2 Westerlo,2026-04-11
Standard Liège,1.75,2.77,-1.02,1.75,1.76,-0.01,0.0,1.01,-1.01,1.75,2.77,-1.02,1,2,-1,0.02,47.0,48.75,45.06,0.58,0.55,149,11,7,18,12.07,32.73,13.93,6,7,15,1,9,40.2,28.15,75.8,73.54,50.17,35.08,3,Standard Liège 1-2 Westerlo,2026-04-11
RAAL La Louvière,0.78,2.91,-2.13,0.66,2.3,-1.64,0.12,0.62,-0.5,0.78,2.91,-2.13,0,3,-3,-0.87,36.7,27.41,41.2,0.37,1.21,103,7,10,20,27.03,16.53,20.25,2,8,15,5,8,24.9,10.6,61.47,82.84,14.07,5.07,3,Cercle Brugge 3-0 RAAL La Louvière,2026-04-11
Cercle Brugge,2.91,0.78,2.13,2.3,0.66,1.64,0.62,0.12,0.5,2.91,0.78,2.13,3,0,3,0.87,63.3,72.59,50.81,1.21,0.37,279,27,20,10,16.53,27.03,7.43,8,2,35,9,6,210.0,89.4,12.73,17.16,263.57,94.93,1,Cercle Brugge 3-0 RAAL La Louvière,2026-04-11
Antwerp,1.45,1.85,-0.4,0.47,1.85,-1.38,0.22,0.0,0.22,0.69,1.85,-1.16,1,2,-1,-0.6,54.5,57.73,49.0,0.64,0.76,207,16,12,13,18.75,17.11,8.97,6,6,23,9,14,100.2,62.04,30.07,42.11,80.67,46.03,1,Sporting Charleroi 2-1 Antwerp,2026-04-10
Sporting Charleroi,1.85,1.45,0.4,1.85,0.47,1.38,0.0,0.22,-0.22,1.85,0.69,1.16,2,1,1,0.6,45.5,42.27,44.86,0.76,0.64,151,9,13,12,17.11,18.75,9.73,6,6,13,2,12,61.3,37.96,41.33,57.89,94.57,53.97,0,Sporting Charleroi 2-1 Antwerp,2026-04-10
Mechelen,1.04,0.7,0.34,0.98,0.53,0.45,0.05,0.16,-0.11,1.04,0.7,0.34,1,1,0,-0.34,65.4,60.4,44.75,0.25,0.5,261,12,8,6,32.0,12.0,11.83,6,7,28,10,7,96.9,65.38,7.87,5.51,49.77,23.54,1,Gent 1-1 Mechelen,2026-04-06
Gent,0.7,1.04,-0.34,0.53,0.98,-0.45,0.16,0.05,0.11,0.7,1.04,-0.34,1,1,0,0.34,34.6,39.6,48.15,0.5,0.25,155,11,6,8,12.0,32.0,15.97,7,6,8,5,9,51.3,34.62,134.87,94.49,161.67,76.46,1,Gent 1-1 Mechelen,2026-04-06
Dender,1.61,2.74,-1.13,0.85,2.65,-1.8,0.01,0.09,-0.08,0.85,2.74,-1.89,1,0,1,2.13,45.8,28.33,40.24,0.29,1.61,110,7,7,22,24.14,13.66,12.08,5,9,10,3,9,46.3,16.59,38.47,41.16,27.77,11.56,0,RAAL La Louvière 0-1 Dender,2026-04-06
RAAL La Louvière,2.74,1.61,1.13,2.65,0.85,1.8,0.09,0.01,0.08,2.74,0.85,1.89,0,1,-1,-2.13,54.2,71.67,53.28,1.61,0.29,248,23,22,7,13.66,24.14,11.1,9,5,30,4,8,232.7,83.41,55.0,58.84,212.5,88.44,9,RAAL La Louvière 0-1 Dender,2026-04-06
Anderlecht,2.08,3.58,-1.5,2.08,2.57,-0.49,0.0,1.01,-1.01,2.08,3.58,-1.5,2,4,-2,-0.5,42.2,34.14,43.6,0.72,1.01,143,10,13,29,18.06,28.71,13.27,5,5,9,2,14,71.9,22.36,87.27,67.23,41.87,10.98,0,Club Brugge 4-2 Anderlecht,2026-04-06
Club Brugge,3.58,2.08,1.5,2.57,2.08,0.49,1.01,0.0,1.01,3.58,2.08,1.5,4,2,2,0.5,57.8,65.86,49.41,1.01,0.72,258,29,29,13,28.71,18.06,10.24,5,5,18,8,11,249.6,77.64,42.53,32.77,339.52,89.02,0,Club Brugge 4-2 Anderlecht,2026-04-06
Sporting Charleroi,0.85,2.39,-1.54,0.82,0.92,-0.1,0.02,0.71,-0.69,0.85,1.63,-0.78,0,2,-2,-0.46,46.7,44.3,46.04,1.01,1.04,192,15,7,15,6.93,14.42,12.5,5,11,15,5,14,52.0,34.97,74.47,69.99,55.73,33.52,1,Westerlo 2-0 Sporting Charleroi,2026-04-05
Westerlo,2.39,0.85,1.54,0.92,0.82,0.1,0.71,0.02,0.69,1.63,0.85,0.78,2,0,2,0.46,53.3,55.7,45.32,1.04,1.01,216,14,15,7,14.42,6.93,10.16,11,5,21,5,10,96.7,65.03,31.93,30.01,110.53,66.48,2,Westerlo 2-0 Sporting Charleroi,2026-04-05
Sint-Truiden,0.87,1.73,-0.86,0.22,1.55,-1.33,0.65,0.18,0.47,0.87,1.73,-0.86,0,1,-1,-0.14,48.2,34.33,40.89,0.5,0.86,165,10,6,16,12.0,18.6,18.7,5,7,13,5,6,55.3,21.93,55.33,55.19,50.93,20.27,0,Union Saint-Gilloise 1-0 Sint-Truiden,2026-04-04
Union Saint-Gilloise,1.73,0.87,0.86,1.55,0.22,1.33,0.18,0.65,-0.47,1.73,0.87,0.86,1,0,1,0.14,51.8,65.67,52.97,0.86,0.5,292,21,16,6,18.6,12.0,15.63,7,5,25,7,9,196.9,78.07,44.93,44.81,200.33,79.73,5,Union Saint-Gilloise 1-0 Sint-Truiden,2026-04-04
Standard Liège,2.05,0.96,1.09,1.21,0.76,0.45,0.08,0.19,-0.11,1.29,0.96,0.33,3,1,2,0.91,44.9,43.27,46.47,1.54,0.49,156,18,13,14,8.44,28.57,14.74,0,4,19,4,12,57.5,37.93,60.13,74.0,84.37,46.07,1,OH Leuven 1-3 Standard Liège,2026-04-04
OH Leuven,0.96,2.05,-1.09,0.76,1.21,-0.45,0.19,0.08,0.11,0.96,1.29,-0.33,1,3,-2,-0.91,55.1,56.73,42.82,0.49,1.54,171,13,14,13,28.57,8.44,14.0,4,0,27,7,7,94.1,62.07,21.13,26.0,98.77,53.93,0,OH Leuven 1-3 Standard Liège,2026-04-04
Cercle Brugge,1.73,2.01,-0.28,0.95,2.01,-1.06,0.01,0.0,0.01,0.97,2.01,-1.04,2,2,0,0.28,46.3,43.08,47.5,1.0,0.37,159,13,10,6,10.0,16.22,8.78,4,8,13,3,16,72.3,43.24,58.67,63.26,91.63,59.02,4,Zulte Waregem 2-2 Cercle Brugge,2026-04-04
Zulte Waregem,2.01,1.73,0.28,2.01,0.95,1.06,0.0,0.01,-0.01,2.01,0.97,1.04,2,2,0,-0.28,53.7,56.92,48.05,0.37,1.0,206,9,6,10,16.22,10.0,6.5,8,4,14,8,12,94.9,56.76,34.07,36.74,63.63,40.98,1,Zulte Waregem 2-2 Cercle Brugge,2026-04-04
Genk,2.22,0.95,1.27,1.46,0.87,0.59,0.0,0.08,-0.08,1.46,0.95,0.51,2,1,1,-0.27,43.7,44.44,46.53,0.56,0.83,185,7,12,13,21.43,15.66,10.6,7,4,10,0,15,63.0,37.21,71.87,72.64,114.73,65.65,0,Antwerp 1-2 Genk,2026-04-03
Antwerp,0.95,2.22,-1.27,0.87,1.46,-0.59,0.08,0.0,0.08,0.95,1.46,-0.51,1,2,-1,0.27,56.3,55.56,45.96,0.83,0.56,211,17,13,12,15.66,21.43,7.04,4,7,23,3,12,106.3,62.79,27.07,27.36,60.03,34.35,3,Antwerp 1-2 Genk,2026-04-03
Gent,1.81,1.34,0.47,1.76,1.22,0.54,0.06,0.12,-0.06,1.81,1.34,0.47,3,1,2,1.53,46.4,52.59,48.52,0.64,0.43,191,19,12,15,18.75,34.88,12.62,8,4,24,3,5,99.9,51.68,76.6,77.12,144.8,73.45,2,Dender 1-3 Gent,2026-03-22
Dender,1.34,1.81,-0.47,1.22,1.76,-0.54,0.12,0.06,0.06,1.34,1.81,-0.47,1,3,-2,-1.53,53.6,47.41,45.66,0.43,0.64,218,11,15,12,34.88,18.75,14.14,4,8,20,6,12,93.4,48.32,22.73,22.88,52.33,26.55,0,Dender 1-3 Gent,2026-03-22
Union Saint-Gilloise,2.54,1.45,1.09,1.59,0.65,0.94,0.94,0.8,0.14,2.54,1.45,1.09,3,1,2,0.91,41.0,43.6,48.88,0.59,0.77,234,20,18,9,30.51,11.69,25.62,5,8,16,5,4,112.7,49.15,115.53,83.12,226.6,90.99,1,Sint-Truiden 1-3 Union Saint-Gilloise,2026-03-22
Sint-Truiden,1.45,2.54,-1.09,0.65,1.59,-0.94,0.8,0.94,-0.14,1.45,2.54,-1.09,1,3,-2,-0.91,59.0,56.4,45.91,0.77,0.59,283,6,9,18,11.69,30.51,16.55,8,5,26,5,2,116.6,50.85,23.47,16.88,22.43,9.01,0,Sint-Truiden 1-3 Union Saint-Gilloise,2026-03-22
Antwerp,0.26,2.14,-1.88,0.26,1.53,-1.27,0.0,0.61,-0.61,0.26,2.14,-1.88,0,1,-1,0.88,47.6,41.36,44.6,0.26,1.54,143,7,5,17,19.23,11.04,10.28,3,9,16,5,11,22.3,13.0,42.33,50.6,17.8,10.95,0,OH Leuven 1-0 Antwerp,2026-03-22
OH Leuven,2.14,0.26,1.88,1.53,0.26,1.27,0.61,0.0,0.61,2.14,0.26,1.88,1,0,1,-0.88,52.4,58.64,52.63,1.54,0.26,219,19,17,5,11.04,19.23,8.22,9,3,26,5,11,149.2,87.0,41.33,49.4,144.8,89.05,6,OH Leuven 1-0 Antwerp,2026-03-22
Sporting Charleroi,1.2,1.21,-0.01,1.2,1.21,-0.01,0.0,0.0,0.0,1.2,1.21,-0.01,0,1,-1,-0.99,62.6,58.03,48.13,0.91,0.8,281,16,12,10,13.19,12.5,9.75,4,11,27,10,9,118.3,73.98,9.67,8.41,55.83,37.84,4,Zulte Waregem 1-0 Sporting Charleroi,2026-03-22
Zulte Waregem,1.21,1.2,0.01,1.21,1.2,0.01,0.0,0.0,0.0,1.21,1.2,0.01,1,0,1,0.99,37.4,41.97,47.2,0.8,0.91,154,8,10,12,12.5,13.19,14.32,11,4,10,4,7,41.6,26.02,105.27,91.59,91.73,62.16,1,Zulte Waregem 1-0 Sporting Charleroi,2026-03-22
Genk,2.68,1.72,0.96,2.37,1.29,1.08,0.32,0.43,-0.11,2.68,1.72,0.96,5,5,0,-0.96,54.5,45.31,44.18,0.63,0.91,179,10,14,19,22.22,20.88,10.21,7,8,11,3,9,98.2,48.18,26.73,30.79,107.83,58.29,2,RAAL La Louvière 5-5 Genk,2026-03-22
RAAL La Louvière,1.72,2.68,-0.96,1.29,2.37,-1.08,0.43,0.32,0.11,1.72,2.68,-0.96,5,5,0,0.96,45.5,54.69,49.28,0.91,0.63,205,20,19,14,20.88,22.22,11.56,8,7,24,10,10,105.6,51.82,60.07,69.21,77.17,41.71,8,RAAL La Louvière 5-5 Genk,2026-03-22
Westerlo,1.76,0.73,1.03,0.88,0.45,0.43,0.12,0.28,-0.16,1.0,0.73,0.27,0,0,0,-1.03,52.7,59.36,47.17,0.91,0.38,197,21,21,7,23.08,18.42,10.29,1,4,19,9,6,127.0,74.97,34.53,38.8,121.33,68.16,1,Standard Liège 0-0 Westerlo,2026-03-22
Standard Liège,0.73,1.76,-1.03,0.45,0.88,-0.43,0.28,0.12,0.16,0.73,1.0,-0.27,0,0,0,1.03,47.3,40.64,42.27,0.38,0.91,126,10,7,21,18.42,23.08,15.9,4,1,13,6,14,42.4,25.03,54.47,61.2,56.67,31.84,0,Standard Liège 0-0 Westerlo,2026-03-22
Cercle Brugge,1.81,2.25,-0.44,1.33,2.16,-0.83,0.47,0.09,0.38,1.81,2.25,-0.44,3,2,1,1.44,29.5,30.29,48.67,0.4,1.01,138,14,14,16,35.0,15.84,17.62,2,9,25,7,11,61.2,19.89,133.0,96.47,147.7,71.47,2,Anderlecht 2-3 Cercle Brugge,2026-03-22
Anderlecht,2.25,1.81,0.44,2.16,1.33,0.83,0.09,0.47,-0.38,2.25,1.81,0.44,2,3,-1,-1.44,70.5,69.71,53.94,1.01,0.4,420,11,16,14,15.84,35.0,5.94,9,2,27,8,14,246.5,80.11,4.87,3.53,58.97,28.53,0,Anderlecht 2-3 Cercle Brugge,2026-03-22
Mechelen,0.6,3.16,-2.56,0.51,2.15,-1.64,0.09,1.01,-0.92,0.6,3.16,-2.56,1,4,-3,-0.44,41.0,32.91,45.12,0.28,1.02,156,6,5,24,17.86,23.53,25.94,3,14,7,2,6,33.4,14.46,72.6,73.39,22.24,6.49,0,Club Brugge 4-1 Mechelen,2026-03-22
Club Brugge,3.16,0.6,2.56,2.15,0.51,1.64,1.01,0.09,0.92,3.16,0.6,2.56,4,1,3,0.44,59.0,67.09,47.95,1.02,0.28,251,19,24,5,23.53,17.86,6.69,14,3,28,15,10,197.6,85.54,26.33,26.61,320.27,93.51,0,Club Brugge 4-1 Mechelen,2026-03-22
RAAL La Louvière,2.36,2.2,0.16,1.4,1.99,-0.59,0.2,0.21,-0.01,1.6,2.2,-0.6,3,1,2,1.84,37.5,40.21,51.05,0.39,1.11,168,10,15,25,38.46,22.52,11.15,3,7,20,7,11,58.7,23.98,104.67,88.9,108.2,74.26,4,Cercle Brugge 1-3 RAAL La Louvière,2026-03-15
Cercle Brugge,2.2,2.36,-0.16,1.99,1.4,0.59,0.21,0.2,0.01,2.2,1.6,0.6,1,3,-2,-1.84,62.5,59.79,50.7,1.11,0.39,251,18,25,15,22.52,38.46,7.93,7,3,30,5,8,186.1,76.02,13.07,11.1,37.5,25.74,3,Cercle Brugge 1-3 RAAL La Louvière,2026-03-15
Anderlecht,1.97,1.23,0.74,1.97,1.17,0.8,0.0,0.06,-0.06,1.97,1.23,0.74,0,1,-1,-1.74,59.3,61.05,53.23,1.57,0.84,284,14,17,13,10.83,15.48,5.48,15,6,27,4,19,177.6,70.31,37.73,36.94,151.27,66.64,0,Mechelen 1-0 Anderlecht,2026-03-15
Mechelen,1.23,1.97,-0.74,1.17,1.97,-0.8,0.06,0.0,0.06,1.23,1.97,-0.74,1,0,1,1.74,40.7,38.95,47.68,0.84,1.57,147,14,13,17,15.48,10.83,9.64,6,15,26,5,9,75.0,29.69,64.4,63.06,75.73,33.36,1,Mechelen 1-0 Anderlecht,2026-03-15
Standard Liège,2.76,0.96,1.8,1.7,0.83,0.87,0.3,0.13,0.17,2.0,0.96,1.04,1,1,0,-1.8,59.9,58.75,49.75,0.72,0.4,272,17,12,9,16.67,22.5,11.48,6,5,24,3,10,133.6,66.8,26.87,30.46,97.83,60.04,6,Antwerp 1-1 Standard Liège,2026-03-15
Antwerp,0.96,2.76,-1.8,0.83,1.7,-0.87,0.13,0.3,-0.17,0.96,2.0,-1.04,1,1,0,1.8,40.1,41.25,46.58,0.4,0.72,162,9,9,12,22.5,16.67,15.57,5,6,17,5,11,66.4,33.2,61.33,69.54,65.1,39.96,2,Antwerp 1-1 Standard Liège,2026-03-15
Sint-Truiden,0.82,0.95,-0.13,0.82,0.84,-0.02,0.0,0.11,-0.11,0.82,0.95,-0.13,0,1,-1,-0.87,63.6,64.81,50.84,1.02,0.7,338,16,8,13,7.84,18.57,8.78,2,8,21,8,8,172.8,76.87,19.6,11.82,70.5,38.62,0,Genk 1-0 Sint-Truiden,2026-03-15
Genk,0.95,0.82,0.13,0.84,0.82,0.02,0.11,0.0,0.11,0.95,0.82,0.13,1,0,1,0.87,36.4,35.19,51.1,0.7,1.02,199,10,13,8,18.57,7.84,17.61,8,2,19,5,10,52.0,23.13,146.27,88.18,112.07,61.38,2,Genk 1-0 Sint-Truiden,2026-03-15
Club Brugge,1.9,0.82,1.08,1.9,0.47,1.43,0.0,0.35,-0.35,1.9,0.82,1.08,2,1,1,-0.08,48.4,43.94,43.03,0.6,0.49,163,10,6,14,10.0,28.57,11.79,3,5,12,2,18,70.6,40.09,65.13,50.99,83.7,55.26,0,Westerlo 1-2 Club Brugge,2026-03-14
Westerlo,0.82,1.9,-1.08,0.47,1.9,-1.43,0.35,0.0,0.35,0.82,1.9,-1.08,1,2,-1,0.08,51.6,56.06,45.97,0.49,0.6,218,16,14,6,28.57,10.0,13.03,5,3,26,11,10,105.5,59.91,62.6,49.01,67.77,44.74,1,Westerlo 1-2 Club Brugge,2026-03-14
Dender,0.56,2.31,-1.75,0.37,2.31,-1.94,0.19,0.0,0.19,0.56,2.31,-1.75,0,2,-2,-0.25,51.1,41.06,42.04,0.25,0.44,192,9,5,9,20.0,20.45,11.7,2,7,16,5,8,48.7,26.0,51.0,49.67,40.87,20.84,1,Union Saint-Gilloise 2-0 Dender,2026-03-14
Union Saint-Gilloise,2.31,0.56,1.75,2.31,0.37,1.94,0.0,0.19,-0.19,2.31,0.56,1.75,2,0,2,0.25,48.9,58.94,50.15,0.44,0.25,257,14,9,5,20.45,20.0,14.17,7,2,18,5,10,138.6,74.0,51.67,50.33,155.27,79.16,3,Union Saint-Gilloise 2-0 Dender,2026-03-14
OH Leuven,2.21,2.45,-0.24,0.92,1.94,-1.02,1.29,0.51,0.78,2.21,2.45,-0.24,2,0,2,2.24,37.3,32.15,43.22,0.49,1.52,114,7,10,19,20.41,12.5,11.26,5,5,11,3,15,36.6,15.42,56.47,76.37,55.87,26.84,2,Sporting Charleroi 0-2 OH Leuven,2026-03-14
Sporting Charleroi,2.45,2.21,0.24,1.94,0.92,1.02,0.51,1.29,-0.78,2.45,2.21,0.24,0,2,-2,-2.24,62.7,67.85,51.56,1.52,0.49,257,31,19,10,12.5,20.41,8.54,5,5,36,10,5,200.8,84.58,17.47,23.63,152.27,73.16,2,Sporting Charleroi 0-2 OH Leuven,2026-03-14
Zulte Waregem,1.14,1.84,-0.7,0.31,1.08,-0.77,0.06,0.0,0.06,0.38,1.08,-0.7,0,2,-2,-1.3,48.9,48.61,49.84,0.5,0.9,217,11,5,11,10.0,12.22,11.71,3,3,15,6,13,60.4,37.66,55.13,65.63,51.83,33.71,2,Gent 2-0 Zulte Waregem,2026-03-13
Gent,1.84,1.14,0.7,1.08,0.31,0.77,0.0,0.06,-0.06,1.08,0.38,0.7,2,0,2,1.3,51.1,51.39,51.13,0.9,0.5,247,10,11,5,12.22,10.0,8.27,3,3,14,2,13,100.0,62.34,28.87,34.37,101.93,66.29,1,Gent 2-0 Zulte Waregem,2026-03-13
Cercle Brugge,2.05,2.9,-0.85,1.9,2.6,-0.7,0.15,0.3,-0.15,2.05,2.9,-0.85,1,2,-1,-0.15,39.1,44.03,51.61,1.14,1.61,211,19,18,15,15.79,9.32,12.89,8,4,26,5,12,88.9,37.99,106.27,95.28,108.47,52.65,5,Sint-Truiden 2-1 Cercle Brugge,2026-03-08
Sint-Truiden,2.9,2.05,0.85,2.6,1.9,0.7,0.3,0.15,0.15,2.9,2.05,0.85,2,1,1,0.15,60.9,55.97,46.28,1.61,1.14,257,19,15,18,9.32,15.79,9.1,4,8,18,7,8,145.1,62.01,5.27,4.72,97.57,47.35,0,Sint-Truiden 2-1 Cercle Brugge,2026-03-08
Standard Liège,1.9,1.13,0.77,1.9,1.11,0.79,0.0,0.02,-0.02,1.9,1.13,0.77,1,0,1,0.23,50.4,34.87,43.71,0.5,0.77,178,7,9,19,18.0,24.68,21.1,3,5,9,2,9,38.6,21.67,55.2,45.27,56.13,25.55,1,Zulte Waregem 0-1 Standard Liège,2026-03-08
Zulte Waregem,1.13,1.9,-0.77,1.11,1.9,-0.79,0.02,0.0,0.02,1.13,1.9,-0.77,0,1,-1,-0.23,49.6,65.13,47.96,0.77,0.5,249,16,19,9,24.68,18.0,13.77,5,3,15,3,10,139.5,78.33,66.73,54.73,163.57,74.45,4,Zulte Waregem 0-1 Standard Liège,2026-03-08
Mechelen,0.74,1.5,-0.76,0.62,0.53,0.09,0.12,0.22,-0.1,0.74,0.74,0.0,1,3,-2,-1.24,54.8,55.05,49.11,0.93,0.36,247,19,8,13,8.6,36.11,12.3,3,6,21,5,19,100.6,55.61,16.53,23.37,66.17,33.24,3,Gent 3-1 Mechelen,2026-03-08
Gent,1.5,0.74,0.76,0.53,0.62,-0.09,0.22,0.12,0.1,0.74,0.74,0.0,3,1,2,1.24,45.2,44.95,48.8,0.36,0.93,193,13,13,8,36.11,8.6,8.49,6,3,26,3,9,80.3,44.39,54.2,76.63,132.87,66.76,2,Gent 3-1 Mechelen,2026-03-08
Anderlecht,1.69,3.32,-1.63,1.48,2.99,-1.51,0.21,0.33,-0.12,1.69,3.32,-1.63,2,2,0,1.63,31.1,30.31,46.59,0.57,1.74,122,10,13,24,22.81,13.79,19.62,3,9,11,2,14,69.0,20.41,121.13,97.43,107.6,42.15,2,Club Brugge 2-2 Anderlecht,2026-03-08
Club Brugge,3.32,1.69,1.63,2.99,1.48,1.51,0.33,0.21,0.12,3.32,1.69,1.63,2,2,0,-1.63,68.9,69.69,53.35,1.74,0.57,384,42,24,13,13.79,22.81,7.06,9,3,35,11,7,269.0,79.59,3.2,2.57,147.67,57.85,1,Club Brugge 2-2 Anderlecht,2026-03-08
Genk,1.44,0.98,0.46,0.36,0.76,-0.4,0.32,0.22,0.1,0.68,0.98,-0.3,1,2,-1,-1.46,56.7,44.44,43.28,0.78,0.6,242,8,5,12,6.41,20.0,12.07,7,4,7,1,9,62.7,33.35,19.6,14.74,14.73,6.29,1,Union Saint-Gilloise 2-1 Genk,2026-03-07
Union Saint-Gilloise,0.98,1.44,-0.46,0.76,0.36,0.4,0.22,0.32,-0.1,0.98,0.68,0.3,2,1,1,1.46,43.3,55.56,47.87,0.6,0.78,204,10,12,5,20.0,6.41,16.87,4,7,18,5,9,125.3,66.65,113.4,85.26,219.43,93.71,1,Union Saint-Gilloise 2-1 Genk,2026-03-07
Sporting Charleroi,2.71,2.26,0.45,1.56,1.59,-0.03,0.39,0.67,-0.28,1.95,2.26,-0.31,2,2,0,-0.45,57.3,65.36,53.42,1.0,0.69,269,20,22,15,22.0,21.74,10.44,8,5,39,13,11,192.3,84.53,36.93,53.21,183.73,87.95,0,Dender 2-2 Sporting Charleroi,2026-03-07
Dender,2.26,2.71,-0.45,1.59,1.56,0.03,0.67,0.39,0.28,2.26,1.95,0.31,2,2,0,0.45,42.7,34.64,40.02,0.69,1.0,129,12,15,22,21.74,22.0,14.18,5,8,15,5,9,35.2,15.47,32.47,46.79,25.17,12.05,1,Dender 2-2 Sporting Charleroi,2026-03-07
Westerlo,1.11,2.76,-1.65,0.47,2.69,-2.22,0.64,0.07,0.57,1.11,2.76,-1.65,1,0,1,2.65,39.5,32.13,39.9,0.27,1.96,84,8,9,21,33.33,10.71,9.09,0,9,11,5,15,26.8,14.29,51.0,72.99,42.93,29.28,1,OH Leuven 0-1 Westerlo,2026-03-07
OH Leuven,2.76,1.11,1.65,2.69,0.47,2.22,0.07,0.64,-0.57,2.76,1.11,1.65,0,1,-1,-2.65,60.5,67.87,50.14,1.96,0.27,206,23,21,9,10.71,33.33,6.22,9,0,44,9,13,160.7,85.71,18.87,27.01,103.7,70.72,1,OH Leuven 0-1 Westerlo,2026-03-07
Antwerp,0.37,2.54,-2.17,0.37,1.9,-1.53,0.0,0.64,-0.64,0.37,2.54,-2.17,0,0,0,2.17,39.8,44.17,43.79,0.31,1.23,127,9,5,21,16.13,17.07,8.45,6,8,8,3,21,32.5,19.64,54.13,73.95,46.77,29.42,2,RAAL La Louvière 0-0 Antwerp,2026-03-06
RAAL La Louvière,2.54,0.37,2.17,1.9,0.37,1.53,0.64,0.0,0.64,2.54,0.37,2.17,0,0,0,-2.17,60.2,55.83,47.56,1.23,0.31,237,19,21,5,17.07,16.13,6.95,8,6,31,7,9,133.0,80.36,19.07,26.05,112.2,70.58,4,RAAL La Louvière 0-0 Antwerp,2026-03-06
Dender,1.08,2.16,-1.08,1.05,1.0,0.05,0.03,1.16,-1.13,1.08,2.16,-1.08,0,0,0,1.08,52.4,40.59,44.8,0.6,0.61,162,13,11,21,18.33,34.43,9.13,5,11,20,4,10,77.3,39.78,18.27,22.23,52.1,27.48,0,Cercle Brugge 0-0 Dender,2026-03-01
Cercle Brugge,2.16,1.08,1.08,1.0,1.05,-0.05,1.16,0.03,1.13,2.16,1.08,1.08,0,0,0,-1.08,47.6,59.41,53.8,0.61,0.6,230,18,21,11,34.43,18.33,8.47,11,5,35,9,10,117.0,60.22,63.93,77.77,137.47,72.52,6,Cercle Brugge 0-0 Dender,2026-03-01
Club Brugge,2.06,0.81,1.25,1.28,0.76,0.52,0.03,0.05,-0.02,1.3,0.81,0.49,2,1,1,-0.25,61.6,70.44,52.91,1.17,0.43,319,30,15,9,12.82,20.93,9.38,7,1,19,4,9,264.8,80.22,11.67,14.82,215.2,73.88,1,Sporting Charleroi 1-2 Club Brugge,2026-03-01
Sporting Charleroi,0.81,2.06,-1.25,0.76,1.28,-0.52,0.05,0.03,0.02,0.81,1.3,-0.49,1,2,-1,0.25,38.4,29.56,44.58,0.43,1.17,152,9,9,15,20.93,12.82,16.54,1,7,7,2,8,65.3,19.78,67.07,85.18,76.1,26.12,0,Sporting Charleroi 1-2 Club Brugge,2026-03-01
Union Saint-Gilloise,1.6,1.02,0.58,1.24,0.64,0.6,0.36,0.38,-0.02,1.6,1.02,0.58,0,0,0,-0.58,60.6,53.9,46.23,0.52,0.41,239,8,7,8,13.46,19.51,9.8,2,9,16,3,17,72.9,64.46,11.27,9.93,37.43,28.12,0,Westerlo 0-0 Union Saint-Gilloise,2026-03-01
Westerlo,1.02,1.6,-0.58,0.64,1.24,-0.6,0.38,0.36,0.02,1.02,1.6,-0.58,0,0,0,0.58,39.4,46.1,45.49,0.41,0.52,153,11,8,7,19.51,13.46,14.25,9,2,12,5,6,40.2,35.54,102.2,90.07,95.67,71.88,1,Westerlo 0-0 Union Saint-Gilloise,2026-03-01
Gent,1.13,3.08,-1.95,0.9,2.56,-1.66,0.23,0.52,-0.29,1.13,3.08,-1.95,0,3,-3,-1.05,53.8,61.43,54.61,0.87,1.23,280,19,14,16,16.09,13.01,14.43,3,3,34,8,9,171.5,68.71,31.4,39.41,113.93,48.47,1,Genk 3-0 Gent,2026-03-01
Genk,3.08,1.13,1.95,2.56,0.9,1.66,0.52,0.23,0.29,3.08,1.13,1.95,3,0,3,1.05,46.2,38.57,46.4,1.23,0.87,180,16,16,14,13.01,16.09,15.9,3,3,15,7,9,78.1,31.29,48.27,60.59,121.14,51.53,0,Genk 3-0 Gent,2026-03-01
OH Leuven,0.43,1.76,-1.33,0.27,0.97,-0.7,0.16,0.03,0.13,0.43,1.0,-0.57,1,5,-4,-2.67,43.7,34.38,44.57,0.31,0.64,143,7,7,15,22.58,23.44,7.95,6,6,22,8,13,15.0,7.46,61.8,63.45,44.5,23.2,1,Anderlecht 5-1 OH Leuven,2026-02-28
Anderlecht,1.76,0.43,1.33,0.97,0.27,0.7,0.03,0.16,-0.13,1.0,0.43,0.57,5,1,4,2.67,56.3,65.62,54.69,0.64,0.31,287,11,15,7,23.44,22.58,7.82,6,6,18,9,17,186.1,92.54,35.6,36.55,147.3,76.8,0,Anderlecht 5-1 OH Leuven,2026-02-28
Sint-Truiden,0.99,2.0,-1.01,0.93,2.0,-1.07,0.06,0.0,0.06,0.99,2.0,-1.01,0,1,-1,0.01,69.7,70.37,53.9,0.52,0.36,367,9,10,12,19.23,33.33,7.03,6,6,21,4,7,198.0,85.9,3.27,2.65,103.53,62.42,0,Antwerp 1-0 Sint-Truiden,2026-02-28
Antwerp,2.0,0.99,1.01,2.0,0.93,1.07,0.0,0.06,-0.06,2.0,0.99,1.01,1,0,1,-0.01,30.3,29.63,47.05,0.36,0.52,112,6,12,10,33.33,19.23,17.67,6,6,10,3,11,32.5,14.1,120.07,97.35,62.33,37.58,1,Antwerp 1-0 Sint-Truiden,2026-02-28
Zulte Waregem,1.96,1.52,0.44,1.48,1.52,-0.04,0.48,0.0,0.48,1.96,1.52,0.44,1,2,-1,-1.44,59.4,64.13,52.13,1.19,0.36,284,22,16,5,13.45,13.89,7.87,8,3,23,8,11,194.8,86.23,28.93,32.34,161.23,76.83,1,Mechelen 2-1 Zulte Waregem,2026-02-28
Mechelen,1.52,1.96,-0.44,1.52,1.48,0.04,0.0,0.48,-0.48,1.52,1.96,-0.44,2,1,1,1.44,40.6,35.87,45.22,0.36,1.19,140,5,5,16,13.89,13.45,12.0,3,8,10,1,13,31.1,13.77,60.53,67.66,48.63,23.17,1,Mechelen 2-1 Zulte Waregem,2026-02-28
RAAL La Louvière,1.44,1.78,-0.34,1.38,0.27,1.11,0.06,0.75,-0.69,1.44,1.02,0.42,1,1,0,0.34,47.0,45.26,44.03,0.23,0.63,140,5,12,9,52.17,14.29,9.71,3,5,11,3,14,56.9,45.27,53.73,67.0,78.37,52.64,5,Standard Liège 1-1 RAAL La Louvière,2026-02-27
Standard Liège,1.78,1.44,0.34,0.27,1.38,-1.11,0.75,0.06,0.69,1.02,1.44,-0.42,1,1,0,-0.34,53.0,54.74,42.91,0.63,0.23,144,11,9,12,14.29,52.17,10.19,5,3,21,4,12,68.8,54.73,26.47,33.0,70.5,47.36,3,Standard Liège 1-1 RAAL La Louvière,2026-02-27
Sporting Charleroi,1.46,2.14,-0.68,1.46,1.38,0.08,0.0,0.0,0.0,1.46,1.38,0.08,1,2,-1,-0.32,53.3,56.58,46.8,0.74,0.37,187,9,16,12,21.62,32.43,9.91,7,8,26,6,13,94.4,66.25,49.13,70.39,115.0,79.08,2,Westerlo 2-1 Sporting Charleroi,2026-02-22
Westerlo,2.14,1.46,0.68,1.38,1.46,-0.08,0.0,0.0,0.0,1.38,1.46,-0.08,2,1,1,0.32,46.7,43.42,41.61,0.37,0.74,133,9,12,16,32.43,21.62,10.15,8,7,9,0,10,48.1,33.75,20.67,29.61,30.43,20.92,2,Westerlo 2-1 Sporting Charleroi,2026-02-22
Anderlecht,1.6,3.24,-1.64,0.68,2.37,-1.69,0.16,0.87,-0.71,0.84,3.24,-2.4,4,2,2,3.64,45.0,30.62,45.11,0.39,3.02,167,3,12,30,30.77,9.93,9.73,3,5,5,4,12,46.9,14.41,46.13,51.64,54.37,32.17,0,Zulte Waregem 2-4 Anderlecht,2026-02-22
Zulte Waregem,3.24,1.6,1.64,2.37,0.68,1.69,0.87,0.16,0.71,3.24,0.84,2.4,2,4,-2,-3.64,55.0,69.38,55.84,3.02,0.39,314,29,30,12,9.93,30.77,12.03,5,3,26,6,9,278.6,85.59,43.2,48.36,114.63,67.83,1,Zulte Waregem 2-4 Anderlecht,2026-02-22
Mechelen,1.03,0.56,0.47,1.03,0.51,0.52,0.0,0.05,-0.05,1.03,0.56,0.47,2,0,2,1.53,71.3,68.42,48.16,0.84,0.23,320,7,6,7,7.14,30.43,6.61,5,4,16,4,15,208.9,86.22,9.53,5.45,96.37,65.78,0,RAAL La Louvière 0-2 Mechelen,2026-02-22
RAAL La Louvière,0.56,1.03,-0.47,0.51,1.03,-0.52,0.05,0.0,0.05,0.56,1.03,-0.47,0,2,-2,-1.53,28.7,31.58,42.83,0.23,0.84,103,6,7,6,30.43,7.14,14.54,4,5,17,4,13,33.4,13.78,165.2,94.55,50.13,34.22,6,RAAL La Louvière 0-2 Mechelen,2026-02-22
Standard Liège,1.14,1.87,-0.73,0.94,1.32,-0.38,0.2,0.55,-0.35,1.14,1.87,-0.73,3,0,3,3.73,28.8,26.28,41.98,0.16,1.03,104,7,12,20,75.0,19.42,23.17,7,7,13,5,7,25.6,12.06,147.13,98.57,133.03,83.69,1,Genk 0-3 Standard Liège,2026-02-22
Genk,1.87,1.14,0.73,1.32,0.94,0.38,0.55,0.2,0.35,1.87,1.14,0.73,0,3,-3,-3.73,71.2,73.72,51.5,1.03,0.16,385,12,20,12,19.42,75.0,13.67,7,7,35,9,5,186.7,87.94,2.13,1.43,25.93,16.31,0,Genk 0-3 Standard Liège,2026-02-22
Antwerp,0.65,2.5,-1.85,0.65,1.67,-1.02,0.0,0.83,-0.83,0.65,2.5,-1.85,1,2,-1,0.85,37.7,28.92,42.83,0.33,1.53,119,3,4,22,12.12,14.38,13.53,3,7,3,1,12,35.8,12.19,67.47,76.5,39.7,19.48,0,Union Saint-Gilloise 2-1 Antwerp,2026-02-21
Union Saint-Gilloise,2.5,0.65,1.85,1.67,0.65,1.02,0.83,0.0,0.83,2.5,0.65,1.85,2,1,1,-0.85,62.3,71.08,53.11,1.53,0.33,313,28,22,4,14.38,12.12,7.65,7,3,31,10,13,258.0,87.81,20.73,23.5,164.07,80.52,2,Union Saint-Gilloise 2-1 Antwerp,2026-02-21
OH Leuven,1.95,3.22,-1.27,1.17,2.93,-1.76,0.03,0.28,-0.25,1.19,3.22,-2.03,1,2,-1,0.27,36.7,32.26,44.17,0.65,2.03,138,7,12,22,18.46,10.84,15.11,4,6,16,4,14,24.1,9.09,101.0,88.54,46.73,18.46,1,Club Brugge 2-1 OH Leuven,2026-02-21
Club Brugge,3.22,1.95,1.27,2.93,1.17,1.76,0.28,0.03,0.25,3.22,1.19,2.03,2,1,1,-0.27,63.3,67.74,53.37,2.03,0.65,337,34,22,12,10.84,18.46,8.72,6,4,36,12,8,241.0,90.91,13.07,11.46,206.4,81.54,1,Club Brugge 2-1 OH Leuven,2026-02-21
Sint-Truiden,0.84,0.56,0.28,0.73,0.49,0.24,0.11,0.07,0.04,0.84,0.56,0.28,4,1,3,2.72,60.0,62.4,49.72,0.56,0.72,291,11,14,11,25.0,15.28,10.62,8,6,17,9,8,147.7,73.37,29.67,33.95,134.63,76.83,1,Dender 1-4 Sint-Truiden,2026-02-21
Dender,0.56,0.84,-0.28,0.49,0.73,-0.24,0.07,0.11,-0.04,0.56,0.84,-0.28,1,4,-3,-2.72,40.0,37.6,43.23,0.72,0.56,164,14,11,14,15.28,25.0,17.88,6,8,17,4,14,53.6,26.63,57.73,66.05,40.6,23.17,0,Dender 1-4 Sint-Truiden,2026-02-21
Cercle Brugge,3.15,0.39,2.76,1.8,0.39,1.41,0.59,0.0,0.59,2.39,0.39,2.0,1,0,1,-1.76,55.1,64.97,53.15,1.49,0.37,263,32,23,5,15.44,13.51,9.59,9,3,31,10,10,205.3,88.19,31.67,45.07,209.93,89.41,2,Gent 0-1 Cercle Brugge,2026-02-20
Gent,0.39,3.15,-2.76,0.39,1.8,-1.41,0.0,0.59,-0.59,0.39,2.39,-2.0,0,1,-1,1.76,44.9,35.03,39.12,0.37,1.49,116,6,5,23,13.51,15.44,14.95,3,9,19,4,7,27.5,11.81,38.6,54.93,24.87,10.59,0,Gent 0-1 Cercle Brugge,2026-02-20
Zulte Waregem,1.64,2.6,-0.96,1.51,1.17,0.34,0.13,0.67,-0.54,1.64,1.84,-0.2,2,3,-1,-0.04,40.6,36.97,50.6,0.59,0.94,162,14,12,17,20.34,18.09,10.96,5,4,17,6,12,45.3,18.29,34.33,78.99,59.67,26.61,1,Sint-Truiden 3-2 Zulte Waregem,2026-02-15
Sint-Truiden,2.6,1.64,0.96,1.17,1.51,-0.34,0.67,0.13,0.54,1.84,1.64,0.2,3,2,1,0.04,59.4,63.03,55.69,0.94,0.59,281,25,17,12,18.09,20.34,8.55,4,5,27,7,11,202.4,81.71,9.13,21.01,164.57,73.39,1,Sint-Truiden 3-2 Zulte Waregem,2026-02-15
RAAL La Louvière,0.76,0.79,-0.03,0.66,0.59,0.07,0.1,0.2,-0.1,0.76,0.79,-0.03,0,0,0,0.03,33.3,33.02,42.99,0.61,0.51,111,8,6,19,9.84,37.25,14.32,5,6,17,4,10,30.2,14.7,116.33,93.77,66.87,39.28,3,Anderlecht 0-0 RAAL La Louvière,2026-02-15
Anderlecht,0.79,0.76,0.03,0.59,0.66,-0.07,0.2,0.1,0.1,0.79,0.76,0.03,0,0,0,-0.03,66.7,66.98,51.09,0.51,0.61,317,12,19,6,37.25,9.84,7.42,6,5,27,8,15,175.3,85.3,7.73,6.23,103.37,60.72,0,Anderlecht 0-0 RAAL La Louvière,2026-02-15
Westerlo,1.41,0.76,0.65,1.4,0.76,0.64,0.01,0.0,0.01,1.41,0.76,0.65,2,0,2,1.35,49.1,50.42,48.43,0.26,0.36,167,6,12,5,46.15,13.89,7.12,2,8,8,2,15,79.1,69.08,16.33,38.83,86.03,79.69,2,Antwerp 0-2 Westerlo,2026-02-15
Antwerp,0.76,1.41,-0.65,0.76,1.4,-0.64,0.0,0.01,-0.01,0.76,1.41,-0.65,0,2,-2,-1.35,50.9,49.58,46.46,0.36,0.26,140,5,5,12,13.89,46.15,5.26,8,2,14,4,16,35.4,30.92,25.73,61.17,21.93,20.31,2,Antwerp 0-2 Westerlo,2026-02-15
Club Brugge,1.56,1.34,0.22,1.3,1.27,0.03,0.26,0.07,0.19,1.56,1.34,0.22,2,1,1,0.78,62.5,45.02,42.0,0.62,0.89,189,13,10,18,16.13,20.22,10.65,2,9,14,8,14,82.2,44.55,19.87,12.48,40.73,22.55,1,Cercle Brugge 1-2 Club Brugge,2026-02-15
Cercle Brugge,1.34,1.56,-0.22,1.27,1.3,-0.03,0.07,0.26,-0.19,1.34,1.56,-0.22,1,2,-1,-0.78,37.5,54.98,53.69,0.89,0.62,211,13,18,10,20.22,16.13,13.33,9,2,15,2,9,102.3,55.45,139.4,87.52,139.87,77.45,4,Cercle Brugge 1-2 Club Brugge,2026-02-15
Union Saint-Gilloise,1.37,1.41,-0.04,1.21,1.38,-0.17,0.15,0.03,0.12,1.37,1.41,-0.04,1,1,0,0.04,66.6,63.2,51.84,1.08,0.66,287,23,16,7,14.81,10.61,6.71,4,2,27,5,16,149.3,75.67,1.13,1.08,88.97,44.63,1,Standard Liège 1-1 Union Saint-Gilloise,2026-02-14
Standard Liège,1.41,1.37,0.04,1.38,1.21,0.17,0.03,0.15,-0.12,1.41,1.37,0.04,1,1,0,-0.04,33.4,36.8,48.8,0.66,1.08,119,6,7,16,10.61,14.81,15.72,2,4,18,3,8,48.0,24.33,103.87,98.92,110.4,55.37,2,Standard Liège 1-1 Union Saint-Gilloise,2026-02-14
Gent,2.5,1.78,0.72,1.65,1.47,0.18,0.09,0.31,-0.22,1.74,1.78,-0.04,3,2,1,0.28,37.2,28.46,46.76,1.06,1.56,156,9,11,25,10.38,16.03,17.81,1,7,15,4,8,36.9,14.24,63.8,73.95,78.23,42.14,0,Sporting Charleroi 2-3 Gent,2026-02-14
Sporting Charleroi,1.78,2.5,-0.72,1.47,1.65,-0.18,0.31,0.09,0.22,1.78,1.74,0.04,2,3,-1,-0.28,62.8,71.54,54.24,1.56,1.06,314,32,25,11,16.03,10.38,11.54,7,1,41,12,8,222.3,85.76,22.47,26.05,107.4,57.86,6,Sporting Charleroi 2-3 Gent,2026-02-14
Dender,2.26,2.27,-0.01,1.13,0.79,0.34,0.37,0.72,-0.35,1.5,1.51,-0.01,2,3,-1,-0.99,58.0,51.63,46.76,0.76,0.53,197,14,13,20,17.11,37.74,8.13,3,8,18,7,10,90.2,40.12,16.4,22.59,71.17,29.36,4,OH Leuven 3-2 Dender,2026-02-14
OH Leuven,2.27,2.26,0.01,0.79,1.13,-0.34,0.72,0.37,0.35,1.51,1.5,0.01,3,2,1,0.99,42.0,48.37,50.97,0.53,0.76,190,12,20,13,37.74,17.11,10.6,8,3,26,10,9,134.6,59.88,56.2,77.41,171.27,70.64,0,OH Leuven 3-2 Dender,2026-02-14
Genk,3.25,1.75,1.5,1.32,1.58,-0.26,1.18,0.18,1.0,2.49,1.75,0.74,3,2,1,-0.5,56.9,55.48,47.82,0.68,0.99,233,16,12,13,17.65,13.13,9.52,4,1,16,4,13,118.4,55.72,24.8,26.69,64.63,43.64,0,Mechelen 2-3 Genk,2026-02-13
Mechelen,1.75,3.25,-1.5,1.58,1.32,0.26,0.18,1.18,-1.0,1.75,2.49,-0.74,2,3,-1,0.5,43.1,44.52,47.14,0.99,0.68,171,11,13,12,13.13,17.65,17.92,1,4,21,2,11,94.1,44.28,68.13,73.31,83.47,56.36,1,Mechelen 2-3 Genk,2026-02-13
Antwerp,1.37,2.14,-0.77,1.37,2.14,-0.77,0.0,0.0,0.0,1.37,2.14,-0.77,0,2,-2,-1.23,66.6,76.34,53.13,0.84,0.48,318,14,16,8,19.05,16.67,5.75,8,5,28,6,15,172.4,93.09,10.73,8.83,84.63,64.46,1,Mechelen 2-0 Antwerp,2026-02-08
Mechelen,2.14,1.37,0.77,2.14,1.37,0.77,0.0,0.0,0.0,2.14,1.37,0.77,2,0,2,1.23,33.4,23.66,38.94,0.48,0.84,86,9,8,16,16.67,19.05,15.7,5,8,9,3,9,12.8,6.91,110.73,91.17,46.67,35.54,0,Mechelen 2-0 Antwerp,2026-02-08
Standard Liège,0.27,3.27,-3.0,0.27,1.94,-1.67,0.0,1.33,-1.33,0.27,3.27,-3.0,0,3,-3,0.0,28.8,22.2,43.01,0.34,1.0,129,5,5,23,14.71,23.0,24.64,5,8,9,0,10,44.0,9.94,172.07,91.75,52.6,14.23,1,Club Brugge 3-0 Standard Liège,2026-02-08
Club Brugge,3.27,0.27,3.0,1.94,0.27,1.67,1.33,0.0,1.33,3.27,0.27,3.0,3,0,3,0.0,71.2,77.8,57.67,1.0,0.34,584,23,23,5,23.0,14.71,9.85,8,5,30,7,8,398.7,90.06,15.47,8.25,317.0,85.77,1,Club Brugge 3-0 Standard Liège,2026-02-08
RAAL La Louvière,0.89,2.25,-1.36,0.86,1.62,-0.76,0.04,0.64,-0.6,0.89,2.25,-1.36,1,2,-1,0.36,37.6,37.71,47.74,0.19,0.98,133,2,6,16,31.58,16.33,13.35,1,8,12,1,11,33.2,15.24,57.13,89.18,56.7,28.41,6,Union Saint-Gilloise 2-1 RAAL La Louvière,2026-02-08
Union Saint-Gilloise,2.25,0.89,1.36,1.62,0.86,0.76,0.64,0.04,0.6,2.25,0.89,1.36,2,1,1,-0.36,62.4,62.29,51.92,0.98,0.19,269,23,16,6,16.33,31.58,6.76,8,1,27,9,13,184.7,84.76,6.93,10.82,142.9,71.59,4,Union Saint-Gilloise 2-1 RAAL La Louvière,2026-02-08
Anderlecht,0.57,1.62,-1.05,0.39,1.49,-1.1,0.18,0.13,0.05,0.57,1.62,-1.05,0,2,-2,-0.95,46.4,42.59,46.34,0.43,1.02,168,13,11,18,25.58,17.65,8.66,2,6,16,7,20,86.8,34.11,38.2,48.11,76.7,29.79,0,Genk 2-0 Anderlecht,2026-02-08
Genk,1.62,0.57,1.05,1.49,0.39,1.1,0.13,0.18,-0.05,1.62,0.57,1.05,2,0,2,0.95,53.6,57.41,52.44,1.02,0.43,259,17,18,11,17.65,25.58,8.16,6,2,29,5,10,167.7,65.89,41.2,51.89,180.73,70.21,1,Genk 2-0 Anderlecht,2026-02-08
OH Leuven,2.02,1.79,0.23,0.93,1.48,-0.55,0.34,0.31,0.03,1.26,1.79,-0.53,3,1,2,1.77,36.3,34.7,45.04,0.51,1.57,116,10,13,22,25.49,14.01,10.26,3,1,13,5,12,40.5,18.05,89.4,85.41,87.43,61.08,1,Gent 1-3 OH Leuven,2026-02-07
Gent,1.79,2.02,-0.23,1.48,0.93,0.55,0.31,0.34,-0.03,1.79,1.26,0.53,1,3,-2,-1.77,63.7,65.3,52.69,1.57,0.51,283,21,22,13,14.01,25.49,7.83,1,3,39,6,15,183.9,81.95,15.27,14.59,55.7,38.92,1,Gent 1-3 OH Leuven,2026-02-07
Cercle Brugge,2.25,2.81,-0.56,0.65,1.75,-1.1,0.07,0.3,-0.23,0.73,2.05,-1.32,4,3,1,1.56,27.1,22.05,46.52,0.27,1.17,92,6,11,28,40.74,23.93,14.29,1,3,10,3,12,47.3,13.81,106.87,95.25,91.5,43.45,2,Sporting Charleroi 3-4 Cercle Brugge,2026-02-07
Sporting Charleroi,2.81,2.25,0.56,1.75,0.65,1.1,0.3,0.07,0.23,2.05,0.73,1.32,3,4,-1,-1.56,72.9,77.95,54.77,1.17,0.27,352,28,28,11,23.93,40.74,6.57,3,1,37,6,12,295.2,86.19,5.33,4.75,119.07,56.55,4,Sporting Charleroi 3-4 Cercle Brugge,2026-02-07
Dender,0.88,1.04,-0.16,0.86,1.04,-0.18,0.02,0.0,0.02,0.88,1.04,-0.16,0,1,-1,-0.84,50.7,42.94,45.3,0.65,0.94,196,11,7,12,10.77,12.77,13.12,2,6,17,1,12,68.0,37.67,43.07,42.14,56.43,32.09,3,Zulte Waregem 1-0 Dender,2026-02-07
Zulte Waregem,1.04,0.88,0.16,1.04,0.86,0.18,0.0,0.02,-0.02,1.04,0.88,0.16,1,0,1,0.84,49.3,57.06,51.91,0.94,0.65,240,17,12,7,12.77,10.77,11.0,6,2,17,6,11,112.5,62.33,59.13,57.86,119.4,67.91,4,Zulte Waregem 1-0 Dender,2026-02-07
Sint-Truiden,3.73,0.71,3.02,2.54,0.71,1.83,1.19,0.0,1.19,3.73,0.71,3.02,4,0,4,0.98,50.1,43.38,43.53,0.74,0.57,163,14,17,8,22.97,14.04,14.04,3,6,12,5,12,113.0,58.04,53.87,51.3,172.63,89.2,0,Westerlo 0-4 Sint-Truiden,2026-02-06
Westerlo,0.71,3.73,-3.02,0.71,2.54,-1.83,0.0,1.19,-1.19,0.71,3.73,-3.02,0,4,-4,-0.98,49.9,56.62,47.67,0.57,0.74,203,6,8,17,14.04,22.97,12.13,6,3,16,6,13,81.7,41.96,51.13,48.7,20.9,10.8,1,Westerlo 0-4 Sint-Truiden,2026-02-06
Mechelen,2.07,2.17,-0.1,1.91,0.4,1.51,0.17,1.01,-0.84,2.07,1.41,0.66,2,2,0,0.1,53.0,45.69,47.72,0.87,0.66,188,17,13,16,14.94,24.24,9.29,2,3,21,5,14,73.0,43.48,29.93,42.15,57.4,33.83,0,OH Leuven 2-2 Mechelen,2026-02-01
OH Leuven,2.17,2.07,0.1,0.4,1.91,-1.51,1.01,0.17,0.84,1.41,2.07,-0.66,2,2,0,-0.1,47.0,54.31,46.73,0.66,0.87,182,13,16,13,24.24,14.94,7.43,3,2,17,7,19,94.9,56.52,41.07,57.85,112.27,66.17,3,OH Leuven 2-2 Mechelen,2026-02-01
Club Brugge,0.43,1.83,-1.4,0.37,1.32,-0.95,0.06,0.51,-0.45,0.43,1.83,-1.4,0,1,-1,0.4,69.5,63.4,49.32,0.77,0.7,346,16,8,13,10.39,18.57,8.12,5,3,25,5,11,149.8,69.38,8.4,5.36,62.43,30.62,1,Union Saint-Gilloise 1-0 Club Brugge,2026-02-01
Union Saint-Gilloise,1.83,0.43,1.4,1.32,0.37,0.95,0.51,0.06,0.45,1.83,0.43,1.4,1,0,1,-0.4,30.5,36.6,50.15,0.7,0.77,155,14,13,8,18.57,10.39,17.33,3,5,8,5,12,66.1,30.62,148.2,94.64,141.43,69.38,2,Union Saint-Gilloise 1-0 Club Brugge,2026-02-01
Genk,1.04,2.89,-1.85,0.9,1.46,-0.56,0.14,1.43,-1.29,1.04,2.89,-1.85,2,1,1,2.85,49.0,43.14,49.07,0.88,1.06,232,10,8,22,9.09,20.75,10.56,5,4,10,2,10,80.5,30.04,53.8,53.76,95.83,49.52,0,Dender 1-2 Genk,2026-02-01
Dender,2.89,1.04,1.85,1.46,0.9,0.56,1.43,0.14,1.29,2.89,1.04,1.85,1,2,-1,-2.85,51.0,56.86,52.27,1.06,0.88,278,23,22,8,20.75,9.09,13.13,4,5,44,8,12,187.5,69.96,46.27,46.24,97.7,50.48,2,Dender 1-2 Genk,2026-02-01
Anderlecht,3.62,1.65,1.97,3.27,1.57,1.7,0.36,0.08,0.28,3.62,1.65,1.97,0,2,-2,-3.97,63.8,70.75,52.91,1.41,0.88,296,19,15,9,10.64,10.23,6.12,5,3,26,4,19,214.2,88.29,14.87,18.51,157.43,75.35,0,Standard Liège 2-0 Anderlecht,2026-02-01
Standard Liège,1.65,3.62,-1.97,1.57,3.27,-1.7,0.08,0.36,-0.28,1.65,3.62,-1.97,2,0,2,3.97,36.2,29.25,44.62,0.88,1.41,120,8,9,15,10.23,10.64,10.21,3,5,20,9,10,28.4,11.71,65.47,81.49,51.5,24.65,0,Standard Liège 2-0 Anderlecht,2026-02-01
Sporting Charleroi,1.15,1.42,-0.27,0.86,1.34,-0.48,0.29,0.08,0.21,1.15,1.42,-0.27,2,0,2,2.27,52.3,46.08,47.28,0.61,0.43,226,16,15,13,24.59,30.23,14.4,5,4,18,6,16,52.2,40.03,28.67,31.1,53.33,36.72,1,Sint-Truiden 0-2 Sporting Charleroi,2026-01-31
Sint-Truiden,1.42,1.15,0.27,1.34,0.86,0.48,0.08,0.29,-0.21,1.42,1.15,0.27,0,2,-2,-2.27,47.7,53.92,48.42,0.43,0.61,222,15,13,15,30.23,24.59,14.59,4,5,22,6,6,78.2,59.97,63.53,68.9,91.9,63.28,1,Sint-Truiden 0-2 Sporting Charleroi,2026-01-31
Westerlo,1.85,1.62,0.23,1.8,1.42,0.38,0.05,0.2,-0.15,1.85,1.62,0.23,1,0,1,0.77,43.4,40.36,47.04,0.71,1.16,182,12,7,19,9.86,16.38,17.0,4,1,9,3,11,91.5,34.57,62.2,59.96,96.33,49.17,0,Zulte Waregem 0-1 Westerlo,2026-01-31
Zulte Waregem,1.62,1.85,-0.23,1.42,1.8,-0.38,0.2,0.05,0.15,1.62,1.85,-0.23,0,1,-1,-0.77,56.6,59.64,50.21,1.16,0.71,278,23,19,7,16.38,9.86,15.48,1,4,24,7,8,173.2,65.43,41.53,40.04,99.57,50.83,1,Zulte Waregem 0-1 Westerlo,2026-01-31
Antwerp,4.41,0.18,4.23,2.64,0.16,2.48,1.01,0.02,0.99,3.65,0.18,3.47,4,0,4,-0.23,69.0,66.94,52.61,1.55,0.29,362,15,15,3,9.68,10.34,7.07,6,6,18,5,13,217.5,91.62,2.87,2.3,143.1,85.62,4,Cercle Brugge 0-4 Antwerp,2026-01-31
Cercle Brugge,0.18,4.41,-4.23,0.16,2.64,-2.48,0.02,1.01,-0.99,0.18,3.65,-3.47,0,4,-4,0.23,31.0,33.06,48.67,0.29,1.55,125,6,3,15,10.34,9.68,16.59,6,6,15,2,10,19.9,8.38,121.8,97.7,24.03,14.38,2,Cercle Brugge 0-4 Antwerp,2026-01-31
Gent,1.41,0.57,0.84,1.41,0.06,1.35,0.0,0.51,-0.51,1.41,0.57,0.84,1,1,0,-0.84,56.5,45.34,47.04,0.79,0.66,214,8,8,6,10.13,9.09,12.0,1,6,25,5,12,75.4,49.83,21.53,21.78,35.07,29.86,0,RAAL La Louvière 1-1 Gent,2026-01-30
RAAL La Louvière,0.57,1.41,-0.84,0.06,1.41,-1.35,0.51,0.0,0.51,0.57,1.41,-0.84,1,1,0,0.84,43.5,54.66,50.13,0.66,0.79,199,12,6,8,9.09,10.13,12.21,6,1,23,6,13,75.9,50.17,77.33,78.22,82.37,70.14,5,RAAL La Louvière 1-1 Gent,2026-01-30
Westerlo,1.06,2.15,-1.09,0.93,1.17,-0.24,0.14,0.98,-0.84,1.06,2.15,-1.09,1,1,0,1.09,37.8,35.69,47.19,0.32,0.89,156,11,12,14,37.5,15.73,13.31,6,6,9,5,10,60.9,29.15,90.07,79.33,98.3,59.54,1,Mechelen 1-1 Westerlo,2026-01-25
Mechelen,2.15,1.06,1.09,1.17,0.93,0.24,0.98,0.14,0.84,2.15,1.06,1.09,1,1,0,-1.09,62.2,64.31,52.67,0.89,0.32,301,19,14,12,15.73,37.5,8.87,6,6,39,9,10,148.0,70.85,23.47,20.67,66.8,40.46,2,Mechelen 1-1 Westerlo,2026-01-25
Dender,1.03,2.2,-1.17,1.01,2.07,-1.06,0.02,0.13,-0.11,1.03,2.2,-1.17,0,0,0,1.17,39.2,32.69,47.35,0.68,0.66,156,19,9,20,13.24,30.3,14.21,4,11,22,6,16,53.0,18.43,66.93,82.91,61.67,24.49,1,Anderlecht 0-0 Dender,2026-01-25
Anderlecht,2.2,1.03,1.17,2.07,1.01,1.06,0.13,0.02,0.11,2.2,1.03,1.17,0,0,0,-1.17,60.8,67.31,54.71,0.66,0.68,324,19,20,9,30.3,13.24,5.93,11,4,23,6,13,234.6,81.57,13.8,17.09,190.13,75.51,1,Anderlecht 0-0 Dender,2026-01-25
Cercle Brugge,0.48,1.09,-0.61,0.42,1.03,-0.61,0.06,0.06,0.0,0.48,1.09,-0.61,1,1,0,0.61,44.0,50.32,48.95,0.33,0.5,201,12,11,14,33.33,28.0,13.44,11,4,20,2,9,61.2,36.82,96.27,77.26,85.37,46.98,0,Genk 1-1 Cercle Brugge,2026-01-25
Genk,1.09,0.48,0.61,1.03,0.42,0.61,0.06,0.06,0.0,1.09,0.48,0.61,1,1,0,-0.61,56.0,49.68,43.48,0.5,0.33,212,9,14,11,28.0,33.33,13.88,4,11,11,4,9,105.0,63.18,28.33,22.74,96.33,53.02,1,Genk 1-1 Cercle Brugge,2026-01-25
Sporting Charleroi,2.0,0.86,1.14,1.24,0.81,0.43,0.0,0.04,-0.04,1.24,0.86,0.38,2,0,2,0.86,47.2,48.04,48.69,0.57,0.53,185,10,12,11,21.05,20.75,10.03,3,8,13,6,15,78.6,65.01,50.47,66.94,127.0,85.6,4,Antwerp 0-2 Sporting Charleroi,2026-01-25
Antwerp,0.86,2.0,-1.14,0.81,1.24,-0.43,0.04,0.0,0.04,0.86,1.24,-0.38,0,2,-2,-0.86,52.8,51.96,47.17,0.53,0.57,181,8,11,12,20.75,21.05,6.16,8,3,16,4,13,42.3,34.99,24.93,33.06,21.37,14.4,1,Antwerp 0-2 Sporting Charleroi,2026-01-25
Union Saint-Gilloise,1.16,1.65,-0.49,1.02,1.18,-0.16,0.13,0.48,-0.35,1.16,1.65,-0.49,0,0,0,0.49,55.4,53.49,45.25,1.11,0.4,186,17,13,17,11.71,42.5,7.7,4,5,21,9,15,87.6,49.97,17.27,21.44,68.97,37.48,0,OH Leuven 0-0 Union Saint-Gilloise,2026-01-24
OH Leuven,1.65,1.16,0.49,1.18,1.02,0.16,0.48,0.13,0.35,1.65,1.16,0.49,0,0,0,-0.49,44.6,46.51,47.62,0.4,1.11,164,11,17,13,42.5,11.71,9.89,5,4,19,4,16,87.7,50.03,63.27,78.56,115.07,62.52,1,OH Leuven 0-0 Union Saint-Gilloise,2026-01-24
Zulte Waregem,1.83,2.2,-0.37,1.83,1.94,-0.11,0.0,0.26,-0.26,1.83,2.2,-0.37,3,4,-1,-0.63,28.5,27.41,45.1,0.61,0.79,130,10,5,17,8.2,21.52,21.74,5,3,3,0,13,50.3,17.06,177.0,89.88,68.8,30.88,1,Club Brugge 4-3 Zulte Waregem,2026-01-24
Club Brugge,2.2,1.83,0.37,1.94,1.83,0.11,0.26,0.0,0.26,2.2,1.83,0.37,4,3,1,0.63,71.5,72.59,51.42,0.79,0.61,403,19,17,5,21.52,8.2,8.0,3,5,19,7,11,244.5,82.94,19.93,10.12,154.03,69.12,0,Club Brugge 4-3 Zulte Waregem,2026-01-24
Sint-Truiden,1.67,0.66,1.01,1.53,0.44,1.09,0.14,0.22,-0.08,1.67,0.66,1.01,2,1,1,-0.01,59.4,49.57,43.98,0.56,0.6,217,10,15,6,26.79,10.0,10.68,3,10,12,5,12,138.3,71.25,5.8,5.99,103.1,49.5,0,RAAL La Louvière 1-2 Sint-Truiden,2026-01-24
RAAL La Louvière,0.66,1.67,-1.01,0.44,1.53,-1.09,0.22,0.14,0.08,0.66,1.67,-1.01,1,2,-1,0.01,40.6,50.43,49.53,0.6,0.56,179,11,6,15,10.0,26.79,11.03,10,3,24,6,10,55.8,28.75,91.07,94.01,105.17,50.5,3,RAAL La Louvière 1-2 Sint-Truiden,2026-01-24
Gent,1.86,1.58,0.28,1.36,0.78,0.58,0.5,0.79,-0.29,1.86,1.58,0.28,4,0,4,3.72,41.1,34.77,47.37,0.68,0.95,157,19,15,13,22.06,13.68,10.82,5,4,11,4,11,42.8,23.16,62.07,78.77,126.63,72.68,0,Standard Liège 0-4 Gent,2026-01-23
Standard Liège,1.58,1.86,-0.28,0.78,1.36,-0.58,0.79,0.5,0.29,1.58,1.86,-0.28,0,4,-4,-3.72,58.9,65.23,54.2,0.95,0.68,314,18,13,15,13.68,22.06,9.23,4,5,38,8,13,142.0,76.84,16.73,21.23,47.6,27.32,3,Standard Liège 0-4 Gent,2026-01-23
OH Leuven,2.33,2.57,-0.24,2.22,2.53,-0.31,0.11,0.04,0.07,2.33,2.57,-0.24,0,1,-1,-0.76,51.8,46.67,42.25,1.01,1.3,166,9,20,21,19.8,16.15,11.97,3,5,19,3,18,90.1,35.42,17.6,15.74,42.6,14.84,2,Sint-Truiden 1-0 OH Leuven,2026-01-18
Sint-Truiden,2.57,2.33,0.24,2.53,2.22,0.31,0.04,0.11,-0.07,2.57,2.33,0.24,1,0,1,0.76,48.2,53.33,46.29,1.3,1.01,180,24,21,20,16.15,19.8,10.07,5,3,10,2,10,164.3,64.58,94.2,84.26,244.4,85.16,0,Sint-Truiden 1-0 OH Leuven,2026-01-18
Standard Liège,1.83,1.23,0.6,0.77,1.12,-0.35,1.07,0.12,0.95,1.83,1.23,0.6,0,2,-2,-2.6,58.8,58.62,48.84,0.97,0.58,241,19,13,16,13.4,27.59,8.21,8,1,36,9,10,121.0,58.01,13.73,13.03,54.87,22.59,4,Sporting Charleroi 2-0 Standard Liège,2026-01-18
Sporting Charleroi,1.23,1.83,-0.6,1.12,0.77,0.35,0.12,1.07,-0.95,1.23,1.83,-0.6,2,0,2,2.6,41.2,41.38,50.13,0.58,0.97,182,14,16,13,27.59,13.4,16.78,1,8,21,7,14,87.6,41.99,91.67,86.97,188.03,77.41,1,Sporting Charleroi 2-0 Standard Liège,2026-01-18
Antwerp,0.63,1.76,-1.13,0.51,1.64,-1.13,0.12,0.11,0.01,0.63,1.76,-1.13,0,1,-1,0.13,53.5,50.27,50.31,0.75,1.06,224,16,7,10,9.33,9.43,8.97,2,9,27,5,9,79.6,39.1,34.93,40.52,50.47,26.89,12,Dender 1-0 Antwerp,2026-01-18
Dender,1.76,0.63,1.13,1.64,0.51,1.13,0.11,0.12,-0.01,1.76,0.63,1.13,1,0,1,-0.13,46.5,49.73,50.2,1.06,0.75,194,18,10,7,9.43,9.33,10.78,9,2,27,2,14,124.0,60.9,51.27,59.48,137.2,73.11,5,Dender 1-0 Antwerp,2026-01-18
Anderlecht,1.55,3.91,-2.36,0.47,2.88,-2.41,1.08,0.27,0.81,1.55,3.15,-1.6,2,4,-2,0.36,48.1,55.31,50.28,0.56,0.34,208,9,10,18,17.86,52.94,10.35,5,10,24,8,18,106.7,52.07,58.87,60.69,121.4,66.82,0,Gent 4-2 Anderlecht,2026-01-18
Gent,3.91,1.55,2.36,2.88,0.47,2.41,0.27,1.08,-0.81,3.15,1.55,1.6,4,2,2,-0.36,51.9,44.69,47.1,0.34,0.56,197,9,18,10,52.94,17.86,7.55,10,5,30,9,12,98.2,47.93,38.13,39.31,60.27,33.18,1,Gent 4-2 Anderlecht,2026-01-18
Mechelen,0.76,1.92,-1.16,0.76,1.5,-0.74,0.0,0.42,-0.42,0.76,1.92,-1.16,0,1,-1,0.16,58.0,49.24,41.52,0.37,0.5,173,6,4,15,10.81,30.0,8.71,3,8,8,0,13,44.3,35.1,12.27,11.16,15.4,8.59,0,Union Saint-Gilloise 1-0 Mechelen,2026-01-17
Union Saint-Gilloise,1.92,0.76,1.16,1.5,0.76,0.74,0.42,0.0,0.42,1.92,0.76,1.16,1,0,1,-0.16,42.0,50.76,46.25,0.5,0.37,152,17,15,4,30.0,10.81,9.04,8,3,18,7,16,81.9,64.9,97.67,88.84,163.8,91.41,3,Union Saint-Gilloise 1-0 Mechelen,2026-01-17
Cercle Brugge,0.7,1.63,-0.93,0.51,1.51,-1.0,0.19,0.12,0.07,0.7,1.63,-0.93,2,0,2,2.93,31.7,44.58,50.34,0.35,1.51,143,14,9,17,25.71,11.26,11.82,6,6,10,4,11,45.7,22.94,153.0,97.41,104.83,56.35,1,Westerlo 0-2 Cercle Brugge,2026-01-17
Westerlo,1.63,0.7,0.93,1.51,0.51,1.0,0.12,0.19,-0.07,1.63,0.7,0.93,0,2,-2,-2.93,68.3,55.42,45.25,1.51,0.35,246,18,17,9,11.26,25.71,5.35,6,6,27,7,11,153.5,77.06,4.07,2.59,81.2,43.65,3,Westerlo 0-2 Cercle Brugge,2026-01-17
Genk,1.05,2.58,-1.53,1.05,2.38,-1.33,0.0,0.2,-0.2,1.05,2.58,-1.53,1,2,-1,0.53,60.8,55.79,47.95,0.53,0.6,299,10,7,22,13.21,36.67,9.78,7,2,7,0,14,78.1,42.03,16.0,11.76,27.2,14.53,0,Zulte Waregem 2-1 Genk,2026-01-17
Zulte Waregem,2.58,1.05,1.53,2.38,1.05,1.33,0.2,0.0,0.2,2.58,1.05,1.53,2,1,1,-0.53,39.2,44.21,45.25,0.6,0.53,161,18,22,7,36.67,13.21,18.96,2,7,15,4,9,107.7,57.97,120.07,88.24,159.97,85.47,2,Zulte Waregem 2-1 Genk,2026-01-17
RAAL La Louvière,2.3,1.85,0.45,2.27,1.16,1.11,0.02,0.69,-0.67,2.3,1.85,0.45,3,2,1,0.55,45.6,58.66,54.95,1.16,0.69,252,16,14,11,12.07,15.94,14.67,4,7,33,7,11,130.1,60.09,57.33,79.12,108.57,54.48,2,Club Brugge 2-3 RAAL La Louvière,2026-01-16
Club Brugge,1.85,2.3,-0.45,1.16,2.27,-1.11,0.69,0.02,0.67,1.85,2.3,-0.45,2,3,-1,-0.55,54.4,41.34,46.07,0.69,1.16,190,10,11,14,15.94,12.07,10.73,7,4,11,2,9,86.4,39.91,15.13,20.88,90.73,45.52,0,Club Brugge 2-3 RAAL La Louvière,2026-01-16
Westerlo,1.26,3.42,-2.16,1.12,3.19,-2.07,0.13,0.23,-0.1,1.26,3.42,-2.16,0,2,-2,0.16,57.3,73.93,53.87,0.94,0.65,295,17,14,18,14.89,27.69,8.76,3,2,20,3,15,197.3,68.27,42.33,49.57,147.97,52.77,4,Gent 2-0 Westerlo,2025-12-27
Gent,3.42,1.26,2.16,3.19,1.12,2.07,0.23,0.13,0.1,3.42,1.26,2.16,2,0,2,-0.16,42.7,26.07,42.08,0.65,0.94,130,16,18,14,27.69,14.89,14.08,2,3,17,4,17,91.7,31.73,43.07,50.43,132.43,47.23,0,Gent 2-0 Westerlo,2025-12-27
Dender,1.28,1.79,-0.51,0.95,1.76,-0.81,0.33,0.03,0.3,1.28,1.79,-0.51,1,1,0,0.51,46.5,51.45,51.9,0.63,0.8,220,14,17,14,26.98,17.5,8.22,6,8,25,6,11,140.9,48.65,76.0,82.79,156.2,57.11,3,Mechelen 1-1 Dender,2025-12-27
Mechelen,1.79,1.28,0.51,1.76,0.95,0.81,0.03,0.33,-0.3,1.79,1.28,0.51,1,1,0,-0.51,53.5,48.55,49.44,0.8,0.63,220,17,14,17,17.5,26.98,8.52,8,6,18,5,13,148.7,51.35,15.8,17.21,117.3,42.89,0,Mechelen 1-1 Dender,2025-12-27
OH Leuven,1.07,1.38,-0.31,0.84,1.26,-0.42,0.23,0.12,0.11,1.07,1.38,-0.31,0,0,0,0.31,47.0,33.23,42.22,1.04,1.1,130,13,11,15,10.58,13.64,12.62,3,6,19,5,13,47.9,27.61,28.27,34.99,46.47,23.84,0,RAAL La Louvière 0-0 OH Leuven,2025-12-27
RAAL La Louvière,1.38,1.07,0.31,1.26,0.84,0.42,0.12,0.23,-0.11,1.38,1.07,0.31,0,0,0,-0.31,53.0,66.77,53.79,1.1,1.04,231,26,15,11,13.64,10.58,9.41,6,3,42,13,7,125.6,72.39,52.53,65.01,148.43,76.16,3,RAAL La Louvière 0-0 OH Leuven,2025-12-27
Zulte Waregem,2.35,0.83,1.52,2.16,0.72,1.44,0.18,0.11,0.07,2.35,0.83,1.52,1,2,-1,-2.52,57.5,58.8,48.59,0.9,0.56,214,13,16,7,17.78,12.5,9.37,5,3,20,7,5,128.8,84.07,26.73,38.15,123.77,75.41,1,Antwerp 2-1 Zulte Waregem,2025-12-27
Antwerp,0.83,2.35,-1.52,0.72,2.16,-1.44,0.11,0.18,-0.07,0.83,2.35,-1.52,2,1,1,2.52,42.5,41.2,42.59,0.56,0.9,113,10,7,16,12.5,17.78,10.79,3,5,17,5,19,24.4,15.93,43.33,61.85,40.37,24.59,4,Antwerp 2-1 Zulte Waregem,2025-12-27
Sporting Charleroi,1.85,1.86,-0.01,1.63,0.76,0.87,0.22,0.34,-0.12,1.85,1.1,0.75,2,1,1,1.01,39.2,35.02,46.61,0.74,0.61,135,14,13,17,17.57,27.87,12.18,1,5,12,3,16,70.9,32.2,80.33,91.08,107.87,63.65,0,Anderlecht 1-2 Sporting Charleroi,2025-12-26
Anderlecht,1.86,1.85,0.01,0.76,1.63,-0.87,0.34,0.22,0.12,1.1,1.85,-0.75,1,2,-1,-1.01,60.8,64.98,51.88,0.61,0.74,292,14,17,13,27.87,17.57,7.24,5,1,23,8,7,149.3,67.8,7.87,8.92,61.6,36.35,0,Anderlecht 1-2 Sporting Charleroi,2025-12-26
Sint-Truiden,2.46,0.24,2.22,2.15,0.24,1.91,0.31,0.0,0.31,2.46,0.24,2.22,2,1,1,-1.22,67.0,70.14,52.84,1.51,0.38,407,24,16,5,10.6,13.16,13.33,4,2,17,5,11,255.8,88.73,17.93,11.53,157.97,77.31,0,Standard Liège 1-2 Sint-Truiden,2025-12-26
Standard Liège,0.24,2.46,-2.22,0.24,2.15,-1.91,0.0,0.31,-0.31,0.24,2.46,-2.22,1,2,-1,1.22,33.0,29.86,44.9,0.38,1.51,140,6,5,16,13.16,10.6,18.61,2,4,13,1,7,32.5,11.27,137.53,88.47,46.37,22.69,2,Standard Liège 1-2 Sint-Truiden,2025-12-26
Union Saint-Gilloise,2.66,2.04,0.62,2.44,0.98,1.46,0.22,0.29,-0.07,2.66,1.28,1.38,1,1,0,-0.62,63.7,55.46,48.48,1.53,1.22,258,15,21,9,13.73,7.38,6.91,4,7,27,4,15,157.3,72.02,9.27,7.94,98.2,51.71,3,Cercle Brugge 1-1 Union Saint-Gilloise,2025-12-26
Cercle Brugge,2.04,2.66,-0.62,0.98,2.44,-1.46,0.29,0.22,0.07,1.28,2.66,-1.38,1,1,0,0.62,36.3,44.54,50.45,1.22,1.53,153,10,9,21,7.38,13.73,9.24,7,4,15,4,11,61.1,27.98,107.47,92.06,91.7,48.29,1,Cercle Brugge 1-1 Union Saint-Gilloise,2025-12-26
Club Brugge,1.35,2.21,-0.86,1.32,1.97,-0.65,0.03,0.24,-0.21,1.35,2.21,-0.86,5,3,2,2.86,47.0,36.62,47.04,0.56,0.43,199,12,8,22,14.29,51.16,11.53,6,7,10,2,12,95.8,32.94,59.67,60.8,107.43,45.38,1,Genk 3-5 Club Brugge,2025-12-26
Genk,2.21,1.35,0.86,1.97,1.32,0.65,0.24,0.03,0.21,2.21,1.35,0.86,3,5,-2,-2.86,53.0,63.38,49.48,0.43,0.56,258,13,22,8,51.16,14.29,8.93,7,6,24,9,13,195.0,67.06,38.47,39.2,129.33,54.62,1,Genk 3-5 Club Brugge,2025-12-26
Cercle Brugge,2.31,2.63,-0.32,2.2,2.47,-0.27,0.1,0.16,-0.06,2.31,2.63,-0.32,2,0,2,2.32,41.5,45.63,50.93,1.04,1.56,162,10,11,18,10.58,11.54,9.58,8,3,16,7,17,53.1,27.66,83.73,94.08,122.57,77.54,1,OH Leuven 0-2 Cercle Brugge,2025-12-21
OH Leuven,2.63,2.31,0.32,2.47,2.2,0.27,0.16,0.1,0.06,2.63,2.31,0.32,0,2,-2,-2.32,58.5,54.37,46.26,1.56,1.04,197,20,18,11,11.54,10.58,5.37,3,8,33,8,21,138.9,72.34,5.27,5.92,35.5,22.46,1,OH Leuven 0-2 Cercle Brugge,2025-12-21
Anderlecht,1.83,2.71,-0.88,0.68,1.43,-0.75,0.39,0.53,-0.14,1.07,1.95,-0.88,2,2,0,0.88,49.9,52.09,49.62,0.17,1.03,209,7,12,23,70.59,22.33,9.85,1,6,20,5,12,98.1,42.93,30.87,47.49,71.47,30.26,0,Antwerp 2-2 Anderlecht,2025-12-21
Antwerp,2.71,1.83,0.88,1.43,0.68,0.75,0.53,0.39,0.14,1.95,1.07,0.88,2,2,0,-0.88,50.1,47.91,47.16,1.03,0.17,181,13,23,12,22.33,70.59,10.27,6,1,16,6,12,130.4,57.07,34.13,52.51,164.7,69.74,3,Antwerp 2-2 Anderlecht,2025-12-21
Mechelen,0.77,1.78,-1.01,0.23,1.71,-1.48,0.55,0.07,0.48,0.77,1.78,-1.01,0,1,-1,0.01,52.4,56.34,46.73,0.39,0.77,239,13,10,9,25.64,11.69,10.79,12,8,19,6,9,94.6,62.69,47.87,37.69,66.1,42.71,0,Sint-Truiden 1-0 Mechelen,2025-12-21
Sint-Truiden,1.78,0.77,1.01,1.71,0.23,1.48,0.07,0.55,-0.48,1.78,0.77,1.01,1,0,1,-0.01,47.6,43.66,44.26,0.77,0.39,179,10,9,10,11.69,25.64,8.45,8,12,13,2,12,56.3,37.31,79.13,62.31,88.67,57.29,0,Sint-Truiden 1-0 Mechelen,2025-12-21
Gent,0.84,4.27,-3.43,0.29,3.55,-3.26,0.55,0.72,-0.17,0.84,4.27,-3.43,1,2,-1,2.43,27.8,23.5,41.33,0.09,1.99,94,4,6,22,66.67,11.06,15.64,5,4,9,2,12,20.1,6.82,123.4,95.81,38.67,16.08,2,Club Brugge 2-1 Gent,2025-12-21
Club Brugge,4.27,0.84,3.43,3.55,0.29,3.26,0.72,0.55,0.17,4.27,0.84,3.43,2,1,1,-2.43,72.2,76.5,51.16,1.99,0.09,356,26,22,6,11.06,66.67,8.59,4,5,27,10,9,274.8,93.18,5.4,4.19,201.87,83.92,4,Club Brugge 2-1 Gent,2025-12-21
Zulte Waregem,1.28,1.4,-0.12,1.27,0.96,0.31,0.01,0.44,-0.43,1.28,1.4,-0.12,0,2,-2,-1.88,58.2,49.81,39.7,0.55,0.53,186,12,9,8,16.36,15.09,12.59,4,5,16,3,9,61.5,53.2,15.33,14.87,41.6,23.24,3,Union Saint-Gilloise 2-0 Zulte Waregem,2025-12-20
Union Saint-Gilloise,1.4,1.28,0.12,0.96,1.27,-0.31,0.44,0.01,0.43,1.4,1.28,0.12,2,0,2,1.88,41.8,50.19,44.19,0.53,0.55,167,9,8,9,15.09,16.36,13.05,5,4,14,5,10,54.1,46.8,87.73,85.13,137.43,76.76,0,Union Saint-Gilloise 2-0 Zulte Waregem,2025-12-20
RAAL La Louvière,1.18,0.77,0.41,1.06,0.69,0.37,0.13,0.09,0.04,1.18,0.77,0.41,1,2,-1,-1.41,40.5,49.54,49.36,0.81,0.7,169,18,14,15,17.28,21.43,17.26,5,8,30,5,5,88.7,48.95,103.73,88.41,168.27,81.45,2,Westerlo 2-1 RAAL La Louvière,2025-12-20
Westerlo,0.77,1.18,-0.41,0.69,1.06,-0.37,0.09,0.13,-0.04,0.77,1.18,-0.41,2,1,1,1.41,59.5,50.46,44.19,0.7,0.81,213,10,15,14,21.43,17.28,8.7,8,5,13,4,10,92.5,51.05,13.6,11.59,38.33,18.55,2,Westerlo 2-1 RAAL La Louvière,2025-12-20
Standard Liège,0.47,0.85,-0.38,0.32,0.4,-0.08,0.15,0.44,-0.29,0.47,0.85,-0.38,1,0,1,1.38,41.4,44.8,50.69,0.57,1.08,163,10,8,10,14.04,9.26,10.88,10,3,18,4,11,39.0,31.58,66.67,77.64,76.03,71.86,2,Dender 0-1 Standard Liège,2025-12-20
Dender,0.85,0.47,0.38,0.4,0.32,0.08,0.44,0.15,0.29,0.85,0.47,0.38,0,1,-1,-1.38,58.6,55.2,49.64,1.08,0.57,239,14,10,8,9.26,14.04,8.38,3,10,32,5,17,84.5,68.42,19.2,22.36,29.77,28.14,1,Dender 0-1 Standard Liège,2025-12-20
Genk,1.4,1.17,0.23,1.4,1.01,0.39,0.0,0.16,-0.16,1.4,1.17,0.23,2,2,0,-0.23,53.3,42.91,42.98,0.53,0.7,191,14,9,17,16.98,24.29,15.21,3,4,9,1,7,51.3,31.3,41.2,31.64,57.4,28.22,2,Sporting Charleroi 2-2 Genk,2025-12-19
Sporting Charleroi,1.17,1.4,-0.23,1.01,1.4,-0.39,0.16,0.0,0.16,1.17,1.4,-0.23,2,2,0,0.23,46.7,57.09,48.86,0.7,0.53,222,7,17,9,24.29,16.98,16.89,4,3,28,8,13,112.6,68.7,89.0,68.36,146.0,71.78,0,Sporting Charleroi 2-2 Genk,2025-12-19
Westerlo,1.37,3.48,-2.11,1.33,3.13,-1.8,0.04,0.35,-0.31,1.37,3.48,-2.11,1,1,0,2.11,32.6,38.1,48.35,1.02,1.23,152,14,10,22,9.8,17.89,20.54,3,4,12,7,12,48.4,20.71,140.47,97.1,120.63,64.89,3,Genk 1-1 Westerlo,2025-12-14
Genk,3.48,1.37,2.11,3.13,1.33,1.8,0.35,0.04,0.31,3.48,1.37,2.11,1,1,0,-2.11,67.4,61.9,49.7,1.23,1.02,314,23,22,10,17.89,9.8,6.47,4,3,31,9,13,185.3,79.29,4.2,2.9,65.27,35.11,0,Genk 1-1 Westerlo,2025-12-14
Union Saint-Gilloise,1.34,1.31,0.03,1.19,1.27,-0.08,0.15,0.04,0.11,1.34,1.31,0.03,1,1,0,-0.03,56.4,58.97,49.17,0.91,0.36,239,15,13,10,14.29,27.78,11.4,3,3,14,5,10,137.0,64.71,31.93,33.97,122.13,64.25,2,Sporting Charleroi 1-1 Union Saint-Gilloise,2025-12-14
Sporting Charleroi,1.31,1.34,-0.03,1.27,1.19,0.08,0.04,0.15,-0.11,1.31,1.34,-0.03,1,1,0,0.03,43.6,41.03,44.2,0.36,0.91,152,7,10,13,27.78,14.29,16.0,3,3,20,4,8,74.7,35.29,62.07,66.03,67.97,35.75,2,Sporting Charleroi 1-1 Union Saint-Gilloise,2025-12-14
Club Brugge,3.49,0.95,2.54,3.13,0.95,2.18,0.36,0.0,0.36,3.49,0.95,2.54,5,1,4,1.46,61.2,64.38,53.55,1.74,0.8,341,20,23,6,13.22,7.5,14.33,2,2,22,3,6,237.4,83.53,23.87,23.4,208.4,84.38,4,Dender 1-5 Club Brugge,2025-12-14
Dender,0.95,3.49,-2.54,0.95,3.13,-2.18,0.0,0.36,-0.36,0.95,3.49,-2.54,1,5,-4,-1.46,38.8,35.62,47.51,0.8,1.74,182,13,6,23,7.5,13.22,32.38,2,2,9,0,6,46.8,16.47,78.13,76.6,38.57,15.62,0,Dender 1-5 Club Brugge,2025-12-14
Antwerp,1.96,1.19,0.77,1.96,0.97,0.99,0.0,0.22,-0.22,1.96,1.19,0.77,2,0,2,1.23,35.4,32.62,45.04,0.52,0.89,148,12,13,15,25.0,16.85,21.29,7,3,3,1,9,30.8,18.04,91.0,90.88,87.83,59.34,3,Gent 0-2 Antwerp,2025-12-14
Gent,1.19,1.96,-0.77,0.97,1.96,-0.99,0.22,0.0,0.22,1.19,1.96,-0.77,0,2,-2,-1.23,64.6,67.38,46.69,0.89,0.52,281,15,15,13,16.85,25.0,11.63,3,7,30,5,7,139.9,81.96,9.13,9.12,60.17,40.66,1,Gent 0-2 Antwerp,2025-12-14
Sint-Truiden,1.81,2.73,-0.92,0.92,1.72,-0.8,0.13,1.0,-0.87,1.05,2.73,-1.68,1,2,-1,-0.08,46.1,37.27,46.95,0.72,0.94,161,12,8,21,11.11,22.34,10.09,4,7,16,2,18,54.5,25.71,51.47,55.7,54.8,27.72,0,Anderlecht 2-1 Sint-Truiden,2025-12-13
Anderlecht,2.73,1.81,0.92,1.72,0.92,0.8,1.0,0.13,0.87,2.73,1.05,1.68,2,1,1,0.08,53.9,62.73,51.08,0.94,0.72,240,17,21,8,22.34,11.11,7.82,7,4,8,6,11,157.5,74.29,40.93,44.3,142.87,72.28,0,Anderlecht 2-1 Sint-Truiden,2025-12-13
RAAL La Louvière,1.72,1.58,0.14,1.54,0.82,0.72,0.18,0.0,0.18,1.72,0.82,0.9,2,2,0,-0.14,29.5,27.09,41.94,0.53,0.41,90,6,8,9,15.09,21.95,21.96,1,6,6,2,13,18.9,11.74,120.93,90.75,48.47,37.42,2,Zulte Waregem 2-2 RAAL La Louvière,2025-12-13
Zulte Waregem,1.58,1.72,-0.14,0.82,1.54,-0.72,0.0,0.18,-0.18,0.82,1.72,-0.9,2,2,0,0.14,70.5,72.91,47.18,0.41,0.53,273,14,9,8,21.95,15.09,6.72,6,1,20,3,12,142.1,88.26,12.33,9.25,81.07,62.58,2,Zulte Waregem 2-2 RAAL La Louvière,2025-12-13
Mechelen,1.71,2.1,-0.39,0.66,1.0,-0.34,1.05,0.34,0.71,1.71,1.34,0.37,3,2,1,1.39,48.9,51.54,47.84,0.57,0.96,195,18,12,17,21.05,17.71,10.74,0,6,20,9,15,117.9,51.51,53.07,65.3,142.43,71.64,1,Cercle Brugge 2-3 Mechelen,2025-12-13
Cercle Brugge,2.1,1.71,0.39,1.0,0.66,0.34,0.34,1.05,-0.71,1.34,1.71,-0.37,2,3,-1,-1.39,51.1,48.46,48.64,0.96,0.57,205,13,17,12,17.71,21.05,10.13,6,0,31,6,12,111.0,48.49,28.2,34.7,56.37,28.36,3,Cercle Brugge 2-3 Mechelen,2025-12-13
OH Leuven,1.86,1.2,0.66,1.82,0.58,1.24,0.05,0.62,-0.57,1.86,1.2,0.66,1,0,1,0.34,51.6,54.17,45.04,0.37,0.39,182,6,18,9,48.65,23.08,8.46,5,5,13,4,14,85.3,63.19,39.47,41.84,102.17,57.03,2,Standard Liège 0-1 OH Leuven,2025-12-12
Standard Liège,1.2,1.86,-0.66,0.58,1.82,-1.24,0.62,0.05,0.57,1.2,1.86,-0.66,0,1,-1,-0.34,48.4,45.83,45.84,0.39,0.37,158,9,9,18,23.08,48.65,10.19,5,5,16,5,13,49.7,36.81,54.87,58.16,76.97,42.97,2,Standard Liège 0-1 OH Leuven,2025-12-12
Zulte Waregem,0.1,1.98,-1.88,0.1,1.95,-1.85,0.0,0.03,-0.03,0.1,1.98,-1.88,1,1,0,1.88,54.0,56.13,48.73,0.24,0.87,224,7,4,17,16.67,19.54,12.59,2,6,20,3,11,70.3,40.73,59.47,53.1,72.27,41.51,1,OH Leuven 1-1 Zulte Waregem,2025-12-07
OH Leuven,1.98,0.1,1.88,1.95,0.1,1.85,0.03,0.0,0.03,1.98,0.1,1.88,1,1,0,-1.88,46.0,43.87,42.51,0.87,0.24,155,13,17,4,19.54,16.67,11.15,6,2,18,4,18,102.3,59.27,52.53,46.9,101.83,58.49,2,OH Leuven 1-1 Zulte Waregem,2025-12-07
Genk,1.15,1.55,-0.4,1.04,1.21,-0.17,0.11,0.34,-0.23,1.15,1.55,-0.4,0,3,-3,-2.6,71.5,69.5,49.09,0.76,0.8,352,18,18,11,23.68,13.75,6.13,5,3,25,10,11,188.5,83.82,1.27,0.81,74.59,32.28,0,Antwerp 3-0 Genk,2025-12-07
Antwerp,1.55,1.15,0.4,1.21,1.04,0.17,0.34,0.11,0.23,1.55,1.15,0.4,3,0,3,2.6,28.5,30.5,46.27,0.8,0.76,128,12,11,18,13.75,23.68,14.25,3,5,12,3,12,36.4,16.18,155.8,99.19,156.47,67.72,2,Antwerp 3-0 Genk,2025-12-07
Anderlecht,0.96,3.57,-2.61,0.87,2.27,-1.4,0.09,0.54,-0.45,0.96,2.81,-1.85,0,4,-4,-1.39,62.7,56.25,50.15,0.72,0.5,293,15,13,16,18.06,32.0,6.0,3,10,19,9,14,162.2,54.89,9.87,9.26,54.07,15.85,0,Westerlo 4-0 Anderlecht,2025-12-07
Westerlo,3.57,0.96,2.61,2.27,0.87,1.4,0.54,0.09,0.45,2.81,0.96,1.85,4,0,4,1.39,37.3,43.75,54.43,0.5,0.72,201,11,16,13,32.0,18.06,11.23,10,3,15,5,11,133.3,45.11,96.67,90.74,286.97,84.15,0,Westerlo 4-0 Anderlecht,2025-12-07
Sporting Charleroi,0.75,1.02,-0.27,0.75,0.81,-0.06,0.0,0.2,-0.2,0.75,1.02,-0.27,0,1,-1,-0.73,46.0,44.48,47.67,0.82,0.59,183,17,7,11,8.54,18.64,11.72,3,6,21,3,10,53.4,34.79,56.0,63.59,54.0,31.06,5,Mechelen 1-0 Sporting Charleroi,2025-12-07
Mechelen,1.02,0.75,0.27,0.81,0.75,0.06,0.2,0.0,0.2,1.02,0.75,0.27,1,0,1,0.73,54.0,55.52,47.24,0.59,0.82,210,12,11,7,18.64,8.54,12.63,6,3,16,7,11,100.1,65.21,32.07,36.41,119.87,68.94,0,Mechelen 1-0 Sporting Charleroi,2025-12-07
Club Brugge,4.16,4.28,-0.12,4.01,3.16,0.85,0.15,0.36,-0.21,4.16,3.52,0.64,2,3,-1,-0.88,55.8,48.52,43.41,1.12,0.88,221,18,19,14,16.96,15.91,11.77,10,4,16,6,9,105.8,46.59,32.73,25.8,53.03,25.66,0,Sint-Truiden 3-2 Club Brugge,2025-12-06
Sint-Truiden,4.28,4.16,0.12,3.16,4.01,-0.85,0.36,0.15,0.21,3.52,4.16,-0.64,3,2,1,0.88,44.2,51.48,47.79,0.88,1.12,217,13,14,19,15.91,16.96,21.74,4,10,16,8,7,121.3,53.41,94.13,74.2,153.63,74.34,0,Sint-Truiden 3-2 Club Brugge,2025-12-06
Gent,0.68,1.93,-1.25,0.68,1.86,-1.18,0.0,0.07,-0.07,0.68,1.93,-1.25,1,1,0,1.25,37.2,20.1,37.72,0.32,0.9,106,3,6,20,18.75,22.22,22.05,1,5,7,0,6,15.3,4.98,68.87,81.41,27.27,13.38,0,Union Saint-Gilloise 1-1 Gent,2025-12-06
Union Saint-Gilloise,1.93,0.68,1.25,1.86,0.68,1.18,0.07,0.0,0.07,1.93,0.68,1.25,1,1,0,-1.25,62.8,79.9,56.55,0.9,0.32,424,12,20,6,22.22,18.75,13.4,5,1,42,8,13,291.9,95.02,15.73,18.59,176.53,86.62,2,Union Saint-Gilloise 1-1 Gent,2025-12-06
Standard Liège,0.88,2.16,-1.28,0.88,1.64,-0.76,0.0,0.52,-0.52,0.88,2.16,-1.28,2,1,1,2.28,35.2,34.39,47.81,0.49,1.17,140,11,12,15,24.49,12.82,11.4,8,3,13,5,16,33.4,16.87,100.87,92.2,73.2,36.81,4,Cercle Brugge 1-2 Standard Liège,2025-12-06
Cercle Brugge,2.16,0.88,1.28,1.64,0.88,0.76,0.52,0.0,0.52,2.16,0.88,1.28,1,2,-1,-2.28,64.8,65.61,51.37,1.17,0.49,286,22,15,12,12.82,24.49,7.48,3,8,42,9,7,164.6,83.13,8.53,7.8,125.67,63.19,3,Cercle Brugge 1-2 Standard Liège,2025-12-06
Dender,3.09,2.42,0.67,2.33,2.23,0.1,0.0,0.19,-0.19,2.33,2.42,-0.09,2,1,1,0.33,49.4,37.1,43.97,0.65,1.31,167,9,14,15,21.54,11.45,15.85,1,10,16,2,9,58.1,38.15,40.73,37.88,63.47,41.65,1,RAAL La Louvière 1-2 Dender,2025-12-05
RAAL La Louvière,2.42,3.09,-0.67,2.23,2.33,-0.1,0.19,0.0,0.19,2.42,2.33,0.09,1,2,-1,-0.33,50.6,62.9,53.65,1.31,0.65,255,19,15,14,11.45,21.54,12.59,10,1,39,5,9,94.2,61.85,66.8,62.12,88.93,58.35,5,RAAL La Louvière 1-2 Dender,2025-12-05
Sint-Truiden,3.01,1.76,1.25,2.89,1.68,1.21,0.13,0.08,0.05,3.01,1.76,1.25,2,1,1,-0.25,50.8,63.32,51.95,1.3,0.82,268,17,14,19,10.77,23.17,10.29,12,1,20,6,10,160.7,72.71,48.27,56.74,155.6,77.36,0,Gent 1-2 Sint-Truiden,2025-11-30
Gent,1.76,3.01,-1.25,1.68,2.89,-1.21,0.08,0.13,-0.05,1.76,3.01,-1.25,1,2,-1,0.25,49.2,36.68,42.91,0.82,1.3,175,10,19,14,23.17,10.77,13.88,1,12,20,5,9,60.3,27.29,36.8,43.26,45.53,22.64,1,Gent 1-2 Sint-Truiden,2025-11-30
Union Saint-Gilloise,1.66,0.68,0.98,1.64,0.18,1.46,0.02,0.49,-0.47,1.66,0.68,0.98,0,1,-1,-1.98,58.8,67.91,54.33,1.36,0.22,335,22,10,6,7.35,27.27,7.04,12,2,23,2,11,193.9,81.68,53.33,37.49,136.5,73.31,4,Anderlecht 1-0 Union Saint-Gilloise,2025-11-30
Anderlecht,0.68,1.66,-0.98,0.18,1.64,-1.46,0.49,0.02,0.47,0.68,1.66,-0.98,1,0,1,1.98,41.2,32.09,43.81,0.22,1.36,150,4,6,10,27.27,7.35,21.44,2,12,16,4,8,43.5,18.32,88.93,62.51,49.7,26.69,0,Anderlecht 1-0 Union Saint-Gilloise,2025-11-30
OH Leuven,1.2,2.99,-1.79,1.16,2.71,-1.55,0.04,0.28,-0.24,1.2,2.99,-1.79,1,2,-1,0.79,35.4,28.07,42.76,0.57,1.13,114,6,11,23,19.3,20.35,16.04,3,4,18,2,16,42.8,15.29,98.47,78.56,43.33,17.98,2,Genk 2-1 OH Leuven,2025-11-30
Genk,2.99,1.2,1.79,2.71,1.16,1.55,0.28,0.04,0.24,2.99,1.2,1.79,2,1,1,-0.79,64.6,71.93,54.14,1.13,0.57,344,22,23,11,20.35,19.3,7.43,4,3,24,10,13,237.2,84.71,26.87,21.44,197.63,82.02,0,Genk 2-1 OH Leuven,2025-11-30
Antwerp,1.94,2.21,-0.27,1.01,1.82,-0.81,0.17,0.39,-0.22,1.18,2.21,-1.03,1,0,1,1.27,24.8,23.62,43.23,0.65,1.81,84,11,12,27,18.46,14.92,19.33,0,6,10,4,15,34.5,10.0,122.87,93.74,57.63,21.3,1,Club Brugge 0-1 Antwerp,2025-11-30
Club Brugge,2.21,1.94,0.27,1.82,1.01,0.81,0.39,0.17,0.22,2.21,1.18,1.03,0,1,-1,-1.27,75.2,76.38,51.03,1.81,0.65,342,35,27,12,14.92,18.46,4.84,6,0,38,9,11,310.6,90.0,8.2,6.26,212.87,78.7,4,Club Brugge 0-1 Antwerp,2025-11-30
RAAL La Louvière,0.67,1.36,-0.69,0.42,1.24,-0.82,0.25,0.12,0.13,0.67,1.36,-0.69,0,0,0,0.69,36.6,39.6,46.82,0.35,0.93,135,8,6,16,17.14,17.2,13.69,4,9,18,5,13,38.0,23.68,90.6,92.19,79.67,49.52,1,Sporting Charleroi 0-0 RAAL La Louvière,2025-11-29
Sporting Charleroi,1.36,0.67,0.69,1.24,0.42,0.82,0.12,0.25,-0.13,1.36,0.67,0.69,0,0,0,-0.69,63.4,60.4,47.93,0.93,0.35,226,21,16,6,17.2,17.14,7.5,9,4,33,6,12,122.5,76.32,7.67,7.81,81.23,50.48,4,Sporting Charleroi 0-0 RAAL La Louvière,2025-11-29
Cercle Brugge,1.06,1.57,-0.51,0.76,0.78,-0.02,0.3,0.03,0.27,1.06,0.81,0.25,1,1,0,0.51,53.0,62.27,51.33,0.32,0.36,214,13,13,7,40.62,19.44,7.92,9,1,19,7,13,97.8,72.61,40.93,54.48,70.6,52.73,4,Zulte Waregem 1-1 Cercle Brugge,2025-11-29
Zulte Waregem,1.57,1.06,0.51,0.78,0.76,0.02,0.03,0.3,-0.27,0.81,1.06,-0.25,1,1,0,-0.51,47.0,37.73,42.95,0.36,0.32,134,15,7,13,19.44,40.62,11.46,1,9,13,6,13,36.9,27.39,34.2,45.52,63.3,47.27,2,Zulte Waregem 1-1 Cercle Brugge,2025-11-29
Westerlo,4.43,0.85,3.58,2.72,0.85,1.87,0.19,0.0,0.19,2.91,0.85,2.06,2,2,0,-3.58,54.7,58.2,49.24,1.35,0.59,213,18,19,8,14.07,13.56,9.68,4,5,22,4,13,124.7,71.83,15.93,25.61,108.67,60.08,2,Dender 2-2 Westerlo,2025-11-29
Dender,0.85,4.43,-3.58,0.85,2.72,-1.87,0.0,0.19,-0.19,0.85,2.91,-2.06,2,2,0,3.58,45.3,41.8,46.5,0.59,1.35,152,9,8,19,13.56,14.07,10.26,5,4,19,2,16,48.9,28.17,46.27,74.39,72.2,39.92,1,Dender 2-2 Westerlo,2025-11-29
Standard Liège,1.13,0.48,0.65,1.13,0.26,0.87,0.0,0.22,-0.22,1.13,0.48,0.65,1,0,1,0.35,43.6,38.24,47.65,0.9,0.73,209,8,6,9,6.67,12.33,18.33,5,6,10,4,10,46.6,22.06,100.4,74.3,65.73,46.95,1,Mechelen 0-1 Standard Liège,2025-11-28
Mechelen,0.48,1.13,-0.65,0.26,1.13,-0.87,0.22,0.0,0.22,0.48,1.13,-0.65,0,1,-1,-0.35,56.4,61.76,51.44,0.73,0.9,318,15,9,6,12.33,6.67,11.88,6,5,23,4,11,164.6,77.94,34.73,25.7,74.27,53.05,0,Mechelen 0-1 Standard Liège,2025-11-28
Sint-Truiden,2.08,2.53,-0.45,1.32,2.32,-1.0,0.0,0.21,-0.21,1.32,2.53,-1.21,2,1,1,1.45,48.4,46.62,46.2,0.8,0.61,171,14,8,19,10.0,31.15,12.0,3,5,4,1,13,73.8,44.84,47.73,50.1,81.87,54.06,0,OH Leuven 1-2 Sint-Truiden,2025-11-23
OH Leuven,2.53,2.08,0.45,2.32,1.32,1.0,0.21,0.0,0.21,2.53,1.32,1.21,1,2,-1,-1.45,51.6,53.38,46.03,0.61,0.8,199,9,19,8,31.15,10.0,8.84,5,3,30,10,15,90.8,55.16,47.53,49.9,69.57,45.94,5,OH Leuven 1-2 Sint-Truiden,2025-11-23
Anderlecht,2.73,1.26,1.47,2.48,1.07,1.41,0.25,0.18,0.07,2.73,1.26,1.47,1,0,1,-0.47,62.9,66.08,49.34,1.03,0.44,300,20,20,10,19.42,22.73,8.61,6,8,20,7,11,202.9,85.61,11.93,10.46,132.37,71.27,0,RAAL La Louvière 0-1 Anderlecht,2025-11-23
RAAL La Louvière,1.26,2.73,-1.47,1.07,2.48,-1.41,0.18,0.25,-0.07,1.26,2.73,-1.47,0,1,-1,0.47,37.1,33.92,47.47,0.44,1.03,152,10,10,20,22.73,19.42,15.7,8,6,16,5,14,34.1,14.39,102.13,89.54,53.37,28.73,3,RAAL La Louvière 0-1 Anderlecht,2025-11-23
Dender,1.13,1.96,-0.83,0.85,1.8,-0.95,0.28,0.16,0.12,1.13,1.96,-0.83,2,1,1,1.83,46.9,46.23,44.85,0.52,0.75,152,9,9,15,17.31,20.0,9.58,3,7,16,3,14,46.7,34.09,46.53,62.16,65.0,46.7,1,Antwerp 1-2 Dender,2025-11-23
Antwerp,1.96,1.13,0.83,1.8,0.85,0.95,0.16,0.28,-0.12,1.96,1.13,0.83,1,2,-1,-1.83,53.1,53.77,50.43,0.75,0.52,212,14,15,9,20.0,17.31,9.33,7,3,20,5,15,90.3,65.91,28.33,37.84,74.2,53.3,1,Antwerp 1-2 Dender,2025-11-23
Mechelen,2.29,3.02,-0.73,2.14,2.91,-0.77,0.15,0.11,0.04,2.29,3.02,-0.73,1,0,1,1.73,34.2,24.4,43.34,0.69,1.83,131,13,11,20,15.94,10.93,22.52,3,6,8,3,13,31.8,11.32,121.67,97.54,72.93,40.68,2,Genk 0-1 Mechelen,2025-11-23
Genk,3.02,2.29,0.73,2.91,2.14,0.77,0.11,0.15,-0.04,3.02,2.29,0.73,0,1,-1,-1.73,65.8,75.6,55.94,1.83,0.69,455,30,20,11,10.93,15.94,9.19,6,3,36,6,5,249.2,88.68,3.07,2.46,106.33,59.32,0,Genk 0-1 Mechelen,2025-11-23
Sporting Charleroi,1.25,2.17,-0.92,1.02,2.0,-0.98,0.22,0.18,0.04,1.25,2.17,-0.92,0,1,-1,-0.08,39.2,48.17,52.41,0.58,0.98,204,18,10,17,17.24,17.35,29.44,1,1,37,11,9,74.0,34.31,100.07,83.53,93.27,48.6,2,Club Brugge 1-0 Sporting Charleroi,2025-11-22
Club Brugge,2.17,1.25,0.92,2.0,1.02,0.98,0.18,0.22,-0.04,2.17,1.25,0.92,1,0,1,0.08,60.8,51.83,47.88,0.98,0.58,258,16,17,10,17.35,17.24,11.04,1,1,18,6,5,141.7,65.69,19.73,16.47,98.63,51.4,1,Club Brugge 1-0 Sporting Charleroi,2025-11-22
Gent,1.59,2.64,-1.05,1.59,2.39,-0.8,0.0,0.26,-0.26,1.59,2.64,-1.05,0,0,0,1.05,50.3,35.2,40.57,0.8,1.46,145,14,10,20,12.5,13.7,14.35,3,8,21,2,11,50.4,24.07,32.6,29.56,44.63,18.37,0,Westerlo 0-0 Gent,2025-11-22
Westerlo,2.64,1.59,1.05,2.39,1.59,0.8,0.26,0.0,0.26,2.64,1.59,1.05,0,0,0,-1.05,49.7,64.8,51.08,1.46,0.8,262,26,20,10,13.7,12.5,14.07,8,3,28,9,10,159.0,75.93,77.67,70.44,198.3,81.63,2,Westerlo 0-0 Gent,2025-11-22
Cercle Brugge,0.87,3.39,-2.52,0.77,2.9,-2.13,0.1,0.5,-0.4,0.87,3.39,-2.52,0,2,-2,0.52,46.7,52.88,48.99,0.94,1.39,218,9,8,17,8.51,12.23,9.67,9,2,17,4,10,55.7,33.23,75.8,83.66,89.83,42.36,2,Union Saint-Gilloise 2-0 Cercle Brugge,2025-11-22
Union Saint-Gilloise,3.39,0.87,2.52,2.9,0.77,2.13,0.5,0.1,0.4,3.39,0.87,2.52,2,0,2,-0.52,53.3,47.12,43.55,1.39,0.94,186,23,17,8,12.23,8.51,10.0,2,9,13,7,17,111.9,66.77,14.8,16.34,122.23,57.64,2,Union Saint-Gilloise 2-0 Cercle Brugge,2025-11-22
Zulte Waregem,0.7,3.08,-2.38,0.7,2.9,-2.2,0.0,0.18,-0.18,0.7,3.08,-2.38,0,0,0,2.38,26.6,18.98,48.19,0.47,2.29,124,10,6,21,12.77,9.17,12.0,4,2,12,3,12,8.7,1.78,129.53,97.15,23.73,6.02,2,Standard Liège 0-0 Zulte Waregem,2025-11-21
Standard Liège,3.08,0.7,2.38,2.9,0.7,2.2,0.18,0.0,0.18,3.08,0.7,2.38,0,0,0,-2.38,73.4,81.02,62.77,2.29,0.47,501,31,21,6,9.17,12.77,6.92,2,4,48,5,13,481.3,98.22,3.8,2.85,370.6,93.98,0,Standard Liège 0-0 Zulte Waregem,2025-11-21
Union Saint-Gilloise,3.22,1.25,1.97,2.74,0.29,2.45,0.48,0.19,0.29,3.22,0.49,2.73,1,1,0,-1.97,54.8,65.71,52.89,1.6,0.52,273,25,19,7,11.88,13.46,8.8,5,4,22,10,12,194.1,80.51,47.0,58.02,204.57,82.31,1,Mechelen 1-1 Union Saint-Gilloise,2025-11-09
Mechelen,1.25,3.22,-1.97,0.29,2.74,-2.45,0.19,0.48,-0.29,0.49,3.22,-2.73,1,1,0,1.97,45.2,34.29,44.11,0.52,1.6,156,6,7,19,13.46,11.88,13.7,4,5,16,4,9,47.0,19.49,34.0,41.98,43.97,17.69,0,Mechelen 1-1 Union Saint-Gilloise,2025-11-09
Genk,1.1,2.0,-0.9,0.88,1.86,-0.98,0.22,0.14,0.08,1.1,2.0,-0.9,1,1,0,0.9,59.3,52.63,45.39,0.57,0.83,276,11,14,18,24.56,21.69,12.79,6,7,11,2,5,110.3,51.09,31.07,18.5,55.9,28.98,1,Gent 1-1 Genk,2025-11-09
Gent,2.0,1.1,0.9,1.86,0.88,0.98,0.14,0.22,-0.08,2.0,1.1,0.9,1,1,0,-0.9,40.7,47.37,47.11,0.83,0.57,211,12,18,14,21.69,24.56,20.48,7,6,33,6,15,105.6,48.91,136.87,81.5,137.0,71.02,0,Gent 1-1 Genk,2025-11-09
Standard Liège,0.57,1.95,-1.38,0.57,1.83,-1.26,0.0,0.13,-0.13,0.57,1.95,-1.38,0,1,-1,0.38,35.3,23.2,39.07,0.64,0.59,114,5,4,16,6.25,27.12,25.26,4,5,11,1,11,20.4,8.94,79.4,80.2,25.53,12.69,0,Sint-Truiden 1-0 Standard Liège,2025-11-09
Sint-Truiden,1.95,0.57,1.38,1.83,0.57,1.26,0.13,0.0,0.13,1.95,0.57,1.38,1,0,1,-0.38,64.7,76.8,50.94,0.59,0.64,325,11,16,4,27.12,6.25,12.31,5,4,21,9,8,207.8,91.06,19.6,19.8,175.63,87.31,0,Sint-Truiden 1-0 Standard Liège,2025-11-09
Club Brugge,1.17,1.99,-0.82,0.98,1.91,-0.93,0.19,0.08,0.11,1.17,1.99,-0.82,0,1,-1,-0.18,58.7,49.53,46.38,0.68,0.74,242,14,11,17,16.18,22.97,9.57,6,5,12,5,9,86.4,46.93,22.33,23.77,60.0,43.87,2,Anderlecht 1-0 Club Brugge,2025-11-09
Anderlecht,1.99,1.17,0.82,1.91,0.98,0.93,0.08,0.19,-0.11,1.99,1.17,0.82,1,0,1,0.18,41.3,50.47,50.66,0.74,0.68,195,11,17,11,22.97,16.18,13.36,5,6,16,6,17,97.7,53.07,71.6,76.23,76.77,56.13,1,Anderlecht 1-0 Club Brugge,2025-11-09
RAAL La Louvière,1.05,1.9,-0.85,0.97,1.06,-0.09,0.08,0.08,0.0,1.05,1.14,-0.09,1,3,-2,-1.15,33.0,37.87,46.13,0.45,0.78,119,13,6,11,13.33,14.1,14.65,2,12,13,4,14,39.1,23.08,123.13,96.1,66.43,40.54,8,Antwerp 3-1 RAAL La Louvière,2025-11-08
Antwerp,1.9,1.05,0.85,1.06,0.97,0.09,0.08,0.08,0.0,1.14,1.05,0.09,3,1,2,1.15,67.0,62.13,46.7,0.78,0.45,224,14,11,6,14.1,13.33,4.38,12,2,15,7,13,130.3,76.92,5.0,3.9,97.43,59.46,0,Antwerp 3-1 RAAL La Louvière,2025-11-08
Westerlo,2.09,2.32,-0.23,1.91,2.2,-0.29,0.18,0.12,0.06,2.09,2.32,-0.23,0,2,-2,-1.77,60.9,62.77,49.18,0.54,1.26,224,22,14,13,25.93,10.32,9.65,2,2,23,5,12,121.6,77.26,14.27,17.82,76.13,50.25,5,Sporting Charleroi 2-0 Westerlo,2025-11-08
Sporting Charleroi,2.32,2.09,0.23,2.2,1.91,0.29,0.12,0.18,-0.06,2.32,2.09,0.23,2,0,2,1.77,39.1,37.23,46.21,1.26,0.54,120,15,13,14,10.32,25.93,17.14,2,2,19,7,8,35.8,22.74,65.8,82.18,75.37,49.75,3,Sporting Charleroi 2-0 Westerlo,2025-11-08
OH Leuven,1.12,2.05,-0.93,0.95,1.91,-0.96,0.18,0.14,0.04,1.12,2.05,-0.93,2,1,1,1.93,40.7,37.35,41.04,0.48,1.12,109,9,9,17,18.75,15.18,11.0,9,9,16,3,18,41.8,21.29,52.67,61.62,45.23,27.33,2,Cercle Brugge 1-2 OH Leuven,2025-11-08
Cercle Brugge,2.05,1.12,0.93,1.91,0.95,0.96,0.14,0.18,-0.04,2.05,1.12,0.93,1,2,-1,-1.93,59.3,62.65,52.13,1.12,0.48,268,24,17,9,15.18,18.75,7.57,9,9,36,8,10,154.5,78.71,32.8,38.38,120.27,72.67,0,Cercle Brugge 1-2 OH Leuven,2025-11-08
Zulte Waregem,1.28,2.01,-0.73,0.76,1.01,-0.25,0.51,1.0,-0.49,1.28,2.01,-0.73,2,2,0,0.73,48.3,53.48,48.98,0.92,0.68,236,18,13,15,14.13,22.06,11.91,9,5,20,5,16,77.7,54.22,89.73,64.53,93.97,64.39,2,Dender 2-2 Zulte Waregem,2025-11-07
Dender,2.01,1.28,0.73,1.01,0.76,0.25,1.0,0.51,0.49,2.01,1.28,0.73,2,2,0,-0.73,51.7,46.52,42.99,0.68,0.92,195,13,15,13,22.06,14.13,13.64,5,9,30,5,5,65.6,45.78,49.33,35.47,51.97,35.61,0,Dender 2-2 Zulte Waregem,2025-11-07
Cercle Brugge,2.1,1.04,1.06,1.06,0.79,0.27,0.28,0.25,0.03,1.34,1.04,0.3,1,2,-1,-2.06,70.0,69.51,52.85,1.44,0.3,344,20,14,8,9.72,26.67,7.18,5,2,33,5,13,180.5,91.72,3.93,2.88,74.6,55.88,0,RAAL La Louvière 2-1 Cercle Brugge,2025-11-02
RAAL La Louvière,1.04,2.1,-1.06,0.79,1.06,-0.27,0.25,0.28,-0.03,1.04,1.34,-0.3,2,1,1,2.06,30.0,30.49,45.59,0.3,1.44,113,4,8,14,26.67,9.72,14.39,2,5,18,1,10,16.3,8.28,132.33,97.12,58.9,44.12,4,RAAL La Louvière 2-1 Cercle Brugge,2025-11-02
Antwerp,0.56,3.3,-2.74,0.56,3.29,-2.73,0.0,0.01,-0.01,0.56,3.3,-2.74,0,1,-1,1.74,30.4,25.97,41.99,0.34,1.48,108,7,5,22,14.71,14.86,15.77,2,6,14,4,12,31.0,8.66,132.07,91.67,19.9,6.79,4,Sint-Truiden 1-0 Antwerp,2025-11-02
Sint-Truiden,3.3,0.56,2.74,3.29,0.56,2.73,0.01,0.0,0.01,3.3,0.56,2.74,1,0,1,-1.74,69.6,74.03,56.21,1.48,0.34,410,23,22,5,14.86,14.71,7.1,6,2,24,6,12,327.1,91.34,12.0,8.33,273.03,93.21,1,Sint-Truiden 1-0 Antwerp,2025-11-02
Gent,2.46,1.55,0.91,1.55,1.55,0.0,0.15,0.0,0.15,1.7,1.55,0.15,0,4,-4,-4.91,61.2,70.51,49.67,0.95,0.78,278,15,14,10,14.74,12.82,11.28,4,3,31,9,12,127.7,84.91,24.73,26.35,71.43,53.3,1,OH Leuven 4-0 Gent,2025-11-02
OH Leuven,1.55,2.46,-0.91,1.55,1.55,0.0,0.0,0.15,-0.15,1.55,1.7,-0.15,4,0,4,4.91,38.8,29.49,38.51,0.78,0.95,95,9,10,14,12.82,14.74,16.25,3,4,10,0,14,22.7,15.09,69.13,73.65,62.58,46.7,1,OH Leuven 4-0 Gent,2025-11-02
Genk,1.06,1.67,-0.61,1.06,1.45,-0.39,0.0,0.22,-0.22,1.06,1.67,-0.61,1,0,1,1.61,49.9,44.78,43.25,0.46,0.95,179,9,7,17,15.22,17.89,32.38,3,13,12,4,3,84.5,40.37,55.6,47.85,86.0,48.21,1,Westerlo 0-1 Genk,2025-11-02
Westerlo,1.67,1.06,0.61,1.45,1.06,0.39,0.22,0.0,0.22,1.67,1.06,0.61,0,1,-1,-1.61,50.1,55.22,49.15,0.95,0.46,282,14,17,7,17.89,15.22,12.28,13,3,24,4,7,124.8,59.63,60.6,52.15,92.4,51.79,4,Westerlo 0-1 Genk,2025-11-02
Mechelen,1.23,2.61,-1.38,1.16,2.37,-1.21,0.07,0.23,-0.16,1.23,2.61,-1.38,1,3,-2,-0.62,56.1,46.55,49.16,0.75,0.76,284,10,7,19,9.33,25.0,11.85,4,7,11,2,7,102.9,38.9,13.07,10.28,22.23,8.12,0,Anderlecht 3-1 Mechelen,2025-11-01
Anderlecht,2.61,1.23,1.38,2.37,1.16,1.21,0.23,0.07,0.16,2.61,1.23,1.38,3,1,2,0.62,43.9,53.45,54.8,0.76,0.75,274,17,19,7,25.0,9.33,15.03,7,4,15,9,14,161.6,61.1,114.07,89.72,251.53,91.88,0,Anderlecht 3-1 Mechelen,2025-11-01
Dender,1.35,2.5,-1.15,1.14,2.26,-1.12,0.22,0.24,-0.02,1.35,2.5,-1.15,1,2,-1,0.15,33.3,26.33,43.15,0.43,1.1,139,6,14,19,32.56,17.27,17.86,3,4,16,4,13,38.5,12.61,143.2,89.43,39.6,9.96,2,Club Brugge 2-1 Dender,2025-11-01
Club Brugge,2.5,1.35,1.15,2.26,1.14,1.12,0.24,0.22,0.02,2.5,1.35,1.15,2,1,1,-0.15,66.7,73.67,54.09,1.1,0.43,455,20,19,14,17.27,32.56,10.38,4,3,13,7,10,266.9,87.39,16.93,10.57,357.97,90.04,2,Club Brugge 2-1 Dender,2025-11-01
Union Saint-Gilloise,3.86,2.0,1.86,2.81,1.24,1.57,0.29,0.0,0.29,3.1,1.24,1.86,4,1,3,1.14,51.7,62.03,48.11,0.92,0.94,223,18,20,10,21.74,10.64,9.76,1,8,17,5,17,171.9,72.81,57.73,53.99,195.03,87.68,1,Zulte Waregem 1-4 Union Saint-Gilloise,2025-11-01
Zulte Waregem,2.0,3.86,-1.86,1.24,2.81,-1.57,0.0,0.29,-0.29,1.24,3.1,-1.86,1,4,-3,-1.14,48.3,37.97,42.01,0.94,0.92,157,10,10,20,10.64,21.74,9.46,8,1,16,2,14,64.2,27.19,49.2,46.01,27.4,12.32,2,Zulte Waregem 1-4 Union Saint-Gilloise,2025-11-01
Sporting Charleroi,2.02,2.2,-0.18,1.93,1.92,0.01,0.09,0.28,-0.19,2.02,2.2,-0.18,1,3,-2,-1.82,57.7,65.88,49.28,0.57,1.01,244,14,12,9,21.05,8.91,13.04,3,3,27,5,14,131.9,73.32,29.33,26.76,112.6,63.0,2,Standard Liège 3-1 Sporting Charleroi,2025-10-31
Standard Liège,2.2,2.02,0.18,1.92,1.93,-0.01,0.28,0.09,0.19,2.2,2.02,0.18,3,1,2,1.82,42.3,34.12,45.42,1.01,0.57,147,10,9,12,8.91,21.05,13.77,3,3,18,4,10,48.0,26.68,80.27,73.24,66.13,37.0,0,Standard Liège 3-1 Sporting Charleroi,2025-10-31
Sint-Truiden,1.86,2.6,-0.74,1.39,2.06,-0.67,0.47,0.54,-0.07,1.86,2.6,-0.74,0,2,-2,-1.26,54.1,45.0,45.18,0.71,0.52,194,12,11,17,15.49,32.69,14.68,1,6,16,6,11,80.7,35.54,38.8,40.08,63.67,27.41,0,Union Saint-Gilloise 2-0 Sint-Truiden,2025-10-26
Union Saint-Gilloise,2.6,1.86,0.74,2.06,1.39,0.67,0.54,0.47,0.07,2.6,1.86,0.74,2,0,2,1.26,45.9,55.0,50.09,0.52,0.71,214,19,17,11,32.69,15.49,13.5,6,1,18,5,7,146.4,64.46,58.0,59.92,168.6,72.59,3,Union Saint-Gilloise 2-0 Sint-Truiden,2025-10-26
RAAL La Louvière,1.65,2.14,-0.49,1.51,1.55,-0.04,0.13,0.58,-0.45,1.65,2.14,-0.49,1,1,0,0.49,20.6,21.17,46.35,0.31,0.87,85,10,10,17,32.26,19.54,20.38,1,9,10,3,18,49.6,15.98,162.8,99.51,98.53,45.48,3,Genk 1-1 RAAL La Louvière,2025-10-26
Genk,2.14,1.65,0.49,1.55,1.51,0.04,0.58,0.13,0.45,2.14,1.65,0.49,1,1,0,-0.49,79.4,78.83,53.1,0.87,0.31,420,14,17,10,19.54,32.26,3.44,9,1,47,9,13,260.7,84.02,0.8,0.49,118.13,54.52,0,Genk 1-1 RAAL La Louvière,2025-10-26
Zulte Waregem,2.23,2.89,-0.66,2.22,2.89,-0.67,0.01,0.0,0.01,2.23,2.89,-0.66,1,1,0,0.66,40.9,41.6,48.4,0.97,1.78,184,17,18,18,18.56,10.11,15.75,1,6,17,3,16,82.1,35.82,82.33,77.67,103.4,58.87,1,Cercle Brugge 1-1 Zulte Waregem,2025-10-26
Cercle Brugge,2.89,2.23,0.66,2.89,2.22,0.67,0.0,0.01,-0.01,2.89,2.23,0.66,1,1,0,-0.66,59.1,58.4,51.94,1.78,0.97,308,20,18,18,10.11,18.56,14.76,6,1,24,0,5,147.1,64.18,23.67,22.33,72.23,41.13,0,Cercle Brugge 1-1 Zulte Waregem,2025-10-26
Club Brugge,0.79,2.37,-1.58,0.77,2.37,-1.6,0.02,0.0,0.02,0.79,2.37,-1.58,1,0,1,2.58,47.6,48.44,46.0,0.3,1.0,194,7,10,11,33.33,11.0,10.38,7,4,12,5,11,91.1,55.15,72.53,75.61,153.53,76.41,2,Antwerp 0-1 Club Brugge,2025-10-26
Antwerp,2.37,0.79,1.58,2.37,0.77,1.6,0.0,0.02,-0.02,2.37,0.79,1.58,0,1,-1,-2.58,52.4,51.56,46.26,1.0,0.3,218,13,11,10,11.0,33.33,10.97,4,7,14,1,9,74.1,44.85,23.4,24.39,47.4,23.59,4,Antwerp 0-1 Club Brugge,2025-10-26
Standard Liège,1.28,2.33,-1.05,1.09,1.69,-0.6,0.19,0.64,-0.45,1.28,2.33,-1.05,0,4,-4,-2.95,50.8,48.59,47.82,1.38,0.67,230,13,12,16,8.7,23.88,13.69,6,3,26,4,9,87.5,46.74,66.53,62.81,46.61,22.92,2,Gent 4-0 Standard Liège,2025-10-25
Gent,2.33,1.28,1.05,1.69,1.09,0.6,0.64,0.19,0.45,2.33,1.28,1.05,4,0,4,2.95,49.2,51.41,44.58,0.67,1.38,185,10,16,12,23.88,8.7,13.26,3,6,19,4,11,99.7,53.26,39.4,37.19,156.72,77.08,0,Gent 4-0 Standard Liège,2025-10-25
OH Leuven,1.94,2.03,-0.09,1.46,1.61,-0.15,0.48,0.42,0.06,1.94,2.03,-0.09,1,1,0,0.09,44.5,42.34,48.1,0.8,0.38,170,17,13,14,16.25,36.84,9.31,5,6,16,2,16,57.3,28.97,60.93,63.56,74.53,34.32,8,Mechelen 1-1 OH Leuven,2025-10-25
Mechelen,2.03,1.94,0.09,1.61,1.46,0.15,0.42,0.48,-0.06,2.03,1.94,0.09,1,1,0,-0.09,55.5,57.66,50.58,0.38,0.8,235,9,14,13,36.84,16.25,11.31,6,5,27,6,7,140.5,71.03,34.93,36.44,142.63,65.68,0,Mechelen 1-1 OH Leuven,2025-10-25
Dender,1.36,2.86,-1.5,1.05,1.82,-0.77,0.31,1.04,-0.73,1.36,2.86,-1.5,1,1,0,1.5,38.2,35.26,42.57,0.62,1.03,121,11,11,23,17.74,22.33,16.09,1,5,17,3,16,35.1,14.39,63.53,70.8,52.83,25.75,0,Westerlo 1-1 Dender,2025-10-25
Westerlo,2.86,1.36,1.5,1.82,1.05,0.77,1.04,0.31,0.73,2.86,1.36,1.5,1,1,0,-1.5,61.8,64.74,51.5,1.03,0.62,257,26,23,11,22.33,17.74,7.54,5,1,32,11,12,208.9,85.61,26.2,29.2,152.3,74.25,1,Westerlo 1-1 Dender,2025-10-25
Anderlecht,2.05,1.38,0.67,1.33,1.06,0.27,0.72,0.32,0.4,2.05,1.38,0.67,0,1,-1,-1.67,61.4,64.11,51.35,0.76,0.3,266,18,15,8,19.74,26.67,8.32,5,4,29,9,18,177.0,82.06,18.07,24.07,151.6,73.72,1,Sporting Charleroi 1-0 Anderlecht,2025-10-24
Sporting Charleroi,1.38,2.05,-0.67,1.06,1.33,-0.27,0.32,0.72,-0.4,1.38,2.05,-0.67,1,0,1,1.67,38.6,35.89,48.53,0.3,0.76,161,5,8,15,26.67,19.74,15.67,4,5,25,5,8,38.7,17.94,57.0,75.93,54.03,26.28,2,Sporting Charleroi 1-0 Anderlecht,2025-10-24
Antwerp,1.84,0.81,1.03,1.57,0.58,0.99,0.27,0.23,0.04,1.84,0.81,1.03,0,1,-1,-2.03,70.5,72.01,51.71,1.04,0.2,326,13,17,11,16.35,55.0,4.79,2,3,23,5,19,195.7,78.94,7.93,5.69,102.73,50.0,2,Standard Liège 1-0 Antwerp,2025-10-20
Standard Liège,0.81,1.84,-1.03,0.58,1.57,-0.99,0.23,0.27,-0.04,0.81,1.84,-1.03,1,0,1,2.03,29.5,27.99,45.54,0.2,1.04,105,4,11,17,55.0,16.35,14.38,3,2,8,4,19,52.2,21.06,131.53,94.31,102.73,50.0,1,Standard Liège 1-0 Antwerp,2025-10-20
Gent,1.63,2.41,-0.78,1.61,2.37,-0.76,0.02,0.04,-0.02,1.63,2.41,-0.78,1,4,-3,-2.22,59.7,65.85,51.02,0.57,0.66,303,15,14,15,24.56,22.73,7.79,7,3,36,12,16,108.0,59.7,18.93,21.07,50.4,23.31,0,Zulte Waregem 4-1 Gent,2025-10-19
Zulte Waregem,2.41,1.63,0.78,2.37,1.61,0.76,0.04,0.02,0.02,2.41,1.63,0.78,4,1,3,2.22,40.3,34.15,44.28,0.66,0.57,148,12,15,14,22.73,24.56,16.22,3,7,12,3,7,72.9,40.3,70.93,78.93,165.83,76.69,0,Zulte Waregem 4-1 Gent,2025-10-19
Anderlecht,1.38,1.75,-0.37,1.27,1.75,-0.48,0.11,0.0,0.11,1.38,1.75,-0.37,2,2,0,0.37,49.7,49.24,45.83,0.74,0.98,206,11,11,15,14.86,15.31,13.18,7,10,15,6,11,114.1,46.36,37.4,41.13,100.67,50.37,0,Sint-Truiden 2-2 Anderlecht,2025-10-19
Sint-Truiden,1.75,1.38,0.37,1.75,1.27,0.48,0.0,0.11,-0.11,1.75,1.38,0.37,2,2,0,-0.37,50.3,50.76,49.41,0.98,0.74,235,15,15,11,15.31,14.86,12.23,10,7,25,5,6,132.0,53.64,53.53,58.87,99.2,49.63,1,Sint-Truiden 2-2 Anderlecht,2025-10-19
Mechelen,0.99,3.66,-2.67,0.52,2.3,-1.78,0.48,0.6,-0.12,0.99,2.9,-1.91,3,1,2,4.67,45.6,38.55,46.4,0.62,1.31,185,6,11,19,17.74,14.5,11.7,5,13,14,4,12,43.7,24.79,50.93,52.01,57.93,48.63,0,Dender 1-3 Mechelen,2025-10-19
Dender,3.66,0.99,2.67,2.3,0.52,1.78,0.6,0.48,0.12,2.9,0.99,1.91,1,3,-2,-4.67,54.4,61.45,53.26,1.31,0.62,268,24,19,11,14.5,17.74,7.13,13,5,22,4,16,132.6,75.21,47.0,47.99,61.2,51.37,3,Dender 1-3 Mechelen,2025-10-19
Genk,2.63,3.04,-0.41,2.63,1.84,0.79,0.0,0.43,-0.43,2.63,2.28,0.35,2,2,0,0.41,63.2,57.5,44.6,1.03,1.16,282,15,16,18,15.53,15.52,9.41,5,6,14,4,9,111.5,61.81,5.6,3.37,59.77,28.0,0,Cercle Brugge 2-2 Genk,2025-10-19
Cercle Brugge,3.04,2.63,0.41,1.84,2.63,-0.79,0.43,0.0,0.43,2.28,2.63,-0.35,2,2,0,-0.41,36.8,42.5,51.15,1.16,1.03,219,18,18,16,15.52,15.53,19.54,6,5,20,4,10,68.9,38.19,160.6,96.63,153.67,72.0,2,Cercle Brugge 2-2 Genk,2025-10-19
Sporting Charleroi,1.46,1.91,-0.45,1.45,1.91,-0.46,0.01,0.0,0.01,1.46,1.91,-0.45,1,3,-2,-1.55,49.7,56.75,48.62,0.51,0.47,229,8,9,15,17.65,31.91,13.89,5,7,16,2,8,83.0,46.6,47.53,61.57,72.97,38.46,4,Union Saint-Gilloise 3-1 Sporting Charleroi,2025-10-18
Union Saint-Gilloise,1.91,1.46,0.45,1.91,1.45,0.46,0.0,0.01,-0.01,1.91,1.46,0.45,3,1,2,1.55,50.3,43.25,45.87,0.47,0.51,190,13,15,9,31.91,17.65,9.64,7,5,12,1,15,95.1,53.4,29.67,38.43,116.77,61.54,1,Union Saint-Gilloise 3-1 Sporting Charleroi,2025-10-18
Club Brugge,1.52,1.84,-0.32,0.78,1.7,-0.92,0.75,0.14,0.61,1.52,1.84,-0.32,1,0,1,1.32,65.1,60.62,50.08,0.29,0.71,317,10,11,17,37.93,23.94,9.27,6,6,20,11,12,125.6,67.09,8.6,6.25,76.4,37.77,0,OH Leuven 0-1 Club Brugge,2025-10-18
OH Leuven,1.84,1.52,0.32,1.7,0.78,0.92,0.14,0.75,-0.61,1.84,1.52,0.32,0,1,-1,-1.32,34.9,39.38,48.17,0.71,0.29,157,12,17,11,23.94,37.93,15.53,6,6,20,4,15,61.6,32.91,129.07,93.75,125.87,62.23,4,OH Leuven 0-1 Club Brugge,2025-10-18
Westerlo,0.86,0.9,-0.04,0.86,0.71,0.15,0.0,0.19,-0.19,0.86,0.9,-0.04,0,0,0,0.04,61.0,48.47,40.7,0.2,0.75,161,8,7,8,35.0,10.67,6.42,4,6,11,2,15,63.1,44.53,17.47,14.85,36.33,21.26,6,RAAL La Louvière 0-0 Westerlo,2025-10-18
RAAL La Louvière,0.9,0.86,0.04,0.71,0.86,-0.15,0.19,0.0,0.19,0.9,0.86,0.04,0,0,0,-0.04,39.0,51.53,46.32,0.75,0.2,131,15,8,7,10.67,35.0,12.28,6,4,18,2,11,78.6,55.47,100.2,85.15,134.57,78.74,3,RAAL La Louvière 0-0 Westerlo,2025-10-18
OH Leuven,0.87,2.44,-1.57,0.84,2.35,-1.51,0.03,0.09,-0.06,0.87,2.44,-1.57,0,2,-2,-0.43,47.9,42.02,46.93,0.47,0.96,145,14,8,17,17.02,17.71,6.67,3,5,19,6,27,46.3,20.94,36.53,54.52,40.23,15.18,6,Westerlo 2-0 OH Leuven,2025-10-05
Westerlo,2.44,0.87,1.57,2.35,0.84,1.51,0.09,0.03,0.06,2.44,0.87,1.57,2,0,2,0.43,52.1,57.98,52.52,0.96,0.47,201,19,17,8,17.71,17.02,5.71,5,3,21,6,13,174.8,79.06,30.47,45.48,224.87,84.82,0,Westerlo 2-0 OH Leuven,2025-10-05
Union Saint-Gilloise,0.39,0.87,-0.48,0.25,0.87,-0.62,0.14,0.0,0.14,0.39,0.87,-0.48,0,1,-1,-0.52,39.5,36.07,47.02,0.54,0.62,150,11,7,10,12.96,16.13,21.06,0,3,16,3,17,69.6,30.01,82.47,74.88,74.57,39.34,3,Club Brugge 1-0 Union Saint-Gilloise,2025-10-05
Club Brugge,0.87,0.39,0.48,0.87,0.25,0.62,0.0,0.14,-0.14,0.87,0.39,0.48,1,0,1,0.52,60.5,63.93,52.08,0.62,0.54,293,14,10,7,16.13,12.96,8.19,3,0,20,7,7,162.3,69.99,27.67,25.12,114.97,60.66,2,Club Brugge 1-0 Union Saint-Gilloise,2025-10-05
Dender,2.24,1.81,0.43,2.08,1.39,0.69,0.16,0.42,-0.26,2.24,1.81,0.43,1,2,-1,-1.43,33.9,32.36,48.55,0.88,0.77,154,15,10,25,11.36,32.47,13.18,8,5,14,3,15,27.9,10.87,111.73,97.61,77.3,36.65,4,Genk 2-1 Dender,2025-10-05
Genk,1.81,2.24,-0.43,1.39,2.08,-0.69,0.42,0.16,0.26,1.81,2.24,-0.43,2,1,1,1.43,66.1,67.64,52.23,0.77,0.88,352,20,25,10,32.47,11.36,7.47,5,8,30,8,11,228.7,89.13,2.73,2.39,133.6,63.35,1,Genk 2-1 Dender,2025-10-05
Standard Liège,1.18,2.01,-0.83,1.18,1.79,-0.61,0.0,0.23,-0.23,1.18,2.01,-0.83,0,1,-1,-0.17,49.1,45.88,49.51,0.57,0.76,201,17,9,16,15.79,21.05,8.15,4,9,18,4,12,73.4,33.7,29.4,46.72,62.87,28.41,2,Anderlecht 1-0 Standard Liège,2025-10-05
Anderlecht,2.01,1.18,0.83,1.79,1.18,0.61,0.23,0.0,0.23,2.01,1.18,0.83,1,0,1,0.17,50.9,54.12,51.65,0.76,0.57,226,9,16,9,21.05,15.79,7.0,9,4,20,6,18,144.4,66.3,33.53,53.28,158.4,71.59,1,Anderlecht 1-0 Standard Liège,2025-10-05
Cercle Brugge,1.7,2.61,-0.91,1.7,2.22,-0.52,0.0,0.39,-0.39,1.7,2.61,-0.91,1,1,0,0.91,51.3,50.9,47.96,0.86,0.49,165,18,12,18,13.95,36.73,7.34,6,3,22,3,12,73.5,49.56,18.53,32.78,68.5,42.48,1,Antwerp 1-1 Cercle Brugge,2025-10-04
Antwerp,2.61,1.7,0.91,2.22,1.7,0.52,0.39,0.0,0.39,2.61,1.7,0.91,1,1,0,-0.91,48.7,49.1,45.51,0.49,0.86,148,15,18,12,36.73,13.95,9.31,3,6,21,8,14,74.8,50.44,38.0,67.22,92.77,57.52,11,Antwerp 1-1 Cercle Brugge,2025-10-04
Zulte Waregem,0.58,1.8,-1.22,0.58,1.3,-0.72,0.0,0.5,-0.5,0.58,1.8,-1.22,0,0,0,1.22,63.4,49.5,44.69,0.79,0.76,184,12,6,11,7.59,14.47,11.88,2,4,20,1,8,83.7,52.44,6.93,7.2,44.3,27.16,1,RAAL La Louvière 0-0 Zulte Waregem,2025-10-04
RAAL La Louvière,1.8,0.58,1.22,1.3,0.58,0.72,0.5,0.0,0.5,1.8,0.58,1.22,0,0,0,-1.22,36.6,50.5,49.44,0.76,0.79,158,12,11,6,14.47,7.59,17.25,4,2,34,12,12,75.9,47.56,89.27,92.8,118.83,72.84,4,RAAL La Louvière 0-0 Zulte Waregem,2025-10-04
Sint-Truiden,4.16,1.59,2.57,2.13,1.53,0.6,0.52,0.06,0.46,2.64,1.59,1.05,3,1,2,-0.57,50.2,59.04,55.68,1.3,0.72,264,20,19,11,14.62,15.28,6.21,11,5,28,9,14,133.1,65.5,46.6,70.61,176.47,76.51,0,Mechelen 1-3 Sint-Truiden,2025-10-04
Mechelen,1.59,4.16,-2.57,1.53,2.13,-0.6,0.06,0.52,-0.46,1.59,2.64,-1.05,1,3,-2,0.57,49.8,40.96,46.89,0.72,1.3,175,21,11,19,15.28,14.62,7.97,5,11,20,5,18,70.1,34.5,19.4,29.39,54.17,23.49,0,Mechelen 1-3 Sint-Truiden,2025-10-04
Sporting Charleroi,0.62,0.88,-0.26,0.56,0.74,-0.18,0.06,0.14,-0.08,0.62,0.88,-0.26,1,2,-1,-0.74,38.8,45.08,45.22,0.82,0.63,158,9,9,9,10.98,14.29,26.2,2,5,15,2,9,32.1,26.25,125.6,86.07,98.9,61.69,3,Gent 2-1 Sporting Charleroi,2025-10-03
Gent,0.88,0.62,0.26,0.74,0.56,0.18,0.14,0.06,0.08,0.88,0.62,0.26,2,1,1,0.74,61.2,54.92,43.83,0.63,0.82,225,11,9,9,14.29,10.98,14.52,5,2,15,4,5,90.2,73.75,20.33,13.93,61.43,38.31,1,Gent 2-1 Sporting Charleroi,2025-10-03
RAAL La Louvière,1.29,0.8,0.49,1.25,0.77,0.48,0.04,0.02,0.02,1.29,0.8,0.49,0,0,0,-0.49,38.8,42.31,49.54,0.29,0.9,175,12,10,10,34.48,11.11,21.9,2,4,19,2,7,51.2,33.77,132.07,94.51,122.9,72.04,3,Dender 0-0 RAAL La Louvière,2025-09-28
Dender,0.8,1.29,-0.49,0.77,1.25,-0.48,0.02,0.04,-0.02,0.8,1.29,-0.49,0,0,0,0.49,61.2,57.69,44.83,0.9,0.29,212,12,10,10,11.11,34.48,9.89,4,2,25,4,8,100.4,66.23,7.67,5.49,47.7,27.96,0,Dender 0-0 RAAL La Louvière,2025-09-28
Mechelen,0.8,1.01,-0.21,0.8,0.9,-0.1,0.0,0.11,-0.11,0.8,1.01,-0.21,2,0,2,2.21,38.1,29.11,43.17,0.22,0.86,132,3,5,13,22.73,15.12,23.06,1,7,8,3,10,22.7,10.57,57.93,61.85,60.83,39.36,0,Sporting Charleroi 0-2 Mechelen,2025-09-28
Sporting Charleroi,1.01,0.8,0.21,0.9,0.8,0.1,0.11,0.0,0.11,1.01,0.8,0.21,0,2,-2,-2.21,61.9,70.89,55.81,0.86,0.22,356,16,13,5,15.12,22.73,9.83,7,1,41,5,6,192.0,89.43,35.73,38.15,93.73,60.64,5,Sporting Charleroi 0-2 Mechelen,2025-09-28
Gent,2.21,3.88,-1.67,1.95,2.66,-0.71,0.26,0.45,-0.19,2.21,3.12,-0.91,4,2,2,3.67,50.2,33.97,41.91,0.64,2.17,148,8,11,23,17.19,10.6,10.17,3,5,16,2,9,22.3,12.21,22.47,22.41,3.97,2.29,0,Cercle Brugge 2-4 Gent,2025-09-28
Cercle Brugge,3.88,2.21,1.67,2.66,1.95,0.71,0.45,0.26,0.19,3.12,2.21,0.91,2,4,-2,-3.67,49.8,66.03,54.6,2.17,0.64,263,25,23,11,10.6,17.19,10.43,5,3,41,10,12,160.3,87.79,77.8,77.59,169.6,97.71,2,Cercle Brugge 2-4 Gent,2025-09-28
Genk,2.43,1.83,0.6,2.26,1.72,0.54,0.17,0.11,0.06,2.43,1.83,0.6,2,1,1,0.4,62.6,63.79,49.01,1.1,0.54,274,16,15,16,13.64,29.63,7.33,7,8,24,6,18,159.2,76.72,9.4,7.33,114.73,63.73,1,Sint-Truiden 1-2 Genk,2025-09-28
Sint-Truiden,1.83,2.43,-0.6,1.72,2.26,-0.54,0.11,0.17,-0.06,1.83,2.43,-0.6,1,2,-1,-0.4,37.4,36.21,43.96,0.54,1.1,131,11,16,15,29.63,13.64,12.94,8,7,16,3,12,48.3,23.28,118.87,92.67,65.3,36.27,0,Sint-Truiden 1-2 Genk,2025-09-28
Westerlo,0.58,2.84,-2.26,0.58,1.63,-1.05,0.0,1.21,-1.21,0.58,2.84,-2.26,0,2,-2,0.26,46.8,46.7,45.65,0.3,1.3,178,5,7,19,23.33,14.62,12.62,1,8,10,2,11,43.6,25.25,37.67,50.99,44.67,21.92,1,Union Saint-Gilloise 2-0 Westerlo,2025-09-27
Union Saint-Gilloise,2.84,0.58,2.26,1.63,0.58,1.05,1.21,0.0,1.21,2.84,0.58,2.26,2,0,2,-0.26,53.2,53.3,49.69,1.3,0.3,215,20,19,7,14.62,23.33,10.33,8,1,18,9,15,129.1,74.75,36.2,49.01,159.1,78.08,3,Union Saint-Gilloise 2-0 Westerlo,2025-09-27
Club Brugge,1.87,1.39,0.48,1.2,1.22,-0.02,0.67,0.17,0.5,1.87,1.39,0.48,2,1,1,0.52,63.3,63.73,52.99,1.02,0.6,299,26,15,18,14.71,30.0,10.86,2,3,22,8,7,218.2,71.21,18.87,16.42,167.37,59.79,1,Standard Liège 1-2 Club Brugge,2025-09-27
Standard Liège,1.39,1.87,-0.48,1.22,1.2,0.02,0.17,0.67,-0.5,1.39,1.87,-0.48,1,2,-1,-0.52,36.7,36.27,51.79,0.6,1.02,172,25,18,15,30.0,14.71,16.0,3,2,25,7,13,88.2,28.79,96.07,83.58,112.57,40.21,2,Standard Liège 1-2 Club Brugge,2025-09-27
Antwerp,1.14,1.69,-0.55,0.99,1.28,-0.29,0.14,0.41,-0.27,1.14,1.69,-0.55,0,2,-2,-1.45,57.6,43.89,42.38,0.5,0.86,166,15,8,17,16.0,19.77,11.38,3,3,18,4,13,66.5,33.1,7.8,6.86,25.5,10.94,1,Zulte Waregem 2-0 Antwerp,2025-09-27
Zulte Waregem,1.69,1.14,0.55,1.28,0.99,0.29,0.41,0.14,0.27,1.69,1.14,0.55,2,0,2,1.45,42.4,56.11,50.82,0.86,0.5,204,14,17,8,19.77,16.0,17.23,3,3,11,4,6,134.4,66.9,105.87,93.14,207.53,89.06,1,Zulte Waregem 2-0 Antwerp,2025-09-27
Anderlecht,0.71,2.27,-1.56,0.47,2.18,-1.71,0.24,0.09,0.15,0.71,2.27,-1.56,1,1,0,1.56,60.8,57.89,47.85,0.48,1.09,234,12,10,17,20.83,15.6,12.43,5,3,17,5,7,98.9,60.12,29.53,29.89,67.27,52.36,1,OH Leuven 1-1 Anderlecht,2025-09-26
OH Leuven,2.27,0.71,1.56,2.18,0.47,1.71,0.09,0.24,-0.15,2.27,0.71,1.56,1,1,0,-1.56,39.2,42.11,45.1,1.09,0.48,143,13,17,10,15.6,20.83,12.26,3,5,16,2,16,65.6,39.88,69.27,70.11,61.2,47.64,4,OH Leuven 1-1 Anderlecht,2025-09-26
Westerlo,4.22,3.86,0.36,3.57,3.86,-0.29,0.65,0.0,0.65,4.22,3.86,0.36,5,5,0,-0.36,28.9,27.14,50.54,0.55,1.78,149,20,21,18,38.18,10.11,17.21,6,6,11,4,14,30.5,11.57,161.0,96.48,112.23,59.5,0,Club Brugge 5-5 Westerlo,2025-09-24
Club Brugge,3.86,4.22,-0.36,3.86,3.57,0.29,0.0,0.65,-0.65,3.86,4.22,-0.36,5,5,0,0.36,71.1,72.86,55.82,1.78,0.55,434,24,18,21,10.11,38.18,6.44,6,6,17,5,9,233.2,88.43,5.87,3.52,76.4,40.5,0,Club Brugge 5-5 Westerlo,2025-09-24
Gent,1.13,2.39,-1.26,1.13,2.2,-1.07,0.0,0.19,-0.19,1.13,2.39,-1.26,0,1,-1,0.26,46.3,27.85,43.65,0.28,0.84,168,8,8,17,28.57,20.24,8.82,5,10,13,2,12,37.3,14.1,38.07,39.99,21.0,8.0,0,Anderlecht 1-0 Gent,2025-09-23
Anderlecht,2.39,1.13,1.26,2.2,1.13,1.07,0.19,0.0,0.19,2.39,1.13,1.26,1,0,1,-0.26,53.7,72.15,55.37,0.84,0.28,333,26,17,8,20.24,28.57,9.47,10,5,21,8,16,227.3,85.9,57.13,60.01,241.57,92.0,2,Anderlecht 1-0 Gent,2025-09-23
Cercle Brugge,2.45,1.59,0.86,2.45,1.37,1.08,0.0,0.22,-0.22,2.45,1.59,0.86,0,0,0,-0.86,49.7,54.32,51.01,1.13,0.77,201,18,16,13,14.16,16.88,9.06,6,4,23,7,17,115.9,58.74,39.0,53.08,127.73,59.02,3,Mechelen 0-0 Cercle Brugge,2025-09-21
Mechelen,1.59,2.45,-0.86,1.37,2.45,-1.08,0.22,0.0,0.22,1.59,2.45,-0.86,0,0,0,0.86,50.3,45.68,48.88,0.77,1.13,186,11,13,16,16.88,14.16,11.74,4,6,23,7,6,81.4,41.26,34.47,46.92,88.7,40.98,2,Mechelen 0-0 Cercle Brugge,2025-09-21
Sint-Truiden,0.86,2.73,-1.87,0.86,2.48,-1.62,0.0,0.25,-0.25,0.86,2.73,-1.87,0,2,-2,-0.13,39.0,33.98,46.09,0.51,1.67,189,10,7,20,13.73,11.98,15.12,6,7,8,0,11,29.3,11.95,121.13,85.42,60.63,19.44,0,Club Brugge 2-0 Sint-Truiden,2025-09-21
Club Brugge,2.73,0.86,1.87,2.48,0.86,1.62,0.25,0.0,0.25,2.73,0.86,1.87,2,0,2,0.13,61.0,66.02,49.3,1.67,0.51,324,27,20,7,11.98,13.73,10.11,7,6,14,5,10,215.9,88.05,20.67,14.58,251.3,80.56,2,Club Brugge 2-0 Sint-Truiden,2025-09-21
Standard Liège,0.52,1.94,-1.42,0.52,1.73,-1.21,0.0,0.21,-0.21,0.52,1.94,-1.42,2,0,2,3.42,39.3,34.74,42.61,0.25,1.16,128,7,6,17,24.0,14.66,17.58,2,6,4,1,15,22.1,11.35,70.33,75.62,63.47,44.86,0,Westerlo 0-2 Standard Liège,2025-09-21
Westerlo,1.94,0.52,1.42,1.73,0.52,1.21,0.21,0.0,0.21,1.94,0.52,1.42,0,2,-2,-3.42,60.7,65.26,51.28,1.16,0.25,279,21,17,6,14.66,24.0,9.34,6,2,32,7,7,172.6,88.65,22.67,24.38,78.0,55.14,2,Westerlo 0-2 Standard Liège,2025-09-21
Union Saint-Gilloise,1.19,1.65,-0.46,1.12,1.2,-0.08,0.07,0.45,-0.38,1.19,1.65,-0.46,2,1,1,1.46,36.0,36.19,44.78,0.31,1.3,123,7,11,15,35.48,11.54,13.71,2,3,14,5,12,47.9,21.74,94.0,90.15,76.37,46.85,1,Genk 1-2 Union Saint-Gilloise,2025-09-21
Genk,1.65,1.19,0.46,1.2,1.12,0.08,0.45,0.07,0.38,1.65,1.19,0.46,1,2,-1,-1.46,64.0,63.81,48.98,1.3,0.31,288,11,15,11,11.54,35.48,9.25,3,2,23,8,11,172.4,78.26,10.27,9.85,86.63,53.15,0,Genk 1-2 Union Saint-Gilloise,2025-09-21
Antwerp,0.84,1.27,-0.43,0.84,1.08,-0.24,0.0,0.19,-0.19,0.84,1.27,-0.43,0,0,0,0.43,32.5,23.45,41.96,0.21,0.92,105,11,6,18,28.57,19.57,18.4,2,8,10,2,13,24.0,9.08,98.4,86.41,48.47,21.05,1,Anderlecht 0-0 Antwerp,2025-09-20
Anderlecht,1.27,0.84,0.43,1.08,0.84,0.24,0.19,0.0,0.19,1.27,0.84,0.43,0,0,0,-0.43,67.5,76.55,54.34,0.92,0.21,391,22,18,6,19.57,28.57,10.42,8,2,24,8,9,240.3,90.92,15.47,13.59,181.83,78.95,0,Anderlecht 0-0 Antwerp,2025-09-20
Zulte Waregem,2.15,1.26,0.89,1.8,0.34,1.46,0.35,0.92,-0.57,2.15,1.26,0.89,2,1,1,0.11,64.0,65.35,53.8,0.95,0.65,329,22,20,9,21.05,13.85,8.46,2,2,31,11,14,196.5,84.7,20.27,16.89,122.77,72.43,0,Sporting Charleroi 1-2 Zulte Waregem,2025-09-20
Sporting Charleroi,1.26,2.15,-0.89,0.34,1.8,-1.46,0.92,0.35,0.57,1.26,2.15,-0.89,1,2,-1,-0.11,36.0,34.65,48.22,0.65,0.95,137,9,9,20,13.85,21.05,15.12,2,2,24,6,12,35.5,15.3,99.73,83.11,46.73,27.57,1,Sporting Charleroi 1-2 Zulte Waregem,2025-09-20
RAAL La Louvière,0.9,1.01,-0.11,0.9,0.76,0.14,0.0,0.25,-0.25,0.9,1.01,-0.11,2,1,1,1.11,33.8,41.25,40.63,0.47,0.72,84,6,5,8,10.64,11.11,14.77,1,7,11,1,16,38.8,33.05,114.53,96.63,111.5,80.64,3,OH Leuven 1-2 RAAL La Louvière,2025-09-20
OH Leuven,1.01,0.9,0.11,0.76,0.9,-0.14,0.25,0.0,0.25,1.01,0.9,0.11,1,2,-1,-1.11,66.2,58.75,40.75,0.72,0.47,170,11,8,5,11.11,10.64,5.39,7,1,18,2,22,78.6,66.95,4.0,3.37,26.77,19.36,4,OH Leuven 1-2 RAAL La Louvière,2025-09-20
Dender,2.27,1.87,0.4,1.83,1.49,0.34,0.44,0.38,0.06,2.27,1.87,0.4,0,3,-3,-3.4,37.5,37.96,47.56,0.93,0.61,198,14,15,15,16.13,24.59,26.35,4,13,19,5,5,56.3,25.1,126.67,86.41,52.11,19.58,1,Gent 3-0 Dender,2025-09-19
Gent,1.87,2.27,-0.4,1.49,1.83,-0.34,0.38,0.44,-0.06,1.87,2.27,-0.4,3,0,3,3.4,62.5,62.04,50.04,0.61,0.93,373,13,15,15,24.59,16.13,10.29,13,4,21,2,8,168.0,74.9,19.93,13.59,214.02,80.42,0,Gent 3-0 Dender,2025-09-19
Sporting Charleroi,1.18,1.54,-0.36,1.14,1.45,-0.31,0.04,0.1,-0.06,1.18,1.54,-0.36,1,0,1,1.36,31.7,29.03,45.44,0.6,1.28,121,14,9,16,15.0,12.5,20.64,2,7,9,3,11,21.4,8.98,132.6,90.53,75.1,53.35,1,Genk 0-1 Sporting Charleroi,2025-09-17
Genk,1.54,1.18,0.36,1.45,1.14,0.31,0.1,0.04,0.06,1.54,1.18,0.36,0,1,-1,-1.36,68.3,70.97,54.27,1.28,0.6,393,25,16,9,12.5,15.0,8.85,7,2,43,4,11,216.8,91.02,13.87,9.47,65.67,46.65,1,Genk 0-1 Sporting Charleroi,2025-09-17
Westerlo,2.47,1.66,0.81,1.71,1.4,0.31,0.0,0.27,-0.27,1.71,1.66,0.05,3,0,3,2.19,37.8,34.06,43.89,0.81,0.73,145,7,12,17,14.81,23.29,9.49,13,6,13,3,14,38.7,18.74,80.93,83.95,98.07,72.93,1,Sint-Truiden 0-3 Westerlo,2025-09-14
Sint-Truiden,1.66,2.47,-0.81,1.4,1.71,-0.31,0.27,0.0,0.27,1.66,1.71,-0.05,0,3,-3,-2.19,62.2,65.94,49.81,0.73,0.81,286,16,17,12,23.29,14.81,12.52,6,13,24,8,11,167.8,81.26,15.47,16.05,36.4,27.07,0,Sint-Truiden 0-3 Westerlo,2025-09-14
Genk,1.73,0.96,0.77,1.52,0.78,0.74,0.2,0.18,0.02,1.73,0.96,0.77,1,1,0,-0.77,69.7,76.89,59.57,1.4,0.47,526,32,18,9,12.86,19.15,8.48,4,2,36,7,7,365.3,92.9,16.13,12.88,277.3,86.76,0,Anderlecht 1-1 Genk,2025-09-14
Anderlecht,0.96,1.73,-0.77,0.78,1.52,-0.74,0.18,0.2,-0.02,0.96,1.73,-0.77,1,1,0,0.77,30.3,23.11,45.75,0.47,1.4,131,13,9,18,19.15,12.86,24.18,2,4,9,3,16,27.9,7.1,109.07,87.12,42.33,13.24,0,Anderlecht 1-1 Genk,2025-09-14
Sporting Charleroi,1.26,1.88,-0.62,1.07,0.36,0.71,0.19,0.0,0.19,1.26,0.36,0.9,3,2,1,1.62,43.5,38.64,47.15,0.97,0.89,172,9,9,8,9.28,8.99,14.56,4,5,16,3,12,75.2,36.92,62.47,76.24,110.4,73.55,3,Cercle Brugge 2-3 Sporting Charleroi,2025-09-14
Cercle Brugge,1.88,1.26,0.62,0.36,1.07,-0.71,0.0,0.19,-0.19,0.36,1.26,-0.9,2,3,-1,-1.62,56.5,61.36,50.49,0.89,0.97,275,14,8,9,8.99,9.28,11.25,5,4,33,4,7,128.5,63.08,19.47,23.76,39.7,26.45,2,Cercle Brugge 2-3 Sporting Charleroi,2025-09-14
Gent,2.29,1.8,0.49,2.2,1.52,0.68,0.09,0.28,-0.19,2.29,1.8,0.49,2,1,1,0.51,39.2,30.19,41.85,0.5,1.0,121,8,9,22,18.0,22.0,20.1,0,2,9,1,12,58.6,24.41,91.93,71.52,75.23,39.86,0,Antwerp 1-2 Gent,2025-09-14
Antwerp,1.8,2.29,-0.49,1.52,2.2,-0.68,0.28,0.09,0.19,1.8,2.29,-0.49,1,2,-1,-0.51,60.8,69.81,53.2,1.0,0.5,339,17,22,9,22.0,18.0,13.91,2,0,36,5,8,181.5,75.59,36.6,28.48,113.5,60.14,3,Antwerp 1-2 Gent,2025-09-14
Club Brugge,3.2,1.56,1.64,2.21,1.26,0.95,0.23,0.3,-0.07,2.44,1.56,0.88,0,1,-1,-2.64,68.3,59.2,51.13,1.13,0.7,321,25,21,13,18.58,18.57,6.86,1,5,24,6,10,194.0,79.77,5.73,4.7,117.13,51.99,1,RAAL La Louvière 1-0 Club Brugge,2025-09-13
RAAL La Louvière,1.56,3.2,-1.64,1.26,2.21,-0.95,0.3,0.23,0.07,1.56,2.44,-0.88,1,0,1,2.64,31.7,40.8,51.27,0.7,1.13,154,11,13,21,18.57,18.58,15.23,5,1,20,5,15,49.2,20.23,116.07,95.3,108.17,48.01,4,RAAL La Louvière 1-0 Club Brugge,2025-09-13
Union Saint-Gilloise,3.14,0.39,2.75,2.75,0.39,2.36,0.39,0.0,0.39,3.14,0.39,2.75,1,0,1,-1.75,63.3,65.95,51.53,1.54,0.65,341,23,18,5,11.69,7.69,13.41,6,2,27,6,12,229.2,93.47,13.53,13.93,178.97,83.55,2,Dender 0-1 Union Saint-Gilloise,2025-09-13
Dender,0.39,3.14,-2.75,0.39,2.75,-2.36,0.0,0.39,-0.39,0.39,3.14,-2.75,0,1,-1,1.75,36.7,34.05,43.71,0.65,1.54,141,9,5,18,7.69,11.69,22.85,2,6,13,1,5,16.0,6.53,83.6,86.07,35.23,16.45,3,Dender 0-1 Union Saint-Gilloise,2025-09-13
OH Leuven,2.38,1.56,0.82,1.9,1.43,0.47,0.48,0.13,0.35,2.38,1.56,0.82,0,2,-2,-2.82,56.7,65.68,49.95,0.98,0.62,237,20,25,12,25.51,19.35,7.36,5,0,31,6,18,138.3,81.26,17.4,29.63,96.8,57.44,1,Zulte Waregem 2-0 OH Leuven,2025-09-13
Zulte Waregem,1.56,2.38,-0.82,1.43,1.9,-0.47,0.13,0.48,-0.35,1.56,2.38,-0.82,2,0,2,2.82,43.3,34.32,44.51,0.62,0.98,143,10,12,25,19.35,25.51,12.13,0,5,6,2,14,31.9,18.74,41.33,70.37,71.73,42.56,2,Zulte Waregem 2-0 OH Leuven,2025-09-13
Mechelen,1.57,1.81,-0.24,1.4,0.85,0.55,0.17,0.2,-0.03,1.57,1.05,0.52,1,1,0,0.24,47.1,36.72,41.68,0.53,0.56,126,11,14,11,26.42,19.64,16.1,1,7,14,5,8,65.1,38.61,41.53,49.06,60.97,37.53,0,Standard Liège 1-1 Mechelen,2025-09-12
Standard Liège,1.81,1.57,0.24,0.85,1.4,-0.55,0.2,0.17,0.03,1.05,1.57,-0.52,1,1,0,-0.24,52.9,63.28,51.32,0.56,0.53,229,13,11,14,19.64,26.42,11.17,7,1,23,12,10,103.5,61.39,43.13,50.94,101.47,62.47,1,Standard Liège 1-1 Mechelen,2025-09-12
Zulte Waregem,1.7,1.89,-0.19,0.82,1.86,-1.04,0.12,0.03,0.09,0.94,1.89,-0.95,2,3,-1,-0.81,53.9,51.66,48.67,0.78,1.22,230,10,8,11,10.26,9.02,11.07,1,4,17,4,21,111.7,54.3,46.67,38.11,74.23,45.37,0,Genk 3-2 Zulte Waregem,2025-08-31
Genk,1.89,1.7,0.19,1.86,0.82,1.04,0.03,0.12,-0.09,1.89,0.94,0.95,3,2,1,0.81,46.1,48.34,49.26,1.22,0.78,213,10,11,8,9.02,10.26,13.1,4,1,18,5,9,94.0,45.7,75.8,61.89,89.37,54.63,0,Genk 3-2 Zulte Waregem,2025-08-31
Anderlecht,1.15,2.95,-1.8,1.15,1.8,-0.65,0.0,0.4,-0.4,1.15,2.19,-1.04,0,2,-2,-0.2,51.1,53.12,50.13,0.8,0.65,202,17,9,16,11.25,24.62,10.16,2,6,15,5,17,77.7,47.61,54.47,72.24,82.47,46.54,0,Union Saint-Gilloise 2-0 Anderlecht,2025-08-31
Union Saint-Gilloise,2.95,1.15,1.8,1.8,1.15,0.65,0.4,0.0,0.4,2.19,1.15,1.04,2,0,2,0.2,48.9,46.88,47.03,0.65,0.8,177,16,16,9,24.62,11.25,8.66,6,2,11,5,7,85.5,52.39,20.93,27.76,94.73,53.46,3,Union Saint-Gilloise 2-0 Anderlecht,2025-08-31
Standard Liège,0.38,0.63,-0.25,0.36,0.55,-0.19,0.02,0.08,-0.06,0.38,0.63,-0.25,0,1,-1,-0.75,60.2,61.24,46.33,0.77,0.31,228,11,7,10,9.09,32.26,9.28,6,6,29,4,11,94.4,78.41,10.07,10.68,74.73,50.19,2,OH Leuven 1-0 Standard Liège,2025-08-31
OH Leuven,0.63,0.38,0.25,0.55,0.36,0.19,0.08,0.02,0.06,0.63,0.38,0.25,1,0,1,0.75,39.8,38.76,41.89,0.31,0.77,122,7,10,7,32.26,9.09,15.37,6,6,11,4,12,26.0,21.59,84.2,89.32,74.17,49.81,5,OH Leuven 1-0 Standard Liège,2025-08-31
Club Brugge,1.7,1.68,0.02,1.43,1.62,-0.19,0.27,0.06,0.21,1.7,1.68,0.02,1,1,0,-0.02,51.1,51.44,46.56,1.26,0.77,247,22,14,14,11.11,18.18,13.48,4,2,11,7,11,106.6,52.28,54.93,50.8,115.57,60.89,2,Gent 1-1 Club Brugge,2025-08-31
Gent,1.68,1.7,-0.02,1.62,1.43,0.19,0.06,0.27,-0.21,1.68,1.7,-0.02,1,1,0,0.02,48.9,48.56,46.4,0.77,1.26,211,7,14,14,18.18,11.11,19.36,2,4,25,6,12,97.3,47.72,53.2,49.2,74.23,39.11,0,Gent 1-1 Club Brugge,2025-08-31
Dender,0.93,2.67,-1.74,0.93,1.07,-0.14,0.0,0.84,-0.84,0.93,1.91,-0.98,1,3,-2,-0.26,50.8,45.45,43.61,0.81,0.89,183,11,9,11,11.11,12.36,11.68,5,7,18,4,14,50.4,31.32,36.2,42.99,24.27,11.97,2,Sporting Charleroi 3-1 Dender,2025-08-30
Sporting Charleroi,2.67,0.93,1.74,1.07,0.93,0.14,0.84,0.0,0.84,1.91,0.93,0.98,3,1,2,0.26,49.2,54.55,49.55,0.89,0.81,239,12,11,9,12.36,11.11,11.86,7,5,21,5,12,110.5,68.68,48.0,57.01,178.53,88.03,1,Sporting Charleroi 3-1 Dender,2025-08-30
Antwerp,2.17,3.35,-1.18,1.41,3.06,-1.65,0.0,0.29,-0.29,1.41,3.35,-1.94,0,2,-2,-0.82,61.4,58.08,48.08,0.73,0.86,213,11,13,16,17.81,18.6,6.7,5,0,16,4,14,66.2,43.78,9.07,9.76,29.3,15.66,2,Westerlo 2-0 Antwerp,2025-08-30
Westerlo,3.35,2.17,1.18,3.06,1.41,1.65,0.29,0.0,0.29,3.35,1.41,1.94,2,0,2,0.82,38.6,41.92,47.61,0.86,0.73,135,15,16,13,18.6,17.81,10.82,0,5,16,5,19,85.0,56.22,83.87,90.24,157.77,84.34,2,Westerlo 2-0 Antwerp,2025-08-30
RAAL La Louvière,1.25,2.36,-1.11,1.14,1.86,-0.72,0.11,0.51,-0.4,1.25,2.36,-1.11,2,3,-1,0.11,34.4,47.96,49.82,0.38,1.44,142,14,14,13,36.84,9.03,14.31,7,5,24,6,9,57.0,35.58,107.53,99.38,101.42,46.8,4,Mechelen 3-2 RAAL La Louvière,2025-08-30
Mechelen,2.36,1.25,1.11,1.86,1.14,0.72,0.51,0.11,0.4,2.36,1.25,1.11,3,2,1,-0.11,65.6,52.04,44.13,1.44,0.38,182,17,13,14,9.03,36.84,9.5,5,7,21,4,13,103.2,64.42,0.67,0.62,115.27,53.2,0,Mechelen 3-2 RAAL La Louvière,2025-08-30
Sint-Truiden,1.72,2.04,-0.32,0.85,2.04,-1.19,0.87,0.0,0.87,1.72,2.04,-0.32,1,1,0,0.32,49.4,46.63,45.53,0.8,1.11,164,13,17,13,21.25,11.71,13.91,2,5,17,8,9,92.1,46.89,40.07,57.08,91.27,48.34,0,Cercle Brugge 1-1 Sint-Truiden,2025-08-29
Cercle Brugge,2.04,1.72,0.32,2.04,0.85,1.19,0.0,0.87,-0.87,2.04,1.72,0.32,1,1,0,-0.32,50.6,53.37,51.11,1.11,0.8,220,18,13,17,11.71,21.25,9.5,5,2,19,3,8,104.3,53.11,30.13,42.92,97.53,51.66,0,Cercle Brugge 1-1 Sint-Truiden,2025-08-29
OH Leuven,1.45,0.36,1.09,1.31,0.11,1.2,0.15,0.25,-0.1,1.45,0.36,1.09,1,0,1,-0.09,40.5,43.19,44.95,0.79,0.24,139,10,11,4,13.92,16.67,10.92,6,7,13,6,14,62.1,40.75,70.73,79.47,83.1,61.82,2,Dender 0-1 OH Leuven,2025-08-24
Dender,0.36,1.45,-1.09,0.11,1.31,-1.2,0.25,0.15,0.1,0.36,1.45,-1.09,0,1,-1,0.09,59.5,56.81,46.75,0.24,0.79,241,7,4,11,16.67,13.92,8.62,7,6,21,4,8,90.3,59.25,18.27,20.53,51.33,38.18,2,Dender 0-1 OH Leuven,2025-08-24
Union Saint-Gilloise,1.7,0.33,1.37,1.64,0.23,1.41,0.06,0.1,-0.04,1.7,0.33,1.37,0,0,0,-1.37,66.3,58.9,47.63,0.82,0.5,263,11,10,5,12.2,10.0,8.25,6,7,13,2,15,127.7,76.51,3.0,2.43,59.63,40.26,2,RAAL La Louvière 0-0 Union Saint-Gilloise,2025-08-24
RAAL La Louvière,0.33,1.7,-1.37,0.23,1.64,-1.41,0.1,0.06,0.04,0.33,1.7,-1.37,0,0,0,1.37,33.7,41.1,46.31,0.5,0.82,133,10,5,10,10.0,12.2,17.32,7,6,21,5,6,39.2,23.49,120.33,97.57,88.47,59.74,4,RAAL La Louvière 0-0 Union Saint-Gilloise,2025-08-24
Mechelen,3.26,0.64,2.62,2.78,0.31,2.47,0.48,0.33,0.15,3.26,0.64,2.62,1,2,-1,-3.62,60.6,70.03,51.25,0.92,0.25,263,20,25,9,27.17,36.0,10.19,2,5,26,13,8,206.0,91.07,25.13,26.14,170.0,88.79,0,Antwerp 2-1 Mechelen,2025-08-24
Antwerp,0.64,3.26,-2.62,0.31,2.78,-2.47,0.33,0.48,-0.15,0.64,3.26,-2.62,2,1,1,3.62,39.4,29.97,47.04,0.25,0.92,144,6,9,25,36.0,27.17,10.85,5,2,18,6,13,20.2,8.93,71.0,73.86,21.47,11.21,0,Antwerp 2-1 Mechelen,2025-08-24
Sint-Truiden,2.13,0.32,1.81,1.69,0.32,1.37,0.44,0.0,0.44,2.13,0.32,1.81,2,0,2,0.19,63.1,66.67,50.0,0.68,0.2,278,12,18,6,26.47,30.0,10.0,3,2,22,11,14,178.3,85.76,21.6,21.15,142.23,78.45,1,Zulte Waregem 0-2 Sint-Truiden,2025-08-23
Zulte Waregem,0.32,2.13,-1.81,0.32,1.69,-1.37,0.0,0.44,-0.44,0.32,2.13,-1.81,0,2,-2,-0.19,36.9,33.33,43.62,0.2,0.68,126,5,6,18,30.0,26.47,13.32,2,3,9,2,10,29.6,14.24,80.53,78.85,39.07,21.55,4,Zulte Waregem 0-2 Sint-Truiden,2025-08-23
Cercle Brugge,3.11,1.49,1.62,2.21,1.27,0.94,0.9,0.22,0.68,3.11,1.49,1.62,3,0,3,1.38,44.7,53.46,51.99,0.4,0.72,231,9,18,15,45.0,20.83,11.72,9,4,15,3,12,135.2,54.69,93.0,94.64,231.93,93.74,1,Standard Liège 0-3 Cercle Brugge,2025-08-23
Standard Liège,1.49,3.11,-1.62,1.27,2.21,-0.94,0.22,0.9,-0.68,1.49,3.11,-1.62,0,3,-3,-1.38,55.3,46.54,43.24,0.72,0.4,207,12,15,18,20.83,45.0,11.81,4,9,18,4,4,112.0,45.31,5.27,5.36,15.5,6.26,0,Standard Liège 0-3 Cercle Brugge,2025-08-23
Westerlo,2.01,2.53,-0.52,1.61,2.53,-0.92,0.41,0.0,0.41,2.01,2.53,-0.52,1,4,-3,-2.48,54.1,64.18,47.48,0.84,0.58,210,23,25,12,29.76,20.69,7.55,7,5,17,11,16,138.4,73.66,27.07,48.45,102.39,50.05,6,Cercle Brugge 4-1 Westerlo,2025-08-17
Cercle Brugge,2.53,2.01,0.52,2.53,1.61,0.92,0.0,0.41,-0.41,2.53,2.01,0.52,4,1,3,2.48,45.9,35.82,44.84,0.58,0.84,136,8,12,25,20.69,29.76,9.94,5,7,10,1,10,49.5,26.34,28.8,51.55,102.19,49.95,0,Cercle Brugge 4-1 Westerlo,2025-08-17
Antwerp,0.86,1.45,-0.59,0.59,1.45,-0.86,0.26,0.0,0.26,0.86,1.45,-0.59,1,1,0,0.59,48.6,39.57,42.28,0.46,0.6,145,9,10,13,21.74,21.67,7.86,2,4,16,1,17,72.6,30.99,31.93,34.48,44.87,23.12,2,Sporting Charleroi 1-1 Antwerp,2025-08-17
Sporting Charleroi,1.45,0.86,0.59,1.45,0.59,0.86,0.0,0.26,-0.26,1.45,0.86,0.59,1,1,0,-0.59,51.4,60.43,51.15,0.6,0.46,220,24,13,10,21.67,21.74,9.97,4,2,17,4,18,161.7,69.01,60.67,65.52,149.2,76.88,2,Sporting Charleroi 1-1 Antwerp,2025-08-17
RAAL La Louvière,1.67,1.88,-0.21,1.55,1.81,-0.26,0.11,0.07,0.04,1.67,1.88,-0.21,1,2,-1,-0.79,39.7,50.77,49.63,0.48,0.76,190,8,11,13,22.92,17.11,14.97,3,8,23,5,9,74.8,43.87,78.33,85.64,100.33,55.2,0,Sint-Truiden 2-1 RAAL La Louvière,2025-08-17
Sint-Truiden,1.88,1.67,0.21,1.81,1.55,0.26,0.07,0.11,-0.04,1.88,1.67,0.21,2,1,1,0.79,60.3,49.23,46.07,0.76,0.48,220,12,13,11,17.11,22.92,8.09,8,3,12,4,14,95.7,56.13,13.13,14.36,81.43,44.8,0,Sint-Truiden 2-1 RAAL La Louvière,2025-08-17
Anderlecht,2.88,1.31,1.57,2.76,1.09,1.67,0.12,0.22,-0.1,2.88,1.31,1.57,2,0,2,0.43,59.1,69.02,53.92,0.77,0.33,339,16,17,8,22.08,24.24,9.47,13,1,18,7,12,239.8,87.9,31.13,34.93,222.8,88.11,0,Dender 0-2 Anderlecht,2025-08-17
Dender,1.31,2.88,-1.57,1.09,2.76,-1.67,0.22,0.12,0.1,1.31,2.88,-1.57,0,2,-2,-0.43,40.9,30.98,41.82,0.33,0.77,135,6,8,17,24.24,22.08,17.73,1,13,19,2,7,33.0,12.1,58.0,65.07,30.07,11.89,2,Dender 0-2 Anderlecht,2025-08-17
Standard Liège,0.68,4.83,-4.15,0.68,4.14,-3.46,0.0,0.69,-0.69,0.68,4.83,-4.15,0,3,-3,1.15,29.8,10.03,33.59,0.25,1.4,56,6,4,24,16.0,17.14,29.0,2,11,2,1,6,1.4,0.37,82.27,83.61,2.37,0.52,1,Union Saint-Gilloise 3-0 Standard Liège,2025-08-16
Union Saint-Gilloise,4.83,0.68,4.15,4.14,0.68,3.46,0.69,0.0,0.69,4.83,0.68,4.15,3,0,3,-1.15,70.2,89.97,58.5,1.4,0.25,455,32,24,4,17.14,16.0,7.38,11,2,27,11,13,375.6,99.63,16.13,16.39,455.09,99.48,2,Union Saint-Gilloise 3-0 Standard Liège,2025-08-16
Gent,2.34,1.08,1.26,1.97,1.08,0.89,0.37,0.0,0.37,2.34,1.08,1.26,1,1,0,-1.26,62.0,64.29,52.69,1.27,0.5,344,28,23,6,18.11,12.0,11.73,2,3,39,11,9,197.7,91.83,19.0,19.47,145.73,77.95,2,Mechelen 1-1 Gent,2025-08-16
Mechelen,1.08,2.34,-1.26,1.08,1.97,-0.89,0.0,0.37,-0.37,1.08,2.34,-1.26,1,1,0,1.26,38.0,35.71,46.59,0.5,1.27,176,12,6,23,12.0,18.11,21.5,3,2,11,2,9,17.6,8.17,78.6,80.53,41.23,22.05,0,Mechelen 1-1 Gent,2025-08-16
Club Brugge,2.23,0.13,2.1,1.75,0.05,1.7,0.47,0.08,0.39,2.23,0.13,2.1,1,0,1,-1.1,66.8,67.6,49.78,1.08,0.05,339,24,19,5,17.59,100.0,9.55,4,5,33,9,9,234.4,92.25,7.73,5.65,129.4,78.25,2,Zulte Waregem 0-1 Club Brugge,2025-08-16
Zulte Waregem,0.13,2.23,-2.1,0.05,1.75,-1.7,0.08,0.47,-0.39,0.13,2.23,-2.1,0,1,-1,1.1,33.2,32.4,44.79,0.05,1.08,126,3,5,19,100.0,17.59,25.95,5,4,9,3,9,19.7,7.75,129.0,94.35,35.97,21.75,2,Zulte Waregem 0-1 Club Brugge,2025-08-16
Genk,1.88,3.17,-1.29,1.58,2.68,-1.1,0.3,0.49,-0.19,1.88,3.17,-1.29,2,1,1,2.29,60.1,50.0,44.47,0.56,0.72,200,11,15,22,26.79,30.56,8.06,5,7,14,6,10,99.3,49.01,14.33,14.56,75.67,39.27,0,OH Leuven 1-2 Genk,2025-08-15
OH Leuven,3.17,1.88,1.29,2.68,1.58,1.1,0.49,0.3,0.19,3.17,1.88,1.29,1,2,-1,-2.29,39.9,50.0,43.85,0.72,0.56,131,17,22,15,30.56,26.79,10.66,7,5,21,6,16,103.3,50.99,84.07,85.44,117.0,60.73,6,OH Leuven 1-2 Genk,2025-08-15
OH Leuven,0.5,2.28,-1.78,0.33,0.76,-0.43,0.17,0.0,0.17,0.5,0.76,-0.26,1,3,-2,-0.22,38.8,41.22,44.68,0.34,0.43,126,9,5,12,14.71,27.91,10.62,5,5,18,3,21,50.5,33.01,97.53,88.4,72.63,50.77,2,Antwerp 3-1 OH Leuven,2025-08-10
Antwerp,2.28,0.5,1.78,0.76,0.33,0.43,0.0,0.17,-0.17,0.76,0.5,0.26,3,1,2,0.22,61.2,58.78,42.93,0.43,0.34,180,9,12,5,27.91,14.71,6.97,5,5,15,5,8,102.5,66.99,12.8,11.6,70.43,49.23,3,Antwerp 3-1 OH Leuven,2025-08-10
Genk,1.62,1.78,-0.16,1.54,1.02,0.52,0.08,0.0,0.08,1.62,1.02,0.6,1,2,-1,-0.84,75.5,77.32,49.59,1.34,0.14,337,23,19,6,14.18,42.86,5.73,8,3,25,6,16,240.3,93.03,3.2,1.97,122.73,62.0,0,Standard Liège 2-1 Genk,2025-08-10
Standard Liège,1.78,1.62,0.16,1.02,1.54,-0.52,0.0,0.08,-0.08,1.02,1.62,-0.6,2,1,1,0.84,24.5,22.68,38.75,0.14,1.34,60,3,6,19,42.86,14.18,20.46,3,8,6,2,11,18.0,6.97,159.0,98.03,75.23,38.0,0,Standard Liège 2-1 Genk,2025-08-10
Zulte Waregem,2.02,3.0,-0.98,1.89,1.76,0.13,0.13,0.48,-0.35,2.02,2.24,-0.22,3,2,1,1.98,31.0,20.66,42.5,0.14,1.2,98,7,9,21,64.29,17.5,18.19,3,9,6,5,11,19.3,5.68,90.8,97.14,58.8,24.63,2,Anderlecht 2-3 Zulte Waregem,2025-08-10
Anderlecht,3.0,2.02,0.98,1.76,1.89,-0.13,0.48,0.13,0.35,2.24,2.02,0.22,2,3,-1,-1.98,69.0,79.34,55.79,1.2,0.14,376,20,21,9,17.5,64.29,6.43,9,3,32,6,11,320.7,94.32,2.67,2.86,179.97,75.37,1,Anderlecht 2-3 Zulte Waregem,2025-08-10
Sporting Charleroi,1.35,1.61,-0.26,1.1,1.55,-0.45,0.25,0.06,0.19,1.35,1.61,-0.26,0,1,-1,-0.74,66.7,62.79,50.4,0.84,0.61,278,15,15,12,17.86,19.67,5.88,7,3,28,3,11,132.2,68.39,2.2,1.69,73.73,41.44,3,RAAL La Louvière 1-0 Sporting Charleroi,2025-08-10
RAAL La Louvière,1.61,1.35,0.26,1.55,1.1,0.45,0.06,0.25,-0.19,1.61,1.35,0.26,1,0,1,0.74,33.3,37.21,46.53,0.61,0.84,121,13,12,15,19.67,17.86,16.04,3,7,23,4,11,61.1,31.61,127.67,98.31,104.2,58.56,3,RAAL La Louvière 1-0 Sporting Charleroi,2025-08-10
Union Saint-Gilloise,2.42,1.91,0.51,2.05,1.49,0.56,0.37,0.42,-0.05,2.42,1.91,0.51,3,2,1,0.49,52.0,49.82,47.15,0.99,1.45,202,23,11,20,11.11,13.79,10.0,2,4,20,10,10,81.0,44.9,53.53,57.48,119.1,63.43,3,Gent 2-3 Union Saint-Gilloise,2025-08-09
Gent,1.91,2.42,-0.51,1.49,2.05,-0.56,0.42,0.37,0.05,1.91,2.42,-0.51,2,3,-1,-0.49,48.0,50.18,45.47,1.45,0.99,175,18,20,11,13.79,11.11,10.97,4,2,26,5,11,99.4,55.1,39.6,42.52,68.67,36.57,1,Gent 2-3 Union Saint-Gilloise,2025-08-09
Mechelen,0.78,2.55,-1.77,0.78,2.46,-1.68,0.0,0.09,-0.09,0.78,2.55,-1.77,1,0,1,2.77,51.8,38.38,46.01,0.33,0.67,187,8,5,18,15.15,26.87,16.44,3,10,15,5,7,52.4,23.48,28.67,27.25,25.9,12.31,0,Westerlo 0-1 Mechelen,2025-08-09
Westerlo,2.55,0.78,1.77,2.46,0.78,1.68,0.09,0.0,0.09,2.55,0.78,1.77,0,1,-1,-2.77,48.2,61.62,49.96,0.67,0.33,194,21,18,5,26.87,15.15,12.32,10,3,18,8,9,170.8,76.52,76.53,72.75,184.57,87.69,5,Westerlo 0-1 Mechelen,2025-08-09
Cercle Brugge,0.95,2.0,-1.05,0.64,1.61,-0.97,0.31,0.38,-0.07,0.95,2.0,-1.05,0,2,-2,-0.95,35.3,39.6,52.88,0.6,0.93,163,15,10,14,16.67,15.05,15.93,4,3,19,5,11,91.3,33.5,111.33,93.66,114.6,37.36,0,Club Brugge 2-0 Cercle Brugge,2025-08-09
Club Brugge,2.0,0.95,1.05,1.61,0.64,0.97,0.38,0.31,0.07,2.0,0.95,1.05,2,0,2,0.95,64.7,60.4,49.63,0.93,0.6,282,19,14,10,15.05,16.67,8.48,3,4,18,9,15,181.2,66.5,7.53,6.34,192.17,62.64,3,Club Brugge 2-0 Cercle Brugge,2025-08-09
Dender,1.0,2.81,-1.81,0.51,1.99,-1.48,0.49,0.06,0.43,1.0,2.05,-1.05,0,2,-2,-0.19,47.9,40.59,43.95,0.37,1.37,201,6,6,14,16.22,10.22,18.23,2,5,8,2,7,60.8,27.98,51.07,42.51,35.5,12.28,3,Sint-Truiden 2-0 Dender,2025-08-08
Sint-Truiden,2.81,1.0,1.81,1.99,0.51,1.48,0.06,0.49,-0.43,2.05,1.0,1.05,2,0,2,0.19,52.1,59.41,50.08,1.37,0.37,263,17,14,6,10.22,16.22,9.44,5,2,20,4,18,156.5,72.02,69.07,57.49,253.5,87.72,0,Sint-Truiden 2-0 Dender,2025-08-08
Sint-Truiden,1.91,0.31,1.6,1.0,0.31,0.69,0.15,0.0,0.15,1.15,0.31,0.84,1,1,0,-1.6,62.6,67.27,49.84,0.98,0.19,256,21,14,4,14.29,21.05,6.3,1,1,24,7,14,163.9,87.79,17.4,16.69,121.3,72.65,0,Sporting Charleroi 1-1 Sint-Truiden,2025-08-03
Sporting Charleroi,0.31,1.91,-1.6,0.31,1.0,-0.69,0.0,0.15,-0.15,0.31,1.15,-0.84,1,1,0,1.6,37.4,32.73,43.51,0.19,0.98,101,6,4,14,21.05,14.29,13.65,1,1,5,1,18,22.8,12.21,86.87,83.31,45.67,27.35,1,Sporting Charleroi 1-1 Sint-Truiden,2025-08-03
OH Leuven,0.57,3.12,-2.55,0.23,2.07,-1.84,0.34,0.29,0.05,0.57,2.36,-1.79,0,5,-5,-2.45,48.1,40.75,41.36,0.33,1.11,126,9,6,18,18.18,16.22,8.39,11,11,17,7,9,37.9,20.81,30.0,46.58,16.34,4.76,2,Union Saint-Gilloise 5-0 OH Leuven,2025-08-03
Union Saint-Gilloise,3.12,0.57,2.55,2.07,0.23,1.84,0.29,0.34,-0.05,2.36,0.57,1.79,5,0,5,2.45,51.9,59.25,51.89,1.11,0.33,205,21,18,6,16.22,18.18,8.03,11,11,17,4,12,144.2,79.19,34.4,53.42,327.29,95.24,3,Union Saint-Gilloise 5-0 OH Leuven,2025-08-03
Anderlecht,2.12,1.49,0.63,1.25,1.15,0.1,0.11,0.34,-0.23,1.36,1.49,-0.13,2,0,2,1.37,47.1,45.14,41.41,0.94,0.79,140,11,9,12,9.57,15.19,11.85,6,8,10,3,21,78.7,43.6,50.0,49.34,89.57,56.24,0,Cercle Brugge 0-2 Anderlecht,2025-08-03
Cercle Brugge,1.49,2.12,-0.63,1.15,1.25,-0.1,0.34,0.11,0.23,1.49,1.36,0.13,0,2,-2,-1.37,52.9,54.86,50.13,0.79,0.94,255,13,12,9,15.19,9.57,9.03,8,6,28,5,7,101.8,56.4,51.33,50.66,69.7,43.76,0,Cercle Brugge 0-2 Anderlecht,2025-08-03
Antwerp,1.02,1.96,-0.94,1.02,1.96,-0.94,0.0,0.0,0.0,1.02,1.96,-0.94,1,1,0,0.94,27.4,27.93,42.75,0.36,1.0,109,5,6,15,16.67,15.0,22.88,2,1,12,2,10,18.4,8.28,171.8,94.85,56.23,43.45,0,Genk 1-1 Antwerp,2025-08-03
Genk,1.96,1.02,0.94,1.96,1.02,0.94,0.0,0.0,0.0,1.96,1.02,0.94,1,1,0,-0.94,72.6,72.07,51.72,1.0,0.36,428,19,15,6,15.0,16.67,8.21,1,2,28,4,11,203.8,91.72,9.33,5.15,73.17,56.55,0,Genk 1-1 Antwerp,2025-08-03
RAAL La Louvière,0.62,1.67,-1.05,0.62,1.67,-1.05,0.0,0.0,0.0,0.62,1.67,-1.05,0,1,-1,0.05,23.3,30.52,45.94,0.4,0.94,86,9,5,11,12.5,11.7,17.3,2,1,8,2,19,11.8,6.52,161.67,99.8,57.1,50.01,3,Gent 1-0 RAAL La Louvière,2025-08-02
Gent,1.67,0.62,1.05,1.67,0.62,1.05,0.0,0.0,0.0,1.67,0.62,1.05,1,0,1,-0.05,76.7,69.48,50.48,0.94,0.4,362,10,11,5,11.7,12.5,6.56,1,2,30,5,12,169.3,93.48,0.33,0.2,57.07,49.99,1,Gent 1-0 RAAL La Louvière,2025-08-02
Dender,0.92,1.16,-0.24,0.92,0.98,-0.06,0.0,0.18,-0.18,0.92,1.16,-0.24,1,1,0,0.24,53.1,48.05,44.95,0.81,0.64,237,11,9,10,11.11,15.62,10.19,6,3,14,1,13,107.7,50.4,38.27,31.18,65.9,35.76,1,Standard Liège 1-1 Dender,2025-08-02
Standard Liège,1.16,0.92,0.24,0.98,0.92,0.06,0.18,0.0,0.18,1.16,0.92,0.24,1,1,0,-0.24,46.9,51.95,49.22,0.64,0.81,225,8,10,9,15.62,11.11,15.59,3,6,24,5,11,106.0,49.6,84.47,68.82,118.4,64.24,0,Standard Liège 1-1 Dender,2025-08-02
Zulte Waregem,0.86,1.57,-0.71,0.64,1.47,-0.83,0.22,0.11,0.11,0.86,1.57,-0.71,1,3,-2,-1.29,52.8,53.67,48.12,0.34,0.36,222,7,12,13,35.29,36.11,15.74,3,4,13,5,10,94.9,59.54,67.33,57.35,88.37,44.6,2,Westerlo 3-1 Zulte Waregem,2025-08-02
Westerlo,1.57,0.86,0.71,1.47,0.64,0.83,0.11,0.22,-0.11,1.57,0.86,0.71,3,1,2,1.29,47.2,46.33,43.64,0.36,0.34,176,15,13,12,36.11,35.29,16.33,4,3,17,3,7,64.5,40.46,50.07,42.65,109.77,55.4,0,Westerlo 3-1 Zulte Waregem,2025-08-02
Club Brugge,2.66,1.9,0.76,2.55,1.14,1.41,0.11,0.0,0.11,2.66,1.14,1.52,1,2,-1,-1.76,65.3,78.15,56.55,2.19,0.34,438,25,20,9,9.13,26.47,14.45,5,0,26,3,7,300.6,95.43,11.53,10.87,208.73,83.19,1,Mechelen 2-1 Club Brugge,2025-08-01
Mechelen,1.9,2.66,-0.76,1.14,2.55,-1.41,0.0,0.11,-0.11,1.14,2.66,-1.52,2,1,1,1.76,34.7,21.85,41.69,0.34,2.19,123,3,9,20,26.47,9.13,29.5,0,5,11,2,11,14.4,4.57,94.53,89.13,42.17,16.81,0,Mechelen 2-1 Club Brugge,2025-08-01
Gent,1.81,2.0,-0.19,0.76,1.65,-0.89,0.29,0.36,-0.07,1.05,2.0,-0.95,1,3,-2,-1.81,52.4,55.1,46.47,0.31,0.9,216,7,12,15,38.71,16.67,12.07,5,4,21,6,10,80.7,54.6,53.93,48.88,84.7,54.94,3,Sint-Truiden 3-1 Gent,2025-07-27
Sint-Truiden,2.0,1.81,0.19,1.65,0.76,0.89,0.36,0.29,0.07,2.0,1.05,0.95,3,1,2,1.81,47.6,44.9,45.11,0.9,0.31,180,18,15,12,16.67,38.71,11.15,4,5,15,4,13,67.1,45.4,56.4,51.12,69.47,45.06,0,Sint-Truiden 3-1 Gent,2025-07-27
Genk,1.93,2.84,-0.91,1.92,1.51,0.41,0.01,1.33,-1.32,1.93,2.84,-0.91,1,2,-1,-0.09,43.9,39.13,45.3,0.56,0.99,189,14,17,18,30.36,18.18,16.36,6,7,15,6,7,55.3,25.53,88.53,59.08,82.23,38.27,1,Club Brugge 2-1 Genk,2025-07-27
Club Brugge,2.84,1.93,0.91,1.51,1.92,-0.41,1.33,0.01,1.32,2.84,1.93,0.91,2,1,1,0.09,56.1,60.87,48.47,0.99,0.56,260,19,18,17,18.18,30.36,11.57,7,6,22,8,10,161.3,74.47,61.33,40.92,132.63,61.73,1,Club Brugge 2-1 Genk,2025-07-27
Sporting Charleroi,2.22,1.43,0.79,0.64,1.43,-0.79,1.57,0.0,1.57,2.22,1.43,0.79,2,2,0,-0.79,56.1,59.28,52.53,0.61,0.44,267,13,15,7,24.59,15.91,8.31,5,5,32,8,14,138.1,77.45,51.53,46.76,133.23,64.31,6,OH Leuven 2-2 Sporting Charleroi,2025-07-27
OH Leuven,1.43,2.22,-0.79,1.43,0.64,0.79,0.0,1.57,-1.57,1.43,2.22,-0.79,2,2,0,0.79,43.9,40.72,41.75,0.44,0.61,134,9,7,15,15.91,24.59,10.5,5,5,17,4,15,40.2,22.55,58.67,53.24,73.93,35.69,0,OH Leuven 2-2 Sporting Charleroi,2025-07-27
Westerlo,1.61,4.32,-2.71,1.07,3.89,-2.82,0.54,0.43,0.11,1.61,4.32,-2.71,2,5,-3,-0.29,51.9,29.28,40.81,0.5,0.88,138,10,10,25,20.0,28.41,8.6,3,10,7,3,14,39.3,13.8,16.0,18.63,17.4,4.47,0,Anderlecht 5-2 Westerlo,2025-07-27
Anderlecht,4.32,1.61,2.71,3.89,1.07,2.82,0.43,0.54,-0.11,4.32,1.61,2.71,5,2,3,0.29,48.1,70.72,56.27,0.88,0.5,245,27,25,10,28.41,20.0,10.0,10,3,21,8,14,245.4,86.2,69.87,81.37,372.1,95.53,0,Anderlecht 5-2 Westerlo,2025-07-27
Standard Liège,1.73,1.36,0.37,0.97,1.31,-0.34,0.0,0.05,-0.05,0.97,1.36,-0.39,2,0,2,1.63,54.5,34.56,38.73,0.39,0.65,122,5,9,14,23.08,21.54,11.15,2,7,8,1,12,29.4,20.52,28.6,23.28,37.73,24.67,0,RAAL La Louvière 0-2 Standard Liège,2025-07-26
RAAL La Louvière,1.36,1.73,-0.37,1.31,0.97,0.34,0.05,0.0,0.05,1.36,0.97,0.39,0,2,-2,-1.63,45.5,65.44,48.26,0.65,0.39,190,12,14,9,21.54,23.08,12.85,7,2,28,6,15,113.9,79.48,94.27,76.72,115.2,75.33,4,RAAL La Louvière 0-2 Standard Liège,2025-07-26
Mechelen,0.62,3.55,-2.93,0.34,2.66,-2.32,0.28,0.13,0.15,0.62,2.79,-2.17,1,1,0,2.93,43.6,33.15,42.61,0.46,1.49,157,9,7,21,15.22,14.09,25.38,1,5,17,6,8,21.5,9.57,58.2,45.54,28.53,15.89,0,Zulte Waregem 1-1 Mechelen,2025-07-26
Zulte Waregem,3.55,0.62,2.93,2.66,0.34,2.32,0.13,0.28,-0.15,2.79,0.62,2.17,1,1,0,-2.93,56.4,66.85,55.14,1.49,0.46,350,29,21,7,14.09,15.22,12.27,5,1,27,9,8,203.1,90.43,69.6,54.46,151.03,84.11,5,Zulte Waregem 1-1 Mechelen,2025-07-26
Cercle Brugge,1.19,2.06,-0.87,0.83,1.7,-0.87,0.36,0.36,0.0,1.19,2.06,-0.87,0,0,0,0.87,45.8,49.3,46.88,0.38,0.71,166,9,10,11,26.32,15.49,11.0,5,3,16,3,13,70.4,40.55,65.33,64.3,78.23,48.83,2,Dender 0-0 Cercle Brugge,2025-07-26
Dender,2.06,1.19,0.87,1.7,0.83,0.87,0.36,0.36,0.0,2.06,1.19,0.87,0,0,0,-0.87,54.2,50.7,43.83,0.71,0.38,169,15,11,10,15.49,26.32,10.11,3,5,15,3,12,103.2,59.45,36.27,35.7,81.97,51.17,1,Dender 0-0 Cercle Brugge,2025-07-26
Union Saint-Gilloise,2.86,0.82,2.04,1.59,0.75,0.84,0.51,0.07,0.44,2.1,0.82,1.28,1,1,0,-2.04,56.7,67.11,48.72,0.69,0.82,243,13,17,8,24.64,9.76,9.27,10,4,17,5,16,116.8,78.71,35.2,37.03,101.53,67.23,2,Antwerp 1-1 Union Saint-Gilloise,2025-07-25
Antwerp,0.82,2.86,-2.04,0.75,1.59,-0.84,0.07,0.51,-0.44,0.82,2.1,-1.28,1,1,0,2.04,43.3,32.89,38.39,0.82,0.69,108,10,8,17,9.76,24.64,12.06,4,10,9,2,9,31.6,21.29,59.87,62.97,49.5,32.77,0,Antwerp 1-1 Union Saint-Gilloise,2025-07-25
