Team,xG,xGA,xGD,Open Play xG,Open Play xGA,Open Play xGD,Set Piece xG,Set Piece xGA,Set Piece xGD,npxG,npxGA,npxGD,Goals,Goals Conceded,GD,GD-xGD,Possession,Field Tilt,Avg Pass Height,xT,xT Against,Passes in Opposition Half,Passes into Box,Shots,Shots Faced,Shots per 1.0 xT,Shots Faced per 1.0 xT Against,PPDA,High Recoveries,High Recoveries Against,Crosses,Corners,Fouls,On-Ball Pressure,On-Ball Pressure Share,Off-Ball Pressure,Off-Ball Pressure Share,Game Control,Game Control Share,Throw-Ins into the Box,Match,Date
Beerschot,2.45,0.42,2.03,2.45,0.30,2.15,0.00,0.11,-0.11,2.45,0.42,2.03,1,1,0,-2.03,78.10,80.15,58.12,1.27,0.25,446,23,13,5,10.24,20.0,6.64,2,1,35,5,7,247.1,98.33,0.0,0.0,93.8,66.37,0,Patro Eisden 1-1 Beerschot,2026-04-23
Patro Eisden,0.42,2.45,-2.03,0.30,2.45,-2.15,0.11,0.00,0.11,0.42,2.45,-2.03,1,1,0,2.03,21.90,19.85,45.12,0.25,1.27,67,4,5,13,20.0,10.24,21.89,1,2,11,2,15,4.2,1.67,184.13,100.0,47.53,33.63,1,Patro Eisden 1-1 Beerschot,2026-04-23
Liège,0.48,1.46,-0.98,0.40,1.46,-1.06,0.08,0.00,0.08,0.48,1.46,-0.98,0,3,-3,-2.02,45.00,44.9,46.61,0.58,1.21,221,11,6,11,10.34,9.09,17.96,5,4,28,2,14,81.3,36.8,86.8,72.13,49.08,16.46,0,Lommel 3-0 Liège,2026-04-23
Lommel,1.46,0.48,0.98,1.46,0.40,1.06,0.00,0.08,-0.08,1.46,0.48,0.98,3,0,3,2.02,55.00,55.1,45.95,1.21,0.58,262,23,11,6,9.09,10.34,15.58,4,5,18,3,7,139.6,63.2,33.53,27.87,249.03,83.54,2,Lommel 3-0 Liège,2026-04-23
Eupen,2.11,1.91,0.2,1.8,1.72,0.08,0.31,0.19,0.12,2.11,1.91,0.2,1,2,-1,-1.2,53.6,55.16,43.68,0.88,0.81,184,21,15,12,17.05,14.81,6.87,8,4,22,7,16,112.3,60.77,41.07,37.89,105.47,53.84,5,Liège 2-1 Eupen,2026-04-17
Liège,1.91,2.11,-0.2,1.72,1.8,-0.08,0.19,0.31,-0.12,1.91,2.11,-0.2,2,1,1,1.2,46.4,44.84,42.67,0.81,0.88,158,13,12,15,14.81,17.05,9.53,4,8,19,6,19,72.5,39.23,67.33,62.11,90.43,46.16,0,Liège 2-1 Eupen,2026-04-17
Francs Borains,0.61,2.86,-2.25,0.61,2.68,-2.07,0.0,0.19,-0.19,0.61,2.86,-2.25,0,4,-4,-1.75,59.1,57.55,49.45,0.39,0.5,217,12,8,15,20.51,30.0,7.35,11,4,17,4,8,59.5,45.39,14.13,16.18,23.58,14.26,4,Patro Eisden 4-0 Francs Borains,2026-04-17
Patro Eisden,2.86,0.61,2.25,2.68,0.61,2.07,0.19,0.0,0.19,2.86,0.61,2.25,4,0,4,1.75,40.9,42.45,42.76,0.5,0.39,108,11,15,8,30.0,20.51,14.04,4,11,14,2,15,71.6,54.61,73.2,83.82,141.73,85.74,4,Patro Eisden 4-0 Francs Borains,2026-04-17
Beveren,1.5,2.33,-0.83,1.47,2.21,-0.74,0.02,0.12,-0.1,1.5,2.33,-0.83,2,1,1,1.83,61.1,56.05,46.97,1.43,0.62,270,16,14,10,9.79,16.13,11.21,6,4,18,3,10,132.5,65.43,36.4,31.31,116.9,57.71,0,Seraing 1-2 Beveren,2026-04-17
Seraing,2.33,1.5,0.83,2.21,1.47,0.74,0.12,0.02,0.1,2.33,1.5,0.83,1,2,-1,-1.83,38.9,43.95,41.7,0.62,1.43,150,7,10,14,16.13,9.79,19.41,4,6,15,2,12,70.0,34.57,79.87,68.69,85.67,42.29,0,Seraing 1-2 Beveren,2026-04-17
Gent II,1.33,1.49,-0.16,1.17,0.89,0.28,0.16,0.6,-0.44,1.33,1.49,-0.16,1,1,0,0.16,67.6,64.62,46.7,0.47,0.67,301,12,9,11,19.15,16.42,8.83,3,4,8,4,11,164.1,69.56,20.33,11.22,90.57,41.01,0,KRC Genk II 1-1 Gent II,2026-04-17
KRC Genk II,1.49,1.33,0.16,0.89,1.17,-0.28,0.6,0.16,0.44,1.49,1.33,0.16,1,1,0,-0.16,32.4,35.38,46.67,0.67,0.47,152,8,11,9,16.42,19.15,23.96,4,3,9,6,6,71.8,30.44,160.87,88.78,130.3,58.99,0,KRC Genk II 1-1 Gent II,2026-04-17
Lommel,2.19,2.34,-0.15,0.79,1.04,-0.25,0.64,0.54,0.1,1.43,1.58,-0.15,1,2,-1,-0.85,51.0,38.8,43.49,0.73,0.87,177,7,10,17,13.7,19.54,18.24,1,7,11,3,8,54.5,26.48,58.6,53.08,51.47,21.54,1,Beerschot 2-1 Lommel,2026-04-17
Beerschot,2.34,2.19,0.15,1.04,0.79,0.25,0.54,0.64,-0.1,1.58,1.43,0.15,2,1,1,0.85,49.0,61.2,50.2,0.87,0.73,229,18,17,10,19.54,13.7,14.03,7,1,32,8,11,151.3,73.52,51.8,46.92,187.47,78.46,0,Beerschot 2-1 Lommel,2026-04-17
Olympic Charleroi,0.98,3.28,-2.3,0.89,2.59,-1.7,0.09,0.69,-0.6,0.98,3.28,-2.3,0,5,-5,-2.7,48.0,28.16,38.98,0.7,1.38,122,10,11,22,15.71,15.94,15.95,1,12,16,4,9,49.1,16.91,57.67,48.27,25.04,5.59,0,Anderlecht II 5-0 Olympic Charleroi,2026-04-17
Anderlecht II,3.28,0.98,2.3,2.59,0.89,1.7,0.69,0.09,0.6,3.28,0.98,2.3,5,0,5,2.7,52.0,71.84,50.48,1.38,0.7,247,20,22,11,15.94,15.71,8.95,12,1,15,5,13,241.3,83.09,61.8,51.73,423.09,94.41,2,Anderlecht II 5-0 Olympic Charleroi,2026-04-17
Lokeren,1.67,1.95,-0.28,1.47,1.83,-0.36,0.2,0.12,0.08,1.67,1.95,-0.28,1,1,0,0.28,53.1,55.63,47.09,0.63,0.51,182,12,15,16,23.81,31.37,8.29,1,4,21,7,11,109.2,54.03,35.0,33.04,91.57,43.86,4,Lierse SK 1-1 Lokeren,2026-04-17
Lierse SK,1.95,1.67,0.28,1.83,1.47,0.36,0.12,0.2,-0.08,1.95,1.67,0.28,1,1,0,-0.28,46.9,44.37,48.85,0.51,0.63,158,10,16,15,31.37,23.81,11.48,4,1,18,8,11,92.9,45.97,70.93,66.96,117.2,56.14,0,Lierse SK 1-1 Lokeren,2026-04-17
RWDM Brussels,0.86,2.7,-1.84,0.83,2.19,-1.36,0.03,0.51,-0.48,0.86,2.7,-1.84,1,3,-2,-0.16,45.0,47.19,52.57,0.54,0.39,222,11,8,22,14.81,56.41,10.33,6,3,20,6,14,65.2,29.96,56.07,82.29,58.03,26.71,1,Kortrijk 3-1 RWDM Brussels,2026-04-17
Kortrijk,2.7,0.86,1.84,2.19,0.83,1.36,0.51,0.03,0.48,2.7,0.86,1.84,3,1,2,0.16,55.0,52.81,50.16,0.39,0.54,240,19,22,8,56.41,14.81,11.32,3,6,22,12,9,152.4,70.04,12.07,17.71,159.23,73.29,0,Kortrijk 3-1 RWDM Brussels,2026-04-17
Liège,1.88,1.34,0.54,1.79,1.34,0.45,0.1,0.0,0.1,1.88,1.34,0.54,2,0,2,1.46,41.8,52.21,52.9,0.56,0.84,237,12,15,11,26.79,13.1,22.29,3,2,26,6,10,85.0,47.97,115.2,90.71,184.57,97.22,0,Gent II 0-2 Liège,2026-04-12
Gent II,1.34,1.88,-0.54,1.34,1.79,-0.45,0.0,0.1,-0.1,1.34,1.88,-0.54,0,2,-2,-1.46,58.2,47.79,45.09,0.84,0.56,234,6,11,15,13.1,26.79,11.92,2,3,6,2,11,92.2,52.03,11.8,9.29,5.27,2.78,0,Gent II 0-2 Liège,2026-04-12
KRC Genk II,0.94,1.77,-0.83,0.86,1.71,-0.85,0.09,0.07,0.02,0.94,1.77,-0.83,2,2,0,0.83,53.1,42.86,40.99,0.34,0.58,155,6,14,13,41.18,22.41,13.68,4,9,6,2,5,59.6,33.35,26.73,26.54,56.03,23.36,1,Francs Borains 2-2 KRC Genk II,2026-04-11
Francs Borains,1.77,0.94,0.83,1.71,0.86,0.85,0.07,0.09,-0.02,1.77,0.94,0.83,2,2,0,-0.83,46.9,57.14,46.21,0.58,0.34,182,11,13,14,22.41,41.18,13.39,9,4,13,3,16,119.1,66.65,74.0,73.46,183.8,76.64,1,Francs Borains 2-2 KRC Genk II,2026-04-11
Lierse SK,3.17,0.69,2.48,1.37,0.59,0.78,0.28,0.1,0.18,1.65,0.69,0.96,1,0,1,-1.48,51.3,48.16,45.55,0.92,0.48,171,11,18,17,19.57,35.42,6.51,6,4,15,3,15,82.5,50.21,12.27,25.49,83.7,49.73,3,Olympic Charleroi 0-1 Lierse SK,2026-04-11
Olympic Charleroi,0.69,3.17,-2.48,0.59,1.37,-0.78,0.1,0.28,-0.18,0.69,1.65,-0.96,0,1,-1,1.48,48.7,51.84,46.19,0.48,0.92,174,11,17,18,35.42,19.57,8.76,4,6,13,3,17,81.8,49.79,35.87,74.51,84.6,50.27,0,Olympic Charleroi 0-1 Lierse SK,2026-04-11
Club Brugge II,1.95,2.73,-0.78,1.57,2.66,-1.09,0.39,0.07,0.32,1.95,2.73,-0.78,1,0,1,1.78,48.4,39.76,39.71,0.43,1.64,171,12,13,22,30.23,13.41,18.55,3,5,17,7,7,54.3,23.32,20.87,22.55,30.87,13.07,0,Lommel 0-1 Club Brugge II,2026-04-11
Lommel,2.73,1.95,0.78,2.66,1.57,1.09,0.07,0.39,-0.32,2.73,1.95,0.78,0,1,-1,-1.78,51.6,60.24,49.1,1.64,0.43,273,24,22,13,13.41,30.23,14.5,5,3,26,5,15,178.5,76.68,71.67,77.45,205.27,86.93,0,Lommel 0-1 Club Brugge II,2026-04-11
Kortrijk,0.78,0.61,0.17,0.75,0.56,0.19,0.03,0.05,-0.02,0.78,0.61,0.17,0,1,-1,-1.17,43.2,39.0,44.57,0.86,0.59,151,12,8,7,9.3,11.86,12.73,2,5,26,3,12,42.5,33.18,83.13,77.5,68.43,49.32,1,Beveren 1-0 Kortrijk,2026-04-11
Beveren,0.61,0.78,-0.17,0.56,0.75,-0.19,0.05,0.03,0.02,0.61,0.78,-0.17,1,0,1,1.17,56.8,61.0,45.37,0.59,0.86,237,10,7,8,11.86,9.3,8.9,5,2,23,4,12,85.6,66.82,24.13,22.5,70.33,50.68,0,Beveren 1-0 Kortrijk,2026-04-11
Anderlecht II,1.17,2.01,-0.84,1.13,1.94,-0.81,0.05,0.07,-0.02,1.17,2.01,-0.84,1,2,-1,-0.16,58.4,67.24,50.67,0.71,0.9,258,17,15,11,21.13,12.22,6.67,11,8,24,7,14,153.6,72.05,17.13,20.86,125.5,58.96,1,RWDM Brussels 2-1 Anderlecht II,2026-04-11
RWDM Brussels,2.01,1.17,0.84,1.94,1.13,0.81,0.07,0.05,0.02,2.01,1.17,0.84,2,1,1,0.16,41.6,32.76,39.38,0.9,0.71,102,15,11,15,12.22,21.13,7.53,8,11,21,5,16,59.6,27.95,65.0,79.14,87.37,41.04,0,RWDM Brussels 2-1 Anderlecht II,2026-04-11
Seraing,1.29,2.89,-1.6,1.29,1.77,-0.48,0.0,0.35,-0.35,1.29,2.13,-0.84,1,1,0,1.6,37.3,39.56,41.91,0.1,1.1,110,3,6,15,60.0,13.64,15.69,1,9,14,1,20,30.6,17.74,92.6,84.28,61.43,39.05,1,Lokeren 1-1 Seraing,2026-04-10
Lokeren,2.89,1.29,1.6,1.77,1.29,0.48,0.35,0.0,0.35,2.13,1.29,0.84,1,1,0,-1.6,62.7,60.44,47.32,1.1,0.1,241,23,15,6,13.64,60.0,6.48,9,1,15,6,9,141.9,82.26,17.27,15.72,95.9,60.95,2,Lokeren 1-1 Seraing,2026-04-10
Beerschot,3.0,2.92,0.08,2.21,2.16,0.05,0.03,0.0,0.03,2.24,2.16,0.08,3,3,0,-0.08,51.3,62.64,45.59,0.79,1.04,194,14,13,17,16.46,16.35,13.67,2,5,14,4,14,116.5,62.87,57.0,48.5,125.97,61.58,0,Eupen 3-3 Beerschot,2026-04-10
Eupen,2.92,3.0,-0.08,2.16,2.21,-0.05,0.0,0.03,-0.03,2.16,2.24,-0.08,3,3,0,0.08,48.7,37.36,39.82,1.04,0.79,133,14,17,13,16.35,16.46,8.85,5,2,17,2,20,68.8,37.13,60.53,51.5,78.6,38.42,1,Eupen 3-3 Beerschot,2026-04-10
Olympic Charleroi,1.86,1.74,0.12,1.52,1.38,0.14,0.34,0.36,-0.02,1.86,1.74,0.12,1,2,-1,-1.12,53.1,50.36,44.48,0.96,1.38,182,11,19,17,19.79,12.32,10.12,1,9,23,5,8,98.8,53.93,48.4,37.81,68.6,29.71,2,Liège 2-1 Olympic Charleroi,2026-04-05
Liège,1.74,1.86,-0.12,1.38,1.52,-0.14,0.36,0.34,0.02,1.74,1.86,-0.12,2,1,1,1.12,46.9,49.64,44.72,1.38,0.96,157,19,17,19,12.32,19.79,12.93,9,1,18,6,11,84.4,46.07,79.6,62.19,162.27,70.29,0,Liège 2-1 Olympic Charleroi,2026-04-05
Patro Eisden,1.74,1.8,-0.06,1.56,1.73,-0.17,0.19,0.07,0.12,1.74,1.8,-0.06,0,2,-2,-1.94,48.8,48.75,44.61,0.49,0.29,159,22,13,8,26.53,27.59,7.11,10,4,19,4,13,90.7,51.89,48.8,52.47,89.77,48.91,8,Seraing 2-0 Patro Eisden,2026-04-05
Seraing,1.8,1.74,0.06,1.73,1.56,0.17,0.07,0.19,-0.12,1.8,1.74,0.06,2,0,2,1.94,51.2,51.25,44.53,0.29,0.49,168,3,8,13,27.59,26.53,9.59,4,10,20,6,19,84.1,48.11,44.2,47.53,93.77,51.09,0,Seraing 2-0 Patro Eisden,2026-04-05
RWDM Brussels,0.26,2.1,-1.84,0.24,2.1,-1.86,0.02,0.0,0.02,0.26,2.1,-1.84,2,3,-1,0.84,39.1,31.71,39.51,0.19,1.42,121,2,5,14,26.32,9.86,15.59,1,9,16,3,12,27.8,13.25,82.07,70.22,36.8,20.22,0,Lommel 3-2 RWDM Brussels,2026-04-04
Lommel,2.1,0.26,1.84,2.1,0.24,1.86,0.0,0.02,-0.02,2.1,0.26,1.84,3,2,1,-0.84,60.9,68.29,49.84,1.42,0.19,311,14,14,5,9.86,26.32,9.11,9,1,21,6,10,182.0,86.75,34.8,29.78,145.23,79.78,0,Lommel 3-2 RWDM Brussels,2026-04-04
Francs Borains,0.92,1.12,-0.2,0.88,0.58,0.3,0.05,0.54,-0.49,0.92,1.12,-0.2,2,0,2,2.2,42.0,37.07,47.87,0.32,0.52,162,10,6,10,18.75,19.23,12.29,2,5,15,3,13,43.4,27.4,69.87,90.04,84.03,65.28,4,Lierse SK 0-2 Francs Borains,2026-04-04
Lierse SK,1.12,0.92,0.2,0.58,0.88,-0.3,0.54,0.05,0.49,1.12,0.92,0.2,0,2,-2,-2.2,58.0,62.93,49.47,0.52,0.32,250,16,10,6,19.23,18.75,6.09,5,2,21,5,19,115.0,72.6,7.73,9.96,44.7,34.72,5,Lierse SK 0-2 Francs Borains,2026-04-04
Eupen,1.27,1.08,0.19,1.11,0.79,0.32,0.16,0.29,-0.13,1.27,1.08,0.19,1,0,1,0.81,44.1,36.78,38.04,0.26,0.37,137,9,10,12,38.46,32.43,9.04,17,4,10,2,18,47.0,21.72,108.73,69.41,94.3,43.5,0,Club Brugge II 0-1 Eupen,2026-04-04
Club Brugge II,1.08,1.27,-0.19,0.79,1.11,-0.32,0.29,0.16,0.13,1.08,1.27,-0.19,0,1,-1,-0.81,55.9,63.22,43.21,0.37,0.26,218,18,12,10,32.43,38.46,11.47,4,17,16,6,14,169.4,78.28,47.93,30.59,122.5,56.5,0,Club Brugge II 0-1 Eupen,2026-04-04
Beveren,3.52,0.47,3.05,2.36,0.42,1.94,0.39,0.05,0.34,2.76,0.47,2.29,5,0,5,1.95,52.5,60.32,45.32,0.92,0.13,200,18,15,9,16.3,69.23,11.21,10,4,16,4,12,120.3,87.05,57.33,45.31,197.8,90.91,1,Anderlecht II 0-5 Beveren,2026-04-04
Anderlecht II,0.47,3.52,-3.05,0.42,2.36,-1.94,0.05,0.39,-0.34,0.47,2.76,-2.29,0,5,-5,-1.95,47.5,39.68,41.46,0.13,0.92,142,5,9,15,69.23,16.3,16.39,4,10,12,6,7,17.9,12.95,69.2,54.69,19.77,9.09,0,Anderlecht II 0-5 Beveren,2026-04-04
Lokeren,2.05,1.44,0.61,1.92,0.68,1.24,0.13,0.0,0.13,2.05,0.68,1.37,2,2,0,-0.61,54.4,65.13,48.09,1.08,0.29,178,23,10,10,9.26,34.48,6.9,12,7,14,4,19,131.8,77.03,22.6,36.89,130.27,73.56,2,KRC Genk II 2-2 Lokeren,2026-04-03
KRC Genk II,1.44,2.05,-0.61,0.68,1.92,-1.24,0.0,0.13,-0.13,0.68,2.05,-1.37,2,2,0,0.61,45.6,34.87,45.33,0.29,1.08,139,4,10,10,34.48,9.26,7.73,7,12,11,3,12,39.3,22.97,38.67,63.11,46.83,26.44,0,KRC Genk II 2-2 Lokeren,2026-04-03
Gent II,0.67,5.11,-4.44,0.67,3.77,-3.1,0.0,0.57,-0.57,0.67,4.35,-3.68,0,2,-2,2.44,63.5,53.02,44.53,0.66,1.13,260,6,7,25,10.61,22.12,9.5,5,8,12,2,10,62.1,35.2,4.4,3.19,12.77,5.8,0,Kortrijk 2-0 Gent II,2026-04-03
Kortrijk,5.11,0.67,4.44,3.77,0.67,3.1,0.57,0.0,0.57,4.35,0.67,3.68,2,0,2,-2.44,36.5,46.98,47.03,1.13,0.66,146,19,25,7,22.12,10.61,16.26,8,5,33,6,13,114.3,64.8,133.73,96.81,207.43,94.2,2,Kortrijk 2-0 Gent II,2026-04-03
Anderlecht II,2.06,2.52,-0.46,1.3,2.47,-1.17,0.0,0.05,-0.05,1.3,2.52,-1.22,2,4,-2,-1.54,52.1,50.0,43.67,0.78,0.94,179,7,13,12,16.67,12.77,10.17,5,3,20,8,10,63.2,43.38,25.27,34.62,48.53,37.29,3,Lokeren 4-2 Anderlecht II,2026-03-21
Lokeren,2.52,2.06,0.46,2.47,1.3,1.17,0.05,0.0,0.05,2.52,1.3,1.22,4,2,2,1.54,47.9,50.0,46.57,0.94,0.78,158,12,12,13,12.77,16.67,12.29,3,5,19,6,14,82.5,56.62,47.73,65.38,81.6,62.71,1,Lokeren 4-2 Anderlecht II,2026-03-21
Lierse SK,1.69,1.56,0.13,1.68,1.56,0.12,0.01,0.0,0.01,1.69,1.56,0.13,1,1,0,-0.13,56.1,59.17,44.91,0.68,0.52,226,11,9,15,13.24,28.85,8.74,10,6,18,8,15,103.7,52.91,44.6,34.36,87.03,38.89,2,RWDM Brussels 1-1 Lierse SK,2026-03-21
RWDM Brussels,1.56,1.69,-0.13,1.56,1.68,-0.12,0.0,0.01,-0.01,1.56,1.69,-0.13,1,1,0,0.13,43.9,40.83,41.7,0.52,0.68,134,6,15,9,28.85,13.24,10.12,6,10,12,2,11,92.3,47.09,85.2,65.64,136.73,61.11,0,RWDM Brussels 1-1 Lierse SK,2026-03-21
Liège,0.32,3.13,-2.81,0.27,3.13,-2.86,0.05,0.0,0.05,0.32,3.13,-2.81,0,4,-4,-1.19,35.5,24.8,43.15,0.16,1.34,119,2,5,19,31.25,14.18,23.16,3,4,16,2,7,37.8,12.12,79.2,90.9,40.87,12.42,1,Beveren 4-0 Liège,2026-03-21
Beveren,3.13,0.32,2.81,3.13,0.27,2.86,0.0,0.05,-0.05,3.13,0.32,2.81,4,0,4,1.19,64.5,75.2,51.43,1.34,0.16,332,24,19,5,14.18,31.25,10.96,4,3,19,4,7,274.0,87.88,7.93,9.1,288.07,87.58,0,Beveren 4-0 Liège,2026-03-21
Club Brugge II,1.85,3.84,-1.99,1.78,3.19,-1.41,0.07,0.65,-0.58,1.85,3.84,-1.99,2,3,-1,0.99,46.4,29.92,36.57,0.51,0.9,124,7,16,31,31.37,34.44,13.58,6,12,9,1,10,31.8,16.07,56.8,40.63,34.43,16.52,0,Gent II 3-2 Club Brugge II,2026-03-21
Gent II,3.84,1.85,1.99,3.19,1.78,1.41,0.65,0.07,0.58,3.84,1.85,1.99,3,2,1,-0.99,53.6,70.08,47.22,0.9,0.51,241,13,31,16,34.44,31.37,11.03,12,6,27,9,14,166.1,83.93,83.0,59.37,173.93,83.48,0,Gent II 3-2 Club Brugge II,2026-03-21
Kortrijk,3.44,2.05,1.39,3.04,2.01,1.03,0.4,0.03,0.37,3.44,2.05,1.39,1,4,-3,-4.39,57.7,55.36,52.04,1.41,0.64,264,18,16,13,11.35,20.31,7.2,5,5,24,4,13,116.1,60.37,12.0,14.07,78.06,33.84,5,Francs Borains 4-1 Kortrijk,2026-03-21
Francs Borains,2.05,3.44,-1.39,2.01,3.04,-1.03,0.03,0.4,-0.37,2.05,3.44,-1.39,4,1,3,4.39,42.3,44.64,50.47,0.64,1.41,183,11,13,16,20.31,11.35,10.26,5,5,18,8,12,76.2,39.63,73.27,85.93,152.62,66.16,3,Francs Borains 4-1 Kortrijk,2026-03-21
Beerschot,4.51,0.52,3.99,3.73,0.48,3.25,0.02,0.04,-0.02,3.75,0.52,3.23,4,0,4,0.01,51.8,54.18,47.27,1.27,0.39,225,10,15,6,11.81,15.38,13.21,6,4,12,2,7,110.5,68.38,73.07,60.19,186.57,87.55,0,Patro Eisden 0-4 Beerschot,2026-03-20
Patro Eisden,0.52,4.51,-3.99,0.48,3.73,-3.25,0.04,0.02,0.02,0.52,3.75,-3.23,0,4,-4,-0.01,48.2,45.82,40.48,0.39,1.27,139,6,6,15,15.38,11.81,15.23,4,6,21,3,13,51.1,31.62,48.33,39.81,26.53,12.45,4,Patro Eisden 0-4 Beerschot,2026-03-20
KRC Genk II,2.1,1.6,0.5,1.9,1.33,0.57,0.2,0.27,-0.07,2.1,1.6,0.5,2,1,1,0.5,53.7,64.53,50.1,1.24,0.52,252,12,13,7,10.48,13.46,8.43,9,6,22,7,12,153.3,88.56,39.87,37.49,143.57,81.69,1,Olympic Charleroi 1-2 KRC Genk II,2026-03-20
Olympic Charleroi,1.6,2.1,-0.5,1.33,1.9,-0.57,0.27,0.2,0.07,1.6,2.1,-0.5,1,2,-1,-0.5,46.3,35.47,41.02,0.52,1.24,138,7,7,13,13.46,10.48,10.15,6,9,18,6,19,19.8,11.44,66.47,62.51,32.17,18.31,0,Olympic Charleroi 1-2 KRC Genk II,2026-03-20
Seraing,1.48,0.12,1.36,1.28,0.12,1.16,0.2,0.0,0.2,1.48,0.12,1.36,0,0,0,-1.36,51.0,59.02,42.91,0.43,0.26,172,9,13,3,30.23,11.54,12.33,5,5,28,7,6,117.6,81.22,78.47,68.87,150.03,90.02,0,Eupen 0-0 Seraing,2026-03-20
Eupen,0.12,1.48,-1.36,0.12,1.28,-1.16,0.0,0.2,-0.2,0.12,1.48,-1.36,0,0,0,1.36,49.0,40.98,38.84,0.26,0.43,135,8,3,13,11.54,30.23,18.21,5,5,11,3,12,27.2,18.78,35.47,31.13,16.63,9.98,3,Eupen 0-0 Seraing,2026-03-20
Gent II,0.76,4.74,-3.98,0.71,3.6,-2.89,0.05,1.14,-1.09,0.76,4.74,-3.98,1,4,-3,0.98,54.1,45.67,46.02,0.24,1.49,207,9,8,24,33.33,16.11,8.0,5,5,11,1,12,49.4,24.99,21.6,29.19,26.78,7.66,0,Lokeren 4-1 Gent II,2026-03-15
Lokeren,4.74,0.76,3.98,3.6,0.71,2.89,1.14,0.05,1.09,4.74,0.76,3.98,4,1,3,-0.98,45.9,54.33,48.51,1.49,0.24,200,27,24,8,16.11,33.33,9.32,5,5,24,13,23,148.3,75.01,52.4,70.81,322.88,92.34,0,Lokeren 4-1 Gent II,2026-03-15
Francs Borains,1.29,3.07,-1.78,1.27,1.16,0.11,0.02,0.39,-0.37,1.29,1.55,-0.26,1,3,-2,-0.22,43.0,42.05,44.4,0.72,1.22,163,8,8,17,11.11,13.93,16.7,5,6,23,3,14,62.3,33.32,57.8,60.5,43.5,15.89,1,Lommel 3-1 Francs Borains,2026-03-15
Lommel,3.07,1.29,1.78,1.16,1.27,-0.11,0.39,0.02,0.37,1.55,1.29,0.26,3,1,2,0.22,57.0,57.95,48.35,1.22,0.72,283,16,17,8,13.93,11.11,10.48,6,5,20,7,12,124.7,66.68,37.73,39.5,230.23,84.11,1,Lommel 3-1 Francs Borains,2026-03-15
Beerschot,1.3,1.54,-0.24,1.28,1.3,-0.02,0.02,0.25,-0.23,1.3,1.54,-0.24,1,0,1,1.24,53.0,58.84,50.6,0.97,0.92,291,21,15,19,15.46,20.65,12.13,3,5,21,6,12,134.6,59.48,76.27,61.05,169.03,74.12,3,Liège 0-1 Beerschot,2026-03-14
Liège,1.54,1.3,0.24,1.3,1.28,0.02,0.25,0.02,0.23,1.54,1.3,0.24,0,1,-1,-1.24,47.0,41.16,41.37,0.92,0.97,164,13,19,15,20.65,15.46,10.34,5,3,29,5,10,91.7,40.52,48.67,38.95,59.03,25.88,2,Liège 0-1 Beerschot,2026-03-14
KRC Genk II,0.76,3.03,-2.27,0.74,2.9,-2.16,0.02,0.12,-0.1,0.76,3.03,-2.27,2,2,0,2.27,54.2,36.69,37.58,0.41,0.58,130,7,10,19,24.39,32.76,10.69,6,5,9,3,5,31.0,18.59,32.33,27.15,39.83,19.3,0,Seraing 2-2 KRC Genk II,2026-03-14
Seraing,3.03,0.76,2.27,2.9,0.74,2.16,0.12,0.02,0.1,3.03,0.76,2.27,2,2,0,-2.27,45.8,63.31,44.64,0.58,0.41,160,14,19,10,32.76,24.39,15.21,5,6,24,7,15,135.8,81.41,86.73,72.85,166.53,80.7,1,Seraing 2-2 KRC Genk II,2026-03-14
Olympic Charleroi,0.26,3.6,-3.34,0.26,2.79,-2.53,0.0,0.81,-0.81,0.26,3.6,-3.34,1,3,-2,1.34,36.5,23.87,41.0,0.15,2.27,109,2,6,22,40.0,9.69,21.65,3,12,4,0,9,23.7,6.88,46.0,54.68,10.77,3.42,0,Kortrijk 3-1 Olympic Charleroi,2026-03-14
Kortrijk,3.6,0.26,3.34,2.79,0.26,2.53,0.81,0.0,0.81,3.6,0.26,3.34,3,1,2,-1.34,63.5,76.13,57.82,2.27,0.15,395,41,22,6,9.69,40.0,8.06,12,3,51,16,12,321.0,93.12,38.13,45.32,303.8,96.58,1,Kortrijk 3-1 Olympic Charleroi,2026-03-14
Beveren,2.46,1.81,0.65,2.3,1.56,0.74,0.17,0.26,-0.09,2.46,1.81,0.65,2,2,0,-0.65,59.9,74.78,52.44,1.84,0.51,308,27,23,7,12.5,13.73,6.64,17,4,45,9,11,215.8,89.4,43.33,33.08,183.03,76.73,2,Club Brugge II 2-2 Beveren,2026-03-14
Club Brugge II,1.81,2.46,-0.65,1.56,2.3,-0.74,0.26,0.17,0.09,1.81,2.46,-0.65,2,2,0,0.65,40.1,25.22,36.49,0.51,1.84,95,12,7,23,13.73,12.5,13.59,4,17,7,3,14,25.6,10.6,87.67,66.92,55.5,23.27,0,Club Brugge II 2-2 Beveren,2026-03-14
Eupen,2.93,2.48,0.45,2.28,2.48,-0.2,0.65,0.0,0.65,2.93,2.48,0.45,1,0,1,0.55,42.8,39.67,41.14,0.84,0.67,125,17,12,24,14.29,35.82,10.78,6,7,15,5,17,77.0,34.98,89.07,68.37,108.13,56.32,0,Anderlecht II 0-1 Eupen,2026-03-13
Anderlecht II,2.48,2.93,-0.45,2.48,2.28,0.2,0.0,0.65,-0.65,2.48,2.93,-0.45,0,1,-1,-0.55,57.2,60.33,46.02,0.67,0.84,236,11,24,12,35.82,14.29,8.53,7,6,24,3,9,143.1,65.02,41.2,31.63,83.87,43.68,1,Anderlecht II 0-1 Eupen,2026-03-13
Patro Eisden,4.91,1.53,3.38,4.23,0.77,3.46,0.68,0.0,0.68,4.91,0.77,4.14,2,1,1,-2.38,48.7,53.02,48.84,1.57,0.55,183,23,25,7,15.92,12.73,8.65,8,8,28,5,12,145.7,82.27,47.93,63.52,156.23,81.22,5,Lierse SK 1-2 Patro Eisden,2026-03-13
Lierse SK,1.53,4.91,-3.38,0.77,4.23,-3.46,0.0,0.68,-0.68,0.77,4.91,-4.14,1,2,-1,2.38,51.3,46.98,46.48,0.55,1.57,177,10,7,25,12.73,15.92,6.95,8,8,16,2,18,31.4,17.73,27.53,36.48,36.13,18.78,1,Lierse SK 1-2 Patro Eisden,2026-03-13
Lokeren,1.46,2.09,-0.63,1.02,1.97,-0.95,0.44,0.12,0.32,1.46,2.09,-0.63,0,1,-1,-0.37,71.0,75.28,54.02,1.36,0.38,358,22,15,15,11.03,39.47,5.71,12,1,45,15,8,183.3,88.0,6.93,6.64,102.67,69.11,7,Francs Borains 1-0 Lokeren,2026-03-12
Francs Borains,2.09,1.46,0.63,1.97,1.02,0.95,0.12,0.44,-0.32,2.09,1.46,0.63,1,0,1,0.37,29.0,24.72,46.06,0.38,1.36,109,5,15,15,39.47,11.03,14.27,1,12,12,4,16,25.0,12.0,97.47,93.36,45.9,30.89,0,Francs Borains 1-0 Lokeren,2026-03-12
Lommel,3.2,1.28,1.92,2.85,1.28,1.57,0.35,0.0,0.35,3.2,1.28,1.92,2,2,0,-1.92,48.1,58.18,49.22,1.63,0.33,257,28,22,7,13.5,21.21,14.5,4,1,24,4,12,184.6,75.9,65.6,51.46,151.47,77.86,0,Gent II 2-2 Lommel,2026-03-11
Gent II,1.28,3.2,-1.92,1.28,2.85,-1.57,0.0,0.35,-0.35,1.28,3.2,-1.92,2,2,0,1.92,51.9,41.82,43.23,0.33,1.63,210,4,7,22,21.21,13.5,17.33,1,4,5,3,10,58.6,24.1,61.87,48.54,43.07,22.14,0,Gent II 2-2 Lommel,2026-03-11
Seraing,2.86,2.24,0.62,1.34,2.22,-0.88,0.0,0.02,-0.02,1.34,2.24,-0.9,4,2,2,1.38,46.4,55.81,40.46,0.34,0.46,144,5,14,16,41.18,34.78,11.62,5,8,12,1,7,90.8,51.95,56.2,58.95,123.9,69.75,0,Olympic Charleroi 2-4 Seraing,2026-03-11
Olympic Charleroi,2.24,2.86,-0.62,2.22,1.34,0.88,0.02,0.0,0.02,2.24,1.34,0.9,2,4,-2,-1.38,53.6,44.19,41.7,0.46,0.34,174,13,16,14,34.78,41.18,12.86,8,5,15,1,17,84.0,48.05,39.13,41.05,53.73,30.25,2,Olympic Charleroi 2-4 Seraing,2026-03-11
RWDM Brussels,1.51,1.78,-0.27,1.47,1.26,0.21,0.04,0.52,-0.48,1.51,1.78,-0.27,2,3,-1,-0.73,36.5,21.07,39.37,0.24,1.32,100,3,6,14,25.0,10.61,13.41,6,7,12,4,11,9.2,3.76,100.33,83.85,16.63,6.2,0,Beveren 3-2 RWDM Brussels,2026-03-11
Beveren,1.78,1.51,0.27,1.26,1.47,-0.21,0.52,0.04,0.48,1.78,1.51,0.27,3,2,1,0.73,63.5,78.93,50.93,1.32,0.24,313,16,14,6,10.61,25.0,9.53,7,6,35,8,10,235.2,96.24,19.33,16.15,251.5,93.8,0,Beveren 3-2 RWDM Brussels,2026-03-11
Liège,0.48,2.66,-2.18,0.16,1.85,-1.69,0.32,0.05,0.27,0.48,1.9,-1.42,1,1,0,2.18,46.9,29.7,41.48,0.18,0.62,115,6,4,18,22.22,29.03,8.76,5,10,15,3,12,37.9,20.61,58.4,57.29,31.83,20.82,0,Patro Eisden 1-1 Liège,2026-03-10
Patro Eisden,2.66,0.48,2.18,1.85,0.16,1.69,0.05,0.32,-0.27,1.9,0.48,1.42,1,1,0,-2.18,53.1,70.3,50.92,0.62,0.18,245,18,18,4,29.03,22.22,7.54,10,5,21,6,19,146.0,79.39,43.53,42.71,121.07,79.18,7,Patro Eisden 1-1 Liège,2026-03-10
Club Brugge II,0.89,2.62,-1.73,0.53,2.15,-1.62,0.36,0.46,-0.1,0.89,2.62,-1.73,0,0,0,1.73,42.2,38.68,40.01,0.37,1.02,103,7,8,23,21.62,22.55,16.0,5,5,16,5,11,39.9,23.5,84.0,75.63,49.0,37.38,0,KRC Genk II 0-0 Club Brugge II,2026-03-10
KRC Genk II,2.62,0.89,1.73,2.15,0.53,1.62,0.46,0.36,0.1,2.62,0.89,1.73,0,0,0,-1.73,57.8,61.32,45.12,1.02,0.37,192,11,23,8,22.55,21.62,8.97,5,5,27,8,15,129.9,76.5,27.07,24.37,82.07,62.62,0,KRC Genk II 0-0 Club Brugge II,2026-03-10
Lierse SK,1.78,1.32,0.46,1.6,0.94,0.66,0.19,0.38,-0.19,1.78,1.32,0.46,1,0,1,0.54,44.4,43.82,41.21,0.94,0.49,143,11,18,17,19.15,34.69,9.4,7,4,15,5,13,64.8,42.05,56.27,60.51,63.47,36.75,0,Eupen 0-1 Lierse SK,2026-03-10
Eupen,1.32,1.78,-0.46,0.94,1.6,-0.66,0.38,0.19,0.19,1.32,1.78,-0.46,0,1,-1,-0.54,55.6,56.18,45.07,0.49,0.94,202,17,17,18,34.69,19.15,10.06,4,7,24,8,15,89.3,57.95,36.73,39.49,109.23,63.25,6,Eupen 0-1 Lierse SK,2026-03-10
Anderlecht II,1.0,4.04,-3.04,0.98,1.59,-0.61,0.02,0.17,-0.15,1.0,1.76,-0.76,2,4,-2,1.04,53.6,47.92,45.51,0.75,0.42,191,13,10,16,13.33,38.1,5.84,8,5,15,1,26,97.8,40.84,29.33,33.87,51.61,17.21,3,Beerschot 4-2 Anderlecht II,2026-03-10
Beerschot,4.04,1.0,3.04,1.59,0.98,0.61,0.17,0.02,0.15,1.76,1.0,0.76,4,2,2,-1.04,46.4,52.08,47.92,0.42,0.75,195,17,16,10,38.1,13.33,6.9,5,8,17,5,18,141.7,59.16,57.27,66.13,248.22,82.79,1,Beerschot 4-2 Anderlecht II,2026-03-10
Francs Borains,0.53,2.54,-2.01,0.3,2.54,-2.24,0.23,0.0,0.23,0.53,2.54,-2.01,0,4,-4,-1.99,64.2,67.28,47.58,0.59,0.42,270,7,9,12,15.25,28.57,7.91,6,8,20,4,13,108.0,79.41,2.4,2.21,28.47,16.61,8,Seraing 4-0 Francs Borains,2026-03-08
Seraing,2.54,0.53,2.01,2.54,0.3,2.24,0.0,0.23,-0.23,2.54,0.53,2.01,4,0,4,1.99,35.8,32.72,38.19,0.42,0.59,86,6,12,9,28.57,15.25,16.56,8,6,7,2,10,28.0,20.59,106.2,97.79,142.9,83.39,0,Seraing 4-0 Francs Borains,2026-03-08
Beveren,3.05,1.09,1.96,2.18,1.04,1.14,0.11,0.05,0.06,2.29,1.09,1.2,2,1,1,-0.96,49.3,57.59,48.13,1.05,0.71,179,12,16,13,15.24,18.31,7.0,12,4,19,6,16,90.2,64.66,57.73,66.93,139.47,80.0,1,Lokeren 1-2 Beveren,2026-03-08
Lokeren,1.09,3.05,-1.96,1.04,2.18,-1.14,0.05,0.11,-0.06,1.09,2.29,-1.2,1,2,-1,0.96,50.7,42.41,43.31,0.71,1.05,152,14,13,16,18.31,15.24,6.74,4,12,30,5,22,49.3,35.34,28.53,33.07,34.87,20.0,1,Lokeren 1-2 Beveren,2026-03-08
RWDM Brussels,0.76,0.46,0.3,0.69,0.35,0.34,0.07,0.11,-0.04,0.76,0.46,0.3,2,0,2,1.7,39.7,35.45,42.14,0.36,0.51,157,7,8,6,22.22,11.76,12.79,9,4,10,3,9,52.8,33.29,103.53,84.68,128.6,79.48,0,Olympic Charleroi 0-2 RWDM Brussels,2026-03-07
Olympic Charleroi,0.46,0.76,-0.3,0.35,0.69,-0.34,0.11,0.07,0.04,0.46,0.76,-0.3,0,2,-2,-1.7,60.3,64.55,44.27,0.51,0.36,253,11,6,8,11.76,22.22,11.62,4,9,30,9,12,105.8,66.71,18.73,15.32,33.2,20.52,0,Olympic Charleroi 0-2 RWDM Brussels,2026-03-07
Kortrijk,1.16,2.78,-1.62,1.16,2.21,-1.05,0.0,0.57,-0.57,1.16,2.78,-1.62,1,1,0,1.62,49.3,40.2,43.93,0.81,0.8,156,12,9,17,11.11,21.25,8.38,1,8,22,6,12,48.2,24.63,32.8,43.46,54.07,23.33,1,Lommel 1-1 Kortrijk,2026-03-07
Lommel,2.78,1.16,1.62,2.21,1.16,1.05,0.57,0.0,0.57,2.78,1.16,1.62,1,1,0,-1.62,50.7,59.8,48.79,0.8,0.81,223,8,17,9,21.25,11.11,8.19,8,1,29,7,16,147.5,75.37,42.67,56.54,177.73,76.67,1,Lommel 1-1 Kortrijk,2026-03-07
Patro Eisden,0.45,1.27,-0.82,0.31,1.27,-0.96,0.13,0.0,0.13,0.45,1.27,-0.82,0,0,0,0.82,36.7,39.66,44.34,0.33,0.28,115,6,6,8,18.18,28.57,11.53,7,5,16,3,21,37.9,28.2,116.2,96.67,99.17,68.52,8,Anderlecht II 0-0 Patro Eisden,2026-03-07
Anderlecht II,1.27,0.45,0.82,1.27,0.31,0.96,0.0,0.13,-0.13,1.27,0.45,0.82,0,0,0,-0.82,63.3,60.34,42.26,0.28,0.33,183,7,8,6,28.57,18.18,6.37,5,7,18,6,10,96.5,71.8,4.0,3.33,45.57,31.48,1,Anderlecht II 0-0 Patro Eisden,2026-03-07
Club Brugge II,1.02,1.73,-0.71,0.95,0.97,-0.02,0.07,0.0,0.07,1.02,0.97,0.05,1,2,-1,-0.29,56.6,47.45,40.81,0.64,0.77,171,10,6,13,9.38,16.88,10.43,1,12,15,6,10,44.7,32.3,16.93,16.09,23.8,11.6,0,Lierse SK 2-1 Club Brugge II,2026-03-07
Lierse SK,1.73,1.02,0.71,0.97,0.95,0.02,0.0,0.07,-0.07,0.97,1.02,-0.05,2,1,1,0.29,43.4,52.55,47.14,0.77,0.64,174,17,13,6,16.88,9.38,10.32,12,1,19,1,18,93.7,67.7,88.27,83.91,181.43,88.4,2,Lierse SK 2-1 Club Brugge II,2026-03-07
Gent II,0.11,1.95,-1.84,0.09,1.64,-1.55,0.02,0.32,-0.3,0.11,1.95,-1.84,0,4,-4,-2.16,55.9,45.9,42.88,-0.07,0.5,202,1,3,12,-42.86,24.0,16.45,2,6,10,4,9,21.7,19.29,42.67,40.9,10.23,4.12,0,Eupen 4-0 Gent II,2026-03-06
Eupen,1.95,0.11,1.84,1.64,0.09,1.55,0.32,0.02,0.3,1.95,0.11,1.84,4,0,4,2.16,44.1,54.1,41.73,0.5,-0.07,175,13,12,3,24.0,-42.86,15.21,6,2,22,7,10,90.8,80.71,61.67,59.1,238.26,95.88,4,Eupen 4-0 Gent II,2026-03-06
KRC Genk II,0.19,1.91,-1.72,0.19,1.27,-1.08,0.0,0.64,-0.64,0.19,1.91,-1.72,0,1,-1,0.72,49.4,33.99,39.02,0.36,0.62,122,4,6,16,16.67,25.81,10.73,4,5,5,0,10,27.5,14.51,26.33,29.11,27.1,15.14,0,Beerschot 1-0 KRC Genk II,2026-03-06
Beerschot,1.91,0.19,1.72,1.27,0.19,1.08,0.64,0.0,0.64,1.91,0.19,1.72,1,0,1,-0.72,50.6,66.01,47.42,0.62,0.36,197,20,16,6,25.81,16.67,14.22,5,4,18,4,8,162.0,85.49,64.13,70.89,151.9,84.86,0,Beerschot 1-0 KRC Genk II,2026-03-06
Seraing,0.64,2.25,-1.61,0.64,1.99,-1.35,0.0,0.26,-0.26,0.64,2.25,-1.61,1,0,1,2.61,28.5,26.12,38.87,0.44,1.38,85,8,4,20,9.09,14.49,35.4,0,9,20,5,11,16.0,5.99,165.0,94.22,63.9,40.36,0,Lommel 0-1 Seraing,2026-03-01
Lommel,2.25,0.64,1.61,1.99,0.64,1.35,0.26,0.0,0.26,2.25,0.64,1.61,0,1,-1,-2.61,71.5,73.88,51.18,1.38,0.44,396,26,20,4,14.49,9.09,8.85,9,0,37,8,11,251.3,94.01,10.13,5.78,94.43,59.64,0,Lommel 0-1 Seraing,2026-03-01
Eupen,1.35,1.39,-0.04,1.22,1.39,-0.17,0.13,0.0,0.13,1.35,1.39,-0.04,2,2,0,0.04,50.1,47.47,43.13,1.09,0.47,156,14,12,13,11.01,27.66,9.49,3,5,16,3,11,78.2,45.44,35.0,36.51,72.27,40.53,3,RWDM Brussels 2-2 Eupen,2026-03-01
RWDM Brussels,1.39,1.35,0.04,1.39,1.22,0.17,0.0,0.13,-0.13,1.39,1.35,0.04,2,2,0,-0.04,49.9,52.53,46.29,0.47,1.09,170,11,13,12,27.66,11.01,13.96,5,3,11,2,14,93.9,54.56,60.87,63.49,106.03,59.47,1,RWDM Brussels 2-2 Eupen,2026-03-01
Beerschot,1.72,0.93,0.79,1.4,0.88,0.52,0.32,0.06,0.26,1.72,0.93,0.79,2,0,2,1.21,54.5,49.66,44.65,0.74,0.99,204,13,12,12,16.22,12.12,6.42,9,2,19,6,7,88.2,47.7,33.27,25.18,68.23,42.55,1,Francs Borains 0-2 Beerschot,2026-02-28
Francs Borains,0.93,1.72,-0.79,0.88,1.4,-0.52,0.06,0.32,-0.26,0.93,1.72,-0.79,0,2,-2,-1.21,45.5,50.34,47.38,0.99,0.74,182,15,12,12,12.12,16.22,11.43,2,9,23,4,22,96.7,52.3,98.87,74.82,92.13,57.45,2,Francs Borains 0-2 Beerschot,2026-02-28
Lierse SK,0.66,2.93,-2.27,0.54,2.84,-2.3,0.12,0.09,0.03,0.66,2.93,-2.27,3,2,1,3.27,34.6,37.2,45.36,0.29,0.63,100,10,6,27,20.69,42.86,7.51,17,1,9,3,18,36.5,16.07,94.73,95.37,76.23,44.97,3,KRC Genk II 2-3 Lierse SK,2026-02-28
KRC Genk II,2.93,0.66,2.27,2.84,0.54,2.3,0.09,0.12,-0.03,2.93,0.66,2.27,2,3,-1,-3.27,65.4,62.8,45.79,0.63,0.29,197,15,27,6,42.86,20.69,6.9,1,17,23,7,13,190.6,83.93,4.6,4.63,93.3,55.03,1,KRC Genk II 2-3 Lierse SK,2026-02-28
Anderlecht II,2.14,1.08,1.06,2.06,0.69,1.37,0.07,0.39,-0.32,2.14,1.08,1.06,5,0,5,3.94,66.3,80.0,52.58,1.9,0.26,326,20,20,11,10.53,42.31,8.18,9,0,20,5,13,233.9,94.39,23.8,18.09,199.67,85.94,0,Club Brugge II 0-5 Anderlecht II,2026-02-28
Club Brugge II,1.08,2.14,-1.06,0.69,2.06,-1.37,0.39,0.07,0.32,1.08,2.14,-1.06,0,5,-5,-3.94,33.7,20.0,33.91,0.26,1.9,68,7,11,20,42.31,10.53,28.4,0,9,8,4,11,13.9,5.61,107.8,81.91,32.67,14.06,0,Club Brugge II 0-5 Anderlecht II,2026-02-28
Olympic Charleroi,0.55,1.31,-0.76,0.44,1.31,-0.87,0.11,0.0,0.11,0.55,1.31,-0.76,0,2,-2,-1.24,46.0,36.03,43.69,0.38,1.0,172,7,9,11,23.68,11.0,15.52,5,7,18,7,11,57.1,27.61,61.6,60.23,50.4,22.35,3,Beveren 2-0 Olympic Charleroi,2026-02-28
Beveren,1.31,0.55,0.76,1.31,0.44,0.87,0.0,0.11,-0.11,1.31,0.55,0.76,2,0,2,1.24,54.0,63.97,45.2,1.0,0.38,222,15,11,9,11.0,23.68,13.13,7,5,19,7,4,149.7,72.39,40.67,39.77,175.07,77.65,2,Beveren 2-0 Olympic Charleroi,2026-02-28
Patro Eisden,1.03,1.69,-0.66,0.54,0.93,-0.39,0.49,0.0,0.49,1.03,0.93,0.1,1,2,-1,-0.34,31.8,38.31,43.89,0.49,0.7,106,10,9,10,18.37,14.29,13.08,2,6,13,4,20,45.4,26.72,121.87,92.89,116.6,69.17,2,Gent II 2-1 Patro Eisden,2026-02-27
Gent II,1.69,1.03,0.66,0.93,0.54,0.39,0.0,0.49,-0.49,0.93,1.03,-0.1,2,1,1,0.34,68.2,61.69,48.32,0.7,0.49,272,5,10,9,14.29,18.37,5.72,6,2,11,2,14,124.5,73.28,9.33,7.11,51.97,30.83,0,Gent II 2-1 Patro Eisden,2026-02-27
Liège,0.49,2.07,-1.58,0.38,1.38,-1.0,0.1,0.69,-0.59,0.49,2.07,-1.58,1,3,-2,-0.42,48.5,45.31,48.77,0.52,0.5,219,4,8,16,15.38,32.0,11.24,8,5,16,3,10,48.8,27.4,46.8,54.97,24.06,10.44,0,Kortrijk 3-1 Liège,2026-02-27
Kortrijk,2.07,0.49,1.58,1.38,0.38,1.0,0.69,0.1,0.59,2.07,0.49,1.58,3,1,2,0.42,51.5,54.69,49.79,0.5,0.52,247,8,16,8,32.0,15.38,10.66,5,8,27,6,12,129.3,72.6,38.33,45.03,206.36,89.56,0,Kortrijk 3-1 Liège,2026-02-27
Olympic Charleroi,2.47,1.06,1.41,2.45,0.95,1.5,0.01,0.11,-0.1,2.47,1.06,1.41,3,1,2,0.59,44.2,52.9,49.56,1.0,0.47,219,11,21,9,21.0,19.15,11.33,8,6,25,8,8,130.6,63.37,93.67,86.25,199.43,82.47,1,Gent II 1-3 Olympic Charleroi,2026-02-24
Gent II,1.06,2.47,-1.41,0.95,2.45,-1.5,0.11,0.01,0.1,1.06,2.47,-1.41,1,3,-2,-0.59,55.8,47.1,43.33,0.47,1.0,203,12,9,21,19.15,21.0,10.29,6,8,14,6,14,75.5,36.63,14.93,13.75,42.4,17.53,2,Gent II 1-3 Olympic Charleroi,2026-02-24
Beveren,1.51,0.88,0.63,1.51,0.48,1.03,0.0,0.39,-0.39,1.51,0.88,0.63,4,1,3,2.37,67.3,67.33,54.59,1.01,0.21,319,14,9,9,8.91,42.86,7.5,3,5,27,4,12,149.5,77.86,6.6,5.78,72.47,51.97,2,Patro Eisden 1-4 Beveren,2026-02-22
Patro Eisden,0.88,1.51,-0.63,0.48,1.51,-1.03,0.39,0.0,0.39,0.88,1.51,-0.63,1,4,-3,-2.37,32.7,32.67,46.31,0.21,1.01,106,5,9,9,42.86,8.91,18.52,5,3,15,5,8,42.5,22.14,107.6,94.22,66.97,48.03,6,Patro Eisden 1-4 Beveren,2026-02-22
RWDM Brussels,0.46,2.69,-2.23,0.42,2.69,-2.27,0.04,0.0,0.04,0.46,2.69,-2.23,1,1,0,2.23,43.3,31.58,38.96,0.39,1.25,134,4,11,15,28.21,12.0,16.46,1,4,7,2,14,44.7,23.29,58.07,58.85,54.1,22.14,1,Beerschot 1-1 RWDM Brussels,2026-02-22
Beerschot,2.69,0.46,2.23,2.69,0.42,2.27,0.0,0.04,-0.04,2.69,0.46,2.23,1,1,0,-2.23,56.7,68.42,47.87,1.25,0.39,255,16,15,11,12.0,28.21,11.12,4,1,30,4,11,147.2,76.71,40.6,41.15,190.2,77.86,0,Beerschot 1-1 RWDM Brussels,2026-02-22
Lommel,1.62,3.0,-1.38,0.94,3.0,-2.06,0.68,0.0,0.68,1.62,3.0,-1.38,3,2,1,2.38,50.4,48.53,48.09,0.75,1.72,189,15,15,18,20.0,10.47,9.58,5,4,20,5,7,57.3,32.89,37.27,55.9,76.53,46.89,0,Lokeren 2-3 Lommel,2026-02-21
Lokeren,3.0,1.62,1.38,3.0,0.94,2.06,0.0,0.68,-0.68,3.0,1.62,1.38,2,3,-1,-2.38,49.6,51.47,48.93,1.72,0.75,176,21,18,15,10.47,20.0,9.39,4,5,20,4,19,116.9,67.11,29.4,44.1,86.67,53.11,1,Lokeren 2-3 Lommel,2026-02-21
Francs Borains,0.93,1.86,-0.93,0.93,1.3,-0.37,0.0,0.57,-0.57,0.93,1.86,-0.93,1,1,0,0.93,32.8,26.71,42.13,0.36,0.77,108,12,5,12,13.89,15.58,13.49,1,6,19,5,18,24.2,10.55,130.13,91.17,84.23,50.16,0,Eupen 1-1 Francs Borains,2026-02-21
Eupen,1.86,0.93,0.93,1.3,0.93,0.37,0.57,0.0,0.57,1.86,0.93,0.93,1,1,0,-0.93,67.2,73.29,52.81,0.77,0.36,379,14,12,5,15.58,13.89,5.82,6,1,31,6,18,205.2,89.45,12.6,8.83,83.7,49.84,1,Eupen 1-1 Francs Borains,2026-02-21
Gent II,3.8,1.15,2.65,3.07,1.08,1.99,0.72,0.07,0.65,3.8,1.15,2.65,3,1,2,-0.65,63.8,58.39,44.13,0.98,0.6,218,14,16,10,16.33,16.67,6.87,8,5,16,7,15,144.3,72.62,19.0,12.48,93.87,47.64,0,Lierse SK 1-3 Gent II,2026-02-21
Lierse SK,1.15,3.8,-2.65,1.08,3.07,-1.99,0.07,0.72,-0.65,1.15,3.8,-2.65,1,3,-2,0.65,36.2,41.61,46.94,0.6,0.98,162,8,10,16,16.67,16.33,14.18,5,8,19,5,15,54.4,27.38,133.2,87.52,103.17,52.36,0,Lierse SK 1-3 Gent II,2026-02-21
Club Brugge II,4.0,2.54,1.46,3.24,2.01,1.23,0.0,0.54,-0.54,3.24,2.54,0.7,2,3,-1,-2.46,64.4,63.16,49.32,1.7,0.64,362,14,16,10,9.41,15.62,7.49,2,10,19,4,13,163.4,73.14,7.13,4.63,72.3,31.23,1,Liège 3-2 Club Brugge II,2026-02-20
Liège,2.54,4.0,-1.46,2.01,3.24,-1.23,0.54,0.0,0.54,2.54,3.24,-0.7,3,2,1,2.46,35.6,36.84,46.43,0.64,1.7,166,14,10,16,15.62,9.41,14.51,10,2,18,4,17,60.0,26.86,146.73,95.37,159.23,68.77,0,Liège 3-2 Club Brugge II,2026-02-20
KRC Genk II,2.5,1.82,0.68,2.1,1.82,0.28,0.4,0.0,0.4,2.5,1.82,0.68,1,2,-1,-1.68,45.3,37.42,39.74,1.46,0.7,136,13,24,14,16.44,20.0,11.63,7,2,20,8,13,98.7,43.67,64.47,64.17,61.23,21.47,0,Anderlecht II 2-1 KRC Genk II,2026-02-20
Anderlecht II,1.82,2.5,-0.68,1.82,2.1,-0.28,0.0,0.4,-0.4,1.82,2.5,-0.68,2,1,1,1.68,54.7,62.58,49.48,0.7,1.46,249,12,14,24,20.0,16.44,9.08,2,7,9,3,15,127.3,56.33,36.0,35.83,223.9,78.53,0,Anderlecht II 2-1 KRC Genk II,2026-02-20
Beveren,3.45,0.67,2.78,2.56,0.6,1.96,0.89,0.07,0.82,3.45,0.67,2.78,2,0,2,-0.78,58.0,61.51,44.4,1.06,0.38,215,11,17,12,16.04,31.58,7.04,11,4,15,2,11,120.0,69.85,16.4,18.08,122.97,56.96,3,Francs Borains 0-2 Beveren,2026-02-15
Francs Borains,0.67,3.45,-2.78,0.6,2.56,-1.96,0.07,0.89,-0.82,0.67,3.45,-2.78,0,2,-2,0.78,42.0,38.49,45.02,0.38,1.06,149,14,12,17,31.58,16.04,16.25,4,11,21,5,11,51.8,30.15,74.33,81.92,92.9,43.04,3,Francs Borains 0-2 Beveren,2026-02-15
Liège,0.8,1.84,-1.04,0.74,1.79,-1.05,0.05,0.06,-0.01,0.8,1.84,-1.04,0,2,-2,-0.96,34.6,31.6,42.51,0.58,0.78,125,6,11,17,18.97,21.79,13.62,4,12,20,7,11,27.9,14.58,135.47,95.31,55.7,22.19,0,KRC Genk II 2-0 Liège,2026-02-14
KRC Genk II,1.84,0.8,1.04,1.79,0.74,1.05,0.06,0.05,0.01,1.84,0.8,1.04,2,0,2,0.96,65.4,68.4,46.38,0.78,0.58,297,8,17,11,21.79,18.97,7.4,12,4,14,4,17,163.5,85.42,6.67,4.69,195.37,77.81,0,KRC Genk II 2-0 Liège,2026-02-14
Lokeren,2.16,1.06,1.1,2.16,0.91,1.25,0.0,0.15,-0.15,2.16,1.06,1.1,2,1,1,-0.1,48.1,41.38,42.84,0.81,0.8,156,10,12,9,14.81,11.25,7.67,13,5,17,3,11,55.1,35.32,31.93,42.43,35.7,20.3,0,RWDM Brussels 1-2 Lokeren,2026-02-14
RWDM Brussels,1.06,2.16,-1.1,0.91,2.16,-1.25,0.15,0.0,0.15,1.06,2.16,-1.1,1,2,-1,0.1,51.9,58.62,51.91,0.8,0.81,265,8,9,12,11.25,14.81,11.35,5,13,22,5,19,100.9,64.68,43.33,57.57,140.2,79.7,0,RWDM Brussels 1-2 Lokeren,2026-02-14
Beerschot,1.43,0.83,0.6,1.33,0.77,0.56,0.1,0.05,0.05,1.43,0.83,0.6,0,1,-1,-1.6,51.8,48.0,45.79,1.22,0.55,233,14,9,9,7.38,16.36,8.73,7,6,18,5,15,82.5,43.81,37.73,40.83,84.37,40.37,1,Kortrijk 1-0 Beerschot,2026-02-14
Kortrijk,0.83,1.43,-0.6,0.77,1.33,-0.56,0.05,0.1,-0.05,0.83,1.43,-0.6,1,0,1,1.6,48.2,52.0,47.18,0.55,1.22,232,12,9,9,16.36,7.38,9.89,6,7,23,4,20,105.8,56.19,54.67,59.17,124.6,59.63,2,Kortrijk 1-0 Beerschot,2026-02-14
Anderlecht II,1.05,2.31,-1.26,0.91,2.04,-1.13,0.14,0.28,-0.14,1.05,2.31,-1.26,0,2,-2,-0.74,53.2,44.57,41.51,0.5,0.93,177,12,10,19,20.0,20.43,9.12,1,9,28,6,13,46.3,23.14,11.07,11.15,27.6,8.16,1,Lommel 2-0 Anderlecht II,2026-02-14
Lommel,2.31,1.05,1.26,2.04,0.91,1.13,0.28,0.14,0.14,2.31,1.05,1.26,2,0,2,0.74,46.8,55.43,52.16,0.93,0.5,230,21,19,10,20.43,20.0,9.44,9,1,25,6,16,153.8,76.86,88.2,88.85,310.63,91.84,0,Lommel 2-0 Anderlecht II,2026-02-14
Seraing,1.47,1.51,-0.04,1.47,1.51,-0.04,0.0,0.0,0.0,1.47,1.51,-0.04,1,0,1,1.04,42.7,37.78,41.54,0.92,1.6,153,11,14,18,15.22,11.25,19.59,4,11,15,3,5,29.7,15.5,73.8,61.4,54.83,27.06,2,Lierse SK 0-1 Seraing,2026-02-13
Lierse SK,1.51,1.47,0.04,1.51,1.47,0.04,0.0,0.0,0.0,1.51,1.47,0.04,0,1,-1,-1.04,57.3,62.22,48.91,1.6,0.92,273,24,18,14,11.25,15.22,12.86,11,4,26,2,4,161.9,84.5,46.4,38.6,147.83,72.94,0,Lierse SK 0-1 Seraing,2026-02-13
Patro Eisden,2.06,1.89,0.17,1.06,1.89,-0.83,0.25,0.0,0.25,1.3,1.89,-0.59,3,2,1,0.83,34.4,50.37,50.63,0.8,0.48,154,17,16,8,20.0,16.67,10.42,5,6,20,4,24,83.8,59.86,147.27,98.84,192.13,95.53,5,Club Brugge II 2-3 Patro Eisden,2026-02-13
Club Brugge II,1.89,2.06,-0.17,1.89,1.06,0.83,0.0,0.25,-0.25,1.89,1.3,0.59,2,3,-1,-0.83,65.6,49.63,43.67,0.48,0.8,215,5,8,16,16.67,20.0,6.0,6,5,7,1,10,56.2,40.14,1.73,1.16,9.0,4.47,0,Club Brugge II 2-3 Patro Eisden,2026-02-13
RWDM Brussels,0.87,1.71,-0.84,0.8,0.91,-0.11,0.08,0.04,0.04,0.87,0.95,-0.08,0,0,0,0.84,52.1,47.89,48.63,0.33,0.74,235,7,14,13,42.42,17.57,8.94,5,8,13,4,18,82.3,44.25,53.8,48.94,57.4,41.44,0,Francs Borains 0-0 RWDM Brussels,2026-02-08
Francs Borains,1.71,0.87,0.84,0.91,0.8,0.11,0.04,0.08,-0.04,0.95,0.87,0.08,0,0,0,-0.84,47.9,52.11,46.89,0.74,0.33,183,15,13,14,17.57,42.42,8.0,8,5,23,4,12,103.7,55.75,56.13,51.06,81.13,58.56,1,Francs Borains 0-0 RWDM Brussels,2026-02-08
Lommel,0.78,1.35,-0.57,0.73,1.23,-0.5,0.04,0.12,-0.08,0.78,1.35,-0.57,0,2,-2,-1.43,50.4,47.63,48.01,0.64,1.13,244,11,11,12,17.19,10.62,9.7,7,7,16,2,12,109.4,39.57,67.13,61.47,93.2,34.02,1,Beveren 2-0 Lommel,2026-02-08
Beveren,1.35,0.78,0.57,1.23,0.73,0.5,0.12,0.04,0.08,1.35,0.78,0.57,2,0,2,1.43,49.6,52.37,45.38,1.13,0.64,209,14,12,11,10.62,17.19,10.62,7,7,21,2,16,167.1,60.43,42.07,38.53,180.77,65.98,0,Beveren 2-0 Lommel,2026-02-08
Anderlecht II,1.9,1.62,0.28,0.67,0.83,-0.16,0.47,0.04,0.43,1.14,0.86,0.28,2,1,1,0.72,49.6,35.61,39.85,0.47,0.45,100,9,10,15,21.28,33.33,7.84,1,11,11,2,10,38.7,22.76,29.27,44.39,36.97,25.65,3,Seraing 1-2 Anderlecht II,2026-02-07
Seraing,1.62,1.9,-0.28,0.83,0.67,0.16,0.04,0.47,-0.43,0.86,1.14,-0.28,1,2,-1,-0.72,50.4,64.39,48.52,0.45,0.47,171,14,15,10,33.33,21.28,6.28,11,1,21,7,25,131.3,77.24,36.67,55.61,107.17,74.35,4,Seraing 1-2 Anderlecht II,2026-02-07
Olympic Charleroi,1.83,1.02,0.81,1.64,0.95,0.69,0.19,0.08,0.11,1.83,1.02,0.81,1,1,0,-0.81,52.0,54.46,52.72,0.72,0.48,270,13,19,7,26.39,14.58,8.02,11,6,28,5,20,147.9,65.07,51.2,52.71,144.63,64.86,1,Lokeren 1-1 Olympic Charleroi,2026-02-07
Lokeren,1.02,1.83,-0.81,0.95,1.64,-0.69,0.08,0.19,-0.11,1.02,1.83,-0.81,1,1,0,0.81,48.0,45.54,43.91,0.48,0.72,164,11,7,19,14.58,26.39,10.47,6,11,28,6,14,79.4,34.93,45.93,47.29,78.37,35.14,2,Lokeren 1-1 Olympic Charleroi,2026-02-07
Club Brugge II,1.48,3.66,-2.18,1.25,2.68,-1.43,0.23,0.22,0.01,1.48,2.9,-1.42,1,2,-1,1.18,51.9,35.67,39.59,0.59,1.32,151,9,13,18,22.03,13.64,9.63,4,12,10,6,14,50.2,21.57,29.33,28.08,37.77,14.75,1,Beerschot 2-1 Club Brugge II,2026-02-07
Beerschot,3.66,1.48,2.18,2.68,1.25,1.43,0.22,0.23,-0.01,2.9,1.48,1.42,2,1,1,-1.18,48.1,64.33,50.12,1.32,0.59,217,19,18,13,13.64,22.03,8.57,12,4,26,7,17,182.5,78.43,75.13,71.92,218.37,85.25,0,Beerschot 2-1 Club Brugge II,2026-02-07
Kortrijk,1.22,1.14,0.08,0.94,0.36,0.58,0.28,0.02,0.26,1.22,0.38,0.84,0,1,-1,-1.08,54.0,64.36,52.26,0.91,0.49,255,22,16,5,17.58,10.2,8.4,8,9,28,9,16,185.7,81.48,51.4,60.05,184.03,80.59,2,Eupen 1-0 Kortrijk,2026-02-07
Eupen,1.14,1.22,-0.08,0.36,0.94,-0.58,0.02,0.28,-0.26,0.38,1.22,-0.84,1,0,1,1.08,46.0,35.64,43.43,0.49,0.91,157,7,5,16,10.2,17.58,8.68,9,8,10,3,18,42.2,18.52,34.2,39.95,44.33,19.41,2,Eupen 1-0 Kortrijk,2026-02-07
Lierse SK,0.52,2.72,-2.2,0.49,2.61,-2.12,0.03,0.11,-0.08,0.52,2.72,-2.2,1,2,-1,1.2,44.8,43.3,42.53,0.52,1.08,178,8,8,13,15.38,12.04,10.95,6,7,11,3,16,43.6,23.4,76.0,69.05,57.5,27.62,2,Liège 2-1 Lierse SK,2026-02-06
Liège,2.72,0.52,2.2,2.61,0.49,2.12,0.11,0.03,0.08,2.72,0.52,2.2,2,1,1,-1.2,55.2,56.7,46.47,1.08,0.52,236,16,13,8,12.04,15.38,8.3,7,6,26,5,17,142.7,76.6,34.07,30.95,150.67,72.38,0,Liège 2-1 Lierse SK,2026-02-06
KRC Genk II,2.65,4.23,-1.58,1.73,4.23,-2.5,0.92,0.0,0.92,2.65,4.23,-1.58,4,4,0,1.58,65.8,67.73,52.22,1.46,0.77,271,8,19,15,13.01,19.48,9.7,4,4,18,4,9,206.8,78.24,6.07,5.19,122.4,51.64,0,Patro Eisden 4-4 KRC Genk II,2026-02-06
Patro Eisden,4.23,2.65,1.58,4.23,1.73,2.5,0.0,0.92,-0.92,4.23,2.65,1.58,4,4,0,-1.58,34.2,32.27,45.73,0.77,1.46,99,8,15,19,19.48,13.01,13.56,4,4,9,2,13,57.5,21.76,110.8,94.81,114.63,48.36,9,Patro Eisden 4-4 KRC Genk II,2026-02-06
Beerschot,3.07,1.5,1.57,2.25,1.36,0.89,0.06,0.14,-0.08,2.31,1.5,0.81,2,1,1,-0.57,56.9,72.7,51.6,1.8,0.54,308,31,24,9,13.33,16.67,8.42,7,6,36,9,13,228.1,91.42,42.33,42.56,218.97,86.71,0,Lierse SK 1-2 Beerschot,2026-02-01
Lierse SK,1.5,3.07,-1.57,1.36,2.25,-0.89,0.14,0.06,0.08,1.5,2.31,-0.81,1,2,-1,0.57,43.1,27.3,40.89,0.54,1.8,132,5,9,24,16.67,13.33,12.9,6,7,12,2,19,21.4,8.58,57.13,57.44,33.57,13.29,2,Lierse SK 1-2 Beerschot,2026-02-01
Lokeren,2.16,3.99,-1.83,1.43,3.95,-2.52,0.73,0.04,0.69,2.16,3.99,-1.83,2,3,-1,0.83,48.5,49.32,50.84,0.76,1.34,184,12,13,15,17.11,11.19,5.88,4,7,21,8,19,87.6,45.91,22.8,56.34,94.4,48.05,4,Kortrijk 3-2 Lokeren,2026-02-01
Kortrijk,3.99,2.16,1.83,3.95,1.43,2.52,0.04,0.73,-0.69,3.99,2.16,1.83,3,2,1,-0.83,51.5,50.68,51.65,1.34,0.76,191,21,15,13,11.19,17.11,4.36,7,4,30,8,17,103.2,54.09,17.67,43.66,102.07,51.95,3,Kortrijk 3-2 Lokeren,2026-02-01
Patro Eisden,0.51,1.94,-1.43,0.51,1.6,-1.09,0.0,0.34,-0.34,0.51,1.94,-1.43,1,1,0,1.43,33.6,34.38,44.51,0.15,0.89,121,4,9,14,60.0,15.73,10.9,10,5,13,2,18,29.8,16.25,82.87,86.74,41.2,26.5,4,Lommel 1-1 Patro Eisden,2026-01-31
Lommel,1.94,0.51,1.43,1.6,0.51,1.09,0.34,0.0,0.34,1.94,0.51,1.43,1,1,0,-1.43,66.4,65.62,46.0,0.89,0.15,225,14,14,9,15.73,60.0,5.54,5,10,21,7,14,153.6,83.75,12.67,13.26,114.3,73.5,1,Lommel 1-1 Patro Eisden,2026-01-31
Gent II,4.07,0.79,3.28,3.06,0.79,2.27,1.01,0.0,1.01,4.07,0.79,3.28,0,1,-1,-4.28,67.9,73.57,50.87,2.24,0.49,367,25,20,11,8.93,22.45,7.42,6,2,23,5,7,198.9,89.72,1.8,1.18,97.83,52.77,0,RWDM Brussels 1-0 Gent II,2026-01-31
RWDM Brussels,0.79,4.07,-3.28,0.79,3.06,-2.27,0.0,1.01,-1.01,0.79,4.07,-3.28,1,0,1,4.28,32.1,26.43,41.26,0.49,2.24,103,9,11,20,22.45,8.93,19.3,2,6,6,3,12,22.8,10.28,150.53,98.82,87.57,47.23,3,RWDM Brussels 1-0 Gent II,2026-01-31
Francs Borains,1.62,1.38,0.24,1.51,1.27,0.24,0.11,0.11,0.0,1.62,1.38,0.24,3,0,3,2.76,44.6,39.4,45.44,0.74,0.59,154,11,12,18,16.22,30.51,10.03,7,5,17,5,13,23.2,17.08,41.07,56.05,43.67,30.52,6,Olympic Charleroi 0-3 Francs Borains,2026-01-31
Olympic Charleroi,1.38,1.62,-0.24,1.27,1.51,-0.24,0.11,0.11,0.0,1.38,1.62,-0.24,0,3,-3,-2.76,55.4,60.6,49.73,0.59,0.74,230,7,18,12,30.51,16.22,8.97,5,7,25,7,12,112.6,82.92,32.2,43.95,99.4,69.48,0,Olympic Charleroi 0-3 Francs Borains,2026-01-31
Liège,0.72,2.41,-1.69,0.52,2.06,-1.54,0.2,0.35,-0.15,0.72,2.41,-1.69,0,0,0,1.69,40.1,43.34,49.48,0.57,1.67,194,5,7,17,12.28,10.18,17.08,3,2,27,4,9,39.0,20.39,92.4,85.29,65.53,39.03,0,Anderlecht II 0-0 Liège,2026-01-31
Anderlecht II,2.41,0.72,1.69,2.06,0.52,1.54,0.35,0.2,0.15,2.41,0.72,1.69,0,0,0,-1.69,59.9,56.66,49.08,1.67,0.57,272,20,17,7,10.18,12.28,15.06,2,3,13,5,10,152.3,79.61,15.93,14.71,102.37,60.97,1,Anderlecht II 0-0 Liège,2026-01-31
Eupen,1.24,2.15,-0.91,0.75,1.7,-0.95,0.49,0.45,0.04,1.24,2.15,-0.91,0,2,-2,-1.09,55.7,42.75,42.25,0.59,0.87,169,17,14,20,23.73,22.99,9.06,4,7,12,5,15,82.6,39.41,32.4,22.93,42.63,19.81,4,KRC Genk II 2-0 Eupen,2026-01-30
KRC Genk II,2.15,1.24,0.91,1.7,0.75,0.95,0.45,0.49,-0.04,2.15,1.24,0.91,2,0,2,1.09,44.3,57.25,49.77,0.87,0.59,191,14,20,14,22.99,23.73,11.25,7,4,21,9,13,127.0,60.59,108.87,77.07,172.57,80.19,0,KRC Genk II 2-0 Eupen,2026-01-30
Seraing,0.9,1.32,-0.42,0.62,1.32,-0.7,0.28,0.0,0.28,0.9,1.32,-0.42,0,1,-1,-0.58,34.9,46.56,47.89,0.75,0.63,150,14,13,13,17.33,20.63,14.86,4,4,28,7,16,61.9,36.78,152.27,97.86,144.13,74.94,3,Club Brugge II 1-0 Seraing,2026-01-30
Club Brugge II,1.32,0.9,0.42,1.32,0.62,0.7,0.0,0.28,-0.28,1.32,0.9,0.42,1,0,1,0.58,65.1,53.44,43.44,0.63,0.75,244,8,13,13,20.63,17.33,7.9,4,4,15,1,11,106.4,63.22,3.33,2.14,48.2,25.06,0,Club Brugge II 1-0 Seraing,2026-01-30
Beveren,3.91,0.96,2.95,3.91,0.68,3.23,0.0,0.28,-0.28,3.91,0.96,2.95,4,2,2,-0.95,64.3,81.54,51.72,1.67,0.31,365,23,25,9,14.97,29.03,8.12,8,4,26,5,14,276.2,93.15,24.53,17.11,179.43,71.75,0,Gent II 2-4 Beveren,2026-01-28
Gent II,0.96,3.91,-2.95,0.68,3.91,-3.23,0.28,0.0,0.28,0.96,3.91,-2.95,2,4,-2,0.95,35.7,18.46,35.42,0.31,1.67,86,5,9,25,29.03,14.97,14.91,4,8,4,3,13,20.3,6.85,118.8,82.89,70.63,28.25,0,Gent II 2-4 Beveren,2026-01-28
Lierse SK,0.58,3.32,-2.74,0.58,3.1,-2.52,0.0,0.22,-0.22,0.58,3.32,-2.74,2,2,0,2.74,43.0,28.18,42.98,0.47,1.26,134,12,9,28,19.15,22.22,10.97,3,2,9,1,18,16.9,8.03,87.93,76.77,44.9,27.62,0,Anderlecht II 2-2 Lierse SK,2026-01-28
Anderlecht II,3.32,0.58,2.74,3.1,0.58,2.52,0.22,0.0,0.22,3.32,0.58,2.74,2,2,0,-2.74,57.0,71.82,49.5,1.26,0.47,254,18,28,9,22.22,19.15,10.25,2,3,19,9,10,193.5,91.97,26.6,23.23,117.67,72.38,3,Anderlecht II 2-2 Lierse SK,2026-01-28
Lommel,0.39,0.83,-0.44,0.32,0.61,-0.29,0.07,0.22,-0.15,0.39,0.83,-0.44,0,1,-1,-0.56,55.5,53.7,46.16,1.29,0.3,270,15,7,12,5.43,40.0,15.3,4,8,19,3,12,81.0,49.78,59.6,44.45,64.4,44.06,0,Liège 1-0 Lommel,2026-01-27
Liège,0.83,0.39,0.44,0.61,0.32,0.29,0.22,0.07,0.15,0.83,0.39,0.44,1,0,1,0.56,44.5,46.3,41.18,0.3,1.29,187,17,12,7,40.0,5.43,17.03,8,4,22,6,9,81.7,50.22,74.47,55.55,81.77,55.94,0,Liège 1-0 Lommel,2026-01-27
Olympic Charleroi,0.82,0.82,0.0,0.82,0.71,0.11,0.0,0.11,-0.11,0.82,0.82,0.0,0,1,-1,-1.0,53.4,39.39,43.85,0.64,0.88,182,6,6,9,9.38,10.23,11.41,3,8,11,0,12,73.0,38.64,20.67,20.33,25.4,15.17,0,Patro Eisden 1-0 Olympic Charleroi,2026-01-27
Patro Eisden,0.82,0.82,0.0,0.71,0.82,-0.11,0.11,0.0,0.11,0.82,0.82,0.0,1,0,1,1.0,46.6,60.61,48.94,0.88,0.64,188,17,9,6,10.23,9.38,11.97,8,3,21,5,15,115.9,61.36,81.0,79.67,142.03,84.83,8,Patro Eisden 1-0 Olympic Charleroi,2026-01-27
RWDM Brussels,0.73,2.81,-2.08,0.73,2.81,-2.08,0.0,0.0,0.0,0.73,2.81,-2.08,2,0,2,4.08,33.3,29.65,41.06,0.13,1.64,102,6,9,18,69.23,10.98,14.48,6,9,6,2,14,23.0,8.99,137.67,85.26,61.53,34.66,0,KRC Genk II 0-2 RWDM Brussels,2026-01-27
KRC Genk II,2.81,0.73,2.08,2.81,0.73,2.08,0.0,0.0,0.0,2.81,0.73,2.08,0,2,-2,-4.08,66.7,70.35,51.65,1.64,0.13,310,30,18,9,10.98,69.23,6.78,9,6,27,3,12,232.8,91.01,23.8,14.74,115.97,65.34,0,KRC Genk II 0-2 RWDM Brussels,2026-01-27
Lokeren,1.52,2.15,-0.63,1.15,0.58,0.57,0.37,1.57,-1.2,1.52,2.15,-0.63,1,1,0,0.63,44.8,38.16,44.22,0.59,0.2,154,16,20,12,33.9,60.0,13.44,3,4,18,7,7,84.2,35.66,67.47,77.2,116.07,38.65,2,Eupen 1-1 Lokeren,2026-01-27
Eupen,2.15,1.52,0.63,0.58,1.15,-0.57,1.57,0.37,1.2,2.15,1.52,0.63,1,1,0,-0.63,55.2,61.84,49.13,0.2,0.59,246,13,12,20,60.0,33.9,12.21,4,3,13,6,19,151.9,64.34,19.93,22.8,184.23,61.35,4,Eupen 1-1 Lokeren,2026-01-27
Seraing,0.99,3.65,-2.66,0.99,3.62,-2.63,0.0,0.03,-0.03,0.99,3.65,-2.66,0,0,0,2.66,34.6,26.81,41.85,0.51,1.77,114,5,10,25,19.61,14.12,12.83,4,6,10,1,21,19.1,8.7,95.87,94.23,38.37,22.82,0,Beerschot 0-0 Seraing,2026-01-27
Beerschot,3.65,0.99,2.66,3.62,0.99,2.63,0.03,0.0,0.03,3.65,0.99,2.66,0,0,0,-2.66,65.4,73.19,48.65,1.77,0.51,286,20,25,10,14.12,19.61,6.68,6,4,36,5,5,200.5,91.3,5.87,5.77,129.77,77.18,1,Beerschot 0-0 Seraing,2026-01-27
Kortrijk,1.56,2.11,-0.55,0.78,1.62,-0.84,0.01,0.49,-0.48,0.8,2.11,-1.31,0,2,-2,-1.45,50.7,56.78,46.62,0.46,0.94,202,8,14,9,30.43,9.57,10.67,5,5,13,4,16,118.8,60.64,69.8,54.9,122.0,58.34,2,Club Brugge II 2-0 Kortrijk,2026-01-27
Club Brugge II,2.11,1.56,0.55,1.62,0.78,0.84,0.49,0.01,0.48,2.11,0.8,1.31,2,0,2,1.45,49.3,43.22,41.31,0.94,0.46,158,16,9,14,9.57,30.43,9.4,5,5,8,4,9,77.1,39.36,57.33,45.1,87.13,41.66,0,Club Brugge II 2-0 Kortrijk,2026-01-27
Francs Borains,1.48,2.94,-1.46,1.42,1.37,0.05,0.06,0.8,-0.74,1.48,2.18,-0.7,0,1,-1,0.46,36.1,34.29,46.99,0.69,0.8,173,12,13,19,18.84,23.75,15.15,8,9,23,2,13,42.3,17.42,124.2,90.84,73.6,33.34,2,Gent II 1-0 Francs Borains,2026-01-25
Gent II,2.94,1.48,1.46,1.37,1.42,-0.05,0.8,0.06,0.74,2.18,1.48,0.7,1,0,1,-0.46,63.9,65.71,51.14,0.8,0.69,390,15,19,13,23.75,18.84,8.71,9,8,13,9,10,200.5,82.58,12.53,9.16,147.13,66.66,1,Gent II 1-0 Francs Borains,2026-01-25
Lierse SK,0.32,3.55,-3.23,0.29,2.35,-2.06,0.03,1.19,-1.16,0.32,3.55,-3.23,0,1,-1,2.23,37.9,28.09,40.1,0.49,1.8,107,6,8,22,16.33,12.22,14.89,3,16,10,2,8,20.0,8.62,89.27,76.34,47.4,18.26,1,Beveren 1-0 Lierse SK,2026-01-25
Beveren,3.55,0.32,3.23,2.35,0.29,2.06,1.19,0.03,1.16,3.55,0.32,3.23,1,0,1,-2.23,62.1,71.91,49.4,1.8,0.49,270,15,22,8,12.22,16.33,7.1,16,3,25,9,13,212.1,91.38,27.67,23.66,212.2,81.74,2,Beveren 1-0 Lierse SK,2026-01-25
Liège,1.98,2.18,-0.2,1.96,1.94,0.02,0.02,0.24,-0.22,1.98,2.18,-0.2,2,2,0,0.2,48.9,50.61,48.04,0.97,1.25,178,12,14,16,14.43,12.8,10.03,3,1,15,1,16,119.4,57.85,55.33,66.3,143.63,79.64,0,Seraing 2-2 Liège,2026-01-24
Seraing,2.18,1.98,0.2,1.94,1.96,-0.02,0.24,0.02,0.22,2.18,1.98,0.2,2,2,0,-0.2,51.1,49.39,43.76,1.25,0.97,158,13,16,14,12.8,14.43,7.63,1,3,18,5,19,87.0,42.15,28.13,33.7,36.73,20.36,0,Seraing 2-2 Liège,2026-01-24
Eupen,0.68,1.55,-0.87,0.36,1.18,-0.82,0.33,0.37,-0.04,0.68,1.55,-0.87,2,3,-1,-0.13,38.5,29.06,39.94,0.02,1.48,118,10,13,21,650.0,14.19,13.23,4,9,13,7,12,10.6,4.51,82.13,62.41,55.37,29.41,2,Lommel 3-2 Eupen,2026-01-24
Lommel,1.55,0.68,0.87,1.18,0.36,0.82,0.37,0.33,0.04,1.55,0.68,0.87,3,2,1,0.13,61.5,70.94,52.45,1.48,0.02,346,19,21,13,14.19,650.0,10.0,9,4,37,9,11,224.3,95.49,49.47,37.59,132.9,70.59,1,Lommel 3-2 Eupen,2026-01-24
Patro Eisden,3.1,0.85,2.25,3.1,0.83,2.27,0.0,0.02,-0.02,3.1,0.85,2.25,4,2,2,-0.25,39.1,57.99,51.44,1.06,0.5,148,17,18,9,16.98,18.0,11.88,8,4,17,2,16,123.1,78.81,98.4,97.43,230.03,94.41,7,RWDM Brussels 2-4 Patro Eisden,2026-01-24
RWDM Brussels,0.85,3.1,-2.25,0.83,3.1,-2.27,0.02,0.0,0.02,0.85,3.1,-2.25,2,4,-2,0.25,60.9,42.01,43.93,0.5,1.06,170,7,9,18,18.0,16.98,5.59,4,8,12,4,15,33.1,21.19,2.6,2.57,13.63,5.59,0,RWDM Brussels 2-4 Patro Eisden,2026-01-24
Beerschot,1.12,1.2,-0.08,1.12,1.11,0.01,0.0,0.09,-0.09,1.12,1.2,-0.08,0,0,0,0.08,49.6,61.31,52.12,1.28,0.3,237,19,15,10,11.72,33.33,8.67,9,1,15,3,16,125.3,71.93,68.27,68.5,149.47,80.5,1,Lokeren 0-0 Beerschot,2026-01-24
Lokeren,1.2,1.12,0.08,1.11,1.12,-0.01,0.09,0.0,0.09,1.2,1.12,0.08,0,0,0,-0.08,50.4,38.69,41.22,0.3,1.28,141,10,10,15,33.33,11.72,12.32,1,9,17,5,13,48.9,28.07,31.4,31.5,36.2,19.5,0,Lokeren 0-0 Beerschot,2026-01-24
Club Brugge II,1.57,0.69,0.88,1.54,0.69,0.85,0.03,0.0,0.03,1.57,0.69,0.88,3,0,3,2.12,57.7,51.86,39.94,0.58,0.52,180,7,16,11,27.59,21.15,9.37,6,10,15,3,11,96.9,64.73,17.4,11.76,76.93,40.26,1,Olympic Charleroi 0-3 Club Brugge II,2026-01-23
Olympic Charleroi,0.69,1.57,-0.88,0.69,1.54,-0.85,0.0,0.03,-0.03,0.69,1.57,-0.88,0,3,-3,-2.12,42.3,48.14,45.4,0.52,0.58,171,6,11,16,21.15,27.59,10.65,10,6,20,2,15,52.8,35.27,130.6,88.24,114.13,59.74,2,Olympic Charleroi 0-3 Club Brugge II,2026-01-23
KRC Genk II,0.75,3.03,-2.28,0.65,2.37,-1.72,0.1,0.67,-0.57,0.75,3.03,-2.28,1,4,-3,-0.72,51.9,52.45,45.94,0.44,1.33,193,7,12,14,27.27,10.53,9.88,8,19,8,4,9,105.4,51.44,30.13,39.58,89.0,39.56,0,Kortrijk 4-1 KRC Genk II,2026-01-23
Kortrijk,3.03,0.75,2.28,2.37,0.65,1.72,0.67,0.1,0.57,3.03,0.75,2.28,4,1,3,0.72,48.1,47.55,47.5,1.33,0.44,190,21,14,12,10.53,27.27,8.23,19,8,24,7,15,99.5,48.56,46.0,60.42,136.0,60.44,0,Kortrijk 4-1 KRC Genk II,2026-01-23
Olympic Charleroi,1.73,2.86,-1.13,0.75,2.68,-1.93,0.97,0.18,0.79,1.73,2.86,-1.13,1,2,-1,0.13,53.2,36.65,43.56,0.33,1.12,182,5,12,13,36.36,11.61,9.94,2,5,18,6,14,58.2,27.74,37.4,29.56,34.0,14.08,0,Beerschot 2-1 Olympic Charleroi,2026-01-18
Beerschot,2.86,1.73,1.13,2.68,0.75,1.93,0.18,0.97,-0.79,2.86,1.73,1.13,2,1,1,-0.13,46.8,63.35,51.22,1.12,0.33,234,20,13,12,11.61,36.36,12.09,5,2,25,4,11,151.6,72.26,89.13,70.44,207.47,85.92,1,Beerschot 2-1 Olympic Charleroi,2026-01-18
Lokeren,2.07,2.46,-0.39,1.25,2.08,-0.83,0.05,0.38,-0.33,1.31,2.46,-1.15,2,1,1,1.39,50.1,59.38,52.94,1.08,0.47,261,21,20,13,18.52,27.66,8.29,7,4,18,7,17,168.4,67.79,40.67,54.08,143.77,70.2,5,Club Brugge II 1-2 Lokeren,2026-01-18
Club Brugge II,2.46,2.07,0.39,2.08,1.25,0.83,0.38,0.05,0.33,2.46,1.31,1.15,1,2,-1,-1.39,49.9,40.62,44.22,0.47,1.08,190,9,13,20,27.66,18.52,11.75,4,7,14,6,14,80.0,32.21,34.53,45.92,61.03,29.8,2,Club Brugge II 1-2 Lokeren,2026-01-18
Francs Borains,2.51,1.94,0.57,2.51,1.88,0.63,0.0,0.06,-0.06,2.51,1.94,0.57,1,3,-2,-2.57,51.1,53.33,49.97,1.17,0.66,252,19,20,11,17.09,16.67,10.65,4,4,23,2,11,115.5,64.24,49.33,53.62,73.47,42.39,4,Liège 3-1 Francs Borains,2026-01-17
Liège,1.94,2.51,-0.57,1.88,2.51,-0.63,0.06,0.0,0.06,1.94,2.51,-0.57,3,1,2,2.57,48.9,46.67,46.1,0.66,1.17,201,9,11,20,16.67,17.09,9.97,4,4,18,2,14,64.3,35.76,42.67,46.38,99.83,57.61,1,Liège 3-1 Francs Borains,2026-01-17
Kortrijk,0.38,1.6,-1.22,0.15,1.15,-1.0,0.23,0.45,-0.22,0.38,1.6,-1.22,0,1,-1,0.22,60.4,52.34,44.33,0.32,0.39,194,11,7,19,21.88,48.72,9.73,2,4,17,5,15,41.7,33.6,15.07,19.66,25.43,18.28,2,Patro Eisden 1-0 Kortrijk,2026-01-17
Patro Eisden,1.6,0.38,1.22,1.15,0.15,1.0,0.45,0.23,0.22,1.6,0.38,1.22,1,0,1,-0.22,39.6,47.66,44.4,0.39,0.32,138,11,19,7,48.72,21.88,11.03,4,2,13,3,14,82.4,66.4,61.6,80.34,113.67,81.72,7,Patro Eisden 1-0 Kortrijk,2026-01-17
Beveren,3.32,0.9,2.42,3.11,0.82,2.29,0.21,0.09,0.12,3.32,0.9,2.42,2,1,1,-1.42,48.4,57.89,49.16,1.36,1.13,209,21,22,11,16.18,9.73,9.32,7,6,20,6,20,165.1,70.14,42.73,55.02,199.83,82.45,2,Eupen 1-2 Beveren,2026-01-17
Eupen,0.9,3.32,-2.42,0.82,3.11,-2.29,0.09,0.21,-0.12,0.9,3.32,-2.42,1,2,-1,1.42,51.6,42.11,43.41,1.13,1.36,181,15,11,22,9.73,16.18,7.26,6,7,22,3,13,70.3,29.86,34.93,44.98,42.53,17.55,5,Eupen 1-2 Beveren,2026-01-17
Gent II,2.49,1.52,0.97,1.25,0.76,0.49,0.49,0.0,0.49,1.73,0.76,0.97,2,1,1,0.03,62.6,70.62,49.95,1.43,0.38,314,21,25,11,17.48,28.95,9.42,11,5,17,7,13,223.3,93.35,32.2,27.87,217.6,79.58,1,Anderlecht II 1-2 Gent II,2026-01-17
Anderlecht II,1.52,2.49,-0.97,0.76,1.25,-0.49,0.0,0.49,-0.49,0.76,1.73,-0.97,1,2,-1,-0.03,37.4,29.38,41.23,0.38,1.43,133,4,11,25,28.95,17.48,14.39,5,11,15,2,10,15.9,6.65,83.33,72.13,55.83,20.42,0,Anderlecht II 1-2 Gent II,2026-01-17
RWDM Brussels,0.82,2.94,-2.12,0.72,1.42,-0.7,0.1,0.0,0.1,0.82,1.42,-0.6,1,3,-2,0.12,56.9,55.6,45.99,0.34,0.68,183,13,10,11,29.41,16.18,6.21,8,5,13,1,17,78.7,54.92,14.13,19.68,59.37,43.96,0,Seraing 3-1 RWDM Brussels,2026-01-16
Seraing,2.94,0.82,2.12,1.42,0.72,0.7,0.0,0.1,-0.1,1.42,0.82,0.6,3,1,2,-0.12,43.1,44.4,42.31,0.68,0.34,104,6,11,10,16.18,29.41,7.57,5,8,14,1,15,64.6,45.08,57.67,80.32,75.67,56.04,2,Seraing 3-1 RWDM Brussels,2026-01-16
Lommel,1.56,1.43,0.13,1.28,1.33,-0.05,0.28,0.1,0.18,1.56,1.43,0.13,2,0,2,1.87,49.1,53.78,48.07,0.97,0.66,238,13,11,15,11.34,22.73,16.23,3,2,22,10,8,117.2,52.37,68.33,64.06,152.37,75.45,2,KRC Genk II 0-2 Lommel,2026-01-16
KRC Genk II,1.43,1.56,-0.13,1.33,1.28,0.05,0.1,0.28,-0.18,1.43,1.56,-0.13,0,2,-2,-1.87,50.9,46.22,44.29,0.66,0.97,210,12,15,11,22.73,11.34,21.61,2,3,18,6,7,106.6,47.63,38.33,35.94,49.57,24.55,0,KRC Genk II 0-2 Lommel,2026-01-16
Olympic Charleroi,1.99,3.04,-1.05,1.27,2.79,-1.52,0.72,0.25,0.47,1.99,3.04,-1.05,2,2,0,1.05,37.0,44.44,45.79,0.56,1.37,153,12,15,19,26.79,13.87,13.42,8,2,8,3,13,66.7,34.51,156.0,98.19,183.93,71.39,4,Eupen 2-2 Olympic Charleroi,2025-12-21
Eupen,3.04,1.99,1.05,2.79,1.27,1.52,0.25,0.72,-0.47,3.04,1.99,1.05,2,2,0,-1.05,63.0,55.56,42.75,1.37,0.56,238,24,19,15,13.87,26.79,9.32,2,8,20,5,13,126.6,65.49,2.87,1.81,73.7,28.61,3,Eupen 2-2 Olympic Charleroi,2025-12-21
Patro Eisden,2.39,1.7,0.69,1.2,1.63,-0.43,0.43,0.07,0.36,1.63,1.7,-0.07,1,1,0,-0.69,29.4,31.74,54.6,0.54,1.48,117,15,20,12,37.04,8.11,13.75,5,2,14,3,7,48.3,21.75,123.73,99.2,127.33,70.45,6,Lokeren 1-1 Patro Eisden,2025-12-21
Lokeren,1.7,2.39,-0.69,1.63,1.2,0.43,0.07,0.43,-0.36,1.7,1.63,0.07,1,1,0,0.69,70.6,68.26,56.42,1.48,0.54,331,22,12,20,8.11,37.04,6.32,2,5,32,9,13,173.8,78.25,1.0,0.8,53.4,29.55,1,Lokeren 1-1 Patro Eisden,2025-12-21
Liège,2.69,0.93,1.76,2.19,0.8,1.39,0.5,0.12,0.38,2.69,0.93,1.76,3,0,3,1.24,38.5,34.96,41.0,0.44,0.77,109,7,13,10,29.55,12.99,13.3,7,2,13,6,14,35.3,24.81,95.33,92.62,113.67,87.04,0,RWDM Brussels 0-3 Liège,2025-12-21
RWDM Brussels,0.93,2.69,-1.76,0.8,2.19,-1.39,0.12,0.5,-0.38,0.93,2.69,-1.76,0,3,-3,-1.24,61.5,65.04,47.14,0.77,0.44,228,9,10,13,12.99,29.55,9.14,2,7,17,3,13,107.0,75.19,7.6,7.38,16.93,12.96,0,RWDM Brussels 0-3 Liège,2025-12-21
Anderlecht II,0.62,4.24,-3.62,0.49,2.85,-2.36,0.13,1.39,-1.26,0.62,4.24,-3.62,2,5,-3,0.62,47.9,45.83,41.8,0.56,0.81,159,5,10,19,17.86,23.46,10.77,1,11,11,4,13,67.2,36.19,42.93,45.64,58.97,29.85,0,Kortrijk 5-2 Anderlecht II,2025-12-20
Kortrijk,4.24,0.62,3.62,2.85,0.49,2.36,1.39,0.13,1.26,4.24,0.62,3.62,5,2,3,-0.62,52.1,54.17,42.54,0.81,0.56,157,17,19,10,23.46,17.86,7.22,11,1,19,7,19,118.5,63.81,51.13,54.36,138.57,70.15,1,Kortrijk 5-2 Anderlecht II,2025-12-20
Beerschot,1.73,2.18,-0.45,1.69,2.02,-0.33,0.04,0.16,-0.12,1.73,2.18,-0.45,2,4,-2,-1.55,35.9,18.99,41.06,0.48,2.04,114,8,6,23,12.5,11.27,13.91,6,6,6,1,13,0.9,0.32,76.8,75.99,30.9,22.12,0,Beveren 4-2 Beerschot,2025-12-20
Beveren,2.18,1.73,0.45,2.02,1.69,0.33,0.16,0.04,0.12,2.18,1.73,0.45,4,2,2,1.55,64.1,81.01,51.49,2.04,0.48,318,27,23,6,11.27,12.5,10.12,6,6,48,10,5,281.8,99.68,24.27,24.01,108.77,77.88,3,Beveren 4-2 Beerschot,2025-12-20
Club Brugge II,1.21,0.74,0.47,1.05,0.42,0.63,0.16,0.31,-0.15,1.21,0.74,0.47,0,1,-1,-1.47,65.2,57.36,48.57,0.73,0.31,326,10,18,8,24.66,25.81,7.73,10,5,23,5,7,132.2,69.0,13.87,9.48,71.9,30.24,0,Francs Borains 1-0 Club Brugge II,2025-12-20
Francs Borains,0.74,1.21,-0.47,0.42,1.05,-0.63,0.31,0.16,0.15,0.74,1.21,-0.47,1,0,1,1.47,34.8,42.64,50.3,0.31,0.73,176,14,8,18,25.81,24.66,21.6,5,10,13,4,11,59.4,31.0,132.4,90.52,165.83,69.76,0,Francs Borains 1-0 Club Brugge II,2025-12-20
Seraing,2.82,1.52,1.3,1.27,1.52,-0.25,0.79,0.0,0.79,2.06,1.52,0.54,1,3,-2,-3.3,36.1,54.31,45.61,0.04,0.65,133,9,17,9,425.0,13.85,12.02,7,8,21,6,15,75.7,62.1,147.2,95.17,153.9,86.79,4,Gent II 3-1 Seraing,2025-12-19
Gent II,1.52,2.82,-1.3,1.52,1.27,0.25,0.0,0.79,-0.79,1.52,2.06,-0.54,3,1,2,3.3,63.9,45.69,42.33,0.65,0.04,210,6,9,17,13.85,425.0,9.18,8,7,10,2,9,46.2,37.9,7.47,4.83,23.43,13.21,0,Gent II 3-1 Seraing,2025-12-19
Lierse SK,3.01,1.61,1.4,2.8,1.45,1.35,0.21,0.16,0.05,3.01,1.61,1.4,3,4,-1,-2.4,47.3,41.55,44.24,0.58,1.15,182,14,14,12,24.14,10.43,14.88,3,3,24,4,13,111.5,44.11,48.73,45.1,77.77,34.6,1,Lommel 4-3 Lierse SK,2025-12-19
Lommel,1.61,3.01,-1.4,1.45,2.8,-1.35,0.16,0.21,-0.05,1.61,3.01,-1.4,4,3,1,2.4,52.7,58.45,49.34,1.15,0.58,275,12,12,14,10.43,24.14,16.55,3,3,21,6,11,141.3,55.89,59.33,54.9,146.97,65.4,0,Lommel 4-3 Lierse SK,2025-12-19
Lokeren,1.41,1.06,0.35,0.51,0.3,0.21,0.14,0.0,0.14,0.65,0.3,0.35,1,0,1,0.65,58.4,55.01,48.39,0.53,0.47,237,11,9,3,16.98,6.38,7.27,7,8,17,7,20,116.2,75.85,26.0,29.19,90.4,66.19,0,Liège 0-1 Lokeren,2025-12-18
Liège,1.06,1.41,-0.35,0.3,0.51,-0.21,0.0,0.14,-0.14,0.3,0.65,-0.35,0,1,-1,-0.65,41.6,44.99,49.47,0.47,0.53,182,12,3,9,6.38,16.98,9.97,8,7,20,1,12,37.0,24.15,63.07,70.81,46.17,33.81,0,Liège 0-1 Lokeren,2025-12-18
Eupen,1.83,1.2,0.63,1.07,1.11,-0.04,0.0,0.09,-0.09,1.07,1.2,-0.13,1,0,1,0.37,67.3,48.36,45.79,0.45,0.19,224,13,8,11,17.78,57.89,5.44,0,7,9,6,17,68.5,55.65,12.87,9.52,24.37,18.68,3,Patro Eisden 0-1 Eupen,2025-12-18
Patro Eisden,1.2,1.83,-0.63,1.11,1.07,0.04,0.09,0.0,0.09,1.2,1.07,0.13,0,1,-1,-0.37,32.7,51.64,50.38,0.19,0.45,124,14,11,8,57.89,17.78,9.95,7,0,19,4,23,54.6,44.35,122.27,90.48,106.07,81.32,9,Patro Eisden 0-1 Eupen,2025-12-18
Beveren,3.2,1.55,1.65,2.69,1.55,1.14,0.51,0.0,0.51,3.2,1.55,1.65,2,1,1,-0.65,58.6,75.41,51.24,1.89,0.57,277,24,20,8,10.58,14.04,7.28,13,0,39,8,16,221.8,94.62,18.2,27.27,199.27,91.0,2,KRC Genk II 1-2 Beveren,2025-12-17
KRC Genk II,1.55,3.2,-1.65,1.55,2.69,-1.14,0.0,0.51,-0.51,1.55,3.2,-1.65,1,2,-1,0.65,41.4,24.59,36.67,0.57,1.89,87,2,8,20,14.04,10.58,17.86,0,13,9,4,9,12.6,5.38,48.53,72.73,19.7,9.0,1,KRC Genk II 1-2 Beveren,2025-12-17
Francs Borains,1.3,1.58,-0.28,1.3,0.67,0.63,0.0,0.15,-0.15,1.3,0.82,0.48,0,2,-2,-1.72,47.2,58.12,52.22,0.89,0.53,265,20,11,10,12.36,18.87,12.97,6,3,27,3,20,125.7,57.5,72.0,72.82,141.83,66.99,0,Anderlecht II 2-0 Francs Borains,2025-12-17
Anderlecht II,1.58,1.3,0.28,0.67,1.3,-0.63,0.15,0.0,0.15,0.82,1.3,-0.48,2,0,2,1.72,52.8,41.88,43.81,0.53,0.89,205,12,10,11,18.87,12.36,9.51,3,6,8,5,14,92.9,42.5,26.87,27.18,69.9,33.01,0,Anderlecht II 2-0 Francs Borains,2025-12-17
RWDM Brussels,1.93,1.85,0.08,1.84,1.85,-0.01,0.09,0.0,0.09,1.93,1.85,0.08,1,0,1,0.92,41.7,40.91,42.59,0.56,1.54,143,11,15,15,26.79,9.74,11.94,4,8,15,4,18,75.4,34.65,78.87,67.64,97.37,44.22,0,Club Brugge II 0-1 RWDM Brussels,2025-12-17
Club Brugge II,1.85,1.93,-0.08,1.85,1.84,0.01,0.0,0.09,-0.09,1.85,1.93,-0.08,0,1,-1,-0.92,58.3,59.09,45.42,1.54,0.56,215,27,15,15,9.74,26.79,7.34,8,4,30,4,16,142.2,65.35,37.73,32.36,122.83,55.78,4,Club Brugge II 0-1 RWDM Brussels,2025-12-17
Lommel,1.43,1.67,-0.24,1.43,1.36,0.07,0.0,0.31,-0.31,1.43,1.67,-0.24,2,1,1,1.24,60.6,64.75,49.79,0.63,0.81,306,12,9,16,14.29,19.75,12.04,5,5,30,8,12,124.3,67.26,21.27,18.06,114.83,49.09,1,Olympic Charleroi 1-2 Lommel,2025-12-16
Olympic Charleroi,1.67,1.43,0.24,1.36,1.43,-0.07,0.31,0.0,0.31,1.67,1.43,0.24,1,2,-1,-1.24,39.4,35.25,44.5,0.81,0.63,156,16,16,9,19.75,14.29,19.65,5,5,17,2,9,60.5,32.74,96.53,81.94,119.1,50.91,1,Olympic Charleroi 1-2 Lommel,2025-12-16
Gent II,1.07,1.22,-0.15,1.02,1.22,-0.2,0.04,0.0,0.04,1.07,1.22,-0.15,2,1,1,1.15,51.2,40.56,44.47,0.52,1.6,169,9,11,13,21.15,8.12,9.24,4,9,6,2,17,62.2,35.5,7.8,10.57,36.17,22.47,1,Beerschot 1-2 Gent II,2025-12-16
Beerschot,1.22,1.07,0.15,1.22,1.02,0.2,0.0,0.04,-0.04,1.22,1.07,0.15,1,2,-1,-1.15,48.8,59.44,52.61,1.6,0.52,243,24,13,11,8.12,21.15,8.22,9,4,28,6,15,113.0,64.5,66.0,89.43,124.77,77.53,2,Beerschot 1-2 Gent II,2025-12-16
Kortrijk,1.19,0.76,0.43,1.19,0.72,0.47,0.0,0.04,-0.04,1.19,0.76,0.43,0,0,0,-0.43,52.8,53.18,46.87,0.71,0.44,206,14,8,9,11.27,20.45,8.54,5,10,23,7,11,99.5,53.44,31.33,36.63,87.5,47.28,2,Lierse SK 0-0 Kortrijk,2025-12-16
Lierse SK,0.76,1.19,-0.43,0.72,1.19,-0.47,0.04,0.0,0.04,0.76,1.19,-0.43,0,0,0,0.43,47.2,46.82,47.12,0.44,0.71,192,7,9,8,20.45,11.27,10.32,10,5,12,3,10,86.7,46.56,54.2,63.37,97.57,52.72,0,Lierse SK 0-0 Kortrijk,2025-12-16
KRC Genk II,0.93,1.92,-0.99,0.87,0.93,-0.06,0.06,0.22,-0.16,0.93,1.16,-0.23,2,2,0,0.99,46.9,32.9,42.53,0.58,0.95,145,11,7,15,12.07,15.79,13.61,3,7,11,4,11,26.6,16.02,22.67,29.96,21.6,12.28,3,Lokeren 2-2 KRC Genk II,2025-12-14
Lokeren,1.92,0.93,0.99,0.93,0.87,0.06,0.22,0.06,0.16,1.16,0.93,0.23,2,2,0,-0.99,53.1,67.1,54.2,0.95,0.58,263,21,15,7,15.79,12.07,9.91,7,3,23,8,14,139.4,83.98,53.0,70.04,154.23,87.72,1,Lokeren 2-2 KRC Genk II,2025-12-14
Club Brugge II,1.78,1.37,0.41,0.96,1.24,-0.28,0.06,0.13,-0.07,1.02,1.37,-0.35,1,2,-1,-1.41,54.8,55.87,42.49,1.05,0.49,226,17,11,12,10.48,24.49,9.73,10,8,19,4,13,95.9,56.05,36.2,27.37,60.83,33.79,2,Eupen 2-1 Club Brugge II,2025-12-14
Eupen,1.37,1.78,-0.41,1.24,0.96,0.28,0.13,0.06,0.07,1.37,1.02,0.35,2,1,1,1.41,45.2,44.13,40.08,0.49,1.05,189,15,12,11,24.49,10.48,12.9,8,10,7,3,18,75.2,43.95,96.07,72.63,119.2,66.21,3,Eupen 2-1 Club Brugge II,2025-12-14
Lierse SK,1.9,1.32,0.58,1.27,1.32,-0.05,0.63,0.0,0.63,1.9,1.32,0.58,1,0,1,0.42,51.0,42.72,43.72,0.26,0.74,175,6,13,16,50.0,21.62,11.85,4,4,16,4,12,57.4,32.97,44.67,39.62,55.87,30.98,1,Francs Borains 0-1 Lierse SK,2025-12-13
Francs Borains,1.32,1.9,-0.58,1.32,1.27,0.05,0.0,0.63,-0.63,1.32,1.9,-0.58,0,1,-1,-0.42,49.0,57.28,49.7,0.74,0.26,221,19,16,13,21.62,50.0,9.72,4,4,24,4,11,116.7,67.03,68.07,60.38,124.47,69.02,3,Francs Borains 0-1 Lierse SK,2025-12-13
Patro Eisden,2.69,0.64,2.05,2.2,0.64,1.56,0.49,0.0,0.49,2.69,0.64,2.05,2,0,2,-0.05,32.8,31.1,47.56,0.67,0.9,119,16,20,10,29.85,11.11,17.04,5,1,26,11,14,49.4,26.28,125.07,95.91,108.87,65.07,9,Beerschot 0-2 Patro Eisden,2025-12-13
Beerschot,0.64,2.69,-2.05,0.64,2.2,-1.56,0.0,0.49,-0.49,0.64,2.69,-2.05,0,2,-2,0.05,67.2,68.9,53.81,0.9,0.67,347,18,10,20,11.11,29.85,9.7,1,5,24,3,7,138.6,73.72,5.33,4.09,58.43,34.93,0,Beerschot 0-2 Patro Eisden,2025-12-13
Olympic Charleroi,2.14,1.25,0.89,1.32,1.25,0.07,0.81,0.0,0.81,2.14,1.25,0.89,3,3,0,-0.89,63.0,69.73,46.13,0.79,0.57,252,10,14,8,17.72,14.04,10.76,1,5,27,4,11,142.6,89.01,16.07,15.05,106.8,66.18,0,RWDM Brussels 3-3 Olympic Charleroi,2025-12-13
RWDM Brussels,1.25,2.14,-0.89,1.25,1.32,-0.07,0.0,0.81,-0.81,1.25,2.14,-0.89,3,3,0,0.89,37.0,30.27,39.81,0.57,0.79,105,4,8,14,14.04,17.72,17.59,5,1,5,0,10,17.6,10.99,90.73,84.95,54.57,33.82,3,RWDM Brussels 3-3 Olympic Charleroi,2025-12-13
Seraing,0.38,2.36,-1.98,0.29,1.97,-1.68,0.09,0.4,-0.31,0.38,2.36,-1.98,0,1,-1,0.98,44.2,34.23,37.28,0.26,1.32,118,6,6,18,23.08,13.64,11.94,5,10,9,3,17,18.4,8.85,41.67,50.77,13.4,5.32,1,Kortrijk 1-0 Seraing,2025-12-13
Kortrijk,2.36,0.38,1.98,1.97,0.29,1.68,0.4,0.09,0.31,2.36,0.38,1.98,1,0,1,-0.98,55.8,65.77,47.11,1.32,0.26,250,21,18,6,13.64,23.08,10.08,10,5,14,2,13,189.6,91.15,40.4,49.23,238.33,94.68,0,Kortrijk 1-0 Seraing,2025-12-13
Gent II,2.33,0.59,1.74,2.23,0.47,1.76,0.1,0.12,-0.02,2.33,0.59,1.74,0,2,-2,-3.74,53.6,53.78,46.36,1.37,1.05,274,15,17,6,12.41,5.71,15.62,4,9,27,7,11,153.1,64.35,35.93,24.66,63.33,29.03,0,Lommel 2-0 Gent II,2025-12-12
Lommel,0.59,2.33,-1.74,0.47,2.23,-1.76,0.12,0.1,0.02,0.59,2.33,-1.74,2,0,2,3.74,46.4,46.22,47.1,1.05,1.37,243,10,6,17,5.71,12.41,15.66,9,4,4,1,9,84.8,35.65,109.8,75.34,154.83,70.97,1,Lommel 2-0 Gent II,2025-12-12
Anderlecht II,1.03,2.35,-1.32,0.25,2.14,-1.89,0.03,0.21,-0.18,0.27,2.35,-2.08,1,2,-1,0.32,40.6,22.97,39.64,0.25,2.11,116,5,6,21,24.0,9.95,19.29,2,8,7,1,12,12.8,5.15,65.53,58.27,28.37,11.71,1,Beveren 2-1 Anderlecht II,2025-12-12
Beveren,2.35,1.03,1.32,2.14,0.25,1.89,0.21,0.03,0.18,2.35,0.27,2.08,2,1,1,-0.32,59.4,77.03,53.34,2.11,0.25,346,20,21,6,9.95,24.0,8.8,8,2,56,10,15,235.7,94.85,46.93,41.73,213.87,88.29,1,Beveren 2-1 Anderlecht II,2025-12-12
Anderlecht II,2.08,1.52,0.56,1.13,0.71,0.42,0.19,0.05,0.14,1.32,0.76,0.56,2,3,-1,-1.56,59.1,78.42,51.22,1.33,0.3,277,20,15,11,11.28,36.67,6.02,9,5,30,6,15,164.3,84.08,36.13,42.48,106.6,60.12,1,KRC Genk II 3-2 Anderlecht II,2025-12-09
KRC Genk II,1.52,2.08,-0.56,0.71,1.13,-0.42,0.05,0.19,-0.14,0.76,1.32,-0.56,3,2,1,1.56,40.9,21.58,35.34,0.3,1.33,74,4,11,15,36.67,11.28,9.8,5,9,5,4,19,31.1,15.92,48.93,57.52,70.7,39.88,0,KRC Genk II 3-2 Anderlecht II,2025-12-09
Kortrijk,2.13,2.57,-0.44,1.47,2.32,-0.85,0.65,0.25,0.4,2.13,2.57,-0.44,0,2,-2,-1.56,65.2,60.12,50.32,1.2,0.91,276,20,14,13,11.67,14.29,4.98,15,4,23,6,9,143.6,69.1,7.67,8.57,81.67,45.33,1,Liège 2-0 Kortrijk,2025-12-07
Liège,2.57,2.13,0.44,2.32,1.47,0.85,0.25,0.65,-0.4,2.57,2.13,0.44,2,0,2,1.56,34.8,39.88,45.07,0.91,1.2,125,13,13,14,14.29,11.67,11.19,4,15,18,3,13,64.2,30.9,81.8,91.43,98.5,54.67,1,Liège 2-0 Kortrijk,2025-12-07
Lokeren,1.37,1.91,-0.54,1.3,0.37,0.93,0.07,0.02,0.05,1.37,0.39,0.98,3,1,2,2.54,44.9,32.32,44.25,0.61,0.62,159,7,12,10,19.67,16.13,11.49,7,7,7,2,15,38.1,26.15,59.53,63.74,89.47,62.8,1,Gent II 1-3 Lokeren,2025-12-07
Gent II,1.91,1.37,0.54,0.37,1.3,-0.93,0.02,0.07,-0.05,0.39,1.37,-0.98,1,3,-2,-2.54,55.1,67.68,49.71,0.62,0.61,270,10,10,12,16.13,19.67,9.54,7,7,17,7,13,107.6,73.85,33.87,36.26,53.0,37.2,1,Gent II 1-3 Lokeren,2025-12-07
RWDM Brussels,1.67,1.85,-0.18,1.14,1.01,0.13,0.53,0.09,0.44,1.67,1.09,0.58,2,2,0,0.18,50.5,44.32,42.77,0.87,0.53,188,11,16,11,18.39,20.75,10.32,5,8,21,4,14,79.3,46.59,54.33,54.92,100.63,67.21,0,Anderlecht II 2-2 RWDM Brussels,2025-12-06
Anderlecht II,1.85,1.67,0.18,1.01,1.14,-0.13,0.09,0.53,-0.44,1.09,1.67,-0.58,2,2,0,-0.18,49.5,55.68,44.11,0.53,0.87,179,12,11,16,20.75,18.39,14.86,8,5,19,4,9,90.9,53.41,44.6,45.08,49.1,32.79,1,Anderlecht II 2-2 RWDM Brussels,2025-12-06
Beerschot,2.03,1.79,0.24,1.7,1.71,-0.01,0.33,0.08,0.25,2.03,1.79,0.24,1,3,-2,-2.24,52.7,72.92,50.24,1.48,0.18,247,25,19,11,12.84,61.11,10.12,7,2,29,8,12,193.4,84.94,86.4,66.73,238.27,86.14,0,Club Brugge II 3-1 Beerschot,2025-12-06
Club Brugge II,1.79,2.03,-0.24,1.71,1.7,0.01,0.08,0.33,-0.25,1.79,2.03,-0.24,3,1,2,2.24,47.3,27.08,33.41,0.18,1.48,103,3,11,19,61.11,12.84,11.52,2,7,9,4,19,34.3,15.06,43.07,33.27,38.33,13.86,0,Club Brugge II 3-1 Beerschot,2025-12-06
Francs Borains,0.3,2.88,-2.58,0.3,1.97,-1.67,0.0,0.91,-0.91,0.3,2.88,-2.58,0,1,-1,1.58,40.0,28.79,42.17,0.24,1.21,139,2,5,23,20.83,19.01,16.5,3,12,15,1,10,7.8,3.84,57.73,79.89,10.93,5.5,0,Beveren 1-0 Francs Borains,2025-12-06
Beveren,2.88,0.3,2.58,1.97,0.3,1.67,0.91,0.0,0.91,2.88,0.3,2.58,1,0,1,-1.58,60.0,71.21,50.66,1.21,0.24,321,20,23,5,19.01,20.83,9.26,12,3,29,6,9,195.3,96.16,14.53,20.11,187.63,94.5,4,Beveren 1-0 Francs Borains,2025-12-06
KRC Genk II,1.77,1.5,0.27,0.99,1.49,-0.5,0.03,0.01,0.02,1.01,1.5,-0.49,1,2,-1,-1.27,54.0,45.83,41.86,0.76,0.92,184,13,11,12,14.47,13.04,9.06,5,8,12,2,12,75.0,41.62,41.13,32.39,71.93,29.26,1,Lierse SK 2-1 KRC Genk II,2025-12-06
Lierse SK,1.5,1.77,-0.27,1.49,0.99,0.5,0.01,0.03,-0.02,1.5,1.01,0.49,2,1,1,1.27,46.0,54.17,48.41,0.92,0.76,222,11,12,11,13.04,14.47,9.91,8,5,16,2,19,105.2,58.38,85.87,67.61,173.87,70.74,2,Lierse SK 2-1 KRC Genk II,2025-12-06
Eupen,1.08,0.51,0.57,1.08,0.49,0.59,0.0,0.01,-0.01,1.08,0.51,0.57,1,0,1,0.43,68.9,49.54,39.12,0.37,0.52,175,8,9,9,24.32,17.31,7.18,6,6,5,1,13,63.4,55.61,8.27,4.89,15.23,9.77,1,Seraing 0-1 Eupen,2025-12-05
Seraing,0.51,1.08,-0.57,0.49,1.08,-0.59,0.01,0.0,0.01,0.51,1.08,-0.57,0,1,-1,-0.43,31.1,50.46,40.62,0.52,0.37,104,6,9,9,17.31,24.32,15.36,6,6,12,4,16,50.6,44.39,160.93,95.11,140.6,90.23,2,Seraing 0-1 Eupen,2025-12-05
Patro Eisden,1.98,0.8,1.18,1.75,0.8,0.95,0.23,0.0,0.23,1.98,0.8,1.18,0,0,0,-1.18,41.3,55.32,50.94,0.91,0.56,178,15,14,5,15.38,8.93,9.24,11,1,21,3,15,115.6,68.97,103.47,97.48,181.87,91.24,5,Olympic Charleroi 0-0 Patro Eisden,2025-12-05
Olympic Charleroi,0.8,1.98,-1.18,0.8,1.75,-0.95,0.0,0.23,-0.23,0.8,1.98,-1.18,0,0,0,1.18,58.7,44.68,45.5,0.56,0.91,193,2,5,14,8.93,15.38,9.77,1,11,17,2,16,52.0,31.03,2.67,2.52,17.47,8.76,1,Olympic Charleroi 0-0 Patro Eisden,2025-12-05
Club Brugge II,0.55,1.0,-0.45,0.55,0.96,-0.41,0.0,0.04,-0.04,0.55,1.0,-0.45,0,1,-1,-0.55,70.4,59.06,41.3,0.66,0.65,229,12,5,9,7.58,13.85,10.7,4,7,19,3,4,77.0,64.76,0.07,0.03,5.57,2.64,1,Seraing 1-0 Club Brugge II,2025-11-30
Seraing,1.0,0.55,0.45,0.96,0.55,0.41,0.04,0.0,0.04,1.0,0.55,0.45,1,0,1,0.55,29.6,40.94,45.35,0.65,0.66,112,9,9,5,13.85,7.58,17.74,7,4,18,4,20,41.9,35.24,214.47,99.97,205.27,97.36,3,Seraing 1-0 Club Brugge II,2025-11-30
Olympic Charleroi,5.49,1.72,3.77,4.8,1.72,3.08,0.7,0.0,0.7,5.49,1.72,3.77,4,3,1,-2.77,49.1,63.69,52.78,1.49,0.86,232,21,21,6,14.09,6.98,11.32,4,2,28,8,15,166.7,88.67,64.07,69.29,186.93,91.48,2,KRC Genk II 3-4 Olympic Charleroi,2025-11-30
KRC Genk II,1.72,5.49,-3.77,1.72,4.8,-3.08,0.0,0.7,-0.7,1.72,5.49,-3.77,3,4,-1,2.77,50.9,36.31,40.85,0.86,1.49,148,5,6,21,6.98,14.09,11.54,2,4,9,3,9,21.3,11.33,28.4,30.71,17.4,8.52,0,KRC Genk II 3-4 Olympic Charleroi,2025-11-30
Gent II,1.28,2.71,-1.43,1.24,1.99,-0.75,0.04,0.72,-0.68,1.28,2.71,-1.43,1,2,-1,0.43,61.7,44.48,46.73,0.67,1.48,247,8,10,18,14.93,12.16,10.23,2,12,9,1,12,69.7,37.37,3.53,2.81,33.67,14.74,0,Patro Eisden 2-1 Gent II,2025-11-29
Patro Eisden,2.71,1.28,1.43,1.99,1.24,0.75,0.72,0.04,0.68,2.71,1.28,1.43,2,1,1,-0.43,38.3,55.52,52.71,1.48,0.67,179,21,18,10,12.16,14.93,13.18,12,2,31,10,11,116.8,62.63,122.27,97.19,194.7,85.26,6,Patro Eisden 2-1 Gent II,2025-11-29
Anderlecht II,1.18,1.3,-0.12,1.14,0.33,0.81,0.03,0.21,-0.18,1.18,0.54,0.64,0,1,-1,-0.88,52.0,54.01,45.98,0.42,0.47,209,9,14,12,33.33,25.53,9.24,5,4,17,5,14,102.8,57.53,33.4,38.42,74.53,43.03,3,Lierse SK 1-0 Anderlecht II,2025-11-29
Lierse SK,1.3,1.18,0.12,0.33,1.14,-0.81,0.21,0.03,0.18,0.54,1.18,-0.64,1,0,1,0.88,48.0,45.99,44.05,0.47,0.42,161,6,12,14,25.53,33.33,9.66,4,5,17,4,20,75.9,42.47,53.53,61.58,98.67,56.97,0,Lierse SK 1-0 Anderlecht II,2025-11-29
Francs Borains,2.78,2.23,0.55,1.81,1.05,0.76,0.2,0.42,-0.22,2.02,1.47,0.55,3,1,2,1.45,40.7,42.17,47.64,0.59,1.06,163,14,11,20,18.64,18.87,14.36,6,4,21,7,14,79.3,33.95,94.13,86.2,121.53,55.8,0,RWDM Brussels 1-3 Francs Borains,2025-11-29
RWDM Brussels,2.23,2.78,-0.55,1.05,1.81,-0.76,0.42,0.2,0.22,1.47,2.02,-0.55,1,3,-2,-1.45,59.3,57.83,47.75,1.06,0.59,256,19,20,11,18.87,18.64,10.08,4,6,21,7,7,154.3,66.05,15.07,13.8,96.27,44.2,1,RWDM Brussels 1-3 Francs Borains,2025-11-29
Kortrijk,1.06,1.41,-0.35,0.88,1.31,-0.43,0.17,0.1,0.07,1.06,1.41,-0.35,1,1,0,0.35,48.5,52.46,49.46,0.57,0.78,197,11,9,10,15.79,12.82,8.56,6,9,25,6,17,97.5,52.87,51.13,66.87,118.07,65.51,0,Lokeren 1-1 Kortrijk,2025-11-29
Lokeren,1.41,1.06,0.35,1.31,0.88,0.43,0.1,0.17,-0.07,1.41,1.06,0.35,1,1,0,-0.35,51.5,47.54,46.19,0.78,0.57,177,17,10,9,12.82,15.79,7.24,9,6,19,6,13,86.9,47.13,25.33,33.13,62.17,34.49,1,Lokeren 1-1 Kortrijk,2025-11-29
Lommel,2.8,0.67,2.13,2.66,0.44,2.22,0.14,0.24,-0.1,2.8,0.67,2.13,2,1,1,-1.13,56.9,66.56,49.49,1.03,0.11,289,12,19,9,18.45,81.82,10.89,14,3,23,8,18,169.7,79.63,65.67,42.48,171.4,76.09,0,Eupen 1-2 Lommel,2025-11-28
Eupen,0.67,2.8,-2.13,0.44,2.66,-2.22,0.24,0.14,0.1,0.67,2.8,-2.13,1,2,-1,1.13,43.1,33.44,36.95,0.11,1.03,136,9,9,19,81.82,18.45,24.7,3,14,8,4,5,43.4,20.37,88.93,57.52,53.87,23.91,0,Eupen 1-2 Lommel,2025-11-28
Liège,0.91,3.43,-2.52,0.6,2.61,-2.01,0.31,0.83,-0.52,0.91,3.43,-2.52,0,3,-3,-0.48,39.7,27.04,42.09,0.48,1.47,147,12,12,24,25.0,16.33,14.83,3,7,16,5,14,34.9,11.74,67.53,71.38,27.94,9.8,0,Beerschot 3-0 Liège,2025-11-28
Beerschot,3.43,0.91,2.52,2.61,0.6,2.01,0.83,0.31,0.52,3.43,0.91,2.52,3,0,3,0.48,60.3,72.96,53.68,1.47,0.48,361,25,24,12,16.33,25.0,9.86,7,3,24,9,8,262.4,88.26,27.07,28.62,257.1,90.2,0,Beerschot 3-0 Liège,2025-11-28
RWDM Brussels,1.09,2.99,-1.9,1.09,2.89,-1.8,0.0,0.09,-0.09,1.09,2.99,-1.9,0,1,-1,0.9,65.9,54.37,44.61,0.44,1.14,203,10,7,17,15.91,14.91,5.77,2,3,14,3,12,51.1,39.89,0.6,0.5,24.47,12.44,2,Patro Eisden 1-0 RWDM Brussels,2025-11-23
Patro Eisden,2.99,1.09,1.9,2.89,1.09,1.8,0.09,0.0,0.09,2.99,1.09,1.9,1,0,1,-0.9,34.1,45.63,47.06,1.14,0.44,116,14,17,7,14.91,15.91,10.07,3,2,14,2,23,77.0,60.11,118.53,99.5,172.3,87.56,1,Patro Eisden 1-0 RWDM Brussels,2025-11-23
Beerschot,2.54,1.07,1.47,2.54,0.94,1.6,0.0,0.13,-0.13,2.54,1.07,1.47,2,1,1,-0.47,46.6,52.85,41.56,0.85,0.74,145,8,11,18,12.94,24.32,12.08,3,6,9,2,13,69.3,46.95,47.93,47.27,85.47,57.53,0,Olympic Charleroi 1-2 Beerschot,2025-11-23
Olympic Charleroi,1.07,2.54,-1.47,0.94,2.54,-1.6,0.13,0.0,0.13,1.07,2.54,-1.47,1,2,-1,0.47,53.4,47.15,46.49,0.74,0.85,227,10,18,11,24.32,12.94,12.06,6,3,13,3,15,78.3,53.05,53.47,52.73,63.1,42.47,0,Olympic Charleroi 1-2 Beerschot,2025-11-23
KRC Genk II,1.27,1.2,0.07,1.27,1.16,0.11,0.0,0.04,-0.04,1.27,1.2,0.07,0,0,0,-0.07,40.0,32.27,42.12,0.73,0.98,146,7,9,15,12.33,15.31,19.74,0,10,11,6,12,55.6,26.15,85.33,76.92,69.0,38.4,0,Gent II 0-0 KRC Genk II,2025-11-22
Gent II,1.2,1.27,-0.07,1.16,1.27,-0.11,0.04,0.0,0.04,1.2,1.27,-0.07,0,0,0,0.07,60.0,67.73,49.38,0.98,0.73,300,15,15,9,15.31,12.33,7.56,10,0,15,4,17,157.0,73.85,25.6,23.08,110.67,61.6,1,Gent II 0-0 KRC Genk II,2025-11-22
Seraing,2.43,2.0,0.43,2.15,2.0,0.15,0.28,0.0,0.28,2.43,2.0,0.43,2,2,0,-0.43,45.5,58.58,45.49,1.06,0.52,180,12,19,13,17.92,25.0,8.18,17,5,28,4,13,111.1,62.1,89.4,83.19,167.9,68.9,1,Anderlecht II 2-2 Seraing,2025-11-22
Anderlecht II,2.0,2.43,-0.43,2.0,2.15,-0.15,0.0,0.28,-0.28,2.0,2.43,-0.43,2,2,0,0.43,54.5,41.42,39.26,0.52,1.06,148,12,13,19,25.0,17.92,10.61,5,17,12,2,13,67.8,37.9,18.07,16.81,75.77,31.1,0,Anderlecht II 2-2 Seraing,2025-11-22
Lommel,2.09,2.5,-0.41,1.33,2.13,-0.8,0.0,0.36,-0.36,1.33,2.5,-1.17,2,4,-2,-1.59,56.0,59.3,47.72,0.93,0.85,256,19,17,14,18.28,16.47,11.09,6,4,22,2,6,132.2,69.47,40.8,42.68,110.47,52.93,3,Kortrijk 4-2 Lommel,2025-11-22
Kortrijk,2.5,2.09,0.41,2.13,1.33,0.8,0.36,0.0,0.36,2.5,1.33,1.17,4,2,2,1.59,44.0,40.7,43.06,0.85,0.93,146,17,14,17,16.47,18.28,15.0,4,6,20,7,10,58.1,30.53,54.8,57.32,98.22,47.07,0,Kortrijk 4-2 Lommel,2025-11-22
Club Brugge II,0.57,2.62,-2.05,0.57,1.76,-1.19,0.0,0.1,-0.1,0.57,1.86,-1.29,2,3,-1,1.05,48.3,41.11,41.91,0.66,0.63,161,9,9,12,13.64,19.05,11.12,8,10,17,3,12,51.2,29.7,74.27,57.01,34.74,14.95,0,Lokeren 3-2 Club Brugge II,2025-11-22
Lokeren,2.62,0.57,2.05,1.76,0.57,1.19,0.1,0.0,0.1,1.86,0.57,1.29,3,2,1,-1.05,51.7,58.89,45.54,0.63,0.66,203,15,12,9,19.05,13.64,8.2,10,8,24,4,17,121.2,70.3,56.0,42.99,197.57,85.05,1,Lokeren 3-2 Club Brugge II,2025-11-22
Liège,1.77,1.43,0.34,1.57,1.31,0.26,0.2,0.12,0.08,1.77,1.43,0.34,0,2,-2,-2.34,64.7,69.03,47.63,0.88,0.29,263,22,16,14,18.18,48.28,6.27,7,1,34,11,13,130.8,84.77,7.4,6.99,68.7,51.12,2,Francs Borains 2-0 Liège,2025-11-21
Francs Borains,1.43,1.77,-0.34,1.31,1.57,-0.26,0.12,0.2,-0.08,1.43,1.77,-0.34,2,0,2,2.34,35.3,30.97,43.94,0.29,0.88,112,8,14,16,48.28,18.18,12.45,1,7,12,4,20,23.5,15.23,98.4,93.01,65.7,48.88,0,Francs Borains 2-0 Liège,2025-11-21
Eupen,1.45,2.14,-0.69,1.31,1.49,-0.18,0.14,0.65,-0.51,1.45,2.14,-0.69,1,1,0,0.69,50.7,21.99,34.5,0.5,1.17,107,5,9,21,18.0,17.95,18.88,3,16,11,2,5,29.4,11.8,35.2,21.5,6.97,2.27,1,Beveren 1-1 Eupen,2025-11-21
Beveren,2.14,1.45,0.69,1.49,1.31,0.18,0.65,0.14,0.51,2.14,1.45,0.69,1,1,0,-0.69,49.3,78.01,57.0,1.17,0.5,339,22,21,9,17.95,18.0,12.46,16,3,46,14,8,219.8,88.2,128.53,78.5,299.7,97.73,1,Beveren 1-1 Eupen,2025-11-21
Olympic Charleroi,1.94,1.03,0.91,1.83,0.56,1.27,0.11,0.47,-0.36,1.94,1.03,0.91,1,0,1,0.09,36.7,28.69,43.58,0.32,1.46,128,5,11,11,34.38,7.53,12.39,7,5,8,3,16,64.6,24.07,111.33,87.48,93.73,58.71,0,Francs Borains 0-1 Olympic Charleroi,2025-11-09
Francs Borains,1.03,1.94,-0.91,0.56,1.83,-1.27,0.47,0.11,0.36,1.03,1.94,-0.91,0,1,-1,-0.09,63.3,71.31,51.55,1.46,0.32,300,18,11,11,7.53,34.38,8.2,5,7,47,10,13,203.8,75.93,15.93,12.52,65.93,41.29,2,Francs Borains 0-1 Olympic Charleroi,2025-11-09
Beerschot,2.83,1.84,0.99,1.53,1.49,0.04,0.55,0.35,0.2,2.07,1.84,0.23,1,0,1,0.01,54.8,58.48,45.11,0.56,0.66,219,8,16,14,28.57,21.21,9.51,3,3,19,7,13,110.5,60.75,24.13,27.74,96.8,52.37,0,RWDM Brussels 0-1 Beerschot,2025-11-09
RWDM Brussels,1.84,2.83,-0.99,1.49,1.53,-0.04,0.35,0.55,-0.2,1.84,2.07,-0.23,0,1,-1,-0.01,45.2,41.52,42.09,0.66,0.56,152,18,14,16,21.21,28.57,14.0,3,3,20,7,10,71.4,39.25,62.87,72.26,88.03,47.63,0,RWDM Brussels 0-1 Beerschot,2025-11-09
Lokeren,1.95,0.28,1.67,0.81,0.17,0.64,0.39,0.11,0.28,1.19,0.28,0.91,1,1,0,-1.67,57.7,39.68,41.22,0.58,0.23,162,14,8,4,13.79,17.39,7.5,5,6,17,4,11,61.7,51.98,13.87,14.39,26.13,22.01,5,Seraing 1-1 Lokeren,2025-11-08
Seraing,0.28,1.95,-1.67,0.17,0.81,-0.64,0.11,0.39,-0.28,0.28,1.19,-0.91,1,1,0,1.67,42.3,60.32,44.62,0.23,0.58,145,5,4,8,17.39,13.79,9.07,6,5,26,8,15,57.0,48.02,82.53,85.61,92.6,77.99,3,Seraing 1-1 Lokeren,2025-11-08
Lierse SK,2.04,1.37,0.67,1.33,1.26,0.07,0.71,0.1,0.61,2.04,1.37,0.67,1,0,1,0.33,35.5,40.38,41.18,1.08,0.55,113,12,10,19,9.26,34.55,16.4,2,4,17,5,15,64.9,33.42,129.0,96.18,156.83,73.73,0,Club Brugge II 0-1 Lierse SK,2025-11-08
Club Brugge II,1.37,2.04,-0.67,1.26,1.33,-0.07,0.1,0.71,-0.61,1.37,2.04,-0.67,0,1,-1,-0.33,64.5,59.62,42.42,0.55,1.08,191,9,19,10,34.55,9.26,10.04,4,2,23,6,9,129.3,66.58,5.13,3.82,55.87,26.27,0,Club Brugge II 0-1 Lierse SK,2025-11-08
Patro Eisden,3.04,0.86,2.18,2.66,0.84,1.82,0.38,0.02,0.36,3.04,0.86,2.18,0,2,-2,-4.18,46.1,61.57,49.13,0.5,0.57,170,20,28,7,56.0,12.28,7.66,6,2,28,10,15,146.7,76.77,48.73,73.03,142.53,77.27,14,Kortrijk 2-0 Patro Eisden,2025-11-08
Kortrijk,0.86,3.04,-2.18,0.84,2.66,-1.82,0.02,0.38,-0.36,0.86,3.04,-2.18,2,0,2,4.18,53.9,38.43,42.08,0.57,0.5,130,8,7,28,12.28,56.0,11.52,2,6,13,2,11,44.4,23.23,18.0,26.97,41.93,22.73,0,Kortrijk 2-0 Patro Eisden,2025-11-08
Gent II,1.2,3.57,-2.37,1.2,2.67,-1.47,0.0,0.9,-0.9,1.2,3.57,-2.37,2,0,2,4.37,41.6,31.27,46.61,0.59,2.34,175,4,5,29,8.47,12.39,15.71,1,4,7,1,13,24.9,9.09,68.27,72.98,43.73,24.5,0,Liège 0-2 Gent II,2025-11-07
Liège,3.57,1.2,2.37,2.67,1.2,1.47,0.9,0.0,0.9,3.57,1.2,2.37,0,2,-2,-4.37,58.4,68.73,52.87,2.34,0.59,310,31,29,5,12.39,8.47,9.05,4,1,51,11,19,249.0,90.91,25.27,27.02,134.73,75.5,0,Liège 0-2 Gent II,2025-11-07
Beveren,0.96,0.73,0.23,0.96,0.73,0.23,0.0,0.0,0.0,0.96,0.73,0.23,2,2,0,-0.23,47.8,49.03,48.42,0.68,0.45,221,15,11,8,16.18,17.78,11.16,10,4,20,5,9,102.7,60.45,46.93,48.62,119.63,71.37,0,Lommel 2-2 Beveren,2025-11-07
Lommel,0.73,0.96,-0.23,0.73,0.96,-0.23,0.0,0.0,0.0,0.73,0.96,-0.23,2,2,0,0.23,52.2,50.97,45.9,0.45,0.68,232,5,8,11,17.78,16.18,15.04,4,10,13,3,12,67.2,39.55,49.6,51.38,48.0,28.63,0,Lommel 2-2 Beveren,2025-11-07
Anderlecht II,1.92,1.64,0.28,1.92,1.32,0.6,0.0,0.32,-0.32,1.92,1.64,0.28,0,0,0,-0.28,62.2,33.48,40.41,0.71,0.88,123,10,9,10,12.68,11.36,6.13,2,6,8,3,20,40.0,28.86,2.33,1.79,7.53,3.78,0,Patro Eisden 0-0 Anderlecht II,2025-11-02
Patro Eisden,1.64,1.92,-0.28,1.32,1.92,-0.6,0.32,0.0,0.32,1.64,1.92,-0.28,0,0,0,0.28,37.8,66.52,54.26,0.88,0.71,154,21,10,9,11.36,12.68,8.1,6,2,12,1,21,98.6,71.14,127.67,98.21,191.47,96.22,5,Patro Eisden 0-0 Anderlecht II,2025-11-02
Kortrijk,1.39,0.83,0.56,1.27,0.76,0.51,0.11,0.08,0.03,1.39,0.83,0.56,2,1,1,0.44,37.7,44.28,46.21,0.58,1.14,150,8,11,13,18.97,11.4,11.71,9,5,13,4,15,53.0,34.08,132.73,95.17,162.27,90.99,2,Beerschot 1-2 Kortrijk,2025-11-02
Beerschot,0.83,1.39,-0.56,0.76,1.27,-0.51,0.08,0.11,-0.03,0.83,1.39,-0.56,1,2,-1,-0.44,62.3,55.72,45.34,1.14,0.58,262,17,13,11,11.4,18.97,5.75,5,9,24,6,22,102.5,65.92,6.73,4.83,16.07,9.01,4,Beerschot 1-2 Kortrijk,2025-11-02
Liège,0.84,2.42,-1.58,0.78,1.92,-1.14,0.07,0.5,-0.43,0.84,2.42,-1.58,1,1,0,1.58,51.6,48.74,44.09,0.4,0.43,196,8,8,16,20.0,37.21,12.27,9,3,19,5,13,71.7,40.01,27.0,26.65,52.27,31.27,2,Olympic Charleroi 1-1 Liège,2025-11-01
Olympic Charleroi,2.42,0.84,1.58,1.92,0.78,1.14,0.5,0.07,0.43,2.42,0.84,1.58,1,1,0,-1.58,48.4,51.26,47.93,0.43,0.4,227,12,16,8,37.21,20.0,14.03,3,9,22,5,9,107.5,59.99,74.33,73.35,114.9,68.73,1,Olympic Charleroi 1-1 Liège,2025-11-01
KRC Genk II,0.58,1.94,-1.36,0.58,1.94,-1.36,0.01,0.0,0.01,0.58,1.94,-1.36,1,1,0,1.36,49.1,51.12,43.77,0.97,0.28,187,9,10,12,10.31,42.86,13.65,9,8,21,4,11,47.4,39.21,59.87,49.73,57.7,32.94,1,RWDM Brussels 1-1 KRC Genk II,2025-11-01
RWDM Brussels,1.94,0.58,1.36,1.94,0.58,1.36,0.0,0.01,-0.01,1.94,0.58,1.36,1,1,0,-1.36,50.9,48.88,42.64,0.28,0.97,180,6,12,10,42.86,10.31,9.88,8,9,14,1,16,73.5,60.79,60.53,50.27,117.47,67.06,0,RWDM Brussels 1-1 KRC Genk II,2025-11-01
Club Brugge II,1.63,2.16,-0.53,0.76,1.85,-1.09,0.11,0.3,-0.19,0.87,2.16,-1.29,1,2,-1,-0.47,53.4,41.46,44.15,0.52,1.48,213,9,13,12,25.0,8.11,9.91,6,6,11,2,12,57.3,31.12,14.6,13.09,15.9,5.67,0,Beveren 2-1 Club Brugge II,2025-11-01
Beveren,2.16,1.63,0.53,1.85,0.76,1.09,0.3,0.11,0.19,2.16,0.87,1.29,2,1,1,0.47,46.6,58.54,48.62,1.48,0.52,219,14,12,13,8.11,25.0,15.27,6,6,29,8,14,126.8,68.88,96.93,86.91,264.43,94.33,0,Beveren 2-1 Club Brugge II,2025-11-01
Eupen,1.72,2.39,-0.67,0.88,1.49,-0.61,0.08,0.14,-0.06,0.96,1.63,-0.67,1,2,-1,-0.33,45.9,37.97,41.23,0.56,0.9,138,8,10,18,17.86,20.0,12.67,4,5,14,3,13,46.2,24.75,111.53,67.49,55.6,33.17,3,Gent II 2-1 Eupen,2025-11-01
Gent II,2.39,1.72,0.67,1.49,0.88,0.61,0.14,0.08,0.06,1.63,0.96,0.67,2,1,1,0.33,54.1,62.03,46.02,0.9,0.56,214,21,18,10,20.0,17.86,11.87,5,4,18,6,16,140.5,75.25,53.73,32.51,112.0,66.83,2,Gent II 2-1 Eupen,2025-11-01
Francs Borains,2.27,2.23,0.04,1.63,2.09,-0.46,0.64,0.14,0.5,2.27,2.23,0.04,2,2,0,-0.04,48.5,45.15,48.2,0.46,1.27,182,9,11,14,23.91,11.02,9.25,5,8,23,6,16,69.5,39.27,47.93,59.42,72.17,41.21,1,Lokeren 2-2 Francs Borains,2025-10-31
Lokeren,2.23,2.27,-0.04,2.09,1.63,0.46,0.14,0.64,-0.5,2.23,2.27,-0.04,2,2,0,0.04,51.5,54.85,47.53,1.27,0.46,189,18,14,11,11.02,23.91,8.08,8,5,24,4,15,107.5,60.73,32.73,40.58,102.97,58.79,6,Lokeren 2-2 Francs Borains,2025-10-31
Lommel,1.6,2.07,-0.47,1.6,1.74,-0.14,0.0,0.32,-0.32,1.6,2.07,-0.47,4,4,0,0.47,55.8,56.97,45.05,1.45,0.68,192,15,13,16,8.97,23.53,11.66,5,7,14,1,16,112.2,57.63,25.53,28.24,46.1,22.17,0,Lierse SK 4-4 Lommel,2025-10-31
Lierse SK,2.07,1.6,0.47,1.74,1.6,0.14,0.32,0.0,0.32,2.07,1.6,0.47,4,4,0,-0.47,44.2,43.03,42.64,0.68,1.45,143,11,16,13,23.53,8.97,11.61,7,5,22,6,8,82.5,42.37,64.87,71.76,161.81,77.83,2,Lierse SK 4-4 Lommel,2025-10-31
Beerschot,2.73,0.75,1.98,2.7,0.48,2.22,0.03,0.27,-0.24,2.73,0.75,1.98,2,1,1,-0.98,57.8,61.92,46.28,1.22,0.39,264,22,18,12,14.75,30.77,10.67,5,5,22,5,10,172.5,77.77,40.87,37.2,147.73,67.5,1,Lommel 1-2 Beerschot,2025-10-26
Lommel,0.75,2.73,-1.98,0.48,2.7,-2.22,0.27,0.03,0.24,0.75,2.73,-1.98,1,2,-1,0.98,42.2,38.08,38.85,0.39,1.22,137,9,12,18,30.77,14.75,18.26,5,5,8,3,10,49.3,22.23,69.0,62.8,71.13,32.5,1,Lommel 1-2 Beerschot,2025-10-26
Lokeren,1.46,1.4,0.06,0.98,1.34,-0.36,0.48,0.06,0.42,1.46,1.4,0.06,2,1,1,0.94,52.7,53.57,46.23,0.72,0.78,199,15,13,12,18.06,15.38,8.65,10,5,26,8,17,96.0,60.8,47.53,41.47,122.47,58.55,4,Anderlecht II 1-2 Lokeren,2025-10-26
Anderlecht II,1.4,1.46,-0.06,1.34,0.98,0.36,0.06,0.48,-0.42,1.4,1.46,-0.06,1,2,-1,-0.94,47.3,46.43,45.89,0.78,0.72,169,11,12,13,15.38,18.06,8.55,5,10,20,1,13,61.9,39.2,67.07,58.53,86.7,41.45,0,Anderlecht II 1-2 Lokeren,2025-10-26
RWDM Brussels,2.97,2.88,0.09,2.21,1.9,0.31,0.0,0.98,-0.98,2.21,2.88,-0.67,3,4,-1,-1.09,46.7,40.53,43.13,0.35,1.28,166,6,17,16,48.57,12.5,15.48,3,6,5,2,13,67.9,34.8,71.4,66.65,57.97,32.45,1,Liège 4-3 RWDM Brussels,2025-10-25
Liège,2.88,2.97,-0.09,1.9,2.21,-0.31,0.98,0.0,0.98,2.88,2.21,0.67,4,3,1,1.09,53.3,59.47,45.77,1.28,0.35,210,20,16,17,12.5,48.57,12.37,6,3,29,10,9,127.2,65.2,35.73,33.35,120.67,67.55,0,Liège 4-3 RWDM Brussels,2025-10-25
KRC Genk II,1.16,2.02,-0.86,1.16,2.02,-0.86,0.0,0.0,0.0,1.16,2.02,-0.86,1,2,-1,-0.14,42.9,32.76,39.92,0.46,0.89,139,11,9,14,19.57,15.73,21.05,4,6,10,3,13,42.1,21.67,98.93,65.06,51.73,26.38,0,Eupen 2-1 KRC Genk II,2025-10-25
Eupen,2.02,1.16,0.86,2.02,1.16,0.86,0.0,0.0,0.0,2.02,1.16,0.86,2,1,1,0.14,57.1,67.24,45.82,0.89,0.46,261,11,14,9,15.73,19.57,11.12,6,4,13,3,12,152.2,78.33,53.13,34.94,144.33,73.62,3,Eupen 2-1 KRC Genk II,2025-10-25
Patro Eisden,1.06,0.8,0.26,1.06,0.7,0.36,0.0,0.1,-0.1,1.06,0.8,0.26,1,2,-1,-1.26,38.1,48.28,49.5,0.27,0.37,148,6,7,8,25.93,21.62,8.42,12,3,21,1,23,38.4,37.46,110.87,94.87,85.23,77.27,6,Beveren 2-1 Patro Eisden,2025-10-25
Beveren,0.8,1.06,-0.26,0.7,1.06,-0.36,0.1,0.0,0.1,0.8,1.06,-0.26,2,1,1,1.26,61.9,51.72,47.22,0.37,0.27,240,7,8,7,21.62,25.93,6.74,3,12,15,4,15,64.1,62.54,6.0,5.13,25.07,22.73,1,Beveren 2-1 Patro Eisden,2025-10-25
Olympic Charleroi,2.41,1.22,1.19,2.41,1.04,1.37,0.0,0.18,-0.18,2.41,1.22,1.19,1,1,0,-1.19,45.2,59.64,49.93,1.18,0.35,221,15,16,17,13.56,48.57,11.15,14,1,22,3,18,136.2,63.38,102.53,85.12,195.23,82.25,1,Club Brugge II 1-1 Olympic Charleroi,2025-10-25
Club Brugge II,1.22,2.41,-1.19,1.04,2.41,-1.37,0.18,0.0,0.18,1.22,2.41,-1.19,1,1,0,1.19,54.8,40.36,40.41,0.35,1.18,171,9,17,16,48.57,13.56,13.41,1,14,19,6,5,78.7,36.62,17.93,14.88,42.13,17.75,1,Club Brugge II 1-1 Olympic Charleroi,2025-10-25
Gent II,1.08,1.64,-0.56,1.06,1.51,-0.45,0.02,0.13,-0.11,1.08,1.64,-0.56,0,2,-2,-1.44,59.4,50.0,46.4,0.64,0.18,261,12,11,10,17.19,55.56,10.07,6,6,13,4,12,104.5,53.87,30.0,16.84,35.83,16.71,2,Francs Borains 2-0 Gent II,2025-10-24
Francs Borains,1.64,1.08,0.56,1.51,1.06,0.45,0.13,0.02,0.11,1.64,1.08,0.56,2,0,2,1.44,40.6,50.0,50.67,0.18,0.64,211,12,10,11,55.56,17.19,20.16,6,6,25,7,7,89.5,46.13,148.2,83.16,178.53,83.29,0,Francs Borains 2-0 Gent II,2025-10-24
Lierse SK,2.15,3.01,-0.86,1.64,2.98,-1.34,0.51,0.03,0.48,2.15,3.01,-0.86,1,1,0,0.86,49.0,43.43,39.52,1.05,0.97,127,12,12,23,11.43,23.71,8.94,8,6,16,4,16,49.0,32.64,59.87,63.69,90.97,49.09,3,Seraing 1-1 Lierse SK,2025-10-24
Seraing,3.01,2.15,0.86,2.98,1.64,1.34,0.03,0.51,-0.48,3.01,2.15,0.86,1,1,0,-0.86,51.0,56.57,41.06,0.97,1.05,145,8,23,12,23.71,11.43,9.67,6,8,27,7,14,101.1,67.36,34.13,36.31,94.33,50.91,2,Seraing 1-1 Lierse SK,2025-10-24
Seraing,1.53,2.93,-1.4,1.51,1.63,-0.12,0.03,0.54,-0.51,1.53,2.17,-0.64,2,2,0,1.4,50.3,44.13,40.75,0.44,1.1,117,6,9,14,20.45,12.73,8.86,3,3,11,2,15,25.4,20.57,20.73,29.17,17.7,12.81,3,Patro Eisden 2-2 Seraing,2025-10-19
Patro Eisden,2.93,1.53,1.4,1.63,1.51,0.12,0.54,0.03,0.51,2.17,1.53,0.64,2,2,0,-1.4,49.7,55.87,47.12,1.1,0.44,153,21,14,9,12.73,20.45,10.28,3,3,20,3,11,98.1,79.43,50.33,70.83,120.5,87.19,9,Patro Eisden 2-2 Seraing,2025-10-19
Liège,1.67,2.24,-0.57,0.7,1.47,-0.77,0.21,0.77,-0.56,0.91,2.24,-1.33,2,1,1,1.57,35.3,32.76,43.3,0.42,1.16,111,7,7,27,16.67,23.28,13.92,2,3,13,3,15,30.7,13.12,78.07,87.58,63.57,42.57,0,Lierse SK 1-2 Liège,2025-10-19
Lierse SK,2.24,1.67,0.57,1.47,0.7,0.77,0.77,0.21,0.56,2.24,0.91,1.33,1,2,-1,-1.57,64.7,67.24,53.65,1.16,0.42,318,26,27,7,23.28,16.67,7.63,3,2,44,9,13,203.3,86.88,11.07,12.42,85.77,57.43,4,Lierse SK 1-2 Liège,2025-10-19
Kortrijk,2.38,1.51,0.87,1.52,1.35,0.17,0.1,0.16,-0.06,1.62,1.51,0.11,3,2,1,0.13,42.7,52.88,49.32,1.13,1.11,197,17,18,15,15.93,13.51,9.11,10,3,24,5,15,83.8,54.81,80.0,75.38,121.8,65.02,2,Gent II 2-3 Kortrijk,2025-10-18
Gent II,1.51,2.38,-0.87,1.35,1.52,-0.17,0.16,0.1,0.06,1.51,1.62,-0.11,2,3,-1,-0.13,57.3,47.12,41.52,1.11,1.13,166,13,15,18,13.51,15.93,9.09,3,10,14,5,10,69.1,45.19,26.13,24.62,65.53,34.98,0,Gent II 2-3 Kortrijk,2025-10-18
Lommel,2.17,3.4,-1.23,2.04,2.53,-0.49,0.14,0.11,0.03,2.17,2.64,-0.47,2,2,0,1.23,48.2,48.04,46.23,0.69,1.0,194,12,18,20,26.09,20.0,12.72,7,4,16,6,10,111.0,51.75,57.47,60.66,145.83,61.91,0,Anderlecht II 2-2 Lommel,2025-10-18
Anderlecht II,3.4,2.17,1.23,2.53,2.04,0.49,0.11,0.14,-0.03,2.64,2.17,0.47,2,2,0,-1.23,51.8,51.96,47.87,1.0,0.69,224,19,20,18,20.0,26.09,10.58,4,7,30,9,12,103.5,48.25,37.27,39.34,89.73,38.09,0,Anderlecht II 2-2 Lommel,2025-10-18
Club Brugge II,1.45,2.14,-0.69,1.45,1.38,0.07,0.0,0.0,0.0,1.45,1.38,0.07,1,3,-2,-1.31,57.1,64.56,47.66,0.88,0.54,260,9,9,17,10.23,31.48,9.03,1,6,15,3,14,128.9,68.67,26.4,19.84,64.23,34.42,0,RWDM Brussels 3-1 Club Brugge II,2025-10-18
RWDM Brussels,2.14,1.45,0.69,1.38,1.45,-0.07,0.0,0.0,0.0,1.38,1.45,-0.07,3,1,2,1.31,42.9,35.44,42.35,0.54,0.88,140,7,17,9,31.48,10.23,10.66,6,1,9,3,19,58.8,31.33,106.67,80.16,122.37,65.58,0,RWDM Brussels 3-1 Club Brugge II,2025-10-18
Francs Borains,1.38,1.52,-0.14,0.91,1.47,-0.56,0.47,0.05,0.42,1.38,1.52,-0.14,1,3,-2,-1.86,51.7,52.15,46.89,0.51,0.73,239,11,9,14,17.65,19.18,14.7,5,3,24,8,14,89.3,41.71,56.87,59.44,101.97,42.69,0,KRC Genk II 3-1 Francs Borains,2025-10-18
KRC Genk II,1.52,1.38,0.14,1.47,0.91,0.56,0.05,0.47,-0.42,1.52,1.38,0.14,3,1,2,1.86,48.3,47.85,44.75,0.73,0.51,206,12,14,9,19.18,17.65,18.26,3,5,17,2,7,124.8,58.29,38.8,40.56,136.87,57.31,2,KRC Genk II 3-1 Francs Borains,2025-10-18
Eupen,0.59,0.77,-0.18,0.59,0.53,0.06,0.0,0.25,-0.25,0.59,0.77,-0.18,1,0,1,1.18,55.9,25.5,33.71,0.28,0.36,116,6,3,11,10.71,30.56,9.21,2,9,5,1,9,30.3,15.32,28.53,17.44,10.1,4.65,2,Olympic Charleroi 0-1 Eupen,2025-10-17
Olympic Charleroi,0.77,0.59,0.18,0.53,0.59,-0.06,0.25,0.0,0.25,0.77,0.59,0.18,0,1,-1,-1.18,44.1,74.5,53.86,0.36,0.28,227,16,11,3,30.56,10.71,9.75,9,2,32,7,19,167.5,84.68,135.07,82.56,207.23,95.35,2,Olympic Charleroi 0-1 Eupen,2025-10-17
Beveren,1.65,1.11,0.54,0.84,1.02,-0.18,0.81,0.09,0.72,1.65,1.11,0.54,1,1,0,-0.54,47.6,48.82,43.76,0.37,0.53,181,9,16,7,43.24,13.21,14.0,7,8,20,8,9,100.8,57.24,64.93,62.92,130.63,65.28,2,Beerschot 1-1 Beveren,2025-10-17
Beerschot,1.11,1.65,-0.54,1.02,0.84,0.18,0.09,0.81,-0.72,1.11,1.65,-0.54,1,1,0,0.54,52.4,51.18,44.02,0.53,0.37,203,11,7,16,13.21,43.24,12.1,8,7,18,6,11,75.3,42.76,38.27,37.08,69.47,34.72,2,Beerschot 1-1 Beveren,2025-10-17
KRC Genk II,1.93,3.2,-1.27,1.49,3.08,-1.59,0.44,0.12,0.32,1.93,3.2,-1.27,0,5,-5,-3.73,52.0,60.65,46.5,1.42,0.58,226,22,15,13,10.56,22.41,11.62,8,5,18,7,7,121.6,71.24,35.8,42.12,86.18,38.49,0,Liège 5-0 KRC Genk II,2025-10-05
Liège,3.2,1.93,1.27,3.08,1.49,1.59,0.12,0.44,-0.32,3.2,1.93,1.27,5,0,5,3.73,48.0,39.35,41.85,0.58,1.42,152,13,13,15,22.41,10.56,11.65,5,8,22,7,13,49.1,28.76,49.2,57.88,137.73,61.51,0,Liège 5-0 KRC Genk II,2025-10-05
Beveren,0.63,1.71,-1.08,0.63,1.19,-0.56,0.0,0.52,-0.52,0.63,1.71,-1.08,3,1,2,3.08,38.4,27.56,42.93,0.37,0.98,128,7,5,16,13.51,16.33,12.79,2,8,12,5,13,36.4,17.99,105.73,90.52,106.2,67.89,1,Kortrijk 1-3 Beveren,2025-10-05
Kortrijk,1.71,0.63,1.08,1.19,0.63,0.56,0.52,0.0,0.52,1.71,0.63,1.08,1,3,-2,-3.08,61.6,72.44,48.73,0.98,0.37,276,18,16,5,16.33,13.51,7.13,8,2,40,11,15,165.9,82.01,11.07,9.48,50.23,32.11,0,Kortrijk 1-3 Beveren,2025-10-05
Lierse K,0.8,1.92,-1.12,0.48,1.92,-1.44,0.32,0.0,0.32,0.8,1.92,-1.12,1,2,-1,0.12,46.6,35.49,44.99,0.44,0.8,131,10,6,19,13.64,23.75,12.17,1,5,15,4,23,21.3,13.31,45.87,60.56,24.57,21.66,3,Patro Eisden 2-1 Lierse K,2025-10-04
Patro Eisden,1.92,0.8,1.12,1.92,0.48,1.44,0.0,0.32,-0.32,1.92,0.8,1.12,2,1,1,-0.12,53.4,64.51,51.68,0.8,0.44,215,9,19,6,23.75,13.64,7.62,5,1,30,4,13,138.7,86.69,29.87,39.44,88.87,78.34,5,Patro Eisden 2-1 Lierse K,2025-10-04
Lokeren,1.71,0.28,1.43,0.96,0.19,0.77,0.75,0.09,0.66,1.71,0.28,1.43,1,0,1,-0.43,63.4,59.63,47.06,0.79,0.29,238,15,11,4,13.92,13.79,11.95,1,2,30,13,11,140.9,83.42,29.53,22.47,111.6,69.96,2,Olympic Charleroi 0-1 Lokeren,2025-10-04
Olympic Charleroi,0.28,1.71,-1.43,0.19,0.96,-0.77,0.09,0.75,-0.66,0.28,1.71,-1.43,0,1,-1,0.43,36.6,40.37,46.9,0.29,0.79,153,11,4,11,13.79,13.92,19.65,2,1,23,5,8,28.0,16.58,101.87,77.53,47.93,30.04,2,Olympic Charleroi 0-1 Lokeren,2025-10-04
RWDM Brussels,1.88,0.91,0.97,1.88,0.83,1.05,0.0,0.08,-0.08,1.88,0.91,0.97,2,2,0,-0.97,53.4,55.43,45.3,0.48,0.83,231,6,18,9,37.5,10.84,10.97,8,3,21,5,10,104.7,68.61,66.13,55.39,142.63,74.91,0,Eupen 2-2 RWDM Brussels,2025-10-04
Eupen,0.91,1.88,-0.97,0.83,1.88,-1.05,0.08,0.0,0.08,0.91,1.88,-0.97,2,2,0,0.97,46.6,44.57,39.26,0.83,0.48,143,18,9,18,10.84,37.5,16.36,3,8,12,4,16,47.9,31.39,53.27,44.61,47.77,25.09,2,Eupen 2-2 RWDM Brussels,2025-10-04
Gent II,3.22,0.34,2.88,1.67,0.34,1.33,0.03,0.0,0.03,1.7,0.34,1.36,4,0,4,1.12,55.8,65.91,46.08,0.44,0.18,231,16,15,5,34.09,27.78,5.44,15,3,13,0,15,117.1,78.96,58.67,48.19,173.7,92.0,1,Club Brugge II 0-4 Gent II,2025-10-04
Club Brugge II,0.34,3.22,-2.88,0.34,1.67,-1.33,0.0,0.03,-0.03,0.34,1.7,-1.36,0,4,-4,-1.12,44.2,34.09,36.98,0.18,0.44,114,3,5,15,27.78,34.09,12.06,3,15,12,0,22,31.2,21.04,63.07,51.81,15.1,8.0,0,Club Brugge II 0-4 Gent II,2025-10-04
Anderlecht II,2.1,4.3,-2.2,1.32,2.8,-1.48,0.02,1.51,-1.49,1.34,4.3,-2.96,3,3,0,2.2,47.2,42.62,43.12,0.66,1.55,162,17,13,28,19.7,18.06,8.59,3,6,17,5,15,64.7,27.5,37.87,50.36,91.07,45.2,1,Francs Borains 3-3 Anderlecht II,2025-10-03
Francs Borains,4.3,2.1,2.2,2.8,1.32,1.48,1.51,0.02,1.49,4.3,1.34,2.96,3,3,0,-2.2,52.8,57.38,49.16,1.55,0.66,225,31,28,13,18.06,19.7,8.07,6,3,33,12,14,170.6,72.5,37.33,49.64,110.43,54.8,1,Francs Borains 3-3 Anderlecht II,2025-10-03
Lommel,3.59,1.71,1.88,3.09,0.71,2.38,0.5,0.24,0.26,3.59,0.95,2.64,3,2,1,-0.88,60.1,67.62,47.84,0.6,0.51,255,15,22,8,36.67,15.69,8.03,5,4,26,8,13,180.3,91.66,12.07,14.86,141.47,79.39,2,Seraing 2-3 Lommel,2025-10-03
Seraing,1.71,3.59,-1.88,0.71,3.09,-2.38,0.24,0.5,-0.26,0.95,3.59,-2.64,2,3,-1,0.88,39.9,32.38,36.19,0.51,0.6,96,8,8,22,15.69,36.67,10.92,4,5,13,6,12,16.4,8.34,69.13,85.14,36.73,20.61,0,Seraing 2-3 Lommel,2025-10-03
Olympic Charleroi,0.06,1.67,-1.61,0.06,1.04,-0.98,0.0,0.63,-0.63,0.06,1.67,-1.61,0,0,0,1.61,38.4,40.12,45.0,0.15,0.75,134,4,2,15,13.33,20.0,12.41,3,9,17,4,12,34.9,20.48,91.0,86.07,82.27,43.56,0,Lierse K 0-0 Olympic Charleroi,2025-09-28
Lierse K,1.67,0.06,1.61,1.04,0.06,0.98,0.63,0.0,0.63,1.67,0.06,1.61,0,0,0,-1.61,61.6,59.88,46.9,0.75,0.15,249,17,15,2,20.0,13.33,7.53,9,3,33,10,12,135.5,79.52,14.73,13.93,106.6,56.44,5,Lierse K 0-0 Olympic Charleroi,2025-09-28
RWDM Brussels,2.33,0.9,1.43,1.78,0.9,0.88,0.56,0.0,0.56,2.33,0.9,1.43,2,0,2,0.57,43.8,30.15,40.26,0.43,0.34,164,9,11,10,25.58,29.41,17.89,5,16,14,6,16,50.4,28.38,70.87,60.54,92.9,58.56,0,Gent II 0-2 RWDM Brussels,2025-09-28
Gent II,0.9,2.33,-1.43,0.9,1.78,-0.88,0.0,0.56,-0.56,0.9,2.33,-1.43,0,2,-2,-0.57,56.2,69.85,46.57,0.34,0.43,275,11,10,11,29.41,25.58,11.43,16,5,22,4,6,127.2,71.62,46.2,39.46,65.73,41.44,2,Gent II 0-2 RWDM Brussels,2025-09-28
Liège,1.11,2.29,-1.18,1.0,1.54,-0.54,0.11,0.75,-0.64,1.11,2.29,-1.18,1,0,1,2.18,39.9,30.37,43.03,0.52,1.45,140,11,7,19,13.46,13.1,18.64,5,7,16,5,6,41.9,14.43,77.67,59.68,62.13,24.68,0,Lommel 0-1 Liège,2025-09-28
Lommel,2.29,1.11,1.18,1.54,1.0,0.54,0.75,0.11,0.64,2.29,1.11,1.18,0,1,-1,-2.18,60.1,69.63,53.05,1.45,0.52,348,15,19,7,13.1,13.46,9.97,7,5,28,10,15,248.4,85.57,52.47,40.32,189.63,75.32,0,Lommel 0-1 Liège,2025-09-28
Lokeren,1.34,3.79,-2.45,0.84,2.14,-1.3,0.49,0.89,-0.4,1.34,3.03,-1.69,0,1,-1,1.45,43.4,37.74,43.52,0.37,1.39,145,11,15,22,40.54,15.83,12.96,2,8,20,10,15,53.4,23.67,78.67,74.22,71.5,33.03,2,Beerschot 1-0 Lokeren,2025-09-27
Beerschot,3.79,1.34,2.45,2.14,0.84,1.3,0.89,0.49,0.4,3.03,1.34,1.69,1,0,1,-1.45,56.6,62.26,49.12,1.39,0.37,250,18,22,15,15.83,40.54,7.02,8,2,25,8,17,172.2,76.33,27.33,25.78,144.97,66.97,1,Beerschot 1-0 Lokeren,2025-09-27
Eupen,0.19,3.3,-3.11,0.11,2.41,-2.3,0.08,0.13,-0.05,0.19,2.54,-2.35,0,1,-1,2.11,53.6,31.87,36.32,0.32,0.59,123,9,6,21,18.75,35.59,10.13,2,17,8,2,14,23.3,10.88,26.13,18.56,26.0,7.56,4,Kortrijk 1-0 Eupen,2025-09-27
Kortrijk,3.3,0.19,3.11,2.41,0.11,2.3,0.13,0.08,0.05,2.54,0.19,2.35,1,0,1,-2.11,46.4,68.13,49.61,0.59,0.32,214,19,21,6,35.59,18.75,7.62,17,2,15,7,16,190.9,89.12,114.67,81.44,317.73,92.44,1,Kortrijk 1-0 Eupen,2025-09-27
Seraing,0.4,1.34,-0.94,0.38,1.34,-0.96,0.01,0.0,0.01,0.4,1.34,-0.94,1,2,-1,-0.06,49.5,43.73,41.32,0.14,1.41,150,4,10,8,71.43,5.67,10.05,6,11,9,3,18,52.0,37.93,34.0,41.06,28.73,14.63,0,Beveren 2-1 Seraing,2025-09-27
Beveren,1.34,0.4,0.94,1.34,0.38,0.96,0.0,0.01,-0.01,1.34,0.4,0.94,2,1,1,0.06,50.5,56.27,47.43,1.41,0.14,221,10,8,10,5.67,71.43,7.43,11,6,24,5,8,85.1,62.07,48.8,58.94,167.66,85.37,1,Beveren 2-1 Seraing,2025-09-27
Club Brugge II,2.16,2.51,-0.35,2.16,2.51,-0.35,0.0,0.0,0.0,2.16,2.51,-0.35,2,2,0,0.35,60.0,67.4,51.68,1.09,0.48,288,14,17,15,15.6,31.25,8.06,7,3,26,4,15,173.5,81.42,21.8,19.07,119.73,66.22,0,Anderlecht II 2-2 Club Brugge II,2025-09-27
Anderlecht II,2.51,2.16,0.35,2.51,2.16,0.35,0.0,0.0,0.0,2.51,2.16,0.35,2,2,0,-0.35,40.0,32.6,41.92,0.48,1.09,119,11,15,17,31.25,15.6,14.38,3,7,10,6,14,39.6,18.58,92.53,80.93,61.07,33.78,1,Anderlecht II 2-2 Club Brugge II,2025-09-27
Patro Eisden,3.39,0.42,2.97,2.12,0.42,1.7,0.51,0.0,0.51,2.63,0.42,2.21,4,1,3,0.03,47.5,55.07,44.23,0.58,0.96,142,12,23,7,39.66,7.29,9.37,8,4,11,3,14,120.2,77.75,88.4,69.9,199.2,88.82,3,KRC Genk II 1-4 Patro Eisden,2025-09-26
KRC Genk II,0.42,3.39,-2.97,0.42,2.12,-1.7,0.0,0.51,-0.51,0.42,2.63,-2.21,1,4,-3,-0.03,52.5,44.93,42.21,0.96,0.58,138,9,7,23,7.29,39.66,11.1,4,8,9,2,11,34.4,22.25,38.07,30.1,25.07,11.18,1,KRC Genk II 1-4 Patro Eisden,2025-09-26
Lierse K,0.48,2.05,-1.57,0.31,1.68,-1.37,0.17,0.36,-0.19,0.48,2.05,-1.57,0,0,0,1.57,39.3,30.75,43.11,0.4,1.26,151,9,7,13,17.5,10.32,14.94,2,2,17,5,15,41.7,17.54,107.73,76.16,65.67,31.03,1,Gent II 0-0 Lierse K,2025-09-25
Gent II,2.05,0.48,1.57,1.68,0.31,1.37,0.36,0.17,0.19,2.05,0.48,1.57,0,0,0,-1.57,60.7,69.25,51.18,1.26,0.4,331,17,13,7,10.32,17.5,11.03,2,2,26,10,10,196.0,82.46,33.73,23.84,145.97,68.97,2,Gent II 0-0 Lierse K,2025-09-25
Beveren,3.44,1.57,1.87,2.83,1.45,1.38,0.61,0.12,0.49,3.44,1.57,1.87,2,1,1,-0.87,58.7,62.05,48.87,1.62,0.68,277,25,21,9,12.96,13.24,11.48,5,5,23,8,5,172.2,78.27,20.13,23.78,140.57,73.58,2,Liège 1-2 Beveren,2025-09-24
Liège,1.57,3.44,-1.87,1.45,2.83,-1.38,0.12,0.61,-0.49,1.57,3.44,-1.87,1,2,-1,0.87,41.3,37.95,43.4,0.68,1.62,148,12,9,21,13.24,12.96,18.96,5,5,18,2,9,47.8,21.73,64.53,76.22,50.47,26.42,0,Liège 1-2 Beveren,2025-09-24
Eupen,1.84,1.95,-0.11,1.74,1.55,0.19,0.09,0.39,-0.3,1.84,1.95,-0.11,3,3,0,0.11,53.5,52.41,49.02,1.25,0.92,247,23,12,13,9.6,14.13,10.0,6,6,19,3,13,110.8,55.85,46.07,45.55,116.8,54.99,2,Lokeren 3-3 Eupen,2025-09-24
Lokeren,1.95,1.84,0.11,1.55,1.74,-0.19,0.39,0.09,0.3,1.95,1.84,0.11,3,3,0,-0.11,46.5,47.59,49.0,0.92,1.25,219,21,13,12,14.13,9.6,11.68,6,6,22,7,14,87.6,44.15,55.07,54.45,95.6,45.01,3,Lokeren 3-3 Eupen,2025-09-24
Kortrijk,2.43,2.0,0.43,2.31,1.68,0.63,0.13,0.32,-0.19,2.43,2.0,0.43,2,1,1,0.57,47.7,50.39,44.55,1.23,0.68,169,17,17,14,13.82,20.59,10.05,13,7,17,5,9,97.3,54.82,72.33,62.11,131.9,70.76,1,RWDM Brussels 1-2 Kortrijk,2025-09-24
RWDM Brussels,2.0,2.43,-0.43,1.68,2.31,-0.63,0.32,0.13,0.19,2.0,2.43,-0.43,1,2,-1,-0.57,52.3,49.61,44.61,0.68,1.23,199,8,14,17,20.59,13.82,11.26,7,13,14,3,12,80.2,45.18,44.13,37.89,54.5,29.24,0,RWDM Brussels 1-2 Kortrijk,2025-09-24
Lommel,2.87,0.4,2.47,2.54,0.4,2.14,0.33,0.0,0.33,2.87,0.4,2.47,2,0,2,-0.47,47.0,77.57,49.65,1.39,0.14,241,20,21,4,15.11,28.57,13.25,11,0,19,8,16,210.1,94.81,154.07,89.99,354.57,99.43,1,Club Brugge II 0-2 Lommel,2025-09-24
Club Brugge II,0.4,2.87,-2.47,0.4,2.54,-2.14,0.0,0.33,-0.33,0.4,2.87,-2.47,0,2,-2,0.47,53.0,22.43,31.08,0.14,1.39,85,2,4,21,28.57,15.11,15.68,0,11,4,1,6,11.5,5.19,17.13,10.01,2.03,0.57,0,Club Brugge II 0-2 Lommel,2025-09-24
Seraing,0.84,1.21,-0.37,0.56,0.81,-0.25,0.28,0.4,-0.12,0.84,1.21,-0.37,0,0,0,0.37,52.8,54.95,42.82,0.2,0.68,181,7,8,12,40.0,17.65,11.8,3,9,15,8,9,113.1,58.81,26.0,29.35,88.2,49.25,0,Francs Borains 0-0 Seraing,2025-09-23
Francs Borains,1.21,0.84,0.37,0.81,0.56,0.25,0.4,0.28,0.12,1.21,0.84,0.37,0,0,0,-0.37,47.2,45.05,46.87,0.68,0.2,187,13,12,8,17.65,40.0,10.65,9,3,23,5,10,79.2,41.19,62.6,70.65,90.9,50.75,1,Francs Borains 0-0 Seraing,2025-09-23
Anderlecht II,1.17,1.49,-0.32,1.17,1.0,0.17,0.0,0.49,-0.49,1.17,1.49,-0.32,2,0,2,2.32,53.3,54.24,45.29,0.69,0.67,195,10,8,17,11.59,25.37,9.24,9,6,16,4,11,83.6,44.4,40.73,44.08,74.83,51.54,0,Olympic Charleroi 0-2 Anderlecht II,2025-09-23
Olympic Charleroi,1.49,1.17,0.32,1.0,1.17,-0.17,0.49,0.0,0.49,1.49,1.17,0.32,0,2,-2,-2.32,46.7,45.76,45.18,0.67,0.69,165,11,17,8,25.37,11.59,12.03,6,9,18,8,11,104.7,55.6,51.67,55.92,70.37,48.46,1,Olympic Charleroi 0-2 Anderlecht II,2025-09-23
Beerschot,2.94,1.36,1.58,2.59,1.16,1.43,0.35,0.2,0.15,2.94,1.36,1.58,2,0,2,0.42,58.8,81.87,54.37,1.88,0.43,351,27,20,8,10.64,18.6,9.8,12,1,31,8,13,252.4,94.6,51.67,50.86,265.43,96.3,0,KRC Genk II 0-2 Beerschot,2025-09-23
KRC Genk II,1.36,2.94,-1.58,1.16,2.59,-1.43,0.2,0.35,-0.15,1.36,2.94,-1.58,0,2,-2,-0.42,41.2,18.13,39.51,0.43,1.88,129,6,8,20,18.6,10.64,21.84,1,12,12,3,7,14.4,5.4,49.93,49.14,10.2,3.7,0,KRC Genk II 0-2 Beerschot,2025-09-23
Club Brugge II,1.42,2.63,-1.21,1.29,2.11,-0.82,0.13,0.51,-0.38,1.42,2.63,-1.21,1,1,0,1.21,48.2,34.43,36.42,0.24,1.63,110,3,12,20,50.0,12.27,10.61,8,6,7,3,14,22.0,13.56,47.87,44.3,30.53,15.84,0,Kortrijk 1-1 Club Brugge II,2025-09-21
Kortrijk,2.63,1.42,1.21,2.11,1.29,0.82,0.51,0.13,0.38,2.63,1.42,1.21,1,1,0,-1.21,51.8,65.57,43.69,1.63,0.24,189,22,20,12,12.27,50.0,11.0,6,8,26,8,11,140.3,86.44,60.2,55.7,162.17,84.16,3,Kortrijk 1-1 Club Brugge II,2025-09-21
Lokeren,0.72,3.18,-2.46,0.44,3.04,-2.6,0.28,0.14,0.14,0.72,3.18,-2.46,0,1,-1,1.46,44.9,26.09,38.31,0.31,1.44,122,7,9,24,29.03,16.67,13.26,3,6,12,4,15,11.1,5.06,34.87,34.71,14.1,5.36,1,Beveren 1-0 Lokeren,2025-09-21
Beveren,3.18,0.72,2.46,3.04,0.44,2.6,0.14,0.28,-0.14,3.18,0.72,2.46,1,0,1,-1.46,55.1,73.91,54.38,1.44,0.31,305,20,24,9,16.67,29.03,8.34,6,3,34,6,10,208.4,94.94,65.6,65.29,248.93,94.64,0,Beveren 1-0 Lokeren,2025-09-21
Gent II,0.68,1.1,-0.42,0.68,0.83,-0.15,0.0,0.28,-0.28,0.68,1.1,-0.42,2,0,2,2.42,55.7,60.36,47.92,0.4,0.47,243,5,11,15,27.5,31.91,8.86,4,9,12,1,19,77.1,57.24,66.4,54.34,120.7,68.58,2,Seraing 0-2 Gent II,2025-09-20
Seraing,1.1,0.68,0.42,0.83,0.68,0.15,0.28,0.0,0.28,1.1,0.68,0.42,0,2,-2,-2.42,44.3,39.64,37.94,0.47,0.4,115,10,15,11,31.91,27.5,10.33,9,4,19,7,15,57.6,42.76,55.8,45.66,55.3,31.42,0,Seraing 0-2 Gent II,2025-09-20
Patro Eisden,0.79,1.02,-0.23,0.66,1.0,-0.34,0.14,0.02,0.12,0.79,1.02,-0.23,0,0,0,0.23,31.7,43.47,50.7,0.46,0.92,133,15,12,8,26.09,8.7,10.97,5,3,15,2,18,56.3,36.53,133.93,94.72,137.43,72.37,9,Eupen 0-0 Patro Eisden,2025-09-20
Eupen,1.02,0.79,0.23,1.0,0.66,0.34,0.02,0.14,-0.12,1.02,0.79,0.23,0,0,0,-0.23,68.3,56.53,50.77,0.92,0.46,292,9,8,12,8.7,26.09,6.32,3,5,18,2,16,97.8,63.47,7.47,5.28,52.47,27.63,1,Eupen 0-0 Patro Eisden,2025-09-20
Francs Borains,1.26,1.99,-0.73,1.25,1.9,-0.65,0.01,0.09,-0.08,1.26,1.99,-0.73,1,4,-3,-2.27,45.0,46.93,44.48,0.6,0.7,181,9,14,12,23.33,17.14,13.74,6,3,24,6,16,86.3,42.47,74.47,68.91,78.53,33.06,0,Beerschot 4-1 Francs Borains,2025-09-20
Beerschot,1.99,1.26,0.73,1.9,1.25,0.65,0.09,0.01,0.08,1.99,1.26,0.73,4,1,3,2.27,55.0,53.07,44.82,0.7,0.6,215,14,12,14,17.14,23.33,10.9,3,6,16,5,11,116.9,57.53,33.6,31.09,159.04,66.94,1,Beerschot 4-1 Francs Borains,2025-09-20
Anderlecht II,1.24,2.59,-1.35,1.24,2.59,-1.35,0.0,0.0,0.0,1.24,2.59,-1.35,1,1,0,1.35,56.6,58.44,48.92,0.52,0.98,249,10,21,18,40.38,18.37,9.23,7,7,23,7,15,95.1,57.74,22.6,23.81,70.2,37.72,0,Liège 1-1 Anderlecht II,2025-09-20
Liège,2.59,1.24,1.35,2.59,1.24,1.35,0.0,0.0,0.0,2.59,1.24,1.35,1,1,0,-1.35,43.4,41.56,43.8,0.98,0.52,153,17,18,21,18.37,40.38,14.08,7,7,22,4,9,69.6,42.26,72.33,76.19,115.93,62.28,1,Liège 1-1 Anderlecht II,2025-09-20
KRC Genk II,1.69,1.18,0.51,1.66,1.11,0.55,0.02,0.06,-0.04,1.69,1.18,0.51,2,1,1,0.49,35.3,32.77,42.07,1.08,1.04,127,9,16,18,14.81,17.31,28.44,4,3,17,4,10,63.7,25.74,106.47,77.52,106.23,50.17,0,Lommel 1-2 KRC Genk II,2025-09-19
Lommel,1.18,1.69,-0.51,1.11,1.66,-0.55,0.06,0.02,0.04,1.18,1.69,-0.51,1,2,-1,-0.49,64.7,67.23,48.23,1.04,1.08,323,18,18,16,17.31,14.81,11.65,3,4,24,4,9,183.8,74.26,30.87,22.48,105.53,49.83,0,Lommel 1-2 KRC Genk II,2025-09-19
RWDM Brussels,0.53,1.71,-1.18,0.53,1.57,-1.04,0.0,0.13,-0.13,0.53,1.71,-1.18,0,2,-2,-0.82,64.5,65.62,47.05,0.6,0.7,295,4,13,15,21.67,21.43,7.72,12,5,16,2,14,136.3,70.99,8.47,6.46,55.27,31.08,0,Lierse K 2-0 RWDM Brussels,2025-09-19
Lierse K,1.71,0.53,1.18,1.57,0.53,1.04,0.13,0.0,0.13,1.71,0.53,1.18,2,0,2,0.82,35.5,34.38,43.0,0.7,0.6,134,8,15,13,21.43,21.67,12.92,5,12,14,5,7,55.7,29.01,122.73,93.54,122.57,68.92,1,Lierse K 2-0 RWDM Brussels,2025-09-19
Beveren,2.81,0.07,2.74,2.69,0.07,2.62,0.12,0.0,0.12,2.81,0.07,2.74,5,0,5,2.26,75.3,88.14,60.22,1.83,-0.01,512,53,23,3,12.57,-300.0,7.28,6,0,20,5,8,461.5,100.0,11.67,7.87,364.33,99.11,0,Olympic Charleroi 0-5 Beveren,2025-09-14
Olympic Charleroi,0.07,2.81,-2.74,0.07,2.69,-2.62,0.0,0.12,-0.12,0.07,2.81,-2.74,0,5,-5,-2.26,24.7,11.86,36.36,-0.01,1.83,55,0,3,23,-300.0,12.57,25.53,0,6,3,1,12,0.0,0.0,136.6,92.13,3.27,0.89,1,Olympic Charleroi 0-5 Beveren,2025-09-14
Seraing,0.79,2.11,-1.32,0.4,1.34,-0.94,0.39,0.01,0.38,0.79,1.35,-0.56,0,5,-5,-3.68,37.3,41.58,46.18,-0.16,0.86,147,5,12,9,-75.0,10.47,13.0,9,11,11,6,14,73.1,35.8,93.93,84.22,53.42,24.52,0,RWDM Brussels 5-0 Seraing,2025-09-14
RWDM Brussels,2.11,0.79,1.32,1.34,0.4,0.94,0.01,0.39,-0.38,1.35,0.79,0.56,5,0,5,3.68,62.7,58.42,44.62,0.86,-0.16,226,13,9,12,10.47,-75.0,8.03,11,9,21,9,6,131.1,64.2,17.6,15.78,164.42,75.48,0,RWDM Brussels 5-0 Seraing,2025-09-14
Eupen,2.22,1.23,0.99,2.0,1.07,0.93,0.21,0.16,0.05,2.22,1.23,0.99,3,0,3,2.01,45.1,32.79,44.17,0.65,0.7,155,8,12,14,18.46,20.0,12.79,3,7,12,7,12,47.5,25.5,84.87,75.28,132.2,80.41,0,Francs Borains 0-3 Eupen,2025-09-13
Francs Borains,1.23,2.22,-0.99,1.07,2.0,-0.93,0.16,0.21,-0.05,1.23,2.22,-0.99,0,3,-3,-2.01,54.9,67.21,48.07,0.7,0.65,231,13,14,12,20.0,18.46,10.66,7,3,38,6,8,138.8,74.5,27.87,24.72,32.2,19.59,0,Francs Borains 0-3 Eupen,2025-09-13
Kortrijk,1.76,0.7,1.06,1.16,0.7,0.46,0.6,0.0,0.6,1.76,0.7,1.06,3,1,2,0.94,57.5,64.9,49.09,1.11,0.58,304,31,16,7,14.41,12.07,12.52,7,4,30,13,10,194.2,82.92,35.2,33.78,175.37,84.99,2,KRC Genk II 1-3 Kortrijk,2025-09-13
KRC Genk II,0.7,1.76,-1.06,0.7,1.16,-0.46,0.0,0.6,-0.6,0.7,1.76,-1.06,1,3,-2,-0.94,42.5,35.1,44.36,0.58,1.11,168,7,7,16,12.07,14.41,16.31,4,7,15,0,11,40.0,17.08,69.0,66.22,30.97,15.01,0,KRC Genk II 1-3 Kortrijk,2025-09-13
Liège,1.19,1.76,-0.57,1.17,1.53,-0.36,0.02,0.24,-0.22,1.19,1.76,-0.57,2,0,2,2.57,30.9,29.25,42.67,0.54,0.9,109,7,9,19,16.67,21.11,15.91,8,3,10,4,12,31.8,13.14,146.27,91.53,77.53,39.69,0,Club Brugge II 0-2 Liège,2025-09-13
Club Brugge II,1.76,1.19,0.57,1.53,1.17,0.36,0.24,0.02,0.22,1.76,1.19,0.57,0,2,-2,-2.57,69.1,70.75,48.83,0.9,0.54,330,12,19,9,21.11,16.67,6.49,3,8,28,8,16,210.3,86.86,13.53,8.47,117.8,60.31,0,Club Brugge II 0-2 Liège,2025-09-13
Lommel,1.02,1.42,-0.4,0.9,0.8,0.1,0.12,0.62,-0.5,1.02,1.42,-0.4,2,0,2,2.4,67.2,56.67,43.64,0.3,0.44,192,5,11,13,36.67,29.55,6.21,4,7,7,3,22,94.7,61.57,5.53,4.47,63.13,34.99,3,Patro Eisden 0-2 Lommel,2025-09-13
Patro Eisden,1.42,1.02,0.4,0.8,0.9,-0.1,0.62,0.12,0.5,1.42,1.02,0.4,0,2,-2,-2.4,32.8,43.33,46.22,0.44,0.3,110,14,13,11,29.55,36.67,9.43,7,4,18,6,17,59.1,38.43,118.27,95.53,117.27,65.01,5,Patro Eisden 0-2 Lommel,2025-09-13
Lierse K,1.03,2.39,-1.36,0.69,1.63,-0.94,0.34,0.0,0.34,1.03,1.63,-0.6,0,2,-2,-0.64,56.3,55.95,51.18,0.6,0.71,222,8,12,11,20.0,15.49,5.86,8,3,21,3,17,105.6,58.28,23.6,28.97,72.37,40.45,0,Lokeren 2-0 Lierse K,2025-09-12
Lokeren,2.39,1.03,1.36,1.63,0.69,0.94,0.0,0.34,-0.34,1.63,1.03,0.6,2,0,2,0.64,43.7,44.05,47.68,0.71,0.6,144,16,11,12,15.49,20.0,8.81,3,8,14,2,23,75.6,41.72,57.87,71.03,106.53,59.55,5,Lokeren 2-0 Lierse K,2025-09-12
Beerschot,3.18,0.74,2.44,2.83,0.64,2.19,0.35,0.1,0.25,3.18,0.74,2.44,2,0,2,-0.44,59.6,69.7,49.02,1.24,0.18,252,27,27,10,21.77,55.56,5.88,6,2,28,12,17,207.9,88.51,27.4,26.57,178.37,82.71,0,Anderlecht II 0-2 Beerschot,2025-09-12
Anderlecht II,0.74,3.18,-2.44,0.64,2.83,-2.19,0.1,0.35,-0.25,0.74,3.18,-2.44,0,2,-2,0.44,40.4,30.3,39.61,0.18,1.24,104,4,10,27,55.56,21.77,13.28,2,6,11,4,11,27.0,11.49,75.73,73.43,37.3,17.29,0,Anderlecht II 0-2 Beerschot,2025-09-12
KRC Genk II,1.88,1.91,-0.03,1.05,1.64,-0.59,0.07,0.27,-0.2,1.12,1.91,-0.79,2,1,1,1.03,36.4,40.7,44.45,0.86,1.08,147,10,11,13,12.79,12.04,17.72,6,3,13,4,14,57.5,23.08,122.93,93.04,144.37,66.35,1,Club Brugge II 1-2 KRC Genk II,2025-08-31
Club Brugge II,1.91,1.88,0.03,1.64,1.05,0.59,0.27,0.07,0.2,1.91,1.12,0.79,1,2,-1,-1.03,63.6,59.3,47.47,1.08,0.86,300,14,13,11,12.04,12.79,10.57,3,6,20,3,7,191.6,76.92,9.2,6.96,73.23,33.65,0,Club Brugge II 1-2 KRC Genk II,2025-08-31
Patro Eisden,0.85,0.7,0.15,0.85,0.68,0.17,0.0,0.02,-0.02,0.85,0.7,0.15,2,0,2,1.85,30.0,38.26,45.5,0.44,0.56,98,10,9,7,20.45,12.5,15.61,4,3,9,2,16,22.7,20.25,122.93,98.87,111.0,89.25,6,Liège 0-2 Patro Eisden,2025-08-30
Liège,0.7,0.85,-0.15,0.68,0.85,-0.17,0.02,0.0,0.02,0.7,0.85,-0.15,0,2,-2,-1.85,70.0,61.74,48.76,0.56,0.44,252,11,7,9,12.5,20.45,7.04,3,4,25,4,11,89.4,79.75,1.4,1.13,13.37,10.75,4,Liège 0-2 Patro Eisden,2025-08-30
Olympic Charleroi,1.44,2.32,-0.88,1.44,1.56,-0.12,0.0,0.0,0.0,1.44,1.56,-0.12,1,3,-2,-1.12,50.6,47.7,44.92,0.76,0.19,164,10,11,13,14.47,68.42,8.58,7,10,9,1,13,53.0,41.12,46.33,61.12,77.13,48.2,1,Seraing 3-1 Olympic Charleroi,2025-08-30
Seraing,2.32,1.44,0.88,1.56,1.44,0.12,0.0,0.0,0.0,1.56,1.44,0.12,3,1,2,1.12,49.4,52.3,44.07,0.19,0.76,161,0,13,11,68.42,14.47,7.59,10,7,13,1,18,75.9,58.88,29.47,38.88,82.9,51.8,0,Seraing 3-1 Olympic Charleroi,2025-08-30
Anderlecht II,1.7,1.6,0.1,1.52,1.33,0.19,0.19,0.26,-0.07,1.7,1.6,0.1,0,1,-1,-1.1,49.7,47.42,43.33,0.47,0.89,174,9,11,12,23.4,13.48,10.11,4,7,21,4,12,58.6,36.42,41.73,43.44,48.07,30.59,1,Eupen 1-0 Anderlecht II,2025-08-30
Eupen,1.6,1.7,-0.1,1.33,1.52,-0.19,0.26,0.19,0.07,1.6,1.7,-0.1,1,0,1,1.1,50.3,52.58,46.0,0.89,0.47,212,12,12,11,13.48,23.4,9.9,7,4,16,5,14,102.3,63.58,54.33,56.56,109.07,69.41,2,Eupen 1-0 Anderlecht II,2025-08-30
Lokeren,1.47,3.55,-2.08,1.33,3.3,-1.97,0.14,0.25,-0.11,1.47,3.55,-2.08,1,3,-2,0.08,38.4,28.84,40.12,0.98,0.78,104,10,15,26,15.31,33.33,9.1,6,9,16,8,17,27.1,11.44,73.8,80.51,48.03,20.01,1,Lommel 3-1 Lokeren,2025-08-30
Lommel,3.55,1.47,2.08,3.3,1.33,1.97,0.25,0.14,0.11,3.55,1.47,2.08,3,1,2,-0.08,61.6,71.16,50.6,0.78,0.98,271,15,26,15,33.33,15.31,7.24,9,6,19,7,11,209.7,88.56,17.87,19.49,192.03,79.99,2,Lommel 3-1 Lokeren,2025-08-30
Lierse K,1.05,1.72,-0.67,0.92,1.09,-0.17,0.13,0.63,-0.5,1.05,1.72,-0.67,0,1,-1,-0.33,50.6,54.9,47.8,0.72,0.42,172,14,13,12,18.06,28.57,6.07,3,7,19,5,19,85.4,54.92,57.07,67.62,100.23,59.4,7,Beerschot 1-0 Lierse K,2025-08-30
Beerschot,1.72,1.05,0.67,1.09,0.92,0.17,0.63,0.13,0.5,1.72,1.05,0.67,1,0,1,0.33,49.4,45.1,41.83,0.42,0.72,128,11,12,13,28.57,18.06,5.82,7,3,19,8,21,70.1,45.08,27.33,32.38,68.5,40.6,1,Beerschot 1-0 Lierse K,2025-08-30
Francs Borains,0.84,1.68,-0.84,0.75,0.33,0.42,0.1,0.58,-0.48,0.84,0.92,-0.08,0,2,-2,-1.16,62.5,61.44,48.41,0.82,0.95,285,9,15,10,18.29,10.53,7.9,8,8,30,6,14,131.7,75.34,4.8,4.27,70.33,38.59,0,Kortrijk 2-0 Francs Borains,2025-08-29
Kortrijk,1.68,0.84,0.84,0.33,0.75,-0.42,0.58,0.1,0.48,0.92,0.84,0.08,2,0,2,1.16,37.5,38.56,41.68,0.95,0.82,119,9,10,15,10.53,18.29,12.79,8,8,16,4,10,43.1,24.66,107.53,95.73,111.93,61.41,1,Kortrijk 2-0 Francs Borains,2025-08-29
Gent II,0.68,1.39,-0.71,0.52,1.23,-0.71,0.17,0.16,0.01,0.68,1.39,-0.71,0,3,-3,-2.29,58.9,56.97,45.74,0.67,0.63,247,13,10,10,14.93,15.87,12.37,3,11,17,5,9,97.1,57.42,29.8,23.58,42.83,30.99,0,Beveren 3-0 Gent II,2025-08-29
Beveren,1.39,0.68,0.71,1.23,0.52,0.71,0.16,0.17,-0.01,1.39,0.68,0.71,3,0,3,2.29,41.1,43.03,45.81,0.63,0.67,175,14,10,10,15.87,14.93,12.67,11,3,26,6,14,72.0,42.58,96.6,76.42,95.37,69.01,0,Beveren 3-0 Gent II,2025-08-29
Lommel,1.26,2.63,-1.37,1.17,2.23,-1.06,0.08,0.4,-0.32,1.26,2.63,-1.37,0,0,0,1.37,47.9,47.56,43.96,0.69,1.33,165,9,12,23,17.39,17.29,12.46,6,6,15,3,9,90.4,40.87,54.87,60.38,95.3,44.93,3,Francs Borains 0-0 Lommel,2025-08-23
Francs Borains,2.63,1.26,1.37,2.23,1.17,1.06,0.4,0.08,0.32,2.63,1.26,1.37,0,0,0,-1.37,52.1,52.44,47.21,1.33,0.69,215,18,23,12,17.29,17.39,11.96,6,6,34,8,13,130.8,59.13,36.0,39.62,116.83,55.07,0,Francs Borains 0-0 Lommel,2025-08-23
Liège,1.08,1.26,-0.18,1.08,0.95,0.13,0.0,0.31,-0.31,1.08,1.26,-0.18,1,0,1,1.18,31.7,29.61,45.15,0.72,0.89,118,9,10,11,13.89,12.36,19.35,1,8,10,1,14,41.2,20.81,104.73,92.19,85.03,53.95,2,Lokeren 0-1 Liège,2025-08-23
Lokeren,1.26,1.08,0.18,0.95,1.08,-0.13,0.31,0.0,0.31,1.26,1.08,0.18,0,1,-1,-1.18,68.3,70.39,50.63,0.89,0.72,299,13,11,10,12.36,13.89,5.82,8,1,30,7,14,156.8,79.19,8.87,7.81,72.57,46.05,0,Lokeren 0-1 Liège,2025-08-23
Kortrijk,2.67,0.6,2.07,1.59,0.6,0.99,0.32,0.0,0.32,1.91,0.6,1.31,3,0,3,0.93,52.4,56.91,45.73,0.53,0.11,189,13,12,8,22.64,72.73,10.12,6,6,20,6,18,113.2,69.7,42.13,46.54,152.33,86.54,0,Olympic Charleroi 0-3 Kortrijk,2025-08-23
Olympic Charleroi,0.6,2.67,-2.07,0.6,1.59,-0.99,0.0,0.32,-0.32,0.6,1.91,-1.31,0,3,-3,-0.93,47.6,43.09,46.21,0.11,0.53,177,13,8,12,72.73,22.64,7.62,6,6,16,3,14,49.2,30.3,48.4,53.46,23.7,13.46,4,Olympic Charleroi 0-3 Kortrijk,2025-08-23
Seraing,1.5,1.77,-0.27,1.01,1.6,-0.59,0.49,0.16,0.33,1.5,1.77,-0.27,0,0,0,0.27,38.2,41.54,44.22,0.17,0.82,125,6,20,12,117.65,14.63,15.81,4,2,24,9,15,64.7,40.14,74.87,67.94,73.9,52.76,0,KRC Genk II 0-0 Seraing,2025-08-23
KRC Genk II,1.77,1.5,0.27,1.6,1.01,0.59,0.16,0.49,-0.33,1.77,1.5,0.27,0,0,0,-0.27,61.8,58.46,48.18,0.82,0.17,244,9,12,20,14.63,117.65,7.31,2,4,24,4,13,96.5,59.86,35.33,32.06,66.17,47.24,0,KRC Genk II 0-0 Seraing,2025-08-23
Eupen,0.82,2.91,-2.09,0.82,1.89,-1.07,0.0,0.25,-0.25,0.82,2.15,-1.33,2,3,-1,1.09,50.8,40.36,39.19,0.63,0.56,141,6,7,19,11.11,33.93,12.92,4,12,9,3,13,40.6,24.44,47.0,42.68,19.14,7.83,2,Lierse K 3-2 Eupen,2025-08-23
Lierse K,2.91,0.82,2.09,1.89,0.82,1.07,0.25,0.0,0.25,2.15,0.82,1.33,3,2,1,-1.09,49.2,59.64,47.74,0.56,0.63,193,15,19,7,33.93,11.11,9.82,12,4,17,6,13,125.5,75.56,63.13,57.32,225.37,92.17,2,Lierse K 3-2 Eupen,2025-08-23
Beveren,1.48,0.08,1.4,1.12,0.08,1.04,0.36,0.0,0.36,1.48,0.08,1.4,2,0,2,0.6,47.0,59.51,44.25,0.78,0.27,181,11,12,3,15.38,11.11,10.88,7,4,22,5,9,102.1,80.33,69.87,71.59,156.73,88.23,3,RWDM Brussels 0-2 Beveren,2025-08-23
RWDM Brussels,0.08,1.48,-1.4,0.08,1.12,-1.04,0.0,0.36,-0.36,0.08,1.48,-1.4,0,2,-2,-0.6,53.0,40.49,41.63,0.27,0.78,176,8,3,12,11.11,15.38,11.63,4,7,14,2,12,25.0,19.67,27.73,28.41,20.9,11.77,0,RWDM Brussels 0-2 Beveren,2025-08-23
Beerschot,1.73,0.9,0.83,1.62,0.78,0.84,0.1,0.12,-0.02,1.73,0.9,0.83,1,1,0,-0.83,39.5,41.95,42.17,0.59,0.17,154,11,14,9,23.73,52.94,10.43,9,6,17,4,20,95.5,49.84,106.13,73.63,144.53,64.95,0,Gent II 1-1 Beerschot,2025-08-22
Gent II,0.9,1.73,-0.83,0.78,1.62,-0.84,0.12,0.1,0.02,0.9,1.73,-0.83,1,1,0,0.83,60.5,58.05,46.01,0.17,0.59,272,13,9,14,52.94,23.73,8.67,6,9,13,3,9,96.1,50.16,38.0,26.37,78.0,35.05,1,Gent II 1-1 Beerschot,2025-08-22
Club Brugge II,0.25,2.22,-1.97,0.25,1.75,-1.5,0.0,0.47,-0.47,0.25,2.22,-1.97,1,2,-1,0.97,74.4,63.78,49.86,0.43,0.25,325,4,4,19,9.3,76.0,5.88,1,6,12,1,13,100.1,66.29,0.2,0.11,19.8,9.84,0,Patro Eisden 2-1 Club Brugge II,2025-08-22
Patro Eisden,2.22,0.25,1.97,1.75,0.25,1.5,0.47,0.0,0.47,2.22,0.25,1.97,2,1,1,-0.97,25.6,36.22,51.66,0.25,0.43,114,13,19,4,76.0,9.3,14.25,6,1,20,5,16,50.9,33.71,183.93,99.89,181.33,90.16,5,Patro Eisden 2-1 Club Brugge II,2025-08-22
Seraing,1.29,1.89,-0.6,0.93,1.43,-0.5,0.35,0.45,-0.1,1.29,1.89,-0.6,0,2,-2,-1.4,43.1,42.36,38.94,0.4,0.86,123,9,14,15,35.0,17.44,16.29,4,9,12,5,10,43.5,28.28,44.87,49.02,24.1,9.4,1,Liège 2-0 Seraing,2025-08-17
Liège,1.89,1.29,0.6,1.43,0.93,0.5,0.45,0.35,0.1,1.89,1.29,0.6,2,0,2,1.4,56.9,57.64,46.38,0.86,0.4,219,12,15,14,17.44,35.0,7.83,9,4,34,8,11,110.3,71.72,46.67,50.98,232.33,90.6,2,Liège 2-0 Seraing,2025-08-17
Anderlecht II,1.74,1.17,0.57,1.55,1.05,0.5,0.19,0.11,0.08,1.74,1.17,0.57,1,0,1,0.43,42.0,36.59,39.87,0.26,0.75,115,5,15,10,57.69,13.33,9.25,8,5,13,6,11,26.5,20.24,65.53,67.33,58.13,40.16,0,Gent II 0-1 Anderlecht II,2025-08-16
Gent II,1.17,1.74,-0.57,1.05,1.55,-0.5,0.11,0.19,-0.08,1.17,1.74,-0.57,0,1,-1,-0.43,58.0,63.41,48.7,0.75,0.26,218,14,10,15,13.33,57.69,8.4,5,8,14,5,15,104.4,79.76,31.8,32.67,86.6,59.84,0,Gent II 0-1 Anderlecht II,2025-08-16
RWDM Brussels,1.55,0.97,0.58,1.55,0.76,0.79,0.0,0.21,-0.21,1.55,0.97,0.58,3,1,2,1.42,43.6,41.5,45.03,0.69,0.58,171,8,7,16,10.14,27.59,15.45,1,6,6,1,18,55.2,37.1,74.8,63.21,111.47,65.39,0,Lokeren 1-3 RWDM Brussels,2025-08-16
Lokeren,0.97,1.55,-0.58,0.76,1.55,-0.79,0.21,0.0,0.21,0.97,1.55,-0.58,1,3,-2,-1.42,56.4,58.5,45.89,0.58,0.69,241,17,16,7,27.59,10.14,11.06,6,1,27,9,8,93.6,62.9,43.53,36.79,59.0,34.61,3,Lokeren 1-3 RWDM Brussels,2025-08-16
Eupen,0.8,2.67,-1.87,0.74,2.27,-1.53,0.06,0.4,-0.34,0.8,2.67,-1.87,1,1,0,1.87,39.9,28.24,38.03,0.33,1.19,105,3,7,16,21.21,13.45,14.39,2,5,13,2,11,27.0,12.23,108.93,72.52,72.33,31.42,0,Beerschot 1-1 Eupen,2025-08-16
Beerschot,2.67,0.8,1.87,2.27,0.74,1.53,0.4,0.06,0.34,2.67,0.8,1.87,1,1,0,-1.87,60.1,71.76,49.6,1.19,0.33,303,16,16,7,13.45,21.21,9.35,5,2,24,6,21,193.7,87.77,41.27,27.48,157.87,68.58,0,Beerschot 1-1 Eupen,2025-08-16
Olympic Charleroi,0.47,2.61,-2.14,0.47,1.35,-0.88,0.0,0.5,-0.5,0.47,1.85,-1.38,0,3,-3,-0.86,40.0,32.47,39.08,0.2,0.58,105,6,6,20,30.0,34.48,19.7,2,9,6,1,10,25.6,12.66,61.93,66.31,15.33,7.3,1,Lommel 3-0 Olympic Charleroi,2025-08-16
Lommel,2.61,0.47,2.14,1.35,0.47,0.88,0.5,0.0,0.5,1.85,0.47,1.38,3,0,3,0.86,60.0,67.53,47.61,0.58,0.2,268,13,20,6,34.48,30.0,11.13,9,2,23,7,7,176.6,87.34,31.47,33.69,194.62,92.7,1,Lommel 3-0 Olympic Charleroi,2025-08-16
Lierse K,0.65,1.43,-0.78,0.65,1.03,-0.38,0.0,0.4,-0.4,0.65,1.43,-0.78,0,1,-1,-0.22,53.5,38.89,40.4,0.19,0.69,121,4,6,14,31.58,20.29,11.0,4,9,14,3,11,36.3,24.43,22.8,28.15,34.97,17.66,5,Kortrijk 1-0 Lierse K,2025-08-16
Kortrijk,1.43,0.65,0.78,1.03,0.65,0.38,0.4,0.0,0.4,1.43,0.65,0.78,1,0,1,0.22,46.5,61.11,46.62,0.69,0.19,163,15,14,6,20.29,31.58,10.32,9,4,25,9,8,112.3,75.57,58.2,71.85,163.07,82.34,3,Kortrijk 1-0 Lierse K,2025-08-16
Patro Eisden,2.04,1.58,0.46,1.69,1.58,0.11,0.35,0.0,0.35,2.04,1.58,0.46,0,2,-2,-2.46,39.2,51.98,48.16,0.8,0.64,139,21,19,13,23.75,20.31,7.58,10,4,18,5,16,102.4,60.38,81.67,86.51,118.47,80.98,9,Francs Borains 2-0 Patro Eisden,2025-08-15
Francs Borains,1.58,2.04,-0.46,1.58,1.69,-0.11,0.0,0.35,-0.35,1.58,2.04,-0.46,2,0,2,2.46,60.8,48.02,43.2,0.64,0.8,161,8,13,19,20.31,23.75,6.91,4,10,13,4,13,67.2,39.62,12.73,13.49,27.83,19.02,0,Francs Borains 2-0 Patro Eisden,2025-08-15
KRC Genk II,0.73,1.13,-0.4,0.73,0.99,-0.26,0.0,0.14,-0.14,0.73,1.13,-0.4,0,1,-1,-0.6,46.1,38.67,41.32,0.47,0.93,130,5,10,12,21.28,12.9,15.65,3,4,11,2,12,28.7,23.28,59.8,69.92,53.93,37.19,1,Beveren 1-0 KRC Genk II,2025-08-15
Beveren,1.13,0.73,0.4,0.99,0.73,0.26,0.14,0.0,0.14,1.13,0.73,0.4,1,0,1,0.6,53.9,61.33,46.63,0.93,0.47,194,11,12,10,12.9,21.28,11.94,4,3,17,2,12,94.6,76.72,25.73,30.08,91.07,62.81,1,Beveren 1-0 KRC Genk II,2025-08-15
Francs Borains,2.36,1.02,1.34,2.27,0.75,1.52,0.09,0.27,-0.18,2.36,1.02,1.34,1,1,0,-1.34,43.8,48.98,45.85,1.19,0.44,179,11,20,14,16.81,31.82,14.5,8,5,23,3,10,98.7,54.02,116.4,80.65,154.43,76.75,0,Club Brugge II 1-1 Francs Borains,2025-08-10
Club Brugge II,1.02,2.36,-1.34,0.75,2.27,-1.52,0.27,0.09,0.18,1.02,2.36,-1.34,1,1,0,1.34,56.2,51.02,42.07,0.44,1.19,203,6,14,20,31.82,16.81,11.0,5,8,19,4,14,84.0,45.98,27.93,19.35,46.77,23.25,0,Club Brugge II 1-1 Francs Borains,2025-08-10
Lokeren,1.34,3.2,-1.86,1.08,2.46,-1.38,0.26,0.73,-0.47,1.34,3.2,-1.86,1,2,-1,0.86,72.7,63.79,48.76,0.54,1.05,192,14,11,15,20.37,14.29,3.3,4,4,28,11,18,80.9,61.71,4.0,4.34,37.3,27.11,1,Patro Eisden 2-1 Lokeren,2025-08-09
Patro Eisden,3.2,1.34,1.86,2.46,1.08,1.38,0.73,0.26,0.47,3.2,1.34,1.86,2,1,1,-0.86,27.3,36.21,46.73,1.05,0.54,73,12,15,11,14.29,20.37,10.46,4,4,19,5,20,50.2,38.29,88.2,95.66,100.3,72.89,0,Patro Eisden 2-1 Lokeren,2025-08-09
Liège,0.16,0.56,-0.4,0.07,0.47,-0.4,0.09,0.09,0.0,0.16,0.56,-0.4,0,2,-2,-1.6,61.5,77.4,51.58,0.27,0.4,173,9,2,4,7.41,10.0,12.93,1,0,14,2,4,92.6,90.61,11.0,15.87,52.7,73.47,0,Eupen 2-0 Liège,2025-08-09
Eupen,0.56,0.16,0.4,0.47,0.07,0.4,0.09,0.09,0.0,0.56,0.16,0.4,2,0,2,1.6,38.5,22.6,38.18,0.4,0.27,50,3,4,2,10.0,7.41,25.56,0,1,6,3,3,9.6,9.39,58.33,84.13,19.03,26.53,2,Eupen 2-0 Liège,2025-08-09
Beveren,1.51,0.5,1.01,1.43,0.37,1.06,0.07,0.12,-0.05,1.51,0.5,1.01,2,0,2,0.99,46.9,59.7,50.08,0.72,0.13,136,7,9,5,12.5,38.46,13.42,3,0,18,4,7,86.8,69.66,46.93,80.64,120.87,86.6,0,Lierse K 0-2 Beveren,2025-08-09
Lierse K,0.5,1.51,-1.01,0.37,1.43,-1.06,0.12,0.07,0.05,0.5,1.51,-1.01,0,2,-2,-0.99,53.1,40.3,40.6,0.13,0.72,95,3,5,9,38.46,12.5,20.1,0,3,6,5,7,37.8,30.34,11.27,19.36,18.7,13.4,4,Lierse K 0-2 Beveren,2025-08-09
Lommel,1.71,3.01,-1.3,1.6,3.01,-1.41,0.11,0.0,0.11,1.71,3.01,-1.3,3,3,0,1.3,48.1,50.61,43.42,0.91,0.51,161,11,13,14,14.29,27.45,10.15,8,4,20,5,9,57.7,44.87,87.13,85.88,96.73,68.19,1,RWDM Brussels 3-3 Lommel,2025-08-09
RWDM Brussels,3.01,1.71,1.3,3.01,1.6,1.41,0.0,0.11,-0.11,3.01,1.71,1.3,3,3,0,-1.3,51.9,49.39,40.63,0.51,0.91,156,9,14,13,27.45,14.29,13.33,4,8,7,1,10,70.9,55.13,14.33,14.12,45.13,31.81,0,RWDM Brussels 3-3 Lommel,2025-08-09
Kortrijk,2.02,0.95,1.07,0.99,0.63,0.36,0.27,0.32,-0.05,1.26,0.95,0.31,3,1,2,0.93,46.7,56.65,47.59,0.95,0.37,169,13,13,12,13.68,32.43,9.12,9,1,26,8,17,85.6,55.12,85.0,75.09,141.83,74.39,2,Anderlecht II 1-3 Kortrijk,2025-08-09
Anderlecht II,0.95,2.02,-1.07,0.63,0.99,-0.36,0.32,0.27,0.05,0.95,1.26,-0.31,1,3,-2,-0.93,53.3,43.35,42.43,0.37,0.95,160,7,12,13,32.43,13.68,10.11,1,9,16,4,14,69.7,44.88,28.2,24.91,48.83,25.61,0,Anderlecht II 1-3 Kortrijk,2025-08-09
Beerschot,1.94,0.76,1.18,1.7,0.44,1.26,0.25,0.32,-0.07,1.94,0.76,1.18,2,1,1,-0.18,61.8,67.74,47.31,1.63,0.08,252,13,13,11,7.98,137.5,5.38,7,9,26,7,21,165.2,87.13,22.0,18.8,126.2,67.38,1,Seraing 1-2 Beerschot,2025-08-08
Seraing,0.76,1.94,-1.18,0.44,1.7,-1.26,0.32,0.25,0.07,0.76,1.94,-1.18,1,2,-1,0.18,38.2,32.26,36.52,0.08,1.63,93,5,11,13,137.5,7.98,9.8,9,7,14,6,17,24.4,12.87,95.0,81.2,61.1,32.62,1,Seraing 1-2 Beerschot,2025-08-08
Gent II,1.78,1.45,0.33,1.4,0.58,0.82,0.38,0.11,0.27,1.78,0.69,1.09,4,1,3,2.67,52.8,48.82,46.52,0.68,0.46,191,6,11,12,16.18,26.09,8.08,4,12,10,5,22,97.3,55.16,31.33,37.45,108.5,70.5,0,Olympic Charleroi 1-4 Gent II,2025-08-08
Olympic Charleroi,1.45,1.78,-0.33,0.58,1.4,-0.82,0.11,0.38,-0.27,0.69,1.78,-1.09,1,4,-3,-2.67,47.2,51.18,47.21,0.46,0.68,177,6,12,11,26.09,16.18,7.48,12,4,16,1,12,79.1,44.84,52.33,62.55,45.4,29.5,1,Olympic Charleroi 1-4 Gent II,2025-08-08
