Team,xG,xGA,xGD,Open Play xG,Open Play xGA,Open Play xGD,Set Piece xG,Set Piece xGA,Set Piece xGD,npxG,npxGA,npxGD,Goals,Goals Conceded,GD,GD-xGD,Possession,Field Tilt,Avg Pass Height,xT,xT Against,Passes in Opposition Half,Passes into Box,Shots,Shots Faced,Shots per 1.0 xT,Shots Faced per 1.0 xT Against,PPDA,High Recoveries,High Recoveries Against,Crosses,Corners,Fouls,On-Ball Pressure,On-Ball Pressure Share,Off-Ball Pressure,Off-Ball Pressure Share,Game Control,Game Control Share,Throw-Ins into the Box,Match,Date
Mladá Boleslav,1.55,0.79,0.76,1.45,0.50,0.95,0.10,0.29,-0.19,1.55,0.79,0.76,3,0,3,2.24,42.50,53.8,49.17,0.57,0.37,166,14,14,9,24.56,24.32,8.26,7,2,6,3,16,120.5,62.53,83.53,85.76,182.57,87.28,0,Karviná 0-3 Mladá Boleslav,2026-04-25
Karviná,0.79,1.55,-0.76,0.50,1.45,-0.95,0.29,0.10,0.19,0.79,1.55,-0.76,0,3,-3,-2.24,57.50,46.2,44.24,0.37,0.57,178,11,9,14,24.32,24.56,5.42,2,7,30,6,11,72.2,37.47,13.87,14.24,26.6,12.72,1,Karviná 0-3 Mladá Boleslav,2026-04-25
Hradec Králové,1.90,2.10,-0.20,1.11,1.96,-0.85,0.03,0.14,-0.11,1.14,2.10,-0.96,1,0,1,1.20,41.00,37.31,45.25,1.18,0.78,108,10,9,17,7.63,21.79,9.70,1,1,13,2,15,36.9,22.67,41.87,68.42,49.9,32.41,2,Teplice 0-1 Hradec Králové,2026-04-25
Teplice,2.10,1.90,0.20,1.96,1.11,0.85,0.14,0.03,0.11,2.10,1.14,0.96,0,1,-1,-1.20,59.00,62.69,49.41,0.78,1.18,186,14,17,9,21.79,7.63,6.84,1,1,33,10,15,125.9,77.33,19.33,31.58,104.07,67.59,5,Teplice 0-1 Hradec Králové,2026-04-25
Viktoria Plzeň,1.60,1.33,0.27,1.42,1.15,0.27,0.18,0.18,0.00,1.60,1.33,0.27,1,0,1,0.73,52.30,49.12,45.22,0.56,1.11,179,12,16,9,28.57,8.11,9.22,0,3,16,8,12,107.3,60.35,29.53,31.82,94.43,56.65,2,Baník Ostrava 0-1 Viktoria Plzeň,2026-04-25
Baník Ostrava,1.33,1.60,-0.27,1.15,1.42,-0.27,0.18,0.18,0.00,1.33,1.60,-0.27,0,1,-1,-0.73,47.70,50.88,47.73,1.11,0.56,172,17,9,16,8.11,28.57,12.81,3,0,20,4,15,70.5,39.65,63.27,68.18,72.27,43.35,2,Baník Ostrava 0-1 Viktoria Plzeň,2026-04-25
Zlín,1.61,1.51,0.10,1.61,1.48,0.13,0.00,0.02,-0.02,1.61,1.51,0.10,1,3,-2,-2.10,45.20,50.97,47.84,0.78,0.44,150,12,10,9,12.82,20.45,9.54,5,2,18,4,19,71.9,53.62,51.47,78.53,86.6,63.21,4,Pardubice 3-1 Zlín,2026-04-25
Pardubice,1.51,1.61,-0.10,1.48,1.61,-0.13,0.02,0.00,0.02,1.51,1.61,-0.10,3,1,2,2.10,54.80,49.03,44.32,0.44,0.78,151,6,9,10,20.45,12.82,8.50,2,5,11,3,15,62.2,46.38,14.07,21.47,50.4,36.79,4,Pardubice 3-1 Zlín,2026-04-25
Sparta Praha,0.60,2.50,-1.90,0.57,2.29,-1.72,0.03,0.21,-0.18,0.60,2.50,-1.90,0,2,-2,-0.10,60.10,45.49,42.65,0.23,0.75,164,8,5,12,21.74,16.0,7.38,1,9,13,4,14,66.6,38.3,15.93,15.07,32.07,15.7,3,Bohemians 1905 2-0 Sparta Praha,2026-04-25
Bohemians 1905,2.50,0.60,1.90,2.29,0.57,1.72,0.21,0.03,0.18,2.50,0.60,1.90,2,0,2,0.10,39.90,54.51,50.38,0.75,0.23,142,14,12,5,16.0,21.74,10.69,9,1,16,7,15,107.3,61.7,89.8,84.93,172.23,84.3,2,Bohemians 1905 2-0 Sparta Praha,2026-04-25
Slovan Liberec,0.65,2.39,-1.74,0.61,0.72,-0.11,0.03,0.15,-0.12,0.65,0.87,-0.22,2,1,1,2.74,39.20,52.61,47.17,0.33,0.34,115,6,10,10,30.3,29.41,9.06,3,6,25,6,20,57.8,47.07,106.93,93.42,140.73,84.75,4,Jablonec 1-2 Slovan Liberec,2026-04-25
Jablonec,2.39,0.65,1.74,0.72,0.61,0.11,0.15,0.03,0.12,0.87,0.65,0.22,1,2,-1,-2.74,60.80,47.39,41.43,0.34,0.33,128,12,10,10,29.41,30.3,4.62,6,3,26,6,16,65.0,52.93,7.53,6.58,25.33,15.25,4,Jablonec 1-2 Slovan Liberec,2026-04-25
Sigma Olomouc,0.55,4.94,-4.39,0.52,3.99,-3.47,0.03,0.94,-0.91,0.55,4.94,-4.39,1,2,-1,3.39,36.30,23.81,41.11,0.26,2.54,102,2,4,31,15.38,12.2,21.06,1,7,4,2,6,15.5,4.53,63.6,87.6,24.13,9.35,0,Slavia Praha 2-1 Sigma Olomouc,2026-04-25
Slavia Praha,4.94,0.55,4.39,3.99,0.52,3.47,0.94,0.03,0.91,4.94,0.55,4.39,2,1,1,-3.39,63.70,76.19,54.78,2.54,0.26,313,31,31,4,12.2,15.38,9.96,7,1,53,13,6,326.3,95.47,9.0,12.4,233.83,90.65,1,Slavia Praha 2-1 Sigma Olomouc,2026-04-25
Dukla Praha,0.45,1.31,-0.86,0.30,1.25,-0.95,0.15,0.06,0.09,0.45,1.31,-0.86,2,1,1,1.86,37.30,33.33,45.72,0.49,1.4,116,8,6,15,12.24,10.71,9.70,2,5,16,1,22,26.2,12.78,68.4,90.96,45.97,27.13,2,Slovácko 1-2 Dukla Praha,2026-04-25
Slovácko,1.31,0.45,0.86,1.25,0.30,0.95,0.06,0.15,-0.09,1.31,0.45,0.86,1,2,-1,-1.86,62.70,66.67,51.85,1.4,0.49,254,14,15,6,10.71,12.24,7.62,5,2,19,4,10,178.8,87.22,6.8,9.04,123.47,72.87,1,Slovácko 1-2 Dukla Praha,2026-04-25
Pardubice,1.31,1.26,0.05,1.29,1.23,0.06,0.02,0.03,-0.01,1.31,1.26,0.05,1,0,1,0.95,33.2,33.12,43.95,0.41,1.03,109,9,9,16,21.95,15.53,14.93,2,9,10,4,17,54.6,26.96,106.27,95.22,110.33,56.17,2,Viktoria Plzeň 0-1 Pardubice,2026-04-19
Viktoria Plzeň,1.26,1.31,-0.05,1.23,1.29,-0.06,0.03,0.02,0.01,1.26,1.31,-0.05,0,1,-1,-0.95,66.8,66.88,46.81,1.03,0.41,254,12,16,9,15.53,21.95,5.6,9,2,34,7,12,147.9,73.04,5.33,4.78,86.1,43.83,2,Viktoria Plzeň 0-1 Pardubice,2026-04-19
Slavia Praha,3.33,1.76,1.57,2.55,1.0,1.55,0.02,0.0,0.02,2.57,1.0,1.57,1,2,-1,-2.57,63.2,69.05,52.53,0.83,0.23,264,20,21,8,25.3,34.78,5.6,7,2,33,10,17,243.0,91.18,2.13,2.68,178.73,85.52,9,Hradec Králové 2-1 Slavia Praha,2026-04-19
Hradec Králové,1.76,3.33,-1.57,1.0,2.55,-1.55,0.0,0.02,-0.02,1.0,2.57,-1.57,2,1,1,2.57,36.8,30.95,48.03,0.23,0.83,133,6,8,21,34.78,25.3,15.24,2,7,9,2,12,23.5,8.82,77.27,97.32,30.27,14.48,2,Hradec Králové 2-1 Slavia Praha,2026-04-19
Slovácko,1.62,3.94,-2.32,0.76,2.81,-2.05,0.11,0.37,-0.26,0.86,3.18,-2.32,1,2,-1,1.32,44.5,50.79,46.01,0.49,1.09,144,11,10,22,20.41,20.18,10.82,5,6,11,4,14,78.3,39.41,76.67,84.19,108.53,51.61,0,Sigma Olomouc 2-1 Slovácko,2026-04-19
Sigma Olomouc,3.94,1.62,2.32,2.81,0.76,2.05,0.37,0.11,0.26,3.18,0.86,2.32,2,1,1,-1.32,55.5,49.21,41.38,1.09,0.49,135,13,22,10,20.18,20.41,6.85,6,5,17,6,15,120.4,60.59,14.4,15.81,101.77,48.39,0,Sigma Olomouc 2-1 Slovácko,2026-04-19
Jablonec,0.76,2.07,-1.31,0.51,2.04,-1.53,0.25,0.03,0.22,0.76,2.07,-1.31,1,3,-2,-0.69,35.4,33.99,41.09,0.37,0.87,113,6,7,14,18.92,16.09,15.55,5,4,13,5,12,21.4,13.01,126.53,90.25,41.3,25.58,0,Sparta Praha 3-1 Jablonec,2026-04-18
Sparta Praha,2.07,0.76,1.31,2.04,0.51,1.53,0.03,0.25,-0.22,2.07,0.76,1.31,3,1,2,0.69,64.6,66.01,48.37,0.87,0.37,273,15,14,7,16.09,18.92,12.17,4,5,22,6,9,143.1,86.99,13.67,9.75,120.17,74.42,1,Sparta Praha 3-1 Jablonec,2026-04-18
Mladá Boleslav,0.27,1.13,-0.86,0.25,1.1,-0.85,0.02,0.03,-0.01,0.27,1.13,-0.86,0,0,0,0.86,59.2,53.5,41.74,0.36,0.61,182,2,4,16,11.11,26.23,6.55,3,9,7,2,20,66.2,45.19,6.27,7.11,34.73,21.81,0,Slovan Liberec 0-0 Mladá Boleslav,2026-04-18
Slovan Liberec,1.13,0.27,0.86,1.1,0.25,0.85,0.03,0.02,0.01,1.13,0.27,0.86,0,0,0,-0.86,40.8,46.5,45.98,0.61,0.36,138,10,16,4,26.23,11.11,9.04,9,3,17,5,20,80.3,54.81,81.93,92.89,124.5,78.19,3,Slovan Liberec 0-0 Mladá Boleslav,2026-04-18
Karviná,1.94,1.91,0.03,1.36,1.86,-0.5,0.58,0.04,0.54,1.94,1.91,0.03,2,1,1,0.97,56.3,46.64,43.76,0.68,1.64,169,11,16,15,23.53,9.15,7.26,2,2,16,7,12,75.6,41.79,10.0,12.01,68.2,34.98,0,Dukla Praha 1-2 Karviná,2026-04-18
Dukla Praha,1.91,1.94,-0.03,1.86,1.36,0.5,0.04,0.58,-0.54,1.91,1.94,-0.03,1,2,-1,-0.97,43.7,53.36,51.32,1.64,0.68,185,19,15,16,9.15,23.53,9.89,2,2,18,3,17,105.3,58.21,73.27,87.99,126.77,65.02,1,Dukla Praha 1-2 Karviná,2026-04-18
Teplice,2.17,1.55,0.62,0.95,0.58,0.37,0.46,0.96,-0.5,1.41,1.55,-0.14,2,3,-1,-1.62,55.1,52.82,44.81,0.59,0.5,150,11,12,12,20.34,24.0,7.69,5,4,17,4,23,76.2,53.81,26.53,25.68,58.27,32.74,2,Zlín 3-2 Teplice,2026-04-18
Zlín,1.55,2.17,-0.62,0.58,0.95,-0.37,0.96,0.46,0.5,1.55,1.41,0.14,3,2,1,1.62,44.9,47.18,44.1,0.5,0.59,116,8,12,12,24.0,20.34,7.18,4,5,11,4,13,65.4,46.19,76.8,74.32,119.73,67.26,3,Zlín 3-2 Teplice,2026-04-18
Bohemians 1905,1.06,1.71,-0.65,1.06,0.92,0.14,0.0,0.03,-0.03,1.06,0.95,0.11,2,0,2,2.65,37.9,34.08,47.07,0.28,1.31,119,5,10,10,35.71,7.63,18.44,5,2,10,2,11,29.8,16.99,63.87,78.66,72.23,55.38,2,Baník Ostrava 0-2 Bohemians 1905,2026-04-18
Baník Ostrava,1.71,1.06,0.65,0.92,1.06,-0.14,0.03,0.0,0.03,0.95,1.06,-0.11,0,2,-2,-2.65,62.1,65.92,53.17,1.31,0.28,254,15,10,10,7.63,35.71,8.96,2,5,34,3,10,145.6,83.01,17.33,21.34,58.2,44.62,1,Baník Ostrava 0-2 Bohemians 1905,2026-04-18
Viktoria Plzeň,0.81,3.01,-2.2,0.77,2.62,-1.85,0.04,0.39,-0.35,0.81,3.01,-2.2,0,0,0,2.2,45.5,43.16,46.59,0.54,1.22,158,12,11,20,20.37,16.39,9.11,4,6,13,3,13,60.9,29.38,44.27,58.25,60.17,31.13,3,Slavia Praha 0-0 Viktoria Plzeň,2026-04-12
Slavia Praha,3.01,0.81,2.2,2.62,0.77,1.85,0.39,0.04,0.35,3.01,0.81,2.2,0,0,0,-2.2,54.5,56.84,48.28,1.22,0.54,205,20,20,11,16.39,20.37,6.86,6,4,18,4,18,146.4,70.62,31.73,41.75,133.13,68.87,3,Slavia Praha 0-0 Viktoria Plzeň,2026-04-12
Dukla Praha,1.02,2.09,-1.07,0.92,1.72,-0.8,0.09,0.36,-0.27,1.02,2.09,-1.07,1,1,0,1.07,35.0,40.85,46.16,0.59,1.09,129,13,13,15,22.03,13.76,10.67,9,3,15,2,17,49.7,23.88,97.53,92.24,96.27,51.65,1,Mladá Boleslav 1-1 Dukla Praha,2026-04-12
Mladá Boleslav,2.09,1.02,1.07,1.72,0.92,0.8,0.36,0.09,0.27,2.09,1.02,1.07,1,1,0,-1.07,65.0,59.15,45.32,1.09,0.59,223,20,15,13,13.76,22.03,7.18,3,9,11,4,12,158.4,76.12,8.2,7.76,90.13,48.35,0,Mladá Boleslav 1-1 Dukla Praha,2026-04-12
Sigma Olomouc,3.78,1.34,2.44,2.79,0.58,2.21,0.23,0.0,0.23,3.02,0.58,2.44,1,2,-1,-3.44,62.5,51.41,42.67,1.27,0.21,181,19,19,7,14.96,33.33,7.86,1,3,22,6,8,127.3,64.65,4.0,3.19,63.6,35.48,1,Pardubice 2-1 Sigma Olomouc,2026-04-12
Pardubice,1.34,3.78,-2.44,0.58,2.79,-2.21,0.0,0.23,-0.23,0.58,3.02,-2.44,2,1,1,3.44,37.5,48.59,51.03,0.21,1.27,161,7,7,19,33.33,14.96,14.0,3,1,11,3,17,69.6,35.35,121.27,96.81,115.67,64.52,5,Pardubice 2-1 Sigma Olomouc,2026-04-12
Sparta Praha,1.29,0.39,0.9,0.98,0.39,0.59,0.31,0.0,0.31,1.29,0.39,0.9,1,0,1,0.1,71.2,65.09,48.58,1.04,0.36,291,16,12,9,11.54,25.0,5.62,4,2,24,4,17,160.3,80.88,2.27,1.33,78.1,43.63,3,Teplice 0-1 Sparta Praha,2026-04-12
Teplice,0.39,1.29,-0.9,0.39,0.98,-0.59,0.0,0.31,-0.31,0.39,1.29,-0.9,0,1,-1,-0.1,28.8,34.91,49.17,0.36,1.04,113,2,9,12,25.0,11.54,14.44,2,4,19,2,11,37.9,19.12,167.87,98.67,100.9,56.37,0,Teplice 0-1 Sparta Praha,2026-04-12
Slovan Liberec,2.09,2.01,0.08,2.09,2.01,0.08,0.0,0.0,0.0,2.09,2.01,0.08,1,3,-2,-2.08,38.8,48.06,44.92,0.74,0.34,115,8,10,15,13.51,44.12,8.56,6,4,13,5,25,55.5,38.78,104.87,96.21,91.97,66.42,2,Karviná 3-1 Slovan Liberec,2026-04-12
Karviná,2.01,2.09,-0.08,2.01,2.09,-0.08,0.0,0.0,0.0,2.01,2.09,-0.08,3,1,2,2.08,61.2,51.94,40.98,0.34,0.74,144,10,15,10,44.12,13.51,5.38,4,6,8,2,16,87.6,61.22,4.13,3.79,46.5,33.58,1,Karviná 3-1 Slovan Liberec,2026-04-12
Hradec Králové,2.29,1.06,1.23,2.11,1.06,1.05,0.18,0.0,0.18,2.29,1.06,1.23,3,1,2,0.77,44.9,48.62,46.08,1.35,0.53,175,17,11,6,8.15,11.32,11.67,5,2,15,4,12,96.6,54.64,59.6,70.84,119.27,68.09,3,Slovácko 1-3 Hradec Králové,2026-04-11
Slovácko,1.06,2.29,-1.23,1.06,2.11,-1.05,0.0,0.18,-0.18,1.06,2.29,-1.23,1,3,-2,-0.77,55.1,51.38,46.42,0.53,1.35,226,6,6,11,11.32,8.15,13.32,2,5,5,1,10,80.2,45.36,24.53,29.16,55.9,31.91,0,Slovácko 1-3 Hradec Králové,2026-04-11
Zlín,1.56,2.57,-1.01,1.47,1.81,-0.34,0.09,0.77,-0.68,1.56,2.57,-1.01,1,2,-1,0.01,38.7,34.6,46.79,0.96,0.69,115,10,16,21,16.67,30.43,11.17,3,3,19,4,11,58.8,26.63,51.27,66.41,62.27,29.21,4,Bohemians 1905 2-1 Zlín,2026-04-11
Bohemians 1905,2.57,1.56,1.01,1.81,1.47,0.34,0.77,0.09,0.68,2.57,1.56,1.01,2,1,1,-0.01,61.3,65.4,53.77,0.69,0.96,219,19,21,16,30.43,16.67,7.27,3,3,26,10,10,162.0,73.37,25.93,33.59,150.93,70.79,4,Bohemians 1905 2-1 Zlín,2026-04-11
Baník Ostrava,0.9,3.94,-3.04,0.64,3.78,-3.14,0.26,0.16,0.1,0.9,3.94,-3.04,1,4,-3,0.04,55.9,54.28,47.4,0.34,0.89,195,5,11,10,32.35,11.24,7.56,4,0,25,4,11,66.8,51.15,33.33,39.46,75.67,39.09,3,Jablonec 4-1 Baník Ostrava,2026-04-11
Jablonec,3.94,0.9,3.04,3.78,0.64,3.14,0.16,0.26,-0.1,3.94,0.9,3.04,4,1,3,-0.04,44.1,45.72,44.58,0.89,0.34,118,10,10,11,11.24,32.35,11.59,0,4,21,4,18,63.8,48.85,51.13,60.54,117.9,60.91,1,Jablonec 4-1 Baník Ostrava,2026-04-11
Karviná,1.37,2.42,-1.05,1.29,2.25,-0.96,0.08,0.17,-0.09,1.37,2.42,-1.05,0,2,-2,-0.95,41.8,45.99,42.53,0.44,0.58,134,6,13,17,29.55,29.31,15.73,6,8,14,5,11,59.8,33.84,75.73,68.76,94.23,38.93,0,Sparta Praha 2-0 Karviná,2026-04-05
Sparta Praha,2.42,1.37,1.05,2.25,1.29,0.96,0.17,0.08,0.09,2.42,1.37,1.05,2,0,2,0.95,58.2,54.01,43.69,0.58,0.44,198,11,17,13,29.31,29.55,9.09,8,6,21,14,7,116.9,66.16,34.4,31.24,147.8,61.07,4,Sparta Praha 2-0 Karviná,2026-04-05
Slavia Praha,2.78,1.19,1.59,1.72,0.34,1.38,0.3,0.09,0.21,2.02,0.43,1.59,2,0,2,0.41,58.5,50.38,46.66,0.53,0.18,152,16,14,8,26.42,44.44,6.43,4,6,33,13,15,77.8,56.71,6.13,7.57,54.8,49.21,2,Baník Ostrava 0-2 Slavia Praha,2026-04-05
Baník Ostrava,1.19,2.78,-1.59,0.34,1.72,-1.38,0.09,0.3,-0.21,0.43,2.02,-1.59,0,2,-2,-0.41,41.5,49.62,51.85,0.18,0.53,147,7,8,14,44.44,26.42,11.27,6,4,15,3,14,59.4,43.29,74.8,92.43,56.57,50.79,4,Baník Ostrava 0-2 Slavia Praha,2026-04-05
Bohemians 1905,1.25,1.1,0.15,1.21,1.1,0.11,0.04,0.0,0.04,1.25,1.1,0.15,0,2,-2,-2.15,46.9,50.67,51.93,0.81,0.66,224,15,12,7,14.81,10.61,10.18,8,3,23,4,15,92.7,53.21,67.2,65.97,101.77,49.0,4,Hradec Králové 2-0 Bohemians 1905,2026-04-05
Hradec Králové,1.1,1.25,-0.15,1.1,1.21,-0.11,0.0,0.04,-0.04,1.1,1.25,-0.15,2,0,2,2.15,53.1,49.33,48.39,0.66,0.81,222,10,7,12,10.61,14.81,11.04,3,8,14,0,6,81.5,46.79,34.67,34.03,105.93,51.0,0,Hradec Králové 2-0 Bohemians 1905,2026-04-05
Teplice,1.01,3.69,-2.68,1.0,2.47,-1.47,0.01,0.45,-0.44,1.01,2.93,-1.92,2,2,0,2.68,30.6,28.16,40.54,0.2,1.07,91,3,8,30,40.0,28.04,17.96,0,2,9,1,17,22.3,9.25,145.0,99.81,49.9,32.9,0,Viktoria Plzeň 2-2 Teplice,2026-04-04
Viktoria Plzeň,3.69,1.01,2.68,2.47,1.0,1.47,0.45,0.01,0.44,2.93,1.01,1.92,2,2,0,-2.68,69.4,71.84,49.4,1.07,0.2,297,14,30,8,28.04,40.0,9.16,2,0,26,9,8,218.9,90.75,0.27,0.19,101.77,67.1,1,Viktoria Plzeň 2-2 Teplice,2026-04-04
Jablonec,2.43,0.55,1.88,2.02,0.55,1.47,0.41,0.0,0.41,2.43,0.55,1.88,3,0,3,1.12,47.7,51.62,49.84,0.88,0.25,154,11,13,11,14.77,44.0,6.93,3,2,33,12,22,105.6,68.97,63.0,79.68,185.5,90.94,0,Zlín 0-3 Jablonec,2026-04-04
Zlín,0.55,2.43,-1.88,0.55,2.02,-1.47,0.0,0.41,-0.41,0.55,2.43,-1.88,0,3,-3,-1.12,52.3,48.38,46.95,0.25,0.88,164,5,11,13,44.0,14.77,5.71,2,3,17,4,20,47.5,31.03,16.07,20.32,18.47,9.06,1,Zlín 0-3 Jablonec,2026-04-04
Slovácko,0.3,1.83,-1.53,0.26,1.71,-1.45,0.03,0.12,-0.09,0.3,1.83,-1.53,1,2,-1,0.53,42.2,45.91,45.87,0.25,0.97,149,6,5,20,20.0,20.62,12.7,6,8,8,3,17,54.7,28.45,67.6,72.01,60.97,35.2,0,Slovan Liberec 2-1 Slovácko,2026-04-04
Slovan Liberec,1.83,0.3,1.53,1.71,0.26,1.45,0.12,0.03,0.09,1.83,0.3,1.53,2,1,1,-0.53,57.8,54.09,45.75,0.97,0.25,206,20,20,5,20.62,20.0,6.33,8,6,21,5,13,137.6,71.55,26.27,27.99,112.23,64.8,2,Slovan Liberec 2-1 Slovácko,2026-04-04
Mladá Boleslav,2.59,1.08,1.51,2.42,0.67,1.75,0.17,0.41,-0.24,2.59,1.08,1.51,4,2,2,0.49,44.5,44.53,49.02,0.7,0.44,195,11,16,12,22.86,27.27,12.82,1,9,14,7,19,112.0,47.9,62.8,77.53,143.23,75.12,1,Sigma Olomouc 2-4 Mladá Boleslav,2026-04-04
Sigma Olomouc,1.08,2.59,-1.51,0.67,2.42,-1.75,0.41,0.17,0.24,1.08,2.59,-1.51,2,4,-2,-0.49,55.5,55.47,49.81,0.44,0.7,249,11,12,16,27.27,22.86,7.33,9,1,32,9,12,121.8,52.1,18.2,22.47,47.43,24.88,2,Sigma Olomouc 2-4 Mladá Boleslav,2026-04-04
Pardubice,1.36,1.06,0.3,0.65,1.06,-0.41,0.71,0.0,0.71,1.36,1.06,0.3,2,0,2,1.7,48.8,52.23,49.33,0.7,1.14,169,16,12,8,17.14,7.02,10.18,4,2,22,7,18,95.0,55.65,65.67,72.16,116.17,72.97,1,Dukla Praha 0-2 Pardubice,2026-04-04
Dukla Praha,1.06,1.36,-0.3,1.06,0.65,0.41,0.0,0.71,-0.71,1.06,1.36,-0.3,0,2,-2,-1.7,51.2,47.77,44.07,1.14,0.7,152,9,8,12,7.02,17.14,7.22,2,4,14,4,14,75.7,44.35,25.33,27.84,43.03,27.03,0,Dukla Praha 0-2 Pardubice,2026-04-04
Slovácko,1.64,4.09,-2.45,1.64,3.9,-2.26,0.0,0.19,-0.19,1.64,4.09,-2.45,2,5,-3,-0.55,42.7,45.56,46.1,0.43,1.75,173,10,15,18,34.88,10.29,13.97,4,3,5,1,8,87.5,37.73,61.93,65.88,78.93,32.95,0,Sparta Praha 5-2 Slovácko,2026-03-15
Sparta Praha,4.09,1.64,2.45,3.9,1.64,2.26,0.19,0.0,0.19,4.09,1.64,2.45,5,2,3,0.55,57.3,54.44,43.77,1.75,0.43,178,21,18,15,10.29,34.88,13.46,3,4,16,4,8,144.4,62.27,32.07,34.12,160.61,67.05,1,Sparta Praha 5-2 Slovácko,2026-03-15
Karviná,1.36,3.91,-2.55,1.08,3.83,-2.75,0.28,0.09,0.19,1.36,3.91,-2.55,2,2,0,2.55,36.7,40.0,42.71,0.72,1.6,110,9,9,18,12.5,11.25,14.73,9,10,14,2,7,62.1,29.56,104.53,94.51,111.93,61.4,2,Sigma Olomouc 2-2 Karviná,2026-03-15
Sigma Olomouc,3.91,1.36,2.55,3.83,1.08,2.75,0.09,0.28,-0.19,3.91,1.36,2.55,2,2,0,-2.55,63.3,60.0,43.75,1.6,0.72,202,17,18,9,11.25,12.5,8.0,10,9,30,4,12,148.0,70.44,6.07,5.49,70.37,38.6,2,Sigma Olomouc 2-2 Karviná,2026-03-15
Bohemians 1905,1.04,3.43,-2.39,0.88,2.44,-1.56,0.15,0.23,-0.08,1.04,2.67,-1.63,0,2,-2,0.39,41.4,57.95,50.06,1.2,0.79,184,15,7,19,5.83,24.05,14.63,2,2,18,4,12,74.5,40.53,93.4,89.12,100.33,48.3,2,Viktoria Plzeň 2-0 Bohemians 1905,2026-03-15
Viktoria Plzeň,3.43,1.04,2.39,2.44,0.88,1.56,0.23,0.15,0.08,2.67,1.04,1.63,2,0,2,-0.39,58.6,42.05,43.94,0.79,1.2,188,17,19,7,24.05,5.83,11.08,2,2,18,8,9,109.3,59.47,11.4,10.88,107.4,51.7,1,Viktoria Plzeň 2-0 Bohemians 1905,2026-03-15
Teplice,0.68,1.6,-0.92,0.68,0.67,0.01,0.0,0.17,-0.17,0.68,0.84,-0.16,1,1,0,0.92,44.5,45.29,43.91,0.3,0.83,120,7,9,16,30.0,19.28,7.93,5,6,16,4,23,40.4,25.41,46.0,68.38,43.3,33.16,2,Slovan Liberec 1-1 Teplice,2026-03-15
Slovan Liberec,1.6,0.68,0.92,0.67,0.68,-0.01,0.17,0.0,0.17,0.84,0.68,0.16,1,1,0,-0.92,55.5,54.71,44.81,0.83,0.3,151,10,16,9,19.28,30.0,6.0,6,5,22,6,16,118.6,74.59,21.27,31.62,87.27,66.84,2,Slovan Liberec 1-1 Teplice,2026-03-15
Slavia Praha,3.18,2.54,0.64,2.03,2.5,-0.47,1.16,0.05,1.11,3.18,2.54,0.64,3,1,2,1.36,65.8,67.92,50.49,1.55,0.75,245,25,22,6,14.19,8.0,6.0,8,4,23,6,7,183.3,82.75,3.93,3.83,133.07,69.16,6,Zlín 1-3 Slavia Praha,2026-03-14
Zlín,2.54,3.18,-0.64,2.5,2.03,0.47,0.05,1.16,-1.11,2.54,3.18,-0.64,1,3,-2,-1.36,34.2,32.08,44.71,0.75,1.55,95,6,6,22,8.0,14.19,13.78,4,8,10,3,15,38.2,17.25,98.6,96.17,59.33,30.84,3,Zlín 1-3 Slavia Praha,2026-03-14
Pardubice,0.7,1.66,-0.96,0.48,1.66,-1.18,0.21,0.0,0.21,0.7,1.66,-0.96,0,2,-2,-1.04,48.5,57.6,48.02,0.67,0.67,210,14,11,10,16.42,14.93,9.93,7,2,23,5,14,83.0,55.37,97.73,82.96,101.6,60.94,4,Mladá Boleslav 2-0 Pardubice,2026-03-14
Mladá Boleslav,1.66,0.7,0.96,1.66,0.48,1.18,0.0,0.21,-0.21,1.66,0.7,0.96,2,0,2,1.04,51.5,42.4,38.47,0.67,0.67,144,7,10,11,14.93,16.42,14.65,2,7,3,1,11,66.9,44.63,20.07,17.04,65.13,39.06,0,Mladá Boleslav 2-0 Pardubice,2026-03-14
Jablonec,2.32,1.91,0.41,1.16,1.69,-0.53,1.16,0.23,0.93,2.32,1.91,0.41,0,2,-2,-2.41,61.7,68.67,49.79,0.69,0.38,252,23,20,10,28.99,26.32,7.5,7,1,37,13,11,174.9,82.54,7.33,10.12,110.8,55.08,3,Dukla Praha 2-0 Jablonec,2026-03-14
Dukla Praha,1.91,2.32,-0.41,1.69,1.16,0.53,0.23,1.16,-0.93,1.91,2.32,-0.41,2,0,2,2.41,38.3,31.33,43.77,0.38,0.69,113,9,10,20,26.32,28.99,17.19,1,7,10,2,13,37.0,17.46,65.13,89.88,90.37,44.92,1,Dukla Praha 2-0 Jablonec,2026-03-14
Baník Ostrava,1.23,1.33,-0.1,1.11,1.27,-0.16,0.12,0.06,0.06,1.23,1.33,-0.1,0,1,-1,-0.9,55.2,66.2,48.51,0.77,0.65,236,10,12,6,15.58,9.23,13.44,6,1,22,5,10,133.3,78.0,39.2,39.97,105.4,74.82,2,Hradec Králové 1-0 Baník Ostrava,2026-03-14
Hradec Králové,1.33,1.23,0.1,1.27,1.11,0.16,0.06,0.12,-0.06,1.33,1.23,0.1,1,0,1,0.9,44.8,33.8,39.98,0.65,0.77,115,8,6,12,9.23,15.58,14.37,1,6,13,4,7,37.6,22.0,58.87,60.03,35.47,25.18,0,Hradec Králové 1-0 Baník Ostrava,2026-03-14
Sparta Praha,1.54,3.01,-1.47,1.54,1.22,0.32,0.0,1.03,-1.03,1.54,2.25,-0.71,1,3,-2,-0.53,46.4,39.18,45.06,0.5,0.89,127,10,6,15,12.0,16.85,8.5,3,4,13,2,17,44.3,23.7,36.13,59.23,39.0,23.7,2,Slavia Praha 3-1 Sparta Praha,2026-03-08
Slavia Praha,3.01,1.54,1.47,1.22,1.54,-0.32,1.03,0.0,1.03,2.25,1.54,0.71,3,1,2,0.53,53.6,60.82,48.29,0.89,0.5,157,22,15,6,16.85,12.0,7.31,4,3,25,7,13,142.6,76.3,24.87,40.77,125.53,76.3,6,Slavia Praha 3-1 Sparta Praha,2026-03-08
Pardubice,1.49,2.27,-0.78,1.25,1.48,-0.23,0.23,0.03,0.2,1.49,1.51,-0.02,2,1,1,1.78,37.1,44.25,47.79,0.6,0.78,126,8,8,13,13.33,16.67,13.69,6,3,14,3,15,59.1,39.14,100.67,92.7,137.13,74.27,2,Karviná 1-2 Pardubice,2026-03-08
Karviná,2.27,1.49,0.78,1.48,1.25,0.23,0.03,0.23,-0.2,1.51,1.49,0.02,1,2,-1,-1.78,62.9,55.75,45.09,0.78,0.6,190,18,13,8,16.67,13.33,6.83,3,6,33,9,12,91.9,60.86,7.93,7.3,47.5,25.73,0,Karviná 1-2 Pardubice,2026-03-08
Viktoria Plzeň,2.18,0.69,1.49,2.18,0.64,1.54,0.0,0.04,-0.04,2.18,0.69,1.49,3,0,3,1.51,51.2,50.45,47.5,0.95,1.48,200,13,22,12,23.16,8.11,13.61,3,6,20,6,7,105.6,63.61,27.13,42.22,136.6,80.54,1,Hradec Králové 0-3 Viktoria Plzeň,2026-03-08
Hradec Králové,0.69,2.18,-1.49,0.64,2.18,-1.54,0.04,0.0,0.04,0.69,2.18,-1.49,0,3,-3,-1.51,48.8,49.55,46.52,1.48,0.95,187,13,12,22,8.11,23.16,17.68,6,3,21,8,5,60.4,36.39,37.13,57.78,33.0,19.46,1,Hradec Králové 0-3 Viktoria Plzeň,2026-03-08
Zlín,1.71,3.27,-1.56,1.59,2.53,-0.94,0.12,0.74,-0.62,1.71,3.27,-1.56,2,6,-4,-2.44,43.0,44.61,46.52,0.65,0.7,142,9,13,13,20.0,18.57,11.13,4,2,21,3,7,69.8,39.64,66.87,82.41,38.13,14.99,5,Baník Ostrava 6-2 Zlín,2026-03-08
Baník Ostrava,3.27,1.71,1.56,2.53,1.59,0.94,0.74,0.12,0.62,3.27,1.71,1.56,6,2,4,2.44,57.0,55.39,43.53,0.7,0.65,172,14,13,13,18.57,20.0,12.38,2,4,17,5,10,106.3,60.36,14.27,17.59,216.24,85.01,4,Baník Ostrava 6-2 Zlín,2026-03-08
Sigma Olomouc,1.38,1.78,-0.4,0.98,0.97,0.01,0.39,0.05,0.34,1.38,1.02,0.36,2,1,1,1.4,43.1,45.45,49.08,0.51,0.89,158,8,9,10,17.65,11.24,13.79,1,2,23,4,16,59.7,38.57,64.67,73.93,98.2,53.95,0,Jablonec 1-2 Sigma Olomouc,2026-03-07
Jablonec,1.78,1.38,0.4,0.97,0.98,-0.01,0.05,0.39,-0.34,1.02,1.38,-0.36,1,2,-1,-1.4,56.9,54.55,47.87,0.89,0.51,188,16,10,9,11.24,17.65,7.73,2,1,34,6,15,95.1,61.43,22.8,26.07,83.83,46.05,5,Jablonec 1-2 Sigma Olomouc,2026-03-07
Mladá Boleslav,1.91,2.94,-1.03,1.84,2.83,-0.99,0.06,0.11,-0.05,1.91,2.94,-1.03,2,2,0,1.03,40.6,41.44,49.82,0.79,1.07,168,19,15,23,18.99,21.5,12.06,8,7,17,9,12,80.3,29.13,75.8,92.59,104.23,40.58,0,Slovácko 2-2 Mladá Boleslav,2026-03-07
Slovácko,2.94,1.91,1.03,2.83,1.84,0.99,0.11,0.06,0.05,2.94,1.91,1.03,2,2,0,-1.03,59.4,58.56,49.97,1.07,0.79,265,21,23,15,21.5,18.99,7.38,7,8,14,4,10,195.4,70.87,6.07,7.41,152.6,59.42,0,Slovácko 2-2 Mladá Boleslav,2026-03-07
Slovan Liberec,1.39,1.08,0.31,1.29,0.84,0.45,0.1,0.25,-0.15,1.39,1.08,0.31,0,0,0,-0.31,58.8,52.27,44.03,0.96,0.42,152,13,16,8,16.67,19.05,6.76,2,4,23,8,12,72.8,62.98,9.73,15.95,52.5,45.05,6,Bohemians 1905 0-0 Slovan Liberec,2026-03-07
Bohemians 1905,1.08,1.39,-0.31,0.84,1.29,-0.45,0.25,0.1,0.15,1.08,1.39,-0.31,0,0,0,0.31,41.2,47.73,49.03,0.42,0.96,115,15,8,16,19.05,16.67,10.36,4,2,12,5,17,42.8,37.02,51.27,84.05,64.03,54.95,4,Bohemians 1905 0-0 Slovan Liberec,2026-03-07
Dukla Praha,1.31,1.16,0.15,1.04,0.87,0.17,0.27,0.29,-0.02,1.31,1.16,0.15,0,0,0,-0.15,43.1,41.95,45.43,0.5,0.4,146,7,13,11,26.0,27.5,7.45,5,4,23,6,18,59.4,47.41,47.6,78.81,79.23,60.87,0,Teplice 0-0 Dukla Praha,2026-03-07
Teplice,1.16,1.31,-0.15,0.87,1.04,-0.17,0.29,0.27,0.02,1.16,1.31,-0.15,0,0,0,0.15,56.9,58.05,47.23,0.4,0.5,183,10,11,13,27.5,26.0,6.39,4,5,20,5,14,65.9,52.59,12.8,21.19,50.93,39.13,2,Teplice 0-0 Dukla Praha,2026-03-07
Bohemians 1905,1.98,0.44,1.54,1.25,0.44,0.81,0.73,0.0,0.73,1.98,0.44,1.54,0,1,-1,-2.54,50.0,57.88,51.93,0.54,0.56,222,12,16,7,29.63,12.5,11.52,5,3,28,5,14,135.8,71.59,44.27,64.47,141.67,69.52,4,Sigma Olomouc 1-0 Bohemians 1905,2026-03-01
Sigma Olomouc,0.44,1.98,-1.54,0.44,1.25,-0.81,0.0,0.73,-0.73,0.44,1.98,-1.54,1,0,1,2.54,50.0,42.12,42.5,0.56,0.54,142,12,7,16,12.5,29.63,13.0,3,5,15,2,6,53.9,28.41,24.4,35.53,62.1,30.48,0,Sigma Olomouc 1-0 Bohemians 1905,2026-03-01
Viktoria Plzeň,1.58,1.58,0.0,1.56,1.39,0.17,0.02,0.2,-0.18,1.58,1.58,0.0,0,3,-3,-3.0,71.6,72.47,52.95,1.1,0.11,328,16,15,9,13.64,81.82,5.36,7,3,30,4,12,219.2,93.92,2.4,1.81,105.12,66.79,1,Zlín 3-0 Viktoria Plzeň,2026-03-01
Zlín,1.58,1.58,0.0,1.39,1.56,-0.17,0.2,0.02,0.18,1.58,1.58,0.0,3,0,3,3.0,28.4,27.53,41.68,0.11,1.1,77,3,9,15,81.82,13.64,18.22,3,7,10,3,16,14.2,6.08,130.53,98.19,52.26,33.21,4,Zlín 3-0 Viktoria Plzeň,2026-03-01
Slovácko,1.64,1.39,0.25,1.34,1.28,0.06,0.3,0.11,0.19,1.64,1.39,0.25,2,0,2,1.75,40.3,36.4,45.77,0.23,1.11,138,8,10,15,43.48,13.51,14.0,5,2,6,4,10,52.8,29.19,105.33,97.41,102.07,68.5,0,Karviná 0-2 Slovácko,2026-03-01
Karviná,1.39,1.64,-0.25,1.28,1.34,-0.06,0.11,0.3,-0.19,1.39,1.64,-0.25,0,2,-2,-1.75,59.7,63.6,44.37,1.11,0.23,197,16,15,10,13.51,43.48,9.13,2,5,20,7,16,128.1,70.81,2.8,2.59,46.93,31.5,1,Karviná 0-2 Slovácko,2026-03-01
Baník Ostrava,0.54,3.92,-3.38,0.53,2.71,-2.18,0.01,0.45,-0.44,0.54,3.16,-2.62,2,5,-3,0.38,36.5,39.92,46.18,0.53,1.78,127,8,7,19,13.21,10.67,11.1,3,3,9,3,18,44.7,23.34,103.07,89.94,31.42,11.63,0,Sparta Praha 5-2 Baník Ostrava,2026-02-28
Sparta Praha,3.92,0.54,3.38,2.71,0.53,2.18,0.45,0.01,0.44,3.16,0.54,2.62,5,2,3,-0.38,63.5,60.08,43.58,1.78,0.53,187,19,19,7,10.67,13.21,9.68,3,3,21,5,11,146.8,76.66,11.53,10.06,238.74,88.37,3,Sparta Praha 5-2 Baník Ostrava,2026-02-28
Jablonec,1.13,1.4,-0.27,0.9,1.38,-0.48,0.23,0.02,0.21,1.13,1.4,-0.27,0,3,-3,-2.73,52.9,56.42,49.02,0.7,0.4,241,17,16,10,22.86,25.0,12.18,7,4,30,5,15,148.6,66.85,40.33,40.31,151.93,57.07,3,Mladá Boleslav 3-0 Jablonec,2026-02-28
Mladá Boleslav,1.4,1.13,0.27,1.38,0.9,0.48,0.02,0.23,-0.21,1.4,1.13,0.27,3,0,3,2.73,47.1,43.58,45.71,0.4,0.7,182,8,10,16,25.0,22.86,15.43,4,7,8,2,7,73.7,33.15,59.73,59.69,114.3,42.93,0,Mladá Boleslav 3-0 Jablonec,2026-02-28
Teplice,2.06,1.82,0.24,1.07,1.4,-0.33,0.23,0.42,-0.19,1.3,1.82,-0.52,1,1,0,-0.24,35.8,33.99,46.53,0.35,0.72,109,9,10,13,28.57,18.06,10.14,6,2,9,2,17,44.0,23.31,74.53,81.19,64.67,41.49,1,Pardubice 1-1 Teplice,2026-02-28
Pardubice,1.82,2.06,-0.24,1.4,1.07,0.33,0.42,0.23,0.19,1.82,1.3,0.52,1,1,0,0.24,64.2,66.01,48.65,0.72,0.35,223,16,13,10,18.06,28.57,6.84,2,6,20,6,11,144.8,76.69,17.27,18.81,91.2,58.51,3,Pardubice 1-1 Teplice,2026-02-28
Hradec Králové,0.52,0.53,-0.01,0.49,0.42,0.07,0.03,0.11,-0.08,0.52,0.53,-0.01,1,0,1,1.01,45.1,44.44,48.05,0.48,0.65,173,8,7,9,14.58,13.85,12.41,4,5,22,6,13,61.0,41.44,64.53,66.8,92.1,61.02,2,Slovan Liberec 0-1 Hradec Králové,2026-02-28
Slovan Liberec,0.53,0.52,0.01,0.42,0.49,-0.07,0.11,0.03,0.08,0.53,0.52,0.01,0,1,-1,-1.01,54.9,55.56,46.19,0.65,0.48,198,13,9,7,13.85,14.58,8.85,5,4,29,8,12,86.2,58.56,32.07,33.2,58.83,38.98,5,Slovan Liberec 0-1 Hradec Králové,2026-02-28
Slavia Praha,2.14,1.09,1.05,1.13,0.69,0.44,0.25,0.41,-0.16,1.38,1.09,0.29,2,0,2,0.95,57.9,55.74,42.79,0.67,0.78,180,14,10,8,14.93,10.26,10.14,2,6,16,4,12,102.7,63.95,18.33,16.92,84.8,61.11,1,Dukla Praha 0-2 Slavia Praha,2026-02-27
Dukla Praha,1.09,2.14,-1.05,0.69,1.13,-0.44,0.41,0.25,0.16,1.09,1.38,-0.29,0,2,-2,-0.95,42.1,44.26,46.57,0.78,0.67,157,12,8,10,10.26,14.93,13.69,6,2,15,4,12,57.9,36.05,90.0,83.08,53.97,38.89,3,Dukla Praha 0-2 Slavia Praha,2026-02-27
Sparta Praha,1.14,2.58,-1.44,0.49,1.47,-0.98,0.65,0.34,0.31,1.14,1.82,-0.68,0,0,0,1.44,54.0,39.11,40.09,0.29,0.43,134,12,11,21,37.93,48.84,8.81,2,9,12,6,13,67.0,35.12,6.4,8.6,63.7,25.92,1,Viktoria Plzeň 0-0 Sparta Praha,2026-02-22
Viktoria Plzeň,2.58,1.14,1.44,1.47,0.49,0.98,0.34,0.65,-0.31,1.82,1.14,0.68,0,0,0,-1.44,46.0,60.89,49.78,0.43,0.29,174,14,21,11,48.84,37.93,7.2,9,2,26,10,15,123.8,64.88,68.0,91.4,182.1,74.08,3,Viktoria Plzeň 0-0 Sparta Praha,2026-02-22
Sigma Olomouc,1.75,0.91,0.84,1.73,0.77,0.96,0.02,0.14,-0.12,1.75,0.91,0.84,3,1,2,1.16,48.1,43.12,46.0,0.55,0.87,136,4,11,20,20.0,22.99,7.44,4,4,25,4,17,67.8,37.73,23.6,47.51,89.13,72.21,0,Teplice 1-3 Sigma Olomouc,2026-02-22
Teplice,0.91,1.75,-0.84,0.77,1.73,-0.96,0.14,0.02,0.12,0.91,1.75,-0.84,1,3,-2,-1.16,51.9,56.88,48.84,0.87,0.55,184,12,20,11,22.99,20.0,9.35,4,4,30,8,13,111.9,62.27,26.07,52.49,34.3,27.79,2,Teplice 1-3 Sigma Olomouc,2026-02-22
Mladá Boleslav,0.85,1.72,-0.87,0.83,0.95,-0.12,0.02,0.77,-0.75,0.85,1.72,-0.87,0,0,0,0.87,51.7,49.08,49.71,0.46,0.69,228,12,11,16,23.91,23.19,10.53,2,3,14,3,11,102.5,50.82,43.53,66.76,100.4,57.17,2,Baník Ostrava 0-0 Mladá Boleslav,2026-02-22
Baník Ostrava,1.72,0.85,0.87,0.95,0.83,0.12,0.77,0.02,0.75,1.72,0.85,0.87,0,0,0,-0.87,48.3,50.92,48.64,0.69,0.46,199,15,16,11,23.19,23.91,9.68,3,2,27,8,16,99.2,49.18,21.67,33.24,75.23,42.83,0,Baník Ostrava 0-0 Mladá Boleslav,2026-02-22
Dukla Praha,0.24,2.34,-2.1,0.22,1.39,-1.17,0.02,0.2,-0.18,0.24,1.58,-1.34,0,1,-1,1.1,47.2,26.63,40.93,0.14,0.54,109,2,5,16,35.71,29.63,15.8,1,11,12,4,8,15.6,6.32,19.67,24.77,5.6,1.93,1,Bohemians 1905 1-0 Dukla Praha,2026-02-22
Bohemians 1905,2.34,0.24,2.1,1.39,0.22,1.17,0.2,0.02,0.18,1.58,0.24,1.34,1,0,1,-1.1,52.8,73.37,57.42,0.54,0.14,256,15,16,5,29.63,35.71,11.68,11,1,30,10,8,231.2,93.68,59.73,75.23,284.07,98.07,3,Bohemians 1905 1-0 Dukla Praha,2026-02-22
Slovan Liberec,0.41,2.7,-2.29,0.27,1.62,-1.35,0.15,0.31,-0.16,0.41,1.94,-1.53,0,1,-1,1.29,46.6,44.13,46.86,0.58,0.79,121,12,9,16,15.52,20.25,8.0,2,5,15,5,18,82.1,36.87,44.53,70.39,78.47,39.89,3,Slavia Praha 1-0 Slovan Liberec,2026-02-21
Slavia Praha,2.7,0.41,2.29,1.62,0.27,1.35,0.31,0.15,0.16,1.94,0.41,1.53,1,0,1,-1.29,53.4,55.87,48.82,0.79,0.58,169,18,16,9,20.25,15.52,6.3,5,2,29,12,16,140.6,63.13,18.73,29.61,118.27,60.11,7,Slavia Praha 1-0 Slovan Liberec,2026-02-21
Pardubice,2.03,1.43,0.6,1.91,1.41,0.5,0.12,0.02,0.1,2.03,1.43,0.6,0,2,-2,-2.6,58.9,55.81,47.5,1.35,0.27,227,19,18,9,13.33,33.33,9.48,5,2,33,6,13,148.5,68.12,9.47,9.7,106.53,44.61,0,Slovácko 2-0 Pardubice,2026-02-21
Slovácko,1.43,2.03,-0.6,1.41,1.91,-0.5,0.02,0.12,-0.1,1.43,2.03,-0.6,2,0,2,2.6,41.1,44.19,50.54,0.27,1.35,195,7,9,18,33.33,13.33,12.32,2,5,9,4,8,69.5,31.88,88.2,90.3,132.27,55.39,1,Slovácko 2-0 Pardubice,2026-02-21
Karviná,1.28,1.82,-0.54,1.04,1.58,-0.54,0.25,0.24,0.01,1.28,1.82,-0.54,0,1,-1,-0.46,54.8,58.89,47.75,0.52,0.84,198,12,18,15,34.62,17.86,8.53,7,5,22,8,11,98.8,59.16,21.8,23.68,78.7,42.48,0,Jablonec 1-0 Karviná,2026-02-21
Jablonec,1.82,1.28,0.54,1.58,1.04,0.54,0.24,0.25,-0.01,1.82,1.28,0.54,1,0,1,0.46,45.2,41.11,45.77,0.84,0.52,150,16,15,18,17.86,34.62,8.41,5,7,19,8,12,68.2,40.84,70.27,76.32,106.57,57.52,0,Jablonec 1-0 Karviná,2026-02-21
Zlín,0.58,0.6,-0.02,0.58,0.58,0.0,0.0,0.02,-0.02,0.58,0.6,-0.02,0,0,0,0.02,34.7,31.09,43.11,0.29,1.04,110,4,7,10,24.14,9.62,12.13,5,3,11,3,15,11.8,7.07,77.4,81.36,28.53,20.26,3,Hradec Králové 0-0 Zlín,2026-02-21
Hradec Králové,0.6,0.58,0.02,0.58,0.58,0.0,0.02,0.0,0.02,0.6,0.58,0.02,0,0,0,-0.02,65.3,68.91,52.56,1.04,0.29,291,13,10,7,9.62,24.14,7.57,3,5,32,5,11,155.2,92.93,17.73,18.64,112.27,79.74,4,Hradec Králové 0-0 Zlín,2026-02-21
Hradec Králové,1.16,2.33,-1.17,1.09,1.28,-0.19,0.07,0.29,-0.22,1.16,1.57,-0.41,0,2,-2,-0.83,38.1,37.06,44.27,0.23,1.03,155,4,11,14,47.83,13.59,18.36,2,6,10,2,8,58.5,27.8,122.07,81.52,65.23,28.77,1,Sparta Praha 2-0 Hradec Králové,2026-02-15
Sparta Praha,2.33,1.16,1.17,1.28,1.09,0.19,0.29,0.07,0.22,1.57,1.16,0.41,2,0,2,0.83,61.9,62.94,46.07,1.03,0.23,251,19,14,11,13.59,47.83,9.97,6,2,18,6,12,151.9,72.2,27.67,18.48,161.47,71.23,1,Sparta Praha 2-0 Hradec Králové,2026-02-15
Teplice,1.16,0.34,0.82,0.65,0.21,0.44,0.51,0.13,0.38,1.16,0.34,0.82,0,0,0,-0.82,39.1,42.95,45.03,0.25,0.47,150,8,12,8,48.0,17.02,9.95,7,3,16,4,19,79.1,44.59,80.13,85.06,112.97,63.09,2,Mladá Boleslav 0-0 Teplice,2026-02-15
Mladá Boleslav,0.34,1.16,-0.82,0.21,0.65,-0.44,0.13,0.51,-0.38,0.34,1.16,-0.82,0,0,0,0.82,60.9,57.05,46.98,0.47,0.25,229,14,8,12,17.02,48.0,6.87,3,7,18,3,15,98.3,55.41,14.07,14.94,66.1,36.91,2,Mladá Boleslav 0-0 Teplice,2026-02-15
Baník Ostrava,1.23,2.1,-0.87,1.18,2.01,-0.83,0.04,0.09,-0.05,1.23,2.1,-0.87,0,1,-1,-0.13,56.3,51.41,43.54,0.88,0.9,174,15,12,15,13.64,16.67,8.87,4,6,14,3,12,88.1,49.22,14.8,15.74,62.0,30.51,0,Slovan Liberec 1-0 Baník Ostrava,2026-02-15
Slovan Liberec,2.1,1.23,0.87,2.01,1.18,0.83,0.09,0.04,0.05,2.1,1.23,0.87,1,0,1,0.13,43.7,48.59,45.87,0.9,0.88,154,10,15,12,16.67,13.64,11.91,6,4,21,5,13,90.9,50.78,79.2,84.26,141.2,69.49,1,Slovan Liberec 1-0 Baník Ostrava,2026-02-15
Jablonec,1.23,1.88,-0.65,0.23,1.83,-1.6,1.0,0.05,0.95,1.23,1.88,-0.65,2,0,2,2.65,43.2,42.41,43.4,0.21,0.7,140,7,12,14,57.14,20.0,11.12,3,6,16,6,6,80.9,43.47,45.4,54.92,99.47,49.07,1,Pardubice 0-2 Jablonec,2026-02-15
Pardubice,1.88,1.23,0.65,1.83,0.23,1.6,0.05,1.0,-0.95,1.88,1.23,0.65,0,2,-2,-2.65,56.8,57.59,48.95,0.7,0.21,225,15,14,12,20.0,57.14,10.17,6,3,20,10,15,105.2,56.53,37.27,45.08,103.23,50.93,2,Pardubice 0-2 Jablonec,2026-02-15
Viktoria Plzeň,1.1,0.91,0.19,0.71,0.81,-0.1,0.4,0.1,0.3,1.1,0.91,0.19,2,1,1,0.81,54.2,57.59,47.31,0.49,0.95,191,12,16,13,32.65,13.68,7.21,3,6,18,5,15,133.7,73.83,20.07,23.18,110.17,67.1,1,Sigma Olomouc 1-2 Viktoria Plzeň,2026-02-14
Sigma Olomouc,0.91,1.1,-0.19,0.81,0.71,0.1,0.1,0.4,-0.3,0.91,1.1,-0.19,1,2,-1,-0.81,45.8,42.41,46.89,0.95,0.49,156,11,13,16,13.68,32.65,7.83,6,3,23,6,14,47.4,26.17,66.53,76.82,54.03,32.9,3,Sigma Olomouc 1-2 Viktoria Plzeň,2026-02-14
Slavia Praha,2.08,1.32,0.76,1.76,1.04,0.72,0.32,0.28,0.04,2.08,1.32,0.76,3,1,2,1.24,51.5,56.36,49.77,1.02,0.74,193,26,21,11,20.59,14.86,9.87,3,3,26,10,13,159.1,66.74,47.47,74.32,188.17,83.16,4,Karviná 1-3 Slavia Praha,2026-02-14
Karviná,1.32,2.08,-0.76,1.04,1.76,-0.72,0.28,0.32,-0.04,1.32,2.08,-0.76,1,3,-2,-1.24,48.5,43.64,46.77,0.74,1.02,167,10,11,21,14.86,20.59,11.58,3,3,8,3,6,79.3,33.26,16.4,25.68,38.1,16.84,2,Karviná 1-3 Slavia Praha,2026-02-14
Bohemians 1905,2.22,0.68,1.54,1.95,0.56,1.39,0.27,0.12,0.15,2.22,0.68,1.54,2,1,1,-0.54,27.9,36.92,49.26,0.52,0.92,119,9,15,12,28.85,13.04,19.42,0,3,17,6,15,63.8,33.53,148.67,97.38,181.1,89.42,0,Slovácko 1-2 Bohemians 1905,2026-02-14
Slovácko,0.68,2.22,-1.54,0.56,1.95,-1.39,0.12,0.27,-0.15,0.68,2.22,-1.54,1,2,-1,0.54,72.1,63.08,48.61,0.92,0.52,324,12,12,15,13.04,28.85,7.7,3,0,14,7,8,126.5,66.47,4.0,2.62,21.43,10.58,0,Slovácko 1-2 Bohemians 1905,2026-02-14
Zlín,1.41,0.66,0.75,0.55,0.66,-0.11,0.1,0.0,0.1,0.65,0.66,-0.01,0,0,0,-0.75,39.9,39.72,44.06,0.86,0.87,120,6,9,10,10.47,11.49,13.0,2,3,18,6,13,37.7,22.86,53.13,83.11,54.33,34.86,2,Dukla Praha 0-0 Zlín,2026-02-14
Dukla Praha,0.66,1.41,-0.75,0.66,0.55,0.11,0.0,0.1,-0.1,0.66,0.65,0.01,0,0,0,0.75,60.1,60.28,50.33,0.87,0.86,207,16,10,9,11.49,10.47,6.84,3,2,21,4,15,127.2,77.14,10.8,16.89,101.5,65.14,1,Dukla Praha 0-0 Zlín,2026-02-14
Slovan Liberec,1.16,1.47,-0.31,0.84,1.18,-0.34,0.32,0.3,0.02,1.16,1.47,-0.31,1,3,-2,-1.69,39.8,46.64,47.1,0.97,0.61,144,15,16,17,16.49,27.87,13.5,4,3,22,5,14,59.9,33.84,108.33,93.12,89.07,46.45,0,Viktoria Plzeň 3-1 Slovan Liberec,2026-02-08
Viktoria Plzeň,1.47,1.16,0.31,1.18,0.84,0.34,0.3,0.32,-0.02,1.47,1.16,0.31,3,1,2,1.69,60.2,53.36,45.14,0.61,0.97,195,14,17,16,27.87,16.49,9.38,3,4,16,4,11,117.1,66.16,8.0,6.88,102.67,53.55,0,Viktoria Plzeň 3-1 Slovan Liberec,2026-02-08
Pardubice,1.82,1.53,0.29,1.8,1.1,0.7,0.02,0.43,-0.41,1.82,1.53,0.29,2,1,1,0.71,31.9,27.46,47.06,0.82,1.78,110,10,7,16,8.54,8.99,14.19,1,6,8,2,9,31.8,11.81,119.0,97.28,61.0,46.98,2,Bohemians 1905 1-2 Pardubice,2026-02-08
Bohemians 1905,1.53,1.82,-0.29,1.1,1.8,-0.7,0.43,0.02,0.41,1.53,1.82,-0.29,1,2,-1,-0.71,68.1,72.54,53.9,1.78,0.82,318,21,16,7,8.99,8.54,5.85,6,1,41,10,16,237.5,88.19,3.33,2.72,68.83,53.02,1,Bohemians 1905 1-2 Pardubice,2026-02-08
Sparta Praha,2.07,0.48,1.59,1.74,0.48,1.26,0.34,0.0,0.34,2.07,0.48,1.59,3,0,3,1.41,71.0,77.61,51.99,0.82,0.11,345,22,18,5,21.95,45.45,7.25,1,6,27,6,12,267.6,96.02,5.07,4.29,178.83,89.46,1,Zlín 0-3 Sparta Praha,2026-02-08
Zlín,0.48,2.07,-1.59,0.48,1.74,-1.26,0.0,0.34,-0.34,0.48,2.07,-1.59,0,3,-3,-1.41,29.0,22.39,44.81,0.11,0.82,119,0,5,18,45.45,21.95,15.26,6,1,3,1,10,11.1,3.98,113.2,95.71,21.07,10.54,1,Zlín 0-3 Sparta Praha,2026-02-08
Dukla Praha,2.43,2.86,-0.43,2.29,2.86,-0.57,0.14,0.0,0.14,2.43,2.86,-0.43,0,3,-3,-2.57,44.6,50.35,46.64,1.3,1.14,180,10,19,14,14.62,12.28,17.83,1,7,16,4,8,109.5,51.99,82.4,73.88,73.52,37.26,1,Hradec Králové 3-0 Dukla Praha,2026-02-08
Hradec Králové,2.86,2.43,0.43,2.86,2.29,0.57,0.0,0.14,-0.14,2.86,2.43,0.43,3,0,3,2.57,55.4,49.65,43.08,1.14,1.3,182,14,14,19,12.28,14.62,11.96,7,1,17,2,11,101.1,48.01,29.13,26.12,123.78,62.74,3,Hradec Králové 3-0 Dukla Praha,2026-02-08
Mladá Boleslav,0.35,4.04,-3.69,0.35,3.83,-3.48,0.0,0.21,-0.21,0.35,4.04,-3.69,0,4,-4,-0.31,39.6,28.27,43.38,0.18,2.1,123,4,8,20,44.44,9.52,10.26,1,8,5,0,8,20.2,8.1,41.6,63.22,14.63,3.5,1,Slavia Praha 4-0 Mladá Boleslav,2026-02-07
Slavia Praha,4.04,0.35,3.69,3.83,0.35,3.48,0.21,0.0,0.21,4.04,0.35,3.69,4,0,4,0.31,60.4,71.73,55.67,2.1,0.18,302,29,20,8,9.52,44.44,5.62,8,1,30,4,21,229.1,91.9,24.2,36.78,403.39,96.5,3,Slavia Praha 4-0 Mladá Boleslav,2026-02-07
Karviná,1.01,1.58,-0.57,0.41,1.48,-1.07,0.59,0.1,0.49,1.01,1.58,-0.57,0,2,-2,-1.43,57.3,53.09,44.48,0.3,0.99,170,5,6,14,20.0,14.14,8.45,8,8,16,4,9,96.4,50.63,31.33,31.99,60.43,27.7,0,Teplice 2-0 Karviná,2026-02-07
Teplice,1.58,1.01,0.57,1.48,0.41,1.07,0.1,0.59,-0.49,1.58,1.01,0.57,2,0,2,1.43,42.7,46.91,44.73,0.99,0.3,140,16,14,6,14.14,20.0,11.21,8,8,14,3,11,94.0,49.37,66.6,68.01,157.73,72.3,2,Teplice 2-0 Karviná,2026-02-07
Slovácko,1.31,0.55,0.76,1.29,0.29,1.0,0.02,0.26,-0.24,1.31,0.55,0.76,0,0,0,-0.76,52.1,60.96,51.2,0.58,0.64,255,10,15,6,25.86,9.38,9.56,2,1,11,8,12,121.3,79.02,58.0,53.9,138.83,77.06,0,Jablonec 0-0 Slovácko,2026-02-07
Jablonec,0.55,1.31,-0.76,0.29,1.29,-1.0,0.26,0.02,0.24,0.55,1.31,-0.76,0,0,0,0.76,47.9,39.04,42.96,0.64,0.58,158,18,6,15,9.38,25.86,10.24,1,2,25,5,14,32.2,20.98,49.6,46.1,41.33,22.94,4,Jablonec 0-0 Slovácko,2026-02-07
Sigma Olomouc,0.74,1.69,-0.95,0.57,1.59,-1.02,0.18,0.1,0.08,0.74,1.69,-0.95,0,2,-2,-1.05,60.0,61.75,44.89,0.58,0.43,207,9,13,10,22.41,23.26,7.56,4,13,29,6,13,126.0,75.27,31.13,24.58,102.8,48.24,0,Baník Ostrava 2-0 Sigma Olomouc,2026-02-07
Baník Ostrava,1.69,0.74,0.95,1.59,0.57,1.02,0.1,0.18,-0.08,1.69,0.74,0.95,2,0,2,1.05,40.0,38.25,44.44,0.43,0.58,143,5,10,13,23.26,22.41,8.98,13,4,13,4,13,41.4,24.73,95.53,75.42,110.3,51.76,0,Baník Ostrava 2-0 Sigma Olomouc,2026-02-07
Slavia Praha,3.02,2.32,0.7,2.97,2.32,0.65,0.05,0.0,0.05,3.02,2.32,0.7,1,1,0,-0.7,38.6,45.91,57.6,0.74,1.62,168,14,14,21,18.92,12.96,8.61,9,2,20,4,9,59.9,30.99,83.07,88.18,90.4,68.81,4,Pardubice 1-1 Slavia Praha,2026-02-01
Pardubice,2.32,3.02,-0.7,2.32,2.97,-0.65,0.0,0.05,-0.05,2.32,3.02,-0.7,1,1,0,0.7,61.4,54.09,52.41,1.62,0.74,243,23,21,14,12.96,18.92,5.83,2,9,24,6,19,133.4,69.01,11.13,11.82,40.97,31.19,1,Pardubice 1-1 Slavia Praha,2026-02-01
Viktoria Plzeň,1.55,2.12,-0.57,1.55,2.12,-0.57,0.0,0.0,0.0,1.55,2.12,-0.57,2,0,2,2.57,44.0,47.68,47.11,0.85,1.22,170,14,11,19,12.94,15.57,11.69,6,11,13,3,16,65.3,36.77,79.4,86.87,126.0,70.23,4,Karviná 0-2 Viktoria Plzeň,2026-02-01
Karviná,2.12,1.55,0.57,2.12,1.55,0.57,0.0,0.0,0.0,2.12,1.55,0.57,0,2,-2,-2.57,56.0,52.32,44.62,1.22,0.85,203,19,19,11,15.57,12.94,6.57,11,6,17,4,8,112.3,63.23,12.0,13.13,53.4,29.77,1,Karviná 0-2 Viktoria Plzeň,2026-02-01
Zlín,0.82,2.07,-1.25,0.82,1.1,-0.28,0.0,0.98,-0.98,0.82,2.07,-1.25,0,2,-2,-0.75,53.5,54.93,47.16,0.34,0.35,172,7,12,16,35.29,45.71,8.86,3,5,17,4,13,85.2,50.18,24.8,28.4,46.63,26.62,3,Slovan Liberec 2-0 Zlín,2026-02-01
Slovan Liberec,2.07,0.82,1.25,1.1,0.82,0.28,0.98,0.0,0.98,2.07,0.82,1.25,2,0,2,0.75,46.5,45.07,48.39,0.35,0.34,147,8,16,12,45.71,35.29,7.34,5,3,16,4,18,84.6,49.82,62.53,71.6,128.53,73.38,3,Slovan Liberec 2-0 Zlín,2026-02-01
Baník Ostrava,2.16,3.69,-1.53,2.1,2.67,-0.57,0.06,0.26,-0.2,2.16,2.93,-0.77,2,2,0,1.53,38.4,40.86,51.38,0.51,1.16,156,14,14,19,27.45,16.38,7.5,12,6,23,6,14,51.5,24.88,71.47,83.1,102.17,47.99,1,Slovácko 2-2 Baník Ostrava,2026-02-01
Slovácko,3.69,2.16,1.53,2.67,2.1,0.57,0.26,0.06,0.2,2.93,2.16,0.77,2,2,0,-1.53,61.6,59.14,50.54,1.16,0.51,231,16,19,14,16.38,27.45,7.34,6,12,12,6,15,155.5,75.12,14.53,16.9,110.73,52.01,0,Slovácko 2-2 Baník Ostrava,2026-02-01
Sparta Praha,2.73,0.22,2.51,1.97,0.22,1.75,0.0,0.0,0.0,1.97,0.22,1.75,3,0,3,0.49,67.9,70.3,49.98,0.91,0.07,288,17,16,5,17.58,71.43,7.45,0,1,17,3,17,219.1,86.5,7.67,6.24,151.87,75.52,0,Dukla Praha 0-3 Sparta Praha,2026-01-31
Dukla Praha,0.22,2.73,-2.51,0.22,1.97,-1.75,0.0,0.0,0.0,0.22,1.97,-1.75,0,3,-3,-0.49,32.1,29.7,45.02,0.07,0.91,109,4,5,16,71.43,17.58,22.58,1,0,12,1,11,34.2,13.5,115.33,93.76,49.23,24.48,3,Dukla Praha 0-3 Sparta Praha,2026-01-31
Teplice,1.28,1.3,-0.02,1.28,1.22,0.06,0.0,0.07,-0.07,1.28,1.3,-0.02,0,1,-1,-0.98,57.1,60.0,47.53,1.0,0.85,231,15,12,12,12.0,14.12,11.85,3,4,17,1,14,124.7,56.97,17.53,16.21,76.53,35.18,0,Jablonec 1-0 Teplice,2026-01-31
Jablonec,1.3,1.28,0.02,1.22,1.28,-0.06,0.07,0.0,0.07,1.3,1.28,0.02,1,0,1,0.98,42.9,40.0,44.77,0.85,1.0,142,12,12,12,14.12,12.0,11.23,4,3,12,1,18,94.2,43.03,90.6,83.79,141.0,64.82,3,Jablonec 1-0 Teplice,2026-01-31
Bohemians 1905,2.35,2.85,-0.5,1.56,2.36,-0.8,0.79,0.5,0.29,2.35,2.85,-0.5,2,2,0,0.5,30.2,36.71,52.08,0.54,1.42,133,11,11,14,20.37,9.86,15.3,4,3,22,3,11,38.0,17.99,127.4,99.69,111.67,60.51,4,Mladá Boleslav 2-2 Bohemians 1905,2026-01-31
Mladá Boleslav,2.85,2.35,0.5,2.36,1.56,0.8,0.5,0.79,-0.29,2.85,2.35,0.5,2,2,0,-0.5,69.8,63.29,50.29,1.42,0.54,316,18,14,11,9.86,20.37,8.17,3,4,22,10,11,173.2,82.01,0.4,0.31,72.87,39.49,2,Mladá Boleslav 2-2 Bohemians 1905,2026-01-31
Hradec Králové,1.31,2.09,-0.78,1.31,1.94,-0.63,0.0,0.15,-0.15,1.31,2.09,-0.78,0,1,-1,-0.22,52.5,51.81,48.31,0.57,0.67,218,10,5,16,8.77,23.88,10.97,5,8,10,3,9,82.9,45.23,50.27,52.18,67.53,41.62,3,Sigma Olomouc 1-0 Hradec Králové,2026-01-31
Sigma Olomouc,2.09,1.31,0.78,1.94,1.31,0.63,0.15,0.0,0.15,2.09,1.31,0.78,1,0,1,0.22,47.5,48.19,46.24,0.67,0.57,196,13,16,5,23.88,8.77,9.2,8,5,15,7,13,100.4,54.77,46.07,47.82,94.73,58.38,2,Sigma Olomouc 1-0 Hradec Králové,2026-01-31
Slovan Liberec,0.62,3.59,-2.97,0.58,2.96,-2.38,0.05,0.63,-0.58,0.62,3.59,-2.97,2,2,0,2.97,26.0,21.77,40.06,0.38,1.52,66,9,7,28,18.42,18.42,15.35,4,3,6,2,15,11.1,4.56,139.4,99.52,82.1,52.3,1,Sparta Praha 2-2 Slovan Liberec,2025-12-14
Sparta Praha,3.59,0.62,2.97,2.96,0.58,2.38,0.63,0.05,0.58,3.59,0.62,2.97,2,2,0,-2.97,74.0,78.23,48.35,1.52,0.38,276,29,28,7,18.42,18.42,5.46,3,4,26,9,12,232.2,95.44,0.67,0.48,74.87,47.7,2,Sparta Praha 2-2 Slovan Liberec,2025-12-14
Sigma Olomouc,0.72,1.52,-0.8,0.4,1.52,-1.12,0.33,0.0,0.33,0.72,1.52,-0.8,0,5,-5,-4.2,70.8,69.29,50.29,0.42,0.33,238,11,7,10,16.67,30.3,4.91,5,1,31,4,18,108.0,69.9,1.2,1.17,55.23,25.18,5,Zlín 5-0 Sigma Olomouc,2025-12-14
Zlín,1.52,0.72,0.8,1.52,0.4,1.12,0.0,0.33,-0.33,1.52,0.72,0.8,5,0,5,4.2,29.2,30.71,43.54,0.33,0.42,79,4,10,7,30.3,16.67,10.41,1,5,3,0,17,46.5,30.1,101.6,98.83,164.08,74.82,1,Zlín 5-0 Sigma Olomouc,2025-12-14
Dukla Praha,1.36,3.8,-2.44,1.36,3.46,-2.1,0.0,0.34,-0.34,1.36,3.8,-2.44,0,2,-2,0.44,44.1,43.88,46.17,0.57,1.09,159,9,17,21,29.82,19.27,11.31,4,7,13,1,8,47.0,24.2,65.33,75.15,40.0,21.79,1,Viktoria Plzeň 2-0 Dukla Praha,2025-12-14
Viktoria Plzeň,3.8,1.36,2.44,3.46,1.36,2.1,0.34,0.0,0.34,3.8,1.36,2.44,2,0,2,-0.44,55.9,56.12,46.96,1.09,0.57,195,20,21,17,19.27,29.82,9.69,7,4,24,4,13,147.2,75.8,21.6,24.85,143.6,78.21,2,Viktoria Plzeň 2-0 Dukla Praha,2025-12-14
Karviná,3.37,1.41,1.96,2.43,1.39,1.04,0.18,0.01,0.17,2.61,1.41,1.2,3,0,3,1.04,51.0,38.65,39.21,0.76,0.65,110,12,17,13,22.37,20.0,9.96,4,6,9,3,9,46.0,41.78,23.67,32.27,49.9,41.1,0,Bohemians 1905 0-3 Karviná,2025-12-14
Bohemians 1905,1.41,3.37,-1.96,1.39,2.43,-1.04,0.01,0.18,-0.17,1.41,2.61,-1.2,0,3,-3,-1.04,49.0,61.35,50.35,0.65,0.76,192,14,13,17,20.0,22.37,11.89,6,4,20,2,11,64.1,58.22,49.67,67.73,71.5,58.9,6,Bohemians 1905 0-3 Karviná,2025-12-14
Jablonec,1.77,2.17,-0.4,1.03,1.01,0.02,0.74,0.39,0.35,1.77,1.41,0.36,3,4,-1,-0.6,36.3,28.02,43.56,0.16,1.02,102,2,9,16,56.25,15.69,12.62,4,13,12,3,12,17.9,7.7,76.07,88.38,28.93,13.21,4,Slavia Praha 4-3 Jablonec,2025-12-13
Slavia Praha,2.17,1.77,0.4,1.01,1.03,-0.02,0.39,0.74,-0.35,1.41,1.77,-0.36,4,3,1,0.6,63.7,71.98,55.04,1.02,0.16,286,30,16,9,15.69,56.25,6.69,13,4,33,6,10,214.6,92.3,10.0,11.62,190.07,86.79,2,Slavia Praha 4-3 Jablonec,2025-12-13
Mladá Boleslav,1.41,2.56,-1.15,1.32,1.61,-0.29,0.09,0.19,-0.1,1.41,1.8,-0.39,1,1,0,1.15,46.2,39.14,45.05,0.46,0.82,164,5,9,21,19.57,25.61,12.33,0,11,11,2,9,44.2,22.57,41.27,48.67,40.0,23.23,0,Hradec Králové 1-1 Mladá Boleslav,2025-12-13
Hradec Králové,2.56,1.41,1.15,1.61,1.32,0.29,0.19,0.09,0.1,1.8,1.41,0.39,1,1,0,-1.15,53.8,60.86,49.29,0.82,0.46,240,14,21,9,25.61,19.57,7.4,11,0,32,8,17,151.6,77.43,43.53,51.33,132.17,76.77,6,Hradec Králové 1-1 Mladá Boleslav,2025-12-13
Pardubice,1.33,3.04,-1.71,1.33,2.8,-1.47,0.0,0.24,-0.24,1.33,3.04,-1.71,4,1,3,4.71,37.5,35.58,51.06,0.69,1.13,166,11,7,21,10.14,18.58,10.03,1,8,14,1,18,25.5,12.04,63.8,73.22,51.07,44.97,6,Baník Ostrava 1-4 Pardubice,2025-12-13
Baník Ostrava,3.04,1.33,1.71,2.8,1.33,1.47,0.24,0.0,0.24,3.04,1.33,1.71,1,4,-3,-4.71,62.5,64.42,52.41,1.13,0.69,292,19,21,7,18.58,10.14,5.67,8,1,38,3,13,186.3,87.96,23.33,26.78,62.5,55.03,2,Baník Ostrava 1-4 Pardubice,2025-12-13
Slovácko,0.99,2.46,-1.47,0.93,0.57,0.36,0.06,1.13,-1.07,0.99,1.7,-0.71,0,1,-1,0.47,61.1,52.67,47.41,0.99,0.74,237,12,9,12,9.09,16.22,12.24,2,4,11,2,12,102.8,56.73,17.6,20.54,72.47,42.04,0,Teplice 1-0 Slovácko,2025-12-13
Teplice,2.46,0.99,1.47,0.57,0.93,-0.36,1.13,0.06,1.07,1.7,0.99,0.71,1,0,1,-0.47,38.9,47.33,44.89,0.74,0.99,141,11,12,9,16.22,9.09,15.41,4,2,21,8,11,78.4,43.27,68.07,79.46,99.93,57.96,5,Teplice 1-0 Slovácko,2025-12-13
Hradec Králové,0.76,1.14,-0.38,0.64,0.97,-0.33,0.12,0.17,-0.05,0.76,1.14,-0.38,0,1,-1,-0.62,60.7,70.55,50.69,0.65,0.53,236,17,12,9,18.46,16.98,9.77,5,7,30,8,13,152.9,82.43,31.27,36.59,139.13,76.28,6,Pardubice 1-0 Hradec Králové,2025-12-07
Pardubice,1.14,0.76,0.38,0.97,0.64,0.33,0.17,0.12,0.05,1.14,0.76,0.38,1,0,1,0.62,39.3,29.45,42.25,0.53,0.65,106,6,9,12,16.98,18.46,9.52,7,5,14,2,12,32.6,17.57,54.2,63.41,43.27,23.72,2,Pardubice 1-0 Hradec Králové,2025-12-07
Baník Ostrava,1.08,1.49,-0.41,1.06,1.49,-0.43,0.01,0.0,0.01,1.08,1.49,-0.41,0,0,0,0.41,40.4,41.95,43.37,0.72,1.15,126,12,10,15,13.89,13.04,13.41,10,4,10,3,11,65.3,31.71,87.47,90.3,105.93,50.66,1,Karviná 0-0 Baník Ostrava,2025-12-07
Karviná,1.49,1.08,0.41,1.49,1.06,0.43,0.0,0.01,-0.01,1.49,1.08,0.41,0,0,0,-0.41,59.6,58.05,44.53,1.15,0.72,197,18,15,10,13.04,13.89,11.71,4,10,16,5,10,140.6,68.29,9.4,9.7,103.17,49.34,2,Karviná 0-0 Baník Ostrava,2025-12-07
Bohemians 1905,0.8,1.49,-0.69,0.77,1.27,-0.5,0.03,0.22,-0.19,0.8,1.49,-0.69,0,1,-1,-0.31,50.6,51.69,49.22,1.08,1.1,211,14,9,13,8.33,11.82,10.03,4,0,31,4,20,62.3,45.34,35.93,52.38,66.4,40.16,1,Jablonec 1-0 Bohemians 1905,2025-12-07
Jablonec,1.49,0.8,0.69,1.27,0.77,0.5,0.22,0.03,0.19,1.49,0.8,0.69,1,0,1,0.31,49.4,48.31,44.82,1.1,1.08,157,17,13,9,11.82,8.33,15.7,0,4,19,4,8,75.1,54.66,32.67,47.62,98.93,59.84,4,Jablonec 1-0 Bohemians 1905,2025-12-07
Sparta Praha,1.03,0.83,0.2,1.01,0.48,0.53,0.02,0.35,-0.33,1.03,0.83,0.2,1,0,1,0.8,63.2,59.49,44.08,0.74,0.7,211,11,4,9,5.41,12.86,10.41,1,8,19,5,13,94.8,59.21,6.67,4.77,41.33,23.14,2,Sigma Olomouc 0-1 Sparta Praha,2025-12-06
Sigma Olomouc,0.83,1.03,-0.2,0.48,1.01,-0.53,0.35,0.02,0.33,0.83,1.03,-0.2,0,1,-1,-0.8,36.8,40.51,42.02,0.7,0.74,116,12,9,4,12.86,5.41,14.41,8,1,19,4,12,65.3,40.79,133.13,95.23,137.3,76.86,2,Sigma Olomouc 0-1 Sparta Praha,2025-12-06
Viktoria Plzeň,0.62,1.33,-0.71,0.54,1.29,-0.75,0.08,0.04,0.04,0.62,1.33,-0.71,0,3,-3,-2.29,59.9,51.15,44.04,0.64,0.44,186,15,9,8,14.06,18.18,7.66,2,5,19,3,16,75.0,47.56,12.93,14.62,32.03,14.77,3,Slovácko 3-0 Viktoria Plzeň,2025-12-06
Slovácko,1.33,0.62,0.71,1.29,0.54,0.75,0.04,0.08,-0.04,1.33,0.62,0.71,3,0,3,2.29,40.1,48.85,43.59,0.44,0.64,120,8,8,9,18.18,14.06,11.97,5,2,9,3,15,82.7,52.44,75.53,85.38,184.9,85.23,0,Slovácko 3-0 Viktoria Plzeň,2025-12-06
Zlín,1.38,2.29,-0.91,0.75,2.28,-1.53,0.63,0.01,0.62,1.38,2.29,-0.91,1,3,-2,-1.09,50.3,59.66,50.58,0.83,0.71,207,21,14,10,16.87,14.08,6.72,9,9,27,13,17,116.8,69.4,50.13,59.64,106.83,58.44,4,Mladá Boleslav 3-1 Zlín,2025-12-06
Mladá Boleslav,2.29,1.38,0.91,2.28,0.75,1.53,0.01,0.63,-0.62,2.29,1.38,0.91,3,1,2,1.09,49.7,40.34,44.46,0.71,0.83,147,12,10,14,14.08,16.87,7.26,9,9,7,3,16,51.5,30.6,33.93,40.36,75.97,41.56,0,Mladá Boleslav 3-1 Zlín,2025-12-06
Slovan Liberec,1.76,1.03,0.73,1.05,0.38,0.67,0.7,0.65,0.05,1.76,1.03,0.73,1,1,0,-0.73,59.3,62.32,48.94,0.77,0.35,195,12,19,10,24.68,28.57,6.44,2,2,25,7,17,119.9,69.07,9.4,12.57,86.6,49.07,9,Dukla Praha 1-1 Slovan Liberec,2025-12-06
Dukla Praha,1.03,1.76,-0.73,0.38,1.05,-0.67,0.65,0.7,-0.05,1.03,1.76,-0.73,1,1,0,0.73,40.7,37.68,43.36,0.35,0.77,104,12,10,19,28.57,24.68,7.33,2,2,17,7,17,53.7,30.93,65.4,87.43,89.9,50.93,4,Dukla Praha 1-1 Slovan Liberec,2025-12-06
Slavia Praha,3.45,0.94,2.51,2.42,0.84,1.58,0.27,0.1,0.17,2.69,0.94,1.75,2,1,1,-1.51,61.5,62.39,48.16,1.44,0.58,259,21,17,8,11.81,13.79,6.97,4,4,20,3,15,192.6,79.36,16.07,14.02,135.5,71.25,3,Teplice 1-2 Slavia Praha,2025-12-05
Teplice,0.94,3.45,-2.51,0.84,2.42,-1.58,0.1,0.27,-0.17,0.94,2.69,-1.75,1,2,-1,1.51,38.5,37.61,45.9,0.58,1.44,138,10,8,17,13.79,11.81,13.79,4,4,14,5,13,50.1,20.64,98.53,85.98,54.67,28.75,3,Teplice 1-2 Slavia Praha,2025-12-05
Pardubice,3.13,4.39,-1.26,3.13,3.63,-0.5,0.0,0.0,0.0,3.13,3.63,-0.5,4,2,2,3.26,19.8,20.35,44.58,0.27,1.76,77,6,12,21,44.44,11.93,26.38,1,3,3,1,15,25.6,7.6,235.6,99.8,155.43,80.56,4,Sparta Praha 2-4 Pardubice,2025-11-30
Sparta Praha,4.39,3.13,1.26,3.63,3.13,0.5,0.0,0.0,0.0,3.63,3.13,0.5,2,4,-2,-3.26,80.2,79.65,52.83,1.76,0.27,448,37,21,12,11.93,44.44,5.57,3,1,29,4,6,311.3,92.4,0.47,0.2,37.5,19.44,3,Sparta Praha 2-4 Pardubice,2025-11-30
Mladá Boleslav,0.81,2.29,-1.48,0.81,2.24,-1.43,0.0,0.05,-0.05,0.81,2.29,-1.48,1,2,-1,0.48,37.1,31.78,39.65,0.52,1.09,113,10,7,12,13.46,11.01,19.0,3,8,9,2,12,32.3,17.94,95.27,80.46,50.37,29.95,1,Viktoria Plzeň 2-1 Mladá Boleslav,2025-11-30
Viktoria Plzeň,2.29,0.81,1.48,2.24,0.81,1.43,0.05,0.0,0.05,2.29,0.81,1.48,2,1,1,-0.48,62.9,68.22,50.6,1.09,0.52,300,10,12,7,11.01,13.46,8.14,8,3,28,7,11,147.7,82.06,23.13,19.54,117.8,70.05,2,Viktoria Plzeň 2-1 Mladá Boleslav,2025-11-30
Sigma Olomouc,1.5,2.33,-0.83,1.4,2.11,-0.71,0.1,0.22,-0.12,1.5,2.33,-0.83,0,1,-1,-0.17,46.6,45.12,48.56,0.63,1.49,141,10,12,24,19.05,16.11,7.88,6,1,23,4,9,55.8,27.86,25.07,44.03,53.6,26.31,3,Slovan Liberec 1-0 Sigma Olomouc,2025-11-30
Slovan Liberec,2.33,1.5,0.83,2.11,1.4,0.71,0.22,0.1,0.12,2.33,1.5,0.83,1,0,1,0.17,53.4,54.88,50.64,1.49,0.63,177,25,24,12,16.11,19.05,6.51,1,6,28,6,16,144.5,72.14,31.87,55.97,150.1,73.69,4,Slovan Liberec 1-0 Sigma Olomouc,2025-11-30
Teplice,1.25,1.93,-0.68,1.25,1.72,-0.47,0.0,0.21,-0.21,1.25,1.93,-0.68,1,0,1,1.68,37.1,32.42,42.47,0.84,1.42,98,10,7,17,8.33,11.97,13.54,5,5,15,2,10,23.5,10.93,59.4,84.05,41.37,22.15,1,Bohemians 1905 0-1 Teplice,2025-11-30
Bohemians 1905,1.93,1.25,0.68,1.72,1.25,0.47,0.21,0.0,0.21,1.93,1.25,0.68,0,1,-1,-1.68,62.9,67.58,51.43,1.42,0.84,243,29,17,7,11.97,8.33,8.54,5,5,31,8,14,191.6,89.07,11.27,15.95,145.43,77.85,5,Bohemians 1905 0-1 Teplice,2025-11-30
Slovácko,0.57,3.92,-3.35,0.4,2.53,-2.13,0.16,0.63,-0.47,0.57,3.16,-2.59,0,3,-3,0.35,48.0,37.63,42.55,0.5,1.0,165,10,12,33,24.0,33.0,14.88,2,8,8,5,11,28.0,11.61,65.2,56.11,17.59,5.23,0,Slavia Praha 3-0 Slovácko,2025-11-29
Slavia Praha,3.92,0.57,3.35,2.53,0.4,2.13,0.63,0.16,0.47,3.16,0.57,2.59,3,0,3,-0.35,52.0,62.37,47.38,1.0,0.5,211,28,33,12,33.0,24.0,11.09,8,2,19,5,13,213.1,88.39,51.0,43.89,318.86,94.77,3,Slavia Praha 3-0 Slovácko,2025-11-29
Karviná,3.16,2.3,0.86,2.07,2.18,-0.11,0.33,0.12,0.21,2.4,2.3,0.1,3,1,2,1.14,57.2,49.81,43.38,0.71,1.18,153,11,14,22,19.72,18.64,6.63,2,5,13,6,14,63.4,50.16,17.93,24.7,71.87,48.97,0,Zlín 1-3 Karviná,2025-11-29
Zlín,2.3,3.16,-0.86,2.18,2.07,0.11,0.12,0.33,-0.21,2.3,2.4,-0.1,1,3,-2,-1.14,42.8,50.19,47.17,1.18,0.71,142,25,22,14,18.64,19.72,6.91,5,2,13,6,17,63.0,49.84,54.67,75.3,74.9,51.03,5,Zlín 1-3 Karviná,2025-11-29
Jablonec,0.68,1.6,-0.92,0.68,1.4,-0.72,0.0,0.2,-0.2,0.68,1.6,-0.92,0,2,-2,-1.08,52.6,43.97,42.98,0.68,1.09,195,7,10,15,14.71,13.76,15.7,3,5,12,0,6,56.1,30.08,61.53,39.63,52.3,22.26,3,Hradec Králové 2-0 Jablonec,2025-11-29
Hradec Králové,1.6,0.68,0.92,1.4,0.68,0.72,0.2,0.0,0.2,1.6,0.68,0.92,2,0,2,1.08,47.4,56.03,47.02,1.09,0.68,214,14,15,10,13.76,14.71,18.68,5,3,22,5,11,130.4,69.92,93.73,60.37,182.7,77.74,0,Hradec Králové 2-0 Jablonec,2025-11-29
Dukla Praha,2.21,3.7,-1.49,2.18,2.78,-0.6,0.02,0.91,-0.89,2.21,3.7,-1.49,1,3,-2,-0.51,53.6,48.7,42.83,0.54,0.72,145,8,17,14,31.48,19.44,8.78,3,6,16,3,7,78.4,52.27,16.13,24.54,35.69,20.24,1,Baník Ostrava 3-1 Dukla Praha,2025-11-29
Baník Ostrava,3.7,2.21,1.49,2.78,2.18,0.6,0.91,0.02,0.89,3.7,2.21,1.49,3,1,2,0.51,46.4,51.3,44.4,0.72,0.54,140,8,14,17,19.44,31.48,10.06,6,3,20,7,20,71.6,47.73,49.6,75.46,140.64,79.76,1,Baník Ostrava 3-1 Dukla Praha,2025-11-29
Zlín,1.61,1.93,-0.32,1.51,1.62,-0.11,0.1,0.31,-0.21,1.61,1.93,-0.32,0,2,-2,-1.68,43.7,47.42,43.5,0.85,0.7,136,11,15,9,17.65,12.86,12.28,4,5,19,3,15,90.1,51.9,56.07,65.76,87.97,40.7,3,Slovácko 2-0 Zlín,2025-11-23
Slovácko,1.93,1.61,0.32,1.62,1.51,0.11,0.31,0.1,0.21,1.93,1.61,0.32,2,0,2,1.68,56.3,52.58,45.88,0.7,0.85,193,9,9,15,12.86,17.65,8.61,5,4,12,5,15,83.5,48.1,29.2,34.24,128.17,59.3,0,Slovácko 2-0 Zlín,2025-11-23
Viktoria Plzeň,2.87,1.35,1.52,2.27,1.3,0.97,0.6,0.05,0.55,2.87,1.35,1.52,3,3,0,-1.52,61.1,73.2,56.13,0.97,0.23,293,31,26,10,26.8,43.48,7.55,7,1,32,6,11,236.2,87.87,34.73,48.55,226.83,91.42,3,Jablonec 3-3 Viktoria Plzeň,2025-11-23
Jablonec,1.35,2.87,-1.52,1.3,2.27,-0.97,0.05,0.6,-0.55,1.35,2.87,-1.52,3,3,0,1.52,38.9,26.8,39.34,0.23,0.97,84,8,10,26,43.48,26.8,13.57,1,7,11,1,14,32.6,12.13,36.8,51.45,21.3,8.58,8,Jablonec 3-3 Viktoria Plzeň,2025-11-23
Hradec Králové,2.42,4.18,-1.76,2.37,4.08,-1.71,0.05,0.1,-0.05,2.42,4.18,-1.76,3,4,-1,0.76,51.8,61.59,49.07,1.1,1.18,234,17,19,24,17.27,20.34,13.17,7,4,22,5,9,115.2,63.75,91.0,67.37,144.63,78.93,0,Karviná 4-3 Hradec Králové,2025-11-23
Karviná,4.18,2.42,1.76,4.08,2.37,1.71,0.1,0.05,0.05,4.18,2.42,1.76,4,3,1,-0.76,48.2,38.41,40.47,1.18,1.1,147,16,24,19,20.34,17.27,14.88,4,7,12,4,7,65.5,36.25,44.07,32.63,38.6,21.07,0,Karviná 4-3 Hradec Králové,2025-11-23
Bohemians 1905,1.67,2.0,-0.33,1.47,1.42,0.05,0.19,0.58,-0.39,1.67,2.0,-0.33,1,3,-2,-1.67,43.4,44.2,51.07,0.96,0.83,190,19,17,13,17.71,15.66,14.91,2,4,27,11,14,94.5,43.77,82.93,77.36,80.64,33.44,4,Slavia Praha 3-1 Bohemians 1905,2025-11-22
Slavia Praha,2.0,1.67,0.33,1.42,1.47,-0.05,0.58,0.19,0.39,2.0,1.67,0.33,3,1,2,1.67,56.6,55.8,50.08,0.83,0.96,241,12,13,17,15.66,17.71,8.89,4,2,23,3,4,121.4,56.23,24.27,22.64,160.53,66.56,0,Slavia Praha 3-1 Bohemians 1905,2025-11-22
Baník Ostrava,1.23,1.21,0.02,0.7,0.45,0.25,0.53,0.0,0.53,1.23,0.45,0.78,0,1,-1,-1.02,66.8,64.63,48.58,1.01,0.41,301,22,19,7,18.81,17.07,8.27,4,4,28,7,10,143.7,84.83,1.13,0.92,65.27,41.56,2,Teplice 1-0 Baník Ostrava,2025-11-22
Teplice,1.21,1.23,-0.02,0.45,0.7,-0.25,0.0,0.53,-0.53,0.45,1.23,-0.78,1,0,1,1.02,33.2,35.37,46.91,0.41,1.01,132,6,7,19,17.07,18.81,17.43,4,4,9,0,13,25.7,15.17,121.13,99.08,91.77,58.44,2,Teplice 1-0 Baník Ostrava,2025-11-22
Sparta Praha,2.19,1.89,0.3,0.9,1.81,-0.91,0.53,0.08,0.45,1.43,1.89,-0.46,2,1,1,0.7,51.9,54.03,48.28,0.52,0.39,240,16,13,18,25.0,46.15,9.44,6,4,14,5,14,122.4,58.99,46.2,47.01,134.9,71.54,1,Mladá Boleslav 1-2 Sparta Praha,2025-11-22
Mladá Boleslav,1.89,2.19,-0.3,1.81,0.9,0.91,0.08,0.53,-0.45,1.89,1.43,0.46,1,2,-1,-0.7,48.1,45.97,45.55,0.39,0.52,185,9,18,13,46.15,25.0,10.91,4,6,13,1,14,85.1,41.01,52.07,52.99,53.67,28.46,0,Mladá Boleslav 1-2 Sparta Praha,2025-11-22
Slovan Liberec,1.89,0.34,1.55,1.89,0.34,1.55,0.0,0.0,0.0,1.89,0.34,1.55,4,0,4,2.45,47.7,52.78,47.52,1.68,0.28,168,21,12,6,7.14,21.43,9.85,7,3,25,4,17,107.1,68.35,52.07,73.19,150.93,92.85,4,Pardubice 0-4 Slovan Liberec,2025-11-22
Pardubice,0.34,1.89,-1.55,0.34,1.89,-1.55,0.0,0.0,0.0,0.34,1.89,-1.55,0,4,-4,-2.45,52.3,47.22,43.51,0.28,1.68,166,6,6,12,21.43,7.14,9.17,3,7,19,3,14,49.6,31.65,19.07,26.81,11.63,7.15,4,Pardubice 0-4 Slovan Liberec,2025-11-22
Sigma Olomouc,1.48,2.02,-0.54,1.36,1.26,0.1,0.12,0.0,0.12,1.48,1.26,0.22,2,2,0,0.54,56.9,52.81,48.39,1.12,0.46,209,17,13,12,11.61,26.09,7.82,4,1,28,5,19,90.3,64.82,6.0,7.4,55.3,36.04,0,Dukla Praha 2-2 Sigma Olomouc,2025-11-22
Dukla Praha,2.02,1.48,0.54,1.26,1.36,-0.1,0.0,0.12,-0.12,1.26,1.48,-0.22,2,2,0,-0.54,43.1,47.19,46.72,0.46,1.12,146,9,12,13,26.09,11.61,13.72,1,4,21,6,11,49.0,35.18,75.13,92.6,98.13,63.96,0,Dukla Praha 2-2 Sigma Olomouc,2025-11-22
Slavia Praha,1.79,1.44,0.35,1.79,1.36,0.43,0.0,0.08,-0.08,1.79,1.44,0.35,5,3,2,1.65,44.7,48.18,47.72,0.61,0.66,123,13,11,16,18.03,24.24,7.05,4,2,8,1,24,82.2,53.07,44.73,77.21,118.77,81.24,3,Viktoria Plzeň 3-5 Slavia Praha,2025-11-09
Viktoria Plzeň,1.44,1.79,-0.35,1.36,1.79,-0.43,0.08,0.0,0.08,1.44,1.79,-0.35,3,5,-2,-1.65,55.3,51.82,48.3,0.66,0.61,160,11,16,11,24.24,18.03,6.15,2,4,24,9,14,72.7,46.93,13.2,22.79,27.43,18.76,7,Viktoria Plzeň 3-5 Slavia Praha,2025-11-09
Pardubice,0.07,2.49,-2.42,0.07,1.73,-1.66,0.0,0.0,0.0,0.07,1.73,-1.66,0,2,-2,0.42,39.2,41.0,42.6,0.18,0.55,115,2,1,11,5.56,20.0,10.94,8,4,10,1,16,22.7,15.58,56.07,74.17,43.33,25.19,2,Sigma Olomouc 2-0 Pardubice,2025-11-09
Sigma Olomouc,2.49,0.07,2.42,1.73,0.07,1.66,0.0,0.0,0.0,1.73,0.07,1.66,2,0,2,-0.42,60.8,59.0,48.19,0.55,0.18,215,13,11,1,20.0,5.56,7.31,4,8,25,6,12,123.0,84.42,19.53,25.83,128.67,74.81,0,Sigma Olomouc 2-0 Pardubice,2025-11-09
Teplice,1.28,2.11,-0.83,0.64,2.07,-1.43,0.64,0.04,0.6,1.28,2.11,-0.83,2,2,0,0.83,26.7,23.8,38.65,0.25,1.09,78,5,7,17,28.0,15.6,30.11,1,8,8,1,11,23.6,8.99,173.73,99.24,137.47,83.75,0,Sparta Praha 2-2 Teplice,2025-11-09
Sparta Praha,2.11,1.28,0.83,2.07,0.64,1.43,0.04,0.64,-0.6,2.11,1.28,0.83,2,2,0,-0.83,73.3,76.2,50.65,1.09,0.25,366,19,17,7,15.6,28.0,7.52,8,1,29,4,8,238.9,91.01,1.33,0.76,26.67,16.25,2,Sparta Praha 2-2 Teplice,2025-11-09
Karviná,1.55,2.98,-1.43,1.39,2.85,-1.46,0.16,0.12,0.04,1.55,2.98,-1.43,0,6,-6,-4.57,45.7,36.89,39.26,0.49,1.72,107,9,14,18,28.57,10.47,10.78,1,5,11,4,15,51.2,31.72,50.8,43.82,18.47,6.31,1,Slovan Liberec 6-0 Karviná,2025-11-09
Slovan Liberec,2.98,1.55,1.43,2.85,1.39,1.46,0.12,0.16,-0.04,2.98,1.55,1.43,6,0,6,4.57,54.3,63.11,47.98,1.72,0.49,195,24,18,14,10.47,28.57,7.88,5,1,20,7,19,110.2,68.28,65.13,56.18,274.13,93.69,2,Slovan Liberec 6-0 Karviná,2025-11-09
Jablonec,0.54,3.21,-2.67,0.43,2.51,-2.08,0.12,0.7,-0.58,0.54,3.21,-2.67,1,0,1,3.67,34.3,29.81,42.8,0.35,1.9,110,6,7,23,20.0,12.11,23.0,3,3,11,2,16,39.2,13.87,110.33,91.18,85.07,39.83,5,Baník Ostrava 0-1 Jablonec,2025-11-08
Baník Ostrava,3.21,0.54,2.67,2.51,0.43,2.08,0.7,0.12,0.58,3.21,0.54,2.67,0,1,-1,-3.67,65.7,70.19,49.36,1.9,0.35,301,20,23,7,12.11,20.0,7.11,3,3,35,9,8,243.4,86.13,10.67,8.82,128.5,60.17,0,Baník Ostrava 0-1 Jablonec,2025-11-08
Mladá Boleslav,0.61,0.6,0.01,0.49,0.5,-0.01,0.12,0.09,0.03,0.61,0.6,0.01,1,0,1,0.99,51.6,60.29,49.18,0.25,0.44,238,6,8,6,32.0,13.64,10.46,5,4,8,4,13,125.6,73.19,40.07,40.36,133.1,72.88,1,Dukla Praha 0-1 Mladá Boleslav,2025-11-08
Dukla Praha,0.6,0.61,-0.01,0.5,0.49,0.01,0.09,0.12,-0.03,0.6,0.61,-0.01,0,1,-1,-0.99,48.4,39.71,41.76,0.44,0.25,157,5,6,8,13.64,32.0,11.71,4,5,21,7,15,46.0,26.81,59.2,59.64,49.53,27.12,0,Dukla Praha 0-1 Mladá Boleslav,2025-11-08
Slovácko,1.4,2.68,-1.28,1.1,2.34,-1.24,0.3,0.34,-0.04,1.4,2.68,-1.28,0,4,-4,-2.72,53.5,46.67,44.1,0.45,1.29,192,7,12,19,26.67,14.73,23.14,0,5,10,6,7,73.2,36.88,36.4,40.41,51.49,22.65,0,Hradec Králové 4-0 Slovácko,2025-11-08
Hradec Králové,2.68,1.4,1.28,2.34,1.1,1.24,0.34,0.3,0.04,2.68,1.4,1.28,4,0,4,2.72,46.5,53.33,48.68,1.29,0.45,210,22,19,12,14.73,26.67,23.06,5,0,29,9,7,125.3,63.12,53.67,59.59,175.79,77.35,2,Hradec Králové 4-0 Slovácko,2025-11-08
Bohemians 1905,3.29,2.45,0.84,2.2,1.87,0.33,1.09,0.59,0.5,3.29,2.45,0.84,1,0,1,0.16,45.9,49.33,53.83,0.89,1.37,208,21,18,15,20.22,10.95,18.29,4,2,31,11,12,124.6,53.29,47.2,65.13,132.13,62.61,2,Zlín 0-1 Bohemians 1905,2025-11-08
Zlín,2.45,3.29,-0.84,1.87,2.2,-0.33,0.59,1.09,-0.5,2.45,3.29,-0.84,0,1,-1,-0.16,54.1,50.67,50.32,1.37,0.89,215,19,15,18,10.95,20.22,10.26,2,4,24,4,6,109.2,46.71,25.27,34.87,78.9,37.39,6,Zlín 0-1 Bohemians 1905,2025-11-08
Viktoria Plzeň,1.17,0.56,0.61,1.08,0.5,0.58,0.08,0.05,0.03,1.17,0.56,0.61,2,1,1,0.39,67.0,67.01,48.27,0.96,0.16,249,14,8,8,8.33,50.0,5.64,6,2,22,5,17,152.5,88.3,3.67,3.08,95.0,55.29,2,Teplice 1-2 Viktoria Plzeň,2025-11-02
Teplice,0.56,1.17,-0.61,0.5,1.08,-0.58,0.05,0.08,-0.03,0.56,1.17,-0.61,1,2,-1,-0.39,33.0,32.99,42.96,0.16,0.96,93,4,8,8,50.0,8.33,13.0,2,6,11,1,13,20.2,11.7,115.4,96.92,76.83,44.71,2,Teplice 1-2 Viktoria Plzeň,2025-11-02
Hradec Králové,1.37,2.95,-1.58,1.31,1.82,-0.51,0.06,0.37,-0.31,1.37,2.19,-0.82,2,1,1,2.58,43.4,33.86,44.21,0.43,1.55,134,9,10,19,23.26,12.26,11.86,3,4,14,1,10,45.2,19.24,64.0,71.48,44.0,26.14,1,Bohemians 1905 1-2 Hradec Králové,2025-11-02
Bohemians 1905,2.95,1.37,1.58,1.82,1.31,0.51,0.37,0.06,0.31,2.19,1.37,0.82,1,2,-1,-2.58,56.6,66.14,51.61,1.55,0.43,245,21,19,10,12.26,23.26,9.77,4,3,26,5,13,189.7,80.76,25.53,28.52,124.33,73.86,2,Bohemians 1905 1-2 Hradec Králové,2025-11-02
Sparta Praha,1.14,2.9,-1.76,0.75,2.85,-2.1,0.39,0.05,0.34,1.14,2.9,-1.76,1,2,-1,0.76,49.7,51.34,47.68,0.5,1.27,169,12,13,20,26.0,15.75,13.0,2,9,19,6,12,73.7,41.33,41.6,65.41,83.1,44.32,4,Karviná 2-1 Sparta Praha,2025-11-02
Karviná,2.9,1.14,1.76,2.85,0.75,2.1,0.05,0.39,-0.34,2.9,1.14,1.76,2,1,1,-0.76,50.3,48.66,44.19,1.27,0.5,146,16,20,13,15.75,26.0,8.56,9,2,11,5,10,104.6,58.67,22.0,34.59,104.4,55.68,2,Karviná 2-1 Sparta Praha,2025-11-02
Sigma Olomouc,1.92,1.74,0.18,1.16,1.32,-0.16,0.0,0.42,-0.42,1.16,1.74,-0.58,4,1,3,2.82,37.9,33.33,42.21,0.9,1.27,111,11,10,21,11.11,16.54,14.15,2,5,18,3,14,43.7,20.13,85.2,81.71,85.7,65.24,0,Mladá Boleslav 1-4 Sigma Olomouc,2025-11-02
Mladá Boleslav,1.74,1.92,-0.18,1.32,1.16,0.16,0.42,0.0,0.42,1.74,1.16,0.58,1,4,-3,-2.82,62.1,66.67,48.51,1.27,0.9,248,15,21,10,16.54,11.11,10.23,5,2,18,4,9,173.4,79.87,19.07,18.29,45.67,34.76,0,Mladá Boleslav 1-4 Sigma Olomouc,2025-11-02
Baník Ostrava,1.09,3.2,-2.11,0.96,2.8,-1.84,0.14,0.4,-0.26,1.09,3.2,-2.11,0,2,-2,0.11,50.9,40.61,45.32,0.5,1.56,174,10,15,17,30.0,10.9,9.2,6,6,26,12,17,86.1,30.94,29.27,33.41,54.07,20.39,0,Slavia Praha 2-0 Baník Ostrava,2025-11-01
Slavia Praha,3.2,1.09,2.11,2.8,0.96,1.84,0.4,0.14,0.26,3.2,1.09,2.11,2,0,2,-0.11,49.1,59.39,51.95,1.56,0.5,222,19,17,15,10.9,30.0,9.06,6,6,22,2,8,192.2,69.06,58.33,66.59,211.07,79.61,4,Slavia Praha 2-0 Baník Ostrava,2025-11-01
Zlín,1.95,2.39,-0.44,1.89,2.2,-0.31,0.05,0.19,-0.14,1.95,2.39,-0.44,3,1,2,2.44,30.8,26.69,43.06,0.2,1.84,100,3,7,14,35.0,7.61,16.76,4,4,5,1,11,28.5,11.52,122.87,93.65,114.4,77.1,0,Jablonec 1-3 Zlín,2025-11-01
Jablonec,2.39,1.95,0.44,2.2,1.89,0.31,0.19,0.05,0.14,2.39,1.95,0.44,1,3,-2,-2.44,69.2,73.31,51.47,1.84,0.2,317,18,14,7,7.61,35.0,8.24,4,4,55,12,12,218.9,88.48,8.33,6.35,33.97,22.9,1,Jablonec 1-3 Zlín,2025-11-01
Slovan Liberec,2.97,0.87,2.1,2.48,0.69,1.79,0.49,0.18,0.31,2.97,0.87,2.1,3,0,3,0.9,47.4,41.72,46.4,1.42,0.76,128,23,16,16,11.27,21.05,16.59,1,1,13,4,9,77.6,47.37,30.33,62.85,116.2,68.84,0,Slovácko 0-3 Slovan Liberec,2025-11-01
Slovácko,0.87,2.97,-2.1,0.69,2.48,-1.79,0.18,0.49,-0.31,0.87,2.97,-2.1,0,3,-3,-0.9,52.6,58.28,46.7,0.76,1.42,166,12,16,16,21.05,11.27,9.57,1,1,24,6,13,86.2,52.63,17.93,37.15,52.6,31.16,3,Slovácko 0-3 Slovan Liberec,2025-11-01
Dukla Praha,2.1,1.49,0.61,1.6,1.06,0.54,0.5,0.43,0.07,2.1,1.49,0.61,1,1,0,-0.61,45.9,44.87,44.74,0.2,0.95,164,11,9,16,45.0,16.84,13.68,5,3,11,3,9,71.0,34.2,66.93,64.94,78.3,39.87,1,Pardubice 1-1 Dukla Praha,2025-11-01
Pardubice,1.49,2.1,-0.61,1.06,1.6,-0.54,0.43,0.5,-0.07,1.49,2.1,-0.61,1,1,0,0.61,54.1,55.13,47.0,0.95,0.2,195,14,16,9,16.84,45.0,10.2,3,5,28,6,12,136.6,65.8,36.13,35.06,118.1,60.13,4,Pardubice 1-1 Dukla Praha,2025-11-01
Bohemians 1905,0.57,2.61,-2.04,0.57,1.74,-1.17,0.0,0.87,-0.87,0.57,2.61,-2.04,1,2,-1,1.04,32.8,30.52,49.92,0.68,1.63,129,9,10,22,14.71,13.5,14.18,5,2,14,1,16,41.7,16.38,118.67,96.53,82.17,44.29,1,Sparta Praha 2-1 Bohemians 1905,2025-10-28
Sparta Praha,2.61,0.57,2.04,1.74,0.57,1.17,0.87,0.0,0.87,2.61,0.57,2.04,2,1,1,-1.04,67.2,69.48,50.45,1.63,0.68,275,18,22,10,13.5,14.71,8.44,2,5,32,6,8,212.9,83.62,4.27,3.47,103.37,55.71,1,Sparta Praha 2-1 Bohemians 1905,2025-10-28
Baník Ostrava,1.92,1.27,0.65,1.71,1.27,0.44,0.22,0.0,0.22,1.92,1.27,0.65,0,2,-2,-2.65,51.5,54.44,44.57,1.48,0.78,184,15,13,13,8.78,16.67,8.95,8,10,15,3,18,95.8,52.78,42.47,56.63,95.5,49.88,1,Viktoria Plzeň 2-0 Baník Ostrava,2025-10-26
Viktoria Plzeň,1.27,1.92,-0.65,1.27,1.71,-0.44,0.0,0.22,-0.22,1.27,1.92,-0.65,2,0,2,2.65,48.5,45.56,40.58,0.78,1.48,132,10,13,13,16.67,8.78,9.3,10,8,14,2,9,85.7,47.22,32.53,43.37,95.97,50.12,2,Viktoria Plzeň 2-0 Baník Ostrava,2025-10-26
Slavia Praha,1.14,0.54,0.6,0.64,0.54,0.1,0.5,0.0,0.5,1.14,0.54,0.6,0,0,0,-0.6,60.0,63.16,50.67,1.06,0.3,203,13,10,4,9.43,13.33,7.07,6,7,29,14,12,135.9,82.87,10.0,18.05,119.07,71.84,3,Sigma Olomouc 0-0 Slavia Praha,2025-10-26
Sigma Olomouc,0.54,1.14,-0.6,0.54,0.64,-0.1,0.0,0.5,-0.5,0.54,1.14,-0.6,0,0,0,0.6,40.0,36.84,47.95,0.3,1.06,125,10,4,10,13.33,9.43,8.0,7,6,22,6,10,28.1,17.13,45.4,81.95,46.67,28.16,0,Sigma Olomouc 0-0 Slavia Praha,2025-10-26
Jablonec,2.07,0.5,1.57,2.07,0.5,1.57,0.0,0.0,0.0,2.07,0.5,1.57,2,0,2,0.43,59.3,49.12,39.44,0.91,0.42,129,10,10,9,10.99,21.43,8.15,0,4,11,5,11,90.5,66.69,14.07,14.17,65.6,46.25,1,Slovan Liberec 0-2 Jablonec,2025-10-25
Slovan Liberec,0.5,2.07,-1.57,0.5,2.07,-1.57,0.0,0.0,0.0,0.5,2.07,-1.57,0,2,-2,-0.43,40.7,50.88,43.49,0.42,0.91,115,7,9,10,21.43,10.99,9.98,4,0,19,2,25,45.2,33.31,85.2,85.83,76.23,53.75,2,Slovan Liberec 0-2 Jablonec,2025-10-25
Teplice,0.8,1.21,-0.41,0.67,1.16,-0.49,0.13,0.04,0.09,0.8,1.21,-0.41,0,0,0,0.41,37.5,37.22,43.26,0.37,0.56,131,8,10,12,27.03,21.43,22.45,2,4,13,3,11,54.5,28.61,98.0,92.39,94.63,52.33,0,Hradec Králové 0-0 Teplice,2025-10-25
Hradec Králové,1.21,0.8,0.41,1.16,0.67,0.49,0.04,0.13,-0.09,1.21,0.8,0.41,0,0,0,-0.41,62.5,62.78,48.57,0.56,0.37,290,11,12,10,21.43,27.03,11.58,4,2,26,5,12,136.0,71.39,8.07,7.61,86.2,47.67,3,Hradec Králové 0-0 Teplice,2025-10-25
Pardubice,2.11,1.2,0.91,0.88,1.16,-0.28,0.47,0.04,0.43,1.35,1.2,0.15,2,2,0,-0.91,55.7,51.41,42.9,0.74,0.44,126,10,7,9,9.46,20.45,6.09,3,6,18,8,20,67.6,61.57,18.2,25.21,47.17,44.82,3,Zlín 2-2 Pardubice,2025-10-25
Zlín,1.2,2.11,-0.91,1.16,0.88,0.28,0.04,0.47,-0.43,1.2,1.35,-0.15,2,2,0,0.91,44.3,48.59,44.47,0.44,0.74,111,8,9,7,20.45,9.46,7.97,6,3,9,2,13,42.2,38.43,54.0,74.79,58.07,55.18,6,Zlín 2-2 Pardubice,2025-10-25
Slovácko,1.35,0.41,0.94,1.15,0.41,0.74,0.19,0.0,0.19,1.35,0.41,0.94,0,1,-1,-1.94,58.4,70.15,50.48,1.12,0.28,230,17,15,4,13.39,14.29,11.61,2,1,26,6,7,181.3,88.57,30.47,38.44,150.27,84.44,3,Dukla Praha 1-0 Slovácko,2025-10-25
Dukla Praha,0.41,1.35,-0.94,0.41,1.15,-0.74,0.0,0.19,-0.19,0.41,1.35,-0.94,1,0,1,1.94,41.6,29.85,39.47,0.28,1.12,94,5,4,15,14.29,13.39,18.82,1,2,8,2,9,23.4,11.43,48.8,61.56,27.7,15.56,0,Dukla Praha 1-0 Slovácko,2025-10-25
Karviná,3.27,2.7,0.57,2.65,1.81,0.84,0.62,0.14,0.48,3.27,1.94,1.33,4,2,2,1.43,50.3,60.33,46.08,1.19,0.57,196,18,20,13,16.81,22.81,8.73,8,2,19,8,21,149.7,71.9,65.87,57.64,201.0,88.89,2,Mladá Boleslav 2-4 Karviná,2025-10-25
Mladá Boleslav,2.7,3.27,-0.57,1.81,2.65,-0.84,0.14,0.62,-0.48,1.94,3.27,-1.33,2,4,-2,-1.43,49.7,39.67,43.07,0.57,1.19,178,9,13,20,22.81,16.81,12.46,2,8,7,1,6,58.5,28.1,48.4,42.36,25.13,11.11,0,Mladá Boleslav 2-4 Karviná,2025-10-25
Mladá Boleslav,1.34,2.91,-1.57,1.34,2.53,-1.19,0.0,0.38,-0.38,1.34,2.91,-1.57,1,1,0,1.57,49.2,38.03,47.0,0.45,2.02,164,10,9,24,20.0,11.88,12.26,3,6,16,6,5,56.0,23.35,16.2,22.34,38.93,16.87,0,Bohemians 1905 1-1 Mladá Boleslav,2025-10-22
Bohemians 1905,2.91,1.34,1.57,2.53,1.34,1.19,0.38,0.0,0.38,2.91,1.34,1.57,1,1,0,-1.57,50.8,61.97,57.3,2.02,0.45,252,33,24,9,11.88,20.0,9.86,6,3,45,15,9,183.8,76.65,56.33,77.66,191.87,83.13,8,Bohemians 1905 1-1 Mladá Boleslav,2025-10-22
Dukla Praha,1.3,1.43,-0.13,1.3,1.21,0.09,0.0,0.22,-0.22,1.3,1.43,-0.13,0,0,0,0.13,33.0,36.28,46.03,0.87,1.04,128,9,6,17,6.9,16.35,16.74,2,5,12,4,20,25.3,12.12,121.27,90.81,75.5,37.73,2,Jablonec 0-0 Dukla Praha,2025-10-19
Jablonec,1.43,1.3,0.13,1.21,1.3,-0.09,0.22,0.0,0.22,1.43,1.3,0.13,0,0,0,-0.13,67.0,63.72,46.81,1.04,0.87,257,20,17,6,16.35,6.9,6.88,5,2,39,3,9,183.4,87.88,12.27,9.19,124.6,62.27,3,Jablonec 0-0 Dukla Praha,2025-10-19
Sparta Praha,0.81,0.48,0.33,0.69,0.41,0.28,0.13,0.06,0.07,0.81,0.48,0.33,0,0,0,-0.33,65.9,54.66,47.12,0.7,0.36,255,9,10,9,14.29,25.0,6.21,2,7,22,6,17,117.6,70.42,2.27,1.81,67.5,36.01,2,Slovácko 0-0 Sparta Praha,2025-10-19
Slovácko,0.48,0.81,-0.33,0.41,0.69,-0.28,0.06,0.13,-0.07,0.48,0.81,-0.33,0,0,0,0.33,34.1,45.34,49.9,0.36,0.7,141,10,9,10,25.0,14.29,12.94,7,2,17,6,17,49.4,29.58,122.93,98.19,119.97,63.99,3,Slovácko 0-0 Sparta Praha,2025-10-19
Hradec Králové,1.12,1.33,-0.21,1.11,0.89,0.22,0.02,0.44,-0.42,1.12,1.33,-0.21,1,0,1,1.21,49.4,42.57,48.31,0.4,1.09,230,12,10,19,25.0,17.43,12.63,4,3,14,2,11,44.3,23.17,22.4,31.97,27.7,17.51,1,Baník Ostrava 0-1 Hradec Králové,2025-10-19
Baník Ostrava,1.33,1.12,0.21,0.89,1.11,-0.22,0.44,0.02,0.42,1.33,1.12,0.21,0,1,-1,-1.21,50.6,57.43,48.4,1.09,0.4,222,17,19,10,17.43,25.0,14.0,3,4,40,7,12,146.9,76.83,47.67,68.03,130.47,82.49,4,Baník Ostrava 0-1 Hradec Králové,2025-10-19
Zlín,0.54,0.94,-0.4,0.54,0.87,-0.33,0.0,0.07,-0.07,0.54,0.94,-0.4,0,0,0,0.4,31.7,27.39,46.12,0.29,0.89,111,12,8,10,27.59,11.24,10.61,4,5,9,2,14,31.0,12.49,82.8,95.83,48.23,23.72,3,Slavia Praha 0-0 Zlín,2025-10-18
Slavia Praha,0.94,0.54,0.4,0.87,0.54,0.33,0.07,0.0,0.07,0.94,0.54,0.4,0,0,0,-0.4,68.3,72.61,53.2,0.89,0.29,306,16,10,8,11.24,27.59,5.97,5,4,24,6,13,217.1,87.51,3.6,4.17,155.13,76.28,6,Slavia Praha 0-0 Zlín,2025-10-18
Mladá Boleslav,2.16,3.78,-1.62,1.75,3.14,-1.39,0.42,0.64,-0.22,2.16,3.78,-1.62,1,2,-1,0.62,44.7,33.88,41.94,0.46,1.61,123,11,10,17,21.74,10.56,11.85,5,3,11,3,11,50.7,20.72,43.73,52.48,33.9,14.4,1,Pardubice 2-1 Mladá Boleslav,2025-10-18
Pardubice,3.78,2.16,1.62,3.14,1.75,1.39,0.64,0.42,0.22,3.78,2.16,1.62,2,1,1,-0.62,55.3,66.12,52.66,1.61,0.46,247,16,17,10,10.56,21.74,7.76,3,5,29,6,21,194.0,79.28,39.6,47.52,201.57,85.6,0,Pardubice 2-1 Mladá Boleslav,2025-10-18
Sigma Olomouc,1.48,1.8,-0.32,1.35,1.52,-0.17,0.13,0.28,-0.15,1.48,1.8,-0.32,1,1,0,0.32,47.4,52.0,49.26,0.74,1.02,196,10,12,16,16.22,15.69,13.19,3,1,25,8,10,72.7,47.06,68.93,80.59,109.2,63.24,1,Karviná 1-1 Sigma Olomouc,2025-10-18
Karviná,1.8,1.48,0.32,1.52,1.35,0.17,0.28,0.13,0.15,1.8,1.48,0.32,1,1,0,-0.32,52.6,48.0,42.23,1.02,0.74,152,14,16,12,15.69,16.22,12.95,1,3,12,3,12,81.8,52.94,16.6,19.41,63.47,36.76,1,Karviná 1-1 Sigma Olomouc,2025-10-18
Slovan Liberec,2.57,1.31,1.26,1.76,0.55,1.21,0.05,0.0,0.05,1.81,0.55,1.26,1,1,0,-1.26,61.6,69.01,47.53,1.15,0.26,207,15,17,9,14.78,34.62,6.92,7,3,24,6,23,124.5,93.33,6.33,7.76,74.93,68.93,3,Teplice 1-1 Slovan Liberec,2025-10-18
Teplice,1.31,2.57,-1.26,0.55,1.76,-1.21,0.0,0.05,-0.05,0.55,1.81,-1.26,1,1,0,1.26,38.4,30.99,39.33,0.26,1.15,82,5,9,17,34.62,14.78,11.62,3,7,12,3,13,8.9,6.67,75.27,92.24,33.77,31.07,2,Teplice 1-1 Slovan Liberec,2025-10-18
Viktoria Plzeň,1.92,1.73,0.19,1.82,1.6,0.22,0.1,0.13,-0.03,1.92,1.73,0.19,1,0,1,0.81,56.5,46.49,46.87,0.71,0.84,186,17,15,14,21.13,16.67,8.0,1,3,17,2,9,79.5,46.76,13.53,21.07,75.07,48.47,2,Bohemians 1905 0-1 Viktoria Plzeň,2025-10-18
Bohemians 1905,1.73,1.92,-0.19,1.6,1.82,-0.22,0.13,0.1,0.03,1.73,1.92,-0.19,0,1,-1,-0.81,43.5,53.51,51.56,0.84,0.71,190,17,14,15,16.67,21.13,11.03,3,1,22,4,13,90.5,53.24,50.67,78.93,79.8,51.53,6,Bohemians 1905 0-1 Viktoria Plzeň,2025-10-18
Slavia Praha,0.42,1.56,-1.14,0.42,1.03,-0.61,0.0,0.53,-0.53,0.42,1.56,-1.14,1,1,0,1.14,33.6,27.69,43.57,0.41,1.64,97,6,8,18,19.51,10.98,11.56,2,3,3,2,23,51.3,19.87,78.93,82.56,79.57,32.75,2,Sparta Praha 1-1 Slavia Praha,2025-10-05
Sparta Praha,1.56,0.42,1.14,1.03,0.42,0.61,0.53,0.0,0.53,1.56,0.42,1.14,1,1,0,-1.14,66.4,72.31,53.67,1.64,0.41,268,19,18,8,10.98,19.51,5.24,3,2,37,9,10,206.9,80.13,16.67,17.44,163.4,67.25,1,Sparta Praha 1-1 Slavia Praha,2025-10-05
Hradec Králové,1.38,4.33,-2.95,1.34,3.13,-1.79,0.04,0.43,-0.39,1.38,3.57,-2.19,3,3,0,2.95,36.1,42.66,47.62,0.24,1.16,156,9,7,18,29.17,15.52,19.04,3,6,7,2,13,45.4,25.06,84.73,93.11,91.03,58.17,1,Viktoria Plzeň 3-3 Hradec Králové,2025-10-05
Viktoria Plzeň,4.33,1.38,2.95,3.13,1.34,1.79,0.43,0.04,0.39,3.57,1.38,2.19,3,3,0,-2.95,63.9,57.34,46.73,1.16,0.24,255,14,18,7,15.52,29.17,6.58,6,3,27,5,17,135.8,74.94,6.27,6.89,65.47,41.83,3,Viktoria Plzeň 3-3 Hradec Králové,2025-10-05
Jablonec,1.05,0.92,0.13,0.58,0.88,-0.3,0.47,0.04,0.43,1.05,0.92,0.13,0,2,-2,-2.13,55.6,52.75,46.43,1.21,0.5,213,13,14,10,11.57,20.0,14.13,1,7,21,7,15,137.1,64.25,38.0,29.38,68.87,39.43,2,Sigma Olomouc 2-0 Jablonec,2025-10-05
Sigma Olomouc,0.92,1.05,-0.13,0.88,0.58,0.3,0.04,0.47,-0.43,0.92,1.05,-0.13,2,0,2,2.13,44.4,47.25,47.5,0.5,1.21,180,9,10,14,20.0,11.57,9.95,7,1,14,4,15,76.3,35.75,91.33,70.62,105.8,60.57,1,Sigma Olomouc 2-0 Jablonec,2025-10-05
Baník Ostrava,0.96,2.24,-1.28,0.8,1.14,-0.34,0.16,0.34,-0.18,0.96,1.48,-0.52,1,1,0,1.28,60.0,56.85,43.83,0.9,0.66,194,9,12,19,13.33,28.79,8.59,4,5,24,4,16,85.4,44.32,13.33,10.59,52.3,20.81,3,Zlín 1-1 Baník Ostrava,2025-10-05
Zlín,2.24,0.96,1.28,1.14,0.8,0.34,0.34,0.16,0.18,1.48,0.96,0.52,1,1,0,-1.28,40.0,43.15,47.28,0.66,0.9,165,14,19,12,28.79,13.33,12.85,5,4,15,6,9,107.3,55.68,112.6,89.41,198.97,79.19,7,Zlín 1-1 Baník Ostrava,2025-10-05
Bohemians 1905,0.79,1.2,-0.41,0.79,1.08,-0.29,0.0,0.12,-0.12,0.79,1.2,-0.41,0,0,0,0.41,36.7,40.96,49.8,0.65,0.86,126,13,10,17,15.38,19.77,11.9,4,4,14,0,14,62.8,29.36,84.93,98.07,94.67,48.71,1,Slovan Liberec 0-0 Bohemians 1905,2025-10-04
Slovan Liberec,1.2,0.79,0.41,1.08,0.79,0.29,0.12,0.0,0.12,1.2,0.79,0.41,0,0,0,-0.41,63.3,59.04,49.5,0.86,0.65,243,14,17,10,19.77,15.38,8.41,4,4,30,5,10,151.1,70.64,1.67,1.93,99.7,51.29,1,Slovan Liberec 0-0 Bohemians 1905,2025-10-04
Slovácko,0.98,1.05,-0.07,0.98,0.8,0.18,0.0,0.25,-0.25,0.98,1.05,-0.07,0,0,0,0.07,24.4,19.04,42.4,0.2,1.21,86,6,5,15,25.0,12.4,34.79,2,1,11,5,6,2.2,0.69,151.67,98.74,28.73,12.93,2,Mladá Boleslav 0-0 Slovácko,2025-10-04
Mladá Boleslav,1.05,0.98,0.07,0.8,0.98,-0.18,0.25,0.0,0.25,1.05,0.98,0.07,0,0,0,-0.07,75.6,80.96,54.72,1.21,0.2,420,30,15,5,12.4,25.0,9.0,1,2,29,9,10,316.7,99.31,1.93,1.26,193.5,87.07,1,Mladá Boleslav 0-0 Slovácko,2025-10-04
Karviná,1.92,1.53,0.39,1.65,1.45,0.2,0.27,0.08,0.19,1.92,1.53,0.39,1,2,-1,-1.39,58.8,56.93,43.11,0.55,0.96,166,10,14,15,25.45,15.62,9.26,5,6,18,5,11,93.8,60.4,16.93,16.63,80.3,43.07,0,Pardubice 2-1 Karviná,2025-10-04
Pardubice,1.53,1.92,-0.39,1.45,1.65,-0.2,0.08,0.27,-0.19,1.53,1.92,-0.39,2,1,1,1.39,41.2,43.07,46.2,0.96,0.55,139,19,15,14,15.62,25.45,10.68,6,5,10,4,12,61.5,39.6,84.87,83.37,106.13,56.93,3,Pardubice 2-1 Karviná,2025-10-04
Teplice,2.68,0.37,2.31,2.63,0.37,2.26,0.05,0.0,0.05,2.68,0.37,2.31,3,1,2,-0.31,58.1,59.86,48.88,0.76,0.16,229,11,14,6,18.42,37.5,9.13,1,4,19,5,14,109.6,81.55,24.33,23.0,88.77,59.55,0,Dukla Praha 1-3 Teplice,2025-10-04
Dukla Praha,0.37,2.68,-2.31,0.37,2.63,-2.26,0.0,0.05,-0.05,0.37,2.68,-2.31,1,3,-2,0.31,41.9,40.14,45.56,0.16,0.76,142,4,6,14,37.5,18.42,9.55,4,1,11,2,15,24.8,18.45,81.47,77.0,60.3,40.45,1,Dukla Praha 1-3 Teplice,2025-10-04
Baník Ostrava,2.09,1.19,0.9,1.78,0.92,0.86,0.31,0.26,0.05,2.09,1.19,0.9,1,0,1,0.1,64.1,61.13,50.45,1.09,1.01,280,18,17,13,15.6,12.87,6.39,6,3,35,7,17,154.7,67.79,12.93,9.54,79.9,43.89,3,Pardubice 0-1 Baník Ostrava,2025-10-01
Pardubice,1.19,2.09,-0.9,0.92,1.78,-0.86,0.26,0.31,-0.05,1.19,2.09,-0.9,0,1,-1,-0.1,35.9,38.87,48.23,1.01,1.09,139,10,13,17,12.87,15.6,11.44,3,6,23,4,9,73.5,32.21,122.67,90.46,102.13,56.11,3,Pardubice 0-1 Baník Ostrava,2025-10-01
Zlín,1.99,2.24,-0.25,1.92,1.33,0.59,0.07,0.15,-0.08,1.99,1.48,0.51,1,0,1,1.25,36.0,40.97,47.67,1.16,2.26,137,14,15,19,12.93,8.41,10.49,5,4,11,3,10,55.6,31.97,84.0,92.38,105.67,68.32,3,Viktoria Plzeň 0-1 Zlín,2025-09-28
Viktoria Plzeň,2.24,1.99,0.25,1.33,1.92,-0.59,0.15,0.07,0.08,1.48,1.99,-0.51,0,1,-1,-1.25,64.0,59.03,48.76,2.26,1.16,242,28,19,15,8.41,12.93,5.92,4,5,32,10,18,118.3,68.03,6.93,7.62,49.0,31.68,1,Viktoria Plzeň 0-1 Zlín,2025-09-28
Mladá Boleslav,0.57,2.91,-2.34,0.42,1.32,-0.9,0.15,0.07,0.08,0.57,1.39,-0.82,0,2,-2,0.34,58.8,54.42,46.45,0.45,0.84,228,7,6,14,13.33,16.67,9.63,6,3,10,3,13,88.2,45.46,19.4,23.06,53.03,24.77,2,Jablonec 2-0 Mladá Boleslav,2025-09-28
Jablonec,2.91,0.57,2.34,1.32,0.42,0.9,0.07,0.15,-0.08,1.39,0.57,0.82,2,0,2,-0.34,41.2,45.58,46.2,0.84,0.45,167,19,14,6,16.67,13.33,12.88,3,6,21,4,15,105.8,54.54,64.73,76.94,161.1,75.23,2,Jablonec 2-0 Mladá Boleslav,2025-09-28
Pardubice,0.71,0.5,0.21,0.71,0.5,0.21,0.0,0.0,0.0,0.71,0.5,0.21,0,0,0,-0.21,53.8,42.52,39.9,0.43,0.32,133,9,8,5,18.6,15.62,7.41,4,10,17,4,15,55.4,48.68,20.13,18.14,40.3,26.11,4,Teplice 0-0 Pardubice,2025-09-28
Teplice,0.5,0.71,-0.21,0.5,0.71,-0.21,0.0,0.0,0.0,0.5,0.71,-0.21,0,0,0,0.21,46.2,57.48,51.7,0.32,0.43,188,5,5,8,15.62,18.6,7.46,10,4,19,2,18,58.4,51.32,90.87,81.86,114.03,73.89,6,Teplice 0-0 Pardubice,2025-09-28
Slovan Liberec,3.25,0.48,2.77,1.36,0.4,0.96,1.89,0.08,1.81,3.25,0.48,2.77,3,2,1,-1.77,53.4,57.2,44.98,0.98,0.37,186,9,19,9,19.39,24.32,9.89,7,2,18,6,13,104.4,64.17,47.13,50.07,99.23,64.34,3,Hradec Králové 2-3 Slovan Liberec,2025-09-27
Hradec Králové,0.48,3.25,-2.77,0.4,1.36,-0.96,0.08,1.89,-1.81,0.48,3.25,-2.77,2,3,-1,1.77,46.6,42.8,42.55,0.37,0.98,145,9,9,19,24.32,19.39,12.47,2,7,13,3,16,58.3,35.83,47.0,49.93,55.0,35.66,0,Hradec Králové 2-3 Slovan Liberec,2025-09-27
Karviná,1.31,1.66,-0.35,1.28,1.53,-0.25,0.03,0.13,-0.1,1.31,1.66,-0.35,2,1,1,1.35,43.6,39.01,41.73,0.45,1.3,123,11,10,17,22.22,13.08,11.1,4,5,14,9,12,33.3,20.88,68.0,68.5,92.33,78.03,1,Slovácko 1-2 Karviná,2025-09-27
Slovácko,1.66,1.31,0.35,1.53,1.28,0.25,0.13,0.03,0.1,1.66,1.31,0.35,1,2,-1,-1.35,56.4,60.99,51.73,1.3,0.45,255,17,17,10,13.08,22.22,9.03,5,4,20,2,16,126.2,79.12,31.27,31.5,26.0,21.97,2,Slovácko 1-2 Karviná,2025-09-27
Sparta Praha,2.4,0.7,1.7,2.11,0.61,1.5,0.28,0.08,0.2,2.4,0.7,1.7,3,0,3,1.3,58.0,58.06,45.17,0.74,0.63,197,18,15,9,20.27,14.29,9.15,3,0,15,8,13,120.7,69.33,16.6,19.1,115.43,82.57,2,Baník Ostrava 0-3 Sparta Praha,2025-09-27
Baník Ostrava,0.7,2.4,-1.7,0.61,2.11,-1.5,0.08,0.28,-0.2,0.7,2.4,-1.7,0,3,-3,-1.3,42.0,41.94,43.28,0.63,0.74,140,8,9,15,14.29,20.27,16.04,0,3,13,2,11,53.4,30.67,70.33,80.9,24.37,17.43,2,Baník Ostrava 0-3 Sparta Praha,2025-09-27
Sigma Olomouc,1.24,1.52,-0.28,1.16,1.44,-0.28,0.07,0.08,-0.01,1.24,1.52,-0.28,2,2,0,0.28,47.0,48.84,46.56,0.63,0.92,171,12,14,9,22.22,9.78,9.94,8,5,16,4,9,100.4,55.41,42.13,59.01,105.4,62.43,1,Bohemians 1905 2-2 Sigma Olomouc,2025-09-27
Bohemians 1905,1.52,1.24,0.28,1.44,1.16,0.28,0.08,0.07,0.01,1.52,1.24,0.28,2,2,0,-0.28,53.0,51.16,48.53,0.92,0.63,187,10,9,14,9.78,22.22,8.26,5,8,11,1,10,80.8,44.59,29.27,40.99,63.43,37.57,2,Bohemians 1905 2-2 Sigma Olomouc,2025-09-27
Dukla Praha,0.21,4.04,-3.83,0.21,2.92,-2.71,0.0,0.36,-0.36,0.21,3.28,-3.07,0,2,-2,1.83,36.9,26.4,43.27,0.17,1.75,116,2,5,20,29.41,11.43,13.23,2,2,6,0,17,9.4,3.89,68.53,74.01,9.6,3.18,0,Slavia Praha 2-0 Dukla Praha,2025-09-26
Slavia Praha,4.04,0.21,3.83,2.92,0.21,2.71,0.36,0.0,0.36,3.28,0.21,3.07,2,0,2,-1.83,63.1,73.6,51.24,1.75,0.17,253,27,20,5,11.43,29.41,7.2,2,2,26,9,12,232.3,96.11,24.07,25.99,292.4,96.82,1,Slavia Praha 2-0 Dukla Praha,2025-09-26
Baník Ostrava,1.59,2.19,-0.6,1.47,1.21,0.26,0.12,0.22,-0.1,1.59,1.43,0.16,1,1,0,0.6,42.8,40.23,47.86,0.54,0.62,163,15,12,22,22.22,35.48,10.62,3,1,30,12,11,68.3,27.52,79.73,68.38,103.77,47.33,0,Mladá Boleslav 1-1 Baník Ostrava,2025-09-21
Mladá Boleslav,2.19,1.59,0.6,1.21,1.47,-0.26,0.22,0.12,0.1,1.43,1.59,-0.16,1,1,0,-0.6,57.2,59.77,49.23,0.62,0.54,259,18,22,12,35.48,22.22,10.04,1,3,18,9,15,179.9,72.48,36.87,31.62,115.5,52.67,1,Mladá Boleslav 1-1 Baník Ostrava,2025-09-21
Slavia Praha,1.19,0.62,0.57,1.01,0.62,0.39,0.18,0.0,0.18,1.19,0.62,0.57,1,1,0,-0.57,68.8,74.84,50.07,1.0,0.48,237,20,18,7,18.0,14.58,7.08,2,2,27,11,14,193.0,91.47,1.27,1.33,120.6,69.35,4,Slovan Liberec 1-1 Slavia Praha,2025-09-21
Slovan Liberec,0.62,1.19,-0.57,0.62,1.01,-0.39,0.0,0.18,-0.18,0.62,1.19,-0.57,1,1,0,0.57,31.2,25.16,42.71,0.48,1.0,83,7,7,18,14.58,18.0,9.03,2,2,10,4,19,18.0,8.53,94.47,98.67,53.3,30.65,5,Slovan Liberec 1-1 Slavia Praha,2025-09-21
Bohemians 1905,1.38,0.85,0.53,1.12,0.27,0.85,0.25,0.57,-0.32,1.38,0.85,0.53,2,0,2,1.47,40.8,54.68,51.22,0.82,0.29,144,13,11,10,13.41,34.48,13.0,3,2,18,5,10,93.7,60.77,81.93,88.1,158.9,86.96,0,Dukla Praha 0-2 Bohemians 1905,2025-09-21
Dukla Praha,0.85,1.38,-0.53,0.27,1.12,-0.85,0.57,0.25,0.32,0.85,1.38,-0.53,0,2,-2,-1.47,59.2,45.32,42.53,0.29,0.82,159,9,10,11,34.48,13.41,8.82,2,3,15,7,12,60.5,39.23,11.07,11.9,23.83,13.04,3,Dukla Praha 0-2 Bohemians 1905,2025-09-21
Viktoria Plzeň,0.96,2.84,-1.88,0.91,1.8,-0.89,0.05,0.28,-0.23,0.96,2.08,-1.12,1,2,-1,0.88,37.6,36.88,44.86,0.81,1.28,126,5,12,15,14.81,11.72,13.3,2,3,9,2,12,43.9,24.16,78.47,83.95,82.1,40.72,1,Sparta Praha 2-1 Viktoria Plzeň,2025-09-20
Sparta Praha,2.84,0.96,1.88,1.8,0.91,0.89,0.28,0.05,0.23,2.08,0.96,1.12,2,1,1,-0.88,62.4,63.12,47.71,1.28,0.81,224,14,15,12,11.72,14.81,7.59,3,2,15,11,13,137.8,75.84,15.0,16.05,119.53,59.28,1,Sparta Praha 2-1 Viktoria Plzeň,2025-09-20
Slovácko,1.4,2.01,-0.61,1.09,1.35,-0.26,0.3,0.66,-0.36,1.4,2.01,-0.61,1,1,0,0.61,33.7,40.32,48.99,0.6,1.22,125,12,11,15,18.33,12.3,18.27,4,2,16,2,12,38.1,24.98,116.47,99.26,106.23,65.71,2,Pardubice 1-1 Slovácko,2025-09-20
Pardubice,2.01,1.4,0.61,1.35,1.09,0.26,0.66,0.3,0.36,2.01,1.4,0.61,1,1,0,-0.61,66.3,59.68,46.55,1.22,0.6,230,26,15,11,12.3,18.33,8.52,2,4,27,11,13,114.4,75.02,0.87,0.74,55.43,34.29,1,Pardubice 1-1 Slovácko,2025-09-20
Jablonec,1.1,1.7,-0.6,0.95,0.74,0.21,0.15,0.21,-0.06,1.1,0.94,0.16,2,1,1,1.6,35.6,38.31,42.83,0.14,0.93,105,8,10,13,71.43,13.98,14.71,2,5,9,5,15,33.6,23.88,101.4,91.57,115.13,68.45,6,Karviná 1-2 Jablonec,2025-09-20
Karviná,1.7,1.1,0.6,0.74,0.95,-0.21,0.21,0.15,0.06,0.94,1.1,-0.16,1,2,-1,-1.6,64.4,61.69,46.26,0.93,0.14,204,12,13,10,13.98,71.43,6.33,5,2,19,7,17,107.1,76.12,9.33,8.43,53.07,31.55,3,Karviná 1-2 Jablonec,2025-09-20
Teplice,1.79,1.18,0.61,1.78,1.18,0.6,0.01,0.0,0.01,1.79,1.18,0.61,0,0,0,-0.61,37.0,42.05,46.79,0.65,0.81,120,7,10,13,15.38,16.05,8.09,3,3,17,8,23,51.3,27.54,95.73,97.16,95.63,52.54,4,Sigma Olomouc 0-0 Teplice,2025-09-20
Sigma Olomouc,1.18,1.79,-0.61,1.18,1.78,-0.6,0.0,0.01,-0.01,1.18,1.79,-0.61,0,0,0,0.61,63.0,57.95,47.39,0.81,0.65,208,9,13,10,16.05,15.38,4.64,3,3,27,3,20,135.0,72.46,2.8,2.84,86.4,47.46,3,Sigma Olomouc 0-0 Teplice,2025-09-20
Hradec Králové,2.13,1.68,0.45,1.96,1.47,0.49,0.17,0.22,-0.05,2.13,1.68,0.45,2,1,1,0.55,48.5,51.07,49.46,0.64,0.84,191,12,13,15,20.31,17.86,11.14,4,6,15,5,12,107.4,59.5,53.87,62.88,129.77,78.66,0,Zlín 1-2 Hradec Králové,2025-09-20
Zlín,1.68,2.13,-0.45,1.47,1.96,-0.49,0.22,0.17,0.05,1.68,2.13,-0.45,1,2,-1,-0.55,51.5,48.93,46.03,0.84,0.64,158,12,15,13,17.86,20.31,6.69,6,4,21,5,15,73.1,40.5,31.8,37.12,35.2,21.34,5,Zlín 1-2 Hradec Králové,2025-09-20
Teplice,1.47,2.28,-0.81,0.71,1.06,-0.35,0.0,1.22,-1.22,0.71,2.28,-1.57,1,1,0,0.81,49.8,46.5,43.81,0.57,1.17,154,6,7,15,12.28,12.82,8.59,9,2,17,4,13,37.0,24.28,46.07,56.97,33.9,20.74,3,Baník Ostrava 1-1 Teplice,2025-09-17
Baník Ostrava,2.28,1.47,0.81,1.06,0.71,0.35,1.22,0.0,1.22,2.28,0.71,1.57,1,1,0,-0.81,50.2,53.5,42.66,1.17,0.57,160,22,15,7,12.82,12.28,8.93,2,9,23,7,20,115.4,75.72,34.8,43.03,129.53,79.26,3,Baník Ostrava 1-1 Teplice,2025-09-17
Sparta Praha,2.55,0.37,2.18,2.54,0.33,2.21,0.02,0.03,-0.01,2.55,0.37,2.18,1,2,-1,-3.18,65.3,59.31,47.35,1.19,0.48,259,18,20,7,16.81,14.58,9.5,6,1,24,6,9,154.3,73.76,18.73,14.43,83.5,64.56,0,Hradec Králové 2-1 Sparta Praha,2025-09-14
Hradec Králové,0.37,2.55,-2.18,0.33,2.54,-2.21,0.03,0.02,0.01,0.37,2.55,-2.18,2,1,1,3.18,34.7,40.69,44.35,0.48,1.19,128,12,7,20,14.58,16.81,14.18,1,6,17,3,15,54.9,26.24,111.07,85.57,45.83,35.44,0,Hradec Králové 2-1 Sparta Praha,2025-09-14
Slovácko,1.76,2.77,-1.01,1.46,2.72,-1.26,0.3,0.05,0.25,1.76,2.77,-1.01,0,1,-1,0.01,52.7,45.71,48.14,0.47,1.14,203,16,16,14,34.04,12.28,12.71,3,3,26,4,9,83.3,47.65,14.33,25.26,49.3,27.3,2,Bohemians 1905 1-0 Slovácko,2025-09-14
Bohemians 1905,2.77,1.76,1.01,2.72,1.46,1.26,0.05,0.3,-0.25,2.77,1.76,1.01,1,0,1,-0.01,47.3,54.29,53.03,1.14,0.47,210,16,14,16,12.28,34.04,12.41,3,3,29,5,13,91.5,52.35,42.4,74.74,131.27,72.7,2,Bohemians 1905 1-0 Slovácko,2025-09-14
Pardubice,1.7,2.82,-1.12,0.86,2.82,-1.96,0.08,0.0,0.08,0.94,2.82,-1.88,2,3,-1,0.12,45.8,47.45,44.27,0.42,0.61,166,11,10,14,23.81,22.95,12.97,6,4,23,5,13,73.6,38.43,75.0,57.87,40.84,21.48,2,Jablonec 3-2 Pardubice,2025-09-14
Jablonec,2.82,1.7,1.12,2.82,0.86,1.96,0.0,0.08,-0.08,2.82,0.94,1.88,3,2,1,-0.12,54.2,52.55,43.2,0.61,0.42,176,11,14,10,22.95,23.81,13.04,4,6,15,5,10,117.9,61.57,54.6,42.13,149.28,78.52,2,Jablonec 3-2 Pardubice,2025-09-14
Karviná,0.5,3.67,-3.17,0.39,2.86,-2.47,0.11,0.81,-0.7,0.5,3.67,-3.17,1,3,-2,1.17,40.9,34.31,46.2,0.58,1.65,115,7,11,26,18.97,15.76,6.75,2,13,11,2,18,14.9,6.91,45.2,84.64,16.13,7.72,4,Slavia Praha 3-1 Karviná,2025-09-13
Slavia Praha,3.67,0.5,3.17,2.86,0.39,2.47,0.81,0.11,0.7,3.67,0.5,3.17,3,1,2,-1.17,59.1,65.69,53.0,1.65,0.58,214,34,26,11,15.76,18.97,4.93,13,2,34,13,13,200.7,93.09,8.2,15.36,192.93,92.28,1,Slavia Praha 3-1 Karviná,2025-09-13
Mladá Boleslav,2.42,2.15,0.27,1.26,2.14,-0.88,0.4,0.01,0.39,1.66,2.15,-0.49,3,2,1,0.73,65.9,60.67,50.12,0.9,0.62,213,11,14,12,15.56,19.35,7.0,2,2,16,5,11,108.3,70.83,3.73,4.18,68.5,49.78,1,Teplice 2-3 Mladá Boleslav,2025-09-13
Teplice,2.15,2.42,-0.27,2.14,1.26,0.88,0.01,0.4,-0.39,2.15,1.66,0.49,2,3,-1,-0.73,34.1,39.33,48.82,0.62,0.9,109,13,12,14,19.35,15.56,16.25,2,2,14,3,11,44.6,29.17,85.53,95.82,69.1,50.22,7,Teplice 2-3 Mladá Boleslav,2025-09-13
Slovan Liberec,2.22,1.48,0.74,1.69,1.33,0.36,0.53,0.15,0.38,2.22,1.48,0.74,2,0,2,1.26,49.8,45.77,46.27,0.51,1.1,177,9,16,12,31.37,10.91,10.57,5,6,12,3,11,87.4,44.59,42.0,49.57,86.03,42.53,3,Baník Ostrava 0-2 Slovan Liberec,2025-09-13
Baník Ostrava,1.48,2.22,-0.74,1.33,1.69,-0.36,0.15,0.53,-0.38,1.48,2.22,-0.74,0,2,-2,-1.26,50.2,54.23,48.52,1.1,0.51,191,20,12,16,10.91,31.37,10.69,6,5,26,6,8,108.6,55.41,42.73,50.43,116.27,57.47,0,Baník Ostrava 0-2 Slovan Liberec,2025-09-13
Sigma Olomouc,0.69,3.84,-3.15,0.57,3.57,-3.0,0.12,0.27,-0.15,0.69,3.84,-3.15,0,1,-1,2.15,45.1,37.06,46.85,0.72,0.69,133,9,9,19,12.5,27.54,10.62,3,4,19,5,15,36.8,19.87,28.67,51.38,28.87,14.1,1,Viktoria Plzeň 1-0 Sigma Olomouc,2025-09-13
Viktoria Plzeň,3.84,0.69,3.15,3.57,0.57,3.0,0.27,0.12,0.15,3.84,0.69,3.15,1,0,1,-2.15,54.9,62.94,49.97,0.69,0.72,208,16,19,9,27.54,12.5,8.06,4,3,29,11,8,148.4,80.13,27.13,48.62,175.83,85.9,1,Viktoria Plzeň 1-0 Sigma Olomouc,2025-09-13
Dukla Praha,2.06,1.67,0.39,2.04,0.84,1.2,0.02,0.07,-0.05,2.06,0.91,1.15,1,1,0,-0.39,37.2,39.06,44.49,0.87,1.37,98,9,11,14,12.64,10.22,9.33,1,0,15,4,20,55.5,35.04,49.67,89.22,82.7,52.8,2,Zlín 1-1 Dukla Praha,2025-09-13
Zlín,1.67,2.06,-0.39,0.84,2.04,-1.2,0.07,0.02,0.05,0.91,2.06,-1.15,1,1,0,0.39,62.8,60.94,48.69,1.37,0.87,182,14,14,11,10.22,12.64,5.59,0,1,27,8,18,102.9,64.96,6.0,10.78,73.93,47.2,7,Zlín 1-1 Dukla Praha,2025-09-13
Zlín,0.97,1.62,-0.65,0.87,1.3,-0.43,0.1,0.31,-0.21,0.97,1.62,-0.65,1,3,-2,-1.35,34.6,32.83,42.61,0.24,0.76,114,7,10,14,41.67,18.42,13.77,4,2,17,3,15,16.2,9.99,140.93,98.33,40.13,19.51,2,Sparta Praha 3-1 Zlín,2025-08-31
Sparta Praha,1.62,0.97,0.65,1.3,0.87,0.43,0.31,0.1,0.21,1.62,0.97,0.65,3,1,2,1.35,65.4,67.17,46.46,0.76,0.24,256,15,14,10,18.42,41.67,8.3,2,4,16,5,11,145.9,90.01,2.4,1.67,165.51,80.49,0,Sparta Praha 3-1 Zlín,2025-08-31
Baník Ostrava,1.62,1.26,0.36,1.59,1.07,0.52,0.03,0.2,-0.17,1.62,1.26,0.36,0,1,-1,-1.36,54.5,50.98,40.84,0.92,1.25,148,13,9,13,9.78,10.4,14.25,2,11,27,3,11,73.2,48.87,16.87,12.52,31.27,15.62,0,Sigma Olomouc 1-0 Baník Ostrava,2025-08-31
Sigma Olomouc,1.26,1.62,-0.36,1.07,1.59,-0.52,0.2,0.03,0.17,1.26,1.62,-0.36,1,0,1,1.36,45.5,49.02,49.72,1.25,0.92,201,11,13,9,10.4,9.78,10.09,11,2,22,5,10,76.6,51.13,117.87,87.48,168.97,84.38,2,Sigma Olomouc 1-0 Baník Ostrava,2025-08-31
Viktoria Plzeň,0.5,2.18,-1.68,0.5,1.57,-1.07,0.0,0.62,-0.62,0.5,2.18,-1.68,1,1,0,1.68,44.8,47.02,47.21,0.69,1.3,139,9,8,15,11.59,11.54,7.02,4,5,7,2,20,62.6,43.17,44.47,77.83,91.1,61.68,2,Slovan Liberec 1-1 Viktoria Plzeň,2025-08-31
Slovan Liberec,2.18,0.5,1.68,1.57,0.5,1.07,0.62,0.0,0.62,2.18,0.5,1.68,1,1,0,-1.68,55.2,52.98,48.51,1.3,0.69,184,20,15,8,11.54,11.59,5.42,5,4,19,6,14,82.4,56.83,12.67,22.17,56.6,38.32,4,Slovan Liberec 1-1 Viktoria Plzeň,2025-08-31
Slavia Praha,4.24,0.91,3.33,3.31,0.09,3.22,0.93,0.06,0.87,4.24,0.15,4.09,3,1,2,-1.33,54.0,61.83,51.64,1.13,0.46,215,23,23,7,20.35,15.22,8.77,3,1,17,11,17,196.0,82.39,42.2,56.97,207.8,91.8,0,Mladá Boleslav 1-3 Slavia Praha,2025-08-30
Mladá Boleslav,0.91,4.24,-3.33,0.09,3.31,-3.22,0.06,0.93,-0.87,0.15,4.24,-4.09,1,3,-2,1.33,46.0,38.17,41.89,0.46,1.13,125,5,7,23,15.22,20.35,9.81,1,3,12,5,13,41.9,17.61,31.87,43.03,18.57,8.2,0,Mladá Boleslav 1-3 Slavia Praha,2025-08-30
Bohemians 1905,1.07,1.98,-0.91,0.9,1.83,-0.93,0.17,0.15,0.02,1.07,1.98,-0.91,1,1,0,0.91,58.5,65.17,47.82,0.65,0.46,225,11,11,15,16.92,32.61,10.96,4,0,29,6,10,106.8,65.24,27.07,24.5,80.73,41.53,1,Pardubice 1-1 Bohemians 1905,2025-08-30
Pardubice,1.98,1.07,0.91,1.83,0.9,0.93,0.15,0.17,-0.02,1.98,1.07,0.91,1,1,0,-0.91,41.5,34.83,40.49,0.46,0.65,98,15,15,11,32.61,16.92,15.42,0,4,15,5,11,56.9,34.76,83.4,75.5,113.67,58.47,0,Pardubice 1-1 Bohemians 1905,2025-08-30
Teplice,0.76,2.99,-2.23,0.74,2.46,-1.72,0.03,0.53,-0.5,0.76,2.99,-2.23,1,4,-3,-0.77,43.6,60.08,47.43,0.48,0.71,156,13,13,10,27.08,14.08,11.64,5,4,14,4,12,80.6,64.84,100.27,93.01,71.66,56.64,3,Karviná 4-1 Teplice,2025-08-30
Karviná,2.99,0.76,2.23,2.46,0.74,1.72,0.53,0.03,0.5,2.99,0.76,2.23,4,1,3,0.77,56.4,39.92,38.09,0.71,0.48,124,10,10,13,14.08,27.08,9.59,4,5,4,2,17,43.7,35.16,7.53,6.99,54.86,43.36,2,Karviná 4-1 Teplice,2025-08-30
Jablonec,0.96,1.98,-1.02,0.71,1.66,-0.95,0.25,0.31,-0.06,0.96,1.98,-1.02,2,0,2,3.02,47.4,33.13,42.48,0.33,1.26,125,8,8,18,24.24,14.29,10.79,3,8,16,8,16,34.8,17.67,29.4,50.34,47.07,27.03,1,Slovácko 0-2 Jablonec,2025-08-30
Slovácko,1.98,0.96,1.02,1.66,0.71,0.95,0.31,0.25,0.06,1.98,0.96,1.02,0,2,-2,-3.02,52.6,66.87,54.57,1.26,0.33,247,18,18,8,14.29,24.24,9.06,8,3,44,10,15,162.1,82.33,29.0,49.66,127.07,72.97,2,Slovácko 0-2 Jablonec,2025-08-30
Hradec Králové,1.98,1.05,0.93,1.88,1.01,0.87,0.11,0.04,0.07,1.98,1.05,0.93,1,1,0,-0.93,48.4,48.89,47.17,0.63,0.62,185,16,14,15,22.22,24.19,17.57,1,2,23,7,14,116.0,59.64,58.67,60.61,134.73,68.76,0,Dukla Praha 1-1 Hradec Králové,2025-08-30
Dukla Praha,1.05,1.98,-0.93,1.01,1.88,-0.87,0.04,0.11,-0.07,1.05,1.98,-0.93,1,1,0,0.93,51.6,51.11,44.47,0.62,0.63,184,5,15,14,24.19,22.22,12.15,2,1,19,6,12,78.5,40.36,38.13,39.39,61.2,31.24,2,Dukla Praha 1-1 Hradec Králové,2025-08-30
Dukla Praha,0.76,2.6,-1.84,0.76,1.85,-1.09,0.0,0.74,-0.74,0.76,2.6,-1.84,2,3,-1,0.84,22.5,21.77,43.46,0.25,0.8,72,5,5,17,20.0,21.25,14.16,4,1,7,2,17,9.9,4.07,126.67,98.45,47.77,27.05,2,Sparta Praha 3-2 Dukla Praha,2025-08-24
Sparta Praha,2.6,0.76,1.84,1.85,0.76,1.09,0.74,0.0,0.74,2.6,0.76,1.84,3,2,1,-0.84,77.5,78.23,51.14,0.8,0.25,316,16,17,5,21.25,20.0,4.77,1,4,32,9,10,233.3,95.93,2.0,1.55,128.8,72.95,3,Sparta Praha 3-2 Dukla Praha,2025-08-24
Slovácko,0.88,2.25,-1.37,0.54,1.66,-1.12,0.33,0.59,-0.26,0.88,2.25,-1.37,0,2,-2,-0.63,39.8,34.99,46.89,0.7,0.94,152,11,12,21,17.14,22.34,12.43,8,3,19,3,13,63.0,23.66,74.0,59.97,53.53,19.19,0,Baník Ostrava 2-0 Slovácko,2025-08-24
Baník Ostrava,2.25,0.88,1.37,1.66,0.54,1.12,0.59,0.33,0.26,2.25,0.88,1.37,2,0,2,0.63,60.2,65.01,52.4,0.94,0.7,293,20,21,12,22.34,17.14,10.3,3,8,46,13,10,203.3,76.34,49.4,40.03,225.47,80.81,1,Baník Ostrava 2-0 Slovácko,2025-08-24
Sigma Olomouc,0.66,0.89,-0.23,0.65,0.82,-0.17,0.01,0.07,-0.06,0.66,0.89,-0.23,0,1,-1,-0.77,55.8,56.29,46.34,0.62,0.4,187,10,9,6,14.52,15.0,6.12,7,3,33,2,15,86.3,59.15,19.67,22.66,51.8,34.63,1,Hradec Králové 1-0 Sigma Olomouc,2025-08-24
Hradec Králové,0.89,0.66,0.23,0.82,0.65,0.17,0.07,0.01,0.06,0.89,0.66,0.23,1,0,1,0.77,44.2,43.71,47.62,0.4,0.62,149,16,6,9,15.0,14.52,10.34,3,7,14,3,17,59.6,40.85,67.13,77.34,97.77,65.37,3,Hradec Králové 1-0 Sigma Olomouc,2025-08-24
Pardubice,0.5,3.97,-3.47,0.5,2.54,-2.04,0.0,1.42,-1.42,0.5,3.97,-3.47,1,3,-2,1.47,32.6,16.0,39.38,0.44,1.88,81,8,4,26,9.09,13.83,11.52,5,12,8,1,12,14.1,3.87,73.93,84.53,22.33,6.59,2,Slavia Praha 3-1 Pardubice,2025-08-23
Slavia Praha,3.97,0.5,3.47,2.54,0.5,2.04,1.42,0.0,1.42,3.97,0.5,3.47,3,1,2,-1.47,67.4,84.0,55.87,1.88,0.44,343,38,26,4,13.83,9.09,5.86,12,5,46,18,9,350.2,96.13,13.53,15.47,316.4,93.41,0,Slavia Praha 3-1 Pardubice,2025-08-23
Jablonec,0.88,1.22,-0.34,0.72,1.22,-0.5,0.16,0.0,0.16,0.88,1.22,-0.34,1,0,1,1.34,51.7,43.75,43.55,0.5,1.12,146,10,8,15,16.0,13.39,10.96,4,6,16,7,10,69.1,42.19,28.67,38.4,67.37,48.62,2,Teplice 0-1 Jablonec,2025-08-23
Teplice,1.22,0.88,0.34,1.22,0.72,0.5,0.0,0.16,-0.16,1.22,0.88,0.34,0,1,-1,-1.34,48.3,56.25,49.57,1.12,0.5,198,12,15,8,13.39,16.0,9.3,6,4,26,6,15,94.7,57.81,46.0,61.6,71.2,51.38,2,Teplice 0-1 Jablonec,2025-08-23
Karviná,0.85,3.07,-2.22,0.81,1.51,-0.7,0.04,0.81,-0.77,0.85,2.31,-1.46,1,2,-1,1.22,50.8,36.33,40.6,0.25,1.15,142,9,13,20,52.0,17.39,10.5,1,6,8,3,13,44.6,26.44,16.6,23.47,32.5,16.75,4,Viktoria Plzeň 2-1 Karviná,2025-08-23
Viktoria Plzeň,3.07,0.85,2.22,1.51,0.81,0.7,0.81,0.04,0.77,2.31,0.85,1.46,2,1,1,-1.22,49.2,63.67,49.37,1.15,0.25,205,17,20,13,17.39,52.0,8.85,6,1,28,13,9,124.1,73.56,54.13,76.53,161.53,83.25,3,Viktoria Plzeň 2-1 Karviná,2025-08-23
Slovan Liberec,2.29,2.11,0.18,2.29,1.16,1.13,0.0,0.19,-0.19,2.29,1.35,0.94,0,1,-1,-1.18,59.7,54.18,46.67,1.1,0.6,192,25,18,12,16.36,20.0,5.87,2,7,23,4,13,128.4,70.05,8.53,9.49,70.87,44.87,5,Zlín 1-0 Slovan Liberec,2025-08-23
Zlín,2.11,2.29,-0.18,1.16,2.29,-1.13,0.19,0.0,0.19,1.35,2.29,-0.94,1,0,1,1.18,40.3,45.82,47.15,0.6,1.1,133,14,12,18,20.0,16.36,9.91,7,2,18,5,19,54.9,29.95,81.33,90.51,87.07,55.13,6,Zlín 1-0 Slovan Liberec,2025-08-23
Viktoria Plzeň,3.74,0.83,2.91,3.66,0.81,2.85,0.08,0.02,0.06,3.74,0.83,2.91,5,0,5,2.09,45.3,51.48,51.13,1.51,0.18,197,22,20,12,13.25,66.67,9.1,9,6,19,5,17,127.4,74.68,80.73,77.62,244.3,98.14,0,Mladá Boleslav 0-5 Viktoria Plzeň,2025-08-19
Mladá Boleslav,0.83,3.74,-2.91,0.81,3.66,-2.85,0.02,0.08,-0.06,0.83,3.74,-2.91,0,5,-5,-2.09,54.7,48.52,42.94,0.18,1.51,178,4,12,20,66.67,13.25,9.96,6,9,12,7,2,43.2,25.32,23.27,22.38,4.63,1.86,0,Mladá Boleslav 0-5 Viktoria Plzeň,2025-08-19
Sparta Praha,2.1,0.61,1.49,1.3,0.56,0.74,0.8,0.05,0.75,2.1,0.61,1.49,2,0,2,0.51,75.2,70.41,44.21,1.05,0.33,271,20,16,6,15.24,18.18,8.91,2,5,24,7,11,163.1,76.93,2.8,1.4,76.33,38.32,1,Slovan Liberec 0-2 Sparta Praha,2025-08-17
Slovan Liberec,0.61,2.1,-1.49,0.56,1.3,-0.74,0.05,0.8,-0.75,0.61,2.1,-1.49,0,2,-2,-0.51,24.8,29.59,42.2,0.33,1.05,92,8,6,16,18.18,15.24,20.72,5,2,14,4,10,48.9,23.07,196.53,98.6,122.87,61.68,0,Slovan Liberec 0-2 Sparta Praha,2025-08-17
Bohemians 1905,1.85,1.53,0.32,1.44,1.2,0.24,0.41,0.32,0.09,1.85,1.53,0.32,2,1,1,0.68,45.6,51.15,46.71,1.63,0.83,147,13,13,12,7.98,14.46,10.4,4,3,13,7,18,90.9,55.46,68.8,84.59,117.63,70.86,0,Karviná 1-2 Bohemians 1905,2025-08-17
Karviná,1.53,1.85,-0.32,1.2,1.44,-0.24,0.32,0.41,-0.09,1.53,1.85,-0.32,1,2,-1,-0.68,54.4,48.85,45.56,0.83,1.63,154,12,12,13,14.46,7.98,7.34,3,4,16,4,11,73.0,44.54,12.53,15.41,48.37,29.14,2,Karviná 1-2 Bohemians 1905,2025-08-17
Slavia Praha,1.41,0.6,0.81,1.19,0.6,0.59,0.22,0.0,0.22,1.41,0.6,0.81,1,1,0,-0.81,70.2,71.73,50.87,1.06,0.5,243,16,20,5,18.87,10.0,6.04,2,4,33,8,13,212.6,86.81,6.87,8.39,166.13,71.27,3,Jablonec 1-1 Slavia Praha,2025-08-16
Jablonec,0.6,1.41,-0.81,0.6,1.19,-0.59,0.0,0.22,-0.22,0.6,1.41,-0.81,1,1,0,0.81,29.8,28.27,49.4,0.5,1.06,96,10,5,20,10.0,18.87,8.67,4,2,10,2,14,32.3,13.19,75.0,91.61,66.97,28.73,3,Jablonec 1-1 Slavia Praha,2025-08-16
Hradec Králové,1.84,1.95,-0.11,1.15,1.28,-0.13,0.69,0.67,0.02,1.84,1.95,-0.11,2,3,-1,-0.89,30.8,30.84,42.42,0.87,0.66,105,16,15,18,17.24,27.27,17.65,2,6,15,6,13,60.5,24.27,124.67,96.09,65.77,26.97,2,Mladá Boleslav 3-2 Hradec Králové,2025-08-16
Mladá Boleslav,1.95,1.84,0.11,1.28,1.15,0.13,0.67,0.69,-0.02,1.95,1.84,0.11,3,2,1,0.89,69.2,69.16,47.35,0.66,0.87,263,12,18,15,27.27,17.24,6.79,6,2,11,9,11,188.8,75.73,5.07,3.91,178.13,73.03,0,Mladá Boleslav 3-2 Hradec Králové,2025-08-16
Teplice,0.75,2.35,-1.6,0.55,2.13,-1.58,0.19,0.22,-0.03,0.75,2.35,-1.6,1,2,-1,0.6,38.9,41.22,47.88,0.52,0.83,124,13,14,21,26.92,25.3,10.34,2,3,18,8,16,57.4,28.71,102.13,93.59,109.73,61.67,4,Slovácko 2-1 Teplice,2025-08-16
Slovácko,2.35,0.75,1.6,2.13,0.55,1.58,0.22,0.19,0.03,2.35,0.75,1.6,2,1,1,-0.6,61.1,58.78,49.31,0.83,0.52,207,17,21,14,25.3,26.92,6.79,3,2,35,7,14,142.5,71.29,7.0,6.41,68.2,38.33,2,Slovácko 2-1 Teplice,2025-08-16
Zlín,0.0,2.65,-2.65,0.0,2.61,-2.61,0.0,0.04,-0.04,0.0,2.65,-2.65,0,1,-1,1.65,31.3,31.85,41.9,0.0,2.19,76,3,0,23,,10.5,11.86,2,3,4,1,16,6.6,2.58,115.53,97.08,9.4,6.2,6,Sigma Olomouc 1-0 Zlín,2025-08-16
Sigma Olomouc,2.65,0.0,2.65,2.61,0.0,2.61,0.04,0.0,0.04,2.65,0.0,2.65,1,0,1,-1.65,68.7,68.15,51.46,2.19,0.0,252,22,23,0,10.5,,6.06,3,2,29,7,13,249.0,97.42,3.47,2.92,142.23,93.8,0,Sigma Olomouc 1-0 Zlín,2025-08-16
Viktoria Plzeň,1.91,1.85,0.06,1.81,0.53,1.28,0.1,0.57,-0.47,1.91,1.09,0.82,0,2,-2,-2.06,69.3,63.61,48.88,1.64,0.35,261,15,18,12,10.98,34.29,6.3,5,4,27,5,15,147.3,76.64,3.93,2.86,49.07,31.46,2,Dukla Praha 2-0 Viktoria Plzeň,2025-08-16
Dukla Praha,1.85,1.91,-0.06,0.53,1.81,-1.28,0.57,0.1,0.47,1.09,1.91,-0.82,2,0,2,2.06,30.7,36.39,45.29,0.35,1.64,100,11,12,18,34.29,10.98,14.1,4,5,14,5,14,44.9,23.36,133.33,97.14,106.9,68.54,4,Dukla Praha 2-0 Viktoria Plzeň,2025-08-16
Sigma Olomouc,0.36,1.16,-0.8,0.36,1.11,-0.75,0.0,0.05,-0.05,0.36,1.16,-0.8,0,1,-1,-0.2,24.9,23.83,37.74,0.05,1.19,70,1,4,15,80.0,12.61,15.97,2,3,4,1,13,8.3,3.69,161.4,95.13,31.73,20.84,0,Sparta Praha 1-0 Sigma Olomouc,2025-08-10
Sparta Praha,1.16,0.36,0.8,1.11,0.36,0.75,0.05,0.0,0.05,1.16,0.36,0.8,1,0,1,0.2,75.1,76.17,46.93,1.19,0.05,292,20,15,4,12.61,80.0,7.67,3,2,18,6,11,216.8,96.31,8.27,4.87,120.5,79.16,1,Sparta Praha 1-0 Sigma Olomouc,2025-08-10
Karviná,2.54,1.46,1.08,1.67,1.42,0.25,0.11,0.04,0.07,1.78,1.46,0.32,2,1,1,-0.08,41.5,37.54,41.53,0.66,1.23,104,7,15,14,22.73,11.38,15.95,3,4,11,3,13,43.8,28.42,66.4,77.21,67.13,48.52,1,Baník Ostrava 1-2 Karviná,2025-08-10
Baník Ostrava,1.46,2.54,-1.08,1.42,1.67,-0.25,0.04,0.11,-0.07,1.46,1.78,-0.32,1,2,-1,0.08,58.5,62.46,46.31,1.23,0.66,218,17,14,15,11.38,22.73,12.5,4,3,22,8,6,110.3,71.58,19.6,22.79,71.23,51.48,5,Baník Ostrava 1-2 Karviná,2025-08-10
Jablonec,1.05,1.47,-0.42,1.05,1.37,-0.32,0.0,0.1,-0.1,1.05,1.47,-0.42,1,0,1,1.42,48.4,40.79,45.18,0.63,0.85,164,15,10,8,15.87,9.41,10.21,0,5,12,3,10,75.3,48.3,50.2,55.29,93.2,62.3,0,Bohemians 1905 0-1 Jablonec,2025-08-10
Bohemians 1905,1.47,1.05,0.42,1.37,1.05,0.32,0.1,0.0,0.1,1.47,1.05,0.42,0,1,-1,-1.42,51.6,59.21,47.97,0.85,0.63,203,12,8,10,9.41,15.87,9.55,5,0,35,5,15,80.6,51.7,40.6,44.71,56.4,37.7,3,Bohemians 1905 0-1 Jablonec,2025-08-10
Pardubice,1.19,0.8,0.39,0.69,0.78,-0.09,0.5,0.02,0.48,1.19,0.8,0.39,1,1,0,-0.39,62.6,49.43,45.48,0.68,0.2,196,9,9,7,13.24,35.0,8.0,2,2,31,6,16,79.3,57.34,1.2,1.38,30.3,20.95,1,Hradec Králové 1-1 Pardubice,2025-08-10
Hradec Králové,0.8,1.19,-0.39,0.78,0.69,0.09,0.02,0.5,-0.48,0.8,1.19,-0.39,1,1,0,0.39,37.4,50.57,49.89,0.2,0.68,127,11,7,9,35.0,13.24,13.03,2,2,22,4,12,59.0,42.66,85.53,98.62,114.33,79.05,1,Hradec Králové 1-1 Pardubice,2025-08-10
Teplice,0.64,3.89,-3.25,0.64,3.13,-2.49,0.0,0.76,-0.76,0.64,3.89,-3.25,0,3,-3,0.25,29.9,24.42,42.36,0.25,1.6,93,5,7,30,28.0,18.75,15.84,4,9,3,2,12,17.6,4.99,83.4,94.56,14.52,3.46,1,Slavia Praha 3-0 Teplice,2025-08-09
Slavia Praha,3.89,0.64,3.25,3.13,0.64,2.49,0.76,0.0,0.76,3.89,0.64,3.25,3,0,3,-0.25,70.1,75.58,53.11,1.6,0.25,304,26,30,7,18.75,28.0,6.5,9,4,24,7,6,334.8,95.01,4.8,5.44,405.17,96.54,4,Slavia Praha 3-0 Teplice,2025-08-09
Slovácko,1.19,2.03,-0.84,0.43,1.36,-0.93,0.0,0.67,-0.67,0.43,2.03,-1.6,1,1,0,0.84,49.6,49.44,43.08,0.72,0.76,146,12,7,16,9.72,21.05,13.86,1,4,17,5,12,73.8,37.33,32.6,46.93,70.07,32.07,3,Viktoria Plzeň 1-1 Slovácko,2025-08-09
Viktoria Plzeň,2.03,1.19,0.84,1.36,0.43,0.93,0.67,0.0,0.67,2.03,0.43,1.6,1,1,0,-0.84,50.4,50.56,44.77,0.76,0.72,148,15,16,7,21.05,9.72,9.84,4,1,17,8,11,123.9,62.67,36.87,53.07,148.43,67.93,4,Viktoria Plzeň 1-1 Slovácko,2025-08-09
Mladá Boleslav,1.88,1.45,0.43,1.88,1.41,0.47,0.0,0.04,-0.04,1.88,1.45,0.43,2,3,-1,-1.43,70.1,62.08,47.47,0.92,0.81,222,17,13,11,14.13,13.58,6.87,5,2,22,7,8,147.4,73.74,4.73,3.53,74.73,36.57,0,Zlín 3-2 Mladá Boleslav,2025-08-09
Zlín,1.45,1.88,-0.43,1.41,1.88,-0.47,0.04,0.0,0.04,1.45,1.88,-0.43,3,2,1,1.43,29.9,37.92,50.78,0.81,0.92,118,12,11,13,13.58,14.13,14.78,2,5,21,7,13,52.5,26.26,129.33,96.47,129.6,63.43,3,Zlín 3-2 Mladá Boleslav,2025-08-09
Dukla Praha,0.3,0.93,-0.63,0.3,0.64,-0.34,0.0,0.3,-0.3,0.3,0.93,-0.63,0,2,-2,-1.37,52.3,45.45,39.47,0.41,0.6,132,7,6,9,14.63,15.0,9.68,2,4,8,3,10,30.0,25.6,14.67,17.67,6.7,4.13,3,Slovan Liberec 2-0 Dukla Praha,2025-08-09
Slovan Liberec,0.93,0.3,0.63,0.64,0.3,0.34,0.3,0.0,0.3,0.93,0.3,0.63,2,0,2,1.37,47.7,54.55,45.67,0.6,0.41,138,14,9,6,15.0,14.63,11.31,4,2,13,5,15,87.2,74.4,68.33,82.33,155.63,95.87,3,Slovan Liberec 2-0 Dukla Praha,2025-08-09
Sparta Praha,1.87,0.28,1.59,1.58,0.24,1.34,0.28,0.04,0.24,1.87,0.28,1.59,3,1,2,0.41,71.1,67.26,44.38,0.57,0.21,235,23,17,5,29.82,23.81,7.36,2,2,24,10,8,157.1,89.01,10.4,6.5,77.6,59.13,1,Pardubice 1-3 Sparta Praha,2025-08-03
Pardubice,0.28,1.87,-1.59,0.24,1.58,-1.34,0.04,0.28,-0.24,0.28,1.87,-1.59,1,3,-2,-0.41,28.9,32.74,45.88,0.21,0.57,109,8,5,17,23.81,29.82,17.59,2,2,16,3,15,19.4,10.99,149.53,93.5,53.63,40.87,3,Pardubice 1-3 Sparta Praha,2025-08-03
Baník Ostrava,0.76,1.12,-0.36,0.71,1.07,-0.36,0.06,0.05,0.01,0.76,1.12,-0.36,1,1,0,0.36,59.7,57.75,48.66,0.58,0.27,239,14,11,7,18.97,25.93,7.0,4,2,19,3,22,128.8,73.9,13.6,17.82,93.9,59.01,3,Dukla Praha 1-1 Baník Ostrava,2025-08-03
Dukla Praha,1.12,0.76,0.36,1.07,0.71,0.36,0.05,0.06,-0.01,1.12,0.76,0.36,1,1,0,-0.36,40.3,42.25,47.7,0.27,0.58,159,8,7,11,25.93,18.97,13.82,2,4,10,1,9,45.5,26.1,62.73,82.18,65.23,40.99,3,Dukla Praha 1-1 Baník Ostrava,2025-08-03
Slavia Praha,1.44,1.15,0.29,1.39,0.39,1.0,0.05,0.0,0.05,1.44,0.39,1.05,1,0,1,0.71,55.2,62.99,54.0,0.98,0.57,231,22,13,5,13.27,8.77,7.64,4,1,24,7,18,188.4,75.27,26.2,47.23,179.7,82.63,5,Slovácko 0-1 Slavia Praha,2025-08-03
Slovácko,1.15,1.44,-0.29,0.39,1.39,-1.0,0.0,0.05,-0.05,0.39,1.44,-1.05,0,1,-1,-0.71,44.8,37.01,47.36,0.57,0.98,147,10,5,13,8.77,13.27,12.65,1,4,18,3,12,61.9,24.73,29.27,52.77,37.77,17.37,4,Slovácko 0-1 Slavia Praha,2025-08-03
Slovan Liberec,0.48,2.02,-1.54,0.39,1.8,-1.41,0.09,0.22,-0.13,0.48,2.02,-1.54,1,2,-1,0.54,50.3,49.43,46.39,0.37,0.75,167,5,8,18,21.62,24.0,9.66,6,6,16,2,14,64.8,39.42,39.13,57.6,68.97,42.16,1,Sigma Olomouc 2-1 Slovan Liberec,2025-08-02
Sigma Olomouc,2.02,0.48,1.54,1.8,0.39,1.41,0.22,0.09,0.13,2.02,0.48,1.54,2,1,1,-0.54,49.7,50.57,44.38,0.75,0.37,139,11,18,8,24.0,21.62,10.83,6,6,19,6,9,99.6,60.58,28.8,42.4,94.63,57.84,0,Sigma Olomouc 2-1 Slovan Liberec,2025-08-02
Zlín,1.26,0.88,0.38,1.21,0.71,0.5,0.06,0.17,-0.11,1.26,0.88,0.38,1,0,1,0.62,36.8,45.17,47.63,0.31,0.58,128,6,7,10,22.58,17.24,7.94,4,5,13,2,22,49.3,31.28,99.6,93.2,71.93,48.1,4,Karviná 0-1 Zlín,2025-08-02
Karviná,0.88,1.26,-0.38,0.71,1.21,-0.5,0.17,0.06,0.11,0.88,1.26,-0.38,0,1,-1,-0.62,63.2,54.83,46.25,0.58,0.31,208,13,10,7,17.24,22.58,5.58,5,4,21,4,17,108.3,68.72,7.27,6.8,77.6,51.9,5,Karviná 0-1 Zlín,2025-08-02
Hradec Králové,1.04,1.38,-0.34,0.87,1.35,-0.48,0.16,0.03,0.13,1.04,1.38,-0.34,0,2,-2,-1.66,39.2,49.21,48.27,0.78,0.5,176,9,9,14,11.54,28.0,18.52,2,1,20,3,9,70.2,34.34,139.73,93.24,87.27,40.37,0,Jablonec 2-0 Hradec Králové,2025-08-02
Jablonec,1.38,1.04,0.34,1.35,0.87,0.48,0.03,0.16,-0.13,1.38,1.04,0.34,2,0,2,1.66,60.8,50.79,43.65,0.5,0.78,205,20,14,9,28.0,11.54,13.5,1,2,16,4,10,134.2,65.66,10.13,6.76,128.93,59.63,2,Jablonec 2-0 Hradec Králové,2025-08-02
Bohemians 1905,1.33,0.82,0.51,1.02,0.82,0.2,0.3,0.0,0.3,1.33,0.82,0.51,0,3,-3,-3.51,57.0,53.87,47.07,0.35,0.37,177,13,12,8,34.29,21.62,8.67,8,7,22,5,15,85.2,52.21,13.4,17.08,42.61,22.14,1,Teplice 3-0 Bohemians 1905,2025-08-02
Teplice,0.82,1.33,-0.51,0.82,1.02,-0.2,0.0,0.3,-0.3,0.82,1.33,-0.51,3,0,3,3.51,43.0,46.13,46.43,0.37,0.35,131,9,8,12,21.62,34.29,11.57,7,8,14,3,10,78.0,47.79,65.07,82.92,149.82,77.86,0,Teplice 3-0 Bohemians 1905,2025-08-02
Mladá Boleslav,1.79,2.22,-0.43,1.74,1.27,0.47,0.04,0.19,-0.15,1.79,1.46,0.33,2,3,-1,-0.57,49.1,44.94,44.87,0.91,1.3,179,14,11,16,12.09,12.31,11.92,5,3,8,5,10,70.1,33.59,51.93,47.1,55.37,30.23,0,Sparta Praha 3-2 Mladá Boleslav,2025-07-27
Sparta Praha,2.22,1.79,0.43,1.27,1.74,-0.47,0.19,0.04,0.15,1.46,1.79,-0.33,3,2,1,0.57,50.9,55.06,49.77,1.3,0.91,217,22,16,11,12.31,12.09,17.89,3,5,27,5,7,138.6,66.41,58.33,52.9,127.77,69.77,3,Sparta Praha 3-2 Mladá Boleslav,2025-07-27
Pardubice,0.51,0.87,-0.36,0.36,0.75,-0.39,0.15,0.13,0.02,0.51,0.87,-0.36,1,2,-1,-0.64,49.1,37.55,38.66,0.3,0.84,111,4,4,14,13.33,16.67,14.04,1,4,18,4,17,14.7,12.29,25.0,27.45,18.83,10.18,0,Slovan Liberec 2-1 Pardubice,2025-07-27
Slovan Liberec,0.87,0.51,0.36,0.75,0.36,0.39,0.13,0.15,-0.02,0.87,0.51,0.36,2,1,1,0.64,50.9,62.45,48.16,0.84,0.3,196,17,14,4,16.67,13.33,10.12,4,1,21,4,13,104.9,87.71,66.07,72.55,166.1,89.82,5,Slovan Liberec 2-1 Pardubice,2025-07-27
Slavia Praha,1.39,1.24,0.15,0.74,1.24,-0.5,0.65,0.0,0.65,1.39,1.24,0.15,2,0,2,1.85,60.0,62.66,53.11,0.75,0.36,194,21,14,5,18.67,13.89,5.61,2,3,21,11,17,174.8,82.22,6.33,15.75,163.73,82.94,1,Bohemians 1905 0-2 Slavia Praha,2025-07-26
Bohemians 1905,1.24,1.39,-0.15,1.24,0.74,0.5,0.0,0.65,-0.65,1.24,1.39,-0.15,0,2,-2,-1.85,40.0,37.34,47.07,0.36,0.75,101,8,5,14,13.89,18.67,9.23,3,2,11,3,15,37.8,17.78,33.87,84.25,33.67,17.06,3,Bohemians 1905 0-2 Slavia Praha,2025-07-26
Karviná,2.63,1.39,1.24,2.29,1.27,1.02,0.34,0.11,0.23,2.63,1.39,1.24,2,1,1,-0.24,55.8,50.99,45.81,0.85,1.11,178,19,26,9,30.59,8.11,8.74,6,7,14,6,8,146.5,70.2,12.33,14.73,119.83,57.52,5,Hradec Králové 1-2 Karviná,2025-07-26
Hradec Králové,1.39,2.63,-1.24,1.27,2.29,-1.02,0.11,0.34,-0.23,1.39,2.63,-1.24,1,2,-1,0.24,44.2,49.01,49.06,1.11,0.85,178,15,9,26,8.11,30.59,12.71,7,6,17,5,13,62.2,29.8,71.4,85.27,88.5,42.48,1,Hradec Králové 1-2 Karviná,2025-07-26
Jablonec,1.3,1.85,-0.55,1.16,1.78,-0.62,0.14,0.07,0.07,1.3,1.85,-0.55,1,1,0,0.55,55.2,47.06,46.14,0.83,0.49,187,9,12,14,14.46,28.57,9.44,2,9,23,3,13,85.1,53.72,24.53,38.65,71.93,43.92,1,Viktoria Plzeň 1-1 Jablonec,2025-07-26
Viktoria Plzeň,1.85,1.3,0.55,1.78,1.16,0.62,0.07,0.14,-0.07,1.85,1.3,0.55,1,1,0,-0.55,44.8,52.94,46.75,0.49,0.83,169,13,14,12,28.57,14.46,10.65,9,2,11,2,14,73.3,46.28,38.93,61.35,91.83,56.08,6,Viktoria Plzeň 1-1 Jablonec,2025-07-26
Slovácko,0.79,1.33,-0.54,0.79,1.3,-0.51,0.0,0.03,-0.03,0.79,1.33,-0.54,1,1,0,0.54,55.0,51.23,46.97,0.24,0.62,166,11,8,10,33.33,16.13,8.23,4,2,18,2,13,75.4,46.6,25.8,36.0,59.37,28.03,3,Zlín 1-1 Slovácko,2025-07-26
Zlín,1.33,0.79,0.54,1.3,0.79,0.51,0.03,0.0,0.03,1.33,0.79,0.54,1,1,0,-0.54,45.0,48.77,44.92,0.62,0.24,120,13,10,8,16.13,33.33,10.67,2,4,20,8,16,86.4,53.4,45.87,64.0,152.43,71.97,4,Zlín 1-1 Slovácko,2025-07-26
Dukla Praha,0.14,1.0,-0.86,0.11,0.74,-0.63,0.04,0.26,-0.22,0.14,1.0,-0.86,0,0,0,0.86,41.2,33.33,38.12,0.32,0.7,101,6,3,8,9.38,11.43,12.08,4,12,13,3,14,31.7,20.87,43.4,58.18,33.33,23.31,4,Sigma Olomouc 0-0 Dukla Praha,2025-07-26
Sigma Olomouc,1.0,0.14,0.86,0.74,0.11,0.63,0.26,0.04,0.22,1.0,0.14,0.86,0,0,0,-0.86,58.8,66.67,52.53,0.7,0.32,242,14,8,3,11.43,9.38,5.91,12,4,42,9,13,120.2,79.13,31.2,41.82,109.63,76.69,0,Sigma Olomouc 0-0 Dukla Praha,2025-07-26
Hradec Králové,0.4,1.89,-1.49,0.36,1.86,-1.5,0.05,0.03,0.02,0.4,1.89,-1.49,2,2,0,1.49,35.9,31.21,43.01,0.24,1.41,109,2,6,16,25.0,11.35,19.55,2,0,8,2,11,10.0,5.78,86.4,90.31,36.53,25.72,1,Slavia Praha 2-2 Hradec Králové,2025-07-20
Slavia Praha,1.89,0.4,1.49,1.86,0.36,1.5,0.03,0.05,-0.02,1.89,0.4,1.49,2,2,0,-1.49,64.1,68.79,48.04,1.41,0.24,241,20,16,6,11.35,25.0,10.96,0,2,32,8,10,163.1,94.22,9.27,9.69,105.5,74.28,1,Slavia Praha 2-2 Hradec Králové,2025-07-20
Slovan Liberec,2.01,1.27,0.74,1.21,1.24,-0.03,0.04,0.03,0.01,1.25,1.27,-0.02,3,3,0,-0.74,38.9,41.73,49.54,0.51,0.86,120,11,14,13,27.45,15.12,9.89,5,2,19,6,16,68.3,38.07,87.47,87.94,86.7,54.79,1,Mladá Boleslav 3-3 Slovan Liberec,2025-07-20
Mladá Boleslav,1.27,2.01,-0.74,1.24,1.21,0.03,0.03,0.04,-0.01,1.27,1.25,0.02,3,3,0,0.74,61.1,58.27,46.53,0.86,0.51,168,18,13,14,15.12,27.45,9.63,2,5,16,8,10,111.1,61.93,12.0,12.06,71.53,45.21,0,Mladá Boleslav 3-3 Slovan Liberec,2025-07-20
Sigma Olomouc,2.23,2.11,0.12,2.19,1.96,0.23,0.04,0.15,-0.11,2.23,2.11,0.12,1,0,1,0.88,47.4,43.31,46.52,1.0,0.73,134,10,9,18,9.0,24.66,9.32,5,0,25,4,19,41.2,25.37,36.6,56.83,44.47,28.72,1,Slovácko 0-1 Sigma Olomouc,2025-07-20
Slovácko,2.11,2.23,-0.12,1.96,2.19,-0.23,0.15,0.04,0.11,2.11,2.23,-0.12,0,1,-1,-0.88,52.6,56.69,47.56,0.73,1.0,175,14,18,9,24.66,9.0,10.48,0,5,21,4,7,121.2,74.63,27.8,43.17,110.37,71.28,2,Slovácko 0-1 Sigma Olomouc,2025-07-20
Sparta Praha,1.6,0.74,0.86,1.37,0.68,0.69,0.23,0.07,0.16,1.6,0.74,0.86,1,1,0,-0.86,55.0,50.18,41.27,0.76,0.77,166,14,13,11,17.11,14.29,9.69,4,5,19,6,11,82.3,56.06,31.8,31.28,70.07,40.53,2,Jablonec 1-1 Sparta Praha,2025-07-19
Jablonec,0.74,1.6,-0.86,0.68,1.37,-0.69,0.07,0.23,-0.16,0.74,1.6,-0.86,1,1,0,0.86,45.0,49.82,46.83,0.77,0.76,162,10,11,13,14.29,17.11,11.91,5,4,23,5,17,64.5,43.94,69.87,68.72,102.83,59.47,3,Jablonec 1-1 Sparta Praha,2025-07-19
Zlín,1.55,2.01,-0.46,1.37,0.75,0.62,0.18,1.26,-1.08,1.55,2.01,-0.46,3,1,2,2.46,42.2,40.52,43.65,0.23,0.45,120,8,7,11,30.43,24.44,10.26,1,5,9,3,19,44.1,27.02,65.73,66.89,69.5,41.32,3,Teplice 1-3 Zlín,2025-07-19
Teplice,2.01,1.55,0.46,0.75,1.37,-0.62,1.26,0.18,1.08,2.01,1.55,0.46,1,3,-2,-2.46,57.8,59.48,49.96,0.45,0.23,227,14,11,7,24.44,30.43,7.57,5,1,30,6,14,119.1,72.98,32.53,33.11,98.7,58.68,3,Teplice 1-3 Zlín,2025-07-19
Baník Ostrava,1.94,2.45,-0.51,1.83,2.04,-0.21,0.11,0.41,-0.3,1.94,2.45,-0.51,0,1,-1,-0.49,69.3,70.03,53.55,1.86,0.69,327,40,19,15,10.22,21.74,10.35,1,3,32,3,6,236.7,85.92,2.93,2.51,130.17,66.65,4,Bohemians 1905 1-0 Baník Ostrava,2025-07-19
Bohemians 1905,2.45,1.94,0.51,2.04,1.83,0.21,0.41,0.11,0.3,2.45,1.94,0.51,1,0,1,0.49,30.7,29.97,47.67,0.69,1.86,118,12,15,19,21.74,10.22,18.76,3,1,12,5,7,38.8,14.08,113.8,97.49,65.13,33.35,2,Bohemians 1905 1-0 Baník Ostrava,2025-07-19
Dukla Praha,1.14,1.69,-0.55,0.59,1.37,-0.78,0.55,0.32,0.23,1.14,1.69,-0.55,0,2,-2,-1.45,43.6,57.59,46.65,0.6,0.6,140,13,9,16,15.0,26.67,12.16,5,4,17,4,14,75.1,60.47,83.0,78.5,109.43,67.94,5,Karviná 2-0 Dukla Praha,2025-07-19
Karviná,1.69,1.14,0.55,1.37,0.59,0.78,0.32,0.55,-0.23,1.69,1.14,0.55,2,0,2,1.45,56.4,42.41,39.55,0.6,0.6,131,15,16,9,26.67,15.0,8.23,4,5,17,5,14,49.1,39.53,22.73,21.5,51.63,32.06,2,Karviná 2-0 Dukla Praha,2025-07-19
Viktoria Plzeň,1.77,0.15,1.62,1.47,0.07,1.4,0.3,0.08,0.22,1.77,0.15,1.62,5,1,4,2.38,56.7,67.44,48.45,1.08,0.27,243,22,15,5,13.89,18.52,7.65,10,5,20,8,11,186.2,86.08,31.2,29.12,231.9,97.47,1,Pardubice 1-5 Viktoria Plzeň,2025-07-18
Pardubice,0.15,1.77,-1.62,0.07,1.47,-1.4,0.08,0.3,-0.22,0.15,1.77,-1.62,1,5,-4,-2.38,43.3,32.56,43.32,0.27,1.08,141,3,5,15,18.52,13.89,15.87,5,10,10,1,8,30.1,13.92,75.93,70.88,6.03,2.53,0,Pardubice 1-5 Viktoria Plzeň,2025-07-18
