Team,xG,xGA,xGD,Open Play xG,Open Play xGA,Open Play xGD,Set Piece xG,Set Piece xGA,Set Piece xGD,npxG,npxGA,npxGD,Goals,Goals Conceded,GD,GD-xGD,Possession,Field Tilt,Avg Pass Height,xT,xT Against,Passes in Opposition Half,Passes into Box,Shots,Shots Faced,Shots per 1.0 xT,Shots Faced per 1.0 xT Against,PPDA,High Recoveries,High Recoveries Against,Crosses,Corners,Fouls,On-Ball Pressure,On-Ball Pressure Share,Off-Ball Pressure,Off-Ball Pressure Share,Game Control,Game Control Share,Throw-Ins into the Box,Match,Date
Vitesse,0.75,3.11,-2.36,0.74,2.69,-1.95,0.01,0.42,-0.41,0.75,3.11,-2.36,1,2,-1,1.36,27.80,22.43,43.97,0.27,1.37,85,10,10,24,37.04,17.52,14.36,4,5,12,2,16,15.5,4.63,111.33,98.58,43.3,16.91,0,Cambuur 2-1 Vitesse,2026-04-24
Cambuur,3.11,0.75,2.36,2.69,0.74,1.95,0.42,0.01,0.41,3.11,0.75,2.36,2,1,1,-1.36,72.20,77.57,56.37,1.37,0.27,392,20,24,10,17.52,37.04,5.67,5,4,26,9,13,319.2,95.37,1.6,1.42,212.77,83.09,0,Cambuur 2-1 Vitesse,2026-04-24
Almere City,0.71,1.06,-0.35,0.60,1.06,-0.46,0.11,0.00,0.11,0.71,1.06,-0.35,1,3,-2,-1.65,51.30,62.55,45.80,0.82,0.39,217,20,12,9,14.63,23.08,14.41,7,7,21,7,10,110.6,73.98,75.2,61.88,109.9,49.29,0,VVV 3-1 Almere City,2026-04-24
VVV,1.06,0.71,0.35,1.06,0.60,0.46,0.00,0.11,-0.11,1.06,0.71,0.35,3,1,2,1.65,48.70,37.45,39.65,0.39,0.82,144,8,9,12,23.08,14.63,13.72,7,7,11,2,8,38.9,26.02,46.33,38.12,113.08,50.71,2,VVV 3-1 Almere City,2026-04-24
PSV II,1.31,2.85,-1.54,1.05,2.85,-1.80,0.26,0.00,0.26,1.31,2.85,-1.54,1,4,-3,-1.46,50.80,56.69,49.45,0.89,0.88,222,16,16,16,17.98,18.18,13.73,5,6,17,9,6,101.7,53.98,29.27,42.21,74.3,34.69,2,RKC Waalwijk 4-1 PSV II,2026-04-24
RKC Waalwijk,2.85,1.31,1.54,2.85,1.05,1.80,0.00,0.26,-0.26,2.85,1.31,1.54,4,1,3,1.46,49.20,43.31,44.54,0.88,0.89,177,12,16,16,18.18,17.98,12.59,6,5,9,0,10,86.7,46.02,40.07,57.79,139.87,65.31,0,RKC Waalwijk 4-1 PSV II,2026-04-24
TOP Oss,2.33,0.47,1.86,2.26,0.24,2.02,0.07,0.23,-0.16,2.33,0.47,1.86,2,0,2,0.14,39.80,38.31,43.03,0.41,0.76,114,11,10,10,24.39,13.16,19.63,0,4,13,3,12,44.9,29.38,61.93,80.16,73.67,53.06,1,MVV 0-2 TOP Oss,2026-04-24
MVV,0.47,2.33,-1.86,0.24,2.26,-2.02,0.23,0.07,0.16,0.47,2.33,-1.86,0,2,-2,-0.14,60.20,61.69,48.10,0.76,0.41,238,9,10,10,13.16,24.39,9.07,4,0,33,8,14,107.9,70.62,15.33,19.84,65.17,46.94,0,MVV 0-2 TOP Oss,2026-04-24
Roda JC,0.89,2.77,-1.88,0.74,2.61,-1.87,0.15,0.16,-0.01,0.89,2.77,-1.88,0,2,-2,-0.12,41.00,31.51,40.65,0.49,1.5,123,11,10,29,20.41,19.33,16.30,4,11,17,4,8,21.5,7.87,75.4,79.87,23.3,6.86,1,AZ II 2-0 Roda JC,2026-04-24
AZ II,2.77,0.89,1.88,2.61,0.74,1.87,0.16,0.15,0.01,2.77,0.89,1.88,2,0,2,0.12,59.00,68.49,51.50,1.5,0.49,271,39,29,10,19.33,20.41,7.71,11,4,22,12,12,251.7,92.13,19.0,20.13,316.43,93.14,2,AZ II 2-0 Roda JC,2026-04-24
Utrecht II,2.04,0.62,1.42,1.98,0.53,1.45,0.06,0.09,-0.03,2.04,0.62,1.42,2,0,2,0.58,37.90,46.15,47.52,1.55,0.53,164,21,23,11,14.84,20.75,13.42,5,4,9,3,12,133.9,66.85,123.8,95.97,241.93,94.41,0,Ajax II 0-2 Utrecht II,2026-04-24
Ajax II,0.62,2.04,-1.42,0.53,1.98,-1.45,0.09,0.06,0.03,0.62,2.04,-1.42,0,2,-2,-0.58,62.10,53.85,42.66,0.53,1.55,225,10,11,23,20.75,14.84,8.50,4,5,13,5,8,66.4,33.15,5.2,4.03,14.33,5.59,1,Ajax II 0-2 Utrecht II,2026-04-24
De Graafschap,1.54,2.34,-0.80,1.43,2.20,-0.77,0.11,0.14,-0.03,1.54,2.34,-0.80,0,1,-1,-0.20,57.50,56.99,43.37,0.5,0.82,202,15,17,15,34.0,18.29,9.30,5,12,16,6,10,112.4,70.51,9.07,8.2,65.37,38.41,0,Emmen 1-0 De Graafschap,2026-04-24
Emmen,2.34,1.54,0.80,2.20,1.43,0.77,0.14,0.11,0.03,2.34,1.54,0.80,1,0,1,0.20,42.50,43.01,45.08,0.82,0.5,168,13,15,17,18.29,34.0,14.27,12,5,18,7,10,47.0,29.49,101.6,91.8,104.8,61.59,1,Emmen 1-0 De Graafschap,2026-04-24
Helmond Sport,1.97,0.90,1.07,1.79,0.82,0.97,0.19,0.08,0.11,1.97,0.90,1.07,0,1,-1,-2.07,69.20,70.5,52.68,1.46,0.57,398,19,12,9,8.22,15.79,8.03,5,5,38,3,10,196.0,92.67,11.13,7.35,114.4,66.63,1,Eindhoven 1-0 Helmond Sport,2026-04-24
Eindhoven,0.90,1.97,-1.07,0.82,1.79,-0.97,0.08,0.19,-0.11,0.90,1.97,-1.07,1,0,1,2.07,30.80,29.5,46.36,0.57,1.46,122,8,9,12,15.79,8.22,17.93,5,5,5,3,9,15.5,7.33,140.33,92.65,57.3,33.37,0,Eindhoven 1-0 Helmond Sport,2026-04-24
Willem II,1.51,0.80,0.71,0.43,0.78,-0.35,0.32,0.02,0.30,0.75,0.80,-0.05,2,1,1,0.29,50.50,57.05,49.34,0.72,0.58,250,9,10,8,13.89,13.79,16.54,6,3,19,7,7,117.3,66.53,71.0,78.6,154.8,84.35,0,Dordrecht 1-2 Willem II,2026-04-24
Dordrecht,0.80,1.51,-0.71,0.78,0.43,0.35,0.02,0.32,-0.30,0.80,0.75,0.05,1,2,-1,-0.29,49.50,42.95,40.59,0.58,0.72,168,13,8,10,13.79,13.89,11.90,3,6,29,4,14,59.0,33.47,19.33,21.4,28.73,15.65,1,Dordrecht 1-2 Willem II,2026-04-24
ADO Den Haag,3.97,2.47,1.50,3.06,2.08,0.98,0.92,0.39,0.53,3.97,2.47,1.50,3,1,2,0.50,58.70,63.36,43.24,1.64,0.65,218,29,26,12,15.85,18.46,7.83,16,6,14,8,11,160.2,71.23,15.93,15.9,134.8,78.86,7,Den Bosch 1-3 ADO Den Haag,2026-04-24
Den Bosch,2.47,3.97,-1.50,2.08,3.06,-0.98,0.39,0.92,-0.53,2.47,3.97,-1.50,1,3,-2,-0.50,41.30,36.64,37.92,0.65,1.64,115,9,12,26,18.46,15.85,15.56,6,16,2,3,8,64.7,28.77,84.27,84.1,36.13,21.14,1,Den Bosch 1-3 ADO Den Haag,2026-04-24
Utrecht II,1.59,1.54,0.05,1.23,1.29,-0.06,0.36,0.26,0.1,1.59,1.54,0.05,1,1,0,-0.05,56.3,47.4,44.44,0.85,1.05,185,11,11,15,12.94,14.29,11.3,3,3,18,10,13,42.6,35.62,18.73,18.98,20.7,12.28,1,Den Bosch 1-1 Utrecht II,2026-04-20
Den Bosch,1.54,1.59,-0.05,1.29,1.23,0.06,0.26,0.36,-0.1,1.54,1.59,-0.05,1,1,0,0.05,43.7,52.6,48.6,1.05,0.85,178,13,15,11,14.29,12.94,15.88,3,3,19,5,9,77.0,64.38,79.93,81.02,147.8,87.72,4,Den Bosch 1-1 Utrecht II,2026-04-20
Eindhoven,1.52,2.82,-1.3,0.59,2.03,-1.44,0.94,0.03,0.91,1.52,2.06,-0.54,0,3,-3,-1.7,52.5,55.56,49.35,0.42,1.12,205,14,18,18,42.86,16.07,8.14,8,3,21,11,14,131.4,61.32,43.13,60.07,89.37,42.64,1,Utrecht II 3-0 Eindhoven,2026-04-17
Utrecht II,2.82,1.52,1.3,2.03,0.59,1.44,0.03,0.94,-0.91,2.06,1.52,0.54,3,0,3,1.7,47.5,44.44,45.74,1.12,0.42,152,15,18,18,16.07,42.86,10.75,3,8,11,3,13,82.9,38.68,28.67,39.93,120.22,57.36,0,Utrecht II 3-0 Eindhoven,2026-04-17
Den Bosch,1.95,1.77,0.18,1.17,1.15,0.02,0.01,0.63,-0.62,1.19,1.77,-0.58,2,4,-2,-2.18,54.9,48.45,45.55,1.08,0.93,177,12,13,14,12.04,15.05,7.0,3,4,18,3,17,71.3,44.65,13.53,17.9,54.9,34.15,1,TOP Oss 4-2 Den Bosch,2026-04-17
TOP Oss,1.77,1.95,-0.18,1.15,1.17,-0.02,0.63,0.01,0.62,1.77,1.19,0.58,4,2,2,2.18,45.1,51.55,48.25,0.93,1.08,163,14,14,13,15.05,12.04,9.06,4,3,21,5,14,88.4,55.35,62.07,82.1,105.87,65.85,2,TOP Oss 4-2 Den Bosch,2026-04-17
Cambuur,1.48,1.99,-0.51,1.35,1.91,-0.56,0.13,0.08,0.05,1.48,1.99,-0.51,1,3,-2,-1.49,55.4,55.89,45.85,0.68,0.52,194,11,12,20,17.65,38.46,8.38,5,9,10,2,11,100.1,51.92,23.27,29.33,62.27,34.68,1,De Graafschap 3-1 Cambuur,2026-04-17
De Graafschap,1.99,1.48,0.51,1.91,1.35,0.56,0.08,0.13,-0.05,1.99,1.48,0.51,3,1,2,1.49,44.6,44.11,42.73,0.52,0.68,134,12,20,12,38.46,17.65,10.73,9,5,16,5,14,92.7,48.08,56.07,70.67,117.3,65.32,1,De Graafschap 3-1 Cambuur,2026-04-17
AZ II,1.18,1.6,-0.42,0.63,1.28,-0.65,0.55,0.31,0.24,1.18,1.6,-0.42,0,3,-3,-2.58,57.5,68.81,50.85,0.84,0.52,277,17,20,19,23.81,36.54,11.26,7,1,15,8,10,164.0,76.53,30.0,27.0,60.34,34.78,1,Willem II 3-0 AZ II,2026-04-17
Willem II,1.6,1.18,0.42,1.28,0.63,0.65,0.31,0.55,-0.24,1.6,1.18,0.42,3,0,3,2.58,42.5,31.19,41.03,0.52,0.84,122,9,19,20,36.54,23.81,28.85,1,7,15,8,7,50.3,23.47,81.13,73.0,113.13,65.22,1,Willem II 3-0 AZ II,2026-04-17
Ajax II,0.29,1.16,-0.87,0.29,0.9,-0.61,0.0,0.26,-0.26,0.29,1.16,-0.87,1,0,1,1.87,41.2,29.45,38.07,0.34,0.81,112,10,5,17,14.71,20.99,13.65,4,7,4,0,17,30.7,15.26,68.93,80.1,48.83,31.09,0,PSV II 0-1 Ajax II,2026-04-17
PSV II,1.16,0.29,0.87,0.9,0.29,0.61,0.26,0.0,0.26,1.16,0.29,0.87,0,1,-1,-1.87,58.8,70.55,48.59,0.81,0.34,264,13,17,5,20.99,14.71,8.69,7,4,27,8,15,170.5,84.74,17.13,19.9,108.23,68.91,1,PSV II 0-1 Ajax II,2026-04-17
VVV,0.53,2.4,-1.87,0.53,2.34,-1.81,0.0,0.06,-0.06,0.53,2.4,-1.87,0,2,-2,-0.13,48.7,37.68,39.34,0.63,0.52,151,7,7,13,11.11,25.0,14.31,4,5,11,0,12,51.3,23.3,37.47,32.12,28.47,12.35,0,Helmond Sport 2-0 VVV,2026-04-17
Helmond Sport,2.4,0.53,1.87,2.34,0.53,1.81,0.06,0.0,0.06,2.4,0.53,1.87,2,0,2,0.13,51.3,62.32,48.84,0.52,0.63,222,17,13,7,25.0,11.11,13.18,5,4,30,6,12,168.9,76.7,79.2,67.88,202.03,87.65,0,Helmond Sport 2-0 VVV,2026-04-17
Dordrecht,0.98,1.25,-0.27,0.8,1.23,-0.43,0.18,0.02,0.16,0.98,1.25,-0.27,1,4,-3,-2.73,49.1,35.49,40.51,0.65,1.47,166,9,13,19,20.0,12.93,13.07,3,6,19,3,13,58.0,26.46,26.13,25.42,28.67,8.43,0,Almere City 4-1 Dordrecht,2026-04-17
Almere City,1.25,0.98,0.27,1.23,0.8,0.43,0.02,0.18,-0.16,1.25,0.98,0.27,4,1,3,2.73,50.9,64.51,49.69,1.47,0.65,273,17,19,13,12.93,20.0,11.73,6,3,16,5,13,161.2,73.54,76.67,74.58,311.3,91.57,0,Almere City 4-1 Dordrecht,2026-04-17
RKC Waalwijk,1.28,4.1,-2.82,1.07,3.77,-2.7,0.21,0.33,-0.12,1.28,4.1,-2.82,1,5,-4,-1.18,33.4,27.44,40.95,0.95,1.49,97,11,7,23,7.37,15.44,15.17,2,7,10,2,11,29.7,13.98,105.07,87.31,30.0,9.81,0,ADO Den Haag 5-1 RKC Waalwijk,2026-04-17
ADO Den Haag,4.1,1.28,2.82,3.77,1.07,2.7,0.33,0.21,0.12,4.1,1.28,2.82,5,1,4,1.18,66.6,72.56,46.08,1.49,0.95,254,27,23,7,15.44,7.37,6.07,7,2,14,9,19,182.8,86.02,15.27,12.69,275.79,90.19,6,ADO Den Haag 5-1 RKC Waalwijk,2026-04-17
MVV,0.68,1.53,-0.85,0.68,1.22,-0.54,0.0,0.31,-0.31,0.68,1.53,-0.85,0,0,0,0.85,34.4,29.6,44.39,0.53,1.34,125,4,8,15,15.09,11.19,17.12,6,13,8,1,17,24.5,12.69,81.73,93.16,52.57,30.3,0,Vitesse 0-0 MVV,2026-04-17
Vitesse,1.53,0.68,0.85,1.22,0.68,0.54,0.31,0.0,0.31,1.53,0.68,0.85,0,0,0,-0.85,65.6,70.4,52.61,1.34,0.53,300,22,15,8,11.19,15.09,5.98,13,6,45,9,11,168.6,87.31,6.0,6.84,120.93,69.7,0,Vitesse 0-0 MVV,2026-04-17
Emmen,2.09,1.76,0.33,1.89,1.72,0.17,0.19,0.03,0.16,2.09,1.76,0.33,2,2,0,-0.33,41.9,51.89,53.28,0.87,0.7,195,10,15,15,17.24,21.43,8.43,15,2,23,5,16,89.7,42.65,100.93,81.53,97.07,50.92,1,Roda JC 2-2 Emmen,2026-04-17
Roda JC,1.76,2.09,-0.33,1.72,1.89,-0.17,0.03,0.19,-0.16,1.76,2.09,-0.33,2,2,0,0.33,58.1,48.11,46.22,0.7,0.87,206,19,15,15,21.43,17.24,9.58,2,15,12,3,7,120.6,57.35,22.87,18.47,93.57,49.08,2,Roda JC 2-2 Emmen,2026-04-17
PSV II,1.94,1.19,0.75,1.68,1.1,0.58,0.26,0.09,0.17,1.94,1.19,0.75,2,0,2,1.25,47.0,42.43,47.65,1.0,1.12,187,19,15,22,15.0,19.64,12.77,12,10,20,8,8,96.8,38.61,97.53,79.99,145.33,73.2,1,AZ II 0-2 PSV II,2026-04-13
AZ II,1.19,1.94,-0.75,1.1,1.68,-0.58,0.09,0.26,-0.17,1.19,1.94,-0.75,0,2,-2,-1.25,53.0,57.57,44.78,1.12,1.0,220,14,22,15,19.64,15.0,11.83,10,12,13,7,8,153.9,61.39,24.4,20.01,53.2,26.8,0,AZ II 0-2 PSV II,2026-04-13
TOP Oss,1.17,1.79,-0.62,0.93,1.58,-0.65,0.24,0.22,0.02,1.17,1.79,-0.62,2,1,1,1.62,38.9,47.73,53.62,0.53,1.05,167,13,13,17,24.53,16.19,11.0,5,1,25,7,13,85.9,41.04,123.13,94.72,157.6,74.08,3,Ajax II 1-2 TOP Oss,2026-04-13
Ajax II,1.79,1.17,0.62,1.58,0.93,0.65,0.22,0.24,-0.02,1.79,1.17,0.62,1,2,-1,-1.62,61.1,52.27,46.18,1.05,0.53,205,15,17,13,16.19,24.53,8.35,1,5,26,9,12,123.4,58.96,6.87,5.28,55.13,25.92,0,Ajax II 1-2 TOP Oss,2026-04-13
Vitesse,1.04,0.43,0.61,0.97,0.29,0.68,0.07,0.14,-0.07,1.04,0.43,0.61,3,0,3,2.39,49.4,62.63,46.47,0.39,0.47,228,15,7,8,17.95,17.02,9.17,11,3,15,4,10,117.4,73.1,58.0,45.86,145.67,79.17,0,Utrecht II 0-3 Vitesse,2026-04-13
Utrecht II,0.43,1.04,-0.61,0.29,0.97,-0.68,0.14,0.07,0.07,0.43,1.04,-0.61,0,3,-3,-2.39,50.6,37.37,44.15,0.47,0.39,199,9,8,7,17.02,17.95,14.2,3,11,10,5,12,43.2,26.9,68.47,54.14,38.33,20.83,0,Utrecht II 0-3 Vitesse,2026-04-13
Almere City,0.65,1.01,-0.36,0.65,1.01,-0.36,0.0,0.0,0.0,0.65,1.01,-0.36,1,2,-1,-0.64,55.5,60.86,51.28,0.49,1.29,299,7,11,11,22.45,8.53,14.33,4,3,18,7,9,119.7,54.11,45.53,38.22,78.17,37.14,5,Willem II 2-1 Almere City,2026-04-12
Willem II,1.01,0.65,0.36,1.01,0.65,0.36,0.0,0.0,0.0,1.01,0.65,0.36,2,1,1,0.64,44.5,39.14,44.95,1.29,0.49,176,19,11,11,8.53,22.45,17.74,3,4,14,4,5,101.5,45.89,73.6,61.78,132.33,62.86,1,Willem II 2-1 Almere City,2026-04-12
ADO Den Haag,0.28,1.11,-0.83,0.28,1.0,-0.72,0.0,0.11,-0.11,0.28,1.11,-0.83,0,1,-1,-0.17,54.5,43.4,36.39,0.4,0.53,146,11,5,12,12.5,22.64,9.03,5,7,13,5,17,53.9,36.59,28.53,19.78,37.6,18.27,6,Dordrecht 1-0 ADO Den Haag,2026-04-12
Dordrecht,1.11,0.28,0.83,1.0,0.28,0.72,0.11,0.0,0.11,1.11,0.28,0.83,1,0,1,0.17,45.5,56.6,43.79,0.53,0.4,167,15,12,5,22.64,12.5,11.51,7,5,26,8,13,93.4,63.41,115.73,80.22,168.2,81.73,4,Dordrecht 1-0 ADO Den Haag,2026-04-12
De Graafschap,0.63,3.91,-3.28,0.53,1.98,-1.45,0.1,1.18,-1.08,0.63,3.15,-2.52,3,3,0,3.28,48.7,41.08,41.01,0.39,0.76,137,9,14,18,35.9,23.68,12.25,2,4,13,4,13,63.8,34.88,33.67,34.03,63.2,36.34,2,VVV 3-3 De Graafschap,2026-04-11
VVV,3.91,0.63,3.28,1.98,0.53,1.45,1.18,0.1,1.08,3.15,0.63,2.52,3,3,0,-3.28,51.3,58.92,50.11,0.76,0.39,208,20,18,14,23.68,35.9,10.19,4,2,32,9,10,119.1,65.12,65.27,65.97,110.7,63.66,1,VVV 3-3 De Graafschap,2026-04-11
Emmen,1.08,2.17,-1.09,0.51,1.99,-1.48,0.57,0.18,0.39,1.08,2.17,-1.09,0,5,-5,-3.91,45.6,39.51,41.93,0.64,1.37,149,9,10,14,15.62,10.22,12.81,4,4,18,7,15,48.2,24.72,44.2,51.76,23.53,7.47,0,RKC Waalwijk 5-0 Emmen,2026-04-10
RKC Waalwijk,2.17,1.08,1.09,1.99,0.51,1.48,0.18,0.57,-0.39,2.17,1.08,1.09,5,0,5,3.91,54.4,60.49,48.97,1.37,0.64,220,16,14,10,10.22,15.62,10.48,4,4,16,4,8,146.8,75.28,41.2,48.24,291.51,92.53,0,RKC Waalwijk 5-0 Emmen,2026-04-10
Helmond Sport,0.67,0.63,0.04,0.59,0.6,-0.01,0.07,0.03,0.04,0.67,0.63,0.04,0,0,0,-0.04,61.0,63.14,46.3,0.54,0.55,268,20,13,9,24.07,16.36,10.71,3,2,23,7,9,138.6,75.12,23.53,18.21,103.57,52.69,0,MVV 0-0 Helmond Sport,2026-04-10
MVV,0.63,0.67,-0.04,0.6,0.59,0.01,0.03,0.07,-0.04,0.63,0.67,-0.04,0,0,0,0.04,39.0,36.86,43.12,0.55,0.54,146,12,9,13,16.36,24.07,19.92,2,3,13,1,15,45.9,24.88,105.67,81.79,93.0,47.31,2,MVV 0-0 Helmond Sport,2026-04-10
Roda JC,3.28,1.14,2.14,2.39,0.97,1.42,0.13,0.17,-0.04,2.52,1.14,1.38,3,1,2,-0.14,61.1,57.35,46.0,1.14,0.24,270,18,16,12,14.04,50.0,9.68,4,5,18,5,4,163.1,68.88,26.87,17.09,90.7,52.33,0,Eindhoven 1-3 Roda JC,2026-04-10
Eindhoven,1.14,3.28,-2.14,0.97,2.39,-1.42,0.17,0.13,0.04,1.14,2.52,-1.38,1,3,-2,0.14,38.9,42.65,47.89,0.24,1.14,171,7,12,16,50.0,14.04,12.92,5,4,21,5,21,73.7,31.12,130.4,82.91,82.63,47.67,1,Eindhoven 1-3 Roda JC,2026-04-10
Cambuur,3.58,2.87,0.71,2.06,2.29,-0.23,0.0,0.58,-0.58,2.06,2.87,-0.81,1,1,0,-0.71,54.6,60.87,50.66,1.25,1.43,241,23,15,17,12.0,11.89,11.73,3,4,20,5,11,124.9,65.05,19.07,29.49,101.47,55.92,1,Den Bosch 1-1 Cambuur,2026-04-10
Den Bosch,2.87,3.58,-0.71,2.29,2.06,0.23,0.58,0.0,0.58,2.87,2.06,0.81,1,1,0,0.71,45.4,39.13,41.21,1.43,1.25,132,15,17,15,11.89,12.0,11.57,4,3,13,7,12,67.1,34.95,45.6,70.51,80.0,44.08,1,Den Bosch 1-1 Cambuur,2026-04-10
VVV,1.95,2.05,-0.1,1.86,1.65,0.21,0.09,0.4,-0.31,1.95,2.05,-0.1,0,1,-1,-0.9,54.1,54.94,46.96,1.0,0.79,247,13,11,14,11.0,17.72,12.12,5,11,33,6,7,128.1,49.17,16.73,17.84,93.87,36.26,0,PSV II 1-0 VVV,2026-04-06
PSV II,2.05,1.95,0.1,1.65,1.86,-0.21,0.4,0.09,0.31,2.05,1.95,0.1,1,0,1,0.9,45.9,45.06,49.48,0.79,1.0,222,17,14,11,17.72,11.0,11.24,11,5,17,7,9,132.4,50.83,77.07,82.16,165.0,63.74,1,PSV II 1-0 VVV,2026-04-06
Utrecht II,1.27,1.93,-0.66,1.1,1.67,-0.57,0.18,0.26,-0.08,1.27,1.93,-0.66,1,3,-2,-1.34,59.6,56.08,51.76,1.1,1.02,262,14,14,14,12.73,13.73,6.03,5,3,23,4,20,109.5,60.26,21.67,23.66,79.43,49.49,0,TOP Oss 3-1 Utrecht II,2026-04-06
TOP Oss,1.93,1.27,0.66,1.67,1.1,0.57,0.26,0.18,0.08,1.93,1.27,0.66,3,1,2,1.34,40.4,43.92,48.29,1.02,1.1,149,20,14,14,13.73,12.73,9.16,3,5,24,6,16,72.2,39.74,69.93,76.34,81.07,50.51,1,TOP Oss 3-1 Utrecht II,2026-04-06
Dordrecht,0.53,2.52,-1.99,0.21,2.43,-2.22,0.31,0.09,0.22,0.53,2.52,-1.99,1,1,0,1.99,43.3,36.75,41.88,0.27,1.14,154,8,7,17,25.93,14.91,7.78,5,7,14,4,19,54.3,23.98,73.13,66.28,53.03,26.2,5,Cambuur 1-1 Dordrecht,2026-04-06
Cambuur,2.52,0.53,1.99,2.43,0.21,2.22,0.09,0.31,-0.22,2.52,0.53,1.99,1,1,0,-1.99,56.7,63.25,51.98,1.14,0.27,299,19,17,7,14.91,25.93,7.75,7,5,26,6,14,172.1,76.02,37.2,33.72,149.4,73.8,0,Cambuur 1-1 Dordrecht,2026-04-06
MVV,2.17,2.59,-0.42,1.84,2.52,-0.68,0.32,0.06,0.26,2.17,2.59,-0.42,1,2,-1,-0.58,43.0,45.54,47.01,1.26,1.28,159,14,11,13,8.73,10.16,13.37,0,1,14,3,5,54.5,33.66,57.47,77.73,63.9,41.31,1,Emmen 2-1 MVV,2026-04-06
Emmen,2.59,2.17,0.42,2.52,1.84,0.68,0.06,0.32,-0.26,2.59,2.17,0.42,2,1,1,0.58,57.0,54.46,45.97,1.28,1.26,194,13,13,11,10.16,8.73,9.06,1,0,15,9,15,107.4,66.34,16.47,22.27,90.8,58.69,0,Emmen 2-1 MVV,2026-04-06
AZ II,0.18,5.52,-5.34,0.15,4.64,-4.49,0.04,0.12,-0.08,0.18,4.76,-4.58,0,5,-5,0.34,38.4,38.67,39.75,0.27,1.09,114,6,6,27,22.22,24.77,20.38,5,13,7,2,9,18.9,9.9,75.47,68.82,28.8,10.38,1,De Graafschap 5-0 AZ II,2026-04-06
De Graafschap,5.52,0.18,5.34,4.64,0.15,4.49,0.12,0.04,0.08,4.76,0.18,4.58,5,0,5,-0.34,61.6,61.33,46.32,1.09,0.27,217,18,27,6,24.77,22.22,8.46,13,5,24,9,8,172.1,90.1,34.2,31.18,248.55,89.62,2,De Graafschap 5-0 AZ II,2026-04-06
Eindhoven,0.74,3.25,-2.51,0.74,3.25,-2.51,0.0,0.0,0.0,0.74,3.25,-2.51,0,4,-4,-1.49,41.8,38.17,44.2,0.31,0.75,137,7,7,17,22.58,22.67,9.71,5,4,11,4,9,24.0,19.45,56.67,74.04,39.63,23.75,1,ADO Den Haag 4-0 Eindhoven,2026-04-06
ADO Den Haag,3.25,0.74,2.51,3.25,0.74,2.51,0.0,0.0,0.0,3.25,0.74,2.51,4,0,4,1.49,58.2,61.83,48.2,0.75,0.31,216,20,17,7,22.67,22.58,7.57,4,5,16,2,13,99.4,80.55,19.87,25.96,127.23,76.25,10,ADO Den Haag 4-0 Eindhoven,2026-04-06
Willem II,1.7,0.2,1.5,1.21,0.2,1.01,0.49,0.0,0.49,1.7,0.2,1.5,1,0,1,-0.5,44.3,42.24,45.67,0.41,0.31,174,9,14,6,34.15,19.35,12.39,5,3,16,8,16,76.4,42.87,91.53,75.9,115.93,75.77,1,Roda JC 0-1 Willem II,2026-04-06
Roda JC,0.2,1.7,-1.5,0.2,1.21,-1.01,0.0,0.49,-0.49,0.2,1.7,-1.5,0,1,-1,0.5,55.7,57.76,50.16,0.31,0.41,262,10,6,14,19.35,34.15,11.14,3,5,22,3,10,101.8,57.13,29.07,24.1,37.07,24.23,2,Roda JC 0-1 Willem II,2026-04-06
Ajax II,1.47,4.21,-2.74,1.47,3.64,-2.17,0.0,0.58,-0.58,1.47,4.21,-2.74,1,6,-5,-2.26,58.1,52.43,45.59,0.87,2.11,238,6,9,22,10.34,10.43,10.04,7,13,8,2,11,85.6,37.54,12.6,10.77,29.91,10.99,0,Vitesse 6-1 Ajax II,2026-04-06
Vitesse,4.21,1.47,2.74,3.64,1.47,2.17,0.58,0.0,0.58,4.21,1.47,2.74,6,1,5,2.26,41.9,47.57,48.3,2.11,0.87,185,22,22,9,10.43,10.34,11.28,13,7,18,5,6,142.4,62.46,104.4,89.23,242.14,89.01,0,Vitesse 6-1 Ajax II,2026-04-06
Den Bosch,2.02,4.13,-2.11,1.18,3.81,-2.63,0.83,0.32,0.51,2.02,4.13,-2.11,2,1,1,3.11,40.7,34.92,42.93,0.59,1.9,137,6,10,25,16.95,13.16,15.92,1,3,12,1,8,39.4,17.76,57.73,56.71,46.5,25.01,0,Almere City 1-2 Den Bosch,2026-04-06
Almere City,4.13,2.02,2.11,3.81,1.18,2.63,0.32,0.83,-0.51,4.13,2.02,2.11,1,2,-1,-3.11,59.3,65.08,52.05,1.9,0.59,291,28,25,10,13.16,16.95,10.86,3,1,32,8,14,182.5,82.24,44.07,43.29,139.43,74.99,0,Almere City 1-2 Den Bosch,2026-04-06
RKC Waalwijk,2.61,0.47,2.14,2.61,0.47,2.14,0.0,0.0,0.0,2.61,0.47,2.14,2,2,0,-2.14,58.6,64.04,45.34,1.38,0.26,232,13,14,5,10.14,19.23,10.44,4,6,19,1,12,150.5,77.26,21.6,19.44,104.67,65.8,1,Helmond Sport 2-2 RKC Waalwijk,2026-04-06
Helmond Sport,0.47,2.61,-2.14,0.47,2.61,-2.14,0.0,0.0,0.0,0.47,2.61,-2.14,2,2,0,2.14,41.4,35.96,43.76,0.26,1.38,156,5,5,14,19.23,10.14,11.74,6,4,10,0,18,44.3,22.74,89.53,80.56,54.4,34.2,0,Helmond Sport 2-2 RKC Waalwijk,2026-04-06
PSV II,0.88,2.38,-1.5,0.68,2.32,-1.64,0.21,0.05,0.16,0.88,2.38,-1.5,0,1,-1,0.5,62.8,62.46,49.02,0.75,0.77,283,12,13,17,17.33,22.08,11.04,2,3,23,8,12,140.0,62.06,11.13,9.25,72.53,33.05,1,Willem II 1-0 PSV II,2026-04-03
Willem II,2.38,0.88,1.5,2.32,0.68,1.64,0.05,0.21,-0.16,2.38,0.88,1.5,1,0,1,-0.5,37.2,37.54,42.87,0.77,0.75,135,14,17,13,22.08,17.33,19.91,3,2,12,3,9,85.6,37.94,109.13,90.75,146.93,66.95,1,Willem II 1-0 PSV II,2026-04-03
Cambuur,0.74,2.3,-1.56,0.67,1.17,-0.5,0.07,1.13,-1.06,0.74,2.3,-1.56,0,3,-3,-1.44,63.0,61.21,43.99,0.55,0.27,217,6,8,14,14.55,51.85,8.06,6,4,16,5,14,60.9,52.45,3.33,2.88,31.43,16.62,0,VVV 3-0 Cambuur,2026-04-03
VVV,2.3,0.74,1.56,1.17,0.67,0.5,1.13,0.07,1.06,2.3,0.74,1.56,3,0,3,1.44,37.0,38.79,38.87,0.27,0.55,92,9,14,8,51.85,14.55,15.76,4,6,11,6,12,55.2,47.55,112.2,97.12,157.7,83.38,1,VVV 3-0 Cambuur,2026-04-03
RKC Waalwijk,2.91,1.29,1.62,1.73,1.2,0.53,0.42,0.09,0.33,2.15,1.29,0.86,3,1,2,0.38,54.3,45.95,45.79,1.01,1.1,200,17,23,14,22.77,12.73,9.38,2,10,20,8,12,140.3,53.02,34.53,31.66,114.03,69.25,0,MVV 1-3 RKC Waalwijk,2026-04-03
MVV,1.29,2.91,-1.62,1.2,1.73,-0.53,0.09,0.42,-0.33,1.29,2.15,-0.86,1,3,-2,-0.38,45.7,54.05,50.17,1.1,1.01,218,17,14,23,12.73,22.77,10.78,10,2,28,7,16,124.3,46.98,74.53,68.34,50.63,30.75,0,MVV 1-3 RKC Waalwijk,2026-04-03
Helmond Sport,1.49,1.13,0.36,1.49,0.92,0.57,0.0,0.21,-0.21,1.49,1.13,0.36,0,2,-2,-2.36,52.0,43.27,41.47,0.6,0.38,168,8,8,12,13.33,31.58,8.79,9,13,11,2,15,42.7,30.39,50.13,44.52,14.97,7.86,1,AZ II 2-0 Helmond Sport,2026-04-03
AZ II,1.13,1.49,-0.36,0.92,1.49,-0.57,0.21,0.0,0.21,1.13,1.49,-0.36,2,0,2,2.36,48.0,56.73,42.66,0.38,0.6,190,10,12,8,31.58,13.33,8.63,13,9,9,6,12,97.8,69.61,62.47,55.48,175.57,92.14,0,AZ II 2-0 Helmond Sport,2026-04-03
De Graafschap,0.78,1.5,-0.72,0.78,1.36,-0.58,0.0,0.14,-0.14,0.78,1.5,-0.72,2,2,0,0.72,66.0,61.29,43.09,1.25,0.41,217,16,8,17,6.4,41.46,13.44,2,8,25,5,10,74.0,51.07,9.2,5.78,25.93,12.87,3,Eindhoven 2-2 De Graafschap,2026-04-03
Eindhoven,1.5,0.78,0.72,1.36,0.78,0.58,0.14,0.0,0.14,1.5,0.78,0.72,2,2,0,-0.72,34.0,38.71,44.02,0.41,1.25,121,9,17,8,41.46,6.4,21.86,8,2,18,3,7,70.9,48.93,150.0,94.22,175.53,87.13,4,Eindhoven 2-2 De Graafschap,2026-04-03
Roda JC,2.21,0.86,1.35,2.0,0.75,1.25,0.22,0.11,0.11,2.21,0.86,1.35,3,0,3,1.65,51.4,47.1,42.75,0.75,0.4,154,9,9,20,12.0,50.0,10.37,3,8,11,3,12,53.2,36.77,52.53,45.58,89.27,61.93,0,Dordrecht 0-3 Roda JC,2026-04-03
Dordrecht,0.86,2.21,-1.35,0.75,2.0,-1.25,0.11,0.22,-0.11,0.86,2.21,-1.35,0,3,-3,-1.65,48.6,52.9,44.87,0.4,0.75,168,18,20,9,50.0,12.0,7.53,8,3,22,9,18,91.5,63.23,62.73,54.42,54.87,38.07,3,Dordrecht 0-3 Roda JC,2026-04-03
TOP Oss,0.84,1.62,-0.78,0.59,1.3,-0.71,0.25,0.31,-0.06,0.84,1.62,-0.78,2,3,-1,-0.22,42.3,42.94,44.01,0.36,0.78,158,9,13,20,36.11,25.64,15.04,9,4,15,3,5,72.5,30.36,92.93,64.8,50.57,21.39,2,Almere City 3-2 TOP Oss,2026-04-03
Almere City,1.62,0.84,0.78,1.3,0.59,0.71,0.31,0.25,0.06,1.62,0.84,0.78,3,2,1,0.22,57.7,57.06,48.03,0.78,0.36,244,20,20,13,25.64,36.11,12.61,4,9,20,7,14,166.3,69.64,50.47,35.2,185.8,78.61,1,Almere City 3-2 TOP Oss,2026-04-03
Ajax II,1.64,2.15,-0.51,1.6,1.22,0.38,0.04,0.94,-0.9,1.64,2.15,-0.51,2,4,-2,-1.49,41.2,28.7,34.38,0.25,0.73,80,3,14,18,56.0,24.66,9.84,6,9,5,5,13,28.8,17.84,56.4,61.09,45.57,32.44,0,ADO Den Haag 4-2 Ajax II,2026-04-03
ADO Den Haag,2.15,1.64,0.51,1.22,1.6,-0.38,0.94,0.04,0.9,2.15,1.64,0.51,4,2,2,1.49,58.8,71.3,45.2,0.73,0.25,206,13,18,14,24.66,56.0,6.81,9,6,24,8,16,132.6,82.16,35.93,38.91,94.9,67.56,5,ADO Den Haag 4-2 Ajax II,2026-04-03
Emmen,1.45,1.83,-0.38,1.34,1.07,0.27,0.11,0.0,0.11,1.45,1.07,0.38,3,3,0,0.38,51.2,42.35,46.17,0.66,0.78,173,7,11,15,16.67,19.23,6.98,5,3,15,2,20,60.8,41.76,36.2,45.52,52.53,30.06,0,Vitesse 3-3 Emmen,2026-04-03
Vitesse,1.83,1.45,0.38,1.07,1.34,-0.27,0.0,0.11,-0.11,1.07,1.45,-0.38,3,3,0,-0.38,48.8,57.65,46.14,0.78,0.66,158,15,15,11,19.23,16.67,10.33,3,5,23,9,10,84.8,58.24,43.33,54.48,122.23,69.94,2,Vitesse 3-3 Emmen,2026-04-03
Emmen,2.2,3.01,-0.81,2.07,1.89,0.18,0.13,1.12,-0.99,2.2,3.01,-0.81,0,1,-1,-0.19,63.5,68.77,48.47,0.91,0.53,258,19,17,17,18.68,32.08,8.29,4,5,29,7,10,160.2,76.29,10.4,9.17,94.4,50.41,1,Eindhoven 1-0 Emmen,2026-03-28
Eindhoven,3.01,2.2,0.81,1.89,2.07,-0.18,1.12,0.13,0.99,3.01,2.2,0.81,1,0,1,0.19,36.5,31.23,46.19,0.53,0.91,120,10,17,17,32.08,18.68,13.21,5,4,13,4,13,49.8,23.71,103.07,90.83,92.87,49.59,1,Eindhoven 1-0 Emmen,2026-03-28
De Graafschap,0.85,1.47,-0.62,0.79,1.05,-0.26,0.06,0.42,-0.36,0.85,1.47,-0.62,2,0,2,2.62,48.8,36.86,42.97,0.33,1.16,170,7,11,15,33.33,12.93,10.34,4,9,10,3,17,61.5,28.72,22.8,18.85,49.9,25.24,1,Willem II 0-2 De Graafschap,2026-03-28
Willem II,1.47,0.85,0.62,1.05,0.79,0.26,0.42,0.06,0.36,1.47,0.85,0.62,0,2,-2,-2.62,51.2,63.14,51.67,1.16,0.33,266,23,15,11,12.93,33.33,10.21,9,4,28,7,9,152.6,71.28,98.13,81.15,147.83,74.76,0,Willem II 0-2 De Graafschap,2026-03-28
Cambuur,1.69,0.95,0.74,1.53,0.82,0.71,0.16,0.13,0.03,1.69,0.95,0.74,4,2,2,1.26,42.4,34.75,44.73,0.62,1.06,137,7,11,9,17.74,8.49,7.34,3,4,6,4,13,53.4,32.38,41.93,70.83,109.07,88.48,0,Emmen 2-4 Cambuur,2026-03-24
Emmen,0.95,1.69,-0.74,0.82,1.53,-0.71,0.13,0.16,-0.03,0.95,1.69,-0.74,2,4,-2,-1.26,57.6,65.25,50.54,1.06,0.62,208,14,9,11,8.49,17.74,6.12,4,3,27,5,23,111.5,67.62,17.27,29.17,14.2,11.52,1,Emmen 2-4 Cambuur,2026-03-24
Willem II,2.42,1.05,1.37,2.42,1.05,1.37,0.0,0.0,0.0,2.42,1.05,1.37,5,0,5,3.63,51.4,52.54,42.96,0.9,0.51,210,9,18,9,20.0,17.65,26.11,3,7,20,2,6,102.8,66.41,62.33,50.65,135.87,71.23,0,MVV 0-5 Willem II,2026-03-22
MVV,1.05,2.42,-1.37,1.05,2.42,-1.37,0.0,0.0,0.0,1.05,2.42,-1.37,0,5,-5,-3.63,48.6,47.46,42.58,0.51,0.9,201,8,9,18,17.65,20.0,26.94,7,3,16,1,8,52.0,33.59,60.73,49.35,54.87,28.77,0,MVV 0-5 Willem II,2026-03-22
ADO Den Haag,1.56,1.33,0.23,1.5,1.31,0.19,0.06,0.02,0.04,1.56,1.33,0.23,2,1,1,0.77,48.4,59.46,47.15,0.56,0.2,177,13,17,12,30.36,60.0,8.56,8,0,20,7,19,129.2,68.07,61.87,84.67,159.03,71.57,7,De Graafschap 1-2 ADO Den Haag,2026-03-22
De Graafschap,1.33,1.56,-0.23,1.31,1.5,-0.19,0.02,0.06,-0.04,1.33,1.56,-0.23,1,2,-1,-0.77,51.6,40.54,38.52,0.2,0.56,120,4,12,17,60.0,30.36,8.03,0,8,10,3,11,60.6,31.93,11.2,15.33,63.17,28.43,0,De Graafschap 1-2 ADO Den Haag,2026-03-22
Den Bosch,1.5,1.36,0.14,0.74,1.26,-0.52,0.0,0.1,-0.1,0.74,1.36,-0.62,3,2,1,0.86,46.3,47.13,46.14,0.9,1.0,197,9,9,17,10.0,17.0,11.24,4,7,15,2,10,50.5,32.58,54.13,59.09,51.3,33.35,1,RKC Waalwijk 2-3 Den Bosch,2026-03-21
RKC Waalwijk,1.36,1.5,-0.14,1.26,0.74,0.52,0.1,0.0,0.1,1.36,0.74,0.62,2,3,-1,-0.86,53.7,52.87,49.96,1.0,0.9,234,22,17,9,17.0,10.0,10.55,7,4,27,3,9,104.5,67.42,37.47,40.91,102.53,66.65,2,RKC Waalwijk 2-3 Den Bosch,2026-03-21
Eindhoven,1.55,1.98,-0.43,0.84,1.62,-0.78,0.7,0.36,0.34,1.55,1.98,-0.43,1,2,-1,-0.57,52.3,54.08,49.31,0.87,1.13,211,14,23,15,26.44,13.27,7.05,7,4,33,8,18,108.0,62.1,46.67,59.93,131.7,69.75,2,TOP Oss 2-1 Eindhoven,2026-03-20
TOP Oss,1.98,1.55,0.43,1.62,0.84,0.78,0.36,0.7,-0.34,1.98,1.55,0.43,2,1,1,0.57,47.7,45.92,44.89,1.13,0.87,172,20,15,23,13.27,26.44,10.32,4,7,25,9,10,65.9,37.9,31.2,40.07,57.13,30.25,1,TOP Oss 2-1 Eindhoven,2026-03-20
AZ II,1.53,2.26,-0.73,0.71,1.67,-0.96,0.06,0.6,-0.54,0.77,2.26,-1.49,4,3,1,1.73,30.0,22.67,36.87,0.29,1.32,64,3,8,20,27.59,15.15,12.37,5,8,6,2,24,19.3,7.85,95.07,92.3,36.37,24.86,0,Cambuur 3-4 AZ II,2026-03-20
Cambuur,2.26,1.53,0.73,1.67,0.71,0.96,0.6,0.06,0.54,2.26,0.77,1.49,3,4,-1,-1.73,70.0,77.33,52.3,1.32,0.29,345,23,20,8,15.15,27.59,5.67,8,5,36,11,8,226.6,92.15,7.93,7.7,109.93,75.14,0,Cambuur 3-4 AZ II,2026-03-20
Helmond Sport,0.74,1.77,-1.03,0.61,1.67,-1.06,0.13,0.1,0.03,0.74,1.77,-1.03,1,1,0,1.03,45.8,35.14,43.09,0.78,0.79,155,14,10,13,12.82,16.46,10.11,5,2,24,10,21,71.6,34.03,61.27,61.97,83.53,41.33,2,Roda JC 1-1 Helmond Sport,2026-03-20
Roda JC,1.77,0.74,1.03,1.67,0.61,1.06,0.1,0.13,-0.03,1.77,0.74,1.03,1,1,0,-1.03,54.2,64.86,51.89,0.79,0.78,280,14,13,10,16.46,12.82,11.72,2,5,26,7,7,138.8,65.97,37.6,38.03,118.57,58.67,4,Roda JC 1-1 Helmond Sport,2026-03-20
Dordrecht,1.74,2.21,-0.47,1.72,1.97,-0.25,0.01,0.23,-0.22,1.74,2.21,-0.47,1,3,-2,-1.53,53.7,58.18,40.82,0.66,0.87,187,11,11,12,16.67,13.79,10.52,6,7,23,8,14,95.8,53.97,36.13,31.69,64.79,28.52,2,Utrecht II 3-1 Dordrecht,2026-03-20
Utrecht II,2.21,1.74,0.47,1.97,1.72,0.25,0.23,0.01,0.22,2.21,1.74,0.47,3,1,2,1.53,46.3,41.82,41.4,0.87,0.66,141,9,12,11,13.79,16.67,11.14,7,6,13,2,12,81.7,46.03,77.87,68.31,162.4,71.48,0,Utrecht II 3-1 Dordrecht,2026-03-20
Almere City,0.58,1.55,-0.97,0.58,1.55,-0.97,0.0,0.0,0.0,0.58,1.55,-0.97,2,0,2,2.97,35.6,46.95,48.17,0.45,0.28,171,12,9,9,20.0,32.14,13.29,13,2,10,2,12,72.3,51.06,178.73,97.81,220.93,99.77,0,Ajax II 0-2 Almere City,2026-03-20
Ajax II,1.55,0.58,0.97,1.55,0.58,0.97,0.0,0.0,0.0,1.55,0.58,0.97,0,2,-2,-2.97,64.4,53.05,41.05,0.28,0.45,216,6,9,9,32.14,20.0,11.15,2,13,15,6,7,69.3,48.94,4.0,2.19,0.5,0.23,0,Ajax II 0-2 Almere City,2026-03-20
VVV,2.1,1.39,0.71,1.27,1.26,0.01,0.08,0.13,-0.05,1.34,1.39,-0.05,2,2,0,-0.71,49.4,49.4,43.83,0.92,0.97,173,11,9,14,9.78,14.43,11.39,5,5,26,5,7,104.6,46.82,30.33,39.84,95.4,47.09,1,Emmen 2-2 VVV,2026-03-20
Emmen,1.39,2.1,-0.71,1.26,1.27,-0.01,0.13,0.08,0.05,1.39,1.34,0.05,2,2,0,0.71,50.6,50.6,47.92,0.97,0.92,212,14,14,9,14.43,9.78,10.47,5,5,28,7,14,118.8,53.18,45.8,60.16,107.17,52.91,0,Emmen 2-2 VVV,2026-03-20
Vitesse,1.24,0.79,0.45,1.22,0.77,0.45,0.02,0.02,0.0,1.24,0.79,0.45,2,0,2,1.55,41.6,38.97,37.78,0.65,0.55,130,8,11,9,16.92,16.36,13.23,7,7,11,3,11,72.1,35.02,73.47,56.83,87.8,54.36,1,PSV II 0-2 Vitesse,2026-03-20
PSV II,0.79,1.24,-0.45,0.77,1.22,-0.45,0.02,0.02,0.0,0.79,1.24,-0.45,0,2,-2,-1.55,58.4,61.03,47.92,0.55,0.65,268,13,9,11,16.36,16.92,12.03,7,7,12,5,9,133.8,64.98,55.8,43.17,73.73,45.64,1,PSV II 0-2 Vitesse,2026-03-20
Ajax II,1.84,3.21,-1.37,1.84,2.69,-0.85,0.0,0.52,-0.52,1.84,3.21,-1.37,1,0,1,2.37,47.3,36.4,37.99,0.35,1.78,126,4,11,19,31.43,10.67,15.57,4,5,7,4,9,44.0,22.66,27.33,30.99,45.33,21.32,0,VVV 0-1 Ajax II,2026-03-17
VVV,3.21,1.84,1.37,2.69,1.84,0.85,0.52,0.0,0.52,3.21,1.84,1.37,0,1,-1,-2.37,52.7,63.6,48.09,1.78,0.35,227,26,19,11,10.67,31.43,10.69,5,4,32,9,12,150.2,77.34,60.87,69.01,167.27,78.68,0,VVV 0-1 Ajax II,2026-03-17
TOP Oss,1.05,1.78,-0.73,1.03,1.75,-0.72,0.03,0.04,-0.01,1.05,1.78,-0.73,2,2,0,0.73,47.0,51.78,47.35,0.83,1.08,188,12,11,19,13.25,17.59,8.43,9,7,18,2,13,61.3,36.19,77.33,81.69,59.03,36.54,0,Dordrecht 2-2 TOP Oss,2026-03-17
Dordrecht,1.78,1.05,0.73,1.75,1.03,0.72,0.04,0.03,0.01,1.78,1.05,0.73,2,2,0,-0.73,53.0,48.22,45.32,1.08,0.83,202,12,19,11,17.59,13.25,8.3,7,9,25,3,17,108.1,63.81,17.33,18.31,102.5,63.46,3,Dordrecht 2-2 TOP Oss,2026-03-17
RKC Waalwijk,1.29,0.52,0.77,0.92,0.33,0.59,0.37,0.19,0.18,1.29,0.52,0.77,2,2,0,-0.77,52.5,63.12,47.27,0.87,0.38,229,9,10,8,11.49,21.05,16.96,5,3,18,6,7,123.0,78.14,29.93,30.75,134.6,85.8,1,Almere City 2-2 RKC Waalwijk,2026-03-17
Almere City,0.52,1.29,-0.77,0.33,0.92,-0.59,0.19,0.37,-0.18,0.52,1.29,-0.77,2,2,0,0.77,47.5,36.88,42.84,0.38,0.87,148,6,8,10,21.05,11.49,13.0,3,5,13,1,12,34.4,21.86,67.4,69.25,22.27,14.2,1,Almere City 2-2 RKC Waalwijk,2026-03-17
Utrecht II,0.14,1.69,-1.55,0.13,1.54,-1.41,0.0,0.15,-0.15,0.14,1.69,-1.55,0,1,-1,0.55,42.3,39.92,40.96,0.31,1.1,120,6,4,19,12.9,17.27,10.83,4,4,11,3,13,25.8,13.73,64.87,66.51,44.83,21.0,2,ADO Den Haag 1-0 Utrecht II,2026-03-17
ADO Den Haag,1.69,0.14,1.55,1.54,0.13,1.41,0.15,0.0,0.15,1.69,0.14,1.55,1,0,1,-0.55,57.7,60.08,42.66,1.1,0.31,180,14,19,4,17.27,12.9,6.82,4,4,21,5,17,162.1,86.27,32.67,33.49,168.63,79.0,6,ADO Den Haag 1-0 Utrecht II,2026-03-17
Dordrecht,2.46,1.4,1.06,1.42,0.61,0.81,0.27,0.03,0.24,1.7,0.64,1.06,1,2,-1,-2.06,53.2,57.64,47.76,0.76,0.96,203,16,17,13,22.37,13.54,11.6,4,9,20,6,7,119.0,67.35,57.27,61.85,123.97,65.87,3,De Graafschap 2-1 Dordrecht,2026-03-14
De Graafschap,1.4,2.46,-1.06,0.61,1.42,-0.81,0.03,0.27,-0.24,0.64,1.7,-1.06,2,1,1,2.06,46.8,42.36,43.34,0.96,0.76,150,11,13,17,13.54,22.37,7.26,9,4,23,9,12,57.7,32.65,35.33,38.15,64.23,34.13,1,De Graafschap 2-1 Dordrecht,2026-03-14
MVV,0.59,2.22,-1.63,0.55,2.12,-1.57,0.04,0.1,-0.06,0.59,2.22,-1.63,1,1,0,1.63,41.1,34.46,45.52,0.56,1.59,159,6,11,30,19.64,18.87,19.8,2,5,17,3,8,27.1,10.99,74.33,82.72,21.1,7.86,0,AZ II 1-1 MVV,2026-03-16
AZ II,2.22,0.59,1.63,2.12,0.55,1.57,0.1,0.04,0.06,2.22,0.59,1.63,1,1,0,-1.63,58.9,65.54,51.47,1.59,0.56,291,27,30,11,18.87,19.64,10.69,5,2,20,11,9,219.4,89.01,15.53,17.28,247.23,92.14,0,AZ II 1-1 MVV,2026-03-16
Cambuur,1.43,1.08,0.35,1.38,1.07,0.31,0.05,0.01,0.04,1.43,1.08,0.35,1,0,1,0.65,58.9,64.56,47.78,0.47,0.78,311,13,8,9,17.02,11.54,15.56,2,7,19,8,4,117.7,73.7,52.47,35.15,91.07,73.82,0,Helmond Sport 0-1 Cambuur,2026-03-16
Helmond Sport,1.08,1.43,-0.35,1.07,1.38,-0.31,0.01,0.05,-0.04,1.08,1.43,-0.35,0,1,-1,-0.65,41.1,35.44,40.39,0.78,0.47,128,14,9,8,11.54,17.02,14.74,7,2,14,2,16,42.0,26.3,96.8,64.85,32.3,26.18,1,Helmond Sport 0-1 Cambuur,2026-03-16
PSV II,1.26,1.67,-0.41,1.15,1.37,-0.22,0.1,0.3,-0.2,1.26,1.67,-0.41,0,1,-1,-0.59,63.6,65.75,48.62,1.16,0.51,290,13,11,12,9.48,23.53,11.12,3,1,38,8,11,132.1,79.63,16.8,18.13,79.53,60.24,2,Den Bosch 1-0 PSV II,2026-03-16
Den Bosch,1.67,1.26,0.41,1.37,1.15,0.22,0.3,0.1,0.2,1.67,1.26,0.41,1,0,1,0.59,36.4,34.25,40.04,0.51,1.16,115,5,12,11,23.53,9.48,15.23,1,3,14,4,11,33.8,20.37,75.87,81.87,52.5,39.76,1,Den Bosch 1-0 PSV II,2026-03-16
Vitesse,1.25,1.46,-0.21,0.49,1.0,-0.51,0.0,0.46,-0.46,0.49,1.46,-0.97,1,0,1,1.21,38.6,32.15,43.17,0.4,1.28,144,3,8,16,20.0,12.5,19.04,1,5,13,4,13,19.2,9.46,87.53,81.76,51.67,38.52,0,Roda JC 0-1 Vitesse,2026-03-16
Roda JC,1.46,1.25,0.21,1.0,0.49,0.51,0.46,0.0,0.46,1.46,0.49,0.97,0,1,-1,-1.21,61.4,67.85,51.87,1.28,0.4,330,21,16,8,12.5,20.0,10.93,5,1,32,10,10,183.8,90.54,19.53,18.24,82.47,61.48,1,Roda JC 0-1 Vitesse,2026-03-16
Willem II,3.21,0.53,2.68,3.06,0.46,2.6,0.15,0.08,0.07,3.21,0.53,2.68,3,1,2,-0.68,52.3,50.15,48.04,0.84,1.35,225,21,25,9,29.76,6.67,11.23,9,2,27,7,13,144.0,65.96,25.33,34.92,177.63,87.49,0,TOP Oss 1-3 Willem II,2026-03-13
TOP Oss,0.53,3.21,-2.68,0.46,3.06,-2.6,0.08,0.15,-0.07,0.53,3.21,-2.68,1,3,-2,0.68,47.7,49.85,46.57,1.35,0.84,210,15,9,25,6.67,29.76,22.47,2,9,27,5,7,74.3,34.04,47.2,65.08,25.4,12.51,0,TOP Oss 1-3 Willem II,2026-03-13
Roda JC,0.87,2.04,-1.17,0.82,1.28,-0.46,0.06,0.0,0.06,0.87,1.28,-0.41,1,1,0,1.17,49.5,48.54,42.56,0.51,0.38,181,11,12,15,23.53,39.47,13.28,2,7,19,4,9,94.1,46.49,32.27,36.5,82.67,41.77,1,Cambuur 1-1 Roda JC,2026-03-13
Cambuur,2.04,0.87,1.17,1.28,0.82,0.46,0.0,0.06,-0.06,1.28,0.87,0.41,1,1,0,-1.17,50.5,51.46,46.8,0.38,0.51,193,14,15,12,39.47,23.53,11.0,7,2,14,4,13,108.3,53.51,56.13,63.5,115.23,58.23,0,Cambuur 1-1 Roda JC,2026-03-13
AZ II,0.98,1.51,-0.53,0.98,1.47,-0.49,0.0,0.05,-0.05,0.98,1.51,-0.53,1,2,-1,-0.47,49.1,57.51,45.95,0.9,0.51,209,13,9,11,10.0,21.57,12.58,8,8,11,3,10,106.0,57.36,69.47,63.54,77.83,40.8,1,RKC Waalwijk 2-1 AZ II,2026-03-13
RKC Waalwijk,1.51,0.98,0.53,1.47,0.98,0.49,0.05,0.0,0.05,1.51,0.98,0.53,2,1,1,0.47,50.9,42.49,45.1,0.51,0.9,207,10,11,9,21.57,10.0,10.94,8,8,12,5,7,78.8,42.64,39.87,36.46,112.93,59.2,0,RKC Waalwijk 2-1 AZ II,2026-03-13
VVV,2.45,2.18,0.27,2.1,1.4,0.7,0.35,0.02,0.33,2.45,1.42,1.03,1,2,-1,-1.27,49.2,54.47,47.7,1.15,1.1,205,17,15,13,13.04,11.82,11.38,5,8,26,6,13,114.6,57.24,68.13,58.4,120.93,55.92,0,MVV 2-1 VVV,2026-03-13
MVV,2.18,2.45,-0.27,1.4,2.1,-0.7,0.02,0.35,-0.33,1.42,2.45,-1.03,2,1,1,1.27,50.8,45.53,45.85,1.1,1.15,217,15,13,15,11.82,13.04,10.56,8,5,24,6,8,85.6,42.76,48.53,41.6,95.33,44.08,1,MVV 2-1 VVV,2026-03-13
Eindhoven,2.39,0.42,1.97,2.32,0.35,1.97,0.07,0.07,0.0,2.39,0.42,1.97,2,1,1,-0.97,45.9,56.35,49.17,0.72,0.32,197,11,18,8,25.0,25.0,8.6,8,8,35,6,19,126.0,66.56,84.07,82.75,164.37,82.72,4,PSV II 1-2 Eindhoven,2026-03-13
PSV II,0.42,2.39,-1.97,0.35,2.32,-1.97,0.07,0.07,0.0,0.42,2.39,-1.97,1,2,-1,0.97,54.1,43.65,42.88,0.32,0.72,189,8,8,18,25.0,25.0,8.63,8,8,14,2,16,63.3,33.44,17.53,17.25,34.33,17.28,1,PSV II 1-2 Eindhoven,2026-03-13
Helmond Sport,0.85,1.5,-0.65,0.8,1.48,-0.68,0.05,0.02,0.03,0.85,1.5,-0.65,0,1,-1,-0.35,46.8,41.9,43.69,0.02,0.56,158,5,14,8,700.0,14.29,6.86,8,5,12,4,17,62.0,35.31,71.07,73.52,86.7,46.98,1,Utrecht II 1-0 Helmond Sport,2026-03-13
Utrecht II,1.5,0.85,0.65,1.48,0.8,0.68,0.02,0.05,-0.03,1.5,0.85,0.65,1,0,1,0.35,53.2,58.1,46.86,0.56,0.02,217,9,8,14,14.29,700.0,9.0,5,8,18,2,17,113.6,64.69,25.6,26.48,97.83,53.02,3,Utrecht II 1-0 Helmond Sport,2026-03-13
Den Bosch,3.22,2.91,0.31,3.08,2.79,0.29,0.13,0.11,0.02,3.22,2.91,0.31,2,3,-1,-1.31,46.4,46.92,43.96,1.49,0.61,148,17,19,22,12.75,36.07,13.41,7,3,14,2,6,80.8,45.34,68.6,70.67,57.77,33.0,3,Ajax II 3-2 Den Bosch,2026-03-13
Ajax II,2.91,3.22,-0.31,2.79,3.08,-0.29,0.11,0.13,-0.02,2.91,3.22,-0.31,3,2,1,1.31,53.6,53.08,41.72,0.61,1.49,175,11,22,19,36.07,12.75,13.42,3,7,13,5,14,97.4,54.66,28.47,29.33,117.27,67.0,0,Ajax II 3-2 Den Bosch,2026-03-13
ADO Den Haag,1.19,0.35,0.84,0.93,0.35,0.58,0.26,0.0,0.26,1.19,0.35,0.84,1,0,1,0.16,46.8,53.93,46.45,0.53,0.45,159,16,23,5,43.4,11.11,8.82,5,6,23,7,18,129.2,88.43,54.8,65.92,175.7,93.34,6,Emmen 0-1 ADO Den Haag,2026-03-13
Emmen,0.35,1.19,-0.84,0.35,0.93,-0.58,0.0,0.26,-0.26,0.35,1.19,-0.84,0,1,-1,-0.16,53.2,46.07,42.54,0.45,0.53,156,5,5,23,11.11,43.4,7.15,6,5,17,6,15,16.9,11.57,28.33,34.08,12.53,6.66,0,Emmen 0-1 ADO Den Haag,2026-03-13
Almere City,0.38,2.01,-1.63,0.38,1.87,-1.49,0.0,0.15,-0.15,0.38,2.01,-1.63,3,1,2,3.63,41.8,23.35,42.85,0.62,1.55,147,5,7,22,11.29,14.19,15.19,2,3,8,2,11,16.0,6.43,67.07,63.15,21.17,13.27,0,Vitesse 1-3 Almere City,2026-03-13
Vitesse,2.01,0.38,1.63,1.87,0.38,1.49,0.15,0.0,0.15,2.01,0.38,1.63,1,3,-2,-3.63,58.2,76.65,52.91,1.55,0.62,327,26,22,7,14.19,11.29,10.69,3,2,35,8,11,232.9,93.57,39.13,36.85,138.33,86.73,1,Vitesse 1-3 Almere City,2026-03-13
Emmen,2.63,1.12,1.51,2.56,1.09,1.47,0.06,0.03,0.03,2.63,1.12,1.51,3,2,1,-0.51,50.6,41.32,45.37,1.05,1.51,185,14,10,14,9.52,9.27,12.83,7,4,15,2,8,74.3,32.52,28.07,29.28,56.2,28.03,0,AZ II 2-3 Emmen,2026-03-09
AZ II,1.12,2.63,-1.51,1.09,2.56,-1.47,0.03,0.06,-0.03,1.12,2.63,-1.51,2,3,-1,0.51,49.4,58.68,50.28,1.51,1.05,228,21,14,10,9.27,9.52,12.74,4,7,16,7,7,154.2,67.48,67.8,70.72,144.33,71.97,5,AZ II 2-3 Emmen,2026-03-09
Utrecht II,1.12,1.45,-0.33,1.12,1.37,-0.25,0.0,0.07,-0.07,1.12,1.45,-0.33,0,1,-1,-0.67,45.9,36.96,42.49,0.57,0.6,139,10,10,13,17.54,21.67,10.4,3,13,9,3,18,42.9,27.19,61.07,68.82,49.37,32.95,0,Cambuur 1-0 Utrecht II,2026-03-08
Cambuur,1.45,1.12,0.33,1.37,1.12,0.25,0.07,0.0,0.07,1.45,1.12,0.33,1,0,1,0.67,54.1,63.04,47.63,0.6,0.57,245,14,13,10,21.67,17.54,7.21,13,3,25,8,10,114.9,72.81,27.67,31.18,100.47,67.05,0,Cambuur 1-0 Utrecht II,2026-03-08
Den Bosch,2.29,1.43,0.86,1.54,1.14,0.4,0.74,0.29,0.45,2.29,1.43,0.86,1,1,0,-0.86,48.2,50.17,47.89,0.9,0.51,195,15,12,15,13.33,29.41,8.16,7,4,18,6,16,74.4,43.11,45.93,57.23,77.0,42.73,2,Willem II 1-1 Den Bosch,2026-03-08
Willem II,1.43,2.29,-0.86,1.14,1.54,-0.4,0.29,0.74,-0.45,1.43,2.29,-0.86,1,1,0,0.86,51.8,49.83,46.39,0.51,0.9,194,11,15,12,29.41,13.33,8.84,4,7,35,7,18,98.2,56.89,34.33,42.77,103.2,57.27,0,Willem II 1-1 Den Bosch,2026-03-08
Vitesse,1.19,3.53,-2.34,0.92,3.52,-2.6,0.27,0.01,0.26,1.19,3.53,-2.34,4,1,3,5.34,30.4,33.13,46.17,0.39,1.09,105,12,13,23,33.33,21.1,10.33,8,6,13,2,17,48.9,22.69,116.2,96.89,134.83,77.62,1,De Graafschap 1-4 Vitesse,2026-03-08
De Graafschap,3.53,1.19,2.34,3.52,0.92,2.6,0.01,0.27,-0.26,3.53,1.19,2.34,1,4,-3,-5.34,69.6,66.87,52.49,1.09,0.39,319,21,23,13,21.1,33.33,5.61,6,8,35,3,11,166.6,77.31,3.73,3.11,38.87,22.38,3,De Graafschap 1-4 Vitesse,2026-03-08
ADO Den Haag,1.08,0.97,0.11,1.08,0.84,0.24,0.0,0.13,-0.13,1.08,0.97,0.11,0,1,-1,-1.11,72.6,70.13,46.93,0.91,0.39,348,10,6,11,6.59,28.21,6.43,5,6,27,4,10,121.6,68.47,0.4,0.19,20.43,10.69,2,Almere City 1-0 ADO Den Haag,2026-03-07
Almere City,0.97,1.08,-0.11,0.84,1.08,-0.24,0.13,0.0,0.13,0.97,1.08,-0.11,1,0,1,1.11,27.4,29.87,44.8,0.39,0.91,118,7,11,6,28.21,6.59,20.52,6,5,12,3,12,56.0,31.53,211.93,99.81,170.77,89.31,0,Almere City 1-0 ADO Den Haag,2026-03-07
RKC Waalwijk,2.74,0.61,2.13,2.74,0.61,2.13,0.0,0.0,0.0,2.74,0.61,2.13,3,0,3,0.87,54.6,66.67,47.13,1.2,0.6,232,23,24,7,20.0,11.67,10.5,8,7,23,3,7,170.6,91.57,42.2,44.42,185.2,92.74,0,VVV 0-3 RKC Waalwijk,2026-03-06
VVV,0.61,2.74,-2.13,0.61,2.74,-2.13,0.0,0.0,0.0,0.61,2.74,-2.13,0,3,-3,-0.87,45.4,33.33,41.12,0.6,1.2,129,6,7,24,11.67,20.0,12.86,7,8,8,1,12,15.7,8.43,52.8,55.58,14.5,7.26,0,VVV 0-3 RKC Waalwijk,2026-03-06
TOP Oss,1.95,0.64,1.31,1.95,0.35,1.6,0.0,0.29,-0.29,1.95,0.64,1.31,1,1,0,-1.31,32.6,34.1,45.55,0.79,0.32,137,8,12,15,15.19,46.88,16.89,5,1,10,1,12,68.3,28.32,145.33,94.74,122.63,59.21,0,Helmond Sport 1-1 TOP Oss,2026-03-06
Helmond Sport,0.64,1.95,-1.31,0.35,1.95,-1.6,0.29,0.0,0.29,0.64,1.95,-1.31,1,1,0,1.31,67.4,65.9,49.71,0.32,0.79,308,12,15,12,46.88,15.19,9.33,1,5,33,14,11,172.9,71.68,8.07,5.26,84.47,40.79,0,Helmond Sport 1-1 TOP Oss,2026-03-06
Ajax II,0.83,2.46,-1.63,0.74,2.39,-1.65,0.09,0.07,0.02,0.83,2.46,-1.63,1,2,-1,0.63,50.1,34.45,34.11,0.14,1.13,111,8,10,22,71.43,19.47,10.93,2,11,14,4,7,46.5,19.04,13.93,15.7,24.17,7.75,1,Eindhoven 2-1 Ajax II,2026-03-06
Eindhoven,2.46,0.83,1.63,2.39,0.74,1.65,0.07,0.09,-0.02,2.46,0.83,1.63,2,1,1,-0.63,49.9,65.55,50.85,1.13,0.14,253,23,22,10,19.47,71.43,10.15,11,2,19,3,19,197.7,80.96,74.8,84.3,287.5,92.25,1,Eindhoven 2-1 Ajax II,2026-03-06
MVV,0.63,1.32,-0.69,0.31,1.25,-0.94,0.33,0.08,0.25,0.63,1.32,-0.69,1,1,0,0.69,41.6,39.14,41.85,0.51,0.76,133,6,10,17,19.61,22.37,13.16,2,5,14,4,14,48.4,32.61,64.13,72.87,79.43,49.43,0,Dordrecht 1-1 MVV,2026-03-06
Dordrecht,1.32,0.63,0.69,1.25,0.31,0.94,0.08,0.33,-0.25,1.32,0.63,0.69,1,1,0,-0.69,58.4,60.86,46.89,0.76,0.51,234,12,17,10,22.37,19.61,9.48,5,2,33,9,9,100.0,67.39,23.87,27.12,81.27,50.57,3,Dordrecht 1-1 MVV,2026-03-06
PSV II,1.98,1.29,0.69,1.11,1.22,-0.11,0.11,0.07,0.04,1.22,1.29,-0.07,2,0,2,1.31,53.9,54.73,47.1,0.86,0.71,230,11,13,13,15.12,18.31,9.39,12,2,12,3,9,81.2,69.4,37.27,39.54,100.97,70.38,2,Roda JC 0-2 PSV II,2026-03-06
Roda JC,1.29,1.98,-0.69,1.22,1.11,0.11,0.07,0.11,-0.04,1.29,1.22,0.07,0,2,-2,-1.31,46.1,45.27,43.79,0.71,0.86,177,12,13,13,18.31,15.12,15.04,2,12,15,2,12,35.8,30.6,57.0,60.46,42.5,29.62,2,Roda JC 0-2 PSV II,2026-03-06
Almere City,1.02,2.37,-1.35,1.02,2.02,-1.0,0.0,0.34,-0.34,1.02,2.37,-1.35,2,3,-1,0.35,44.2,37.58,42.45,0.43,0.65,150,15,7,22,16.28,33.85,11.82,6,8,19,6,17,42.2,17.34,57.33,55.44,27.47,11.69,2,Cambuur 3-2 Almere City,2026-03-03
Cambuur,2.37,1.02,1.35,2.02,1.02,1.0,0.34,0.0,0.34,2.37,1.02,1.35,3,2,1,-0.35,55.8,62.42,51.08,0.65,0.43,265,21,22,7,33.85,16.28,11.43,8,6,20,5,3,201.1,82.66,46.07,44.56,207.43,88.31,0,Cambuur 3-2 Almere City,2026-03-03
Utrecht II,0.71,1.29,-0.58,0.53,1.25,-0.72,0.19,0.04,0.15,0.71,1.29,-0.58,0,1,-1,-0.42,55.7,57.66,48.46,0.48,0.39,210,15,10,8,20.83,20.51,7.1,7,10,24,8,16,80.4,63.36,39.8,46.75,75.03,49.62,1,Emmen 1-0 Utrecht II,2026-03-02
Emmen,1.29,0.71,0.58,1.25,0.53,0.72,0.04,0.19,-0.15,1.29,0.71,0.58,1,0,1,0.42,44.3,42.34,44.47,0.39,0.48,131,11,8,10,20.51,20.83,6.89,10,7,11,4,15,46.5,36.64,45.33,53.25,76.17,50.38,0,Emmen 1-0 Utrecht II,2026-03-02
Cambuur,2.24,1.67,0.57,2.02,0.85,1.17,0.21,0.05,0.16,2.24,0.91,1.33,2,1,1,0.43,63.1,65.59,51.2,0.68,0.43,307,20,19,8,27.94,18.6,8.93,6,3,22,10,14,196.1,88.1,10.2,11.12,147.6,78.75,0,TOP Oss 1-2 Cambuur,2026-02-27
TOP Oss,1.67,2.24,-0.57,0.85,2.02,-1.17,0.05,0.21,-0.16,0.91,2.24,-1.33,1,2,-1,-0.43,36.9,34.41,42.46,0.43,0.68,116,4,8,19,18.6,27.94,14.7,3,6,21,4,10,26.5,11.9,81.53,88.88,39.83,21.25,0,TOP Oss 1-2 Cambuur,2026-02-27
Eindhoven,1.82,1.96,-0.14,1.52,1.79,-0.27,0.3,0.17,0.13,1.82,1.96,-0.14,1,2,-1,-0.86,47.6,48.85,47.72,0.34,1.07,200,13,21,13,61.76,12.15,11.93,4,1,21,9,12,111.6,52.57,65.73,79.58,124.23,57.51,4,RKC Waalwijk 2-1 Eindhoven,2026-02-27
RKC Waalwijk,1.96,1.82,0.14,1.79,1.52,0.27,0.17,0.3,-0.13,1.96,1.82,0.14,2,1,1,0.86,52.4,51.15,47.0,1.07,0.34,215,15,13,21,12.15,61.76,11.89,1,4,18,7,7,100.7,47.43,16.87,20.42,91.77,42.49,1,RKC Waalwijk 2-1 Eindhoven,2026-02-27
De Graafschap,2.01,1.56,0.45,2.01,1.29,0.72,0.0,0.27,-0.27,2.01,1.56,0.45,3,3,0,-0.45,67.5,60.24,46.78,1.23,0.87,248,18,24,18,19.51,20.69,8.68,6,1,27,4,4,160.8,71.79,0.47,0.31,84.3,38.48,1,MVV 3-3 De Graafschap,2026-02-27
MVV,1.56,2.01,-0.45,1.29,2.01,-0.72,0.27,0.0,0.27,1.56,2.01,-0.45,3,3,0,0.45,32.5,39.76,48.38,0.87,1.23,143,12,18,24,20.69,19.51,31.0,1,6,24,9,12,63.2,28.21,153.53,99.69,134.77,61.52,0,MVV 3-3 De Graafschap,2026-02-27
Dordrecht,0.77,1.98,-1.21,0.73,1.78,-1.05,0.04,0.2,-0.16,0.77,1.98,-1.21,1,1,0,1.21,48.0,45.51,41.85,0.52,1.24,163,8,13,17,25.0,13.71,9.58,6,5,16,4,12,73.4,35.05,45.07,52.94,72.63,35.45,1,PSV II 1-1 Dordrecht,2026-02-27
PSV II,1.98,0.77,1.21,1.78,0.73,1.05,0.2,0.04,0.16,1.98,0.77,1.21,1,1,0,-1.21,52.0,54.49,47.37,1.24,0.52,209,15,17,13,13.71,25.0,13.36,5,6,22,6,11,136.0,64.95,40.07,47.06,132.23,64.55,0,PSV II 1-1 Dordrecht,2026-02-27
Almere City,2.34,2.84,-0.5,1.5,2.03,-0.53,0.84,0.06,0.78,2.34,2.08,0.26,3,2,1,1.5,54.8,54.17,45.79,1.05,0.82,225,13,19,16,18.1,19.51,7.3,11,6,25,8,11,115.4,58.02,16.2,21.22,84.03,44.3,1,Utrecht II 2-3 Almere City,2026-02-27
Utrecht II,2.84,2.34,0.5,2.03,1.5,0.53,0.06,0.84,-0.78,2.08,2.34,-0.26,2,3,-1,-1.5,45.2,45.83,46.46,0.82,1.05,172,16,16,19,19.51,18.1,10.31,6,11,14,3,13,83.5,41.98,60.13,78.78,105.67,55.7,2,Utrecht II 2-3 Almere City,2026-02-27
Helmond Sport,0.63,2.38,-1.75,0.43,2.29,-1.86,0.2,0.09,0.11,0.63,2.38,-1.75,1,5,-4,-2.25,61.4,71.15,50.46,0.93,0.6,308,13,13,17,13.98,28.33,7.87,4,4,30,10,14,150.7,76.97,26.0,24.83,99.17,52.89,0,Ajax II 5-1 Helmond Sport,2026-02-27
Ajax II,2.38,0.63,1.75,2.29,0.43,1.86,0.09,0.2,-0.11,2.38,0.63,1.75,5,1,4,2.25,38.6,28.85,39.87,0.6,0.93,122,13,17,13,28.33,13.98,11.8,4,4,7,4,13,45.1,23.03,78.73,75.17,88.33,47.11,0,Ajax II 5-1 Helmond Sport,2026-02-27
Willem II,3.56,0.82,2.74,3.52,0.79,2.73,0.03,0.03,0.0,3.56,0.82,2.74,3,0,3,0.26,50.9,44.67,45.16,1.17,0.43,193,15,23,13,19.66,30.23,17.58,2,3,21,5,8,109.5,58.18,40.67,41.25,128.37,68.46,0,Emmen 0-3 Willem II,2026-02-27
Emmen,0.82,3.56,-2.74,0.79,3.52,-2.73,0.03,0.03,0.0,0.82,3.56,-2.74,0,3,-3,-0.26,49.1,55.33,50.24,0.43,1.17,243,13,13,23,30.23,19.66,16.04,3,2,25,8,7,78.7,41.82,57.93,58.75,59.13,31.54,0,Emmen 0-3 Willem II,2026-02-27
Roda JC,1.3,1.72,-0.42,1.11,1.34,-0.23,0.19,0.38,-0.19,1.3,1.72,-0.42,2,2,0,0.42,61.9,64.46,47.41,1.11,1.12,264,19,18,13,16.22,11.61,10.29,4,3,24,7,8,108.8,74.62,23.0,22.45,70.57,35.71,1,Den Bosch 2-2 Roda JC,2026-02-27
Den Bosch,1.72,1.3,0.42,1.34,1.11,0.23,0.38,0.19,0.19,1.72,1.3,0.42,2,2,0,-0.42,38.1,35.54,42.11,1.12,1.11,115,12,13,18,11.61,16.22,14.65,3,4,10,3,15,37.0,25.38,79.47,77.55,127.07,64.29,2,Den Bosch 2-2 Roda JC,2026-02-27
VVV,0.23,2.77,-2.54,0.08,2.47,-2.39,0.15,0.3,-0.15,0.23,2.77,-2.54,0,1,-1,1.54,40.8,27.83,39.31,0.36,0.64,115,4,4,27,11.11,42.19,13.09,3,11,13,2,18,16.5,6.52,68.4,70.86,28.67,10.55,0,ADO Den Haag 1-0 VVV,2026-02-27
ADO Den Haag,2.77,0.23,2.54,2.47,0.08,2.39,0.3,0.15,0.15,2.77,0.23,2.54,1,0,1,-1.54,59.2,72.17,49.14,0.64,0.36,288,22,27,4,42.19,11.11,7.88,11,3,25,8,13,236.7,93.48,28.13,29.14,243.1,89.45,4,ADO Den Haag 1-0 VVV,2026-02-27
AZ II,0.59,1.49,-0.9,0.56,1.19,-0.63,0.03,0.3,-0.27,0.59,1.49,-0.9,0,2,-2,-1.1,52.2,48.35,46.97,0.53,0.68,232,9,8,21,15.09,30.88,10.11,6,5,7,1,14,71.8,40.25,62.27,45.65,51.73,27.86,1,Vitesse 2-0 AZ II,2026-02-27
Vitesse,1.49,0.59,0.9,1.19,0.56,0.63,0.3,0.03,0.27,1.49,0.59,0.9,2,0,2,1.1,47.8,51.65,45.41,0.68,0.53,185,8,21,8,30.88,15.09,10.77,5,6,19,7,10,106.6,59.75,74.13,54.35,133.97,72.14,0,Vitesse 2-0 AZ II,2026-02-27
Eindhoven,2.23,1.99,0.24,1.31,1.98,-0.67,0.16,0.01,0.15,1.47,1.99,-0.52,1,2,-1,-1.24,41.2,40.23,43.62,0.57,1.14,137,6,17,14,29.82,12.28,15.08,3,6,13,4,15,44.6,29.48,79.8,80.5,80.57,56.24,3,Cambuur 2-1 Eindhoven,2026-02-24
Cambuur,1.99,2.23,-0.24,1.98,1.31,0.67,0.01,0.16,-0.15,1.99,1.47,0.52,2,1,1,1.24,58.8,59.77,44.87,1.14,0.57,188,19,14,17,12.28,29.82,8.88,6,3,17,7,7,106.7,70.52,19.33,19.5,62.7,43.76,0,Cambuur 2-1 Eindhoven,2026-02-24
ADO Den Haag,1.22,0.6,0.62,1.12,0.5,0.62,0.1,0.1,0.0,1.22,0.6,0.62,1,0,1,0.38,54.8,50.98,43.42,0.51,0.74,190,13,13,7,25.49,9.46,10.82,5,3,18,4,19,85.5,58.16,36.73,31.32,42.27,30.4,5,Willem II 0-1 ADO Den Haag,2026-02-24
Willem II,0.6,1.22,-0.62,0.5,1.12,-0.62,0.1,0.1,0.0,0.6,1.22,-0.62,0,1,-1,-0.38,45.2,49.02,46.29,0.74,0.51,197,12,7,13,9.46,25.49,15.4,3,5,25,4,7,61.5,41.84,80.53,68.68,96.77,69.6,0,Willem II 0-1 ADO Den Haag,2026-02-24
Den Bosch,0.96,2.0,-1.04,0.87,1.2,-0.33,0.1,0.79,-0.69,0.96,2.0,-1.04,2,2,0,1.04,33.5,31.14,41.16,0.77,0.85,108,12,8,11,10.39,12.94,14.71,6,7,11,3,11,36.0,17.49,132.87,95.27,88.47,64.78,1,AZ II 2-2 Den Bosch,2026-02-23
AZ II,2.0,0.96,1.04,1.2,0.87,0.33,0.79,0.1,0.69,2.0,0.96,1.04,2,2,0,-1.04,66.5,68.86,47.93,0.85,0.77,319,10,11,8,12.94,10.39,7.56,7,6,18,6,13,169.8,82.51,6.6,4.73,48.1,35.22,0,AZ II 2-2 Den Bosch,2026-02-23
Ajax II,1.44,1.04,0.4,1.03,1.01,0.02,0.41,0.03,0.38,1.44,1.04,0.4,0,0,0,-0.4,49.3,39.67,44.79,0.46,0.74,187,9,11,15,23.91,20.27,11.75,0,7,11,5,16,69.7,35.17,22.73,27.79,50.07,25.64,0,Emmen 0-0 Ajax II,2026-02-23
Emmen,1.04,1.44,-0.4,1.01,1.03,-0.02,0.03,0.41,-0.38,1.04,1.44,-0.4,0,0,0,0.4,50.7,60.33,56.22,0.74,0.46,290,21,15,11,20.27,23.91,8.2,7,0,38,7,13,128.5,64.83,59.07,72.21,145.2,74.36,0,Emmen 0-0 Ajax II,2026-02-23
MVV,1.22,4.02,-2.8,1.04,3.96,-2.92,0.18,0.06,0.12,1.22,4.02,-2.8,0,2,-2,0.8,45.7,36.12,41.23,0.48,0.99,141,5,9,18,18.75,18.18,10.97,2,4,6,1,23,40.3,20.67,50.07,47.99,36.47,15.7,0,Roda JC 2-0 MVV,2026-02-22
Roda JC,4.02,1.22,2.8,3.96,1.04,2.92,0.06,0.18,-0.12,4.02,1.22,2.8,2,0,2,-0.8,54.3,63.88,48.29,0.99,0.48,224,20,18,9,18.18,18.75,8.39,4,2,24,10,15,154.7,79.33,54.27,52.01,195.87,84.3,1,Roda JC 2-0 MVV,2026-02-22
Almere City,2.58,2.2,0.38,2.35,2.1,0.25,0.24,0.1,0.14,2.58,2.2,0.38,2,3,-1,-1.38,51.9,51.34,44.58,1.3,1.57,196,19,18,19,13.85,12.1,16.14,1,4,28,10,8,95.4,45.09,31.47,36.01,78.5,40.51,3,Eindhoven 3-2 Almere City,2026-02-21
Eindhoven,2.2,2.58,-0.38,2.1,2.35,-0.25,0.1,0.24,-0.14,2.2,2.58,-0.38,3,2,1,1.38,48.1,48.66,47.4,1.57,1.3,199,17,19,18,12.1,13.85,13.5,4,1,21,4,11,116.2,54.91,55.93,63.99,115.27,59.49,0,Eindhoven 3-2 Almere City,2026-02-21
TOP Oss,0.33,2.96,-2.63,0.33,2.56,-2.23,0.0,0.4,-0.4,0.33,2.96,-2.63,1,1,0,2.63,33.9,28.44,42.25,0.26,1.32,98,7,7,22,26.92,16.67,11.66,2,5,11,3,17,16.3,6.79,95.4,91.79,47.17,25.95,0,VVV 1-1 TOP Oss,2026-02-20
VVV,2.96,0.33,2.63,2.56,0.33,2.23,0.4,0.0,0.4,2.96,0.33,2.63,1,1,0,-2.63,66.1,71.56,51.63,1.32,0.26,282,26,22,7,16.67,26.92,5.72,5,2,47,10,11,223.6,93.21,8.53,8.21,134.6,74.05,0,VVV 1-1 TOP Oss,2026-02-20
RKC Waalwijk,1.57,3.38,-1.81,1.57,1.82,-0.25,0.0,1.56,-1.56,1.57,3.38,-1.81,1,1,0,1.81,39.6,39.02,46.26,0.83,1.34,158,11,11,22,13.25,16.42,12.97,4,6,7,0,21,67.9,31.52,79.47,82.66,101.8,56.21,1,Cambuur 1-1 RKC Waalwijk,2026-02-20
Cambuur,3.38,1.57,1.81,1.82,1.57,0.25,1.56,0.0,1.56,3.38,1.57,1.81,1,1,0,-1.81,60.4,60.98,46.92,1.34,0.83,252,20,22,11,16.42,13.25,7.55,6,4,27,7,9,147.5,68.48,16.67,17.34,79.3,43.79,1,Cambuur 1-1 RKC Waalwijk,2026-02-20
ADO Den Haag,0.74,1.2,-0.46,0.63,1.14,-0.51,0.11,0.06,0.05,0.74,1.2,-0.46,3,1,2,2.46,53.0,70.66,52.78,0.69,0.26,270,24,13,10,18.84,38.46,9.24,9,2,29,6,12,185.1,78.43,56.6,51.93,190.47,84.45,5,Helmond Sport 1-3 ADO Den Haag,2026-02-20
Helmond Sport,1.2,0.74,0.46,1.14,0.63,0.51,0.06,0.11,-0.05,1.2,0.74,0.46,1,3,-2,-2.46,47.0,29.34,42.29,0.26,0.69,145,9,10,13,38.46,18.84,14.86,2,9,10,4,13,50.9,21.57,52.4,48.07,35.07,15.55,0,Helmond Sport 1-3 ADO Den Haag,2026-02-20
PSV II,2.18,4.36,-2.18,1.69,4.0,-2.31,0.49,0.37,0.12,2.18,4.36,-2.18,3,2,1,3.18,48.8,46.43,45.29,0.85,1.34,182,16,17,26,20.0,19.4,10.09,7,9,23,9,10,123.0,51.19,45.87,46.9,121.57,57.16,0,Emmen 2-3 PSV II,2026-02-20
Emmen,4.36,2.18,2.18,4.0,1.69,2.31,0.37,0.49,-0.12,4.36,2.18,2.18,2,3,-1,-3.18,51.2,53.57,48.36,1.34,0.85,200,21,26,17,19.4,20.0,10.6,9,7,33,13,9,117.3,48.81,51.93,53.1,91.13,42.84,0,Emmen 2-3 PSV II,2026-02-20
Ajax II,1.08,0.87,0.21,1.08,0.7,0.38,0.0,0.17,-0.17,1.08,0.87,0.21,1,0,1,0.79,36.9,29.66,41.35,0.51,1.06,130,7,11,16,21.57,15.09,13.35,7,6,14,3,13,44.6,18.54,102.47,81.58,71.6,35.4,1,Dordrecht 0-1 Ajax II,2026-02-20
Dordrecht,0.87,1.08,-0.21,0.7,1.08,-0.38,0.17,0.0,0.17,0.87,1.08,-0.21,0,1,-1,-0.79,63.1,70.34,51.43,1.06,0.51,342,28,16,11,15.09,21.57,8.39,6,7,32,7,7,196.0,81.46,23.13,18.42,130.67,64.6,0,Dordrecht 0-1 Ajax II,2026-02-20
Utrecht II,0.57,2.56,-1.99,0.55,2.49,-1.94,0.02,0.07,-0.05,0.57,2.56,-1.99,0,1,-1,0.99,39.9,52.65,49.23,0.43,1.22,152,9,11,18,25.58,14.75,12.31,8,4,13,3,7,37.5,29.27,121.8,98.44,105.9,69.52,3,De Graafschap 1-0 Utrecht II,2026-02-20
De Graafschap,2.56,0.57,1.99,2.49,0.55,1.94,0.07,0.02,0.05,2.56,0.57,1.99,1,0,1,-0.99,60.1,47.35,41.65,1.22,0.43,154,16,18,11,14.75,25.58,7.67,4,8,23,5,13,90.6,70.73,1.93,1.56,46.43,30.48,1,De Graafschap 1-0 Utrecht II,2026-02-20
Vitesse,1.12,2.26,-1.14,0.9,1.56,-0.66,0.22,0.7,-0.48,1.12,2.26,-1.14,0,3,-3,-1.86,56.1,56.82,47.42,0.75,1.04,251,10,17,13,22.67,12.5,12.35,4,3,25,6,11,117.6,57.68,27.4,27.02,56.83,27.67,2,Willem II 3-0 Vitesse,2026-02-20
Willem II,2.26,1.12,1.14,1.56,0.9,0.66,0.7,0.22,0.48,2.26,1.12,1.14,3,0,3,1.86,43.9,43.18,47.95,1.04,0.75,186,13,13,17,12.5,22.67,13.86,3,4,22,6,11,86.3,42.32,74.0,72.98,148.53,72.33,0,Willem II 3-0 Vitesse,2026-02-20
Willem II,2.3,1.5,0.8,2.0,0.73,1.27,0.3,0.01,0.29,2.3,0.74,1.56,1,1,0,-0.8,49.8,59.2,51.73,2.01,0.98,272,26,20,12,9.95,12.24,11.74,6,3,33,8,9,123.8,72.31,77.0,60.12,161.6,85.02,0,Utrecht II 1-1 Willem II,2026-02-16
Utrecht II,1.5,2.3,-0.8,0.73,2.0,-1.27,0.01,0.3,-0.29,0.74,2.3,-1.56,1,1,0,0.8,50.2,40.8,46.12,0.98,2.01,199,13,12,20,12.24,9.95,13.5,3,6,11,2,14,47.4,27.69,51.07,39.88,28.47,14.98,0,Utrecht II 1-1 Willem II,2026-02-16
Cambuur,2.15,1.54,0.61,1.18,0.74,0.44,0.21,0.04,0.17,1.39,0.78,0.61,2,1,1,0.39,51.2,63.86,50.28,0.88,0.3,214,19,14,10,15.91,33.33,8.79,8,5,21,9,16,155.7,84.34,68.6,71.66,212.9,89.48,1,Ajax II 1-2 Cambuur,2026-02-16
Ajax II,1.54,2.15,-0.61,0.74,1.18,-0.44,0.04,0.21,-0.17,0.78,1.39,-0.61,1,2,-1,-0.39,48.8,36.14,39.02,0.3,0.88,123,7,10,14,33.33,15.91,7.49,5,8,12,3,14,28.9,15.66,27.13,28.34,25.03,10.52,0,Ajax II 1-2 Cambuur,2026-02-16
VVV,1.74,1.5,0.24,1.7,1.45,0.25,0.04,0.05,-0.01,1.74,1.5,0.24,2,2,0,-0.24,49.0,47.45,42.26,0.58,1.2,150,8,12,15,20.69,12.5,8.44,8,6,16,3,15,58.4,39.3,36.27,42.47,56.8,34.26,0,Vitesse 2-2 VVV,2026-02-14
Vitesse,1.5,1.74,-0.24,1.45,1.7,-0.25,0.05,0.04,0.01,1.5,1.74,-0.24,2,2,0,0.24,51.0,52.55,42.64,1.2,0.58,163,16,15,12,12.5,20.69,10.44,6,8,25,6,13,90.2,60.7,49.13,57.53,108.97,65.74,0,Vitesse 2-2 VVV,2026-02-14
AZ II,2.3,2.39,-0.09,2.01,2.09,-0.08,0.29,0.3,-0.01,2.3,2.39,-0.09,3,0,3,3.09,49.7,50.97,48.4,0.74,0.96,220,15,25,17,33.78,17.71,12.73,5,10,7,4,13,138.7,64.69,49.27,49.6,155.47,73.39,1,TOP Oss 0-3 AZ II,2026-02-13
TOP Oss,2.39,2.3,0.09,2.09,2.01,0.08,0.3,0.29,0.01,2.39,2.3,0.09,0,3,-3,-3.09,50.3,49.03,42.88,0.96,0.74,177,15,17,25,17.71,33.78,10.79,10,5,27,10,7,75.7,35.31,50.07,50.4,56.37,26.61,0,TOP Oss 0-3 AZ II,2026-02-13
Roda JC,2.28,1.46,0.82,1.66,1.33,0.33,0.62,0.14,0.48,2.28,1.46,0.82,2,1,1,0.18,51.4,58.93,48.84,1.2,1.03,257,22,16,13,13.33,12.62,12.45,5,5,23,8,7,152.3,63.8,52.53,47.24,136.2,67.68,2,RKC Waalwijk 1-2 Roda JC,2026-02-13
RKC Waalwijk,1.46,2.28,-0.82,1.33,1.66,-0.33,0.14,0.62,-0.48,1.46,2.28,-0.82,1,2,-1,-0.18,48.6,41.07,47.26,1.03,1.2,202,16,13,16,12.62,13.33,11.25,5,5,29,4,9,86.4,36.2,58.67,52.76,65.03,32.32,0,RKC Waalwijk 1-2 Roda JC,2026-02-13
De Graafschap,1.93,1.17,0.76,1.6,1.17,0.43,0.33,0.0,0.33,1.93,1.17,0.76,2,1,1,0.24,71.5,71.77,41.91,1.35,0.21,232,21,18,9,13.33,42.86,5.28,11,6,31,15,10,144.0,87.64,9.13,4.07,51.97,27.48,3,PSV II 1-2 De Graafschap,2026-02-13
PSV II,1.17,1.93,-0.76,1.17,1.6,-0.43,0.0,0.33,-0.33,1.17,1.93,-0.76,1,2,-1,-0.24,28.5,28.23,38.87,0.21,1.35,79,6,9,18,42.86,13.33,20.52,6,11,9,0,10,20.3,12.36,215.33,95.93,137.17,72.52,2,PSV II 1-2 De Graafschap,2026-02-13
Emmen,1.11,0.89,0.22,0.9,0.7,0.2,0.2,0.19,0.01,1.11,0.89,0.22,0,1,-1,-1.22,46.5,48.71,49.36,0.6,0.65,182,8,12,13,20.0,20.0,9.71,3,0,24,7,14,80.4,45.42,68.33,70.3,83.33,53.62,0,Dordrecht 1-0 Emmen,2026-02-13
Dordrecht,0.89,1.11,-0.22,0.7,0.9,-0.2,0.19,0.2,-0.01,0.89,1.11,-0.22,1,0,1,1.22,53.5,51.29,47.13,0.65,0.6,197,13,13,12,20.0,20.0,8.59,0,3,21,8,10,96.6,54.58,28.87,29.7,72.07,46.38,0,Dordrecht 1-0 Emmen,2026-02-13
Helmond Sport,1.0,0.54,0.46,0.98,0.27,0.71,0.02,0.27,-0.25,1.0,0.54,0.46,1,0,1,0.54,30.7,24.7,41.05,0.16,0.92,97,5,7,15,43.75,16.3,12.38,3,6,7,1,16,19.4,8.43,112.73,98.32,60.57,47.16,0,Almere City 0-1 Helmond Sport,2026-02-13
Almere City,0.54,1.0,-0.46,0.27,0.98,-0.71,0.27,0.02,0.25,0.54,1.0,-0.46,0,1,-1,-0.54,69.3,75.3,50.63,0.92,0.16,349,20,15,7,16.3,43.75,6.12,6,3,37,10,12,210.7,91.57,1.93,1.68,67.87,52.84,0,Almere City 0-1 Helmond Sport,2026-02-13
MVV,0.09,3.94,-3.85,0.05,1.71,-1.66,0.04,2.23,-2.19,0.09,3.94,-3.85,0,3,-3,0.85,37.5,25.0,39.36,0.13,1.27,103,2,3,21,23.08,16.54,17.43,0,10,7,1,10,7.3,3.05,66.07,65.16,20.13,8.92,0,ADO Den Haag 3-0 MVV,2026-02-13
ADO Den Haag,3.94,0.09,3.85,1.71,0.05,1.66,2.23,0.04,2.19,3.94,0.09,3.85,3,0,3,-0.85,62.5,75.0,55.42,1.27,0.13,355,27,21,3,16.54,23.08,7.92,10,0,45,14,11,231.8,96.95,35.33,34.84,205.5,91.08,11,ADO Den Haag 3-0 MVV,2026-02-13
Eindhoven,0.9,3.03,-2.13,0.84,2.55,-1.71,0.06,0.48,-0.42,0.9,3.03,-2.13,1,2,-1,1.13,49.1,49.66,47.52,0.85,1.13,181,9,12,24,14.12,21.24,15.14,1,4,25,4,13,65.2,36.02,33.6,50.76,68.83,34.01,0,Den Bosch 2-1 Eindhoven,2026-02-12
Den Bosch,3.03,0.9,2.13,2.55,0.84,1.71,0.48,0.06,0.42,3.03,0.9,2.13,2,1,1,-1.13,50.9,50.34,45.19,1.13,0.85,172,15,24,12,21.24,14.12,10.5,4,1,26,10,9,115.8,63.98,32.6,49.24,133.53,65.99,1,Den Bosch 2-1 Eindhoven,2026-02-12
Dordrecht,0.98,0.97,0.01,0.8,0.97,-0.17,0.18,0.0,0.18,0.98,0.97,0.01,2,1,1,0.99,40.2,34.92,42.4,0.62,0.83,146,9,9,13,14.52,15.66,17.08,6,7,11,4,13,64.0,29.51,82.73,67.67,88.13,38.16,0,AZ II 1-2 Dordrecht,2026-02-09
AZ II,0.97,0.98,-0.01,0.97,0.8,0.17,0.0,0.18,-0.18,0.97,0.98,-0.01,1,2,-1,-0.99,59.8,65.08,50.86,0.83,0.62,310,23,13,9,15.66,14.52,8.05,7,6,14,4,13,152.9,70.49,39.53,32.33,142.83,61.84,1,AZ II 1-2 Dordrecht,2026-02-09
TOP Oss,0.84,1.49,-0.65,0.67,1.39,-0.72,0.17,0.1,0.07,0.84,1.49,-0.65,0,2,-2,-1.35,39.3,41.87,44.99,0.55,0.91,154,13,11,15,20.0,16.48,11.78,12,5,21,10,11,57.4,27.56,97.87,93.86,71.13,38.38,1,PSV II 2-0 TOP Oss,2026-02-09
PSV II,1.49,0.84,0.65,1.39,0.67,0.72,0.1,0.17,-0.07,1.49,0.84,0.65,2,0,2,1.35,60.7,58.13,46.69,0.91,0.55,263,9,15,11,16.48,20.0,12.45,5,12,17,3,11,150.9,72.44,6.4,6.14,114.2,61.62,1,PSV II 2-0 TOP Oss,2026-02-09
RKC Waalwijk,1.02,1.17,-0.15,1.02,0.65,0.37,0.0,0.52,-0.52,1.02,1.17,-0.15,1,2,-1,-0.85,45.9,37.69,46.75,0.69,0.96,177,9,14,12,20.29,12.5,13.59,2,5,18,2,15,59.8,33.48,54.0,47.82,70.57,40.33,0,Willem II 2-1 RKC Waalwijk,2026-02-08
Willem II,1.17,1.02,0.15,0.65,1.02,-0.37,0.52,0.0,0.52,1.17,1.02,0.15,2,1,1,0.85,54.1,62.31,53.77,0.96,0.69,304,14,12,14,12.5,20.29,9.0,5,2,37,10,18,118.8,66.52,58.93,52.18,104.4,59.67,0,Willem II 2-1 RKC Waalwijk,2026-02-08
Eindhoven,1.1,1.75,-0.65,0.89,0.7,0.19,0.21,1.06,-0.85,1.1,1.75,-0.65,0,1,-1,-0.35,48.2,52.19,47.96,0.77,0.85,193,11,15,15,19.48,17.65,11.25,9,3,29,8,10,90.8,45.58,56.13,69.19,118.9,48.28,0,VVV 1-0 Eindhoven,2026-02-07
VVV,1.75,1.1,0.65,0.7,0.89,-0.19,1.06,0.21,0.85,1.75,1.1,0.65,1,0,1,0.35,51.8,47.81,40.13,0.85,0.77,144,12,15,15,17.65,19.48,10.86,3,9,27,9,11,108.4,54.42,25.0,30.81,127.37,51.72,1,VVV 1-0 Eindhoven,2026-02-07
ADO Den Haag,0.69,1.77,-1.08,0.62,1.75,-1.13,0.07,0.02,0.05,0.69,1.77,-1.08,3,0,3,4.08,48.2,58.16,45.3,0.69,0.72,212,15,14,10,20.29,13.89,9.74,6,2,12,3,22,113.5,69.63,80.87,70.11,168.67,92.35,5,Roda JC 0-3 ADO Den Haag,2026-02-06
Roda JC,1.77,0.69,1.08,1.75,0.62,1.13,0.02,0.07,-0.05,1.77,0.69,1.08,0,3,-3,-4.08,51.8,41.84,37.3,0.72,0.69,140,6,10,14,13.89,20.29,13.14,2,6,15,6,10,49.5,30.37,34.47,29.89,13.97,7.65,1,Roda JC 0-3 ADO Den Haag,2026-02-06
PSV II,1.34,2.46,-1.12,1.24,2.43,-1.19,0.09,0.03,0.06,1.34,2.46,-1.12,1,2,-1,0.12,65.8,56.02,48.12,1.1,1.08,317,15,11,17,10.0,15.74,10.29,3,2,19,5,12,131.3,50.48,9.4,6.45,59.47,23.87,0,MVV 2-1 PSV II,2026-02-06
MVV,2.46,1.34,1.12,2.43,1.24,1.19,0.03,0.09,-0.06,2.46,1.34,1.12,2,1,1,-0.12,34.2,43.98,50.36,1.08,1.1,187,19,17,11,15.74,10.0,20.11,2,3,24,4,11,128.8,49.52,136.4,93.55,189.67,76.13,2,MVV 2-1 PSV II,2026-02-06
Den Bosch,1.55,1.13,0.42,1.16,0.83,0.33,0.38,0.3,0.08,1.55,1.13,0.42,0,2,-2,-2.42,61.2,67.36,48.33,0.81,0.49,228,15,10,15,12.35,30.61,8.0,8,7,27,7,10,113.7,71.51,14.33,24.23,94.87,55.62,4,Helmond Sport 2-0 Den Bosch,2026-02-06
Helmond Sport,1.13,1.55,-0.42,0.83,1.16,-0.33,0.3,0.38,-0.08,1.13,1.55,-0.42,2,0,2,2.42,38.8,32.64,39.22,0.49,0.81,98,8,15,10,30.61,12.35,11.58,7,8,13,8,15,45.3,28.49,44.8,75.77,75.7,44.38,0,Helmond Sport 2-0 Den Bosch,2026-02-06
Ajax II,0.35,2.97,-2.62,0.35,2.94,-2.59,0.0,0.03,-0.03,0.35,2.97,-2.62,0,4,-4,-1.38,43.0,35.5,40.77,0.33,1.93,122,4,6,17,18.18,8.81,17.46,3,11,12,2,11,26.7,16.06,85.67,76.31,41.73,15.95,0,De Graafschap 4-0 Ajax II,2026-02-06
De Graafschap,2.97,0.35,2.62,2.94,0.35,2.59,0.03,0.0,0.03,2.97,0.35,2.62,4,0,4,1.38,57.0,64.5,43.47,1.93,0.33,192,17,17,6,8.81,18.18,8.4,11,3,27,5,11,139.6,83.94,26.6,23.69,219.85,84.05,2,De Graafschap 4-0 Ajax II,2026-02-06
Vitesse,0.64,1.92,-1.28,0.53,1.06,-0.53,0.11,0.86,-0.75,0.64,1.92,-1.28,2,1,1,2.28,47.7,48.31,45.76,0.28,0.75,169,7,13,14,46.43,18.67,8.15,1,8,15,5,26,93.0,50.68,42.4,60.34,84.83,45.09,0,TOP Oss 1-2 Vitesse,2026-02-06
TOP Oss,1.92,0.64,1.28,1.06,0.53,0.53,0.86,0.11,0.75,1.92,0.64,1.28,1,2,-1,-2.28,52.3,51.69,46.42,0.75,0.28,166,14,14,13,18.67,46.43,6.38,8,1,24,9,16,90.5,49.32,27.87,39.66,103.3,54.91,1,TOP Oss 1-2 Vitesse,2026-02-06
Helmond Sport,0.48,2.17,-1.69,0.48,1.39,-0.91,0.0,0.02,-0.02,0.48,1.41,-0.93,0,3,-3,-1.31,43.8,43.43,44.0,0.48,0.94,166,6,6,19,12.5,20.21,13.81,6,6,10,1,15,33.8,22.78,62.6,65.3,24.23,18.16,0,Dordrecht 3-0 Helmond Sport,2026-02-03
Dordrecht,2.17,0.48,1.69,1.39,0.48,0.91,0.02,0.0,0.02,1.41,0.48,0.93,3,0,3,1.31,56.2,56.57,47.61,0.94,0.48,258,14,19,6,20.21,12.5,9.49,6,6,19,7,8,114.6,77.22,33.27,34.7,109.17,81.84,0,Dordrecht 3-0 Helmond Sport,2026-02-03
Cambuur,2.06,1.32,0.74,1.2,0.81,0.39,0.1,0.51,-0.41,1.3,1.32,-0.02,2,3,-1,-1.74,54.7,54.33,43.58,0.9,0.66,212,15,16,17,17.78,25.76,14.79,4,7,22,6,8,82.7,53.6,31.0,28.01,35.89,16.1,1,PSV II 3-2 Cambuur,2026-02-02
PSV II,1.32,2.06,-0.74,0.81,1.2,-0.39,0.51,0.1,0.41,1.32,1.3,0.02,3,2,1,1.74,45.3,45.67,43.52,0.66,0.9,171,11,17,16,25.76,17.78,15.78,7,4,15,4,13,71.6,46.4,79.67,71.99,187.08,83.9,0,PSV II 3-2 Cambuur,2026-02-02
VVV,2.25,4.92,-2.67,2.25,3.82,-1.57,0.0,1.1,-1.1,2.25,4.92,-2.67,2,2,0,2.67,45.3,41.27,41.89,0.44,1.49,151,7,9,27,20.45,18.12,11.69,8,7,14,2,13,38.8,16.83,54.73,56.27,35.4,20.16,1,Utrecht II 2-2 VVV,2026-02-02
Utrecht II,4.92,2.25,2.67,3.82,2.25,1.57,1.1,0.0,1.1,4.92,2.25,2.67,2,2,0,-2.67,54.7,58.73,49.14,1.49,0.44,227,26,27,9,18.12,20.45,9.7,7,8,26,8,7,191.8,83.17,42.53,43.73,140.2,79.84,2,Utrecht II 2-2 VVV,2026-02-02
Willem II,1.81,1.35,0.46,1.4,1.35,0.05,0.41,0.0,0.41,1.81,1.35,0.46,1,2,-1,-1.46,41.9,53.87,46.9,0.52,0.66,168,11,11,11,21.15,16.67,14.58,7,5,19,4,13,93.1,63.51,131.13,89.69,168.53,89.26,0,Ajax II 2-1 Willem II,2026-02-02
Ajax II,1.35,1.81,-0.46,1.35,1.4,-0.05,0.0,0.41,-0.41,1.35,1.81,-0.46,2,1,1,1.46,58.1,46.13,37.61,0.66,0.52,158,7,11,11,16.67,21.15,9.38,5,7,11,4,10,53.5,36.49,15.07,10.31,20.27,10.74,0,Ajax II 2-1 Willem II,2026-02-02
Almere City,0.53,0.75,-0.22,0.37,0.7,-0.33,0.16,0.05,0.11,0.53,0.75,-0.22,1,1,0,0.22,56.2,54.09,46.66,1.05,0.55,202,15,16,11,15.24,20.0,16.33,5,5,23,11,8,105.9,71.36,14.53,27.31,119.13,74.13,0,MVV 1-1 Almere City,2026-02-02
MVV,0.75,0.53,0.22,0.7,0.37,0.33,0.05,0.16,-0.11,0.75,0.53,0.22,1,1,0,-0.22,43.8,45.91,46.01,0.55,1.05,157,5,11,16,20.0,15.24,17.23,5,5,13,1,3,42.5,28.64,38.67,72.69,41.57,25.87,1,MVV 1-1 Almere City,2026-02-02
Eindhoven,1.09,1.34,-0.25,0.66,1.27,-0.61,0.43,0.08,0.35,1.09,1.34,-0.25,1,1,0,0.25,49.5,47.74,49.14,0.55,0.55,198,8,10,15,18.18,27.27,9.58,4,10,22,5,15,71.7,41.71,48.4,71.1,100.5,67.78,2,Vitesse 1-1 Eindhoven,2026-02-02
Vitesse,1.34,1.09,0.25,1.27,0.66,0.61,0.08,0.43,-0.35,1.34,1.09,0.25,1,1,0,-0.25,50.5,52.26,45.02,0.55,0.55,175,13,15,10,27.27,18.18,8.68,10,4,25,6,12,100.2,58.29,19.67,28.9,47.77,32.22,1,Vitesse 1-1 Eindhoven,2026-02-02
De Graafschap,2.01,0.76,1.25,1.95,0.7,1.25,0.05,0.06,-0.01,2.01,0.76,1.25,0,0,0,-1.25,65.8,63.29,51.98,1.16,0.35,353,13,12,11,10.34,31.43,9.4,5,0,26,3,13,164.4,74.46,7.8,5.53,90.87,45.65,1,Helmond Sport 0-0 De Graafschap,2026-01-31
Helmond Sport,0.76,2.01,-1.25,0.7,1.95,-1.25,0.06,0.05,0.01,0.76,2.01,-1.25,0,0,0,1.25,34.2,36.71,48.5,0.35,1.16,151,12,11,12,31.43,10.34,23.05,0,5,20,7,8,56.4,25.54,133.13,94.47,108.2,54.35,1,Helmond Sport 0-0 De Graafschap,2026-01-31
TOP Oss,0.78,2.37,-1.59,0.69,1.56,-0.87,0.1,0.05,0.05,0.78,1.61,-0.83,0,2,-2,-0.41,41.7,46.44,49.37,0.68,1.1,181,14,12,17,17.65,15.45,14.68,4,6,17,7,11,62.9,37.0,78.8,78.02,72.5,47.05,1,RKC Waalwijk 2-0 TOP Oss,2026-01-30
RKC Waalwijk,2.37,0.78,1.59,1.56,0.69,0.87,0.05,0.1,-0.05,1.61,0.78,0.83,2,0,2,0.41,58.3,53.56,48.4,1.1,0.68,255,14,17,12,15.45,17.65,8.09,6,4,23,6,12,107.1,63.0,22.2,21.98,81.6,52.95,1,RKC Waalwijk 2-0 TOP Oss,2026-01-30
MVV,0.83,3.79,-2.96,0.62,2.94,-2.32,0.21,0.1,0.11,0.83,3.03,-2.2,0,5,-5,-2.04,51.3,56.83,46.05,1.07,1.13,245,11,7,23,6.54,20.35,14.82,7,8,22,6,11,57.3,39.14,65.87,58.5,19.74,7.16,1,Eindhoven 5-0 MVV,2026-01-30
Eindhoven,3.79,0.83,2.96,2.94,0.62,2.32,0.1,0.21,-0.11,3.03,0.83,2.2,5,0,5,2.04,48.7,43.17,40.38,1.13,1.07,179,18,23,7,20.35,6.54,11.39,8,7,7,1,8,89.1,60.86,46.73,41.5,255.95,92.84,0,Eindhoven 5-0 MVV,2026-01-30
Emmen,2.52,2.05,0.47,2.52,1.67,0.85,0.0,0.38,-0.38,2.52,2.05,0.47,1,1,0,-0.47,49.2,40.26,42.44,1.39,0.95,147,7,10,11,7.19,11.58,10.13,5,4,19,3,15,50.7,29.09,23.53,23.72,28.07,17.75,0,Den Bosch 1-1 Emmen,2026-01-30
Den Bosch,2.05,2.52,-0.47,1.67,2.52,-0.85,0.38,0.0,0.38,2.05,2.52,-0.47,1,1,0,0.47,50.8,59.74,52.55,0.95,1.39,232,12,11,10,11.58,7.19,12.03,4,5,18,4,13,123.6,70.91,75.67,76.28,130.1,82.25,3,Den Bosch 1-1 Emmen,2026-01-30
Roda JC,3.14,1.12,2.02,2.74,1.07,1.67,0.4,0.04,0.36,3.14,1.12,2.02,2,1,1,-1.02,51.0,48.69,45.19,1.55,1.28,188,22,24,23,15.48,17.97,11.61,3,4,27,13,6,135.3,49.83,46.07,45.64,131.37,49.05,0,Almere City 1-2 Roda JC,2026-01-30
Almere City,1.12,3.14,-2.02,1.07,2.74,-1.67,0.04,0.4,-0.36,1.12,3.14,-2.02,1,2,-1,1.02,49.0,51.31,46.55,1.28,1.55,190,27,23,24,17.97,15.48,10.66,4,3,20,5,14,136.2,50.17,54.87,54.36,136.47,50.95,0,Almere City 1-2 Roda JC,2026-01-30
AZ II,1.53,4.33,-2.8,1.53,2.36,-0.83,0.0,1.98,-1.98,1.53,4.33,-2.8,4,1,3,5.8,34.0,31.0,44.92,0.2,1.24,119,5,15,27,75.0,21.77,14.62,3,4,8,4,14,64.1,23.86,114.07,86.59,100.6,51.38,1,ADO Den Haag 1-4 AZ II,2026-01-30
ADO Den Haag,4.33,1.53,2.8,2.36,1.53,0.83,1.98,0.0,1.98,4.33,1.53,2.8,1,4,-3,-5.8,66.0,69.0,48.24,1.24,0.2,279,26,27,15,21.77,75.0,6.71,4,3,33,12,9,204.6,76.14,17.67,13.41,95.2,48.62,6,ADO Den Haag 1-4 AZ II,2026-01-30
Dordrecht,1.5,0.92,0.58,1.5,0.72,0.78,0.0,0.2,-0.2,1.5,0.92,0.58,2,1,1,0.42,54.8,48.37,42.47,0.55,0.52,177,5,7,13,12.73,25.0,9.56,1,3,9,3,16,54.8,38.0,16.4,14.56,25.17,15.46,1,Vitesse 1-2 Dordrecht,2026-01-30
Vitesse,0.92,1.5,-0.58,0.72,1.5,-0.78,0.2,0.0,0.2,0.92,1.5,-0.58,1,2,-1,-0.42,45.2,51.63,47.59,0.52,0.55,185,8,13,7,25.0,12.73,10.74,3,1,22,6,11,89.4,62.0,96.27,85.44,137.63,84.54,0,Vitesse 1-2 Dordrecht,2026-01-30
Helmond Sport,1.73,3.4,-1.67,1.54,3.06,-1.52,0.19,0.34,-0.15,1.73,3.4,-1.67,0,4,-4,-2.33,39.5,37.7,46.37,0.89,0.38,161,11,11,23,12.36,60.53,17.48,5,9,18,3,16,42.8,20.35,130.27,92.78,32.7,10.65,0,PSV II 4-0 Helmond Sport,2026-01-26
PSV II,3.4,1.73,1.67,3.06,1.54,1.52,0.34,0.19,0.15,3.4,1.73,1.67,4,0,4,2.33,60.5,62.3,43.31,0.38,0.89,226,13,23,11,60.53,12.36,8.91,9,5,26,8,9,167.5,79.65,10.13,7.22,274.46,89.35,2,PSV II 4-0 Helmond Sport,2026-01-26
Almere City,3.51,2.58,0.93,2.27,2.58,-0.31,1.24,0.0,1.24,3.51,2.58,0.93,4,3,1,0.07,46.5,41.21,47.8,0.69,1.32,190,23,21,19,30.43,14.39,12.36,5,5,17,9,11,116.9,42.8,77.53,81.9,160.47,73.63,0,AZ II 3-4 Almere City,2026-01-26
AZ II,2.58,3.51,-0.93,2.58,2.27,0.31,0.0,1.24,-1.24,2.58,3.51,-0.93,3,4,-1,-0.07,53.5,58.79,52.11,1.32,0.69,274,18,19,21,14.39,30.43,10.03,5,5,10,2,13,156.2,57.2,17.13,18.1,57.47,26.37,0,AZ II 3-4 Almere City,2026-01-26
Den Bosch,1.43,2.22,-0.79,0.98,2.11,-1.13,0.45,0.11,0.34,1.43,2.22,-0.79,1,1,0,0.79,37.3,40.43,44.62,0.77,0.98,117,17,17,18,22.08,18.37,13.62,4,5,16,5,13,62.1,37.01,97.0,91.51,78.1,55.87,5,De Graafschap 1-1 Den Bosch,2026-01-26
De Graafschap,2.22,1.43,0.79,2.11,0.98,1.13,0.11,0.45,-0.34,2.22,1.43,0.79,1,1,0,-0.79,62.7,59.57,47.03,0.98,0.77,225,17,18,17,18.37,22.08,6.63,5,4,32,8,13,105.7,62.99,9.0,8.49,61.7,44.13,2,De Graafschap 1-1 Den Bosch,2026-01-26
VVV,2.37,3.73,-1.36,1.49,2.41,-0.92,0.12,0.57,-0.45,1.61,2.97,-1.36,2,2,0,1.36,52.3,53.27,45.69,0.63,1.04,213,13,16,18,25.4,17.31,11.03,5,8,25,5,16,101.9,54.64,32.6,33.02,78.9,42.07,1,Roda JC 2-2 VVV,2026-01-26
Roda JC,3.73,2.37,1.36,2.41,1.49,0.92,0.57,0.12,0.45,2.97,1.61,1.36,2,2,0,-1.36,47.7,46.73,44.2,1.04,0.63,168,13,18,16,17.31,25.4,11.74,8,5,19,6,9,84.6,45.36,66.13,66.98,108.63,57.93,2,Roda JC 2-2 VVV,2026-01-26
Utrecht II,1.69,1.78,-0.09,1.6,1.78,-0.18,0.09,0.0,0.09,1.69,1.78,-0.09,2,2,0,0.09,57.1,67.58,53.11,0.67,0.36,351,18,25,8,37.31,22.22,13.96,4,2,31,8,6,192.9,78.22,44.33,37.76,94.77,54.43,1,RKC Waalwijk 2-2 Utrecht II,2026-01-26
RKC Waalwijk,1.78,1.69,0.09,1.78,1.6,0.18,0.0,0.09,-0.09,1.78,1.69,0.09,2,2,0,-0.09,42.9,32.42,41.04,0.36,0.67,144,7,8,25,22.22,37.31,22.1,2,4,7,1,11,53.7,21.78,73.07,62.24,79.33,45.57,0,RKC Waalwijk 2-2 Utrecht II,2026-01-26
Vitesse,1.14,0.81,0.33,1.06,0.78,0.28,0.08,0.03,0.05,1.14,0.81,0.33,0,0,0,-0.33,35.2,26.0,39.43,0.43,1.25,104,5,9,15,20.93,12.0,17.56,2,5,9,2,12,23.4,12.14,83.4,83.79,36.0,23.88,0,ADO Den Haag 0-0 Vitesse,2026-01-26
ADO Den Haag,0.81,1.14,-0.33,0.78,1.06,-0.28,0.03,0.08,-0.05,0.81,1.14,-0.33,0,0,0,0.33,64.8,74.0,51.04,1.25,0.43,323,20,15,9,12.0,20.93,7.59,5,2,37,9,15,169.4,87.86,16.13,16.21,114.73,76.12,11,ADO Den Haag 0-0 Vitesse,2026-01-26
VVV,1.04,3.18,-2.14,1.04,1.65,-0.61,0.0,1.53,-1.53,1.04,3.18,-2.14,1,2,-1,1.14,52.2,44.52,43.07,0.34,1.3,180,6,8,25,23.53,19.23,11.33,4,8,14,1,12,33.4,18.85,25.87,26.56,27.13,11.13,2,Willem II 2-1 VVV,2026-01-23
Willem II,3.18,1.04,2.14,1.65,1.04,0.61,1.53,0.0,1.53,3.18,1.04,2.14,2,1,1,-1.14,47.8,55.48,50.56,1.3,0.34,224,22,25,8,19.23,23.53,11.06,8,4,27,8,13,143.8,81.15,71.53,73.44,216.7,88.87,0,Willem II 2-1 VVV,2026-01-23
TOP Oss,1.5,1.11,0.39,1.48,1.02,0.46,0.02,0.09,-0.07,1.5,1.11,0.39,2,1,1,0.61,43.1,46.24,46.4,0.61,0.52,157,13,12,13,19.67,25.0,10.0,5,1,17,4,20,71.6,44.2,92.27,71.97,89.23,55.72,0,Roda JC 1-2 TOP Oss,2026-01-23
Roda JC,1.11,1.5,-0.39,1.02,1.48,-0.46,0.09,0.02,0.07,1.11,1.5,-0.39,1,2,-1,-0.61,56.9,53.76,43.58,0.52,0.61,194,12,13,12,25.0,19.67,7.49,1,5,14,8,13,90.4,55.8,35.93,28.03,70.9,44.28,0,Roda JC 1-2 TOP Oss,2026-01-23
Utrecht II,2.3,2.12,0.18,1.44,1.19,0.25,0.1,0.17,-0.07,1.54,1.36,0.18,2,2,0,-0.18,46.1,44.74,43.79,0.84,1.16,176,10,17,19,20.24,16.38,14.35,5,9,3,1,14,111.0,48.24,79.47,74.22,164.2,68.9,0,MVV 2-2 Utrecht II,2026-01-23
MVV,2.12,2.3,-0.18,1.19,1.44,-0.25,0.17,0.1,0.07,1.36,1.54,-0.18,2,2,0,0.18,53.9,55.26,41.9,1.16,0.84,181,16,19,17,16.38,20.24,8.36,9,5,24,5,13,119.1,51.76,27.6,25.78,74.13,31.1,0,MVV 2-2 Utrecht II,2026-01-23
Den Bosch,1.13,3.24,-2.11,1.11,2.25,-1.14,0.03,1.0,-0.97,1.13,3.24,-2.11,2,3,-1,1.11,55.2,50.92,49.93,0.32,0.78,192,6,8,16,25.0,20.51,8.73,6,4,22,4,9,47.2,35.36,12.0,20.48,31.47,18.94,1,Dordrecht 3-2 Den Bosch,2026-01-23
Dordrecht,3.24,1.13,2.11,2.25,1.11,1.14,1.0,0.03,0.97,3.24,1.13,2.11,3,2,1,-1.11,44.8,49.08,49.68,0.78,0.32,164,13,16,8,20.51,25.0,11.15,4,6,20,7,11,86.3,64.64,46.6,79.52,134.67,81.06,0,Dordrecht 3-2 Den Bosch,2026-01-23
RKC Waalwijk,1.4,0.98,0.42,1.34,0.98,0.36,0.06,0.0,0.06,1.4,0.98,0.42,4,2,2,1.58,31.6,28.9,44.16,0.54,0.83,120,7,12,7,22.22,8.43,20.25,2,5,13,5,11,39.7,22.62,135.67,97.56,117.7,76.66,0,De Graafschap 2-4 RKC Waalwijk,2026-01-23
De Graafschap,0.98,1.4,-0.42,0.98,1.34,-0.36,0.0,0.06,-0.06,0.98,1.4,-0.42,2,4,-2,-1.58,68.4,71.1,51.63,0.83,0.54,364,13,7,12,8.43,22.22,8.67,5,2,14,4,9,135.8,77.38,3.4,2.44,35.83,23.34,2,De Graafschap 2-4 RKC Waalwijk,2026-01-23
ADO Den Haag,1.29,2.83,-1.54,1.29,2.34,-1.05,0.0,0.49,-0.49,1.29,2.83,-1.54,1,2,-1,0.54,65.6,71.96,50.42,1.4,0.77,333,19,13,12,9.29,15.58,7.37,10,4,25,1,22,141.1,74.5,9.4,9.62,79.13,48.29,5,Vitesse 2-1 ADO Den Haag,2026-01-23
Vitesse,2.83,1.29,1.54,2.34,1.29,1.05,0.49,0.0,0.49,2.83,1.29,1.54,2,1,1,-0.54,34.4,28.04,38.15,0.77,1.4,102,9,12,13,15.58,9.29,20.08,4,10,13,3,4,48.3,25.5,88.33,90.38,84.73,51.71,0,Vitesse 2-1 ADO Den Haag,2026-01-23
PSV II,3.19,1.81,1.38,2.43,1.21,1.22,0.0,0.59,-0.59,2.43,1.81,0.62,3,5,-2,-3.38,49.6,44.82,44.1,1.24,0.41,150,11,12,19,9.68,46.34,7.53,10,8,14,0,18,60.1,40.58,42.53,47.97,82.17,46.62,0,Utrecht II 5-3 PSV II,2026-01-19
Utrecht II,1.81,3.19,-1.38,1.21,2.43,-1.22,0.59,0.0,0.59,1.81,2.43,-0.62,5,3,2,3.38,50.4,55.18,45.6,0.41,1.24,172,12,19,12,46.34,9.68,8.0,8,10,13,3,10,88.0,59.42,46.13,52.03,94.1,53.38,0,Utrecht II 5-3 PSV II,2026-01-19
Roda JC,2.34,0.5,1.84,2.24,0.5,1.74,0.1,0.0,0.1,2.34,0.5,1.84,2,2,0,-1.84,47.6,65.04,48.08,0.56,0.52,216,11,16,5,28.57,9.62,12.13,12,4,24,5,9,154.4,78.66,91.93,79.62,213.3,90.5,1,Ajax II 2-2 Roda JC,2026-01-19
Ajax II,0.5,2.34,-1.84,0.5,2.24,-1.74,0.0,0.1,-0.1,0.5,2.34,-1.84,2,2,0,1.84,52.4,34.96,37.77,0.52,0.56,120,10,5,16,9.62,28.57,12.07,4,12,10,3,19,41.9,21.34,23.53,20.38,22.4,9.5,1,Ajax II 2-2 Roda JC,2026-01-19
Willem II,2.91,1.85,1.06,2.91,1.8,1.11,0.0,0.05,-0.05,2.91,1.85,1.06,2,0,2,0.94,49.8,39.88,43.15,0.87,1.42,194,13,15,14,17.24,9.86,11.35,4,1,15,2,14,69.2,37.81,43.47,38.88,81.53,57.44,0,Eindhoven 0-2 Willem II,2026-01-18
Eindhoven,1.85,2.91,-1.06,1.8,2.91,-1.11,0.05,0.0,0.05,1.85,2.91,-1.06,0,2,-2,-0.94,50.2,60.12,50.07,1.42,0.87,263,15,14,15,9.86,17.24,15.36,1,4,32,4,11,113.8,62.19,68.33,61.12,60.4,42.56,1,Eindhoven 0-2 Willem II,2026-01-18
Dordrecht,1.98,0.8,1.18,1.9,0.8,1.1,0.08,0.0,0.08,1.98,0.8,1.18,1,1,0,-1.18,47.6,51.49,43.18,0.57,0.8,208,10,14,13,24.56,16.25,14.67,4,5,8,5,11,94.6,48.29,37.6,43.55,81.73,40.91,1,RKC Waalwijk 1-1 Dordrecht,2026-01-18
RKC Waalwijk,0.8,1.98,-1.18,0.8,1.9,-1.1,0.0,0.08,-0.08,0.8,1.98,-1.18,1,1,0,1.18,52.4,48.51,45.9,0.8,0.57,193,19,13,14,16.25,24.56,11.03,5,4,31,3,12,101.3,51.71,48.73,56.45,118.07,59.09,0,RKC Waalwijk 1-1 Dordrecht,2026-01-18
De Graafschap,0.78,1.8,-1.02,0.74,1.45,-0.71,0.04,0.34,-0.3,0.78,1.8,-1.02,0,2,-2,-0.98,56.8,50.31,43.5,0.69,0.87,204,7,12,25,17.39,28.74,12.17,5,4,30,5,9,70.9,34.96,21.4,21.88,57.63,23.11,1,Almere City 2-0 De Graafschap,2026-01-18
Almere City,1.8,0.78,1.02,1.45,0.74,0.71,0.34,0.04,0.3,1.8,0.78,1.02,2,0,2,0.98,43.2,49.69,45.24,0.87,0.69,182,18,25,12,28.74,17.39,20.48,4,5,25,12,4,131.9,65.04,76.4,78.12,191.73,76.89,0,Almere City 2-0 De Graafschap,2026-01-18
MVV,0.85,2.5,-1.65,0.85,2.33,-1.48,0.0,0.17,-0.17,0.85,2.5,-1.65,2,1,1,2.65,42.9,32.45,39.75,0.43,1.86,132,8,8,12,18.6,6.45,13.07,2,4,13,3,14,40.6,17.4,53.47,45.03,42.43,21.48,0,Den Bosch 1-2 MVV,2026-01-18
Den Bosch,2.5,0.85,1.65,2.33,0.85,1.48,0.17,0.0,0.17,2.5,0.85,1.65,1,2,-1,-2.65,57.1,67.55,52.56,1.86,0.43,282,34,12,8,6.45,18.6,10.97,4,2,35,11,10,192.8,82.6,65.27,54.97,155.13,78.52,3,Den Bosch 1-2 MVV,2026-01-18
Emmen,0.64,3.76,-3.12,0.5,2.7,-2.2,0.14,0.3,-0.16,0.64,3.0,-2.36,0,4,-4,-0.88,40.8,41.29,45.43,0.45,1.31,156,6,13,13,28.89,9.92,11.12,4,5,22,7,22,79.0,32.64,94.73,79.12,59.37,16.13,0,TOP Oss 4-0 Emmen,2026-01-17
TOP Oss,3.76,0.64,3.12,2.7,0.5,2.2,0.3,0.14,0.16,3.0,0.64,2.36,4,0,4,0.88,59.2,58.71,47.68,1.31,0.45,227,16,13,13,9.92,28.89,6.1,5,4,28,4,19,163.0,67.36,25.0,20.88,308.79,83.87,0,TOP Oss 4-0 Emmen,2026-01-17
AZ II,1.82,4.02,-2.2,1.39,3.85,-2.46,0.44,0.17,0.27,1.82,4.02,-2.2,3,1,2,4.2,49.6,40.13,42.22,0.57,0.94,174,13,12,20,21.05,21.28,10.97,5,5,9,3,9,50.3,25.48,19.53,20.63,50.47,27.59,0,VVV 1-3 AZ II,2026-01-16
VVV,4.02,1.82,2.2,3.85,1.39,2.46,0.17,0.44,-0.27,4.02,1.82,2.2,1,3,-2,-4.2,50.4,59.87,49.69,0.94,0.57,242,24,20,12,21.28,21.05,12.48,5,5,21,5,13,147.1,74.52,75.13,79.37,132.47,72.41,2,VVV 1-3 AZ II,2026-01-16
Cambuur,1.71,3.06,-1.35,1.69,3.05,-1.36,0.02,0.01,0.01,1.71,3.06,-1.35,2,1,1,2.35,34.2,29.34,40.69,0.13,0.74,113,4,9,20,69.23,27.03,15.77,4,4,4,3,16,28.1,12.89,141.0,90.23,120.3,68.25,0,ADO Den Haag 1-2 Cambuur,2026-01-16
ADO Den Haag,3.06,1.71,1.35,3.05,1.69,1.36,0.01,0.02,-0.01,3.06,1.71,1.35,1,2,-1,-2.35,65.8,70.66,45.84,0.74,0.13,278,20,20,9,27.03,69.23,5.44,4,4,32,5,20,189.9,87.11,15.27,9.77,55.97,31.75,2,ADO Den Haag 1-2 Cambuur,2026-01-16
Vitesse,2.85,1.8,1.05,2.46,1.71,0.75,0.38,0.09,0.29,2.85,1.8,1.05,2,2,0,-1.05,51.3,61.79,46.26,1.18,1.27,216,22,27,11,22.88,8.66,11.88,3,10,28,8,11,176.9,81.9,33.0,42.78,154.7,79.04,1,Helmond Sport 2-2 Vitesse,2026-01-16
Helmond Sport,1.8,2.85,-1.05,1.71,2.46,-0.75,0.09,0.38,-0.29,1.8,2.85,-1.05,2,2,0,1.05,48.7,38.21,42.44,1.27,1.18,153,11,11,27,8.66,22.88,9.33,10,3,17,5,18,39.1,18.1,44.13,57.22,41.03,20.96,1,Helmond Sport 2-2 Vitesse,2026-01-16
Ajax II,0.93,2.96,-2.03,0.17,2.47,-2.3,0.0,0.49,-0.49,0.17,2.96,-2.79,2,1,1,3.03,39.1,26.55,37.09,0.53,1.62,102,9,8,28,15.09,17.28,15.58,5,10,7,2,7,5.4,2.04,60.4,63.09,9.27,3.45,0,AZ II 1-2 Ajax II,2026-01-12
AZ II,2.96,0.93,2.03,2.47,0.17,2.3,0.49,0.0,0.49,2.96,0.17,2.79,1,2,-1,-3.03,60.9,73.45,51.73,1.62,0.53,294,23,28,8,17.28,15.09,7.22,10,5,24,10,19,258.7,97.96,35.33,36.91,259.7,96.55,2,AZ II 1-2 Ajax II,2026-01-12
Roda JC,1.97,1.65,0.32,1.07,1.4,-0.33,0.14,0.25,-0.11,1.21,1.65,-0.44,3,1,2,1.68,40.0,38.14,42.43,0.44,0.78,143,7,10,12,22.73,15.38,12.19,7,7,9,2,15,46.3,29.45,70.13,71.23,83.7,58.37,0,Utrecht II 1-3 Roda JC,2025-12-22
Utrecht II,1.65,1.97,-0.32,1.4,1.07,0.33,0.25,0.14,0.11,1.65,1.21,0.44,1,3,-2,-1.68,60.0,61.86,48.92,0.78,0.44,261,17,12,10,15.38,22.73,9.59,7,7,23,7,13,110.9,70.55,28.33,28.77,59.7,41.63,1,Utrecht II 1-3 Roda JC,2025-12-22
RKC Waalwijk,1.7,1.12,0.58,1.66,1.09,0.57,0.04,0.03,0.01,1.7,1.12,0.58,2,0,2,1.42,51.8,57.1,47.81,1.48,0.82,236,15,18,13,12.16,15.85,11.97,7,10,24,3,8,166.2,67.75,62.53,59.14,190.03,89.41,0,Ajax II 0-2 RKC Waalwijk,2025-12-22
Ajax II,1.12,1.7,-0.58,1.09,1.66,-0.57,0.03,0.04,-0.01,1.12,1.7,-0.58,0,2,-2,-1.42,48.2,42.9,44.49,0.82,1.48,196,7,13,18,15.85,12.16,12.7,10,7,13,6,11,79.1,32.25,43.2,40.86,22.5,10.59,1,Ajax II 0-2 RKC Waalwijk,2025-12-22
Willem II,3.83,2.18,1.65,1.84,1.61,0.23,1.22,0.58,0.64,3.07,2.18,0.89,2,2,0,-1.65,55.3,68.17,49.82,0.82,0.35,278,17,16,14,19.51,40.0,9.03,5,4,32,8,11,158.0,76.96,54.47,36.79,148.1,64.5,0,Helmond Sport 2-2 Willem II,2025-12-21
Helmond Sport,2.18,3.83,-1.65,1.61,1.84,-0.23,0.58,1.22,-0.64,2.18,3.07,-0.89,2,2,0,1.65,44.7,31.83,40.5,0.35,0.82,126,10,14,16,40.0,19.51,11.77,4,5,19,8,19,47.3,23.04,93.6,63.21,81.53,35.5,1,Helmond Sport 2-2 Willem II,2025-12-21
Vitesse,1.78,2.44,-0.66,1.78,2.36,-0.58,0.0,0.07,-0.07,1.78,2.44,-0.66,0,2,-2,-1.34,58.7,54.17,45.58,0.55,0.7,211,10,15,12,27.27,17.14,8.38,5,6,26,2,12,101.6,57.08,7.4,8.51,55.27,21.88,0,Den Bosch 2-0 Vitesse,2025-12-21
Den Bosch,2.44,1.78,0.66,2.36,1.78,0.58,0.07,0.0,0.07,2.44,1.78,0.66,2,0,2,1.34,41.3,45.83,48.46,0.7,0.55,172,12,12,15,17.14,27.27,10.74,6,5,12,3,15,76.4,42.92,79.6,91.49,197.37,78.12,2,Den Bosch 2-0 Vitesse,2025-12-21
Emmen,2.12,1.6,0.52,1.87,1.6,0.27,0.25,0.0,0.25,2.12,1.6,0.52,2,4,-2,-2.52,50.6,55.47,41.69,1.19,0.93,168,7,9,18,7.56,19.35,11.69,4,2,18,1,15,67.7,45.19,28.13,31.99,35.33,18.19,0,Almere City 4-2 Emmen,2025-12-20
Almere City,1.6,2.12,-0.52,1.6,1.87,-0.27,0.0,0.25,-0.25,1.6,2.12,-0.52,4,2,2,2.52,49.4,44.53,43.42,0.93,1.19,167,13,18,9,19.35,7.56,11.79,2,4,17,5,7,82.1,54.81,59.8,68.01,158.9,81.81,0,Almere City 4-2 Emmen,2025-12-20
De Graafschap,1.41,0.65,0.76,1.19,0.62,0.57,0.22,0.03,0.19,1.41,0.65,0.76,3,2,1,0.24,69.2,66.3,51.06,0.78,0.81,338,18,18,10,23.08,12.35,6.89,5,4,37,6,15,226.9,78.43,10.4,6.1,113.97,48.2,5,TOP Oss 2-3 De Graafschap,2025-12-20
TOP Oss,0.65,1.41,-0.76,0.62,1.19,-0.57,0.03,0.22,-0.19,0.65,1.41,-0.76,2,3,-1,-0.24,30.8,33.7,46.66,0.81,0.78,135,11,10,18,12.35,23.08,15.14,4,5,25,7,12,62.4,21.57,160.13,93.9,122.47,51.8,3,TOP Oss 2-3 De Graafschap,2025-12-20
AZ II,0.58,1.83,-1.25,0.52,0.93,-0.41,0.06,0.13,-0.07,0.58,1.07,-0.49,2,3,-1,0.25,56.9,61.45,44.22,0.66,0.48,210,6,7,12,10.61,25.0,10.67,5,11,14,5,13,98.1,66.83,19.4,22.08,65.6,45.0,0,Eindhoven 3-2 AZ II,2025-12-19
Eindhoven,1.83,0.58,1.25,0.93,0.52,0.41,0.13,0.06,0.07,1.07,0.58,0.49,3,2,1,-0.25,43.1,38.55,41.23,0.48,0.66,125,11,12,7,25.0,10.61,11.17,11,5,14,6,13,48.7,33.17,68.47,77.92,80.17,55.0,0,Eindhoven 3-2 AZ II,2025-12-19
Dordrecht,2.05,2.34,-0.29,1.63,2.21,-0.58,0.42,0.13,0.29,2.05,2.34,-0.29,1,3,-2,-1.71,52.0,53.29,45.27,0.85,0.62,188,21,21,13,24.71,20.97,7.04,6,5,26,4,13,163.5,61.98,23.4,32.93,112.89,41.9,5,VVV 3-1 Dordrecht,2025-12-19
VVV,2.34,2.05,0.29,2.21,1.63,0.58,0.13,0.42,-0.29,2.34,2.05,0.29,3,1,2,1.71,48.0,46.71,47.74,0.62,0.85,183,8,13,21,20.97,24.71,11.55,5,6,9,2,12,100.3,38.02,47.67,67.07,156.53,58.1,0,VVV 3-1 Dordrecht,2025-12-19
MVV,0.42,3.27,-2.85,0.4,2.06,-1.66,0.02,1.21,-1.19,0.42,3.27,-2.85,0,4,-4,-1.15,38.7,42.12,43.93,0.92,1.01,154,6,9,22,9.78,21.78,15.53,3,3,13,3,15,30.6,17.13,106.67,89.14,40.87,18.23,0,Cambuur 4-0 MVV,2025-12-19
Cambuur,3.27,0.42,2.85,2.06,0.4,1.66,1.21,0.02,1.19,3.27,0.42,2.85,4,0,4,1.15,61.3,57.88,44.99,1.01,0.92,252,19,22,9,21.78,9.78,13.0,3,3,21,10,4,148.0,82.87,13.0,10.86,183.32,81.77,0,Cambuur 4-0 MVV,2025-12-19
PSV II,1.06,3.12,-2.06,1.04,2.02,-0.98,0.02,0.34,-0.32,1.06,2.36,-1.3,2,1,1,3.06,36.9,27.62,36.67,0.53,1.25,105,9,13,23,24.53,18.4,17.96,2,7,9,3,13,30.6,14.85,102.2,88.1,36.47,13.8,1,ADO Den Haag 1-2 PSV II,2025-12-19
ADO Den Haag,3.12,1.06,2.06,2.02,1.04,0.98,0.34,0.02,0.32,2.36,1.06,1.3,1,2,-1,-3.06,63.1,72.38,44.74,1.25,0.53,249,15,23,13,18.4,24.53,9.97,7,2,30,8,11,175.5,85.15,13.8,11.9,227.87,86.2,4,ADO Den Haag 1-2 PSV II,2025-12-19
Cambuur,2.9,1.11,1.79,2.9,1.06,1.84,0.0,0.05,-0.05,2.9,1.11,1.79,1,0,1,-0.79,65.4,49.62,41.78,0.67,0.9,194,10,14,14,20.9,15.56,10.24,1,3,12,4,8,87.2,56.81,7.47,3.94,25.23,12.41,0,Willem II 0-1 Cambuur,2025-12-12
Willem II,1.11,2.9,-1.79,1.06,2.9,-1.84,0.05,0.0,0.05,1.11,2.9,-1.79,0,1,-1,0.79,34.6,50.38,45.92,0.9,0.67,138,14,14,14,15.56,20.9,18.79,3,1,22,6,15,66.3,43.19,182.07,96.06,178.03,87.59,1,Willem II 0-1 Cambuur,2025-12-12
ADO Den Haag,1.44,2.04,-0.6,0.91,1.85,-0.94,0.53,0.19,0.34,1.44,2.04,-0.6,4,3,1,1.6,63.7,65.22,45.54,1.07,0.53,249,23,18,10,16.82,18.87,5.59,4,4,37,11,23,164.0,71.43,8.13,6.47,105.07,53.71,3,TOP Oss 3-4 ADO Den Haag,2025-12-12
TOP Oss,2.04,1.44,0.6,1.85,0.91,0.94,0.19,0.53,-0.34,2.04,1.44,0.6,3,4,-1,-1.6,36.3,34.78,45.75,0.53,1.07,129,17,10,18,18.87,16.82,9.6,4,4,21,7,19,65.6,28.57,117.53,93.53,90.57,46.29,0,TOP Oss 3-4 ADO Den Haag,2025-12-12
Ajax II,1.33,2.3,-0.97,1.03,1.54,-0.51,0.3,0.0,0.3,1.33,1.54,-0.21,1,2,-1,-0.03,63.5,51.28,38.56,0.72,0.52,154,9,13,10,18.06,19.23,9.37,6,7,15,6,10,75.1,56.13,5.27,4.14,26.8,15.9,0,MVV 2-1 Ajax II,2025-12-12
MVV,2.3,1.33,0.97,1.54,1.03,0.51,0.0,0.3,-0.3,1.54,1.33,0.21,2,1,1,0.03,36.5,48.72,43.26,0.52,0.72,126,9,10,13,19.23,18.06,13.16,7,6,18,4,14,58.7,43.87,121.93,95.86,141.77,84.1,0,MVV 2-1 Ajax II,2025-12-12
Almere City,2.32,1.03,1.29,2.32,0.78,1.54,0.0,0.25,-0.25,2.32,1.03,1.29,3,2,1,-0.29,43.6,48.25,46.0,1.05,0.7,189,17,20,13,19.05,18.57,14.69,3,1,21,5,13,109.8,54.87,132.73,86.98,168.27,80.25,0,PSV II 2-3 Almere City,2025-12-12
PSV II,1.03,2.32,-1.29,0.78,2.32,-1.54,0.25,0.0,0.25,1.03,2.32,-1.29,2,3,-1,0.29,56.4,51.75,42.31,0.7,1.05,215,7,13,20,18.57,19.05,11.53,1,3,11,4,9,90.3,45.13,19.87,13.02,41.4,19.75,0,PSV II 2-3 Almere City,2025-12-12
Utrecht II,2.86,1.44,1.42,2.82,1.35,1.47,0.04,0.09,-0.05,2.86,1.44,1.42,4,1,3,1.58,36.1,35.29,41.59,0.83,1.14,122,13,15,16,18.07,14.04,15.83,4,4,12,4,12,31.1,19.2,110.6,92.27,153.73,93.27,1,AZ II 1-4 Utrecht II,2025-12-12
AZ II,1.44,2.86,-1.42,1.35,2.82,-1.47,0.09,0.04,0.05,1.44,2.86,-1.42,1,4,-3,-1.58,63.9,64.71,46.58,1.14,0.83,275,19,16,15,14.04,18.07,10.69,4,4,13,4,13,130.9,80.8,9.27,7.73,11.1,6.73,1,AZ II 1-4 Utrecht II,2025-12-12
Helmond Sport,1.02,3.46,-2.44,0.94,3.37,-2.43,0.08,0.08,0.0,1.02,3.46,-2.44,1,4,-3,-0.56,49.9,43.02,41.36,0.3,1.09,149,10,13,16,43.33,14.68,9.52,5,5,22,6,11,64.4,32.02,29.2,45.62,38.01,10.91,1,Emmen 4-1 Helmond Sport,2025-12-12
Emmen,3.46,1.02,2.44,3.37,0.94,2.43,0.08,0.08,0.0,3.46,1.02,2.44,4,1,3,0.56,50.1,56.98,48.4,1.09,0.3,197,19,16,13,14.68,43.33,10.47,5,5,26,5,14,136.7,67.98,34.8,54.37,310.31,89.09,1,Emmen 4-1 Helmond Sport,2025-12-12
Eindhoven,2.3,2.35,-0.05,1.99,1.91,0.08,0.31,0.44,-0.13,2.3,2.35,-0.05,4,3,1,1.05,45.7,49.37,46.82,0.16,1.4,165,6,13,21,81.25,15.0,10.59,5,3,18,6,12,55.5,34.09,73.13,78.19,84.0,55.71,1,Dordrecht 3-4 Eindhoven,2025-12-12
Dordrecht,2.35,2.3,0.05,1.91,1.99,-0.08,0.44,0.31,0.13,2.35,2.3,0.05,3,4,-1,-1.05,54.3,50.63,45.12,1.4,0.16,187,21,21,13,15.0,81.25,11.4,3,5,27,6,9,107.3,65.91,20.4,21.81,66.77,44.29,0,Dordrecht 3-4 Eindhoven,2025-12-12
VVV,1.25,1.08,0.17,1.17,0.98,0.19,0.07,0.09,-0.02,1.25,1.08,0.17,1,0,1,0.83,43.8,42.86,40.03,0.88,0.85,147,10,12,11,13.64,12.94,17.78,1,6,16,2,14,51.3,36.2,64.73,64.26,90.33,47.43,0,Den Bosch 0-1 VVV,2025-12-12
Den Bosch,1.08,1.25,-0.17,0.98,1.17,-0.19,0.09,0.07,0.02,1.08,1.25,-0.17,0,1,-1,-0.83,56.2,57.14,44.88,0.85,0.88,203,16,11,12,12.94,13.64,11.63,6,1,26,6,11,90.4,63.8,36.0,35.74,100.1,52.57,0,Den Bosch 0-1 VVV,2025-12-12
Roda JC,2.3,2.26,0.04,1.73,1.66,0.07,0.57,0.6,-0.03,2.3,2.26,0.04,3,2,1,0.96,47.2,56.39,49.55,1.55,1.34,208,23,18,17,11.61,12.69,18.95,1,4,23,4,8,137.2,62.68,71.4,71.88,136.2,65.55,2,De Graafschap 2-3 Roda JC,2025-12-12
De Graafschap,2.26,2.3,-0.04,1.66,1.73,-0.07,0.6,0.57,0.03,2.26,2.3,-0.04,2,3,-1,-0.96,52.8,43.61,43.85,1.34,1.55,159,12,17,18,12.69,11.61,11.04,4,1,18,7,14,81.7,37.32,27.93,28.12,71.57,34.45,3,De Graafschap 2-3 Roda JC,2025-12-12
RKC Waalwijk,2.0,1.25,0.75,1.67,1.25,0.42,0.32,0.0,0.32,2.0,1.25,0.75,1,2,-1,-1.75,61.0,60.87,49.45,1.01,0.27,243,17,13,9,12.87,33.33,5.83,6,5,17,7,18,118.2,73.83,7.4,8.11,67.63,48.16,0,Vitesse 2-1 RKC Waalwijk,2025-12-10
Vitesse,1.25,2.0,-0.75,1.25,1.67,-0.42,0.0,0.32,-0.32,1.25,2.0,-0.75,2,1,1,1.75,39.0,39.13,46.39,0.27,1.01,140,6,9,13,33.33,12.87,9.29,5,6,10,3,16,41.9,26.17,83.87,91.89,72.8,51.84,0,Vitesse 2-1 RKC Waalwijk,2025-12-10
De Graafschap,1.13,3.38,-2.25,1.09,3.08,-1.99,0.04,0.29,-0.25,1.13,3.38,-2.25,3,2,1,3.25,43.5,29.7,38.64,0.45,1.74,116,9,12,25,26.67,14.37,11.24,1,6,12,4,24,27.5,11.39,40.0,48.58,37.83,21.65,1,Utrecht II 2-3 De Graafschap,2025-12-08
Utrecht II,3.38,1.13,2.25,3.08,1.09,1.99,0.29,0.04,0.25,3.38,1.13,2.25,2,3,-1,-3.25,56.5,70.3,50.92,1.74,0.45,263,32,25,12,14.37,26.67,10.81,6,1,24,5,7,214.0,88.61,42.33,51.42,136.87,78.35,4,Utrecht II 2-3 De Graafschap,2025-12-08
TOP Oss,1.09,1.83,-0.74,0.57,1.66,-1.09,0.52,0.18,0.34,1.09,1.83,-0.74,0,0,0,0.74,45.8,38.89,42.1,0.65,0.83,127,8,10,23,15.38,27.71,9.1,2,2,13,6,19,52.0,23.16,34.4,43.54,47.4,21.02,1,Vitesse 0-0 TOP Oss,2025-12-07
Vitesse,1.83,1.09,0.74,1.66,0.57,1.09,0.18,0.52,-0.34,1.83,1.09,0.74,0,0,0,-0.74,54.2,61.11,51.34,0.83,0.65,208,18,23,10,27.71,15.38,7.69,2,2,39,5,14,172.5,76.84,44.6,56.46,178.1,78.98,0,Vitesse 0-0 TOP Oss,2025-12-07
Dordrecht,1.87,2.47,-0.6,1.83,1.66,0.17,0.04,0.81,-0.77,1.87,2.47,-0.6,0,2,-2,-1.4,48.2,43.53,43.15,0.7,0.78,165,11,15,13,21.43,16.67,10.91,4,7,21,3,15,59.1,32.62,65.4,59.03,58.57,35.88,0,Willem II 2-0 Dordrecht,2025-12-06
Willem II,2.47,1.87,0.6,1.66,1.83,-0.17,0.81,0.04,0.77,2.47,1.87,0.6,2,0,2,1.4,51.8,56.47,46.15,0.78,0.7,214,12,13,15,16.67,21.43,10.46,7,4,23,6,12,122.1,67.38,45.4,40.97,104.67,64.12,0,Willem II 2-0 Dordrecht,2025-12-06
PSV II,1.16,2.0,-0.84,1.16,1.95,-0.79,0.0,0.06,-0.06,1.16,2.0,-0.84,0,4,-4,-3.16,52.5,52.81,46.09,0.75,0.74,206,15,15,20,20.0,27.03,12.08,4,7,17,4,7,97.2,59.23,40.07,43.02,33.86,13.59,1,Eindhoven 4-0 PSV II,2025-12-05
Eindhoven,2.0,1.16,0.84,1.95,1.16,0.79,0.06,0.0,0.06,2.0,1.16,0.84,4,0,4,3.16,47.5,47.19,44.99,0.74,0.75,171,9,20,15,27.03,20.0,9.97,7,4,24,5,17,66.9,40.77,53.07,56.98,215.24,86.41,2,Eindhoven 4-0 PSV II,2025-12-05
Den Bosch,0.73,2.29,-1.56,0.73,2.29,-1.56,0.0,0.0,0.0,0.73,2.29,-1.56,1,2,-1,0.56,49.5,52.52,42.94,0.94,0.48,185,8,12,14,12.77,29.17,11.77,6,2,15,2,13,74.0,42.95,34.73,35.71,48.8,22.77,2,Cambuur 2-1 Den Bosch,2025-12-05
Cambuur,2.29,0.73,1.56,2.29,0.73,1.56,0.0,0.0,0.0,2.29,0.73,1.56,2,1,1,-0.56,50.5,47.48,45.47,0.48,0.94,171,14,14,12,29.17,12.77,14.58,2,6,7,6,10,98.3,57.05,62.53,64.29,165.5,77.23,0,Cambuur 2-1 Den Bosch,2025-12-05
AZ II,1.51,2.18,-0.67,1.51,2.01,-0.5,0.0,0.17,-0.17,1.51,2.18,-0.67,3,2,1,1.67,49.3,50.71,51.31,0.75,0.51,234,7,12,16,16.0,31.37,9.53,11,2,12,8,12,97.2,44.38,51.6,47.63,73.77,56.63,0,Roda JC 2-3 AZ II,2025-12-05
Roda JC,2.18,1.51,0.67,2.01,1.51,0.5,0.17,0.0,0.17,2.18,1.51,0.67,2,3,-1,-1.67,50.7,49.29,47.39,0.51,0.75,208,13,16,12,31.37,16.0,12.28,2,11,24,7,7,121.8,55.62,56.73,52.37,56.5,43.37,2,Roda JC 2-3 AZ II,2025-12-05
VVV,1.92,3.06,-1.14,1.92,2.92,-1.0,0.0,0.14,-0.14,1.92,3.06,-1.14,2,1,1,2.14,38.4,38.01,48.03,0.9,1.59,163,10,10,24,11.11,15.09,16.38,5,1,12,3,13,60.3,24.19,116.87,93.39,105.6,53.88,0,RKC Waalwijk 1-2 VVV,2025-12-05
RKC Waalwijk,3.06,1.92,1.14,2.92,1.92,1.0,0.14,0.0,0.14,3.06,1.92,1.14,1,2,-1,-2.14,61.6,61.99,49.94,1.59,0.9,292,22,24,10,15.09,11.11,8.55,1,5,40,8,8,189.0,75.81,8.27,6.61,90.4,46.12,0,RKC Waalwijk 1-2 VVV,2025-12-05
MVV,1.56,0.91,0.65,1.48,0.59,0.89,0.08,0.32,-0.24,1.56,0.91,0.65,4,2,2,1.35,44.1,42.11,44.02,0.64,0.71,169,9,11,12,17.19,16.9,11.21,7,6,17,2,8,72.0,32.71,86.53,72.19,107.37,54.69,0,Helmond Sport 2-4 MVV,2025-12-05
Helmond Sport,0.91,1.56,-0.65,0.59,1.48,-0.89,0.32,0.08,0.24,0.91,1.56,-0.65,2,4,-2,-1.35,55.9,57.89,45.05,0.71,0.64,223,13,12,11,16.9,17.19,9.19,6,7,26,12,18,148.1,67.29,33.33,27.81,88.97,45.31,0,Helmond Sport 2-4 MVV,2025-12-05
Ajax II,1.62,3.19,-1.57,1.62,2.27,-0.65,0.0,0.16,-0.16,1.62,2.43,-0.81,2,3,-1,0.57,54.4,47.62,37.53,0.53,0.65,131,12,10,20,18.87,30.77,8.13,6,4,9,3,12,75.7,42.48,18.87,18.36,53.53,24.52,0,Almere City 3-2 Ajax II,2025-12-05
Almere City,3.19,1.62,1.57,2.27,1.62,0.65,0.16,0.0,0.16,2.43,1.62,0.81,3,2,1,-0.57,45.6,52.38,42.92,0.65,0.53,161,15,20,10,30.77,18.87,11.46,4,6,20,12,11,102.5,57.52,83.93,81.64,164.77,75.48,0,Almere City 3-2 Ajax II,2025-12-05
Emmen,1.61,1.49,0.12,1.2,1.3,-0.1,0.41,0.19,0.22,1.61,1.49,0.12,1,2,-1,-1.12,35.0,31.72,42.57,0.35,1.1,110,8,9,15,25.71,13.64,14.83,2,2,7,4,13,21.2,12.7,100.27,95.8,58.93,48.3,2,ADO Den Haag 2-1 Emmen,2025-12-05
ADO Den Haag,1.49,1.61,-0.12,1.3,1.2,0.1,0.19,0.41,-0.22,1.49,1.61,-0.12,2,1,1,1.12,65.0,68.28,46.43,1.1,0.35,254,17,15,9,13.64,25.71,7.97,2,2,27,10,12,145.7,87.3,4.4,4.2,63.07,51.7,3,ADO Den Haag 2-1 Emmen,2025-12-05
De Graafschap,3.9,2.05,1.85,3.53,0.88,2.65,0.37,1.17,-0.8,3.9,2.05,1.85,2,1,1,-0.85,56.6,54.18,41.98,1.18,0.33,166,16,21,17,17.8,51.52,8.21,1,1,24,9,18,115.2,57.54,19.6,20.47,102.0,44.5,6,Vitesse 1-2 De Graafschap,2025-12-04
Vitesse,2.05,3.9,-1.85,0.88,3.53,-2.65,1.17,0.37,0.8,2.05,3.9,-1.85,1,2,-1,0.85,43.4,45.82,44.09,0.33,1.18,150,10,17,21,51.52,17.8,10.49,1,1,18,8,8,85.0,42.46,76.13,79.53,127.23,55.5,1,Vitesse 1-2 De Graafschap,2025-12-04
RKC Waalwijk,1.66,1.68,-0.02,1.61,1.63,-0.02,0.05,0.05,0.0,1.66,1.68,-0.02,1,3,-2,-1.98,54.2,55.72,43.91,0.98,0.57,203,20,13,11,13.27,19.3,9.19,5,7,21,3,12,103.4,68.61,40.07,38.02,74.33,37.63,0,PSV II 3-1 RKC Waalwijk,2025-12-01
PSV II,1.68,1.66,0.02,1.63,1.61,0.02,0.05,0.05,0.0,1.68,1.66,0.02,3,1,2,1.98,45.8,44.28,41.81,0.57,0.98,146,7,11,13,19.3,13.27,10.57,7,5,11,4,12,47.3,31.39,65.33,61.98,123.22,62.37,2,PSV II 3-1 RKC Waalwijk,2025-12-01
Vitesse,1.72,1.31,0.41,1.52,1.26,0.26,0.2,0.05,0.15,1.72,1.31,0.41,0,2,-2,-2.41,51.5,68.83,46.93,1.23,0.35,196,18,20,9,16.26,25.71,7.08,15,2,38,10,18,158.7,84.82,53.13,60.61,152.13,74.66,0,Ajax II 2-0 Vitesse,2025-12-01
Ajax II,1.31,1.72,-0.41,1.26,1.52,-0.26,0.05,0.2,-0.15,1.31,1.72,-0.41,2,0,2,2.41,48.5,31.17,38.96,0.35,1.23,118,3,9,20,25.71,16.26,9.67,2,15,6,1,13,28.4,15.18,34.53,39.39,51.63,25.34,0,Ajax II 2-0 Vitesse,2025-12-01
Eindhoven,1.35,2.04,-0.69,0.94,2.03,-1.09,0.41,0.02,0.39,1.35,2.04,-0.69,0,2,-2,-1.31,49.3,59.64,50.51,1.25,0.83,229,23,30,13,24.0,15.66,11.19,11,1,43,14,8,186.9,74.58,53.07,66.84,153.73,59.95,2,De Graafschap 2-0 Eindhoven,2025-11-30
De Graafschap,2.04,1.35,0.69,2.03,0.94,1.09,0.02,0.41,-0.39,2.04,1.35,0.69,2,0,2,1.31,50.7,40.36,42.94,0.83,1.25,172,10,13,30,15.66,24.0,14.1,1,11,16,6,7,63.7,25.42,26.33,33.16,102.7,40.05,2,De Graafschap 2-0 Eindhoven,2025-11-30
Roda JC,1.83,2.31,-0.48,1.55,2.31,-0.76,0.27,0.0,0.27,1.83,2.31,-0.48,0,0,0,0.48,53.0,53.97,46.95,0.69,1.28,204,15,15,16,21.74,12.5,9.41,5,3,16,3,15,129.2,57.27,50.67,53.04,129.9,58.73,1,MVV 0-0 Roda JC,2025-11-30
MVV,2.31,1.83,0.48,2.31,1.55,0.76,0.0,0.27,-0.27,2.31,1.83,0.48,0,0,0,-0.48,47.0,46.03,44.97,1.28,0.69,172,11,16,15,12.5,21.74,9.89,3,5,17,1,17,96.4,42.73,44.87,46.96,91.3,41.27,0,MVV 0-0 Roda JC,2025-11-30
Almere City,2.23,0.97,1.26,2.04,0.72,1.32,0.19,0.24,-0.05,2.23,0.97,1.26,2,1,1,-0.26,59.3,60.56,48.87,1.08,0.6,298,13,18,12,16.67,20.0,10.16,2,6,28,4,15,191.5,70.3,26.4,22.62,130.63,61.16,0,TOP Oss 1-2 Almere City,2025-11-29
TOP Oss,0.97,2.23,-1.26,0.72,2.04,-1.32,0.24,0.19,0.05,0.97,2.23,-1.26,1,2,-1,0.26,40.7,39.44,43.42,0.6,1.08,159,11,12,18,20.0,16.67,12.31,6,2,21,4,17,80.9,29.7,90.33,77.38,82.97,38.84,1,TOP Oss 1-2 Almere City,2025-11-29
ADO Den Haag,2.28,0.72,1.56,2.28,0.69,1.59,0.0,0.03,-0.03,2.28,0.72,1.56,3,0,3,1.44,55.2,50.0,43.42,1.1,0.53,216,19,13,12,11.82,22.64,10.29,4,2,16,6,17,94.1,63.37,20.07,18.65,85.03,51.28,5,VVV 0-3 ADO Den Haag,2025-11-28
VVV,0.72,2.28,-1.56,0.69,2.28,-1.59,0.03,0.0,0.03,0.72,2.28,-1.56,0,3,-3,-1.44,44.8,50.0,41.81,0.53,1.1,155,8,12,13,22.64,11.82,15.24,2,4,14,4,8,54.4,36.63,87.53,81.35,80.8,48.72,1,VVV 0-3 ADO Den Haag,2025-11-28
Helmond Sport,1.49,0.64,0.85,1.31,0.64,0.67,0.18,0.0,0.18,1.49,0.64,0.85,0,0,0,-0.85,31.9,27.99,41.16,0.63,1.41,115,8,13,10,20.63,7.09,23.0,1,6,11,1,13,29.7,17.31,119.13,85.83,70.7,45.87,0,Cambuur 0-0 Helmond Sport,2025-11-28
Cambuur,0.64,1.49,-0.85,0.64,1.31,-0.67,0.0,0.18,-0.18,0.64,1.49,-0.85,0,0,0,0.85,68.1,72.01,49.78,1.41,0.63,322,26,10,13,7.09,20.63,8.66,6,1,20,8,7,141.9,82.69,19.67,14.17,83.43,54.13,1,Cambuur 0-0 Helmond Sport,2025-11-28
AZ II,0.72,3.37,-2.65,0.72,2.35,-1.63,0.0,0.26,-0.26,0.72,2.61,-1.89,2,4,-2,0.65,40.9,43.0,44.72,0.37,1.15,148,5,5,18,13.51,15.65,17.22,2,4,8,5,9,27.6,16.52,74.8,84.17,40.3,23.2,3,Emmen 4-2 AZ II,2025-11-28
Emmen,3.37,0.72,2.65,2.35,0.72,1.63,0.26,0.0,0.26,2.61,0.72,1.89,4,2,2,-0.65,59.1,57.0,47.24,1.15,0.37,212,20,18,5,15.65,13.51,10.26,4,2,26,5,15,139.5,83.48,14.07,15.83,133.43,76.8,0,Emmen 4-2 AZ II,2025-11-28
Utrecht II,0.99,0.92,0.07,0.99,0.81,0.18,0.0,0.11,-0.11,0.99,0.92,0.07,2,1,1,0.93,48.0,45.45,45.55,0.63,0.64,173,6,8,13,12.7,20.31,12.25,5,4,10,2,16,70.3,39.76,55.6,62.33,72.03,52.36,0,Dordrecht 1-2 Utrecht II,2025-11-28
Dordrecht,0.92,0.99,-0.07,0.81,0.99,-0.18,0.11,0.0,0.11,0.92,0.99,-0.07,1,2,-1,-0.93,52.0,54.55,44.22,0.64,0.63,196,12,13,8,20.31,12.7,8.0,4,5,21,5,16,106.5,60.24,33.6,37.67,65.53,47.64,0,Dordrecht 1-2 Utrecht II,2025-11-28
Willem II,1.87,2.69,-0.82,1.36,2.69,-1.33,0.51,0.0,0.51,1.87,2.69,-0.82,1,2,-1,-0.18,58.4,55.38,46.19,1.21,0.76,226,19,18,17,14.88,22.37,13.29,3,4,36,9,9,126.9,63.96,31.27,25.67,75.83,38.33,0,Den Bosch 2-1 Willem II,2025-11-28
Den Bosch,2.69,1.87,0.82,2.69,1.36,1.33,0.0,0.51,-0.51,2.69,1.87,0.82,2,1,1,0.18,41.6,44.62,44.89,0.76,1.21,152,7,17,18,22.37,14.88,16.42,4,3,15,3,11,71.5,36.04,90.53,74.33,122.0,61.67,1,Den Bosch 2-1 Willem II,2025-11-28
Dordrecht,1.51,2.95,-1.44,1.51,1.91,-0.4,0.0,1.03,-1.03,1.51,2.95,-1.44,2,1,1,2.44,39.4,32.16,38.88,0.57,0.51,115,8,8,18,14.04,35.29,16.73,3,6,13,4,16,30.3,15.96,92.07,73.97,67.57,41.87,0,Roda JC 1-2 Dordrecht,2025-11-25
Roda JC,2.95,1.51,1.44,1.91,1.51,0.4,1.03,0.0,1.03,2.95,1.51,1.44,1,2,-1,-2.44,60.6,67.84,47.4,0.51,0.57,268,17,18,8,35.29,14.04,9.75,6,3,27,8,7,159.5,84.04,32.4,26.03,93.8,58.13,5,Roda JC 1-2 Dordrecht,2025-11-25
MVV,1.0,1.22,-0.22,1.0,1.2,-0.2,0.0,0.02,-0.02,1.0,1.22,-0.22,0,1,-1,-0.78,45.4,44.36,45.3,0.77,0.79,204,11,10,15,12.99,18.99,11.76,4,9,19,2,16,74.1,34.37,67.53,66.6,65.63,30.27,0,RKC Waalwijk 1-0 MVV,2025-11-25
RKC Waalwijk,1.22,1.0,0.22,1.2,1.0,0.2,0.02,0.0,0.02,1.22,1.0,0.22,1,0,1,0.78,54.6,55.64,46.99,0.79,0.77,253,19,15,10,18.99,12.99,10.47,9,4,24,4,15,141.5,65.63,33.87,33.4,151.17,69.73,0,RKC Waalwijk 1-0 MVV,2025-11-25
De Graafschap,2.64,1.69,0.95,2.56,0.8,1.76,0.07,0.89,-0.82,2.64,1.69,0.95,2,3,-1,-1.95,37.8,30.96,42.27,1.39,1.75,137,15,14,21,10.07,12.0,14.96,3,7,19,5,12,62.2,21.74,102.2,79.89,78.47,36.57,3,ADO Den Haag 3-2 De Graafschap,2025-11-25
ADO Den Haag,1.69,2.64,-0.95,0.8,2.56,-1.76,0.89,0.07,0.82,1.69,2.64,-0.95,3,2,1,1.95,62.2,69.04,52.66,1.75,1.39,357,24,21,14,12.0,10.07,8.26,7,3,44,9,11,223.9,78.26,25.73,20.11,136.1,63.43,2,ADO Den Haag 3-2 De Graafschap,2025-11-25
PSV II,0.8,3.02,-2.22,0.8,2.69,-1.89,0.0,0.33,-0.33,0.8,3.02,-2.22,1,3,-2,0.22,58.3,43.9,43.78,0.27,1.34,206,5,10,20,37.04,14.93,7.08,3,9,6,3,16,33.5,22.9,33.47,29.97,24.5,10.51,1,Vitesse 3-1 PSV II,2025-11-25
Vitesse,3.02,0.8,2.22,2.69,0.8,1.89,0.33,0.0,0.33,3.02,0.8,2.22,3,1,2,-0.22,41.7,56.1,48.5,1.34,0.27,180,23,20,10,14.93,37.04,10.56,9,3,25,7,12,112.8,77.1,78.2,70.03,208.53,89.49,0,Vitesse 3-1 PSV II,2025-11-25
Den Bosch,2.33,2.31,0.02,2.33,1.5,0.83,0.0,0.05,-0.05,2.33,1.55,0.78,2,3,-1,-1.02,58.6,63.81,50.48,1.52,0.67,256,19,13,13,8.55,19.4,9.0,5,2,37,9,11,134.0,67.3,29.07,31.95,103.63,56.71,2,Utrecht II 3-2 Den Bosch,2025-11-24
Utrecht II,2.31,2.33,-0.02,1.5,2.33,-0.83,0.05,0.0,0.05,1.55,2.33,-0.78,3,2,1,1.02,41.4,36.19,43.05,0.67,1.52,140,9,13,13,19.4,8.55,15.59,2,5,12,2,8,65.1,32.7,61.93,68.05,79.1,43.29,1,Utrecht II 3-2 Den Bosch,2025-11-24
TOP Oss,1.28,1.0,0.28,1.26,0.93,0.33,0.02,0.07,-0.05,1.28,1.0,0.28,1,0,1,0.72,40.2,37.7,43.63,0.84,0.73,151,11,11,13,13.1,17.81,12.16,11,2,17,4,14,60.2,27.45,100.2,82.9,105.77,61.53,0,AZ II 0-1 TOP Oss,2025-11-24
AZ II,1.0,1.28,-0.28,0.93,1.26,-0.33,0.07,0.02,0.05,1.0,1.28,-0.28,0,1,-1,-0.72,59.8,62.3,49.35,0.73,0.84,271,15,13,11,17.81,13.1,8.74,2,11,23,6,12,159.1,72.55,20.67,17.1,66.13,38.47,1,AZ II 0-1 TOP Oss,2025-11-24
Ajax II,0.42,0.67,-0.25,0.42,0.56,-0.14,0.0,0.11,-0.11,0.42,0.67,-0.25,1,2,-1,-0.75,58.1,49.83,41.01,0.44,0.46,192,6,6,11,13.64,23.91,14.95,7,6,14,4,5,85.3,45.01,15.27,12.02,22.83,11.23,0,Helmond Sport 2-1 Ajax II,2025-11-24
Helmond Sport,0.67,0.42,0.25,0.56,0.42,0.14,0.11,0.0,0.11,0.67,0.42,0.25,2,1,1,0.75,41.9,50.17,44.08,0.46,0.44,171,13,11,6,23.91,13.64,18.65,6,7,22,6,13,104.2,54.99,111.73,87.98,180.53,88.77,1,Helmond Sport 2-1 Ajax II,2025-11-24
VVV,1.27,1.17,0.1,1.22,0.98,0.24,0.04,0.19,-0.15,1.27,1.17,0.1,0,3,-3,-3.1,59.5,71.95,46.22,0.88,0.43,251,15,11,12,12.5,27.91,8.2,8,4,29,7,11,135.6,78.47,9.8,12.11,74.38,40.28,1,Almere City 3-0 VVV,2025-11-24
Almere City,1.17,1.27,-0.1,0.98,1.22,-0.24,0.19,0.04,0.15,1.17,1.27,-0.1,3,0,3,3.1,40.5,28.05,36.93,0.43,0.88,101,7,12,11,27.91,12.5,12.97,4,8,14,10,18,37.2,21.53,71.13,87.89,110.26,59.72,1,Almere City 3-0 VVV,2025-11-24
Roda JC,3.08,0.83,2.25,3.03,0.6,2.43,0.05,0.23,-0.18,3.08,0.83,2.25,1,1,0,-2.25,56.0,53.85,44.93,0.43,0.76,263,3,17,11,39.53,14.47,14.26,4,14,17,3,7,132.5,67.02,35.07,28.98,93.13,48.42,0,Emmen 1-1 Roda JC,2025-11-22
Emmen,0.83,3.08,-2.25,0.6,3.03,-2.43,0.23,0.05,0.18,0.83,3.08,-2.25,1,1,0,2.25,44.0,46.15,43.66,0.76,0.43,186,10,11,17,14.47,39.53,11.83,14,4,20,3,14,65.2,32.98,85.93,71.02,99.2,51.58,0,Emmen 1-1 Roda JC,2025-11-22
Willem II,2.62,1.26,1.36,2.55,1.08,1.47,0.07,0.17,-0.1,2.62,1.26,1.36,2,0,2,0.64,40.5,32.02,42.19,0.71,1.08,148,8,8,14,11.27,12.96,21.36,5,8,17,5,6,37.5,15.97,72.33,77.06,85.13,51.73,0,VVV 0-2 Willem II,2025-11-21
VVV,1.26,2.62,-1.36,1.08,2.55,-1.47,0.17,0.07,0.1,1.26,2.62,-1.36,0,2,-2,-0.64,59.5,67.98,53.3,1.08,0.71,379,19,14,8,12.96,11.27,12.4,8,5,26,7,10,197.3,84.03,21.53,22.94,79.43,48.27,2,VVV 0-2 Willem II,2025-11-21
RKC Waalwijk,1.64,0.42,1.22,1.6,0.41,1.19,0.04,0.01,0.03,1.64,0.42,1.22,0,0,0,-1.22,66.0,71.01,52.08,0.66,0.47,343,18,23,8,34.85,17.02,5.67,4,3,31,8,15,243.8,94.09,17.8,14.26,178.47,82.0,0,TOP Oss 0-0 RKC Waalwijk,2025-11-21
TOP Oss,0.42,1.64,-1.22,0.41,1.6,-1.19,0.01,0.04,-0.03,0.42,1.64,-1.22,0,0,0,1.22,34.0,28.99,41.69,0.47,0.66,116,12,8,23,17.02,34.85,16.58,3,4,15,3,16,15.3,5.91,107.0,85.74,39.17,18.0,1,TOP Oss 0-0 RKC Waalwijk,2025-11-21
ADO Den Haag,0.94,1.18,-0.24,0.78,1.18,-0.4,0.17,0.0,0.17,0.94,1.18,-0.24,0,2,-2,-1.76,54.6,67.29,43.37,0.5,0.29,193,14,19,8,38.0,27.59,8.02,6,5,22,7,21,124.0,76.26,32.27,29.21,114.5,59.32,1,Cambuur 2-0 ADO Den Haag,2025-11-21
Cambuur,1.18,0.94,0.24,1.18,0.78,0.4,0.0,0.17,-0.17,1.18,0.94,0.24,2,0,2,1.76,45.4,32.71,37.79,0.29,0.5,124,6,8,19,27.59,38.0,12.91,5,6,6,2,10,38.6,23.74,78.2,70.79,78.53,40.68,0,Cambuur 2-0 ADO Den Haag,2025-11-21
AZ II,3.02,0.4,2.62,2.97,0.4,2.57,0.05,0.0,0.05,3.02,0.4,2.62,3,1,2,-0.62,57.2,58.04,45.21,0.71,0.34,261,11,16,7,22.54,20.59,12.93,6,4,13,4,12,136.4,72.21,20.6,18.09,86.97,71.7,0,MVV 1-3 AZ II,2025-11-21
MVV,0.4,3.02,-2.62,0.4,2.97,-2.57,0.0,0.05,-0.05,0.4,3.02,-2.62,1,3,-2,0.62,42.8,41.96,41.76,0.34,0.71,169,3,7,16,20.59,22.54,17.69,4,6,12,3,4,52.5,27.79,93.27,81.91,34.33,28.3,0,MVV 1-3 AZ II,2025-11-21
Utrecht II,3.75,1.57,2.18,3.35,1.43,1.92,0.4,0.14,0.26,3.75,1.57,2.18,3,3,0,-2.18,44.3,44.56,43.72,0.79,0.9,151,13,21,10,26.58,11.11,11.5,6,2,15,6,13,88.3,53.1,61.2,70.13,66.53,39.23,0,PSV II 3-3 Utrecht II,2025-11-21
PSV II,1.57,3.75,-2.18,1.43,3.35,-1.92,0.14,0.4,-0.26,1.57,3.75,-2.18,3,3,0,2.18,55.7,55.44,47.77,0.9,0.79,220,11,10,21,11.11,26.58,11.68,2,6,17,4,12,78.0,46.9,26.07,29.87,103.04,60.77,0,PSV II 3-3 Utrecht II,2025-11-21
Eindhoven,1.49,0.96,0.53,1.38,0.53,0.85,0.12,0.43,-0.31,1.49,0.96,0.53,3,1,2,1.47,38.1,43.97,45.85,0.6,0.39,160,6,16,12,26.67,30.77,15.53,5,2,17,6,16,72.7,35.14,141.4,89.99,182.63,76.0,2,Ajax II 1-3 Eindhoven,2025-11-21
Ajax II,0.96,1.49,-0.53,0.53,1.38,-0.85,0.43,0.12,0.31,0.96,1.49,-0.53,1,3,-2,-1.47,61.9,56.03,41.33,0.39,0.6,214,13,12,16,30.77,26.67,15.68,2,5,13,6,5,134.2,64.86,15.73,10.01,57.67,24.0,1,Ajax II 1-3 Eindhoven,2025-11-21
Almere City,1.41,4.24,-2.83,0.65,2.66,-2.01,0.0,0.06,-0.06,0.65,2.72,-2.07,2,5,-3,-0.17,43.1,28.53,41.24,0.48,0.86,130,6,10,18,20.83,20.93,22.35,1,6,8,3,12,28.7,13.49,57.47,70.89,44.83,19.36,0,Den Bosch 5-2 Almere City,2025-11-21
Den Bosch,4.24,1.41,2.83,2.66,0.65,2.01,0.06,0.0,0.06,2.72,0.65,2.07,5,2,3,0.17,56.9,71.47,50.18,0.86,0.48,273,21,18,10,20.93,20.83,17.45,6,1,22,4,2,184.0,86.51,23.6,29.11,186.68,80.64,2,Den Bosch 5-2 Almere City,2025-11-21
Helmond Sport,1.65,3.87,-2.22,0.64,2.82,-2.18,0.25,0.3,-0.05,0.89,3.11,-2.22,1,3,-2,0.22,51.9,53.35,50.9,0.67,1.26,240,15,16,21,23.88,16.67,13.12,3,3,26,12,9,99.8,51.95,64.27,66.21,75.73,40.69,0,De Graafschap 3-1 Helmond Sport,2025-11-21
De Graafschap,3.87,1.65,2.22,2.82,0.64,2.18,0.3,0.25,0.05,3.11,0.89,2.22,3,1,2,-0.22,48.1,46.65,47.75,1.26,0.67,188,23,21,16,16.67,23.88,17.89,3,3,22,7,10,92.3,48.05,32.8,33.79,110.4,59.31,3,De Graafschap 3-1 Helmond Sport,2025-11-21
Vitesse,1.5,1.41,0.09,1.47,0.6,0.87,0.03,0.05,-0.02,1.5,0.65,0.85,1,1,0,-0.09,47.8,47.67,45.47,0.9,0.54,172,15,16,13,17.78,24.07,8.82,9,4,29,10,13,107.3,51.51,60.2,78.59,125.57,61.84,1,Dordrecht 1-1 Vitesse,2025-11-21
Dordrecht,1.41,1.5,-0.09,0.6,1.47,-0.87,0.05,0.03,0.02,0.65,1.5,-0.85,1,1,0,0.09,52.2,52.33,45.68,0.54,0.9,175,5,13,16,24.07,17.78,9.5,4,9,22,4,16,101.0,48.49,16.4,21.41,77.47,38.16,0,Dordrecht 1-1 Vitesse,2025-11-21
Emmen,0.81,2.47,-1.66,0.66,2.31,-1.65,0.15,0.16,-0.01,0.81,2.47,-1.66,1,1,0,1.66,52.5,55.69,47.56,0.54,0.76,229,12,10,19,18.52,25.0,13.15,3,3,24,7,12,58.0,37.28,23.8,21.25,17.37,11.56,0,Willem II 1-1 Emmen,2025-11-15
Willem II,2.47,0.81,1.66,2.31,0.66,1.65,0.16,0.15,0.01,2.47,0.81,1.66,1,1,0,-1.66,47.5,44.31,46.6,0.76,0.54,202,12,19,10,25.0,18.52,13.85,3,3,19,2,10,97.6,62.72,88.2,78.75,132.87,88.44,0,Willem II 1-1 Emmen,2025-11-15
Cambuur,1.81,1.36,0.45,0.91,1.34,-0.43,0.14,0.02,0.12,1.05,1.36,-0.31,3,3,0,-0.45,69.0,60.77,42.15,0.82,0.66,227,11,19,12,23.17,18.18,6.81,2,10,14,6,7,131.8,77.12,1.0,0.58,64.83,29.87,0,Eindhoven 3-3 Cambuur,2025-11-15
Eindhoven,1.36,1.81,-0.45,1.34,0.91,0.43,0.02,0.14,-0.12,1.36,1.05,0.31,3,3,0,0.45,31.0,39.23,47.78,0.66,0.82,130,11,12,19,18.18,23.17,11.43,10,2,15,2,22,39.1,22.88,170.27,99.42,152.23,70.13,2,Eindhoven 3-3 Cambuur,2025-11-15
De Graafschap,1.56,2.68,-1.12,1.49,2.36,-0.87,0.07,0.32,-0.25,1.56,2.68,-1.12,4,1,3,4.12,36.5,37.47,47.53,0.98,1.53,159,17,18,24,18.37,15.69,19.55,5,3,10,5,9,75.8,28.23,94.07,89.53,173.27,75.15,0,RKC Waalwijk 1-4 De Graafschap,2025-11-09
RKC Waalwijk,2.68,1.56,1.12,2.36,1.49,0.87,0.32,0.07,0.25,2.68,1.56,1.12,1,4,-3,-4.12,63.5,62.53,52.7,1.53,0.98,356,24,24,18,15.69,18.37,12.25,3,5,34,11,8,192.7,71.77,11.0,10.47,57.3,24.85,0,RKC Waalwijk 1-4 De Graafschap,2025-11-09
PSV II,0.95,1.69,-0.74,0.91,0.73,0.18,0.04,0.21,-0.17,0.95,0.93,0.02,3,2,1,1.74,40.1,41.79,45.69,0.7,0.59,159,12,12,18,17.14,30.51,14.45,4,10,10,3,11,55.7,37.94,100.53,88.29,141.47,86.29,0,Helmond Sport 2-3 PSV II,2025-11-08
Helmond Sport,1.69,0.95,0.74,0.73,0.91,-0.18,0.21,0.04,0.17,0.93,0.95,-0.02,2,3,-1,-1.74,59.9,58.21,45.87,0.59,0.7,244,13,18,12,30.51,17.14,6.88,10,4,32,13,12,91.1,62.06,13.33,11.71,22.47,13.71,1,Helmond Sport 2-3 PSV II,2025-11-08
Roda JC,1.31,2.75,-1.44,0.77,2.08,-1.31,0.54,0.67,-0.13,1.31,2.75,-1.44,0,4,-4,-2.56,49.8,54.73,44.04,0.96,0.6,200,16,12,20,12.5,33.33,12.97,5,8,20,8,6,79.0,44.99,99.67,72.4,61.08,33.43,0,ADO Den Haag 4-0 Roda JC,2025-11-07
ADO Den Haag,2.75,1.31,1.44,2.08,0.77,1.31,0.67,0.54,0.13,2.75,1.31,1.44,4,0,4,2.56,50.2,45.27,36.81,0.6,0.96,136,15,20,12,33.33,12.5,12.16,8,5,14,4,17,96.6,55.01,38.0,27.6,121.61,66.57,2,ADO Den Haag 4-0 Roda JC,2025-11-07
TOP Oss,0.93,3.27,-2.34,0.93,3.0,-2.07,0.0,0.27,-0.27,0.93,3.27,-2.34,1,1,0,2.34,34.9,23.88,37.73,0.23,1.69,89,5,11,28,47.83,16.57,16.04,3,3,7,0,10,16.4,5.68,61.67,73.82,22.2,9.86,0,Willem II 1-1 TOP Oss,2025-11-07
Willem II,3.27,0.93,2.34,3.0,0.93,2.07,0.27,0.0,0.27,3.27,0.93,2.34,1,1,0,-2.34,65.1,76.12,53.97,1.69,0.23,339,28,28,11,16.57,47.83,8.0,3,3,62,14,17,272.1,94.32,21.87,26.18,203.0,90.14,0,Willem II 1-1 TOP Oss,2025-11-07
Emmen,1.97,1.39,0.58,1.14,1.37,-0.23,0.06,0.01,0.05,1.21,1.39,-0.18,2,1,1,0.42,57.7,58.6,47.66,0.61,0.5,272,10,17,11,27.87,22.0,12.62,4,1,15,7,14,144.2,71.17,41.4,31.19,91.77,60.11,0,Utrecht II 1-2 Emmen,2025-11-07
Utrecht II,1.39,1.97,-0.58,1.37,1.14,0.23,0.01,0.06,-0.05,1.39,1.21,0.18,1,2,-1,-0.42,42.3,41.4,45.15,0.5,0.61,176,12,11,17,22.0,27.87,17.0,1,4,15,6,10,58.4,28.83,91.33,68.81,60.9,39.89,1,Utrecht II 1-2 Emmen,2025-11-07
VVV,2.17,1.1,1.07,1.41,1.08,0.33,0.0,0.02,-0.02,1.41,1.1,0.31,2,0,2,0.93,42.4,45.22,44.16,0.86,0.59,150,15,13,14,15.12,23.73,10.95,7,5,14,1,19,61.1,41.31,141.8,82.76,169.13,82.22,0,AZ II 0-2 VVV,2025-11-07
AZ II,1.1,2.17,-1.07,1.08,1.41,-0.33,0.02,0.0,0.02,1.1,1.41,-0.31,0,2,-2,-0.93,57.6,54.78,43.69,0.59,0.86,213,12,14,13,23.73,15.12,8.85,5,7,9,3,19,86.8,58.69,29.53,17.24,36.57,17.78,0,AZ II 0-2 VVV,2025-11-07
Dordrecht,0.99,1.25,-0.26,0.73,1.09,-0.36,0.27,0.16,0.11,0.99,1.25,-0.26,0,0,0,0.26,41.7,42.8,39.87,0.5,0.35,109,10,14,11,28.0,31.43,8.93,7,7,18,5,17,69.0,52.04,77.67,84.11,111.77,72.04,0,Ajax II 0-0 Dordrecht,2025-11-07
Ajax II,1.25,0.99,0.26,1.09,0.73,0.36,0.16,0.27,-0.11,1.25,0.99,0.26,0,0,0,-0.26,58.3,57.2,40.18,0.35,0.5,160,6,11,14,31.43,28.0,7.05,7,7,13,7,16,63.6,47.96,14.67,15.89,43.37,27.96,0,Ajax II 0-0 Dordrecht,2025-11-07
Den Bosch,1.57,0.91,0.66,1.53,0.91,0.62,0.04,0.0,0.04,1.57,0.91,0.66,3,1,2,1.34,52.6,58.61,45.57,0.55,0.54,213,17,17,12,30.91,22.22,10.29,9,4,18,10,10,117.4,64.51,33.33,45.87,112.37,64.05,0,Eindhoven 1-3 Den Bosch,2025-11-07
Eindhoven,0.91,1.57,-0.66,0.91,1.53,-0.62,0.0,0.04,-0.04,0.91,1.57,-0.66,1,3,-2,-1.34,47.4,41.39,43.09,0.54,0.55,164,10,12,17,22.22,30.91,13.33,4,9,17,3,15,64.6,35.49,39.33,54.13,63.07,35.95,2,Eindhoven 1-3 Den Bosch,2025-11-07
MVV,1.31,1.32,-0.01,1.29,1.28,0.01,0.02,0.04,-0.02,1.31,1.32,-0.01,0,4,-4,-3.99,56.8,61.77,46.27,0.9,1.04,241,11,14,26,15.56,25.0,14.25,7,2,18,4,6,137.9,56.1,35.0,27.3,105.53,45.66,1,Almere City 4-0 MVV,2025-11-07
Almere City,1.32,1.31,0.01,1.28,1.29,-0.01,0.04,0.02,0.02,1.32,1.31,0.01,4,0,4,3.99,43.2,38.23,42.36,1.04,0.9,152,18,26,14,25.0,15.56,20.55,2,7,13,6,9,107.9,43.9,93.2,72.7,125.57,54.34,3,Almere City 4-0 MVV,2025-11-07
Cambuur,2.46,1.13,1.33,2.44,1.07,1.37,0.02,0.06,-0.04,2.46,1.13,1.33,4,0,4,2.67,55.7,46.88,43.37,0.2,0.77,194,1,13,16,65.0,20.78,9.84,4,6,2,2,18,56.3,45.59,23.87,24.36,72.73,56.19,0,Vitesse 0-4 Cambuur,2025-11-07
Vitesse,1.13,2.46,-1.33,1.07,2.44,-1.37,0.06,0.02,0.04,1.13,2.46,-1.33,0,4,-4,-2.67,44.3,53.12,44.28,0.77,0.2,181,8,16,13,20.78,65.0,11.1,6,4,21,3,12,67.2,54.41,74.13,75.64,56.7,43.81,0,Vitesse 0-4 Cambuur,2025-11-07
Willem II,2.01,2.23,-0.22,1.89,2.23,-0.34,0.12,0.0,0.12,2.01,2.23,-0.22,1,2,-1,-0.78,49.8,40.86,43.88,0.82,0.55,163,14,18,24,21.95,43.64,11.76,8,7,22,7,10,80.4,32.13,29.6,34.5,49.97,18.19,0,PSV II 2-1 Willem II,2025-11-03
PSV II,2.23,2.01,0.22,2.23,1.89,0.34,0.0,0.12,-0.12,2.23,2.01,0.22,2,1,1,0.78,50.2,59.14,52.31,0.55,0.82,239,12,24,18,43.64,21.95,11.4,7,8,13,8,10,169.8,67.87,56.2,65.5,224.77,81.81,0,PSV II 2-1 Willem II,2025-11-03
Eindhoven,1.38,0.79,0.59,1.13,0.79,0.34,0.24,0.0,0.24,1.38,0.79,0.59,2,0,2,1.41,35.8,39.03,44.0,0.6,0.4,135,8,9,7,15.0,17.5,13.32,11,1,20,6,10,45.5,25.93,116.87,88.76,111.63,64.9,1,AZ II 0-2 Eindhoven,2025-11-03
AZ II,0.79,1.38,-0.59,0.79,1.13,-0.34,0.0,0.24,-0.24,0.79,1.38,-0.59,0,2,-2,-1.41,64.2,60.97,46.24,0.4,0.6,257,10,7,9,17.5,15.0,11.78,1,11,11,5,15,130.0,74.07,14.8,11.24,60.37,35.1,0,AZ II 0-2 Eindhoven,2025-11-03
Almere City,0.84,1.58,-0.74,0.58,1.35,-0.77,0.26,0.23,0.03,0.84,1.58,-0.74,1,0,1,1.74,43.0,43.61,47.37,0.81,0.68,145,11,17,20,20.99,29.41,9.44,9,3,17,8,13,92.1,44.36,98.0,87.34,135.5,67.65,1,Dordrecht 0-1 Almere City,2025-11-03
Dordrecht,1.58,0.84,0.74,1.35,0.58,0.77,0.23,0.26,-0.03,1.58,0.84,0.74,0,1,-1,-1.74,57.0,56.39,45.41,0.68,0.81,190,11,20,17,29.41,20.99,7.38,3,9,28,8,10,115.5,55.64,14.2,12.66,64.8,32.35,0,Dordrecht 0-1 Almere City,2025-11-03
ADO Den Haag,3.05,1.45,1.6,2.96,1.45,1.51,0.09,0.0,0.09,3.05,1.45,1.6,4,3,1,-0.6,67.0,75.9,48.85,1.76,0.3,336,30,30,5,17.05,16.67,7.63,6,2,32,7,17,277.9,92.14,13.07,10.44,214.5,86.42,4,MVV 3-4 ADO Den Haag,2025-11-02
MVV,1.45,3.05,-1.6,1.45,2.96,-1.51,0.0,0.09,-0.09,1.45,3.05,-1.6,3,4,-1,0.6,33.0,24.1,36.41,0.3,1.76,89,4,5,30,16.67,17.05,24.86,2,6,6,0,6,23.7,7.86,112.07,89.56,33.7,13.58,0,MVV 3-4 ADO Den Haag,2025-11-02
RKC Waalwijk,2.89,1.12,1.77,2.78,1.12,1.66,0.11,0.0,0.11,2.89,1.12,1.77,2,2,0,-1.77,40.7,39.44,48.31,1.0,0.53,174,11,19,8,19.0,15.09,11.53,7,6,18,7,13,93.0,51.52,114.6,79.92,137.17,84.91,0,Emmen 2-2 RKC Waalwijk,2025-11-02
Emmen,1.12,2.89,-1.77,1.12,2.78,-1.66,0.0,0.11,-0.11,1.12,2.89,-1.77,2,2,0,1.77,59.3,60.56,48.12,0.53,1.0,253,10,8,19,15.09,19.0,8.77,6,7,23,5,10,87.5,48.48,28.8,20.08,24.37,15.09,2,Emmen 2-2 RKC Waalwijk,2025-11-02
Ajax II,0.83,2.29,-1.46,0.8,2.22,-1.42,0.04,0.07,-0.03,0.83,2.29,-1.46,1,4,-3,-1.54,49.3,52.54,42.38,0.45,0.29,185,10,14,10,31.11,34.48,15.14,9,4,7,2,17,125.4,66.56,68.47,59.23,112.9,57.65,0,Cambuur 4-1 Ajax II,2025-11-01
Cambuur,2.29,0.83,1.46,2.22,0.8,1.42,0.07,0.04,0.03,2.29,0.83,1.46,4,1,3,1.54,50.7,47.46,41.09,0.29,0.45,184,6,10,14,34.48,31.11,16.88,4,9,8,2,3,63.0,33.44,47.13,40.77,82.93,42.35,1,Cambuur 4-1 Ajax II,2025-11-01
Utrecht II,1.18,1.0,0.18,0.92,0.97,-0.05,0.25,0.03,0.22,1.18,1.0,0.18,1,1,0,-0.18,40.9,34.9,44.03,0.6,1.91,168,12,10,13,16.67,6.81,20.4,5,3,13,2,12,48.6,23.7,125.87,74.36,66.07,39.9,0,Roda JC 1-1 Utrecht II,2025-11-01
Roda JC,1.0,1.18,-0.18,0.97,0.92,0.05,0.03,0.25,-0.22,1.0,1.18,-0.18,1,1,0,0.18,59.1,65.1,50.98,1.91,0.6,391,21,13,10,6.81,16.67,18.52,3,5,19,5,9,156.5,76.3,43.4,25.64,99.5,60.1,0,Roda JC 1-1 Utrecht II,2025-11-01
Helmond Sport,2.24,0.78,1.46,2.23,0.78,1.45,0.01,0.0,0.01,2.24,0.78,1.46,3,0,3,1.54,45.8,51.79,46.64,0.92,0.46,192,10,14,9,15.22,19.57,10.05,6,5,19,5,21,94.6,59.16,67.87,59.29,117.8,81.22,0,TOP Oss 0-3 Helmond Sport,2025-10-31
TOP Oss,0.78,2.24,-1.46,0.78,2.23,-1.45,0.0,0.01,-0.01,0.78,2.24,-1.46,0,3,-3,-1.54,54.2,48.21,45.43,0.46,0.92,212,9,9,14,19.57,15.22,8.78,5,6,16,1,12,65.3,40.84,46.6,40.71,27.23,18.78,0,TOP Oss 0-3 Helmond Sport,2025-10-31
De Graafschap,1.8,2.56,-0.76,1.67,1.74,-0.07,0.14,0.07,0.07,1.8,1.8,0.0,2,1,1,1.76,55.4,53.28,43.81,1.49,1.58,179,17,13,20,8.72,12.66,10.96,2,3,22,8,13,72.5,48.49,20.67,25.1,61.3,37.17,5,Den Bosch 1-2 De Graafschap,2025-10-31
Den Bosch,2.56,1.8,0.76,1.74,1.67,0.07,0.07,0.14,-0.07,1.8,1.8,0.0,1,2,-1,-1.76,44.6,46.72,44.88,1.58,1.49,140,18,20,13,12.66,8.72,12.96,3,2,14,4,14,77.0,51.51,61.67,74.9,103.6,62.83,3,Den Bosch 1-2 De Graafschap,2025-10-31
Vitesse,3.41,2.42,0.99,2.62,2.28,0.34,0.03,0.15,-0.12,2.65,2.42,0.23,2,1,1,0.01,45.3,30.15,37.92,0.72,1.36,100,5,15,21,20.83,15.44,12.43,2,5,12,2,12,39.6,20.69,52.6,53.09,63.8,34.2,0,VVV 1-2 Vitesse,2025-10-31
VVV,2.42,3.41,-0.99,2.28,2.62,-0.34,0.15,0.03,0.12,2.42,2.65,-0.23,1,2,-1,-0.01,54.7,69.85,50.08,1.36,0.72,243,13,21,15,15.44,20.83,11.57,5,2,28,7,15,151.8,79.31,46.47,46.91,122.77,65.8,0,VVV 1-2 Vitesse,2025-10-31
MVV,1.94,3.88,-1.94,1.92,3.52,-1.6,0.01,0.36,-0.35,1.94,3.88,-1.94,2,2,0,1.94,30.9,29.08,45.09,0.7,1.79,116,8,8,22,11.43,12.29,33.21,2,5,12,4,11,30.3,10.36,152.13,83.4,81.5,34.59,0,Willem II 2-2 MVV,2025-10-26
Willem II,3.88,1.94,1.94,3.52,1.92,1.6,0.36,0.01,0.35,3.88,1.94,1.94,2,2,0,-1.94,69.1,70.92,52.04,1.79,0.7,364,22,22,8,12.29,11.43,11.2,5,2,48,5,4,262.3,89.64,30.27,16.6,154.13,65.41,0,Willem II 2-2 MVV,2025-10-26
Den Bosch,1.23,1.81,-0.58,0.88,1.31,-0.43,0.35,0.5,-0.15,1.23,1.81,-0.58,1,2,-1,-0.42,31.1,28.4,41.07,0.28,1.45,112,5,7,20,25.0,13.79,19.31,1,2,8,4,6,26.7,11.11,137.67,95.56,39.57,17.71,3,ADO Den Haag 2-1 Den Bosch,2025-10-25
ADO Den Haag,1.81,1.23,0.58,1.31,0.88,0.43,0.5,0.35,0.15,1.81,1.23,0.58,2,1,1,0.42,68.9,71.6,49.28,1.45,0.28,320,28,20,7,13.79,25.0,9.85,2,1,25,11,12,213.7,88.89,6.4,4.44,183.83,82.29,6,ADO Den Haag 2-1 Den Bosch,2025-10-25
Cambuur,1.83,1.98,-0.15,1.78,1.98,-0.2,0.04,0.0,0.04,1.83,1.98,-0.15,2,4,-2,-1.85,55.2,61.27,51.27,1.36,1.02,267,17,12,16,8.82,15.69,9.46,7,5,18,6,7,143.2,58.02,46.73,41.7,117.77,48.92,0,RKC Waalwijk 4-2 Cambuur,2025-10-24
RKC Waalwijk,1.98,1.83,0.15,1.98,1.78,0.2,0.0,0.04,-0.04,1.98,1.83,0.15,4,2,2,1.85,44.8,38.73,43.8,1.02,1.36,160,13,16,12,15.69,8.82,13.79,5,7,11,1,15,103.6,41.98,65.33,58.3,122.97,51.08,0,RKC Waalwijk 4-2 Cambuur,2025-10-24
TOP Oss,0.21,1.24,-1.03,0.19,1.12,-0.93,0.02,0.12,-0.1,0.21,1.24,-1.03,0,0,0,1.03,37.2,36.73,44.8,0.22,0.95,118,6,7,20,31.82,21.05,9.14,13,2,14,3,17,8.7,4.09,114.33,86.27,28.0,18.02,1,Utrecht II 0-0 TOP Oss,2025-10-24
Utrecht II,1.24,0.21,1.03,1.12,0.19,0.93,0.12,0.02,0.1,1.24,0.21,1.03,0,0,0,-1.03,62.8,63.27,46.21,0.95,0.22,240,14,20,7,21.05,31.82,6.62,2,13,27,4,19,204.2,95.91,18.2,13.73,127.37,81.98,0,Utrecht II 0-0 TOP Oss,2025-10-24
Emmen,1.9,0.82,1.08,1.48,0.82,0.66,0.42,0.0,0.42,1.9,0.82,1.08,1,0,1,-0.08,50.4,52.94,44.94,0.77,0.32,199,12,19,8,24.68,25.0,11.97,6,3,18,6,12,101.9,65.11,53.87,52.2,112.83,66.13,0,Ajax II 0-1 Emmen,2025-10-24
Ajax II,0.82,1.9,-1.08,0.82,1.48,-0.66,0.0,0.42,-0.42,0.82,1.9,-1.08,0,1,-1,0.08,49.6,47.06,42.11,0.32,0.77,183,9,8,19,25.0,24.68,15.08,3,6,11,4,9,54.6,34.89,49.33,47.8,57.8,33.87,0,Ajax II 0-1 Emmen,2025-10-24
Dordrecht,0.77,0.77,0.0,0.65,0.68,-0.03,0.12,0.09,0.03,0.77,0.77,0.0,2,1,1,1.0,47.7,40.92,40.96,0.59,0.5,132,15,10,10,16.95,20.0,9.42,1,9,24,5,18,46.3,31.39,37.07,45.5,30.17,19.01,1,Helmond Sport 1-2 Dordrecht,2025-10-24
Helmond Sport,0.77,0.77,0.0,0.68,0.65,0.03,0.09,0.12,-0.03,0.77,0.77,0.0,1,2,-1,-1.0,52.3,59.08,48.4,0.5,0.59,212,10,10,10,20.0,16.95,7.53,9,1,24,11,13,101.2,68.61,44.4,54.5,128.53,80.99,1,Helmond Sport 1-2 Dordrecht,2025-10-24
VVV,1.11,1.28,-0.17,1.05,1.24,-0.19,0.05,0.04,0.01,1.11,1.28,-0.17,1,0,1,1.17,52.9,50.68,45.09,0.5,0.82,204,12,12,13,24.0,15.85,12.93,5,6,16,4,11,91.4,62.13,44.8,39.23,88.97,57.05,0,Eindhoven 0-1 VVV,2025-10-24
Eindhoven,1.28,1.11,0.17,1.24,1.05,0.19,0.04,0.05,-0.01,1.28,1.11,0.17,0,1,-1,-1.17,47.1,49.32,42.09,0.82,0.5,155,14,13,12,15.85,24.0,15.04,6,5,24,7,12,55.7,37.87,69.4,60.77,66.97,42.95,2,Eindhoven 0-1 VVV,2025-10-24
PSV II,2.49,3.56,-1.07,2.42,3.35,-0.93,0.07,0.21,-0.14,2.49,3.56,-1.07,2,3,-1,0.07,47.6,50.27,49.27,0.47,1.62,218,15,25,38,53.19,23.46,14.54,7,2,10,5,5,109.0,41.05,61.73,65.35,130.3,49.13,0,De Graafschap 3-2 PSV II,2025-10-24
De Graafschap,3.56,2.49,1.07,3.35,2.42,0.93,0.21,0.07,0.14,3.56,2.49,1.07,3,2,1,-0.07,52.4,49.73,44.62,1.62,0.47,224,24,38,25,23.46,53.19,12.88,2,7,16,7,15,156.5,58.95,32.73,34.65,134.9,50.87,3,De Graafschap 3-2 PSV II,2025-10-24
AZ II,1.94,1.0,0.94,1.1,0.96,0.14,0.08,0.03,0.05,1.18,1.0,0.18,3,1,2,1.06,46.3,37.94,42.22,0.57,0.82,149,7,11,18,19.3,21.95,14.81,7,2,5,2,7,34.9,25.83,50.93,47.04,58.73,39.43,0,Almere City 1-3 AZ II,2025-10-24
Almere City,1.0,1.94,-0.94,0.96,1.1,-0.14,0.03,0.08,-0.05,1.0,1.18,-0.18,1,3,-2,-1.06,53.7,62.06,46.95,0.82,0.57,230,15,18,11,21.95,19.3,11.45,2,7,31,11,6,100.2,74.17,57.33,52.96,90.23,60.57,5,Almere City 1-3 AZ II,2025-10-24
Roda JC,1.95,0.52,1.43,1.92,0.49,1.43,0.03,0.03,0.0,1.95,0.52,1.43,2,2,0,-1.43,64.4,62.02,44.91,0.48,0.49,252,13,12,11,25.0,22.45,7.86,1,6,21,2,14,101.2,67.87,15.33,9.91,52.63,28.37,0,Vitesse 2-2 Roda JC,2025-10-24
Vitesse,0.52,1.95,-1.43,0.49,1.92,-1.43,0.03,0.03,0.0,0.52,1.95,-1.43,2,2,0,1.43,35.6,37.98,42.07,0.49,0.48,117,13,11,12,22.45,25.0,14.47,6,1,11,2,19,47.9,32.13,139.4,90.09,132.9,71.63,0,Vitesse 2-2 Roda JC,2025-10-24
Utrecht II,1.42,1.23,0.19,0.2,1.04,-0.84,0.46,0.19,0.27,0.66,1.23,-0.57,1,0,1,0.81,42.1,39.94,44.4,0.38,0.76,171,8,8,13,21.05,17.11,14.24,3,6,10,5,9,62.1,31.35,107.67,78.67,116.3,65.73,0,VVV 0-1 Utrecht II,2025-10-21
VVV,1.23,1.42,-0.19,1.04,0.2,0.84,0.19,0.46,-0.27,1.23,0.66,0.57,0,1,-1,-0.81,57.9,60.06,48.92,0.76,0.38,296,16,13,8,17.11,21.05,9.38,6,3,25,6,10,136.0,68.65,29.2,21.33,60.63,34.27,3,VVV 0-1 Utrecht II,2025-10-21
Ajax II,0.8,2.56,-1.76,0.67,2.46,-1.79,0.13,0.1,0.03,0.8,2.56,-1.76,1,1,0,1.76,53.1,49.11,41.51,0.39,1.01,189,12,10,15,25.64,14.85,7.93,3,9,13,4,23,75.4,50.03,9.4,8.75,27.8,16.01,0,TOP Oss 1-1 Ajax II,2025-10-21
TOP Oss,2.56,0.8,1.76,2.46,0.67,1.79,0.1,0.13,-0.03,2.56,0.8,1.76,1,1,0,-1.76,46.9,50.89,48.2,1.01,0.39,200,14,15,10,14.85,25.64,10.08,9,3,27,7,13,75.3,49.97,98.07,91.25,145.87,83.99,0,TOP Oss 1-1 Ajax II,2025-10-21
Helmond Sport,1.9,1.35,0.55,1.85,1.14,0.71,0.05,0.21,-0.16,1.9,1.35,0.55,0,1,-1,-1.55,55.6,49.07,42.98,0.77,1.04,187,13,14,9,18.18,8.65,11.46,3,3,22,7,11,77.1,46.06,22.27,24.73,47.43,29.55,3,Den Bosch 1-0 Helmond Sport,2025-10-21
Den Bosch,1.35,1.9,-0.55,1.14,1.85,-0.71,0.21,0.05,0.16,1.35,1.9,-0.55,1,0,1,1.55,44.4,50.93,47.97,1.04,0.77,187,17,9,14,8.65,18.18,14.89,3,3,15,6,10,90.3,53.94,67.8,75.27,113.07,70.45,1,Den Bosch 1-0 Helmond Sport,2025-10-21
Vitesse,2.74,0.98,1.76,2.64,0.98,1.66,0.09,0.0,0.09,2.74,0.98,1.76,2,3,-1,-2.76,59.6,61.67,48.51,1.59,0.52,273,23,22,8,13.84,15.38,7.85,7,2,28,5,16,174.1,84.93,15.8,15.37,84.1,46.23,0,MVV 3-2 Vitesse,2025-10-21
MVV,0.98,2.74,-1.76,0.98,2.64,-1.66,0.0,0.09,-0.09,0.98,2.74,-1.76,3,2,1,2.76,40.4,38.33,43.05,0.52,1.59,143,12,8,22,15.38,13.84,16.12,2,7,7,2,9,30.9,15.07,87.0,84.63,97.82,53.77,0,MVV 3-2 Vitesse,2025-10-21
Almere City,0.48,2.25,-1.77,0.39,2.0,-1.61,0.09,0.26,-0.17,0.48,2.25,-1.77,0,2,-2,-0.23,42.8,41.72,44.24,0.51,0.73,162,9,15,14,29.41,19.18,21.95,0,7,22,9,14,70.8,38.33,63.67,71.32,79.1,45.93,6,Roda JC 2-0 Almere City,2025-10-20
Roda JC,2.25,0.48,1.77,2.0,0.39,1.61,0.26,0.09,0.17,2.25,0.48,1.77,2,0,2,0.23,57.2,58.28,48.93,0.73,0.51,265,14,14,15,19.18,29.41,12.08,7,0,26,7,3,113.9,61.67,25.6,28.68,93.13,54.07,2,Roda JC 2-0 Almere City,2025-10-20
ADO Den Haag,2.35,1.16,1.19,2.05,1.13,0.92,0.3,0.03,0.27,2.35,1.16,1.19,3,0,3,1.81,55.9,62.67,44.92,0.64,0.55,216,20,21,11,32.81,20.0,9.67,8,6,21,4,13,153.7,76.43,42.0,41.45,188.5,83.29,5,PSV II 0-3 ADO Den Haag,2025-10-20
PSV II,1.16,2.35,-1.19,1.13,2.05,-0.92,0.03,0.3,-0.27,1.16,2.35,-1.19,0,3,-3,-1.81,44.1,37.33,42.14,0.55,0.64,144,8,11,21,20.0,32.81,14.04,6,8,10,2,11,47.4,23.57,59.33,58.55,37.83,16.71,0,PSV II 0-3 ADO Den Haag,2025-10-20
Willem II,0.63,1.84,-1.21,0.59,1.65,-1.06,0.04,0.19,-0.15,0.63,1.84,-1.21,0,4,-4,-2.79,48.3,43.67,43.2,0.7,0.71,183,8,12,15,17.14,21.13,16.15,4,2,23,5,8,40.1,29.33,61.0,72.62,16.59,9.03,1,AZ II 4-0 Willem II,2025-10-20
AZ II,1.84,0.63,1.21,1.65,0.59,1.06,0.19,0.04,0.15,1.84,0.63,1.21,4,0,4,2.79,51.7,56.33,44.93,0.71,0.7,252,13,15,12,21.13,17.14,13.9,2,4,9,4,10,96.6,70.67,23.0,27.38,167.2,90.97,2,AZ II 4-0 Willem II,2025-10-20
RKC Waalwijk,2.25,1.41,0.84,1.87,1.14,0.73,0.38,0.27,0.11,2.25,1.41,0.84,2,1,1,0.16,50.8,59.42,47.95,0.76,0.78,194,12,17,7,22.37,8.97,7.93,7,5,14,7,17,140.1,80.33,49.93,71.13,161.63,81.51,1,Dordrecht 1-2 RKC Waalwijk,2025-10-20
Dordrecht,1.41,2.25,-0.84,1.14,1.87,-0.73,0.27,0.38,-0.11,1.41,2.25,-0.84,1,2,-1,-0.16,49.2,40.58,40.79,0.78,0.76,129,9,7,17,8.97,22.37,7.95,5,7,19,5,14,34.3,19.67,20.27,28.87,36.67,18.49,0,Dordrecht 1-2 RKC Waalwijk,2025-10-20
TOP Oss,1.66,3.75,-2.09,1.63,1.53,0.1,0.03,1.46,-1.43,1.66,2.99,-1.33,1,1,0,2.09,31.7,39.84,50.37,1.22,1.41,141,11,14,30,11.48,21.28,12.88,6,2,19,2,14,32.5,15.19,120.33,99.18,104.83,53.72,3,De Graafschap 1-1 TOP Oss,2025-10-18
De Graafschap,3.75,1.66,2.09,1.53,1.63,-0.1,1.46,0.03,1.43,2.99,1.66,1.33,1,1,0,-2.09,68.3,60.16,47.41,1.41,1.22,279,24,30,14,21.28,11.48,7.71,2,6,50,19,12,181.4,84.81,1.0,0.82,90.3,46.28,2,De Graafschap 1-1 TOP Oss,2025-10-18
Emmen,1.27,2.96,-1.69,1.27,2.72,-1.45,0.0,0.24,-0.24,1.27,2.96,-1.69,0,4,-4,-2.31,67.7,77.32,51.4,0.85,0.57,327,17,15,14,17.65,24.56,11.68,4,4,33,8,5,166.9,80.39,13.0,10.57,72.87,49.75,0,VVV 4-0 Emmen,2025-10-17
VVV,2.96,1.27,1.69,2.72,1.27,1.45,0.24,0.0,0.24,2.96,1.27,1.69,4,0,4,2.31,32.3,22.68,40.75,0.57,0.85,107,10,14,15,24.56,17.65,24.83,4,4,10,2,10,40.7,19.61,110.0,89.43,73.61,50.25,0,VVV 4-0 Emmen,2025-10-17
Den Bosch,0.92,2.67,-1.75,0.92,1.52,-0.6,0.0,0.4,-0.4,0.92,1.91,-0.99,0,6,-6,-4.25,41.0,40.5,42.51,0.51,0.64,123,9,9,15,17.65,23.44,12.0,7,6,12,5,14,39.9,21.31,110.73,67.08,16.21,4.7,1,Roda JC 6-0 Den Bosch,2025-10-17
Roda JC,2.67,0.92,1.75,1.52,0.92,0.6,0.4,0.0,0.4,1.91,0.92,0.99,6,0,6,4.25,59.0,59.5,43.45,0.64,0.51,187,18,15,9,23.44,17.65,9.81,6,7,10,8,10,147.3,78.69,54.33,32.92,328.99,95.3,0,Roda JC 6-0 Den Bosch,2025-10-17
MVV,1.48,2.69,-1.21,0.99,2.52,-1.53,0.49,0.17,0.32,1.48,2.69,-1.21,1,3,-2,-0.79,64.1,68.6,46.95,1.11,0.77,281,11,19,16,17.12,20.78,8.64,8,8,31,7,13,160.1,69.28,29.07,18.45,72.43,34.94,0,Utrecht II 3-1 MVV,2025-10-17
Utrecht II,2.69,1.48,1.21,2.52,0.99,1.53,0.17,0.49,-0.32,2.69,1.48,1.21,3,1,2,0.79,35.9,31.4,40.66,0.77,1.11,114,13,16,19,20.78,17.12,11.92,8,8,10,3,11,71.0,30.72,128.47,81.55,134.87,65.06,1,Utrecht II 3-1 MVV,2025-10-17
PSV II,2.32,2.58,-0.26,1.8,2.48,-0.68,0.52,0.1,0.42,2.32,2.58,-0.26,2,2,0,0.26,44.1,43.71,44.53,0.45,0.66,154,8,20,21,44.44,31.82,10.6,8,6,12,5,14,82.2,38.72,77.73,79.43,119.27,60.72,0,Ajax II 2-2 PSV II,2025-10-17
Ajax II,2.58,2.32,0.26,2.48,1.8,0.68,0.1,0.52,-0.42,2.58,2.32,0.26,2,2,0,-0.26,55.9,56.29,41.74,0.66,0.45,196,19,21,20,31.82,44.44,10.26,6,8,16,8,12,130.1,61.28,20.13,20.57,77.17,39.28,1,Ajax II 2-2 PSV II,2025-10-17
AZ II,2.22,2.44,-0.22,1.85,0.92,0.93,0.36,0.0,0.36,2.22,0.92,1.3,2,4,-2,-1.78,46.2,51.96,46.91,0.49,0.91,183,10,16,12,32.65,13.19,13.38,8,0,12,5,14,101.1,61.8,43.93,45.54,95.47,53.73,0,Helmond Sport 4-2 AZ II,2025-10-17
Helmond Sport,2.44,2.22,0.22,0.92,1.85,-0.93,0.0,0.36,-0.36,0.92,2.22,-1.3,4,2,2,1.78,53.8,48.04,43.25,0.91,0.49,167,14,12,16,13.19,32.65,11.7,0,8,17,3,11,62.5,38.2,52.53,54.46,82.23,46.27,0,Helmond Sport 4-2 AZ II,2025-10-17
Cambuur,2.48,0.82,1.66,1.76,0.79,0.97,0.72,0.02,0.7,2.48,0.82,1.66,1,1,0,-1.66,63.2,70.7,51.49,1.02,0.71,297,22,22,10,21.57,14.08,11.36,5,5,25,10,8,183.4,96.63,32.4,29.01,158.0,84.1,1,Almere City 1-1 Cambuur,2025-10-17
Almere City,0.82,2.48,-1.66,0.79,1.76,-0.97,0.02,0.72,-0.7,0.82,2.48,-1.66,1,1,0,1.66,36.8,29.3,36.92,0.71,1.02,91,9,10,22,14.08,21.57,13.58,5,5,11,4,18,6.4,3.37,79.27,70.99,29.87,15.9,3,Almere City 1-1 Cambuur,2025-10-17
Dordrecht,1.0,2.59,-1.59,1.0,2.53,-1.53,0.0,0.06,-0.06,1.0,2.59,-1.59,0,3,-3,-1.41,40.9,34.16,36.1,0.59,0.81,112,6,10,18,16.95,22.22,12.43,3,8,13,3,13,34.5,19.3,95.67,81.12,25.13,18.57,1,ADO Den Haag 3-0 Dordrecht,2025-10-17
ADO Den Haag,2.59,1.0,1.59,2.53,1.0,1.53,0.06,0.0,0.06,2.59,1.0,1.59,3,0,3,1.41,59.1,65.84,43.53,0.81,0.59,228,14,18,10,22.22,16.95,8.68,8,3,14,4,16,144.3,80.7,22.27,18.88,110.17,81.43,2,ADO Den Haag 3-0 Dordrecht,2025-10-17
Vitesse,0.65,0.7,-0.05,0.62,0.7,-0.08,0.03,0.0,0.03,0.65,0.7,-0.05,4,0,4,4.05,55.2,51.64,42.13,0.28,0.62,187,5,9,11,32.14,17.74,12.53,8,1,12,1,13,80.8,54.56,33.2,24.22,67.8,45.76,0,Eindhoven 0-4 Vitesse,2025-10-17
Eindhoven,0.7,0.65,0.05,0.7,0.62,0.08,0.0,0.03,-0.03,0.7,0.65,0.05,0,4,-4,-4.05,44.8,48.36,43.59,0.62,0.28,187,8,11,9,17.74,32.14,15.48,1,8,19,2,13,67.3,45.44,103.87,75.78,80.37,54.24,0,Eindhoven 0-4 Vitesse,2025-10-17
Willem II,0.76,2.07,-1.31,0.65,1.16,-0.51,0.1,0.91,-0.81,0.76,2.07,-1.31,3,2,1,2.31,43.8,43.41,48.9,0.59,1.53,175,9,11,25,18.64,16.34,11.41,5,2,22,6,11,42.1,19.02,48.13,63.72,51.77,42.71,0,RKC Waalwijk 2-3 Willem II,2025-10-17
RKC Waalwijk,2.07,0.76,1.31,1.16,0.65,0.51,0.91,0.1,0.81,2.07,0.76,1.31,2,3,-1,-2.31,56.2,56.59,51.85,1.53,0.59,265,21,25,11,16.34,18.64,10.59,2,5,34,8,8,179.3,80.98,27.4,36.28,69.43,57.29,2,RKC Waalwijk 2-3 Willem II,2025-10-17
De Graafschap,0.84,2.5,-1.66,0.84,2.05,-1.21,0.0,0.45,-0.45,0.84,2.5,-1.66,0,2,-2,-0.34,29.3,14.86,36.6,0.22,0.9,70,3,7,22,31.82,24.44,13.35,2,6,7,1,21,3.8,1.01,118.53,89.03,7.83,2.05,0,Cambuur 2-0 De Graafschap,2025-10-11
Cambuur,2.5,0.84,1.66,2.05,0.84,1.21,0.45,0.0,0.45,2.5,0.84,1.66,2,0,2,0.34,70.7,85.14,56.61,0.9,0.22,430,17,22,7,24.44,31.82,6.22,6,2,20,9,11,373.1,98.99,14.6,10.97,374.23,97.95,0,Cambuur 2-0 De Graafschap,2025-10-11
Eindhoven,0.56,2.44,-1.88,0.27,2.35,-2.08,0.3,0.08,0.22,0.56,2.44,-1.88,0,6,-6,-4.12,37.9,41.99,42.94,0.13,0.79,125,5,5,16,38.46,20.25,15.54,1,3,15,3,14,31.2,22.13,75.6,82.06,13.73,9.08,0,Emmen 6-0 Eindhoven,2025-10-11
Emmen,2.44,0.56,1.88,2.35,0.27,2.08,0.08,0.3,-0.22,2.44,0.56,1.88,6,0,6,4.12,62.1,58.01,46.19,0.79,0.13,219,10,16,5,20.25,38.46,8.31,3,1,20,8,14,109.8,77.87,16.53,17.94,137.45,90.92,0,Emmen 6-0 Eindhoven,2025-10-11
Vitesse,1.65,0.94,0.71,1.63,0.73,0.9,0.02,0.21,-0.19,1.65,0.94,0.71,2,2,0,-0.71,43.2,43.05,43.2,0.68,0.78,158,10,14,18,20.59,23.08,14.21,5,6,21,3,11,79.8,40.94,69.2,61.06,81.63,45.86,0,Almere City 2-2 Vitesse,2025-10-10
Almere City,0.94,1.65,-0.71,0.73,1.63,-0.9,0.21,0.02,0.19,0.94,1.65,-0.71,2,2,0,0.71,56.8,56.95,47.93,0.78,0.68,256,18,18,14,23.08,20.59,13.04,6,5,30,10,15,115.1,59.06,44.13,38.94,96.37,54.14,3,Almere City 2-2 Vitesse,2025-10-10
Den Bosch,2.47,1.21,1.26,2.47,0.95,1.52,0.0,0.26,-0.26,2.47,1.21,1.26,2,1,1,-0.26,37.9,36.58,44.45,0.73,0.75,119,13,9,24,12.33,32.0,11.85,3,7,8,2,25,56.1,26.36,77.53,77.9,87.7,59.63,0,Vitesse 1-2 Den Bosch,2025-10-06
Vitesse,1.21,2.47,-1.26,0.95,2.47,-1.52,0.26,0.0,0.26,1.21,2.47,-1.26,1,2,-1,0.26,62.1,63.42,46.74,0.75,0.73,237,18,24,9,32.0,12.33,6.49,7,3,40,11,9,156.7,73.64,22.0,22.1,59.37,40.37,0,Vitesse 1-2 Den Bosch,2025-10-06
Roda JC,1.47,1.05,0.42,0.57,0.96,-0.39,0.14,0.09,0.05,0.71,1.05,-0.34,2,1,1,0.58,44.8,46.31,47.54,0.67,0.9,211,12,13,13,19.4,14.44,15.43,2,7,16,4,10,96.5,44.76,64.07,62.85,89.23,58.53,0,Willem II 1-2 Roda JC,2025-10-03
Willem II,1.05,1.47,-0.42,0.96,0.57,0.39,0.09,0.14,-0.05,1.05,0.71,0.34,1,2,-1,-0.58,55.2,53.69,47.96,0.9,0.67,256,19,13,13,14.44,19.4,11.23,7,2,25,2,13,119.1,55.24,37.87,37.15,63.23,41.47,1,Willem II 1-2 Roda JC,2025-10-03
PSV II,0.75,3.07,-2.32,0.72,2.33,-1.61,0.03,0.75,-0.72,0.75,3.07,-2.32,1,1,0,2.32,61.7,51.92,45.58,0.31,0.8,225,5,13,22,41.94,27.5,5.58,7,7,9,3,12,68.9,36.83,3.4,3.24,34.33,14.01,0,TOP Oss 1-1 PSV II,2025-10-03
TOP Oss,3.07,0.75,2.32,2.33,0.72,1.61,0.75,0.03,0.72,3.07,0.75,2.32,1,1,0,-2.32,38.3,48.08,46.72,0.8,0.31,153,25,22,13,27.5,41.94,10.38,7,7,27,9,27,118.2,63.17,101.4,96.76,210.63,85.99,2,TOP Oss 1-1 PSV II,2025-10-03
Emmen,3.28,1.84,1.44,2.74,1.78,0.96,0.54,0.05,0.49,3.28,1.84,1.44,2,3,-1,-2.44,42.7,45.23,45.21,1.08,0.88,150,16,19,12,17.59,13.64,8.14,7,5,26,7,26,91.0,45.41,66.93,73.83,108.17,52.97,0,Cambuur 3-2 Emmen,2025-10-03
Cambuur,1.84,3.28,-1.44,1.78,2.74,-0.96,0.05,0.54,-0.49,1.84,3.28,-1.44,3,2,1,2.44,57.3,54.77,45.83,0.88,1.08,187,12,12,19,13.64,17.59,9.31,5,7,11,7,8,109.4,54.59,23.73,26.17,96.03,47.03,0,Cambuur 3-2 Emmen,2025-10-03
Eindhoven,1.78,0.77,1.01,0.39,0.52,-0.13,0.63,0.25,0.38,1.02,0.77,0.25,1,3,-2,-3.01,46.4,48.69,44.6,0.3,0.92,167,8,17,11,56.67,11.96,15.58,2,1,27,6,12,81.9,47.98,45.2,59.01,81.5,50.75,0,MVV 3-1 Eindhoven,2025-10-03
MVV,0.77,1.78,-1.01,0.52,0.39,0.13,0.25,0.63,-0.38,0.77,1.02,-0.25,3,1,2,3.01,53.6,51.31,44.95,0.92,0.3,202,13,11,17,11.96,56.67,13.15,1,2,14,7,12,88.8,52.02,31.4,40.99,79.1,49.25,2,MVV 3-1 Eindhoven,2025-10-03
ADO Den Haag,1.56,0.95,0.61,1.36,0.93,0.43,0.2,0.02,0.18,1.56,0.95,0.61,4,0,4,3.39,46.2,46.34,42.28,1.17,0.2,133,16,12,5,10.26,25.0,8.88,9,5,17,4,13,79.8,64.56,71.47,70.85,148.7,80.67,0,AZ II 0-4 ADO Den Haag,2025-10-03
AZ II,0.95,1.56,-0.61,0.93,1.36,-0.43,0.02,0.2,-0.18,0.95,1.56,-0.61,0,4,-4,-3.39,53.8,53.66,41.08,0.2,1.17,153,2,5,12,25.0,10.26,8.21,5,9,6,3,19,43.8,35.44,29.4,29.15,35.63,19.33,0,AZ II 0-4 ADO Den Haag,2025-10-03
De Graafschap,1.37,1.48,-0.11,1.11,1.48,-0.37,0.26,0.0,0.26,1.37,1.48,-0.11,2,2,0,0.11,53.3,55.93,43.79,0.67,0.51,186,11,12,13,17.91,25.49,10.79,6,5,24,11,15,74.6,45.94,44.93,38.51,65.73,40.58,0,Ajax II 2-2 De Graafschap,2025-10-03
Ajax II,1.48,1.37,0.11,1.48,1.11,0.37,0.0,0.26,-0.26,1.48,1.37,0.11,2,2,0,-0.11,46.7,44.07,40.62,0.51,0.67,145,12,13,12,25.49,17.91,17.91,5,6,4,3,7,87.8,54.06,71.73,61.49,96.23,59.42,0,Ajax II 2-2 De Graafschap,2025-10-03
Almere City,0.73,0.88,-0.15,0.67,0.81,-0.14,0.06,0.06,0.0,0.73,0.88,-0.15,1,2,-1,-0.85,53.8,53.33,43.19,0.67,0.32,180,12,16,12,23.88,37.5,8.89,3,6,20,6,16,108.6,63.51,23.93,28.0,80.87,48.24,2,Helmond Sport 2-1 Almere City,2025-10-03
Helmond Sport,0.88,0.73,0.15,0.81,0.67,0.14,0.06,0.06,0.0,0.88,0.73,0.15,2,1,1,0.85,46.2,46.67,44.07,0.32,0.67,156,6,12,16,37.5,23.88,9.54,6,3,14,5,11,62.4,36.49,61.53,72.0,86.77,51.76,0,Helmond Sport 2-1 Almere City,2025-10-03
VVV,0.7,1.47,-0.77,0.32,1.37,-1.05,0.38,0.1,0.28,0.7,1.47,-0.77,0,2,-2,-1.23,47.6,41.46,44.32,0.49,0.61,158,8,11,12,22.45,19.67,9.84,2,9,23,8,11,76.2,41.91,47.2,46.27,56.27,33.94,6,Dordrecht 2-0 VVV,2025-10-03
Dordrecht,1.47,0.7,0.77,1.37,0.32,1.05,0.1,0.38,-0.28,1.47,0.7,0.77,2,0,2,1.23,52.4,58.54,49.34,0.61,0.49,215,12,12,11,19.67,22.45,8.14,9,2,30,5,10,105.6,58.09,54.8,53.73,109.5,66.06,2,Dordrecht 2-0 VVV,2025-10-03
RKC Waalwijk,1.74,1.13,0.61,1.1,0.38,0.72,0.64,0.75,-0.11,1.74,1.13,0.61,2,2,0,-0.61,43.7,40.4,43.56,0.73,0.74,151,16,16,10,21.92,13.51,11.94,2,9,20,13,8,111.3,56.96,59.87,62.11,137.27,72.06,1,Den Bosch 2-2 RKC Waalwijk,2025-10-03
Den Bosch,1.13,1.74,-0.61,0.38,1.1,-0.72,0.75,0.64,0.11,1.13,1.74,-0.61,2,2,0,0.61,56.3,59.6,47.51,0.74,0.73,221,12,10,16,13.51,21.92,8.05,9,2,33,11,11,84.1,43.04,36.53,37.89,53.23,27.94,0,Den Bosch 2-2 RKC Waalwijk,2025-10-03
Utrecht II,1.2,1.51,-0.31,1.2,1.51,-0.31,0.0,0.0,0.0,1.2,1.51,-0.31,0,2,-2,-1.69,52.1,58.05,48.96,0.73,0.58,233,15,8,10,10.96,17.24,7.49,8,4,14,7,18,106.5,62.98,79.4,69.21,108.9,59.14,2,Vitesse 2-0 Utrecht II,2025-10-03
Vitesse,1.51,1.2,0.31,1.51,1.2,0.31,0.0,0.0,0.0,1.51,1.2,0.31,2,0,2,1.69,47.9,41.95,40.87,0.58,0.73,147,8,10,8,17.24,10.96,12.33,4,8,12,3,18,62.6,37.02,35.33,30.79,75.23,40.86,0,Vitesse 2-0 Utrecht II,2025-10-03
Helmond Sport,1.67,2.94,-1.27,1.67,1.79,-0.12,0.0,0.39,-0.39,1.67,2.18,-0.51,0,1,-1,0.27,50.3,41.74,41.67,0.6,1.16,156,8,17,17,28.33,14.66,12.96,1,4,17,2,13,64.6,38.13,45.33,39.28,57.3,28.67,1,Willem II 1-0 Helmond Sport,2025-09-30
Willem II,2.94,1.67,1.27,1.79,1.67,0.12,0.39,0.0,0.39,2.18,1.67,0.51,1,0,1,-0.27,49.7,58.26,45.85,1.16,0.6,179,13,17,17,14.66,28.33,11.85,4,1,17,6,12,104.8,61.87,70.07,60.72,142.53,71.33,0,Willem II 1-0 Helmond Sport,2025-09-30
Den Bosch,1.27,2.56,-1.29,1.27,2.45,-1.18,0.0,0.12,-0.12,1.27,2.56,-1.29,1,0,1,2.29,50.7,50.86,45.6,0.69,0.92,177,14,8,14,11.59,15.22,9.53,1,5,23,6,15,82.8,42.35,30.0,45.73,71.97,42.4,0,VVV 0-1 Den Bosch,2025-09-30
VVV,2.56,1.27,1.29,2.45,1.27,1.18,0.12,0.0,0.12,2.56,1.27,1.29,0,1,-1,-2.29,49.3,49.14,45.97,0.92,0.69,176,14,14,8,15.22,11.59,12.43,5,1,19,9,15,112.7,57.65,35.6,54.27,97.77,57.6,2,VVV 0-1 Den Bosch,2025-09-30
AZ II,0.69,1.39,-0.7,0.69,1.35,-0.66,0.0,0.04,-0.04,0.69,1.39,-0.7,0,0,0,0.7,48.4,46.31,38.19,0.34,0.5,124,4,6,13,17.65,26.0,8.69,9,4,9,4,15,31.3,23.19,36.2,44.08,24.4,18.64,2,Utrecht II 0-0 AZ II,2025-09-30
Utrecht II,1.39,0.69,0.7,1.35,0.69,0.66,0.04,0.0,0.04,1.39,0.69,0.7,0,0,0,-0.7,51.6,53.69,43.11,0.5,0.34,168,13,13,6,26.0,17.65,10.43,4,9,16,7,14,103.7,76.81,45.93,55.92,106.53,81.36,1,Utrecht II 0-0 AZ II,2025-09-30
Dordrecht,3.58,0.56,3.02,2.68,0.43,2.25,0.14,0.13,0.01,2.82,0.56,2.26,2,2,0,-3.02,52.8,48.75,44.65,1.32,0.51,158,19,28,9,21.21,17.65,9.15,4,2,33,9,14,136.4,72.05,44.07,42.98,122.13,67.45,3,Eindhoven 2-2 Dordrecht,2025-09-30
Eindhoven,0.56,3.58,-3.02,0.43,2.68,-2.25,0.13,0.14,-0.01,0.56,2.82,-2.26,2,2,0,3.02,47.2,51.25,44.43,0.51,1.32,166,10,9,28,17.65,21.21,12.7,2,4,22,7,10,52.9,27.95,58.47,57.02,58.93,32.55,2,Eindhoven 2-2 Dordrecht,2025-09-30
Vitesse,2.97,3.65,-0.68,2.21,2.58,-0.37,0.0,1.07,-1.07,2.21,3.65,-1.44,4,2,2,2.68,37.8,37.36,40.74,0.47,1.7,119,4,12,19,25.53,11.18,13.03,1,7,13,1,13,34.5,22.58,96.07,88.79,96.33,67.68,0,Emmen 2-4 Vitesse,2025-09-30
Emmen,3.65,2.97,0.68,2.58,2.21,0.37,1.07,0.0,1.07,3.65,2.21,1.44,2,4,-2,-2.68,62.2,62.64,49.75,1.7,0.47,289,17,19,12,11.18,25.53,6.56,7,1,27,8,16,118.3,77.42,12.13,11.21,46.0,32.32,0,Emmen 2-4 Vitesse,2025-09-30
Cambuur,1.37,1.51,-0.14,1.37,1.43,-0.06,0.0,0.08,-0.08,1.37,1.51,-0.14,1,1,0,0.14,60.1,61.48,49.51,0.6,0.77,278,16,15,16,25.0,20.78,10.79,0,8,24,9,13,107.2,71.09,30.93,31.01,99.7,55.65,1,Roda JC 1-1 Cambuur,2025-09-29
Roda JC,1.51,1.37,0.14,1.43,1.37,0.06,0.08,0.0,0.08,1.51,1.37,0.14,1,1,0,-0.14,39.9,38.52,42.63,0.77,0.6,139,8,16,15,20.78,25.0,12.75,8,0,13,2,12,43.6,28.91,68.8,68.99,79.47,44.35,0,Roda JC 1-1 Cambuur,2025-09-29
Ajax II,0.63,3.06,-2.43,0.6,2.01,-1.41,0.03,0.29,-0.26,0.63,2.3,-1.67,1,2,-1,1.43,43.9,29.05,38.41,0.52,0.91,116,9,9,20,17.31,21.98,11.74,5,8,11,2,9,31.5,15.13,48.6,53.45,29.37,12.09,0,RKC Waalwijk 2-1 Ajax II,2025-09-29
RKC Waalwijk,3.06,0.63,2.43,2.01,0.6,1.41,0.29,0.03,0.26,2.3,0.63,1.67,2,1,1,-1.43,56.1,70.95,50.82,0.91,0.52,266,14,20,9,21.98,17.31,11.57,8,5,30,10,12,176.7,84.87,42.33,46.55,213.6,87.91,0,RKC Waalwijk 2-1 Ajax II,2025-09-29
MVV,1.63,1.38,0.25,1.52,1.31,0.21,0.11,0.06,0.05,1.63,1.38,0.25,2,2,0,-0.25,42.3,42.12,41.7,0.82,0.49,152,12,17,18,20.73,36.73,16.04,7,6,14,5,9,79.8,38.15,65.13,72.8,60.51,23.15,0,PSV II 2-2 MVV,2025-09-29
PSV II,1.38,1.63,-0.25,1.31,1.52,-0.21,0.06,0.11,-0.05,1.38,1.63,-0.25,2,2,0,0.25,57.7,57.88,45.68,0.49,0.82,240,9,18,17,36.73,20.73,11.89,6,7,20,6,7,129.4,61.85,24.33,27.2,200.92,76.85,1,PSV II 2-2 MVV,2025-09-29
Almere City,1.93,1.72,0.21,1.86,1.71,0.15,0.07,0.01,0.06,1.93,1.72,0.21,2,3,-1,-1.21,45.7,52.23,47.05,0.58,0.64,211,14,20,13,34.48,20.31,13.61,4,5,17,5,14,101.2,58.46,88.87,73.77,109.87,55.9,2,De Graafschap 3-2 Almere City,2025-09-29
De Graafschap,1.72,1.93,-0.21,1.71,1.86,-0.15,0.01,0.07,-0.06,1.72,1.93,-0.21,3,2,1,1.21,54.3,47.77,42.33,0.64,0.58,196,9,13,20,20.31,34.48,13.07,5,4,8,2,9,71.9,41.54,31.6,26.23,86.67,44.1,1,De Graafschap 3-2 Almere City,2025-09-29
TOP Oss,0.48,4.96,-4.48,0.48,4.09,-3.61,0.0,0.87,-0.87,0.48,4.96,-4.48,1,5,-4,0.48,32.8,27.41,43.67,0.22,2.27,100,5,5,32,22.73,14.1,11.46,4,5,6,1,12,8.1,2.78,107.6,95.84,5.85,1.37,0,ADO Den Haag 5-1 TOP Oss,2025-09-29
ADO Den Haag,4.96,0.48,4.48,4.09,0.48,3.61,0.87,0.0,0.87,4.96,0.48,4.48,5,1,4,-0.48,67.2,72.59,49.35,2.27,0.22,292,27,32,5,14.1,22.73,5.67,5,4,33,10,20,283.3,97.22,4.67,4.16,421.57,98.63,2,ADO Den Haag 5-1 TOP Oss,2025-09-29
Willem II,1.31,1.54,-0.23,1.13,0.75,0.38,0.18,0.03,0.15,1.31,0.78,0.53,2,1,1,1.23,45.6,52.37,47.56,0.76,0.33,192,11,11,17,14.47,51.52,13.96,4,6,17,8,12,84.4,49.07,98.07,66.17,114.97,75.24,1,Vitesse 1-2 Willem II,2025-09-27
Vitesse,1.54,1.31,0.23,0.75,1.13,-0.38,0.03,0.18,-0.15,0.78,1.31,-0.53,1,2,-1,-1.23,54.4,47.63,46.3,0.33,0.76,218,8,17,11,51.52,14.47,11.88,6,4,25,4,10,87.6,50.93,50.13,33.83,37.83,24.76,0,Vitesse 1-2 Willem II,2025-09-27
Roda JC,0.53,1.45,-0.92,0.39,1.45,-1.06,0.14,0.0,0.14,0.53,1.45,-0.92,2,1,1,1.92,47.7,43.03,42.93,0.48,1.39,175,11,8,15,16.67,10.79,12.29,2,6,16,4,20,68.2,35.84,56.47,45.47,82.3,42.15,0,TOP Oss 1-2 Roda JC,2025-09-26
TOP Oss,1.45,0.53,0.92,1.45,0.39,1.06,0.0,0.14,-0.14,1.45,0.53,0.92,1,2,-1,-1.92,52.3,56.97,47.05,1.39,0.48,211,15,15,8,10.79,16.67,9.65,6,2,27,5,14,122.1,64.16,67.73,54.53,112.97,57.85,0,TOP Oss 1-2 Roda JC,2025-09-26
PSV II,2.45,2.64,-0.19,1.62,2.54,-0.92,0.07,0.1,-0.03,1.69,2.64,-0.95,3,5,-2,-1.81,42.1,40.34,43.78,0.49,0.55,138,8,15,19,30.61,34.55,9.2,6,7,9,3,17,69.1,35.8,68.27,73.46,69.57,33.72,2,Cambuur 5-3 PSV II,2025-09-26
Cambuur,2.64,2.45,0.19,2.54,1.62,0.92,0.1,0.07,0.03,2.64,1.69,0.95,5,3,2,1.81,57.9,59.66,45.5,0.55,0.49,192,19,19,15,34.55,30.61,6.8,7,6,19,12,14,123.9,64.2,24.67,26.54,136.73,66.28,0,Cambuur 5-3 PSV II,2025-09-26
ADO Den Haag,1.22,0.55,0.67,1.17,0.55,0.62,0.04,0.0,0.04,1.22,0.55,0.67,3,1,2,1.33,60.5,64.8,50.16,1.51,0.24,277,16,14,7,9.27,29.17,5.4,12,4,29,11,19,130.3,82.26,16.73,17.94,98.27,64.0,1,RKC Waalwijk 1-3 ADO Den Haag,2025-09-26
RKC Waalwijk,0.55,1.22,-0.67,0.55,1.17,-0.62,0.0,0.04,-0.04,0.55,1.22,-0.67,1,3,-2,-1.33,39.5,35.2,44.81,0.24,1.51,156,5,7,14,29.17,9.27,13.23,4,12,13,4,13,28.1,17.74,76.53,82.06,55.27,36.0,1,RKC Waalwijk 1-3 ADO Den Haag,2025-09-26
Emmen,0.53,1.54,-1.01,0.37,1.43,-1.06,0.16,0.1,0.06,0.53,1.54,-1.01,0,1,-1,0.01,49.3,39.0,44.98,0.35,0.8,186,10,7,18,20.0,22.5,9.33,10,7,13,3,14,48.9,24.23,56.6,46.17,36.07,19.44,1,MVV 1-0 Emmen,2025-09-26
MVV,1.54,0.53,1.01,1.43,0.37,1.06,0.1,0.16,-0.06,1.54,0.53,1.01,1,0,1,-0.01,50.7,61.0,50.51,0.8,0.35,252,15,18,7,22.5,20.0,10.69,7,10,32,5,12,152.9,75.77,66.0,53.83,149.47,80.56,1,MVV 1-0 Emmen,2025-09-26
VVV,2.15,1.42,0.73,2.05,1.32,0.73,0.1,0.1,0.0,2.15,1.42,0.73,4,2,2,1.27,40.6,35.05,43.13,0.8,0.71,129,15,15,13,18.75,18.31,10.76,10,2,16,5,12,45.0,26.39,74.73,87.1,96.4,62.71,0,Ajax II 2-4 VVV,2025-09-26
Ajax II,1.42,2.15,-0.73,1.32,2.05,-0.73,0.1,0.1,0.0,1.42,2.15,-0.73,2,4,-2,-1.27,59.4,64.95,45.39,0.71,0.8,221,14,13,15,18.31,18.75,9.39,2,10,20,6,13,125.5,73.61,11.07,12.9,57.33,37.29,0,Ajax II 2-4 VVV,2025-09-26
Eindhoven,1.05,1.97,-0.92,0.98,1.87,-0.89,0.07,0.1,-0.03,1.05,1.97,-0.92,0,1,-1,-0.08,58.3,58.73,45.24,0.9,0.53,213,15,16,16,17.78,30.19,11.07,8,4,31,6,7,125.6,66.95,50.47,36.31,89.4,54.42,7,Helmond Sport 1-0 Eindhoven,2025-09-26
Helmond Sport,1.97,1.05,0.92,1.87,0.98,0.89,0.1,0.07,0.03,1.97,1.05,0.92,1,0,1,0.08,41.7,41.27,42.26,0.53,0.9,141,7,16,16,30.19,17.78,12.84,4,8,22,10,18,62.0,33.05,88.53,63.69,74.87,45.58,0,Helmond Sport 1-0 Eindhoven,2025-09-26
De Graafschap,1.63,1.67,-0.04,1.63,1.63,0.0,0.0,0.04,-0.04,1.63,1.67,-0.04,1,1,0,0.04,59.3,55.29,47.26,0.8,0.99,238,14,20,23,25.0,23.23,12.43,3,6,26,4,8,152.2,60.33,11.4,12.16,95.8,51.39,1,Dordrecht 1-1 De Graafschap,2025-09-26
Dordrecht,1.67,1.63,0.04,1.63,1.63,0.0,0.04,0.0,0.04,1.67,1.63,0.04,1,1,0,-0.04,40.7,44.71,47.32,0.99,0.8,177,18,23,20,23.23,25.0,16.91,6,3,23,5,10,100.1,39.67,82.33,87.84,90.63,48.61,7,Dordrecht 1-1 De Graafschap,2025-09-26
AZ II,1.62,1.63,-0.01,1.57,0.44,1.13,0.06,0.42,-0.36,1.62,0.87,0.75,3,2,1,1.01,57.0,45.1,41.43,0.72,1.17,194,5,12,8,16.67,6.84,11.11,3,8,4,2,8,65.6,47.03,23.73,16.22,26.2,16.51,0,Den Bosch 2-3 AZ II,2025-09-26
Den Bosch,1.63,1.62,0.01,0.44,1.57,-1.13,0.42,0.06,0.36,0.87,1.62,-0.75,2,3,-1,-1.01,43.0,54.9,48.2,1.17,0.72,192,13,8,12,6.84,16.67,10.43,8,3,20,8,16,73.9,52.97,122.53,83.78,132.5,83.49,3,Den Bosch 2-3 AZ II,2025-09-26
Utrecht II,0.36,2.84,-2.48,0.36,2.81,-2.45,0.0,0.03,-0.03,0.36,2.84,-2.48,0,4,-4,-1.52,54.3,51.79,44.33,0.17,1.08,200,3,5,17,29.41,15.74,15.86,6,1,15,2,4,62.1,37.75,48.2,32.51,32.48,15.85,0,Almere City 4-0 Utrecht II,2025-09-26
Almere City,2.84,0.36,2.48,2.81,0.36,2.45,0.03,0.0,0.03,2.84,0.36,2.48,4,0,4,1.52,45.7,48.21,41.36,1.08,0.17,155,16,17,5,15.74,29.41,20.65,1,6,18,11,8,102.4,62.25,100.07,67.49,172.46,84.15,2,Almere City 4-0 Utrecht II,2025-09-26
De Graafschap,3.65,0.46,3.19,3.39,0.4,2.99,0.26,0.06,0.2,3.65,0.46,3.19,3,1,2,-1.19,45.3,47.34,44.39,1.85,0.38,166,19,22,9,11.89,23.68,11.64,8,8,20,9,15,101.2,53.97,64.53,65.45,144.07,80.01,1,AZ II 1-3 De Graafschap,2025-09-22
AZ II,0.46,3.65,-3.19,0.4,3.39,-2.99,0.06,0.26,-0.2,0.46,3.65,-3.19,1,3,-2,1.19,54.7,52.66,44.41,0.38,1.85,202,7,9,22,23.68,11.89,8.86,8,8,14,3,11,86.3,46.03,34.07,34.55,36.0,19.99,0,AZ II 1-3 De Graafschap,2025-09-22
Den Bosch,2.76,1.81,0.95,2.2,1.05,1.15,0.57,0.0,0.57,2.76,1.05,1.71,0,3,-3,-3.95,51.7,53.9,45.39,1.12,0.38,179,11,14,12,12.5,31.58,11.56,3,4,20,10,14,94.7,58.75,45.0,47.57,78.12,35.75,1,PSV II 3-0 Den Bosch,2025-09-22
PSV II,1.81,2.76,-0.95,1.05,2.2,-1.15,0.0,0.57,-0.57,1.05,2.76,-1.71,3,0,3,3.95,48.3,46.1,42.4,0.38,1.12,142,7,12,14,31.58,12.5,10.1,4,3,12,6,11,66.5,41.25,49.6,52.43,140.41,64.25,0,PSV II 3-0 Den Bosch,2025-09-22
Cambuur,3.09,0.96,2.13,3.09,0.96,2.13,0.0,0.0,0.0,3.09,0.96,2.13,4,2,2,-0.13,56.9,57.5,45.22,0.97,0.64,229,17,14,11,14.43,17.19,11.34,5,5,11,2,11,143.2,73.32,31.4,26.23,139.47,74.75,0,Utrecht II 2-4 Cambuur,2025-09-22
Utrecht II,0.96,3.09,-2.13,0.96,3.09,-2.13,0.0,0.0,0.0,0.96,3.09,-2.13,2,4,-2,0.13,43.1,42.5,44.13,0.64,0.97,174,9,11,14,17.19,14.43,12.11,5,5,12,1,18,52.1,26.68,88.33,73.77,47.1,25.25,0,Utrecht II 2-4 Cambuur,2025-09-22
MVV,0.65,2.25,-1.6,0.54,1.87,-1.33,0.11,0.38,-0.27,0.65,2.25,-1.6,0,1,-1,0.6,37.9,33.78,39.62,0.84,0.5,113,11,8,18,9.52,36.0,11.42,5,8,15,4,17,25.4,14.46,102.67,89.85,84.43,41.61,0,VVV 1-0 MVV,2025-09-21
VVV,2.25,0.65,1.6,1.87,0.54,1.33,0.38,0.11,0.27,2.25,0.65,1.6,1,0,1,-0.6,62.1,66.22,48.1,0.5,0.84,270,7,18,8,36.0,9.52,7.54,8,5,23,6,8,150.3,85.54,11.6,10.15,118.47,58.39,1,VVV 1-0 MVV,2025-09-21
Helmond Sport,2.44,1.31,1.13,0.91,1.3,-0.39,0.02,0.01,0.01,0.92,1.31,-0.39,1,3,-2,-3.13,61.8,68.48,50.38,0.52,0.42,258,11,13,12,25.0,28.57,7.21,7,4,30,6,20,149.4,73.13,28.73,25.4,109.47,59.31,0,Vitesse 3-1 Helmond Sport,2025-09-20
Vitesse,1.31,2.44,-1.13,1.3,0.91,0.39,0.01,0.02,-0.01,1.31,0.92,0.39,3,1,2,3.13,38.2,31.52,39.14,0.42,0.52,101,11,12,13,28.57,25.0,11.51,4,7,17,3,10,54.9,26.87,84.4,74.6,75.1,40.69,1,Vitesse 3-1 Helmond Sport,2025-09-20
Ajax II,0.82,2.14,-1.32,0.8,1.9,-1.1,0.01,0.24,-0.23,0.82,2.14,-1.32,0,1,-1,0.32,51.1,55.38,47.33,0.69,0.65,232,15,13,11,18.84,16.92,14.04,3,6,14,3,9,143.7,66.37,59.07,53.12,146.47,63.9,3,Willem II 1-0 Ajax II,2025-09-19
Willem II,2.14,0.82,1.32,1.9,0.8,1.1,0.24,0.01,0.23,2.14,0.82,1.32,1,0,1,-0.32,48.9,44.62,44.62,0.65,0.69,191,12,11,13,16.92,18.84,13.61,6,3,21,8,13,72.8,33.63,52.13,46.88,82.73,36.1,0,Willem II 1-0 Ajax II,2025-09-19
RKC Waalwijk,1.26,1.38,-0.12,0.98,1.07,-0.09,0.28,0.31,-0.03,1.26,1.38,-0.12,4,1,3,3.12,38.4,35.31,47.96,0.47,0.74,169,9,12,14,25.53,18.92,13.33,5,10,10,4,6,62.8,30.72,94.67,76.55,159.3,69.19,0,Roda JC 1-4 RKC Waalwijk,2025-09-19
Roda JC,1.38,1.26,0.12,1.07,0.98,0.09,0.31,0.28,0.03,1.38,1.26,0.12,1,4,-3,-3.12,61.6,64.69,52.46,0.74,0.47,333,14,14,12,18.92,25.53,9.76,10,5,22,4,12,141.6,69.28,29.0,23.45,70.93,30.81,1,Roda JC 1-4 RKC Waalwijk,2025-09-19
Dordrecht,0.75,2.73,-1.98,0.75,2.73,-1.98,0.0,0.0,0.0,0.75,2.73,-1.98,0,2,-2,-0.02,42.0,43.49,42.92,0.26,1.15,132,8,8,14,30.77,12.17,9.18,8,8,20,4,17,44.5,28.88,68.67,73.52,38.97,27.31,3,Emmen 2-0 Dordrecht,2025-09-19
Emmen,2.73,0.75,1.98,2.73,0.75,1.98,0.0,0.0,0.0,2.73,0.75,1.98,2,0,2,0.02,58.0,56.51,48.85,1.15,0.26,227,15,14,8,12.17,30.77,5.54,8,8,25,2,16,109.6,71.12,24.73,26.48,103.73,72.69,1,Emmen 2-0 Dordrecht,2025-09-19
TOP Oss,2.22,1.42,0.8,2.22,1.42,0.8,0.0,0.0,0.0,2.22,1.42,0.8,4,3,1,0.2,56.8,57.74,45.65,0.47,0.57,229,10,15,11,31.91,19.3,12.44,5,6,22,0,11,123.2,74.17,49.13,40.05,105.77,61.66,1,Eindhoven 3-4 TOP Oss,2025-09-19
Eindhoven,1.42,2.22,-0.8,1.42,2.22,-0.8,0.0,0.0,0.0,1.42,2.22,-0.8,3,4,-1,-0.2,43.2,42.26,42.04,0.57,0.47,169,7,11,15,19.3,31.91,14.3,6,5,23,2,10,42.9,25.83,73.53,59.95,65.77,38.34,2,Eindhoven 3-4 TOP Oss,2025-09-19
Almere City,0.2,1.99,-1.79,0.13,1.68,-1.55,0.07,0.31,-0.24,0.2,1.99,-1.79,1,2,-1,0.79,33.7,26.26,36.98,0.06,1.35,83,3,6,28,100.0,20.74,13.78,2,5,11,4,14,4.4,2.03,69.33,84.49,25.27,13.37,1,ADO Den Haag 2-1 Almere City,2025-09-19
ADO Den Haag,1.99,0.2,1.79,1.68,0.13,1.55,0.31,0.07,0.24,1.99,0.2,1.79,2,1,1,-0.79,66.3,73.74,48.53,1.35,0.06,248,37,28,6,20.74,100.0,6.14,5,2,28,6,13,212.1,97.97,12.73,15.51,163.77,86.63,10,ADO Den Haag 2-1 Almere City,2025-09-19
VVV,1.63,1.16,0.47,1.19,0.35,0.84,0.44,0.04,0.4,1.63,0.4,1.23,1,2,-1,-1.47,57.1,58.25,47.89,0.65,0.4,217,12,17,9,26.15,22.5,9.06,4,9,31,11,17,125.8,79.27,27.73,33.44,120.27,60.17,0,TOP Oss 2-1 VVV,2025-09-16
TOP Oss,1.16,1.63,-0.47,0.35,1.19,-0.84,0.04,0.44,-0.4,0.4,1.63,-1.23,2,1,1,1.47,42.9,41.75,40.1,0.4,0.65,121,11,9,17,22.5,26.15,7.44,9,4,15,5,19,32.9,20.73,55.2,66.56,79.6,39.83,2,TOP Oss 2-1 VVV,2025-09-16
Den Bosch,2.34,1.56,0.78,2.17,1.29,0.88,0.17,0.26,-0.09,2.34,1.56,0.78,4,2,2,1.22,52.9,53.29,47.06,0.89,1.62,179,22,22,18,24.72,11.11,10.08,8,6,10,8,6,111.7,59.16,23.13,31.68,102.73,57.3,1,MVV 2-4 Den Bosch,2025-09-16
MVV,1.56,2.34,-0.78,1.29,2.17,-0.88,0.26,0.17,0.09,1.56,2.34,-0.78,2,4,-2,-1.22,47.1,46.71,47.58,1.62,0.89,170,19,18,22,11.11,24.72,12.08,6,8,23,12,9,77.1,40.84,49.87,68.32,76.57,42.7,4,MVV 2-4 Den Bosch,2025-09-16
Utrecht II,1.88,0.85,1.03,1.88,0.84,1.04,0.0,0.01,-0.01,1.88,0.85,1.03,1,2,-1,-2.03,52.1,48.49,46.17,0.44,0.78,192,15,14,9,31.82,11.54,9.27,4,6,19,4,7,95.5,52.3,34.47,41.86,91.3,39.85,2,Helmond Sport 2-1 Utrecht II,2025-09-16
Helmond Sport,0.85,1.88,-1.03,0.84,1.88,-1.04,0.01,0.0,0.01,0.85,1.88,-1.03,2,1,1,2.03,47.9,51.51,46.04,0.78,0.44,187,10,9,14,11.54,31.82,9.83,6,4,16,6,23,87.1,47.7,47.87,58.14,137.8,60.15,2,Helmond Sport 2-1 Utrecht II,2025-09-16
Vitesse,0.28,0.77,-0.49,0.22,0.43,-0.21,0.06,0.34,-0.28,0.28,0.77,-0.49,1,1,0,0.49,50.6,40.24,41.93,0.27,0.3,171,6,3,11,11.11,36.67,9.92,5,3,10,2,22,39.8,28.45,39.27,31.63,32.77,16.19,0,RKC Waalwijk 1-1 Vitesse,2025-09-16
RKC Waalwijk,0.77,0.28,0.49,0.43,0.22,0.21,0.34,0.06,0.28,0.77,0.28,0.49,1,1,0,-0.49,49.4,59.76,47.28,0.3,0.27,216,8,11,3,36.67,11.11,11.46,3,5,17,4,14,100.1,71.55,84.87,68.37,169.67,83.81,0,RKC Waalwijk 1-1 Vitesse,2025-09-16
Roda JC,1.3,1.79,-0.49,0.51,1.57,-1.06,0.03,0.22,-0.19,0.54,1.79,-1.25,1,0,1,1.49,48.1,49.48,42.92,0.57,0.48,172,8,10,18,17.54,37.5,11.41,6,7,15,3,10,84.0,47.32,56.6,47.22,90.6,49.25,0,PSV II 0-1 Roda JC,2025-09-15
PSV II,1.79,1.3,0.49,1.57,0.51,1.06,0.22,0.03,0.19,1.79,0.54,1.25,0,1,-1,-1.49,51.9,50.52,44.24,0.48,0.57,185,10,18,10,37.5,17.54,9.0,7,6,18,9,15,93.5,52.68,63.27,52.78,93.37,50.75,4,PSV II 0-1 Roda JC,2025-09-15
ADO Den Haag,4.31,0.65,3.66,3.7,0.52,3.18,0.61,0.13,0.48,4.31,0.65,3.66,3,1,2,-1.66,52.8,67.2,51.51,1.58,0.29,276,21,23,12,14.56,41.38,14.0,3,4,32,9,13,193.6,78.41,87.73,64.07,246.0,91.39,4,Ajax II 1-3 ADO Den Haag,2025-09-15
Ajax II,0.65,4.31,-3.66,0.52,3.7,-3.18,0.13,0.61,-0.48,0.65,4.31,-3.66,1,3,-2,1.66,47.2,32.8,37.69,0.29,1.58,134,7,12,23,41.38,14.56,14.52,4,3,9,6,2,53.3,21.59,49.2,35.93,23.17,8.61,0,Ajax II 1-3 ADO Den Haag,2025-09-15
AZ II,1.72,0.69,1.03,1.5,0.47,1.03,0.22,0.22,0.0,1.72,0.69,1.03,1,1,0,-1.03,57.2,55.37,47.17,0.82,0.26,221,19,21,11,25.61,42.31,12.86,8,6,17,6,9,148.1,80.62,28.0,29.05,121.07,68.39,0,Dordrecht 1-1 AZ II,2025-09-15
Dordrecht,0.69,1.72,-1.03,0.47,1.5,-1.03,0.22,0.22,0.0,0.69,1.72,-1.03,1,1,0,1.03,42.8,44.63,43.92,0.26,0.82,156,9,11,21,42.31,25.61,13.32,6,8,30,11,9,35.6,19.38,68.4,70.95,55.97,31.61,1,Dordrecht 1-1 AZ II,2025-09-15
Eindhoven,1.25,1.92,-0.67,1.2,1.27,-0.07,0.05,0.65,-0.6,1.25,1.92,-0.67,0,5,-5,-4.33,42.8,33.05,42.67,0.38,0.92,147,8,14,28,36.84,30.43,18.16,2,2,10,4,10,48.8,19.28,80.47,57.75,14.61,3.13,0,Almere City 5-0 Eindhoven,2025-09-15
Almere City,1.92,1.25,0.67,1.27,1.2,0.07,0.65,0.05,0.6,1.92,1.25,0.67,5,0,5,4.33,57.2,66.95,53.28,0.92,0.38,289,20,28,14,30.43,36.84,13.48,2,2,24,8,9,204.3,80.72,58.87,42.25,452.44,96.87,5,Almere City 5-0 Eindhoven,2025-09-15
Helmond Sport,0.97,1.03,-0.06,0.97,0.94,0.03,0.0,0.09,-0.09,0.97,1.03,-0.06,1,2,-1,-0.94,48.9,45.99,43.68,0.96,0.32,152,8,10,13,10.42,40.62,9.94,8,4,19,2,10,57.8,34.95,51.53,64.41,58.9,31.3,1,VVV 2-1 Helmond Sport,2025-09-13
VVV,1.03,0.97,0.06,0.94,0.97,-0.03,0.09,0.0,0.09,1.03,0.97,0.06,2,1,1,0.94,51.1,54.01,47.45,0.32,0.96,186,9,13,10,40.62,10.42,10.33,4,8,17,4,11,107.6,65.05,28.47,35.59,129.3,68.7,0,VVV 2-1 Helmond Sport,2025-09-13
Ajax II,1.9,2.49,-0.59,1.9,1.48,0.42,0.0,0.25,-0.25,1.9,1.73,0.17,3,3,0,0.59,59.2,57.33,44.33,1.43,0.46,226,25,21,17,14.69,36.96,10.0,7,11,13,6,12,138.9,63.34,12.47,11.07,76.53,43.12,0,Roda JC 3-3 Ajax II,2025-09-12
Roda JC,2.49,1.9,0.59,1.48,1.9,-0.42,0.25,0.0,0.25,1.73,1.9,-0.17,3,3,0,-0.59,40.8,42.67,46.4,0.46,1.43,174,12,17,21,36.96,14.69,10.8,11,7,18,5,12,80.4,36.66,100.2,88.93,100.97,56.88,1,Roda JC 3-3 Ajax II,2025-09-12
Cambuur,0.84,1.5,-0.66,0.82,1.35,-0.53,0.03,0.16,-0.13,0.84,1.5,-0.66,1,0,1,1.66,61.4,59.57,48.91,0.44,1.09,293,16,13,12,29.55,11.01,7.83,7,4,18,4,5,125.5,69.64,16.47,14.06,98.9,54.85,0,MVV 0-1 Cambuur,2025-09-12
MVV,1.5,0.84,0.66,1.35,0.82,0.53,0.16,0.03,0.13,1.5,0.84,0.66,0,1,-1,-1.66,38.6,40.43,44.1,1.09,0.44,151,10,12,13,11.01,29.55,11.97,4,7,20,6,23,54.7,30.36,100.67,85.94,81.4,45.15,0,MVV 0-1 Cambuur,2025-09-12
RKC Waalwijk,0.34,2.74,-2.4,0.31,1.9,-1.59,0.03,0.84,-0.81,0.34,2.74,-2.4,0,2,-2,0.4,64.4,61.45,47.19,0.51,0.82,300,5,8,23,15.69,28.05,7.65,10,4,20,3,4,115.3,51.98,7.87,5.41,44.2,19.34,0,Utrecht II 2-0 RKC Waalwijk,2025-09-12
Utrecht II,2.74,0.34,2.4,1.9,0.31,1.59,0.84,0.03,0.81,2.74,0.34,2.4,2,0,2,-0.4,35.6,38.55,48.0,0.82,0.51,169,16,23,8,28.05,15.69,19.48,4,10,14,8,17,106.5,48.02,137.53,94.59,184.3,80.66,1,Utrecht II 2-0 RKC Waalwijk,2025-09-12
TOP Oss,1.19,1.96,-0.77,0.76,1.15,-0.39,0.43,0.05,0.38,1.19,1.2,-0.01,1,1,0,0.77,49.3,49.16,42.63,0.61,0.56,159,10,13,19,21.31,33.93,5.88,12,6,19,6,24,87.3,39.32,23.87,25.39,57.73,22.96,0,Emmen 1-1 TOP Oss,2025-09-12
Emmen,1.96,1.19,0.77,1.15,0.76,0.39,0.05,0.43,-0.38,1.2,1.19,0.01,1,1,0,-0.77,50.7,50.84,46.61,0.56,0.61,184,11,19,13,33.93,21.31,6.54,6,12,18,2,22,134.7,60.68,70.13,74.61,193.7,77.04,0,Emmen 1-1 TOP Oss,2025-09-12
ADO Den Haag,2.75,0.3,2.45,1.7,0.3,1.4,1.05,0.0,1.05,2.75,0.3,2.45,1,0,1,-1.45,66.3,68.6,48.11,0.92,0.45,265,24,26,4,28.26,8.89,6.02,9,4,35,9,16,207.1,92.87,4.67,4.28,154.6,73.69,7,Eindhoven 0-1 ADO Den Haag,2025-09-12
Eindhoven,0.3,2.75,-2.45,0.3,1.7,-1.4,0.0,1.05,-1.05,0.3,2.75,-2.45,0,1,-1,1.45,33.7,31.4,42.04,0.45,0.92,106,7,4,26,8.89,28.26,16.15,4,9,5,1,13,15.9,7.13,104.47,95.72,55.2,26.31,4,Eindhoven 0-1 ADO Den Haag,2025-09-12
Dordrecht,0.63,2.72,-2.09,0.42,2.53,-2.11,0.2,0.19,0.01,0.63,2.72,-2.09,3,3,0,2.09,30.1,30.11,38.77,0.41,1.44,77,9,14,23,34.15,15.97,14.6,6,5,15,6,15,35.8,15.59,77.8,90.89,50.57,25.54,2,Den Bosch 3-3 Dordrecht,2025-09-12
Den Bosch,2.72,0.63,2.09,2.53,0.42,2.11,0.19,0.2,-0.01,2.72,0.63,2.09,3,3,0,-2.09,69.9,69.89,50.56,1.44,0.41,247,25,23,14,15.97,34.15,5.9,5,6,19,8,8,193.9,84.41,7.8,9.11,147.47,74.46,4,Den Bosch 3-3 Dordrecht,2025-09-12
Willem II,0.85,1.8,-0.95,0.69,1.6,-0.91,0.16,0.2,-0.04,0.85,1.8,-0.95,1,1,0,0.95,37.6,38.17,45.16,0.56,1.17,127,6,11,29,19.64,24.79,14.61,4,2,18,4,16,30.5,16.81,105.07,97.95,80.1,49.53,0,De Graafschap 1-1 Willem II,2025-09-12
De Graafschap,1.8,0.85,0.95,1.6,0.69,0.91,0.2,0.16,0.04,1.8,0.85,0.95,1,1,0,-0.95,62.4,61.83,44.05,1.17,0.56,211,19,29,11,24.79,19.64,9.38,2,4,29,10,8,150.9,83.19,2.2,2.05,81.63,50.47,3,De Graafschap 1-1 Willem II,2025-09-12
PSV II,2.3,1.18,1.12,2.28,1.0,1.28,0.02,0.18,-0.16,2.3,1.18,1.12,4,2,2,0.88,65.3,62.68,44.12,0.51,0.53,192,10,17,26,33.33,49.06,7.45,2,5,14,7,12,109.9,62.3,6.27,4.92,38.27,22.64,1,Almere City 2-4 PSV II,2025-09-12
Almere City,1.18,2.3,-1.12,1.0,2.28,-1.28,0.18,0.02,0.16,1.18,2.3,-1.12,2,4,-2,-0.88,34.7,37.32,42.24,0.53,0.51,106,15,26,17,49.06,33.33,13.65,5,2,23,7,14,66.5,37.7,121.27,95.08,130.77,77.36,5,Almere City 2-4 PSV II,2025-09-12
Vitesse,0.61,3.22,-2.61,0.61,3.12,-2.51,0.0,0.09,-0.09,0.61,3.22,-2.61,0,4,-4,-1.39,34.5,33.59,37.09,0.59,0.44,102,9,7,19,11.86,43.18,15.17,11,8,16,5,10,30.0,17.58,128.0,90.35,60.6,24.53,0,AZ II 4-0 Vitesse,2025-09-12
AZ II,3.22,0.61,2.61,3.12,0.61,2.51,0.09,0.0,0.09,3.22,0.61,2.61,4,0,4,1.39,65.5,66.41,45.68,0.44,0.59,279,11,19,7,43.18,11.86,9.97,8,11,12,5,13,140.6,82.42,13.67,9.65,186.45,75.47,0,AZ II 4-0 Vitesse,2025-09-12
Willem II,1.07,5.32,-4.25,0.59,4.27,-3.68,0.48,1.05,-0.57,1.07,5.32,-4.25,2,2,0,4.25,38.7,36.72,43.73,0.33,1.68,143,12,11,22,33.33,13.1,17.17,1,6,16,2,15,47.6,20.67,67.13,68.5,26.57,10.8,0,Cambuur 2-2 Willem II,2025-09-06
Cambuur,5.32,1.07,4.25,4.27,0.59,3.68,1.05,0.48,0.57,5.32,1.07,4.25,2,2,0,-4.25,61.3,63.28,52.91,1.68,0.33,316,27,22,11,13.1,33.33,9.43,6,1,29,9,7,182.7,79.33,30.87,31.5,219.4,89.2,0,Cambuur 2-2 Willem II,2025-09-06
Emmen,3.05,2.0,1.05,2.87,1.49,1.38,0.17,0.51,-0.34,3.05,2.0,1.05,3,2,1,-0.05,41.4,40.2,44.23,0.82,0.88,137,15,16,17,19.51,19.32,10.69,9,13,11,3,11,81.4,39.34,83.33,77.78,151.0,76.62,0,De Graafschap 2-3 Emmen,2025-09-05
De Graafschap,2.0,3.05,-1.05,1.49,2.87,-1.38,0.51,0.17,0.34,2.0,3.05,-1.05,2,3,-1,0.05,58.6,59.8,48.17,0.88,0.82,245,14,17,16,19.32,19.51,7.65,13,9,27,6,9,125.5,60.66,23.8,22.22,46.07,23.38,4,De Graafschap 2-3 Emmen,2025-09-05
VVV,1.51,1.06,0.45,0.8,0.34,0.46,0.71,0.72,-0.01,1.51,1.06,0.45,1,3,-2,-2.45,43.9,48.99,44.75,0.73,0.47,165,10,12,7,16.44,14.89,9.0,9,3,17,4,19,70.0,49.47,80.27,79.21,69.84,36.67,2,Cambuur 3-1 VVV,2025-08-31
Cambuur,1.06,1.51,-0.45,0.34,0.8,-0.46,0.72,0.71,0.01,1.06,1.51,-0.45,3,1,2,2.45,56.1,51.01,44.13,0.47,0.73,202,7,7,12,14.89,16.44,8.54,3,9,10,2,12,71.5,50.53,21.07,20.79,120.64,63.33,0,Cambuur 3-1 VVV,2025-08-31
Almere City,0.91,1.28,-0.37,0.89,0.95,-0.06,0.02,0.34,-0.32,0.91,1.28,-0.37,0,2,-2,-1.63,59.2,54.71,45.52,0.91,0.93,220,11,9,14,9.89,15.05,11.08,4,6,21,6,12,96.6,50.66,21.53,17.58,40.27,19.54,1,RKC Waalwijk 2-0 Almere City,2025-08-30
RKC Waalwijk,1.28,0.91,0.37,0.95,0.89,0.06,0.34,0.02,0.32,1.28,0.91,0.37,2,0,2,1.63,40.8,45.29,47.98,0.93,0.91,185,10,14,9,15.05,9.89,12.22,6,4,15,4,9,94.1,49.34,100.93,82.42,165.87,80.46,0,RKC Waalwijk 2-0 Almere City,2025-08-30
Utrecht II,1.28,1.79,-0.51,1.19,1.66,-0.47,0.09,0.13,-0.04,1.28,1.79,-0.51,1,2,-1,-0.49,48.1,50.0,49.31,0.17,1.03,235,1,13,13,76.47,12.62,18.81,3,4,16,4,11,104.4,50.73,100.27,67.48,91.7,60.54,0,Willem II 2-1 Utrecht II,2025-08-29
Willem II,1.79,1.28,0.51,1.66,1.19,0.47,0.13,0.09,0.04,1.79,1.28,0.51,2,1,1,0.49,51.9,50.0,46.78,1.03,0.17,254,17,13,13,12.62,76.47,11.9,4,3,23,5,9,101.4,49.27,48.33,32.52,59.77,39.46,3,Willem II 2-1 Utrecht II,2025-08-29
Eindhoven,1.42,1.8,-0.38,1.39,1.65,-0.26,0.02,0.15,-0.13,1.42,1.8,-0.38,0,0,0,0.38,39.5,31.88,44.02,0.53,1.01,137,6,11,17,20.75,16.83,16.76,6,5,25,2,10,27.6,15.7,91.4,77.9,43.87,30.71,2,Roda JC 0-0 Eindhoven,2025-08-29
Roda JC,1.8,1.42,0.38,1.65,1.39,0.26,0.15,0.02,0.13,1.8,1.42,0.38,0,0,0,-0.38,60.5,68.12,50.25,1.01,0.53,305,15,17,11,16.83,20.75,11.25,5,6,31,9,10,148.2,84.3,25.93,22.1,99.0,69.29,3,Roda JC 0-0 Eindhoven,2025-08-29
Dordrecht,2.66,0.6,2.06,2.3,0.39,1.91,0.36,0.21,0.15,2.66,0.6,2.06,3,0,3,0.94,38.6,39.35,44.55,0.49,0.41,125,14,21,7,42.86,17.07,11.65,6,5,24,7,17,94.7,46.58,82.33,91.75,145.9,78.75,2,TOP Oss 0-3 Dordrecht,2025-08-29
TOP Oss,0.6,2.66,-2.06,0.39,2.3,-1.91,0.21,0.36,-0.15,0.6,2.66,-2.06,0,3,-3,-0.94,61.4,60.65,51.03,0.41,0.49,252,12,7,21,17.07,42.86,7.15,5,6,26,5,9,108.6,53.42,7.4,8.25,39.37,21.25,0,TOP Oss 0-3 Dordrecht,2025-08-29
Den Bosch,1.58,1.92,-0.34,1.58,1.72,-0.14,0.0,0.2,-0.2,1.58,1.92,-0.34,1,3,-2,-1.66,37.3,32.84,42.83,0.76,0.91,120,8,5,26,6.58,28.57,18.6,5,6,9,3,15,40.5,14.51,78.2,80.79,41.6,18.59,2,Emmen 3-1 Den Bosch,2025-08-29
Emmen,1.92,1.58,0.34,1.72,1.58,0.14,0.2,0.0,0.2,1.92,1.58,0.34,3,1,2,1.66,62.7,67.16,52.29,0.91,0.76,303,14,26,5,28.57,6.58,8.06,6,5,37,10,10,238.7,85.49,18.6,19.21,182.2,81.41,2,Emmen 3-1 Den Bosch,2025-08-29
AZ II,0.7,1.18,-0.48,0.65,1.04,-0.39,0.06,0.14,-0.08,0.7,1.18,-0.48,0,1,-1,-0.52,57.6,61.56,45.43,0.43,0.43,231,7,9,12,20.93,27.91,9.79,8,5,21,5,13,87.5,62.99,19.0,17.18,44.23,30.64,0,PSV II 1-0 AZ II,2025-08-29
PSV II,1.18,0.7,0.48,1.04,0.65,0.39,0.14,0.06,0.08,1.18,0.7,0.48,1,0,1,0.52,42.4,38.44,41.33,0.43,0.43,140,6,12,9,27.91,20.93,12.0,5,8,14,9,10,51.4,37.01,91.6,82.82,100.13,69.36,0,PSV II 1-0 AZ II,2025-08-29
MVV,0.25,1.83,-1.58,0.25,0.93,-0.68,0.0,0.14,-0.14,0.25,1.07,-0.82,0,0,0,1.58,29.3,23.64,40.08,0.24,0.58,99,5,3,16,12.5,27.59,13.15,3,6,4,0,17,11.9,4.62,147.73,85.99,73.87,28.67,0,Ajax II 0-0 MVV,2025-08-29
Ajax II,1.83,0.25,1.58,0.93,0.25,0.68,0.14,0.0,0.14,1.07,0.25,0.82,0,0,0,-1.58,70.7,76.36,49.36,0.58,0.24,338,20,16,3,27.59,12.5,7.38,6,3,17,8,12,245.5,95.38,24.07,14.01,183.8,71.33,0,Ajax II 0-0 MVV,2025-08-29
Helmond Sport,0.23,3.85,-3.62,0.16,1.8,-1.64,0.07,0.52,-0.45,0.23,2.33,-2.1,0,2,-2,1.62,37.9,36.96,39.5,0.12,1.35,97,4,2,23,16.67,17.04,10.46,4,8,14,2,12,21.9,9.93,56.93,65.85,21.7,11.14,0,ADO Den Haag 2-0 Helmond Sport,2025-08-29
ADO Den Haag,3.85,0.23,3.62,1.8,0.16,1.64,0.52,0.07,0.45,2.33,0.23,2.1,2,0,2,-1.62,62.1,63.04,48.79,1.35,0.12,249,21,23,2,17.04,16.67,6.56,8,4,33,12,18,198.7,90.07,29.53,34.15,173.13,88.86,5,ADO Den Haag 2-0 Helmond Sport,2025-08-29
Ajax II,1.49,3.62,-2.13,1.19,1.47,-0.28,0.3,0.63,-0.33,1.49,2.1,-0.61,3,4,-1,1.13,54.6,56.32,46.12,1.02,0.77,234,19,17,17,16.67,22.08,13.0,6,10,23,5,9,151.9,57.89,43.13,32.71,114.37,53.33,0,Utrecht II 4-3 Ajax II,2025-08-25
Utrecht II,3.62,1.49,2.13,1.47,1.19,0.28,0.63,0.3,0.33,2.1,1.49,0.61,4,3,1,-1.13,45.4,43.68,44.66,0.77,1.02,171,12,17,17,22.08,16.67,11.39,10,6,19,4,11,110.5,42.11,88.73,67.29,100.07,46.67,0,Utrecht II 4-3 Ajax II,2025-08-25
Cambuur,1.2,1.65,-0.45,1.14,1.65,-0.51,0.06,0.0,0.06,1.2,1.65,-0.45,1,0,1,1.45,48.6,46.4,43.98,0.58,0.75,161,4,11,11,18.97,14.67,9.31,6,9,14,5,15,67.2,41.28,42.73,43.69,48.43,27.32,0,AZ II 0-1 Cambuur,2025-08-25
AZ II,1.65,1.2,0.45,1.65,1.14,0.51,0.0,0.06,-0.06,1.65,1.2,0.45,0,1,-1,-1.45,51.4,53.6,47.38,0.75,0.58,195,10,11,11,14.67,18.97,6.47,9,6,18,5,23,95.6,58.72,55.07,56.31,128.87,72.68,0,AZ II 0-1 Cambuur,2025-08-25
TOP Oss,2.19,5.39,-3.2,2.17,4.25,-2.08,0.02,1.14,-1.12,2.19,5.39,-3.2,2,5,-3,0.2,48.2,42.72,42.78,1.27,2.02,133,18,14,31,11.02,15.35,10.52,6,6,23,6,8,45.3,20.33,52.53,51.1,52.23,18.88,1,Den Bosch 5-2 TOP Oss,2025-08-24
Den Bosch,5.39,2.19,3.2,4.25,2.17,2.08,1.14,0.02,1.12,5.39,2.19,3.2,5,2,3,-0.2,51.8,57.28,49.38,2.02,1.27,207,28,31,14,15.35,11.02,14.24,6,6,20,8,10,177.5,79.67,50.27,48.9,224.43,81.12,0,Den Bosch 5-2 TOP Oss,2025-08-24
Roda JC,2.49,2.31,0.18,1.66,1.4,0.26,0.08,0.9,-0.82,1.73,2.31,-0.58,1,3,-2,-2.18,60.0,55.67,44.57,0.82,0.44,205,11,12,19,14.63,43.18,8.71,4,4,14,4,11,91.9,48.65,11.0,12.97,68.67,37.78,3,VVV 3-1 Roda JC,2025-08-24
VVV,2.31,2.49,-0.18,1.4,1.66,-0.26,0.9,0.08,0.82,2.31,1.73,0.58,3,1,2,2.18,40.0,44.33,45.44,0.44,0.82,141,13,19,12,43.18,14.63,11.24,4,4,13,2,16,97.0,51.35,73.8,87.03,113.07,62.22,5,VVV 3-1 Roda JC,2025-08-24
PSV II,1.82,1.02,0.8,1.76,0.71,1.05,0.06,0.31,-0.25,1.82,1.02,0.8,2,1,1,0.2,48.9,32.1,33.57,0.57,0.97,77,6,11,21,19.3,21.65,9.42,1,10,9,3,12,21.9,15.57,19.93,31.01,28.17,21.03,0,Dordrecht 1-2 PSV II,2025-08-23
Dordrecht,1.02,1.82,-0.8,0.71,1.76,-1.05,0.31,0.06,0.25,1.02,1.82,-0.8,1,2,-1,-0.2,51.1,67.9,46.41,0.97,0.57,178,16,21,11,21.65,19.3,7.86,10,1,28,12,17,118.8,84.43,44.33,68.99,105.77,78.97,1,Dordrecht 1-2 PSV II,2025-08-23
Emmen,1.62,2.61,-0.99,1.14,1.76,-0.62,0.48,0.09,0.39,1.62,1.85,-0.23,0,2,-2,-1.01,59.3,43.62,46.58,1.07,0.54,257,12,9,14,8.41,25.93,9.47,6,8,22,3,7,95.4,43.07,24.0,25.55,63.4,26.16,0,Helmond Sport 2-0 Emmen,2025-08-22
Helmond Sport,2.61,1.62,0.99,1.76,1.14,0.62,0.09,0.48,-0.39,1.85,1.62,0.23,2,0,2,1.01,40.7,56.38,49.58,0.54,1.07,173,13,14,9,25.93,8.41,13.33,8,6,14,4,15,126.1,56.93,69.93,74.45,179.0,73.84,1,Helmond Sport 2-0 Emmen,2025-08-22
RKC Waalwijk,1.1,1.71,-0.61,1.05,1.53,-0.48,0.05,0.18,-0.13,1.1,1.71,-0.61,0,1,-1,-0.39,56.7,56.57,48.1,1.04,1.3,249,20,14,13,13.46,10.0,10.33,7,4,22,5,10,118.3,59.93,47.07,43.45,110.93,55.81,0,Eindhoven 1-0 RKC Waalwijk,2025-08-22
Eindhoven,1.71,1.1,0.61,1.53,1.05,0.48,0.18,0.05,0.13,1.71,1.1,0.61,1,0,1,0.39,43.3,43.43,41.96,1.3,1.04,147,14,13,14,10.0,13.46,13.31,4,7,23,7,14,79.1,40.07,61.27,56.55,87.83,44.19,3,Eindhoven 1-0 RKC Waalwijk,2025-08-22
MVV,1.11,2.45,-1.34,1.11,1.4,-0.29,0.0,1.05,-1.05,1.11,2.45,-1.34,1,0,1,2.34,39.3,32.83,41.05,0.41,1.69,122,5,12,22,29.27,13.02,19.17,4,5,15,3,11,47.7,18.44,71.33,73.59,59.0,25.35,1,De Graafschap 0-1 MVV,2025-08-22
De Graafschap,2.45,1.11,1.34,1.4,1.11,0.29,1.05,0.0,1.05,2.45,1.11,1.34,0,1,-1,-2.34,60.7,67.17,49.47,1.69,0.41,270,34,22,12,13.02,29.27,10.35,5,4,31,7,7,211.0,81.56,25.6,26.41,173.77,74.65,4,De Graafschap 0-1 MVV,2025-08-22
Willem II,0.36,1.25,-0.89,0.36,1.2,-0.84,0.0,0.05,-0.05,0.36,1.25,-0.89,1,0,1,1.89,38.4,36.21,43.01,0.55,0.71,135,7,2,18,3.64,25.35,15.79,5,6,14,1,13,17.6,10.1,94.8,71.13,25.7,23.52,3,Almere City 0-1 Willem II,2025-08-22
Almere City,1.25,0.36,0.89,1.2,0.36,0.84,0.05,0.0,0.05,1.25,0.36,0.89,0,1,-1,-1.89,61.6,63.79,47.34,0.71,0.55,248,16,18,2,25.35,3.64,8.7,6,5,35,7,7,156.7,89.9,38.47,28.87,83.57,76.48,9,Almere City 0-1 Willem II,2025-08-22
ADO Den Haag,2.85,1.45,1.4,1.96,1.29,0.67,0.13,0.16,-0.03,2.09,1.45,0.64,2,2,0,-1.4,71.0,76.81,52.05,1.17,0.1,366,24,21,10,17.95,100.0,5.54,10,4,38,13,15,227.1,91.94,5.53,4.64,129.8,79.62,4,Utrecht II 2-2 ADO Den Haag,2025-08-18
Utrecht II,1.45,2.85,-1.4,1.29,1.96,-0.67,0.16,0.13,0.03,1.45,2.09,-0.64,2,2,0,1.4,29.0,23.19,38.68,0.1,1.17,72,7,10,21,100.0,17.95,19.33,4,10,8,2,10,19.9,8.06,113.67,95.36,33.23,20.38,1,Utrecht II 2-2 ADO Den Haag,2025-08-18
AZ II,1.63,2.43,-0.8,0.69,1.67,-0.98,0.19,0.0,0.19,0.87,1.67,-0.8,1,4,-3,-2.2,64.2,75.29,52.3,0.87,0.38,324,13,17,10,19.54,26.32,8.18,7,9,18,6,16,204.1,83.48,26.27,20.92,143.07,66.8,1,Ajax II 4-1 AZ II,2025-08-18
Ajax II,2.43,1.63,0.8,1.67,0.69,0.98,0.0,0.19,-0.19,1.67,0.87,0.8,4,1,3,2.2,35.8,24.71,36.06,0.38,0.87,81,11,10,17,26.32,19.54,15.31,9,7,6,2,9,40.4,16.52,99.33,79.08,71.1,33.2,1,Ajax II 4-1 AZ II,2025-08-18
Eindhoven,1.38,3.24,-1.86,1.31,2.96,-1.65,0.07,0.29,-0.22,1.38,3.24,-1.86,1,0,1,2.86,36.8,36.73,43.95,0.53,2.12,144,8,15,17,28.3,8.02,21.9,1,4,19,3,11,81.1,30.73,89.53,86.7,101.17,45.02,2,Willem II 0-1 Eindhoven,2025-08-17
Willem II,3.24,1.38,1.86,2.96,1.31,1.65,0.29,0.07,0.22,3.24,1.38,1.86,0,1,-1,-2.86,63.2,63.27,50.24,2.12,0.53,304,24,17,15,8.02,28.3,10.68,4,1,54,6,8,182.8,69.27,13.73,13.3,123.57,54.98,1,Willem II 0-1 Eindhoven,2025-08-17
Almere City,1.63,1.52,0.11,0.8,1.5,-0.7,0.06,0.02,0.04,0.87,1.52,-0.65,4,1,3,2.89,44.0,47.42,47.33,0.74,0.81,158,13,18,14,24.32,17.28,9.53,6,5,13,7,13,72.4,46.68,75.93,82.96,163.23,90.47,4,Emmen 1-4 Almere City,2025-08-17
Emmen,1.52,1.63,-0.11,1.5,0.8,0.7,0.02,0.06,-0.04,1.52,0.87,0.65,1,4,-3,-2.89,56.0,52.58,46.63,0.81,0.74,200,9,14,18,17.28,24.32,8.84,5,6,12,3,13,82.7,53.32,15.6,17.04,17.2,9.53,0,Emmen 1-4 Almere City,2025-08-17
Dordrecht,2.06,1.27,0.79,1.92,0.69,1.23,0.14,0.58,-0.44,2.06,1.27,0.79,1,0,1,0.21,48.9,51.49,44.13,1.3,0.43,174,19,24,10,18.46,23.26,11.9,6,1,31,11,11,110.2,63.7,57.93,72.23,141.3,81.38,1,MVV 0-1 Dordrecht,2025-08-16
MVV,1.27,2.06,-0.79,0.69,1.92,-1.23,0.58,0.14,0.44,1.27,2.06,-0.79,0,1,-1,-0.21,51.1,48.51,42.53,0.43,1.3,165,8,10,24,23.26,18.46,18.39,1,6,27,4,9,62.8,36.3,22.27,27.77,32.33,18.62,2,MVV 0-1 Dordrecht,2025-08-16
PSV II,2.45,4.01,-1.56,1.65,3.19,-1.54,0.04,0.82,-0.78,1.69,4.01,-2.32,2,0,2,3.56,49.1,37.5,40.1,0.67,1.42,130,9,13,25,19.4,17.61,11.21,4,9,10,4,10,42.0,21.36,50.87,44.03,70.27,33.71,1,VVV 0-2 PSV II,2025-08-15
VVV,4.01,2.45,1.56,3.19,1.65,1.54,0.82,0.04,0.78,4.01,1.69,2.32,0,2,-2,-3.56,50.9,62.5,47.73,1.42,0.67,201,22,25,13,17.61,19.4,9.25,9,4,24,9,11,154.6,78.64,64.67,55.97,138.17,66.29,2,VVV 0-2 PSV II,2025-08-15
TOP Oss,0.6,0.73,-0.13,0.6,0.7,-0.1,0.0,0.03,-0.03,0.6,0.73,-0.13,0,1,-1,-0.87,48.6,43.83,48.23,0.84,0.83,186,12,9,18,10.71,21.69,7.5,1,7,18,3,17,72.8,37.68,28.27,38.9,53.2,24.27,2,Cambuur 1-0 TOP Oss,2025-08-15
Cambuur,0.73,0.6,0.13,0.7,0.6,0.1,0.03,0.0,0.03,0.73,0.6,0.13,1,0,1,0.87,51.4,56.17,51.3,0.83,0.84,224,14,18,9,21.69,10.71,8.05,7,1,25,10,14,120.4,62.32,44.4,61.1,166.03,75.73,0,Cambuur 1-0 TOP Oss,2025-08-15
De Graafschap,1.13,1.02,0.11,1.09,0.98,0.11,0.04,0.04,0.0,1.13,1.02,0.11,0,1,-1,-1.11,58.2,56.88,43.47,0.78,0.33,176,14,14,14,17.95,42.42,9.76,4,7,27,9,17,102.2,69.76,16.33,13.45,66.2,38.64,4,Roda JC 1-0 De Graafschap,2025-08-15
Roda JC,1.02,1.13,-0.11,0.98,1.09,-0.11,0.04,0.04,0.0,1.02,1.13,-0.11,1,0,1,1.11,41.8,43.12,43.59,0.33,0.78,127,8,14,14,42.42,17.95,10.76,7,4,16,5,11,44.3,30.24,105.07,86.55,105.13,61.36,0,Roda JC 1-0 De Graafschap,2025-08-15
Helmond Sport,1.13,0.61,0.52,0.68,0.59,0.09,0.46,0.03,0.43,1.13,0.61,0.52,1,1,0,-0.52,50.5,47.35,42.63,0.64,0.26,167,11,13,10,20.31,38.46,12.11,9,4,23,10,12,89.8,48.59,55.53,59.07,94.17,49.83,2,RKC Waalwijk 1-1 Helmond Sport,2025-08-15
RKC Waalwijk,0.61,1.13,-0.52,0.59,0.68,-0.09,0.03,0.46,-0.43,0.61,1.13,-0.52,1,1,0,0.52,49.5,52.65,47.33,0.26,0.64,194,11,10,13,38.46,20.31,13.11,4,9,16,4,10,95.0,51.41,38.47,40.93,94.8,50.17,0,RKC Waalwijk 1-1 Helmond Sport,2025-08-15
Emmen,0.43,1.87,-1.44,0.38,1.11,-0.73,0.06,0.0,0.06,0.43,1.11,-0.68,1,3,-2,-0.56,48.9,52.53,46.99,0.39,0.39,198,14,10,15,25.64,38.46,7.33,9,4,21,5,18,94.9,47.71,56.33,60.23,82.93,38.8,0,PSV II 3-1 Emmen,2025-08-11
PSV II,1.87,0.43,1.44,1.11,0.38,0.73,0.0,0.06,-0.06,1.11,0.43,0.68,3,1,2,0.56,51.1,47.47,45.9,0.39,0.39,191,7,15,10,38.46,25.64,8.43,4,9,7,0,12,104.0,52.29,37.2,39.77,130.83,61.2,0,PSV II 3-1 Emmen,2025-08-11
RKC Waalwijk,1.4,1.49,-0.09,0.58,1.45,-0.87,0.06,0.04,0.02,0.64,1.49,-0.85,3,2,1,1.09,41.4,28.01,39.12,0.32,0.76,119,7,8,13,25.0,17.11,14.35,5,13,13,3,6,40.6,16.19,78.47,63.59,37.93,20.72,0,AZ II 2-3 RKC Waalwijk,2025-08-11
AZ II,1.49,1.4,0.09,1.45,0.58,0.87,0.04,0.06,-0.02,1.49,0.64,0.85,2,3,-1,-1.09,58.6,71.99,55.5,0.76,0.32,344,13,13,8,17.11,25.0,8.2,13,5,21,5,17,210.1,83.81,44.93,36.41,145.1,79.28,1,AZ II 2-3 RKC Waalwijk,2025-08-11
Willem II,1.14,2.45,-1.31,1.07,2.15,-1.08,0.07,0.3,-0.23,1.14,2.45,-1.31,1,5,-4,-2.69,34.3,25.3,37.1,0.28,0.96,88,5,5,22,17.86,22.92,32.93,1,2,7,3,10,14.1,7.7,101.0,86.03,26.4,11.04,0,ADO Den Haag 5-1 Willem II,2025-08-10
ADO Den Haag,2.45,1.14,1.31,2.15,1.07,1.08,0.3,0.07,0.23,2.45,1.14,1.31,5,1,4,2.69,65.7,74.7,48.16,0.96,0.28,282,22,22,5,22.92,17.86,8.58,2,1,22,6,9,169.0,92.3,16.4,13.97,212.64,88.96,6,ADO Den Haag 5-1 Willem II,2025-08-10
Roda JC,3.2,0.92,2.28,3.2,0.85,2.35,0.0,0.08,-0.08,3.2,0.92,2.28,3,1,2,-0.28,36.3,40.39,43.74,0.6,0.77,122,13,12,11,20.0,14.29,16.25,3,9,7,2,10,92.5,48.68,135.27,91.56,187.77,86.71,1,Helmond Sport 1-3 Roda JC,2025-08-10
Helmond Sport,0.92,3.2,-2.28,0.85,3.2,-2.35,0.08,0.0,0.08,0.92,3.2,-2.28,1,3,-2,0.28,63.7,59.61,42.51,0.77,0.6,203,19,11,12,14.29,20.0,6.25,9,3,26,7,14,97.5,51.32,12.47,8.44,28.77,13.29,4,Helmond Sport 1-3 Roda JC,2025-08-10
MVV,1.49,2.73,-1.24,1.04,2.7,-1.66,0.45,0.03,0.42,1.49,2.73,-1.24,0,4,-4,-2.76,55.3,56.71,48.48,1.17,1.21,235,15,17,16,14.53,13.22,7.05,8,7,37,8,17,88.3,61.96,37.13,41.2,52.77,31.02,0,TOP Oss 4-0 MVV,2025-08-08
TOP Oss,2.73,1.49,1.24,2.7,1.04,1.66,0.03,0.45,-0.42,2.73,1.49,1.24,4,0,4,2.76,44.7,43.29,43.41,1.21,1.17,164,18,16,17,13.22,14.53,10.08,7,8,18,5,17,54.2,38.04,53.0,58.8,117.35,68.98,0,TOP Oss 4-0 MVV,2025-08-08
Utrecht II,0.97,0.65,0.32,0.74,0.65,0.09,0.23,0.0,0.23,0.97,0.65,0.32,0,1,-1,-1.32,49.0,47.16,46.34,0.38,0.53,194,10,17,6,44.74,11.32,19.11,1,5,21,7,9,106.5,55.85,69.67,54.29,110.9,55.48,0,Eindhoven 1-0 Utrecht II,2025-08-08
Eindhoven,0.65,0.97,-0.32,0.65,0.74,-0.09,0.0,0.23,-0.23,0.65,0.97,-0.32,1,0,1,1.32,51.0,52.84,46.83,0.53,0.38,203,12,6,17,11.32,44.74,12.75,5,1,17,3,11,84.2,44.15,58.67,45.71,89.0,44.52,1,Eindhoven 1-0 Utrecht II,2025-08-08
Cambuur,1.61,1.39,0.22,0.89,1.29,-0.4,0.71,0.09,0.62,1.61,1.39,0.22,0,1,-1,-1.22,60.0,54.23,46.29,0.48,0.72,221,8,7,17,14.58,23.61,12.27,3,8,27,7,8,41.9,40.21,17.87,21.43,20.83,15.67,0,Dordrecht 1-0 Cambuur,2025-08-08
Dordrecht,1.39,1.61,-0.22,1.29,0.89,0.4,0.09,0.71,-0.62,1.39,1.61,-0.22,1,0,1,1.22,40.0,45.77,41.65,0.72,0.48,127,10,17,7,23.61,14.58,14.76,8,3,18,7,12,62.3,59.79,65.53,78.57,112.1,84.33,2,Dordrecht 1-0 Cambuur,2025-08-08
Ajax II,1.02,1.22,-0.2,0.92,0.98,-0.06,0.1,0.24,-0.14,1.02,1.22,-0.2,0,2,-2,-1.8,49.6,55.56,44.1,0.53,1.36,205,17,16,10,30.19,7.35,15.62,3,6,13,5,8,102.5,59.98,53.33,57.68,90.4,48.73,0,Den Bosch 2-0 Ajax II,2025-08-08
Den Bosch,1.22,1.02,0.2,0.98,0.92,0.06,0.24,0.1,0.14,1.22,1.02,0.2,2,0,2,1.8,50.4,44.44,43.54,1.36,0.53,195,14,10,16,7.35,30.19,14.15,6,3,9,2,10,68.4,40.02,39.13,42.32,95.1,51.27,1,Den Bosch 2-0 Ajax II,2025-08-08
VVV,1.7,2.87,-1.17,0.92,2.7,-1.78,0.78,0.17,0.61,1.7,2.87,-1.17,2,3,-1,0.17,45.2,47.06,49.36,0.55,0.94,181,14,10,29,18.18,30.85,11.32,6,9,29,9,10,60.7,28.22,59.53,79.03,61.07,26.95,5,De Graafschap 3-2 VVV,2025-08-08
De Graafschap,2.87,1.7,1.17,2.7,0.92,1.78,0.17,0.78,-0.61,2.87,1.7,1.17,3,2,1,-0.17,54.8,52.94,46.52,0.94,0.55,194,12,29,10,30.85,18.18,10.12,9,6,18,12,7,154.4,71.78,15.8,20.97,165.53,73.05,8,De Graafschap 3-2 VVV,2025-08-08
