Team,xG,xGA,xGD,Open Play xG,Open Play xGA,Open Play xGD,Set Piece xG,Set Piece xGA,Set Piece xGD,npxG,npxGA,npxGD,Goals,Goals Conceded,GD,GD-xGD,Possession,Field Tilt,Avg Pass Height,xT,xT Against,Passes in Opposition Half,Passes into Box,Shots,Shots Faced,Shots per 1.0 xT,Shots Faced per 1.0 xT Against,PPDA,High Recoveries,High Recoveries Against,Crosses,Corners,Fouls,On-Ball Pressure,On-Ball Pressure Share,Off-Ball Pressure,Off-Ball Pressure Share,Game Control,Game Control Share,Throw-Ins into the Box,Match,Date
Wadi Degla,0.55,0.31,0.24,0.55,0.21,0.34,0.00,0.09,-0.09,0.55,0.31,0.24,1,0,1,0.76,55.90,53.18,47.49,0.29,0.35,177,13,6,5,20.69,14.29,12.83,0,4,19,6,11,64.5,60.62,25.4,37.39,60.03,52.57,11,Haras El Hodood 0-1 Wadi Degla,2026-04-25
Haras El Hodood,0.31,0.55,-0.24,0.21,0.55,-0.34,0.09,0.00,0.09,0.31,0.55,-0.24,0,1,-1,-0.76,44.10,46.82,47.80,0.35,0.29,137,7,5,6,14.29,20.69,10.93,4,0,17,3,12,41.9,39.38,42.53,62.61,54.17,47.43,0,Haras El Hodood 0-1 Wadi Degla,2026-04-25
Kahraba Ismailia,1.29,2.11,-0.82,0.53,1.35,-0.82,0.0,0.0,0.0,0.53,1.35,-0.82,2,1,1,1.82,34.1,38.06,46.24,0.15,1.1,119,2,6,13,40.0,11.82,12.74,7,5,14,3,14,19.0,11.8,88.2,89.52,51.1,43.55,1,El Geish 1-2 Kahraba Ismailia,2026-04-24
El Geish,2.11,1.29,0.82,1.35,0.53,0.82,0.0,0.0,0.0,1.35,0.53,0.82,1,2,-1,-1.82,65.9,61.94,47.8,1.1,0.15,244,19,13,6,11.82,40.0,9.04,5,7,34,6,11,142.0,88.2,10.33,10.48,66.23,56.45,1,El Geish 1-2 Kahraba Ismailia,2026-04-24
Modern,0.89,0.25,0.64,0.23,0.25,-0.02,0.66,0.0,0.66,0.89,0.25,0.64,2,0,2,1.36,47.7,46.44,46.64,0.2,0.39,155,6,9,6,45.0,15.38,6.04,4,1,10,3,18,52.9,45.25,27.67,46.84,37.8,32.47,5,Ismaily 0-2 Modern,2026-04-24
Ismaily,0.25,0.89,-0.64,0.25,0.23,0.02,0.0,0.66,-0.66,0.25,0.89,-0.64,0,2,-2,-1.36,52.3,53.56,51.72,0.39,0.2,185,9,6,9,15.38,45.0,6.45,1,4,19,6,19,64.0,54.75,31.4,53.16,78.63,67.53,2,Ismaily 0-2 Modern,2026-04-24
ZED,0.69,2.43,-1.74,0.57,2.31,-1.74,0.12,0.12,0.0,0.69,2.43,-1.74,1,2,-1,0.74,61.4,67.04,47.36,1.28,0.82,270,15,12,10,9.38,12.2,11.41,4,3,19,7,7,100.5,73.41,10.53,8.52,38.87,25.88,1,National Bank of Egypt 2-1 ZED,2026-04-24
National Bank of Egypt,2.43,0.69,1.74,2.31,0.57,1.74,0.12,0.12,0.0,2.43,0.69,1.74,2,1,1,-0.74,38.6,32.96,39.53,0.82,1.28,94,11,10,12,12.2,9.38,21.64,3,4,13,6,11,36.4,26.59,113.07,91.48,111.33,74.12,0,National Bank of Egypt 2-1 ZED,2026-04-24
El Gouna,0.43,1.22,-0.79,0.43,1.22,-0.79,0.0,0.0,0.0,0.43,1.22,-0.79,1,0,1,1.79,65.6,56.07,46.37,0.38,0.74,215,11,7,15,18.42,20.27,5.97,3,3,15,4,15,86.6,63.26,12.0,9.68,36.8,27.44,0,Pharco 0-1 El Gouna,2026-04-24
Pharco,1.22,0.43,0.79,1.22,0.43,0.79,0.0,0.0,0.0,1.22,0.43,0.79,0,1,-1,-1.79,34.4,43.93,52.08,0.74,0.38,142,7,15,7,20.27,18.42,13.09,3,3,7,4,13,50.3,36.74,112.0,90.32,97.3,72.56,6,Pharco 0-1 El Gouna,2026-04-24
Petrojet,1.03,0.88,0.15,1.03,0.64,0.39,0.0,0.25,-0.25,1.03,0.88,0.15,1,1,0,-0.15,38.5,33.93,41.24,1.07,1.12,110,17,9,10,8.41,8.93,13.62,1,2,9,1,16,30.4,18.49,76.53,82.06,60.07,49.26,1,Ghazl El Mehalla 1-1 Petrojet,2026-04-23
Ghazl El Mehalla,0.88,1.03,-0.15,0.64,1.03,-0.39,0.25,0.0,0.25,0.88,1.03,-0.15,1,1,0,0.15,61.5,66.07,48.48,1.12,1.07,270,17,10,9,8.93,8.41,10.89,2,1,26,3,11,134.0,81.51,16.73,17.94,61.87,50.74,1,Ghazl El Mehalla 1-1 Petrojet,2026-04-23
Pyramids,0.81,0.9,-0.09,0.75,0.83,-0.08,0.06,0.06,0.0,0.81,0.9,-0.09,0,1,-1,-0.91,52.5,54.93,43.03,0.37,0.9,152,11,10,9,27.03,10.0,8.61,4,2,20,6,14,71.0,52.05,45.27,52.92,84.0,53.2,0,Zamalek 1-0 Pyramids,2026-04-23
Zamalek,0.9,0.81,0.09,0.83,0.75,0.08,0.06,0.06,0.0,0.9,0.81,0.09,1,0,1,0.91,47.5,45.07,40.6,0.9,0.37,104,10,9,10,10.0,27.03,11.38,2,4,12,5,12,65.4,47.95,40.27,47.08,73.9,46.8,0,Zamalek 1-0 Pyramids,2026-04-23
Al Ittihad,0.72,0.28,0.44,0.23,0.22,0.01,0.49,0.06,0.43,0.72,0.28,0.44,0,0,0,-0.44,54.7,47.97,44.68,0.48,0.36,202,6,10,8,20.83,22.22,10.57,2,5,14,1,6,62.2,45.24,9.73,11.69,41.07,25.84,0,Al Mokawloon 0-0 Al Ittihad,2026-04-23
Al Mokawloon,0.28,0.72,-0.44,0.22,0.23,-0.01,0.06,0.49,-0.43,0.28,0.72,-0.44,0,0,0,0.44,45.3,52.03,47.31,0.36,0.48,176,6,8,10,22.22,20.83,11.3,5,2,19,3,16,75.3,54.76,73.47,88.31,117.9,74.16,1,Al Mokawloon 0-0 Al Ittihad,2026-04-23
Ceramica Cleopatra,0.54,1.32,-0.78,0.48,1.31,-0.83,0.05,0.01,0.04,0.54,1.32,-0.78,2,0,2,2.78,49.4,50.69,47.82,0.38,0.88,168,7,9,11,23.68,12.5,8.35,8,10,9,3,15,51.1,36.76,44.53,54.3,72.43,54.25,0,Smouha 0-2 Ceramica Cleopatra,2026-04-22
Smouha,1.32,0.54,0.78,1.31,0.48,0.83,0.01,0.05,-0.04,1.32,0.54,0.78,0,2,-2,-2.78,50.6,49.31,48.29,0.88,0.38,183,18,11,9,12.5,23.68,6.07,10,8,25,8,13,87.9,63.24,37.47,45.7,61.07,45.75,3,Smouha 0-2 Ceramica Cleopatra,2026-04-22
ENPPI,1.86,2.68,-0.82,1.86,1.8,0.06,0.0,0.13,-0.13,1.86,1.92,-0.06,2,2,0,0.82,42.5,42.77,48.39,0.95,1.08,162,9,11,17,11.58,15.74,11.14,5,5,11,2,13,46.1,31.09,77.0,87.17,84.13,72.09,3,Al Masry 2-2 ENPPI,2026-04-22
Al Masry,2.68,1.86,0.82,1.8,1.86,-0.06,0.13,0.0,0.13,1.92,1.86,0.06,2,2,0,-0.82,57.5,57.23,51.47,1.08,0.95,242,17,17,11,15.74,11.58,7.44,5,5,17,4,18,102.2,68.91,11.33,12.83,32.57,27.91,1,Al Masry 2-2 ENPPI,2026-04-22
Ghazl El Mehalla,1.59,2.63,-1.04,0.83,1.73,-0.9,0.0,0.14,-0.14,0.83,1.87,-1.04,3,1,2,3.04,42.9,37.33,42.69,0.4,1.52,122,3,8,16,20.0,10.53,12.48,0,6,12,1,11,26.4,17.64,52.8,72.0,45.57,40.45,0,Kahraba Ismailia 1-3 Ghazl El Mehalla,2026-04-19
Kahraba Ismailia,2.63,1.59,1.04,1.73,0.83,0.9,0.14,0.0,0.14,1.87,0.83,1.04,1,3,-2,-3.04,57.1,62.67,50.09,1.52,0.4,220,22,16,8,10.53,20.0,8.9,6,0,32,5,15,123.3,82.36,20.53,28.0,67.1,59.55,1,Kahraba Ismailia 1-3 Ghazl El Mehalla,2026-04-19
ZED,2.31,1.89,0.42,2.31,1.59,0.72,0.0,0.3,-0.3,2.31,1.89,0.42,3,1,2,1.58,50.7,35.95,40.81,0.89,1.08,122,17,11,15,12.36,13.89,10.27,2,2,4,1,17,51.2,33.44,32.27,35.56,83.2,53.71,0,Modern 1-3 ZED,2026-04-19
Modern,1.89,2.31,-0.42,1.59,2.31,-0.72,0.3,0.0,0.3,1.89,2.31,-0.42,1,3,-2,-1.58,49.3,64.05,51.54,1.08,0.89,233,16,15,11,13.89,12.36,10.77,2,2,36,15,11,101.9,66.56,58.47,64.44,71.7,46.29,0,Modern 1-3 ZED,2026-04-19
Ismaily,0.44,1.27,-0.83,0.42,1.04,-0.62,0.02,0.22,-0.2,0.44,1.27,-0.83,0,1,-1,-0.17,58.6,63.23,46.01,0.52,0.62,204,12,7,7,13.46,11.29,6.16,1,4,33,8,15,113.4,73.49,5.73,7.05,66.27,44.78,2,El Gouna 1-0 Ismaily,2026-04-19
El Gouna,1.27,0.44,0.83,1.04,0.42,0.62,0.22,0.02,0.2,1.27,0.44,0.83,1,0,1,0.17,41.4,36.77,46.26,0.62,0.52,121,9,7,7,11.29,13.46,8.26,4,1,11,2,22,40.9,26.51,75.6,92.95,81.73,55.22,3,El Gouna 1-0 Ismaily,2026-04-19
Al Ittihad,1.74,2.05,-0.31,1.74,0.5,1.24,0.0,0.03,-0.03,1.74,0.53,1.21,2,2,0,0.31,53.1,48.87,41.84,0.53,0.86,175,9,8,14,15.09,16.28,12.97,2,10,10,0,14,59.9,42.69,41.67,39.84,68.97,43.46,1,Haras El Hodood 2-2 Al Ittihad,2026-04-19
Haras El Hodood,2.05,1.74,0.31,0.5,1.74,-1.24,0.03,0.0,0.03,0.53,1.74,-1.21,2,2,0,-0.31,46.9,51.13,45.13,0.86,0.53,190,13,14,8,16.28,15.09,10.15,10,2,13,2,12,80.4,57.31,62.93,60.16,89.73,56.54,0,Haras El Hodood 2-2 Al Ittihad,2026-04-19
National Bank of Egypt,0.32,1.7,-1.38,0.29,0.81,-0.52,0.03,0.13,-0.1,0.32,0.94,-0.62,0,2,-2,-0.62,58.1,56.38,44.89,0.45,0.85,203,8,9,10,20.0,11.76,8.18,5,3,10,2,12,76.8,50.86,24.47,22.83,56.43,27.41,1,Wadi Degla 2-0 National Bank of Egypt,2026-04-18
Wadi Degla,1.7,0.32,1.38,0.81,0.29,0.52,0.13,0.03,0.1,0.94,0.32,0.62,2,0,2,0.62,41.9,43.62,44.51,0.85,0.45,146,8,10,9,11.76,20.0,13.2,3,5,7,5,17,74.2,49.14,82.73,77.17,149.43,72.59,1,Wadi Degla 2-0 National Bank of Egypt,2026-04-18
El Geish,1.4,1.53,-0.13,1.37,0.46,0.91,0.03,0.31,-0.28,1.4,0.77,0.63,0,2,-2,-1.87,67.2,60.23,45.14,0.58,0.31,209,12,11,9,18.97,29.03,5.44,3,10,20,6,13,116.8,68.3,0.67,0.57,60.43,32.15,5,Al Mokawloon 2-0 El Geish,2026-04-18
Al Mokawloon,1.53,1.4,0.13,0.46,1.37,-0.91,0.31,0.03,0.28,0.77,1.4,-0.63,2,0,2,1.87,32.8,39.77,50.67,0.31,0.58,115,9,9,11,29.03,18.97,11.19,10,3,14,11,13,54.2,31.7,116.87,99.43,127.53,67.85,4,Al Mokawloon 2-0 El Geish,2026-04-18
Pharco,1.3,0.86,0.44,1.28,0.86,0.42,0.02,0.0,0.02,1.3,0.86,0.44,0,1,-1,-1.44,58.9,63.19,50.04,0.77,0.61,238,19,13,9,16.88,14.75,11.17,3,6,27,7,6,113.2,73.75,10.2,17.31,84.0,57.68,7,Petrojet 1-0 Pharco,2026-04-18
Petrojet,0.86,1.3,-0.44,0.86,1.28,-0.42,0.0,0.02,-0.02,0.86,1.3,-0.44,1,0,1,1.44,41.1,36.81,42.71,0.61,0.77,109,7,9,13,14.75,16.88,16.5,6,3,12,2,10,40.3,26.25,48.73,82.69,61.63,42.32,0,Petrojet 1-0 Pharco,2026-04-18
Ismaily,2.81,0.59,2.22,2.78,0.57,2.21,0.02,0.02,0.0,2.81,0.59,2.22,1,1,0,-2.22,54.4,51.13,47.29,0.66,0.71,173,14,12,7,18.18,9.86,8.0,4,1,21,6,16,86.2,79.3,34.93,44.59,97.67,73.66,3,Kahraba Ismailia 1-1 Ismaily,2026-04-14
Kahraba Ismailia,0.59,2.81,-2.22,0.57,2.78,-2.21,0.02,0.02,0.0,0.59,2.81,-2.22,1,1,0,2.22,45.6,48.87,42.65,0.71,0.66,110,8,7,12,9.86,18.18,9.62,1,4,16,2,11,22.5,20.7,43.4,55.41,34.93,26.34,2,Kahraba Ismailia 1-1 Ismaily,2026-04-14
ZED,0.93,1.98,-1.05,0.93,1.98,-1.05,0.01,0.0,0.01,0.93,1.98,-1.05,1,2,-1,0.05,43.1,50.16,46.95,0.54,1.09,179,6,5,9,9.26,8.26,17.17,2,4,20,6,11,53.7,38.88,94.27,88.98,103.67,68.46,5,Al Ittihad 2-1 ZED,2026-04-14
Al Ittihad,1.98,0.93,1.05,1.98,0.93,1.05,0.0,0.01,-0.01,1.98,0.93,1.05,2,1,1,-0.05,56.9,49.84,48.21,1.09,0.54,241,6,9,5,8.26,9.26,13.18,4,2,24,4,8,84.4,61.12,11.67,11.02,47.77,31.54,0,Al Ittihad 2-1 ZED,2026-04-14
El Gouna,0.8,0.82,-0.02,0.62,0.78,-0.16,0.18,0.04,0.14,0.8,0.82,-0.02,0,0,0,0.02,52.3,46.44,46.78,0.62,0.68,198,7,11,12,17.74,17.65,13.5,1,3,15,3,9,58.6,38.83,29.67,41.44,42.87,32.55,2,Modern 0-0 El Gouna,2026-04-14
Modern,0.82,0.8,0.02,0.78,0.62,0.16,0.04,0.18,-0.14,0.82,0.8,0.02,0,0,0,-0.02,47.7,53.56,48.2,0.68,0.62,207,10,12,11,17.65,17.74,12.93,3,1,28,3,11,92.3,61.17,41.93,58.56,88.83,67.45,1,Modern 0-0 El Gouna,2026-04-14
Al Mokawloon,1.63,1.91,-0.28,1.16,0.98,0.18,0.47,0.18,0.29,1.63,1.15,0.48,1,2,-1,-0.72,41.0,42.12,50.58,0.73,1.0,173,15,13,15,17.81,15.0,15.38,0,1,22,4,15,61.2,29.41,84.07,83.74,93.63,57.01,3,National Bank of Egypt 2-1 Al Mokawloon,2026-04-13
National Bank of Egypt,1.91,1.63,0.28,0.98,1.16,-0.18,0.18,0.47,-0.29,1.15,1.63,-0.48,2,1,1,0.72,59.0,57.88,48.74,1.0,0.73,228,26,15,13,15.0,17.81,9.38,1,0,27,5,9,146.9,70.59,16.33,16.26,70.6,42.99,2,National Bank of Egypt 2-1 Al Mokawloon,2026-04-13
Petrojet,1.09,1.36,-0.27,1.03,1.35,-0.32,0.06,0.02,0.04,1.09,1.36,-0.27,0,2,-2,-1.73,42.4,59.78,48.54,0.68,0.43,183,14,17,9,25.0,20.93,9.37,7,3,20,2,9,82.8,69.99,67.73,77.67,94.27,58.2,1,El Geish 2-0 Petrojet,2026-04-13
El Geish,1.36,1.09,0.27,1.35,1.03,0.32,0.02,0.06,-0.04,1.36,1.09,0.27,2,0,2,1.73,57.6,40.22,40.65,0.43,0.68,140,7,9,17,20.93,25.0,9.35,3,7,11,1,17,35.5,30.01,19.47,22.33,67.7,41.8,1,El Geish 2-0 Petrojet,2026-04-13
Haras El Hodood,0.46,1.17,-0.71,0.44,1.01,-0.57,0.02,0.16,-0.14,0.46,1.17,-0.71,1,2,-1,-0.29,39.6,38.52,39.96,0.19,1.12,91,2,7,17,36.84,15.18,17.89,2,3,4,2,17,19.2,12.89,51.47,77.9,26.1,29.18,2,Pharco 2-1 Haras El Hodood,2026-04-13
Pharco,1.17,0.46,0.71,1.01,0.44,0.57,0.16,0.02,0.14,1.17,0.46,0.71,2,1,1,0.29,60.4,61.48,49.7,1.12,0.19,208,22,17,7,15.18,36.84,7.53,3,2,21,8,8,129.8,87.11,14.6,22.1,63.33,70.82,7,Pharco 2-1 Haras El Hodood,2026-04-13
Wadi Degla,1.82,0.32,1.5,0.79,0.32,0.47,1.03,0.0,1.03,1.82,0.32,1.5,0,0,0,-1.5,63.8,66.21,47.74,1.52,0.22,240,17,12,9,7.89,40.91,6.61,7,0,19,4,14,140.6,90.83,11.87,10.32,89.33,62.24,2,Ghazl El Mehalla 0-0 Wadi Degla,2026-04-13
Ghazl El Mehalla,0.32,1.82,-1.5,0.32,0.79,-0.47,0.0,1.03,-1.03,0.32,1.82,-1.5,0,0,0,1.5,36.2,33.79,44.7,0.22,1.52,120,4,9,12,40.91,7.89,17.28,0,7,15,1,9,14.2,9.17,103.13,89.68,54.2,37.76,0,Ghazl El Mehalla 0-0 Wadi Degla,2026-04-13
Smouha,0.34,1.02,-0.68,0.34,0.88,-0.54,0.0,0.14,-0.14,0.34,1.02,-0.68,1,2,-1,-0.32,31.9,27.76,46.55,0.64,1.62,106,8,10,12,15.62,7.41,17.24,3,1,14,1,15,45.6,15.89,110.87,96.29,61.23,27.77,0,Al Ahly 2-1 Smouha,2026-04-11
Al Ahly,1.02,0.34,0.68,0.88,0.34,0.54,0.14,0.0,0.14,1.02,0.34,0.68,2,1,1,0.32,68.1,72.24,54.9,1.62,0.64,344,26,12,10,7.41,15.62,6.27,1,3,30,7,16,241.4,84.11,4.27,3.71,159.23,72.23,4,Al Ahly 2-1 Smouha,2026-04-11
Ceramica Cleopatra,1.15,0.62,0.53,0.35,0.52,-0.17,0.05,0.1,-0.05,0.39,0.62,-0.23,1,1,0,-0.53,42.8,41.45,49.09,0.26,0.66,132,6,7,13,26.92,19.7,7.39,2,5,14,4,23,25.4,18.72,38.27,84.67,58.87,43.35,0,ENPPI 1-1 Ceramica Cleopatra,2026-04-11
ENPPI,0.62,1.15,-0.53,0.52,0.35,0.17,0.1,0.05,0.05,0.62,0.39,0.23,1,1,0,0.53,57.2,58.55,49.47,0.66,0.26,182,15,13,7,19.7,26.92,5.68,5,2,23,8,12,110.3,81.28,6.93,15.33,76.93,56.65,3,ENPPI 1-1 Ceramica Cleopatra,2026-04-11
Al Masry,1.89,4.27,-2.38,1.01,3.48,-2.47,0.12,0.03,0.09,1.13,3.51,-2.38,1,1,0,2.38,49.6,47.01,42.71,0.45,0.93,135,4,8,13,17.78,13.98,10.0,4,8,12,6,10,53.2,33.93,34.67,50.1,50.73,34.93,2,Pyramids 1-1 Al Masry,2026-04-11
Pyramids,4.27,1.89,2.38,3.48,1.01,2.47,0.03,0.12,-0.09,3.51,1.13,2.38,1,1,0,-2.38,50.4,52.99,48.15,0.93,0.45,161,19,13,8,13.98,17.78,6.76,8,4,19,7,16,103.6,66.07,34.53,49.9,94.5,65.07,3,Pyramids 1-1 Al Masry,2026-04-11
Ismaily,0.4,0.79,-0.39,0.38,0.57,-0.19,0.02,0.22,-0.2,0.4,0.79,-0.39,0,1,-1,-0.61,64.9,61.39,48.39,0.79,0.27,194,13,7,8,8.86,29.63,4.94,3,5,25,8,12,65.6,60.8,5.0,6.01,30.6,23.7,7,Al Mokawloon 1-0 Ismaily,2026-04-09
Al Mokawloon,0.79,0.4,0.39,0.57,0.38,0.19,0.22,0.02,0.2,0.79,0.4,0.39,1,0,1,0.61,35.1,38.61,48.02,0.27,0.79,92,8,8,7,29.63,8.86,7.97,5,3,12,5,21,42.3,39.2,78.2,93.99,98.5,76.3,4,Al Mokawloon 1-0 Ismaily,2026-04-09
ZED,1.94,1.67,0.27,1.58,0.91,0.67,0.36,0.0,0.36,1.94,0.91,1.03,1,2,-1,-1.27,64.0,54.47,45.09,0.71,0.4,184,17,19,8,26.76,20.0,7.38,1,0,22,7,13,97.3,74.27,6.93,10.59,62.27,52.75,0,Petrojet 2-1 ZED,2026-04-09
Petrojet,1.67,1.94,-0.27,0.91,1.58,-0.67,0.0,0.36,-0.36,0.91,1.94,-1.03,2,1,1,1.27,36.0,45.53,49.68,0.4,0.71,131,7,8,19,20.0,26.76,20.94,0,1,25,5,10,33.7,25.73,58.53,89.41,55.77,47.25,0,Petrojet 2-1 ZED,2026-04-09
Al Ittihad,0.78,1.15,-0.37,0.54,1.15,-0.61,0.24,0.0,0.24,0.78,1.15,-0.37,1,1,0,0.37,62.8,63.14,49.51,0.72,1.05,267,8,13,9,18.06,8.57,13.2,3,2,22,10,6,159.0,81.29,13.73,13.37,96.2,66.95,0,Kahraba Ismailia 1-1 Al Ittihad,2026-04-09
Kahraba Ismailia,1.15,0.78,0.37,1.15,0.54,0.61,0.0,0.24,-0.24,1.15,0.78,0.37,1,1,0,-0.37,37.2,36.86,43.8,1.05,0.72,122,7,9,13,8.57,18.06,29.29,2,3,26,5,5,36.6,18.71,88.93,86.63,47.5,33.05,0,Kahraba Ismailia 1-1 Al Ittihad,2026-04-09
National Bank of Egypt,0.81,0.69,0.12,0.68,0.69,-0.01,0.13,0.0,0.13,0.81,0.69,0.12,0,1,-1,-1.12,57.2,51.78,43.28,0.79,0.31,190,10,10,11,12.66,35.48,9.79,4,9,13,3,11,61.4,47.71,24.8,25.24,42.27,26.96,3,El Geish 1-0 National Bank of Egypt,2026-04-09
El Geish,0.69,0.81,-0.12,0.69,0.68,0.01,0.0,0.13,-0.13,0.69,0.81,-0.12,1,0,1,1.12,42.8,48.22,46.6,0.31,0.79,174,4,11,10,35.48,12.66,12.59,9,4,12,0,14,67.3,52.29,73.47,74.76,114.53,73.04,3,El Geish 1-0 National Bank of Egypt,2026-04-09
Modern,0.5,0.84,-0.34,0.34,0.29,0.05,0.16,0.55,-0.39,0.5,0.84,-0.34,0,0,0,0.34,57.3,47.08,43.69,0.38,0.54,149,7,9,7,23.68,12.96,7.11,4,8,19,4,13,68.2,50.37,11.0,16.34,50.4,34.73,0,Haras El Hodood 0-0 Modern,2026-04-08
Haras El Hodood,0.84,0.5,0.34,0.29,0.34,-0.05,0.55,0.16,0.39,0.84,0.5,0.34,0,0,0,-0.34,42.7,52.92,46.44,0.54,0.38,138,7,7,9,12.96,23.68,10.65,8,4,19,4,15,67.2,49.63,56.33,83.66,94.73,65.27,0,Haras El Hodood 0-0 Modern,2026-04-08
El Gouna,0.09,0.59,-0.5,0.09,0.29,-0.2,0.0,0.29,-0.29,0.09,0.59,-0.5,0,1,-1,-0.5,48.4,47.23,45.0,0.3,0.87,169,3,2,9,6.67,10.34,13.08,2,4,16,3,15,43.2,31.81,48.07,49.76,39.4,29.15,6,Ghazl El Mehalla 1-0 El Gouna,2026-04-08
Ghazl El Mehalla,0.59,0.09,0.5,0.29,0.09,0.2,0.29,0.0,0.29,0.59,0.09,0.5,1,0,1,0.5,51.6,52.77,47.1,0.87,0.3,196,8,9,2,10.34,6.67,11.7,4,2,17,5,12,92.6,68.19,48.53,50.24,95.77,70.85,1,Ghazl El Mehalla 1-0 El Gouna,2026-04-08
Pharco,1.32,1.27,0.05,1.2,1.14,0.06,0.12,0.13,-0.01,1.32,1.27,0.05,0,2,-2,-2.05,47.8,62.41,52.33,0.81,0.3,193,14,19,11,23.46,36.67,13.88,2,4,25,2,8,117.7,76.03,73.13,83.81,118.0,70.0,10,Wadi Degla 2-0 Pharco,2026-04-08
Wadi Degla,1.27,1.32,-0.05,1.14,1.2,-0.06,0.13,0.12,0.01,1.27,1.32,-0.05,2,0,2,2.05,52.2,37.59,41.24,0.3,0.81,128,8,11,19,36.67,23.46,13.53,4,2,13,5,11,37.1,23.97,14.13,16.19,50.57,30.0,0,Wadi Degla 2-0 Pharco,2026-04-08
Al Ahly,3.54,0.14,3.4,3.31,0.14,3.17,0.23,0.0,0.23,3.54,0.14,3.4,1,1,0,-3.4,63.8,73.58,53.39,1.34,0.2,301,28,24,4,17.91,20.0,6.89,5,5,43,13,11,247.7,93.05,19.6,25.45,201.77,92.71,1,Ceramica Cleopatra 1-1 Al Ahly,2026-04-07
Ceramica Cleopatra,0.14,3.54,-3.4,0.14,3.31,-3.17,0.0,0.23,-0.23,0.14,3.54,-3.4,1,1,0,3.4,36.2,26.42,42.91,0.2,1.34,105,3,4,24,20.0,17.91,11.18,5,5,5,1,17,18.5,6.95,57.4,74.55,15.87,7.29,0,Ceramica Cleopatra 1-1 Al Ahly,2026-04-07
ENPPI,0.76,1.39,-0.63,0.75,1.19,-0.44,0.01,0.2,-0.19,0.76,1.39,-0.63,2,0,2,2.63,46.8,44.28,45.51,0.43,1.16,150,5,10,11,23.26,9.48,10.06,1,2,14,4,16,47.4,36.94,40.73,63.12,49.83,40.77,1,Smouha 0-2 ENPPI,2026-04-07
Smouha,1.39,0.76,0.63,1.19,0.75,0.44,0.2,0.01,0.19,1.39,0.76,0.63,0,2,-2,-2.63,53.2,55.72,45.66,1.16,0.43,170,9,11,10,9.48,23.26,9.52,2,1,19,3,15,80.9,63.06,23.8,36.88,72.4,59.23,0,Smouha 0-2 ENPPI,2026-04-07
Al Mokawloon,0.46,1.12,-0.66,0.46,0.32,0.14,0.0,0.04,-0.04,0.46,0.36,0.1,0,0,0,0.66,32.4,40.39,43.21,0.53,0.31,71,4,7,11,13.21,35.48,15.12,4,1,6,1,15,17.7,17.12,102.6,95.53,62.47,65.66,0,ZED 0-0 Al Mokawloon,2026-04-06
ZED,1.12,0.46,0.66,0.32,0.46,-0.14,0.04,0.0,0.04,0.36,0.46,-0.1,0,0,0,-0.66,67.6,59.61,43.91,0.31,0.53,173,5,11,7,35.48,13.21,6.73,1,4,16,5,10,85.7,82.88,4.8,4.47,32.67,34.34,2,ZED 0-0 Al Mokawloon,2026-04-06
Petrojet,1.61,0.5,1.11,1.05,0.5,0.55,0.56,0.0,0.56,1.61,0.5,1.11,0,0,0,-1.11,53.0,66.78,49.72,1.58,0.44,226,17,16,8,10.13,18.18,12.71,6,0,38,10,12,151.0,83.66,45.53,44.29,147.5,79.63,0,Kahraba Ismailia 0-0 Petrojet,2026-04-06
Kahraba Ismailia,0.5,1.61,-1.11,0.5,1.05,-0.55,0.0,0.56,-0.56,0.5,1.61,-1.11,0,0,0,1.11,47.0,33.22,40.7,0.44,1.58,123,8,8,16,18.18,10.13,13.6,0,6,18,4,7,29.5,16.34,57.27,55.71,37.73,20.37,0,Kahraba Ismailia 0-0 Petrojet,2026-04-06
Zamalek,1.59,0.47,1.12,1.43,0.47,0.96,0.16,0.0,0.16,1.59,0.47,1.12,4,1,3,1.88,39.3,41.1,43.75,0.83,0.58,130,10,12,7,14.46,12.07,14.16,5,1,15,6,10,36.9,33.33,110.33,81.97,104.6,79.34,1,Al Masry 1-4 Zamalek,2026-04-05
Al Masry,0.47,1.59,-1.12,0.47,1.43,-0.96,0.0,0.16,-0.16,0.47,1.59,-1.12,1,4,-3,-1.88,60.7,58.9,46.58,0.58,0.83,248,13,7,12,12.07,14.46,12.17,1,5,13,2,12,73.8,66.67,24.27,18.03,27.23,20.66,0,Al Masry 1-4 Zamalek,2026-04-05
El Geish,0.96,0.52,0.44,0.91,0.47,0.44,0.04,0.05,-0.01,0.96,0.52,0.44,0,0,0,-0.44,60.9,55.56,49.43,0.81,0.34,201,11,11,4,13.58,11.76,7.7,3,5,23,5,17,119.1,74.72,7.67,12.4,95.0,60.23,1,Ismaily 0-0 El Geish,2026-04-05
Ismaily,0.52,0.96,-0.44,0.47,0.91,-0.44,0.05,0.04,0.01,0.52,0.96,-0.44,0,0,0,0.44,39.1,44.44,45.64,0.34,0.81,112,7,4,11,11.76,13.58,8.2,5,3,18,6,16,40.3,25.28,54.2,87.6,62.73,39.77,3,Ismaily 0-0 El Geish,2026-04-05
Haras El Hodood,0.6,2.79,-2.19,0.52,2.76,-2.24,0.08,0.03,0.05,0.6,2.79,-2.19,2,4,-2,0.19,32.3,34.72,47.19,0.32,1.11,150,3,5,16,15.62,14.41,26.38,3,2,11,1,5,34.2,14.58,127.27,90.91,58.23,40.09,1,National Bank of Egypt 4-2 Haras El Hodood,2026-04-05
National Bank of Egypt,2.79,0.6,2.19,2.76,0.52,2.24,0.03,0.08,-0.05,2.79,0.6,2.19,4,2,2,-0.19,67.7,65.28,50.52,1.11,0.32,362,20,16,5,14.41,15.62,14.1,2,3,25,4,9,200.3,85.42,12.73,9.09,87.03,59.91,1,National Bank of Egypt 4-2 Haras El Hodood,2026-04-05
Wadi Degla,0.86,0.59,0.27,0.66,0.45,0.21,0.21,0.14,0.07,0.86,0.59,0.27,0,0,0,-0.27,60.0,60.31,49.92,1.18,0.28,232,23,15,9,12.71,32.14,7.88,7,1,20,8,19,101.8,77.06,15.6,18.63,64.6,58.6,1,Modern 0-0 Wadi Degla,2026-04-04
Modern,0.59,0.86,-0.27,0.45,0.66,-0.21,0.14,0.21,-0.07,0.59,0.86,-0.27,0,0,0,0.27,40.0,39.69,45.47,0.28,1.18,125,6,9,15,32.14,12.71,21.59,1,7,14,6,7,30.3,22.94,68.13,81.37,45.63,41.4,0,Modern 0-0 Wadi Degla,2026-04-04
Al Ittihad,0.46,0.9,-0.44,0.46,0.9,-0.44,0.0,0.0,0.0,0.46,0.9,-0.44,0,0,0,0.44,60.1,49.69,45.53,0.51,0.34,216,10,8,11,15.69,32.35,12.24,3,4,13,3,9,69.3,52.42,14.33,13.69,23.3,20.05,1,El Gouna 0-0 Al Ittihad,2026-04-04
El Gouna,0.9,0.46,0.44,0.9,0.46,0.44,0.0,0.0,0.0,0.9,0.46,0.44,0,0,0,-0.44,39.9,50.31,49.71,0.34,0.51,174,6,11,8,32.35,15.69,18.74,4,3,19,6,7,62.9,47.58,90.33,86.31,92.9,79.95,7,El Gouna 0-0 Al Ittihad,2026-04-04
Ghazl El Mehalla,1.37,1.3,0.07,0.55,0.55,0.0,0.06,0.75,-0.69,0.61,1.3,-0.69,1,1,0,-0.07,62.0,47.77,41.05,0.77,0.7,155,7,11,8,14.29,11.43,7.71,2,7,19,5,7,73.4,53.03,8.07,8.06,30.63,21.14,0,Pharco 1-1 Ghazl El Mehalla,2026-04-04
Pharco,1.3,1.37,-0.07,0.55,0.55,0.0,0.75,0.06,0.69,1.3,0.61,0.69,1,1,0,0.07,38.0,52.23,49.81,0.7,0.77,163,9,8,11,11.43,14.29,14.1,7,2,11,2,14,65.0,46.97,92.07,91.94,114.23,78.86,4,Pharco 1-1 Ghazl El Mehalla,2026-04-04
Pharco,1.08,1.45,-0.37,0.87,1.33,-0.46,0.21,0.12,0.09,1.08,1.45,-0.37,1,1,0,0.37,38.4,54.49,54.71,0.57,0.47,156,13,13,9,22.81,19.15,20.29,2,3,21,7,9,106.2,75.59,102.33,96.42,180.87,94.3,0,Al Ittihad 1-1 Pharco,2026-03-22
Al Ittihad,1.45,1.08,0.37,1.33,0.87,0.46,0.12,0.21,-0.09,1.45,1.08,0.37,1,1,0,-0.37,61.6,45.51,43.14,0.47,0.57,148,7,9,13,19.15,22.81,9.0,3,2,16,3,6,34.3,24.41,3.8,3.58,10.93,5.7,1,Al Ittihad 1-1 Pharco,2026-03-22
Modern,1.24,1.19,0.05,0.95,1.15,-0.2,0.29,0.04,0.25,1.24,1.19,0.05,1,1,0,-0.05,52.0,56.96,48.23,0.71,0.43,203,11,10,11,14.08,25.58,9.94,5,4,29,7,13,111.3,65.13,40.13,45.23,106.1,60.81,0,Kahraba Ismailia 1-1 Modern,2026-03-22
Kahraba Ismailia,1.19,1.24,-0.05,1.15,0.95,0.2,0.04,0.29,-0.25,1.19,1.24,-0.05,1,1,0,0.05,48.0,43.04,45.37,0.43,0.71,141,7,11,10,25.58,14.08,10.5,4,5,20,4,13,59.6,34.87,48.6,54.77,68.37,39.19,0,Kahraba Ismailia 1-1 Modern,2026-03-22
El Geish,0.36,1.24,-0.88,0.36,1.24,-0.88,0.0,0.0,0.0,0.36,1.24,-0.88,0,1,-1,-0.12,57.0,67.55,51.45,0.75,0.4,256,10,9,12,12.0,30.0,11.85,6,3,31,2,9,110.1,70.99,63.07,53.15,110.2,72.3,1,ZED 1-0 El Geish,2026-03-22
ZED,1.24,0.36,0.88,1.24,0.36,0.88,0.0,0.0,0.0,1.24,0.36,0.88,1,0,1,0.12,43.0,32.45,39.69,0.4,0.75,110,5,12,9,30.0,12.0,17.4,3,6,9,3,11,45.0,29.01,55.6,46.85,42.23,27.7,2,ZED 1-0 El Geish,2026-03-22
National Bank of Egypt,1.77,0.26,1.51,1.77,0.11,1.66,0.0,0.15,-0.15,1.77,0.26,1.51,1,1,0,-1.51,70.6,69.79,51.39,2.44,0.43,320,28,19,8,7.79,18.6,7.59,5,3,26,5,5,232.7,89.78,0.6,0.46,129.3,68.71,0,Ghazl El Mehalla 1-1 National Bank of Egypt,2026-03-21
Ghazl El Mehalla,0.26,1.77,-1.51,0.11,1.77,-1.66,0.15,0.0,0.15,0.26,1.77,-1.51,1,1,0,1.51,29.4,30.21,42.48,0.43,2.44,105,3,8,19,18.6,7.79,21.41,3,5,9,4,13,26.5,10.22,128.87,99.54,58.87,31.29,0,Ghazl El Mehalla 1-1 National Bank of Egypt,2026-03-21
Petrojet,2.34,1.1,1.24,0.82,1.1,-0.28,0.0,0.0,0.0,0.82,1.1,-0.28,2,2,0,-1.24,61.4,63.64,46.66,1.26,0.85,200,13,12,8,9.52,9.41,6.05,7,4,25,4,9,72.1,69.66,7.0,10.81,39.03,33.57,0,Al Mokawloon 2-2 Petrojet,2026-03-21
Al Mokawloon,1.1,2.34,-1.24,1.1,0.82,0.28,0.0,0.0,0.0,1.1,0.82,0.28,2,2,0,1.24,38.6,36.36,43.91,0.85,1.26,96,12,8,12,9.41,9.52,12.66,4,7,11,1,14,31.4,30.34,57.73,89.19,77.23,66.43,1,Al Mokawloon 2-2 Petrojet,2026-03-21
El Gouna,0.54,0.82,-0.28,0.54,0.73,-0.19,0.0,0.09,-0.09,0.54,0.82,-0.28,0,0,0,0.28,34.5,34.84,46.69,0.3,1.27,115,7,9,14,30.0,11.02,9.31,13,5,7,1,13,29.8,20.58,125.53,92.26,99.5,58.81,0,Wadi Degla 0-0 El Gouna,2026-03-20
Wadi Degla,0.82,0.54,0.28,0.73,0.54,0.19,0.09,0.0,0.09,0.82,0.54,0.28,0,0,0,-0.28,65.5,65.16,45.45,1.27,0.3,213,22,14,9,11.02,30.0,6.33,5,13,25,8,16,115.0,79.42,10.53,7.74,69.7,41.19,2,Wadi Degla 0-0 El Gouna,2026-03-20
Ismaily,0.48,0.0,0.48,0.48,0.0,0.48,0.0,0.0,0.0,0.48,0.0,0.48,0,0,0,-0.48,44.4,62.0,59.06,0.05,0.1,29,3,5,0,100.0,0.0,11.2,0,2,5,1,3,28.9,100.0,5.4,87.1,34.1,98.27,2,Haras El Hodood 0-0 Ismaily,2026-03-20
Haras El Hodood,0.0,0.48,-0.48,0.0,0.48,-0.48,0.0,0.0,0.0,0.0,0.48,-0.48,0,0,0,0.48,55.6,38.0,44.09,0.1,0.05,25,3,0,5,0.0,100.0,3.7,2,0,1,0,6,0.0,0.0,0.8,12.9,0.6,1.73,1,Haras El Hodood 0-0 Ismaily,2026-03-20
Modern,1.45,1.17,0.28,1.45,0.98,0.47,0.0,0.2,-0.2,1.45,1.17,0.28,0,2,-2,-2.28,48.0,61.28,51.61,0.94,0.76,230,9,11,16,11.7,21.05,11.42,4,3,22,2,16,136.4,62.83,52.53,63.44,119.43,65.75,0,ZED 2-0 Modern,2026-03-11
ZED,1.17,1.45,-0.28,0.98,1.45,-0.47,0.2,0.0,0.2,1.17,1.45,-0.28,2,0,2,2.28,52.0,38.72,44.3,0.76,0.94,158,19,16,11,21.05,11.7,11.04,3,4,12,3,12,80.7,37.17,30.27,36.56,62.2,34.25,1,ZED 2-0 Modern,2026-03-11
Zamalek,1.86,2.41,-0.55,0.98,0.34,0.64,0.11,0.55,-0.44,1.1,0.89,0.21,0,1,-1,-0.45,61.2,60.0,50.44,0.44,0.68,239,19,11,13,25.0,19.12,7.24,9,3,12,4,17,83.6,60.58,10.0,11.82,45.6,30.48,2,ENPPI 1-0 Zamalek,2026-03-11
ENPPI,2.41,1.86,0.55,0.34,0.98,-0.64,0.55,0.11,0.44,0.89,1.1,-0.21,1,0,1,0.45,38.8,40.0,45.16,0.68,0.44,127,8,13,11,19.12,25.0,14.4,3,9,10,5,10,54.4,39.42,74.6,88.18,104.0,69.52,2,ENPPI 1-0 Zamalek,2026-03-11
Al Masry,1.85,1.11,0.74,1.85,0.78,1.07,0.0,0.33,-0.33,1.85,1.11,0.74,0,1,-1,-1.74,60.3,58.01,46.73,1.42,0.6,243,11,15,13,10.56,21.67,12.52,3,4,23,1,10,115.4,65.91,24.47,17.64,70.53,38.09,0,El Gouna 1-0 Al Masry,2026-03-10
El Gouna,1.11,1.85,-0.74,0.78,1.85,-1.07,0.33,0.0,0.33,1.11,1.85,-0.74,1,0,1,1.74,39.7,41.99,47.06,0.6,1.42,165,12,13,15,21.67,10.56,13.42,4,3,13,4,10,59.7,34.09,114.27,82.36,114.63,61.91,0,El Gouna 1-0 Al Masry,2026-03-10
Pyramids,1.25,0.5,0.75,1.05,0.23,0.82,0.2,0.27,-0.07,1.25,0.5,0.75,1,0,1,0.25,52.2,57.58,47.27,0.64,0.66,234,14,20,5,31.25,7.58,18.73,5,2,22,5,2,115.1,73.17,65.47,56.63,150.5,75.3,0,National Bank of Egypt 0-1 Pyramids,2026-03-09
National Bank of Egypt,0.5,1.25,-0.75,0.23,1.05,-0.82,0.27,0.2,0.07,0.5,1.25,-0.75,0,1,-1,-0.25,47.8,42.42,40.16,0.66,0.64,124,12,5,20,7.58,31.25,21.5,2,5,9,5,8,42.2,26.83,50.13,43.37,49.37,24.7,1,National Bank of Egypt 0-1 Pyramids,2026-03-09
Al Ahly,2.51,2.56,-0.05,1.74,1.61,0.13,0.77,0.96,-0.19,2.51,2.56,-0.05,1,2,-1,-0.95,60.5,73.9,55.13,1.69,1.1,377,18,22,12,13.02,10.91,8.59,8,1,29,7,7,232.1,83.97,16.33,13.52,159.0,68.88,1,El Geish 2-1 Al Ahly,2026-03-09
El Geish,2.56,2.51,0.05,1.61,1.74,-0.13,0.96,0.77,0.19,2.56,2.51,0.05,2,1,1,0.95,39.5,26.1,40.48,1.1,1.69,131,14,12,22,10.91,13.02,25.56,1,8,15,5,9,44.3,16.03,104.47,86.48,71.83,31.12,0,El Geish 2-1 Al Ahly,2026-03-09
Pharco,0.77,0.59,0.18,0.77,0.59,0.18,0.0,0.0,0.0,0.77,0.59,0.18,0,0,0,-0.18,35.9,46.27,49.94,0.57,0.85,126,12,10,10,17.54,11.76,8.02,3,1,9,4,24,47.8,35.12,84.27,93.01,90.37,63.06,0,Ghazl El Mehalla 0-0 Pharco,2026-03-07
Ghazl El Mehalla,0.59,0.77,-0.18,0.59,0.77,-0.18,0.0,0.0,0.0,0.59,0.77,-0.18,0,0,0,0.18,64.1,53.73,45.75,0.85,0.57,176,8,10,10,11.76,17.54,5.17,1,3,23,2,14,88.3,64.88,6.33,6.99,52.93,36.94,0,Ghazl El Mehalla 0-0 Pharco,2026-03-07
Modern,1.85,2.42,-0.57,0.95,2.42,-1.47,0.9,0.0,0.9,1.85,2.42,-0.57,0,3,-3,-2.43,43.9,47.45,45.87,0.85,0.96,186,14,11,10,12.94,10.42,21.0,0,3,26,5,10,76.9,44.74,119.53,84.29,54.24,28.24,0,Smouha 3-0 Modern,2026-03-07
Smouha,2.42,1.85,0.57,2.42,0.95,1.47,0.0,0.9,-0.9,2.42,1.85,0.57,3,0,3,2.43,56.1,52.55,47.44,0.96,0.85,256,12,10,11,10.42,12.94,17.38,3,0,16,2,9,95.0,55.26,22.27,15.71,137.81,71.76,1,Smouha 3-0 Modern,2026-03-07
Wadi Degla,0.03,1.39,-1.36,0.03,1.34,-1.31,0.0,0.05,-0.05,0.03,1.39,-1.36,0,0,0,1.36,63.5,63.16,41.61,0.44,0.19,163,9,1,10,2.27,52.63,12.11,3,1,17,4,7,53.3,62.49,8.47,8.25,23.7,21.19,4,El Gouna 0-0 Wadi Degla,2026-03-06
El Gouna,1.39,0.03,1.36,1.34,0.03,1.31,0.05,0.0,0.05,1.39,0.03,1.36,0,0,0,-1.36,36.5,36.84,41.63,0.19,0.44,96,6,10,1,52.63,2.27,22.56,1,3,13,6,8,32.0,37.51,94.2,91.75,88.13,78.81,5,El Gouna 0-0 Wadi Degla,2026-03-06
Al Ittihad,0.77,2.72,-1.95,0.44,2.69,-2.25,0.32,0.03,0.29,0.77,2.72,-1.95,0,1,-1,0.95,55.3,62.28,50.27,0.62,1.54,268,9,8,17,12.9,11.04,15.09,2,2,23,6,11,133.6,59.86,53.33,38.7,107.6,46.47,0,Zamalek 1-0 Al Ittihad,2026-03-06
Zamalek,2.72,0.77,1.95,2.69,0.44,2.25,0.03,0.32,-0.29,2.72,0.77,1.95,1,0,1,-0.95,44.7,37.72,45.96,1.54,0.62,189,19,17,8,11.04,12.9,17.68,2,2,11,4,9,89.6,40.14,84.47,61.3,123.93,53.53,0,Zamalek 1-0 Al Ittihad,2026-03-06
Ismaily,0.59,0.49,0.1,0.58,0.49,0.09,0.01,0.0,0.01,0.59,0.49,0.1,0,2,-2,-2.1,51.0,65.96,50.08,0.69,0.55,212,10,9,8,13.04,14.55,10.5,4,5,18,4,10,98.9,80.6,24.87,37.76,91.97,69.11,5,Al Masry 2-0 Ismaily,2026-03-06
Al Masry,0.49,0.59,-0.1,0.49,0.58,-0.09,0.0,0.01,-0.01,0.49,0.59,-0.1,2,0,2,2.1,49.0,34.04,44.04,0.55,0.69,163,10,8,9,14.55,13.04,13.08,5,4,11,3,8,23.8,19.4,41.0,62.24,41.1,30.89,0,Al Masry 2-0 Ismaily,2026-03-06
National Bank of Egypt,0.39,0.78,-0.39,0.39,0.77,-0.38,0.01,0.01,0.0,0.39,0.78,-0.39,2,2,0,0.39,43.2,39.59,45.07,0.43,0.54,163,4,11,10,25.58,18.52,13.2,2,3,10,3,16,50.6,27.77,75.93,78.93,77.3,51.05,1,Ceramica Cleopatra 2-2 National Bank of Egypt,2026-03-05
Ceramica Cleopatra,0.78,0.39,0.39,0.77,0.39,0.38,0.01,0.01,0.0,0.78,0.39,0.39,2,2,0,-0.39,56.8,60.41,49.18,0.54,0.43,258,17,10,11,18.52,25.58,10.12,3,2,12,5,11,131.6,72.23,20.27,21.07,74.13,48.95,0,Ceramica Cleopatra 2-2 National Bank of Egypt,2026-03-05
El Geish,2.57,1.65,0.92,2.57,1.36,1.21,0.0,0.28,-0.28,2.57,1.65,0.92,2,1,1,0.08,47.5,35.96,45.11,0.36,1.41,144,5,13,13,36.11,9.22,16.89,3,5,20,3,9,67.1,32.31,33.4,43.3,53.53,34.07,0,Petrojet 1-2 El Geish,2026-03-05
Petrojet,1.65,2.57,-0.92,1.36,2.57,-1.21,0.28,0.0,0.28,1.65,2.57,-0.92,1,2,-1,-0.08,52.5,64.04,54.4,1.41,0.36,255,22,13,13,9.22,36.11,12.36,5,3,27,1,10,140.6,67.69,43.73,56.7,103.57,65.93,0,Petrojet 1-2 El Geish,2026-03-05
Pyramids,1.75,1.95,-0.2,1.61,1.18,0.43,0.14,0.01,0.13,1.75,1.19,0.56,3,1,2,2.2,56.7,62.38,49.28,1.09,0.35,193,21,20,8,18.35,22.86,10.92,4,8,24,10,9,168.5,82.8,19.8,42.24,164.57,88.96,4,Haras El Hodood 1-3 Pyramids,2026-03-05
Haras El Hodood,1.95,1.75,0.2,1.18,1.61,-0.43,0.01,0.14,-0.13,1.19,1.75,-0.56,1,3,-2,-2.2,43.3,37.62,44.19,0.35,1.09,126,3,8,20,22.86,18.35,11.81,8,4,9,2,9,35.0,17.2,27.07,57.76,20.43,11.04,1,Haras El Hodood 1-3 Pyramids,2026-03-05
Al Ahly,1.04,1.88,-0.84,0.9,1.88,-0.98,0.14,0.0,0.14,1.04,1.88,-0.84,3,1,2,2.84,67.9,57.2,43.6,0.72,0.84,196,18,9,13,12.5,15.48,5.91,0,4,11,3,13,93.4,62.14,2.0,1.45,23.57,20.44,2,Al Mokawloon 1-3 Al Ahly,2026-03-05
Al Mokawloon,1.88,1.04,0.84,1.88,0.9,0.98,0.0,0.14,-0.14,1.88,1.04,0.84,1,3,-2,-2.84,32.1,42.8,52.41,0.84,0.72,132,13,13,9,15.48,12.5,16.63,4,0,16,3,13,56.9,37.86,135.67,98.55,91.73,79.56,2,Al Mokawloon 1-3 Al Ahly,2026-03-05
Ghazl El Mehalla,0.16,0.86,-0.7,0.16,0.86,-0.7,0.0,0.0,0.0,0.16,0.86,-0.7,0,2,-2,-1.3,47.1,47.87,47.82,0.38,0.59,169,8,4,10,10.53,16.95,14.5,5,2,9,3,7,30.2,27.71,52.73,57.32,40.0,28.9,0,Al Ittihad 2-0 Ghazl El Mehalla,2026-03-02
Al Ittihad,0.86,0.16,0.7,0.86,0.16,0.7,0.0,0.0,0.0,0.86,0.16,0.7,2,0,2,1.3,52.9,52.13,47.66,0.59,0.38,171,10,10,4,16.95,10.53,10.21,2,5,18,2,12,78.8,72.29,39.27,42.68,98.4,71.1,0,Al Ittihad 2-0 Ghazl El Mehalla,2026-03-02
Kahraba Ismailia,1.6,0.45,1.15,0.64,0.39,0.25,0.2,0.06,0.14,0.84,0.45,0.39,2,0,2,0.85,46.6,41.35,45.22,0.32,0.87,136,3,8,11,25.0,12.64,8.83,9,7,15,1,16,36.3,34.57,44.07,54.95,52.3,54.84,2,Pharco 0-2 Kahraba Ismailia,2026-03-02
Pharco,0.45,1.6,-1.15,0.39,0.64,-0.25,0.06,0.2,-0.14,0.45,0.84,-0.39,0,2,-2,-0.85,53.4,58.65,47.53,0.87,0.32,187,10,11,8,12.64,25.0,6.68,7,9,23,3,13,68.7,65.43,36.13,45.05,43.07,45.16,8,Pharco 0-2 Kahraba Ismailia,2026-03-02
Smouha,0.82,1.19,-0.37,0.82,0.95,-0.13,0.0,0.25,-0.25,0.82,1.19,-0.37,3,1,2,2.37,32.9,32.49,47.83,0.35,1.27,116,7,12,17,34.29,13.39,11.94,2,2,14,6,18,31.2,15.23,116.0,98.14,151.17,91.87,1,National Bank of Egypt 1-3 Smouha,2026-03-01
National Bank of Egypt,1.19,0.82,0.37,0.95,0.82,0.13,0.25,0.0,0.25,1.19,0.82,0.37,1,3,-2,-2.37,67.1,67.51,51.31,1.27,0.35,299,21,17,12,13.39,34.29,5.24,2,2,30,10,15,173.6,84.77,2.2,1.86,13.37,8.13,1,National Bank of Egypt 1-3 Smouha,2026-03-01
Petrojet,0.81,1.35,-0.54,0.61,1.35,-0.74,0.2,0.0,0.2,0.81,1.35,-0.54,1,1,0,0.54,54.3,65.37,48.93,0.72,0.76,238,13,13,7,18.06,9.21,7.64,2,3,26,7,9,120.6,74.44,15.27,18.08,76.33,50.35,0,Modern 1-1 Petrojet,2026-03-01
Modern,1.35,0.81,0.54,1.35,0.61,0.74,0.0,0.2,-0.2,1.35,0.81,0.54,1,1,0,-0.54,45.7,34.63,43.92,0.76,0.72,152,8,7,13,9.21,18.06,10.08,3,2,11,5,22,41.4,25.56,69.2,81.92,75.27,49.65,0,Modern 1-1 Petrojet,2026-03-01
Zamalek,2.89,0.36,2.53,1.87,0.36,1.51,0.27,0.0,0.27,2.13,0.36,1.77,1,0,1,-1.53,32.9,24.82,41.33,0.32,0.84,85,9,11,12,34.38,14.29,12.9,3,4,5,5,13,34.1,17.7,100.8,93.22,65.53,48.25,1,Pyramids 0-1 Zamalek,2026-03-01
Pyramids,0.36,2.89,-2.53,0.36,1.87,-1.51,0.0,0.27,-0.27,0.36,2.13,-1.77,0,1,-1,1.53,67.1,75.18,51.41,0.84,0.32,289,11,12,11,14.29,34.38,7.62,4,3,26,5,17,158.6,82.3,7.33,6.78,70.27,51.75,2,Pyramids 0-1 Zamalek,2026-03-01
Al Masry,0.55,2.26,-1.71,0.55,1.31,-0.76,0.0,0.19,-0.19,0.55,1.5,-0.95,2,3,-1,0.71,45.5,39.66,43.88,0.76,0.54,137,10,11,15,14.47,27.78,9.75,2,2,11,5,14,56.4,32.36,49.6,65.2,71.4,34.05,0,ENPPI 3-2 Al Masry,2026-03-01
ENPPI,2.26,0.55,1.71,1.31,0.55,0.76,0.19,0.0,0.19,1.5,0.55,0.95,3,2,1,-0.71,54.5,60.34,51.67,0.54,0.76,226,9,15,11,27.78,14.47,7.84,2,2,25,3,18,117.9,67.64,26.47,34.8,138.27,65.95,1,ENPPI 3-2 Al Masry,2026-03-01
Ceramica Cleopatra,0.5,0.64,-0.14,0.48,0.64,-0.16,0.02,0.0,0.02,0.5,0.64,-0.14,1,1,0,0.14,57.6,67.16,47.47,0.99,0.01,241,15,8,9,8.08,900.0,7.7,7,2,19,6,16,133.0,72.05,33.73,34.87,119.87,66.08,1,Wadi Degla 1-1 Ceramica Cleopatra,2026-02-28
Wadi Degla,0.64,0.5,0.14,0.64,0.48,0.16,0.0,0.02,-0.02,0.64,0.5,0.14,1,1,0,-0.14,42.4,32.84,39.8,0.01,0.99,119,9,9,8,900.0,8.08,15.07,2,7,14,4,15,51.6,27.95,63.0,65.13,61.53,33.92,2,Wadi Degla 1-1 Ceramica Cleopatra,2026-02-28
ZED,0.32,3.09,-2.77,0.32,3.01,-2.69,0.0,0.09,-0.09,0.32,3.09,-2.77,1,1,0,2.77,34.4,23.29,41.87,0.22,1.73,106,5,4,24,18.18,13.87,20.55,0,2,1,0,16,15.5,4.55,87.53,78.53,27.17,12.58,1,Al Ahly 1-1 ZED,2026-02-28
Al Ahly,3.09,0.32,2.77,3.01,0.32,2.69,0.09,0.0,0.09,3.09,0.32,2.77,1,1,0,-2.77,65.6,76.71,57.04,1.73,0.22,424,24,24,4,13.87,18.18,9.6,2,0,51,11,8,325.2,95.45,23.93,21.47,188.77,87.42,3,Al Ahly 1-1 ZED,2026-02-28
Haras El Hodood,0.48,0.56,-0.08,0.43,0.52,-0.09,0.05,0.04,0.01,0.48,0.56,-0.08,0,1,-1,-0.92,46.4,55.02,47.02,0.66,0.79,175,9,9,11,13.64,13.92,9.02,6,2,17,4,15,53.6,50.0,43.13,67.81,61.97,48.77,0,El Geish 1-0 Haras El Hodood,2026-02-28
El Geish,0.56,0.48,0.08,0.52,0.43,0.09,0.04,0.05,-0.01,0.56,0.48,0.08,1,0,1,0.92,53.6,44.98,42.95,0.79,0.66,156,9,11,9,13.92,13.64,9.18,2,6,17,2,17,53.6,50.0,20.47,32.19,65.1,51.23,1,El Geish 1-0 Haras El Hodood,2026-02-28
El Gouna,1.67,1.3,0.37,0.83,0.45,0.38,0.08,0.09,-0.01,0.91,0.54,0.37,2,1,1,0.63,59.7,58.41,44.61,0.55,0.53,155,6,11,6,20.0,11.32,7.79,6,3,15,4,13,76.8,68.82,7.47,8.38,38.57,31.92,4,Ismaily 1-2 El Gouna,2026-02-28
Ismaily,1.3,1.67,-0.37,0.45,0.83,-0.38,0.09,0.08,0.01,0.54,0.91,-0.37,1,2,-1,-0.63,40.3,41.59,43.2,0.53,0.55,94,9,6,11,11.32,20.0,11.96,3,6,7,1,11,34.8,31.18,81.67,91.62,82.27,68.08,4,Ismaily 1-2 El Gouna,2026-02-28
Al Ittihad,0.6,1.08,-0.48,0.6,0.9,-0.3,0.0,0.18,-0.18,0.6,1.08,-0.48,0,1,-1,-0.52,53.3,47.34,47.73,0.85,0.8,186,11,10,18,11.76,22.5,11.21,1,7,14,4,16,77.4,41.73,30.47,51.76,68.27,40.77,0,Petrojet 1-0 Al Ittihad,2026-02-25
Petrojet,1.08,0.6,0.48,0.9,0.6,0.3,0.18,0.0,0.18,1.08,0.6,0.48,1,0,1,0.52,46.7,52.66,50.58,0.8,0.85,187,13,18,10,22.5,11.76,7.74,7,1,30,4,10,108.1,58.27,28.4,48.24,99.2,59.23,0,Petrojet 1-0 Al Ittihad,2026-02-25
Modern,0.61,1.4,-0.79,0.61,1.39,-0.78,0.0,0.02,-0.02,0.61,1.4,-0.79,0,1,-1,-0.21,41.8,42.65,47.08,0.42,0.81,148,6,7,10,16.67,12.35,10.6,2,2,16,4,13,44.7,31.0,74.67,78.77,60.2,46.46,2,Al Masry 1-0 Modern,2026-02-25
Al Masry,1.4,0.61,0.79,1.39,0.61,0.78,0.02,0.0,0.02,1.4,0.61,0.79,1,0,1,0.21,58.2,57.35,48.64,0.81,0.42,209,10,10,7,12.35,16.67,9.34,2,2,12,2,14,99.5,69.0,20.13,21.23,69.37,53.54,0,Al Masry 1-0 Modern,2026-02-25
Pharco,0.54,2.73,-2.19,0.48,2.65,-2.17,0.06,0.08,-0.02,0.54,2.73,-2.19,0,1,-1,1.19,34.9,34.98,42.86,0.34,1.39,116,9,10,19,29.41,13.67,18.09,0,7,12,7,11,16.2,9.0,88.2,89.03,44.3,27.13,7,National Bank of Egypt 1-0 Pharco,2026-02-25
National Bank of Egypt,2.73,0.54,2.19,2.65,0.48,2.17,0.08,0.06,0.02,2.73,0.54,2.19,1,0,1,-1.19,65.1,65.02,50.06,1.39,0.34,276,18,19,10,13.67,29.41,7.93,7,0,21,3,9,163.8,91.0,10.87,10.97,118.97,72.87,0,National Bank of Egypt 1-0 Pharco,2026-02-25
Zamalek,1.9,0.76,1.14,1.67,0.5,1.17,0.22,0.26,-0.04,1.9,0.76,1.14,2,1,1,-0.14,45.4,51.27,49.07,0.75,0.69,185,11,16,12,21.33,17.39,10.24,5,2,16,5,13,139.2,62.99,61.67,59.56,139.07,80.37,1,ZED 1-2 Zamalek,2026-02-24
ZED,0.76,1.9,-1.14,0.5,1.67,-1.17,0.26,0.22,0.04,0.76,1.9,-1.14,1,2,-1,0.14,54.6,48.73,46.83,0.69,0.75,204,11,12,16,17.39,21.33,10.18,2,5,17,7,16,81.8,37.01,41.87,40.44,33.97,19.63,1,ZED 1-2 Zamalek,2026-02-24
Pyramids,1.97,1.02,0.95,1.97,0.44,1.53,0.0,0.58,-0.58,1.97,1.02,0.95,3,1,2,1.05,57.8,55.0,44.61,0.88,0.21,198,11,10,7,11.36,33.33,9.58,3,2,15,4,17,100.0,69.78,19.67,21.23,74.87,57.65,2,Ghazl El Mehalla 1-3 Pyramids,2026-02-24
Ghazl El Mehalla,1.02,1.97,-0.95,0.44,1.97,-1.53,0.58,0.0,0.58,1.02,1.97,-0.95,1,3,-2,-1.05,42.2,45.0,41.07,0.21,0.88,119,5,7,10,33.33,11.36,11.69,2,3,13,4,16,43.3,30.22,73.0,78.77,55.0,42.35,0,Ghazl El Mehalla 1-3 Pyramids,2026-02-24
Ismaily,0.93,1.61,-0.68,0.17,0.85,-0.68,0.0,0.0,0.0,0.17,0.85,-0.68,1,1,0,0.68,28.8,25.66,39.88,0.22,1.26,98,3,6,15,27.27,11.9,16.82,7,5,8,0,12,20.8,10.23,207.4,96.79,83.77,47.41,0,Ceramica Cleopatra 1-1 Ismaily,2026-02-24
Ceramica Cleopatra,1.61,0.93,0.68,0.85,0.17,0.68,0.0,0.0,0.0,0.85,0.17,0.68,1,1,0,-0.68,71.2,74.34,44.18,1.26,0.22,293,19,15,6,11.9,27.27,8.19,5,7,13,3,17,182.5,89.77,6.87,3.21,92.93,52.59,0,Ceramica Cleopatra 1-1 Ismaily,2026-02-24
ENPPI,0.38,0.8,-0.42,0.35,0.04,0.31,0.03,0.0,0.03,0.38,0.04,0.34,0,1,-1,-0.58,68.2,66.03,48.11,0.54,0.16,237,12,7,3,12.96,18.75,7.07,0,2,24,4,10,89.2,89.38,1.87,2.1,38.97,42.68,4,Haras El Hodood 1-0 ENPPI,2026-02-24
Haras El Hodood,0.8,0.38,0.42,0.04,0.35,-0.31,0.0,0.03,-0.03,0.04,0.38,-0.34,1,0,1,0.58,31.8,33.97,41.88,0.16,0.54,76,1,3,7,18.75,12.96,17.58,2,0,2,0,17,10.6,10.62,87.33,97.9,52.33,57.32,0,Haras El Hodood 1-0 ENPPI,2026-02-24
Al Ahly,0.6,0.65,-0.05,0.58,0.58,0.0,0.01,0.07,-0.06,0.6,0.65,-0.05,1,0,1,1.05,51.0,48.64,46.34,0.26,0.37,217,12,8,12,30.77,32.43,11.06,3,4,8,3,14,66.2,39.98,34.67,28.39,73.8,37.52,3,Smouha 0-1 Al Ahly,2026-02-23
Smouha,0.65,0.6,0.05,0.58,0.58,0.0,0.07,0.01,0.06,0.65,0.6,0.05,0,1,-1,-1.05,49.0,51.36,44.56,0.37,0.26,173,7,12,8,32.43,30.77,13.75,4,3,18,4,8,99.4,60.02,87.47,71.61,122.9,62.48,1,Smouha 0-1 Al Ahly,2026-02-23
Al Mokawloon,1.08,1.97,-0.89,0.98,1.94,-0.96,0.1,0.03,0.07,1.08,1.97,-0.89,1,1,0,0.89,37.9,48.18,49.66,0.29,1.29,131,9,6,16,20.69,12.4,9.44,5,2,25,5,22,34.0,22.61,95.2,95.39,82.27,62.88,2,El Gouna 1-1 Al Mokawloon,2026-02-23
El Gouna,1.97,1.08,0.89,1.94,0.98,0.96,0.03,0.1,-0.07,1.97,1.08,0.89,1,1,0,-0.89,62.1,51.82,48.77,1.29,0.29,227,15,16,6,12.4,20.69,6.09,2,5,26,6,12,116.4,77.39,4.6,4.61,48.57,37.12,4,El Gouna 1-1 Al Mokawloon,2026-02-23
El Geish,2.31,1.11,1.2,2.22,0.29,1.93,0.09,0.82,-0.73,2.31,1.11,1.2,2,2,0,-1.2,58.7,59.54,47.23,1.06,0.4,212,13,16,10,15.09,25.0,6.23,8,0,29,2,13,146.1,70.99,7.0,7.87,117.3,65.56,0,Kahraba Ismailia 2-2 El Geish,2026-02-23
Kahraba Ismailia,1.11,2.31,-1.2,0.29,2.22,-1.93,0.82,0.09,0.73,1.11,2.31,-1.2,2,2,0,1.2,41.3,40.46,48.28,0.4,1.06,146,10,10,16,25.0,15.09,22.69,0,8,16,3,11,59.7,29.01,81.93,92.13,61.63,34.44,0,Kahraba Ismailia 2-2 El Geish,2026-02-23
ZED,0.78,0.14,0.64,0.65,0.13,0.52,0.13,0.01,0.12,0.78,0.14,0.64,0,0,0,-0.64,53.7,47.62,46.13,0.67,0.21,184,11,11,5,16.42,23.81,9.53,4,5,20,5,15,84.6,67.41,37.13,36.55,74.87,56.14,0,Ghazl El Mehalla 0-0 ZED,2026-02-20
Ghazl El Mehalla,0.14,0.78,-0.64,0.13,0.65,-0.52,0.01,0.13,-0.12,0.14,0.78,-0.64,0,0,0,0.64,46.3,52.38,47.32,0.21,0.67,167,3,5,11,23.81,16.42,10.36,5,4,10,3,11,40.9,32.59,64.47,63.45,58.5,43.86,0,Ghazl El Mehalla 0-0 ZED,2026-02-20
Haras El Hodood,1.59,1.48,0.11,1.59,1.18,0.41,0.0,0.3,-0.3,1.59,1.48,0.11,0,2,-2,-2.11,32.9,41.45,49.36,0.46,1.03,136,9,12,13,26.09,12.62,12.69,6,4,6,2,12,86.9,40.34,116.67,95.16,135.17,66.32,0,Zamalek 2-0 Haras El Hodood,2026-02-20
Zamalek,1.48,1.59,-0.11,1.18,1.59,-0.41,0.3,0.0,0.3,1.48,1.59,-0.11,2,0,2,2.11,67.1,58.55,47.41,1.03,0.46,260,13,13,12,12.62,26.09,8.71,4,6,18,8,7,128.5,59.66,5.93,4.84,68.63,33.68,3,Zamalek 2-0 Haras El Hodood,2026-02-20
Wadi Degla,1.09,0.37,0.72,1.04,0.25,0.79,0.05,0.11,-0.06,1.09,0.37,0.72,2,1,1,0.28,55.3,48.78,45.55,0.8,0.28,146,16,8,8,10.0,28.57,7.82,2,5,20,7,14,84.1,68.32,10.27,16.67,61.03,51.19,6,Ismaily 1-2 Wadi Degla,2026-02-20
Ismaily,0.37,1.09,-0.72,0.25,1.04,-0.79,0.11,0.05,0.06,0.37,1.09,-0.72,1,2,-1,-0.28,44.7,51.22,47.23,0.28,0.8,128,12,8,8,28.57,10.0,8.75,5,2,17,5,10,39.0,31.68,51.33,83.33,58.2,48.81,11,Ismaily 1-2 Wadi Degla,2026-02-20
Al Masry,0.43,0.81,-0.38,0.29,0.77,-0.48,0.14,0.04,0.1,0.43,0.81,-0.38,1,1,0,0.38,66.5,61.89,45.93,0.46,0.9,220,7,8,10,17.39,11.11,8.11,5,6,23,5,9,111.5,67.01,3.07,2.49,52.03,31.23,0,Al Mokawloon 1-1 Al Masry,2026-02-19
Al Mokawloon,0.81,0.43,0.38,0.77,0.29,0.48,0.04,0.14,-0.1,0.81,0.43,0.38,1,1,0,-0.38,33.5,38.11,48.31,0.9,0.46,129,9,10,8,11.11,17.39,19.09,6,5,11,1,12,54.9,32.99,120.2,97.51,114.57,68.77,1,Al Mokawloon 1-1 Al Masry,2026-02-19
Petrojet,2.09,0.31,1.78,2.04,0.31,1.73,0.05,0.0,0.05,2.09,0.31,1.78,1,1,0,-1.78,58.5,64.03,51.98,1.5,0.46,241,18,22,3,14.67,6.52,7.84,2,3,30,4,13,154.6,87.89,6.53,10.21,105.5,69.38,2,Pharco 1-1 Petrojet,2026-02-19
Pharco,0.31,2.09,-1.78,0.31,2.04,-1.73,0.0,0.05,-0.05,0.31,2.09,-1.78,1,1,0,1.78,41.5,35.97,45.72,0.46,1.5,128,6,3,22,6.52,14.67,13.46,3,2,15,2,15,21.3,12.11,57.4,89.79,46.57,30.62,0,Pharco 1-1 Petrojet,2026-02-19
El Gouna,0.77,1.52,-0.75,0.63,1.02,-0.39,0.14,0.5,-0.36,0.77,1.52,-0.75,0,1,-1,-0.25,38.4,40.99,43.92,0.35,1.19,148,12,13,15,37.14,12.61,16.47,2,5,17,4,11,49.8,26.67,93.53,85.24,68.5,38.69,5,Al Ahly 1-0 El Gouna,2026-02-19
Al Ahly,1.52,0.77,0.75,1.02,0.63,0.39,0.5,0.14,0.36,1.52,0.77,0.75,1,0,1,0.25,61.6,59.01,46.16,1.19,0.35,266,16,15,13,12.61,37.14,11.41,5,2,16,8,10,136.9,73.33,16.2,14.76,108.57,61.31,1,Al Ahly 1-0 El Gouna,2026-02-19
National Bank of Egypt,0.96,1.07,-0.11,0.65,0.95,-0.3,0.31,0.12,0.19,0.96,1.07,-0.11,0,0,0,0.11,53.1,47.84,44.79,0.58,0.78,163,9,8,8,13.79,10.26,7.39,8,1,11,4,14,73.7,50.38,28.27,38.58,63.43,44.51,0,ENPPI 0-0 National Bank of Egypt,2026-02-16
ENPPI,1.07,0.96,0.11,0.95,0.65,0.3,0.12,0.31,-0.19,1.07,0.96,0.11,0,0,0,-0.11,46.9,52.16,48.5,0.78,0.58,179,5,8,8,10.26,13.79,10.38,1,8,21,10,13,72.6,49.62,45.0,61.42,79.07,55.49,1,ENPPI 0-0 National Bank of Egypt,2026-02-16
Smouha,1.23,0.29,0.94,0.91,0.11,0.8,0.32,0.17,0.15,1.23,0.29,0.94,0,1,-1,-1.94,46.3,57.27,50.04,0.79,0.29,132,9,8,6,10.13,20.69,7.42,9,1,20,3,15,52.1,53.0,39.13,64.65,54.9,58.24,4,Al Ittihad 1-0 Smouha,2026-02-16
Al Ittihad,0.29,1.23,-0.94,0.11,0.91,-0.8,0.17,0.32,-0.15,0.29,1.23,-0.94,1,0,1,1.94,53.7,42.73,44.58,0.29,0.79,128,8,6,8,20.69,10.13,5.8,1,9,15,5,14,46.2,47.0,21.4,35.35,39.37,41.76,0,Al Ittihad 1-0 Smouha,2026-02-16
Kahraba Ismailia,1.35,2.66,-1.31,0.58,0.82,-0.24,0.0,1.84,-1.84,0.59,2.66,-2.07,1,1,0,1.31,59.5,51.47,47.19,0.46,0.58,170,10,12,12,26.09,20.69,8.18,3,6,28,4,12,46.1,39.07,14.4,19.65,37.13,26.23,2,Modern 1-1 Kahraba Ismailia,2026-02-16
Modern,2.66,1.35,1.31,0.82,0.58,0.24,1.84,0.0,1.84,2.66,0.59,2.07,1,1,0,-1.31,40.5,48.53,49.22,0.58,0.46,139,13,12,12,20.69,26.09,10.03,6,3,19,7,12,71.9,60.93,58.87,80.35,104.4,73.77,2,Modern 1-1 Kahraba Ismailia,2026-02-16
Wadi Degla,2.27,1.52,0.75,0.63,1.22,-0.59,0.12,0.31,-0.19,0.75,1.52,-0.77,1,1,0,-0.75,54.2,50.0,44.0,0.37,0.84,171,7,14,12,37.84,14.29,8.22,5,4,18,5,15,63.7,48.74,15.27,18.76,40.53,29.43,0,Al Masry 1-1 Wadi Degla,2026-02-11
Al Masry,1.52,2.27,-0.75,1.22,0.63,0.59,0.31,0.12,0.19,1.52,0.75,0.77,1,1,0,0.75,45.8,50.0,42.33,0.84,0.37,118,10,12,14,14.29,37.84,10.36,4,5,10,3,14,67.0,51.26,66.13,81.24,97.2,70.57,0,Al Masry 1-1 Wadi Degla,2026-02-11
Smouha,0.26,1.2,-0.94,0.26,1.03,-0.77,0.0,0.17,-0.17,0.26,1.2,-0.94,0,1,-1,-0.06,41.4,42.31,47.55,0.86,0.76,169,13,5,14,5.81,18.42,22.12,3,0,20,3,10,39.7,26.4,95.6,89.57,65.13,52.52,0,Zamalek 1-0 Smouha,2026-02-11
Zamalek,1.2,0.26,0.94,1.03,0.26,0.77,0.17,0.0,0.17,1.2,0.26,0.94,1,0,1,0.06,58.6,57.69,48.83,0.76,0.86,250,11,14,5,18.42,5.81,15.5,0,3,14,6,5,110.7,73.6,11.13,10.43,58.87,47.48,1,Zamalek 1-0 Smouha,2026-02-11
Ismaily,0.39,0.7,-0.31,0.38,0.64,-0.26,0.01,0.07,-0.06,0.39,0.7,-0.31,0,2,-2,-1.69,30.6,36.16,43.79,0.6,0.7,110,7,7,9,11.67,12.86,19.23,5,5,17,3,7,37.0,22.08,120.67,92.54,49.1,25.78,8,Al Ahly 2-0 Ismaily,2026-02-11
Al Ahly,0.7,0.39,0.31,0.64,0.38,0.26,0.07,0.01,0.06,0.7,0.39,0.31,2,0,2,1.69,69.4,63.84,51.43,0.7,0.6,340,10,9,7,12.86,11.67,9.17,5,5,16,10,10,130.6,77.92,9.73,7.46,141.37,74.22,0,Al Ahly 2-0 Ismaily,2026-02-11
Pyramids,1.27,0.58,0.69,0.51,0.29,0.22,0.0,0.29,-0.29,0.51,0.58,-0.07,2,1,1,0.31,47.0,42.68,44.6,0.64,0.5,122,11,9,4,14.06,8.0,8.44,2,6,9,1,19,70.1,57.7,39.67,63.5,90.2,71.17,1,ENPPI 1-2 Pyramids,2026-02-11
ENPPI,0.58,1.27,-0.69,0.29,0.51,-0.22,0.29,0.0,0.29,0.58,0.51,0.07,1,2,-1,-0.31,53.0,57.32,47.26,0.5,0.64,164,12,4,9,8.0,14.06,6.19,6,2,33,12,16,51.4,42.3,22.8,36.5,36.53,28.83,3,ENPPI 1-2 Pyramids,2026-02-11
ENPPI,1.12,0.8,0.32,1.05,0.73,0.32,0.06,0.07,-0.01,1.12,0.8,0.32,1,1,0,-0.32,64.2,62.59,47.64,1.27,0.3,221,17,12,13,9.45,43.33,5.81,6,6,24,2,13,109.4,68.55,11.53,12.43,57.73,45.13,3,Petrojet 1-1 ENPPI,2026-02-06
Petrojet,0.8,1.12,-0.32,0.73,1.05,-0.32,0.07,0.06,0.01,0.8,1.12,-0.32,1,1,0,0.32,35.8,37.41,45.24,0.3,1.27,109,6,13,12,43.33,9.45,11.11,6,6,12,4,11,50.2,31.45,81.2,87.57,70.2,54.87,5,Petrojet 1-1 ENPPI,2026-02-06
Al Ittihad,1.54,0.7,0.84,0.78,0.54,0.24,0.0,0.16,-0.16,0.78,0.7,0.08,1,0,1,0.16,45.2,38.16,43.49,0.77,1.04,141,12,8,9,10.39,8.65,9.69,2,6,7,1,15,54.1,35.38,50.33,60.79,53.87,40.09,4,El Geish 0-1 Al Ittihad,2026-02-06
El Geish,0.7,1.54,-0.84,0.54,0.78,-0.24,0.16,0.0,0.16,0.7,0.78,-0.08,0,1,-1,-0.16,54.8,61.84,49.43,1.04,0.77,224,12,9,8,8.65,10.39,7.15,6,2,34,9,19,98.8,64.62,32.47,39.21,80.5,59.91,0,El Geish 0-1 Al Ittihad,2026-02-06
Modern,1.1,1.31,-0.21,1.1,1.31,-0.21,0.0,0.0,0.0,1.1,1.31,-0.21,1,1,0,0.21,48.5,49.83,47.58,0.69,0.68,151,12,9,12,13.04,17.65,8.71,4,1,18,5,19,88.1,50.11,69.93,75.8,86.9,67.47,7,El Gouna 1-1 Modern,2026-02-06
El Gouna,1.31,1.1,0.21,1.31,1.1,0.21,0.0,0.0,0.0,1.31,1.1,0.21,1,1,0,-0.21,51.5,50.17,48.15,0.68,0.69,165,8,12,9,17.65,13.04,8.62,1,4,19,4,11,87.7,49.89,22.33,24.2,41.9,32.53,4,El Gouna 1-1 Modern,2026-02-06
Al Mokawloon,0.36,1.32,-0.96,0.23,1.14,-0.91,0.13,0.18,-0.05,0.36,1.32,-0.96,1,0,1,1.96,31.0,39.42,49.31,0.48,0.7,104,8,3,19,6.25,27.14,13.07,3,6,14,4,19,26.8,15.24,104.2,99.68,84.97,56.54,2,Wadi Degla 0-1 Al Mokawloon,2026-02-05
Wadi Degla,1.32,0.36,0.96,1.14,0.23,0.91,0.18,0.13,0.05,1.32,0.36,0.96,0,1,-1,-1.96,69.0,60.58,45.47,0.7,0.48,208,15,19,3,27.14,6.25,5.48,6,3,29,7,7,149.1,84.76,0.33,0.32,65.3,43.46,11,Wadi Degla 0-1 Al Mokawloon,2026-02-05
Ghazl El Mehalla,0.8,2.48,-1.68,0.8,2.38,-1.58,0.0,0.1,-0.1,0.8,2.48,-1.68,2,3,-1,0.68,40.0,49.29,44.63,0.42,0.77,155,3,9,17,21.43,22.08,13.05,6,4,15,3,13,46.3,28.25,84.93,83.92,67.57,39.09,0,Ceramica Cleopatra 3-2 Ghazl El Mehalla,2026-02-05
Ceramica Cleopatra,2.48,0.8,1.68,2.38,0.8,1.58,0.1,0.0,0.1,2.48,0.8,1.68,3,2,1,-0.68,60.0,50.71,44.57,0.77,0.42,211,12,17,9,22.08,21.43,11.03,4,6,8,3,12,117.6,71.75,16.27,16.08,105.3,60.91,0,Ceramica Cleopatra 3-2 Ghazl El Mehalla,2026-02-05
Pharco,1.61,2.37,-0.76,1.61,2.32,-0.71,0.0,0.05,-0.05,1.61,2.37,-0.76,2,2,0,0.76,51.4,52.05,46.3,1.02,0.34,146,17,12,14,11.76,41.18,10.4,3,3,20,5,11,70.5,45.48,19.67,29.86,55.5,36.27,3,Haras El Hodood 2-2 Pharco,2026-02-05
Haras El Hodood,2.37,1.61,0.76,2.32,1.61,0.71,0.05,0.0,0.05,2.37,1.61,0.76,2,2,0,-0.76,48.6,47.95,47.75,0.34,1.02,153,7,14,12,41.18,11.76,9.4,3,3,15,4,11,84.5,54.52,46.2,70.14,97.53,63.73,2,Haras El Hodood 2-2 Pharco,2026-02-05
Zamalek,3.73,1.48,2.25,3.66,1.01,2.65,0.06,0.47,-0.41,3.73,1.48,2.25,5,2,3,0.75,53.2,47.31,50.04,1.26,0.47,235,16,29,16,23.02,34.04,12.31,3,4,18,3,15,129.0,67.93,49.87,42.36,187.8,88.38,1,Kahraba Ismailia 2-5 Zamalek,2026-02-04
Kahraba Ismailia,1.48,3.73,-2.25,1.01,3.66,-2.65,0.47,0.06,0.41,1.48,3.73,-2.25,2,5,-3,-0.75,46.8,52.69,48.68,0.47,1.26,194,8,16,29,34.04,23.02,12.16,4,3,25,3,7,60.9,32.07,67.87,57.64,24.7,11.62,0,Kahraba Ismailia 2-5 Zamalek,2026-02-04
Al Masry,3.23,0.12,3.11,2.36,0.12,2.24,0.11,0.0,0.11,2.47,0.12,2.35,1,1,0,-3.11,62.6,61.14,50.46,0.99,0.52,305,18,19,5,19.19,9.62,8.31,9,2,24,6,7,140.5,76.4,31.6,21.43,80.17,52.4,0,ZED 1-1 Al Masry,2026-02-04
ZED,0.12,3.23,-3.11,0.12,2.36,-2.24,0.0,0.11,-0.11,0.12,2.47,-2.35,1,1,0,3.11,37.4,38.86,44.82,0.52,0.99,127,7,5,19,9.62,19.19,24.78,2,9,7,1,14,43.4,23.6,115.87,78.57,72.83,47.6,2,ZED 1-1 Al Masry,2026-02-04
Pyramids,1.88,0.74,1.14,1.85,0.68,1.17,0.03,0.05,-0.02,1.88,0.74,1.14,1,2,-1,-2.14,70.8,74.5,55.84,0.85,0.43,363,20,12,9,14.12,20.93,6.4,6,1,32,9,10,214.5,87.12,3.13,2.56,125.03,66.19,3,Smouha 2-1 Pyramids,2026-02-04
Smouha,0.74,1.88,-1.14,0.68,1.85,-1.17,0.05,0.03,0.02,0.74,1.88,-1.14,2,1,1,2.14,29.2,25.5,44.2,0.43,0.85,88,9,9,12,20.93,14.12,20.0,1,6,7,3,9,31.7,12.88,119.27,97.44,63.87,33.81,0,Smouha 2-1 Pyramids,2026-02-04
Al Ahly,2.45,0.96,1.49,2.44,0.88,1.56,0.01,0.08,-0.07,2.45,0.96,1.49,1,1,0,-1.49,67.0,75.41,53.5,1.29,0.7,393,18,18,7,13.95,10.0,11.74,4,5,37,6,10,217.7,87.39,14.27,9.11,111.6,59.19,0,National Bank of Egypt 1-1 Al Ahly,2026-02-03
National Bank of Egypt,0.96,2.45,-1.49,0.88,2.44,-1.56,0.08,0.01,0.07,0.96,2.45,-1.49,1,1,0,1.49,33.0,24.59,41.54,0.7,1.29,109,10,7,18,10.0,13.95,14.78,5,4,10,4,13,31.4,12.61,142.4,90.89,76.93,40.81,0,National Bank of Egypt 1-1 Al Ahly,2026-02-03
National Bank of Egypt,0.81,0.45,0.36,0.79,0.31,0.48,0.03,0.13,-0.1,0.81,0.45,0.36,1,0,1,0.64,63.2,44.49,40.46,0.31,0.4,144,9,9,7,29.03,17.5,9.08,1,4,12,3,8,62.3,59.11,7.67,6.92,36.97,24.93,1,Al Mokawloon 0-1 National Bank of Egypt,2026-01-30
Al Mokawloon,0.45,0.81,-0.36,0.31,0.79,-0.48,0.13,0.03,0.1,0.45,0.81,-0.36,0,1,-1,-0.64,36.8,55.51,50.42,0.4,0.31,152,5,7,9,17.5,29.03,10.57,4,1,13,4,18,43.1,40.89,103.2,93.08,111.3,75.07,2,Al Mokawloon 0-1 National Bank of Egypt,2026-01-30
Haras El Hodood,0.76,1.44,-0.68,0.65,1.28,-0.63,0.11,0.16,-0.05,0.76,1.44,-0.68,0,2,-2,-1.32,45.2,49.85,46.68,0.43,0.58,179,7,14,14,32.56,24.14,11.24,7,7,24,6,7,57.5,43.53,50.47,61.35,46.93,26.42,2,Al Ittihad 2-0 Haras El Hodood,2026-01-30
Al Ittihad,1.44,0.76,0.68,1.28,0.65,0.63,0.16,0.11,0.05,1.44,0.76,0.68,2,0,2,1.32,54.8,50.15,45.87,0.58,0.43,203,11,14,14,24.14,32.56,11.14,7,7,14,4,13,74.6,56.47,31.8,38.65,130.67,73.58,0,Al Ittihad 2-0 Haras El Hodood,2026-01-30
ZED,1.95,1.26,0.69,1.79,1.26,0.53,0.16,0.0,0.16,1.95,1.26,0.69,2,0,2,1.31,53.1,55.33,47.89,0.94,0.86,187,17,21,11,22.34,12.79,10.04,1,4,23,7,7,142.4,76.19,29.67,37.15,146.1,75.03,2,Pharco 0-2 ZED,2026-01-30
Pharco,1.26,1.95,-0.69,1.26,1.79,-0.53,0.0,0.16,-0.16,1.26,1.95,-0.69,0,2,-2,-1.31,46.9,44.67,45.59,0.86,0.94,140,10,11,21,12.79,22.34,13.0,4,1,19,5,10,44.5,23.81,50.2,62.85,48.63,24.97,6,Pharco 0-2 ZED,2026-01-30
El Geish,0.81,0.37,0.44,0.81,0.37,0.44,0.0,0.0,0.0,0.81,0.37,0.44,0,0,0,-0.44,52.6,55.15,47.45,0.71,0.41,176,4,7,7,9.86,17.07,7.64,3,4,19,3,18,73.9,67.3,24.8,32.95,64.47,55.29,0,Ghazl El Mehalla 0-0 El Geish,2026-01-29
Ghazl El Mehalla,0.37,0.81,-0.44,0.37,0.81,-0.44,0.0,0.0,0.0,0.37,0.81,-0.44,0,0,0,0.44,47.4,44.85,45.38,0.41,0.71,149,5,7,7,17.07,9.86,8.33,4,3,14,0,16,35.9,32.7,50.47,67.05,52.13,44.71,2,Ghazl El Mehalla 0-0 El Geish,2026-01-29
Ismaily,0.26,2.2,-1.94,0.09,2.12,-2.03,0.17,0.08,0.09,0.26,2.2,-1.94,0,1,-1,0.94,36.8,39.86,45.94,0.2,0.72,113,8,4,11,20.0,15.28,13.85,2,6,13,4,10,25.3,17.44,96.73,85.2,44.83,38.08,9,Modern 1-0 Ismaily,2026-01-29
Modern,2.2,0.26,1.94,2.12,0.09,2.03,0.08,0.17,-0.09,2.2,0.26,1.94,1,0,1,-0.94,63.2,60.14,48.27,0.72,0.2,217,6,11,4,15.28,20.0,5.71,6,2,21,7,15,119.8,82.56,16.8,14.8,72.9,61.92,1,Modern 1-0 Ismaily,2026-01-29
Smouha,0.71,2.06,-1.35,0.71,2.0,-1.29,0.0,0.06,-0.06,0.71,2.06,-1.35,2,1,1,2.35,35.8,31.7,44.63,0.41,1.47,100,4,4,13,9.76,8.84,11.66,4,13,8,0,16,13.5,7.68,84.87,89.65,37.93,26.21,1,ENPPI 1-2 Smouha,2026-01-29
ENPPI,2.06,0.71,1.35,2.0,0.71,1.29,0.06,0.0,0.06,2.06,0.71,1.35,1,2,-1,-2.35,64.2,68.3,51.25,1.47,0.41,278,17,13,4,8.84,9.76,6.05,13,4,32,7,10,162.3,92.32,9.8,10.35,106.77,73.79,2,ENPPI 1-2 Smouha,2026-01-29
Ceramica Cleopatra,2.36,1.03,1.33,0.94,1.03,-0.09,0.66,0.0,0.66,1.6,1.03,0.57,2,3,-1,-2.33,61.1,53.95,44.13,0.61,0.31,168,17,11,10,18.03,32.26,7.63,6,3,14,5,17,82.6,70.66,20.13,21.61,66.37,43.58,0,Al Masry 3-2 Ceramica Cleopatra,2026-01-28
Al Masry,1.03,2.36,-1.33,1.03,0.94,0.09,0.0,0.66,-0.66,1.03,1.6,-0.57,3,2,1,2.33,38.9,46.05,44.79,0.31,0.61,129,6,10,11,32.26,18.03,12.09,3,6,9,2,11,34.3,29.34,73.0,78.39,85.93,56.42,0,Al Masry 3-2 Ceramica Cleopatra,2026-01-28
El Gouna,1.55,1.37,0.18,0.79,1.29,-0.5,0.0,0.08,-0.08,0.79,1.37,-0.58,1,1,0,-0.18,20.3,15.17,37.67,0.19,1.74,48,3,7,18,36.84,10.34,26.33,1,4,3,0,12,10.1,3.39,176.93,100.0,40.93,23.76,2,Pyramids 1-1 El Gouna,2026-01-28
Pyramids,1.37,1.55,-0.18,1.29,0.79,0.5,0.08,0.0,0.08,1.37,0.79,0.58,1,1,0,0.18,79.7,84.83,52.46,1.74,0.19,421,25,18,7,10.34,36.84,5.62,4,1,48,7,11,287.4,96.61,0.0,0.0,131.3,76.24,1,Pyramids 1-1 El Gouna,2026-01-28
Petrojet,0.83,2.62,-1.79,0.69,1.86,-1.17,0.14,0.0,0.14,0.83,1.86,-1.03,0,2,-2,-0.21,45.5,63.27,54.52,0.88,0.84,224,9,18,12,20.45,14.29,12.65,4,3,33,7,11,115.9,62.99,87.93,92.82,133.07,60.32,0,Zamalek 2-0 Petrojet,2026-01-28
Zamalek,2.62,0.83,1.79,1.86,0.69,1.17,0.0,0.14,-0.14,1.86,0.83,1.03,2,0,2,0.21,54.5,36.73,41.47,0.84,0.88,158,7,12,18,14.29,20.45,10.0,3,4,12,3,12,68.1,37.01,6.8,7.18,87.53,39.68,0,Zamalek 2-0 Petrojet,2026-01-28
Wadi Degla,0.57,3.03,-2.46,0.38,2.2,-1.82,0.18,0.07,0.11,0.57,2.27,-1.7,1,3,-2,0.46,51.6,52.38,44.5,0.64,1.58,193,9,9,19,14.06,12.03,13.5,5,4,19,5,8,49.9,30.26,25.87,28.83,30.1,11.58,5,Al Ahly 3-1 Wadi Degla,2026-01-27
Al Ahly,3.03,0.57,2.46,2.2,0.38,1.82,0.07,0.18,-0.11,2.27,0.57,1.7,3,1,2,-0.46,48.4,47.62,47.48,1.58,0.64,187,24,19,9,12.03,14.06,12.4,4,5,16,3,11,115.0,69.74,63.87,71.17,229.8,88.42,1,Al Ahly 3-1 Wadi Degla,2026-01-27
Al Mokawloon,1.78,0.34,1.44,1.71,0.34,1.37,0.07,0.0,0.07,1.78,0.34,1.44,2,1,1,-0.44,43.5,47.64,46.0,0.44,0.52,116,13,12,5,27.27,9.62,7.15,5,2,9,4,20,76.0,50.97,59.73,85.5,98.03,75.55,6,Ismaily 1-2 Al Mokawloon,2026-01-22
Ismaily,0.34,1.78,-1.44,0.34,1.71,-1.37,0.0,0.07,-0.07,0.34,1.78,-1.44,1,2,-1,0.44,56.5,52.36,45.97,0.52,0.44,141,11,5,12,9.62,27.27,6.41,2,5,15,3,16,73.1,49.03,10.13,14.5,31.73,24.45,4,Ismaily 1-2 Al Mokawloon,2026-01-22
Kahraba Ismailia,1.48,1.11,0.37,1.47,1.11,0.36,0.01,0.0,0.01,1.48,1.11,0.37,2,1,1,0.63,44.1,36.22,40.93,0.62,0.9,110,5,9,11,14.52,12.22,14.17,4,3,20,5,10,27.2,21.37,41.27,62.72,44.03,44.19,0,Haras El Hodood 1-2 Kahraba Ismailia,2026-01-22
Haras El Hodood,1.11,1.48,-0.37,1.11,1.47,-0.36,0.0,0.01,-0.01,1.11,1.48,-0.37,1,2,-1,-0.63,55.9,63.78,48.75,0.9,0.62,207,18,11,9,12.22,14.52,9.0,3,4,24,3,18,100.1,78.63,24.53,37.28,55.6,55.81,4,Haras El Hodood 1-2 Kahraba Ismailia,2026-01-22
Ghazl El Mehalla,2.12,1.14,0.98,1.11,1.09,0.02,0.25,0.06,0.19,1.36,1.14,0.22,2,3,-1,-1.98,41.9,51.12,47.78,0.87,1.08,134,14,11,9,12.64,8.33,12.24,0,2,20,3,9,70.2,47.95,59.73,89.34,86.07,49.95,1,Wadi Degla 3-2 Ghazl El Mehalla,2026-01-22
Wadi Degla,1.14,2.12,-0.98,1.09,1.11,-0.02,0.06,0.25,-0.19,1.14,1.36,-0.22,3,2,1,1.98,58.1,48.88,44.47,1.08,0.87,160,11,9,11,8.33,12.64,7.71,2,0,19,6,15,76.2,52.05,7.13,10.66,86.23,50.05,6,Wadi Degla 3-2 Ghazl El Mehalla,2026-01-22
Pharco,1.7,1.77,-0.07,1.39,0.81,0.58,0.31,0.19,0.12,1.7,1.01,0.69,0,2,-2,-1.93,46.3,42.86,47.45,1.37,0.45,149,17,9,11,6.57,24.44,8.59,1,4,21,5,16,55.6,29.03,42.0,51.26,44.9,22.41,11,Smouha 2-0 Pharco,2026-01-21
Smouha,1.77,1.7,0.07,0.81,1.39,-0.58,0.19,0.31,-0.12,1.01,1.7,-0.69,2,0,2,1.93,53.7,57.14,52.02,0.45,1.37,200,12,11,9,24.44,6.57,8.8,4,1,26,7,13,135.9,70.97,39.93,48.74,155.47,77.59,1,Smouha 2-0 Pharco,2026-01-21
Al Ittihad,1.24,1.75,-0.51,0.46,1.24,-0.78,0.02,0.51,-0.49,0.48,1.75,-1.27,1,3,-2,-1.49,48.5,52.94,48.79,0.62,0.97,213,11,16,11,25.81,11.34,13.18,4,1,15,7,9,89.8,53.77,47.6,47.79,71.97,42.24,1,Ceramica Cleopatra 3-1 Al Ittihad,2026-01-21
Ceramica Cleopatra,1.75,1.24,0.51,1.24,0.46,0.78,0.51,0.02,0.49,1.75,0.48,1.27,3,1,2,1.49,51.5,47.06,44.31,0.97,0.62,169,15,11,16,11.34,25.81,14.17,1,4,12,6,11,77.2,46.23,52.0,52.21,98.4,57.76,0,Ceramica Cleopatra 3-1 Al Ittihad,2026-01-21
Pyramids,1.37,0.97,0.4,1.32,0.21,1.11,0.05,0.0,0.05,1.37,0.21,1.16,2,2,0,-0.4,63.4,60.0,46.43,1.13,0.43,204,21,19,7,16.81,16.28,9.48,3,4,38,11,8,149.3,77.8,9.07,11.77,118.4,64.16,4,Petrojet 2-2 Pyramids,2025-12-06
Petrojet,0.97,1.37,-0.4,0.21,1.32,-1.11,0.0,0.05,-0.05,0.21,1.37,-1.16,2,2,0,0.4,36.6,40.0,47.75,0.43,1.13,119,6,7,19,16.28,16.81,16.65,4,3,11,2,12,42.6,22.2,68.0,88.23,66.13,35.84,0,Petrojet 2-2 Pyramids,2025-12-06
Pyramids,2.72,0.31,2.41,2.45,0.27,2.18,0.27,0.05,0.22,2.72,0.31,2.41,2,1,1,-1.41,65.4,68.31,48.93,2.27,0.4,235,22,20,6,8.81,15.0,5.92,9,1,29,6,14,162.3,88.83,11.6,10.77,110.77,68.42,1,Kahraba Ismailia 1-2 Pyramids,2025-12-03
Kahraba Ismailia,0.31,2.72,-2.41,0.27,2.45,-2.18,0.05,0.27,-0.22,0.31,2.72,-2.41,1,2,-1,1.41,34.6,31.69,41.36,0.4,2.27,82,7,6,20,15.0,8.81,17.04,1,9,10,3,13,20.4,11.17,96.07,89.23,51.13,31.58,2,Kahraba Ismailia 1-2 Pyramids,2025-12-03
Al Mokawloon,0.75,2.49,-1.74,0.4,1.43,-1.03,0.35,0.3,0.05,0.75,1.73,-0.98,0,2,-2,-0.26,29.8,29.1,45.17,0.33,0.65,78,6,6,11,18.18,16.92,17.17,2,2,10,6,8,27.6,17.01,135.73,99.9,72.17,46.14,1,Pyramids 2-0 Al Mokawloon,2025-11-25
Pyramids,2.49,0.75,1.74,1.43,0.4,1.03,0.3,0.35,-0.05,1.73,0.75,0.98,2,0,2,0.26,70.2,70.9,44.18,0.65,0.33,188,12,11,6,16.92,18.18,7.08,2,2,15,4,10,134.7,82.99,0.13,0.1,84.23,53.86,0,Pyramids 2-0 Al Mokawloon,2025-11-25
Haras El Hodood,1.07,0.95,0.12,0.78,0.82,-0.04,0.29,0.13,0.16,1.07,0.95,0.12,1,3,-2,-2.12,48.0,39.8,46.46,0.34,0.98,141,6,12,14,35.29,14.29,11.27,3,3,20,6,12,45.0,29.9,36.4,75.32,47.33,31.59,1,Petrojet 3-1 Haras El Hodood,2025-11-23
Petrojet,0.95,1.07,-0.12,0.82,0.78,0.04,0.13,0.29,-0.16,0.95,1.07,-0.12,3,1,2,2.12,52.0,60.2,50.24,0.98,0.34,170,16,14,12,14.29,35.29,10.38,3,3,27,5,10,105.5,70.1,11.93,24.68,102.5,68.41,0,Petrojet 3-1 Haras El Hodood,2025-11-23
ZED,2.17,1.21,0.96,2.01,0.44,1.57,0.16,0.01,0.15,2.17,0.45,1.72,2,1,1,0.04,49.5,46.15,45.26,0.53,0.69,127,10,13,10,24.53,14.49,17.93,1,1,13,1,8,75.0,64.49,51.67,64.69,103.5,74.55,0,Kahraba Ismailia 1-2 ZED,2025-11-23
Kahraba Ismailia,1.21,2.17,-0.96,0.44,2.01,-1.57,0.01,0.16,-0.15,0.45,2.17,-1.72,1,2,-1,-0.04,50.5,53.85,46.83,0.69,0.53,142,13,10,13,14.49,24.53,14.67,1,1,23,6,9,41.3,35.51,28.2,35.31,35.33,25.45,2,Kahraba Ismailia 1-2 ZED,2025-11-23
El Gouna,1.23,2.03,-0.8,0.47,1.36,-0.89,0.0,0.67,-0.67,0.47,2.03,-1.56,2,0,2,2.8,52.2,55.75,49.76,0.66,0.67,212,6,10,13,15.15,19.4,11.21,3,3,15,3,17,78.5,50.91,53.2,45.47,62.87,55.91,1,Al Ittihad 0-2 El Gouna,2025-11-23
Al Ittihad,2.03,1.23,0.8,1.36,0.47,0.89,0.67,0.0,0.67,2.03,0.47,1.56,0,2,-2,-2.8,47.8,44.25,47.0,0.67,0.66,186,16,13,10,19.4,15.15,12.11,3,3,14,5,16,75.7,49.09,63.8,54.53,49.57,44.09,2,Al Ittihad 0-2 El Gouna,2025-11-23
ENPPI,1.04,2.89,-1.85,0.27,2.75,-2.48,0.02,0.13,-0.11,0.28,2.89,-2.61,1,1,0,1.85,39.2,39.25,46.05,0.49,1.03,133,6,7,21,14.29,20.39,11.32,5,5,11,2,19,51.1,24.51,66.13,95.11,77.5,44.52,1,El Geish 1-1 ENPPI,2025-11-22
El Geish,2.89,1.04,1.85,2.75,0.27,2.48,0.13,0.02,0.11,2.89,0.28,2.61,1,1,0,-1.85,60.8,60.75,48.66,1.03,0.49,233,17,21,7,20.39,14.29,6.29,5,5,30,3,12,157.4,75.49,3.4,4.89,96.57,55.48,1,El Geish 1-1 ENPPI,2025-11-22
National Bank of Egypt,0.41,0.61,-0.2,0.19,0.54,-0.35,0.22,0.07,0.15,0.41,0.61,-0.2,0,0,0,0.2,51.2,43.87,45.28,0.22,0.68,174,7,6,6,27.27,8.82,10.28,2,9,13,7,11,84.9,41.52,29.87,33.89,64.0,33.49,3,Modern 0-0 National Bank of Egypt,2025-11-22
Modern,0.61,0.41,0.2,0.54,0.19,0.35,0.07,0.22,-0.15,0.61,0.41,0.2,0,0,0,-0.2,48.8,56.13,48.82,0.68,0.22,192,13,6,6,8.82,27.27,9.32,9,2,19,5,12,119.6,58.48,58.27,66.11,127.1,66.51,2,Modern 0-0 National Bank of Egypt,2025-11-22
Ceramica Cleopatra,2.62,1.08,1.54,2.39,1.08,1.31,0.23,0.0,0.23,2.62,1.08,1.54,2,0,2,0.46,59.7,58.52,48.38,0.9,0.21,238,10,17,9,18.89,42.86,11.67,3,2,12,3,12,149.9,77.35,13.0,18.57,112.13,73.84,0,Pharco 0-2 Ceramica Cleopatra,2025-11-22
Pharco,1.08,2.62,-1.54,1.08,2.39,-1.31,0.0,0.23,-0.23,1.08,2.62,-1.54,0,2,-2,-0.46,40.3,41.48,47.36,0.21,0.9,164,6,9,17,42.86,18.89,13.12,2,3,15,3,13,43.9,22.65,57.0,81.43,39.73,26.16,3,Pharco 0-2 Ceramica Cleopatra,2025-11-22
National Bank of Egypt,1.32,0.77,0.55,0.45,0.68,-0.23,0.11,0.09,0.02,0.56,0.77,-0.21,1,1,0,-0.55,48.4,39.37,42.83,0.4,0.6,139,9,6,8,15.0,13.33,13.92,1,1,9,2,10,29.8,27.93,52.2,61.8,55.23,43.62,1,ZED 1-1 National Bank of Egypt,2025-11-04
ZED,0.77,1.32,-0.55,0.68,0.45,0.23,0.09,0.11,-0.02,0.77,0.56,0.21,1,1,0,0.55,51.6,60.63,48.27,0.6,0.4,207,10,8,6,13.33,15.0,16.19,1,1,13,2,9,76.9,72.07,32.27,38.2,71.4,56.38,0,ZED 1-1 National Bank of Egypt,2025-11-04
Smouha,0.27,1.07,-0.8,0.14,0.86,-0.72,0.14,0.2,-0.06,0.27,1.07,-0.8,1,1,0,0.8,39.1,39.47,44.43,0.27,0.49,95,5,6,10,22.22,20.41,11.66,3,4,8,1,13,27.0,21.86,50.73,79.69,39.0,40.12,4,Al Mokawloon 1-1 Smouha,2025-11-04
Al Mokawloon,1.07,0.27,0.8,0.86,0.14,0.72,0.2,0.14,0.06,1.07,0.27,0.8,1,1,0,-0.8,60.9,60.53,50.21,0.49,0.27,213,8,10,6,20.41,22.22,7.55,4,3,23,3,12,96.5,78.14,12.93,20.31,58.2,59.88,3,Al Mokawloon 1-1 Smouha,2025-11-04
Haras El Hodood,0.52,2.32,-1.8,0.52,2.0,-1.48,0.0,0.32,-0.32,0.52,2.32,-1.8,1,1,0,1.8,39.6,42.44,46.46,0.46,0.84,135,6,6,16,13.04,19.05,11.7,6,5,19,1,7,26.9,16.79,64.4,78.54,38.6,25.94,0,Wadi Degla 1-1 Haras El Hodood,2025-11-04
Wadi Degla,2.32,0.52,1.8,2.0,0.52,1.48,0.32,0.0,0.32,2.32,0.52,1.8,1,1,0,-1.8,60.4,57.56,48.54,0.84,0.46,237,20,16,6,19.05,13.04,10.2,5,6,29,7,10,133.3,83.21,17.6,21.46,110.2,74.06,2,Wadi Degla 1-1 Haras El Hodood,2025-11-04
Al Masry,0.01,3.03,-3.02,0.01,2.11,-2.1,0.0,0.15,-0.15,0.01,2.27,-2.26,0,0,0,3.02,36.1,21.23,41.7,0.24,1.07,99,2,1,22,4.17,20.56,14.29,0,7,2,0,11,8.4,3.1,87.27,81.3,7.03,3.5,0,Al Ahly 0-0 Al Masry,2025-11-02
Al Ahly,3.03,0.01,3.02,2.11,0.01,2.1,0.15,0.0,0.15,2.27,0.01,2.26,0,0,0,-3.02,63.9,78.77,53.86,1.07,0.24,296,19,22,1,20.56,4.17,8.26,7,0,21,7,9,262.5,96.9,20.07,18.7,193.93,96.5,0,Al Ahly 0-0 Al Masry,2025-11-02
Petrojet,1.15,2.81,-1.66,0.91,2.0,-1.09,0.24,0.06,0.18,1.15,2.05,-0.9,1,2,-1,0.66,32.2,37.83,46.61,0.75,1.39,110,8,14,16,18.67,11.51,19.5,1,2,15,2,7,34.1,18.82,117.73,100.0,106.87,70.08,0,Ceramica Cleopatra 2-1 Petrojet,2025-11-02
Ceramica Cleopatra,2.81,1.15,1.66,2.0,0.91,1.09,0.06,0.24,-0.18,2.05,1.15,0.9,2,1,1,-0.66,67.8,62.17,48.95,1.39,0.75,266,22,16,14,11.51,18.67,10.25,2,1,11,5,9,147.1,81.18,0.0,0.0,45.63,29.92,0,Ceramica Cleopatra 2-1 Petrojet,2025-11-02
Al Ittihad,0.78,2.32,-1.54,0.02,2.13,-2.11,0.0,0.19,-0.19,0.02,2.32,-2.3,1,2,-1,0.54,41.8,34.08,41.92,0.34,1.54,118,1,3,11,8.82,7.14,10.27,4,5,9,1,11,26.3,14.81,86.27,81.85,46.27,24.61,0,Pyramids 2-1 Al Ittihad,2025-11-02
Pyramids,2.32,0.78,1.54,2.13,0.02,2.11,0.19,0.0,0.19,2.32,0.02,2.3,2,1,1,-0.54,58.2,65.92,46.37,1.54,0.34,219,18,11,3,7.14,8.82,10.62,5,4,29,7,16,151.3,85.19,19.13,18.15,141.73,75.39,3,Pyramids 2-1 Al Ittihad,2025-11-02
El Geish,1.43,1.7,-0.27,1.42,1.7,-0.28,0.0,0.0,0.0,1.43,1.7,-0.27,1,3,-2,-1.73,39.1,55.3,51.9,0.99,0.98,220,12,12,11,12.12,11.22,17.41,5,6,14,3,7,99.8,55.26,118.73,86.25,130.82,50.51,3,Zamalek 3-1 El Geish,2025-11-02
Zamalek,1.7,1.43,0.27,1.7,1.42,0.28,0.0,0.0,0.0,1.7,1.43,0.27,3,1,2,1.73,60.9,44.7,39.49,0.98,0.99,173,11,11,12,11.22,12.12,11.12,6,5,9,1,11,80.8,44.74,18.93,13.75,128.16,49.49,0,Zamalek 3-1 El Geish,2025-11-02
Kahraba Ismailia,1.01,1.06,-0.05,0.82,0.79,0.03,0.19,0.27,-0.08,1.01,1.06,-0.05,1,2,-1,-0.95,51.9,51.47,39.9,0.26,0.51,98,9,10,12,38.46,23.53,8.44,1,0,14,3,7,43.3,37.92,15.53,30.81,37.83,27.61,3,Ismaily 2-1 Kahraba Ismailia,2025-11-01
Ismaily,1.06,1.01,0.05,0.79,0.82,-0.03,0.27,0.19,0.08,1.06,1.01,0.05,2,1,1,0.95,48.1,48.53,45.83,0.51,0.26,120,7,12,10,23.53,38.46,10.4,0,1,11,3,14,70.9,62.08,34.87,69.19,99.17,72.39,2,Ismaily 2-1 Kahraba Ismailia,2025-11-01
Pharco,1.14,0.66,0.48,1.03,0.53,0.5,0.11,0.13,-0.02,1.14,0.66,0.48,1,0,1,0.52,49.4,45.22,46.14,0.6,0.92,175,7,10,11,16.67,11.96,10.45,1,5,18,8,24,77.8,44.2,51.33,47.3,70.83,54.81,5,El Gouna 0-1 Pharco,2025-11-01
El Gouna,0.66,1.14,-0.48,0.53,1.03,-0.5,0.13,0.11,0.02,0.66,1.14,-0.48,0,1,-1,-0.52,50.6,54.78,45.17,0.92,0.6,164,14,11,10,11.96,16.67,10.27,5,1,25,5,4,98.2,55.8,57.2,52.7,58.4,45.19,1,El Gouna 0-1 Pharco,2025-11-01
Modern,1.29,0.66,0.63,0.53,0.53,0.0,0.0,0.13,-0.13,0.53,0.66,-0.13,0,0,0,-0.63,54.2,43.23,42.78,0.41,0.47,144,6,7,6,17.07,12.77,7.97,4,1,14,2,13,44.1,38.45,9.6,13.02,20.97,17.05,0,Ghazl El Mehalla 0-0 Modern,2025-11-01
Ghazl El Mehalla,0.66,1.29,-0.63,0.53,0.53,0.0,0.13,0.0,0.13,0.66,0.53,0.13,0,0,0,0.63,45.8,56.77,46.16,0.47,0.41,151,8,6,7,12.77,17.07,19.22,1,4,27,6,12,70.6,61.55,64.13,86.98,102.0,82.95,1,Ghazl El Mehalla 0-0 Modern,2025-11-01
Zamalek,1.75,0.85,0.9,1.63,0.09,1.54,0.12,0.0,0.12,1.75,0.09,1.66,1,1,0,-0.9,53.7,51.87,46.28,0.65,0.65,193,13,11,3,16.92,4.62,9.72,3,1,12,1,10,89.2,66.47,17.67,25.58,72.93,53.86,0,National Bank of Egypt 1-1 Zamalek,2025-10-30
National Bank of Egypt,0.85,1.75,-0.9,0.09,1.63,-1.54,0.0,0.12,-0.12,0.09,1.75,-1.66,1,1,0,0.9,46.3,48.13,44.38,0.65,0.65,156,7,3,11,4.62,16.92,13.69,1,3,6,1,16,45.0,33.53,51.4,74.42,62.47,46.14,0,National Bank of Egypt 1-1 Zamalek,2025-10-30
Al Ahly,3.37,0.61,2.76,2.07,0.61,1.46,1.3,0.0,1.3,3.37,0.61,2.76,1,1,0,-2.76,78.7,80.57,51.93,1.53,0.38,346,30,23,7,15.03,18.42,3.38,6,2,46,15,13,281.3,98.01,0.73,0.5,164.4,79.68,1,Petrojet 1-1 Al Ahly,2025-10-29
Petrojet,0.61,3.37,-2.76,0.61,2.07,-1.46,0.0,1.3,-1.3,0.61,3.37,-2.76,1,1,0,2.76,21.3,19.43,44.28,0.38,1.53,67,6,7,23,18.42,15.03,12.14,2,6,8,1,24,5.7,1.99,144.87,99.5,41.93,20.32,0,Petrojet 1-1 Al Ahly,2025-10-29
Wadi Degla,1.19,0.29,0.9,1.08,0.18,0.9,0.11,0.1,0.01,1.19,0.29,0.9,2,1,1,0.1,52.8,57.69,45.21,0.93,0.44,178,10,9,4,9.68,9.09,7.61,2,6,16,3,22,96.1,71.56,31.4,31.23,78.93,64.96,1,Al Ittihad 1-2 Wadi Degla,2025-10-27
Al Ittihad,0.29,1.19,-0.9,0.18,1.08,-0.9,0.1,0.11,-0.01,0.29,1.19,-0.9,1,2,-1,-0.1,47.2,42.31,43.62,0.44,0.93,141,4,4,9,9.09,9.68,7.95,6,2,19,3,13,38.2,28.44,69.13,68.77,42.57,35.04,2,Al Ittihad 1-2 Wadi Degla,2025-10-27
El Gouna,0.77,1.63,-0.86,0.77,0.87,-0.1,0.0,0.0,0.0,0.77,0.87,-0.1,1,0,1,1.86,38.2,33.04,41.6,0.43,0.54,96,4,8,12,18.6,22.22,9.72,6,11,7,1,15,28.5,25.86,54.07,86.1,47.07,48.28,4,Smouha 0-1 El Gouna,2025-10-27
Smouha,1.63,0.77,0.86,0.87,0.77,0.1,0.0,0.0,0.0,0.87,0.77,0.1,0,1,-1,-1.86,61.8,66.96,47.62,0.54,0.43,203,16,12,8,22.22,18.6,7.03,11,6,16,3,11,81.7,74.14,8.73,13.9,50.43,51.72,2,Smouha 0-1 El Gouna,2025-10-27
ZED,0.68,2.98,-2.3,0.68,2.96,-2.28,0.0,0.02,-0.02,0.68,2.98,-2.3,2,2,0,2.3,64.9,53.31,45.82,0.72,2.07,254,10,8,16,11.11,7.73,12.22,0,4,30,4,10,76.3,43.53,4.13,2.9,26.8,10.8,1,El Geish 2-2 ZED,2025-10-26
El Geish,2.98,0.68,2.3,2.96,0.68,2.28,0.02,0.0,0.02,2.98,0.68,2.3,2,2,0,-2.3,35.1,46.69,51.79,2.07,0.72,167,17,16,8,7.73,11.11,15.35,4,0,25,5,12,99.0,56.47,138.47,97.1,221.33,89.2,1,El Geish 2-2 ZED,2025-10-26
Ismaily,1.65,0.97,0.68,1.52,0.89,0.63,0.13,0.08,0.05,1.65,0.97,0.68,0,1,-1,-1.68,48.4,48.33,47.56,0.65,0.46,170,12,13,9,20.0,19.57,10.42,2,7,18,5,9,43.8,46.2,50.27,70.14,50.13,54.31,7,Pharco 1-0 Ismaily,2025-10-26
Pharco,0.97,1.65,-0.68,0.89,1.52,-0.63,0.08,0.13,-0.05,0.97,1.65,-0.68,1,0,1,1.68,51.6,51.67,47.88,0.46,0.65,181,11,9,13,19.57,20.0,7.5,7,2,7,2,17,51.0,53.8,21.4,29.86,42.17,45.69,7,Pharco 1-0 Ismaily,2025-10-26
Ceramica Cleopatra,1.03,1.41,-0.38,1.03,1.32,-0.29,0.0,0.09,-0.09,1.03,1.41,-0.38,1,0,1,1.38,65.9,59.3,47.91,0.62,0.29,240,11,7,12,11.29,41.38,5.26,4,2,7,2,21,95.8,67.75,16.07,15.19,59.47,39.7,0,Kahraba Ismailia 0-1 Ceramica Cleopatra,2025-10-26
Kahraba Ismailia,1.41,1.03,0.38,1.32,1.03,0.29,0.09,0.0,0.09,1.41,1.03,0.38,0,1,-1,-1.38,34.1,40.7,41.66,0.29,0.62,110,4,12,7,41.38,11.29,10.62,2,4,17,6,17,45.6,32.25,89.73,84.81,90.33,60.3,3,Kahraba Ismailia 0-1 Ceramica Cleopatra,2025-10-26
Al Mokawloon,1.88,1.54,0.34,1.74,0.45,1.29,0.13,0.33,-0.2,1.88,0.78,1.1,2,1,1,0.66,51.6,47.51,45.71,1.04,0.86,129,10,13,8,12.5,9.3,6.55,2,1,20,10,14,87.4,52.65,17.87,29.98,77.6,46.25,1,Modern 1-2 Al Mokawloon,2025-10-25
Modern,1.54,1.88,-0.34,0.45,1.74,-1.29,0.33,0.13,0.2,0.78,1.88,-1.1,1,2,-1,-0.66,48.4,52.49,49.25,0.86,1.04,137,11,8,13,9.3,12.5,12.67,1,2,26,7,10,78.6,47.35,41.73,70.02,90.17,53.75,1,Modern 1-2 Al Mokawloon,2025-10-25
Ghazl El Mehalla,1.26,1.22,0.04,1.14,0.95,0.19,0.12,0.27,-0.15,1.26,1.22,0.04,0,0,0,-0.04,40.5,37.58,46.34,0.32,0.68,137,11,10,15,31.25,22.06,10.13,7,4,11,3,12,71.5,36.84,28.13,58.6,66.13,37.77,0,Haras El Hodood 0-0 Ghazl El Mehalla,2025-10-25
Haras El Hodood,1.22,1.26,-0.04,0.95,1.14,-0.19,0.27,0.12,0.15,1.22,1.26,-0.04,0,0,0,0.04,59.5,62.42,52.08,0.68,0.32,231,20,15,10,22.06,31.25,6.23,4,7,31,10,16,122.6,63.16,19.87,41.4,108.97,62.23,4,Haras El Hodood 0-0 Ghazl El Mehalla,2025-10-25
Smouha,1.76,0.66,1.1,1.76,0.66,1.1,0.0,0.0,0.0,1.76,0.66,1.1,0,0,0,-1.1,47.6,55.17,49.81,1.38,0.48,183,18,11,5,7.97,10.42,8.79,6,4,29,4,12,91.6,70.73,66.73,70.35,123.67,79.77,2,Al Masry 0-0 Smouha,2025-10-22
Al Masry,0.66,1.76,-1.1,0.66,1.76,-1.1,0.0,0.0,0.0,0.66,1.76,-1.1,0,0,0,1.1,52.4,44.83,42.79,0.48,1.38,156,5,5,11,10.42,7.97,9.13,4,6,11,5,12,37.9,29.27,28.13,29.65,31.37,20.23,0,Al Masry 0-0 Smouha,2025-10-22
Al Ittihad,1.82,1.45,0.37,1.35,0.69,0.66,0.47,0.0,0.47,1.82,0.69,1.13,1,2,-1,-1.37,37.6,37.31,47.29,0.75,0.38,130,7,10,13,13.33,34.21,19.65,3,1,12,6,10,47.1,32.39,107.6,87.01,53.37,51.68,0,Al Ahly 2-1 Al Ittihad,2025-10-22
Al Ahly,1.45,1.82,-0.37,0.69,1.35,-0.66,0.0,0.47,-0.47,0.69,1.82,-1.13,2,1,1,1.37,62.4,62.69,48.44,0.38,0.75,222,6,13,10,34.21,13.33,10.12,1,3,18,6,10,98.3,67.61,16.07,12.99,49.9,48.32,0,Al Ahly 2-1 Al Ittihad,2025-10-22
Pharco,0.27,2.26,-1.99,0.27,2.12,-1.85,0.0,0.14,-0.14,0.27,2.26,-1.99,0,2,-2,-0.01,36.0,31.5,43.62,0.24,1.11,120,2,2,19,8.33,17.12,26.38,3,9,8,3,8,15.1,6.96,96.6,89.72,13.5,6.0,2,Pyramids 2-0 Pharco,2025-10-21
Pyramids,2.26,0.27,1.99,2.12,0.27,1.85,0.14,0.0,0.14,2.26,0.27,1.99,2,0,2,0.01,64.0,68.5,49.62,1.11,0.24,277,18,19,2,17.12,8.33,9.33,9,3,28,10,7,201.9,93.04,11.07,10.28,211.53,94.0,2,Pyramids 2-0 Pharco,2025-10-21
El Geish,0.95,2.03,-1.08,0.73,1.76,-1.03,0.22,0.27,-0.05,0.95,2.03,-1.08,0,2,-2,-0.92,43.7,63.95,52.73,0.57,0.65,214,14,15,9,26.32,13.85,14.1,2,4,24,10,11,128.1,72.13,85.13,94.74,135.47,79.89,2,Ceramica Cleopatra 2-0 El Geish,2025-10-19
Ceramica Cleopatra,2.03,0.95,1.08,1.76,0.73,1.03,0.27,0.22,0.05,2.03,0.95,1.08,2,0,2,0.92,56.3,36.05,41.4,0.65,0.57,161,12,9,15,13.85,26.32,9.21,4,2,5,1,18,49.5,27.87,4.73,5.26,34.1,20.11,0,Ceramica Cleopatra 2-0 El Geish,2025-10-19
Petrojet,1.18,1.95,-0.77,1.18,1.46,-0.28,0.0,0.49,-0.49,1.18,1.95,-0.77,1,2,-1,-0.23,46.2,56.39,50.08,0.61,0.52,200,9,9,17,14.75,32.69,9.05,3,4,20,4,15,50.5,34.45,47.4,56.52,55.6,38.09,0,ZED 2-1 Petrojet,2025-10-19
ZED,1.95,1.18,0.77,1.46,1.18,0.28,0.49,0.0,0.49,1.95,1.18,0.77,2,1,1,0.23,53.8,43.61,44.46,0.52,0.61,163,11,17,9,32.69,14.75,8.49,4,3,10,6,17,96.1,65.55,36.47,43.48,90.37,61.91,3,ZED 2-1 Petrojet,2025-10-19
Haras El Hodood,1.59,1.47,0.12,1.21,1.46,-0.25,0.37,0.01,0.36,1.59,1.47,0.12,1,3,-2,-2.12,52.6,52.74,47.47,1.36,0.91,193,14,12,12,8.82,13.19,8.09,2,5,20,4,24,107.7,58.0,20.73,23.83,95.4,51.64,3,Ismaily 3-1 Haras El Hodood,2025-10-18
Ismaily,1.47,1.59,-0.12,1.46,1.21,0.25,0.01,0.37,-0.36,1.47,1.59,-0.12,3,1,2,2.12,47.4,47.26,46.78,0.91,1.36,157,12,12,12,13.19,8.82,10.16,5,2,12,1,11,78.0,42.0,66.27,76.17,89.33,48.36,4,Ismaily 3-1 Haras El Hodood,2025-10-18
National Bank of Egypt,1.59,0.66,0.93,0.83,0.66,0.17,0.0,0.0,0.0,0.83,0.66,0.17,3,0,3,2.07,52.9,50.0,44.01,0.77,0.78,170,17,10,9,12.99,11.54,13.7,6,8,13,2,10,70.5,52.03,6.13,8.85,64.83,58.64,1,El Gouna 0-3 National Bank of Egypt,2025-10-18
El Gouna,0.66,1.59,-0.93,0.66,0.83,-0.17,0.0,0.0,0.0,0.66,0.83,-0.17,0,3,-3,-2.07,47.1,50.0,44.77,0.78,0.77,151,11,9,10,11.54,12.99,15.65,8,6,17,6,7,65.0,47.97,63.13,91.15,45.73,41.36,4,El Gouna 0-3 National Bank of Egypt,2025-10-18
Kahraba Ismailia,0.75,0.83,-0.08,0.75,0.72,0.03,0.0,0.11,-0.11,0.75,0.83,-0.08,0,1,-1,-0.92,44.5,43.01,46.17,0.5,1.04,137,6,4,11,8.0,10.58,15.71,3,2,17,5,9,33.3,27.25,45.6,57.29,27.9,24.69,2,Ghazl El Mehalla 1-0 Kahraba Ismailia,2025-10-17
Ghazl El Mehalla,0.83,0.75,0.08,0.72,0.75,-0.03,0.11,0.0,0.11,0.83,0.75,0.08,1,0,1,0.92,55.5,56.99,48.68,1.04,0.5,198,14,11,4,10.58,8.0,10.84,2,3,23,4,12,88.9,72.75,34.0,42.71,85.1,75.31,0,Ghazl El Mehalla 1-0 Kahraba Ismailia,2025-10-17
ENPPI,0.64,1.24,-0.6,0.64,1.03,-0.39,0.0,0.21,-0.21,0.64,1.24,-0.6,1,1,0,0.6,58.1,51.94,46.64,0.48,0.72,195,7,6,9,12.5,12.5,7.71,10,4,16,3,8,61.4,40.34,15.53,18.44,21.13,16.15,2,Al Mokawloon 1-1 ENPPI,2025-10-17
Al Mokawloon,1.24,0.64,0.6,1.03,0.64,0.39,0.21,0.0,0.21,1.24,0.64,0.6,1,1,0,-0.6,41.9,48.06,49.58,0.72,0.48,151,18,9,6,12.5,12.5,14.59,4,10,18,7,11,90.8,59.66,68.67,81.56,109.67,83.85,0,Al Mokawloon 1-1 ENPPI,2025-10-17
Modern,0.61,2.06,-1.45,0.41,1.94,-1.53,0.2,0.12,0.08,0.61,2.06,-1.45,2,1,1,2.45,41.4,37.23,42.58,0.97,0.94,113,7,6,11,6.19,11.7,8.66,4,6,17,4,16,28.3,20.07,68.67,90.67,70.0,60.09,0,Wadi Degla 1-2 Modern,2025-10-17
Wadi Degla,2.06,0.61,1.45,1.94,0.41,1.53,0.12,0.2,-0.08,2.06,0.61,1.45,1,2,-1,-2.45,58.6,62.77,50.11,0.94,0.97,213,12,11,6,11.7,6.19,6.24,6,4,26,5,13,112.7,79.93,7.07,9.33,46.5,39.91,3,Wadi Degla 1-2 Modern,2025-10-17
Wadi Degla,1.13,1.2,-0.07,0.86,0.98,-0.12,0.27,0.22,0.05,1.13,1.2,-0.07,0,0,0,0.07,62.8,60.06,48.39,0.51,0.69,250,14,13,13,25.49,18.84,14.89,3,6,23,6,10,138.3,74.16,16.0,13.95,88.33,52.2,1,Pharco 0-0 Wadi Degla,2025-10-05
Pharco,1.2,1.13,0.07,0.98,0.86,0.12,0.22,0.27,-0.05,1.2,1.13,0.07,0,0,0,-0.07,37.2,39.94,44.67,0.69,0.51,134,13,13,13,18.84,25.49,10.92,6,3,18,3,12,48.2,25.84,98.67,86.05,80.9,47.8,5,Pharco 0-0 Wadi Degla,2025-10-05
ZED,3.21,1.37,1.84,3.16,1.07,2.09,0.04,0.3,-0.26,3.21,1.37,1.84,0,1,-1,-2.84,62.9,70.18,53.94,2.22,0.56,280,30,19,14,8.56,25.0,6.81,9,1,35,6,5,219.3,80.71,12.53,15.37,159.3,71.38,4,ENPPI 1-0 ZED,2025-10-05
ENPPI,1.37,3.21,-1.84,1.07,3.16,-2.09,0.3,0.04,0.26,1.37,3.21,-1.84,1,0,1,2.84,37.1,29.82,45.8,0.56,2.22,113,8,14,19,25.0,8.56,13.08,1,9,10,2,17,52.4,19.29,69.0,84.63,63.87,28.62,2,ENPPI 1-0 ZED,2025-10-05
Al Ahly,1.15,0.94,0.21,1.07,0.94,0.13,0.07,0.0,0.07,1.15,0.94,0.21,4,2,2,1.79,56.0,63.38,52.46,0.68,0.63,243,12,9,9,13.24,14.29,9.21,8,6,14,5,7,106.2,71.61,7.4,10.89,90.23,79.92,0,Kahraba Ismailia 2-4 Al Ahly,2025-10-04
Kahraba Ismailia,0.94,1.15,-0.21,0.94,1.07,-0.13,0.0,0.07,-0.07,0.94,1.15,-0.21,2,4,-2,-1.79,44.0,36.62,46.44,0.63,0.68,129,6,9,9,14.29,13.24,11.21,6,8,18,6,10,42.1,28.39,60.53,89.11,22.67,20.08,1,Kahraba Ismailia 2-4 Al Ahly,2025-10-04
Ceramica Cleopatra,1.6,0.6,1.0,1.56,0.6,0.96,0.03,0.0,0.03,1.6,0.6,1.0,3,0,3,2.0,63.7,55.97,44.57,0.64,0.35,240,10,10,8,15.62,22.86,12.57,3,1,10,6,10,106.2,74.79,14.4,10.77,73.9,51.76,0,Haras El Hodood 0-3 Ceramica Cleopatra,2025-10-04
Haras El Hodood,0.6,1.6,-1.0,0.6,1.56,-0.96,0.0,0.03,-0.03,0.6,1.6,-1.0,0,3,-3,-2.0,36.3,44.03,42.55,0.35,0.64,119,5,8,10,22.86,15.62,14.08,1,3,10,2,8,35.8,25.21,119.27,89.23,68.87,48.24,0,Haras El Hodood 0-3 Ceramica Cleopatra,2025-10-04
El Gouna,0.99,1.24,-0.25,0.9,1.11,-0.21,0.09,0.14,-0.05,0.99,1.24,-0.25,1,0,1,1.25,45.9,34.44,44.02,0.39,1.14,128,6,8,12,20.51,10.53,8.47,4,6,15,4,12,35.6,23.83,25.6,55.74,36.47,29.93,2,El Geish 0-1 El Gouna,2025-10-04
El Geish,1.24,0.99,0.25,1.11,0.9,0.21,0.14,0.09,0.05,1.24,0.99,0.25,0,1,-1,-1.25,54.1,65.56,51.38,1.14,0.39,201,23,12,8,10.53,20.51,7.46,6,4,34,7,19,113.8,76.17,20.33,44.26,85.4,70.07,6,El Geish 0-1 El Gouna,2025-10-04
Ghazl El Mehalla,1.01,2.6,-1.59,1.01,1.82,-0.81,0.0,0.78,-0.78,1.01,2.6,-1.59,1,1,0,1.59,33.6,28.38,42.78,0.71,1.33,93,4,3,24,4.23,18.05,16.44,1,3,10,1,14,9.8,4.57,94.53,92.56,30.87,17.24,0,Zamalek 1-1 Ghazl El Mehalla,2025-10-04
Zamalek,2.6,1.01,1.59,1.82,1.01,0.81,0.78,0.0,0.78,2.6,1.01,1.59,1,1,0,-1.59,66.4,71.62,48.34,1.33,0.71,274,26,24,3,18.05,4.23,6.94,3,1,38,10,6,204.6,95.43,7.6,7.44,148.23,82.76,3,Zamalek 1-1 Ghazl El Mehalla,2025-10-04
Al Mokawloon,0.58,1.27,-0.69,0.52,1.16,-0.64,0.06,0.11,-0.05,0.58,1.27,-0.69,1,2,-1,-0.31,50.9,51.02,46.55,0.38,0.54,157,7,5,9,13.16,16.67,5.89,7,3,14,5,20,39.3,37.22,25.6,40.25,22.6,23.97,3,Al Ittihad 2-1 Al Mokawloon,2025-10-03
Al Ittihad,1.27,0.58,0.69,1.16,0.52,0.64,0.11,0.06,0.05,1.27,0.58,0.69,2,1,1,0.31,49.1,48.98,47.9,0.54,0.38,144,6,9,5,16.67,13.16,7.6,3,7,14,3,14,66.3,62.78,38.0,59.75,71.7,76.03,1,Al Ittihad 2-1 Al Mokawloon,2025-10-03
Al Masry,1.28,1.8,-0.52,1.28,1.8,-0.52,0.0,0.0,0.0,1.28,1.8,-0.52,1,0,1,1.52,39.2,33.76,44.08,0.57,1.15,113,7,9,14,15.79,12.17,14.36,1,4,4,2,7,30.7,19.94,75.07,83.47,55.6,47.08,0,National Bank of Egypt 0-1 Al Masry,2025-10-03
National Bank of Egypt,1.8,1.28,0.52,1.8,1.28,0.52,0.0,0.0,0.0,1.8,1.28,0.52,0,1,-1,-1.52,60.8,66.24,49.57,1.15,0.57,232,14,14,9,12.17,15.79,9.96,4,1,21,4,8,123.3,80.06,14.87,16.53,62.5,52.92,2,National Bank of Egypt 0-1 Al Masry,2025-10-03
Ismaily,0.92,2.02,-1.1,0.92,2.02,-1.1,0.0,0.0,0.0,0.92,2.02,-1.1,0,2,-2,-0.9,47.2,55.11,48.03,1.11,0.94,187,14,8,14,7.21,14.89,12.43,4,7,16,5,11,53.8,40.12,45.33,63.97,48.33,32.29,3,Smouha 2-0 Ismaily,2025-10-03
Smouha,2.02,0.92,1.1,2.02,0.92,1.1,0.0,0.0,0.0,2.02,0.92,1.1,2,0,2,0.9,52.8,44.89,46.0,0.94,1.11,170,15,14,8,14.89,7.21,9.53,7,4,15,3,15,80.3,59.88,25.53,36.03,101.33,67.71,3,Smouha 2-0 Ismaily,2025-10-03
Zamalek,1.17,2.0,-0.83,0.36,1.13,-0.77,0.05,0.11,-0.06,0.41,1.24,-0.83,1,2,-1,-0.17,37.2,26.3,38.31,0.56,1.15,76,10,6,18,10.71,15.65,12.74,1,6,7,0,6,22.9,9.74,69.27,68.22,23.63,15.14,0,Al Ahly 2-1 Zamalek,2025-09-29
Al Ahly,2.0,1.17,0.83,1.13,0.36,0.77,0.11,0.05,0.06,1.24,0.41,0.83,2,1,1,0.17,62.8,73.7,53.95,1.15,0.56,302,14,18,6,15.65,10.71,8.73,6,1,23,5,16,212.3,90.26,32.27,31.78,132.43,84.86,0,Al Ahly 2-1 Zamalek,2025-09-29
Ceramica Cleopatra,1.76,1.58,0.18,0.47,0.66,-0.19,0.53,0.16,0.37,1.0,0.82,0.18,1,1,0,-0.18,69.7,67.13,48.71,0.96,0.48,272,19,10,13,10.42,27.08,7.3,4,7,17,5,12,148.2,85.52,1.33,0.97,54.77,44.18,0,El Gouna 1-1 Ceramica Cleopatra,2025-09-29
El Gouna,1.58,1.76,-0.18,0.66,0.47,0.19,0.16,0.53,-0.37,0.82,1.0,-0.18,1,1,0,0.18,30.3,32.87,42.22,0.48,0.96,85,8,13,10,27.08,10.42,14.23,7,4,13,4,11,25.1,14.48,135.87,99.03,69.2,55.82,6,El Gouna 1-1 Ceramica Cleopatra,2025-09-29
National Bank of Egypt,1.66,1.77,-0.11,1.66,0.37,1.29,0.0,0.64,-0.64,1.66,1.01,0.65,2,1,1,1.11,63.8,51.19,44.62,0.43,0.37,225,12,13,8,30.23,21.62,7.25,6,6,10,4,15,105.2,69.07,7.93,5.94,76.27,44.93,0,Ismaily 1-2 National Bank of Egypt,2025-09-29
Ismaily,1.77,1.66,0.11,0.37,1.66,-1.29,0.64,0.0,0.64,1.01,1.66,-0.65,1,2,-1,-1.11,36.2,48.81,47.97,0.37,0.43,145,5,8,13,21.62,30.23,13.32,6,6,25,4,10,47.1,30.93,125.67,94.06,93.5,55.07,3,Ismaily 1-2 National Bank of Egypt,2025-09-29
ENPPI,0.33,1.12,-0.79,0.21,1.06,-0.85,0.12,0.05,0.07,0.33,1.12,-0.79,0,0,0,0.79,53.3,45.93,43.93,0.5,0.57,145,7,4,14,8.0,24.56,7.83,2,6,15,5,15,38.2,25.18,19.93,25.8,20.07,13.13,0,Ghazl El Mehalla 0-0 ENPPI,2025-09-28
Ghazl El Mehalla,1.12,0.33,0.79,1.06,0.21,0.85,0.05,0.12,-0.07,1.12,0.33,0.79,0,0,0,-0.79,46.7,54.07,48.1,0.57,0.5,159,10,14,4,24.56,8.0,13.19,6,2,15,3,12,113.5,74.82,57.33,74.2,132.77,86.87,4,Ghazl El Mehalla 0-0 ENPPI,2025-09-28
Smouha,1.47,1.43,0.04,1.29,1.43,-0.14,0.18,0.0,0.18,1.47,1.43,0.04,1,1,0,-0.04,46.8,45.85,47.09,1.08,0.78,146,16,7,9,6.48,11.54,9.61,4,4,22,2,6,51.9,33.99,36.87,60.97,45.83,35.86,5,Wadi Degla 1-1 Smouha,2025-09-28
Wadi Degla,1.43,1.47,-0.04,1.43,1.29,0.14,0.0,0.18,-0.18,1.43,1.47,-0.04,1,1,0,0.04,53.2,54.15,48.46,0.78,1.08,165,13,9,7,11.54,6.48,12.4,4,4,18,3,18,100.8,66.01,23.6,39.03,81.97,64.14,7,Wadi Degla 1-1 Smouha,2025-09-28
Pharco,0.92,1.67,-0.75,0.8,0.84,-0.04,0.12,0.83,-0.71,0.92,1.67,-0.75,1,1,0,0.75,35.9,26.62,41.09,0.35,0.9,92,7,5,18,14.29,20.0,12.73,2,4,14,4,13,28.7,12.71,93.47,88.85,52.7,33.62,3,Modern 1-1 Pharco,2025-09-28
Modern,1.67,0.92,0.75,0.84,0.8,0.04,0.83,0.12,0.71,1.67,0.92,0.75,1,1,0,-0.75,64.1,73.38,47.96,0.9,0.35,235,18,18,5,20.0,14.29,9.21,4,2,45,11,14,197.1,87.29,11.73,11.15,104.07,66.38,0,Modern 1-1 Pharco,2025-09-28
El Geish,0.24,2.14,-1.9,0.24,2.14,-1.9,0.0,0.0,0.0,0.24,2.14,-1.9,0,4,-4,-2.1,38.1,45.97,46.06,0.3,0.59,148,4,4,16,13.33,27.12,16.58,4,6,13,3,6,16.6,14.31,119.6,95.07,37.4,24.22,4,Pyramids 4-0 El Geish,2025-09-27
Pyramids,2.14,0.24,1.9,2.14,0.24,1.9,0.0,0.0,0.0,2.14,0.24,1.9,4,0,4,2.1,61.9,54.03,43.93,0.59,0.3,212,14,16,4,27.12,13.33,10.71,6,4,15,3,11,99.4,85.69,6.2,4.93,117.0,75.78,1,Pyramids 4-0 El Geish,2025-09-27
Petrojet,1.75,3.04,-1.29,0.99,2.67,-1.68,0.0,0.37,-0.37,0.99,3.04,-2.05,3,2,1,2.29,36.6,44.19,50.0,1.03,1.28,141,15,7,15,6.8,11.72,13.0,5,3,16,3,12,53.7,29.06,84.87,84.36,73.57,56.85,1,Al Masry 2-3 Petrojet,2025-09-27
Al Masry,3.04,1.75,1.29,2.67,0.99,1.68,0.37,0.0,0.37,3.04,0.99,2.05,2,3,-1,-2.29,63.4,55.81,45.51,1.28,1.03,204,18,15,7,11.72,6.8,9.39,3,5,21,10,8,131.1,70.94,15.73,15.64,55.83,43.15,1,Al Masry 2-3 Petrojet,2025-09-27
Haras El Hodood,0.65,1.67,-1.02,0.48,1.58,-1.1,0.18,0.09,0.09,0.65,1.67,-1.02,1,0,1,2.02,38.1,31.4,43.61,0.3,1.35,94,6,7,17,23.33,12.59,15.29,2,6,7,3,17,35.8,19.01,67.53,75.26,55.03,40.45,0,ZED 0-1 Haras El Hodood,2025-09-27
ZED,1.67,0.65,1.02,1.58,0.48,1.1,0.09,0.18,-0.09,1.67,0.65,1.02,0,1,-1,-2.02,61.9,68.6,50.79,1.35,0.3,255,21,17,7,12.59,23.33,8.16,6,2,32,5,3,152.5,80.99,22.2,24.74,81.0,59.55,4,ZED 0-1 Haras El Hodood,2025-09-27
Kahraba Ismailia,1.87,2.07,-0.2,1.66,1.83,-0.17,0.21,0.24,-0.03,1.87,2.07,-0.2,1,0,1,1.2,46.4,46.21,46.01,0.56,0.44,142,10,16,14,28.57,31.82,13.56,1,3,20,10,12,82.4,48.84,33.2,66.04,94.63,63.58,1,Al Mokawloon 0-1 Kahraba Ismailia,2025-09-27
Al Mokawloon,2.07,1.87,0.2,1.83,1.66,0.17,0.24,0.21,0.03,2.07,1.87,0.2,0,1,-1,-1.2,53.6,53.79,46.6,0.44,0.56,198,9,14,16,31.82,28.57,9.8,3,1,10,6,12,86.3,51.16,17.07,33.96,54.2,36.42,5,Al Mokawloon 0-1 Kahraba Ismailia,2025-09-27
Wadi Degla,1.12,2.13,-1.01,0.27,1.37,-1.1,0.86,0.0,0.86,1.12,1.37,-0.25,1,1,0,1.01,43.4,45.06,49.21,0.6,0.48,125,11,8,12,13.33,25.0,13.19,1,4,23,9,14,48.8,35.59,34.53,82.49,58.17,43.04,4,National Bank of Egypt 1-1 Wadi Degla,2025-09-24
National Bank of Egypt,2.13,1.12,1.01,1.37,0.27,1.1,0.0,0.86,-0.86,1.37,1.12,0.25,1,1,0,-1.01,56.6,54.94,46.03,0.48,0.6,150,11,12,8,25.0,13.33,6.34,4,1,11,3,12,88.3,64.41,7.33,17.51,76.97,56.96,3,National Bank of Egypt 1-1 Wadi Degla,2025-09-24
Modern,1.22,2.17,-0.95,1.19,1.85,-0.66,0.02,0.33,-0.31,1.22,2.17,-0.95,0,2,-2,-1.05,44.1,46.49,48.67,0.46,0.6,165,4,8,18,17.39,30.0,12.24,6,1,13,2,10,52.0,32.18,75.47,86.28,68.23,43.82,1,Ceramica Cleopatra 2-0 Modern,2025-09-24
Ceramica Cleopatra,2.17,1.22,0.95,1.85,1.19,0.66,0.33,0.02,0.31,2.17,1.22,0.95,2,0,2,1.05,55.9,53.51,47.03,0.6,0.46,186,11,18,8,30.0,17.39,7.46,1,6,13,4,15,109.6,67.82,12.0,13.72,87.47,56.18,1,Ceramica Cleopatra 2-0 Modern,2025-09-24
Ismaily,0.48,2.5,-2.02,0.41,1.44,-1.03,0.08,0.3,-0.22,0.48,1.74,-1.26,0,1,-1,1.02,39.0,50.43,45.68,0.66,0.52,116,13,7,12,10.61,23.08,18.76,2,4,17,5,12,45.2,36.42,92.93,88.06,96.0,64.4,8,ENPPI 1-0 Ismaily,2025-09-24
ENPPI,2.5,0.48,2.02,1.44,0.41,1.03,0.3,0.08,0.22,1.74,0.48,1.26,1,0,1,-1.02,61.0,49.57,44.37,0.52,0.66,177,9,12,7,23.08,10.61,7.53,4,2,17,5,8,78.9,63.58,12.6,11.94,53.07,35.6,1,ENPPI 1-0 Ismaily,2025-09-24
Al Mokawloon,0.57,0.98,-0.41,0.41,0.67,-0.26,0.16,0.32,-0.16,0.57,0.98,-0.41,0,0,0,0.41,39.1,49.49,48.76,0.47,0.48,143,10,11,9,23.4,18.75,11.79,8,2,16,5,18,64.3,51.36,74.2,89.91,103.0,75.33,3,El Geish 0-0 Al Mokawloon,2025-09-23
El Geish,0.98,0.57,0.41,0.67,0.41,0.26,0.32,0.16,0.16,0.98,0.57,0.41,0,0,0,-0.41,60.9,50.51,43.12,0.48,0.47,173,7,9,11,18.75,23.4,8.92,2,8,28,8,9,60.9,48.64,8.33,10.09,33.73,24.67,1,El Geish 0-0 Al Mokawloon,2025-09-23
El Gouna,0.3,1.48,-1.18,0.3,1.14,-0.84,0.0,0.34,-0.34,0.3,1.48,-1.18,1,1,0,1.18,35.3,37.22,46.07,0.14,0.82,135,5,9,18,64.29,21.95,19.0,5,1,4,1,10,36.1,17.02,130.87,91.17,64.13,35.64,4,Zamalek 1-1 El Gouna,2025-09-23
Zamalek,1.48,0.3,1.18,1.14,0.3,0.84,0.34,0.0,0.34,1.48,0.3,1.18,1,1,0,-1.18,64.7,62.78,49.56,0.82,0.14,308,15,18,9,21.95,64.29,12.9,1,5,24,9,11,176.0,82.98,12.67,8.83,115.83,64.36,0,Zamalek 1-1 El Gouna,2025-09-23
Al Ahly,4.2,0.66,3.54,2.84,0.66,2.18,0.6,0.0,0.6,3.44,0.66,2.78,3,2,1,-2.54,67.6,74.53,52.59,1.68,0.56,301,27,22,5,13.1,8.93,7.0,3,2,31,11,5,226.8,98.1,5.53,4.66,157.6,87.41,2,Haras El Hodood 2-3 Al Ahly,2025-09-23
Haras El Hodood,0.66,4.2,-3.54,0.66,2.84,-2.18,0.0,0.6,-0.6,0.66,3.44,-2.78,2,3,-1,2.54,32.4,25.47,39.46,0.56,1.68,80,3,5,22,8.93,13.1,18.05,2,3,7,4,12,4.4,1.9,113.13,95.34,22.7,12.59,0,Haras El Hodood 2-3 Al Ahly,2025-09-23
Al Ittihad,1.11,1.2,-0.09,1.11,0.83,0.28,0.0,0.37,-0.37,1.11,1.2,-0.09,0,1,-1,-0.91,53.4,57.63,49.76,0.53,0.38,229,8,8,12,15.09,31.58,8.35,5,3,23,7,11,72.5,66.27,30.87,37.61,54.03,45.25,0,ZED 1-0 Al Ittihad,2025-09-22
ZED,1.2,1.11,0.09,0.83,1.11,-0.28,0.37,0.0,0.37,1.2,1.11,0.09,1,0,1,0.91,46.6,42.37,45.62,0.38,0.53,161,12,12,8,31.58,15.09,11.06,3,5,13,7,19,36.9,33.73,51.2,62.39,65.37,54.75,3,ZED 1-0 Al Ittihad,2025-09-22
Ghazl El Mehalla,0.67,0.39,0.28,0.67,0.39,0.28,0.0,0.0,0.0,0.67,0.39,0.28,0,0,0,-0.28,62.0,55.83,48.11,0.51,0.44,202,15,8,8,15.69,18.18,5.97,3,3,28,5,18,97.1,71.4,13.07,15.82,64.97,50.68,4,Petrojet 0-0 Ghazl El Mehalla,2025-09-22
Petrojet,0.39,0.67,-0.28,0.39,0.67,-0.28,0.0,0.0,0.0,0.39,0.67,-0.28,0,0,0,0.28,38.0,44.17,47.12,0.44,0.51,127,6,8,8,18.18,15.69,9.75,3,3,20,1,15,38.9,28.6,69.53,84.18,63.23,49.32,0,Petrojet 0-0 Ghazl El Mehalla,2025-09-22
Al Masry,1.18,0.28,0.9,1.14,0.15,0.99,0.04,0.14,-0.1,1.18,0.28,0.9,0,0,0,-0.9,66.0,71.67,52.85,1.42,0.32,305,23,13,7,9.15,21.88,7.7,9,3,47,8,13,200.1,93.55,4.53,5.39,136.77,84.34,0,Pharco 0-0 Al Masry,2025-09-22
Pharco,0.28,1.18,-0.9,0.15,1.14,-0.99,0.14,0.04,0.1,0.28,1.18,-0.9,0,0,0,0.9,34.0,28.33,43.29,0.32,1.42,116,6,7,13,21.88,9.15,15.24,3,9,17,5,11,13.8,6.45,79.47,94.61,25.4,15.66,0,Pharco 0-0 Al Masry,2025-09-22
Ceramica Cleopatra,0.5,1.86,-1.36,0.11,1.67,-1.56,0.39,0.19,0.2,0.5,1.86,-1.36,0,1,-1,0.36,50.9,34.19,41.19,0.54,0.48,154,8,5,18,9.26,37.5,9.68,1,10,11,4,12,25.2,13.19,36.0,32.03,11.9,4.89,1,Al Ahly 1-0 Ceramica Cleopatra,2025-09-19
Al Ahly,1.86,0.5,1.36,1.67,0.11,1.56,0.19,0.39,-0.2,1.86,0.5,1.36,1,0,1,-0.36,49.1,65.81,52.95,0.48,0.54,263,18,18,5,37.5,9.26,9.5,10,1,19,4,15,165.9,86.81,76.4,67.97,231.7,95.11,1,Al Ahly 1-0 Ceramica Cleopatra,2025-09-19
Haras El Hodood,1.51,0.67,0.84,0.44,0.46,-0.02,0.31,0.21,0.1,0.75,0.67,0.08,0,1,-1,-1.84,54.3,53.74,45.66,0.28,0.34,164,7,11,10,39.29,29.41,8.87,1,4,22,6,11,57.3,47.83,30.73,35.9,32.3,29.93,2,Smouha 1-0 Haras El Hodood,2025-09-19
Smouha,0.67,1.51,-0.84,0.46,0.44,0.02,0.21,0.31,-0.1,0.67,0.75,-0.08,1,0,1,1.84,45.7,46.26,43.51,0.34,0.28,116,8,10,11,29.41,39.29,9.7,4,1,16,5,21,62.5,52.17,54.87,64.1,75.63,70.07,2,Smouha 1-0 Haras El Hodood,2025-09-19
El Geish,0.56,0.76,-0.2,0.4,0.62,-0.22,0.16,0.14,0.02,0.56,0.76,-0.2,0,1,-1,-0.8,46.7,50.36,46.67,0.48,0.48,152,16,11,6,22.92,12.5,13.4,3,7,28,11,9,64.6,54.47,59.07,73.89,95.37,64.9,1,Wadi Degla 1-0 El Geish,2025-09-19
Wadi Degla,0.76,0.56,0.2,0.62,0.4,0.22,0.14,0.16,-0.02,0.76,0.56,0.2,1,0,1,0.8,53.3,49.64,46.55,0.48,0.48,174,8,6,11,12.5,22.92,7.86,7,3,16,3,14,54.0,45.53,20.87,26.11,51.57,35.1,1,Wadi Degla 1-0 El Geish,2025-09-19
ZED,0.34,1.22,-0.88,0.23,1.14,-0.91,0.1,0.08,0.02,0.34,1.22,-0.88,0,1,-1,-0.12,30.3,28.91,42.19,0.23,1.4,82,6,4,13,17.39,9.29,23.11,1,8,10,3,9,20.0,11.87,117.13,92.28,40.7,36.81,2,Pyramids 1-0 ZED,2025-09-18
Pyramids,1.22,0.34,0.88,1.14,0.23,0.91,0.08,0.1,-0.02,1.22,0.34,0.88,1,0,1,0.12,69.7,71.09,50.2,1.4,0.23,276,13,13,4,9.29,17.39,6.6,8,1,21,3,10,148.5,88.13,9.8,7.72,69.87,63.19,1,Pyramids 1-0 ZED,2025-09-18
Kahraba Ismailia,0.45,1.45,-1.0,0.45,0.94,-0.49,0.0,0.51,-0.51,0.45,1.45,-1.0,1,0,1,2.0,39.3,37.86,43.94,0.41,0.58,111,4,8,11,19.51,18.97,12.44,2,0,9,4,15,42.3,24.58,67.47,75.3,52.37,39.35,3,Al Ittihad 0-1 Kahraba Ismailia,2025-09-18
Al Ittihad,1.45,0.45,1.0,0.94,0.45,0.49,0.51,0.0,0.51,1.45,0.45,1.0,0,1,-1,-2.0,60.7,62.14,49.61,0.58,0.41,225,12,11,8,18.97,19.51,9.83,0,2,29,5,16,129.8,75.42,22.13,24.7,80.73,60.65,0,Al Ittihad 0-1 Kahraba Ismailia,2025-09-18
ENPPI,1.1,2.21,-1.11,1.04,1.74,-0.7,0.06,0.46,-0.4,1.1,2.21,-1.11,2,2,0,1.11,43.4,44.0,48.16,0.89,0.98,144,5,6,17,6.74,17.35,7.1,6,4,11,3,20,61.2,32.57,51.6,76.41,74.47,46.47,4,Modern 2-2 ENPPI,2025-09-18
Modern,2.21,1.1,1.11,1.74,1.04,0.7,0.46,0.06,0.4,2.21,1.1,1.11,2,2,0,-1.11,56.6,56.0,47.02,0.98,0.89,189,21,17,6,17.35,6.74,6.56,4,6,23,5,13,126.7,67.43,15.93,23.59,85.8,53.53,2,Modern 2-2 ENPPI,2025-09-18
Zamalek,2.13,0.49,1.64,1.37,0.41,0.96,0.0,0.09,-0.09,1.37,0.49,0.88,2,0,2,0.36,62.5,63.51,44.82,0.82,0.18,211,16,13,7,15.85,38.89,9.0,4,4,6,3,14,126.8,86.79,16.47,13.91,96.63,62.86,1,Ismaily 0-2 Zamalek,2025-09-18
Ismaily,0.49,2.13,-1.64,0.41,1.37,-0.96,0.09,0.0,0.09,0.49,1.37,-0.88,0,2,-2,-0.36,37.5,36.49,40.82,0.18,0.82,114,2,7,13,38.89,15.85,12.47,4,4,9,1,14,19.3,13.21,101.93,86.09,57.1,37.14,4,Ismaily 0-2 Zamalek,2025-09-18
Ghazl El Mehalla,0.96,2.38,-1.42,0.07,1.29,-1.22,0.13,0.32,-0.19,0.2,1.62,-1.42,1,2,-1,0.42,42.3,43.55,47.17,0.36,1.44,133,10,5,17,13.89,11.81,12.0,6,2,19,4,14,45.5,27.61,50.53,79.45,47.1,28.42,0,Al Masry 2-1 Ghazl El Mehalla,2025-09-17
Al Masry,2.38,0.96,1.42,1.29,0.07,1.22,0.32,0.13,0.19,1.62,0.2,1.42,2,1,1,-0.42,57.7,56.45,48.29,1.44,0.36,205,15,17,5,11.81,13.89,7.73,2,6,17,4,15,119.3,72.39,13.07,20.55,118.63,71.58,4,Al Masry 2-1 Ghazl El Mehalla,2025-09-17
Petrojet,0.99,2.38,-1.39,0.99,1.58,-0.59,0.0,0.79,-0.79,0.99,2.38,-1.39,1,1,0,1.39,49.9,47.94,49.62,0.72,1.1,185,12,11,13,15.28,11.82,9.53,6,4,25,3,12,52.8,35.89,50.0,71.15,55.67,35.15,0,El Gouna 1-1 Petrojet,2025-09-17
El Gouna,2.38,0.99,1.39,1.58,0.99,0.59,0.79,0.0,0.79,2.38,0.99,1.39,1,1,0,-1.39,50.1,52.06,46.4,1.1,0.72,178,15,13,11,11.82,15.28,11.48,4,6,11,4,14,94.3,64.11,20.27,28.85,102.73,64.85,8,El Gouna 1-1 Petrojet,2025-09-17
Pharco,0.79,0.61,0.18,0.77,0.53,0.24,0.01,0.08,-0.07,0.79,0.61,0.18,1,1,0,-0.18,45.6,35.06,44.4,0.47,0.84,132,4,8,9,17.02,10.71,9.27,2,6,10,4,15,42.7,27.78,43.0,59.66,41.47,28.35,0,Al Mokawloon 1-1 Pharco,2025-09-17
Al Mokawloon,0.61,0.79,-0.18,0.53,0.77,-0.24,0.08,0.01,0.07,0.61,0.79,-0.18,1,1,0,0.18,54.4,64.94,51.55,0.84,0.47,237,15,9,8,10.71,17.02,7.24,6,2,34,7,16,111.0,72.22,29.07,40.34,104.83,71.65,4,Al Mokawloon 1-1 Pharco,2025-09-17
Al Ahly,1.68,1.25,0.43,1.45,0.23,1.22,0.22,0.26,-0.04,1.68,0.49,1.19,1,1,0,-0.43,65.0,74.92,51.91,1.2,0.11,320,22,20,7,16.67,63.64,9.14,4,2,27,9,9,220.7,94.4,17.8,18.09,168.93,89.83,1,ENPPI 1-1 Al Ahly,2025-09-14
ENPPI,1.25,1.68,-0.43,0.23,1.45,-1.22,0.26,0.22,0.04,0.49,1.68,-1.19,1,1,0,0.43,35.0,25.08,41.44,0.11,1.2,96,4,7,20,63.64,16.67,16.83,2,4,8,5,13,13.1,5.6,80.6,81.91,19.13,10.17,4,ENPPI 1-1 Al Ahly,2025-09-14
Wadi Degla,2.36,1.02,1.34,2.36,0.26,2.1,0.0,0.0,0.0,2.36,0.26,2.1,4,1,3,1.66,58.4,63.4,49.6,0.79,0.21,185,15,13,5,16.46,23.81,10.36,0,1,14,3,12,113.1,83.59,9.33,19.52,100.23,73.92,7,Kahraba Ismailia 1-4 Wadi Degla,2025-09-14
Kahraba Ismailia,1.02,2.36,-1.34,0.26,2.36,-2.1,0.0,0.0,0.0,0.26,2.36,-2.1,1,4,-3,-1.66,41.6,36.6,43.13,0.21,0.79,98,6,5,13,23.81,16.46,14.55,1,0,7,0,10,22.2,16.41,38.47,80.48,35.37,26.08,3,Kahraba Ismailia 1-4 Wadi Degla,2025-09-14
Modern,3.54,1.35,2.19,3.44,0.59,2.85,0.1,0.0,0.1,3.54,0.59,2.95,0,1,-1,-3.19,62.6,63.93,49.86,1.36,0.14,279,17,19,15,13.97,107.14,9.77,7,1,37,8,5,160.1,71.57,10.8,13.35,114.4,53.27,4,El Geish 1-0 Modern,2025-09-14
El Geish,1.35,3.54,-2.19,0.59,3.44,-2.85,0.0,0.1,-0.1,0.59,3.54,-2.95,1,0,1,3.19,37.4,36.07,45.58,0.14,1.36,144,3,15,19,107.14,13.97,29.64,1,7,14,3,7,63.6,28.43,70.07,86.65,100.37,46.73,0,El Geish 1-0 Modern,2025-09-14
Al Masry,0.87,2.08,-1.21,0.87,1.14,-0.27,0.0,0.18,-0.18,0.87,1.32,-0.45,0,3,-3,-1.79,42.7,41.18,44.81,0.56,0.41,129,9,7,14,12.5,34.15,12.86,0,1,10,1,15,42.4,28.21,76.67,70.17,86.3,50.02,0,Zamalek 3-0 Al Masry,2025-09-13
Zamalek,2.08,0.87,1.21,1.14,0.87,0.27,0.18,0.0,0.18,1.32,0.87,0.45,3,0,3,1.79,57.3,58.82,46.2,0.41,0.56,181,15,14,7,34.15,12.5,8.24,1,0,13,5,16,107.9,71.79,32.6,29.83,86.23,49.98,0,Zamalek 3-0 Al Masry,2025-09-13
Smouha,1.02,0.96,0.06,1.0,0.58,0.42,0.02,0.38,-0.36,1.02,0.96,0.06,0,1,-1,-1.06,28.8,28.1,42.98,0.44,1.24,96,6,11,8,25.0,6.45,15.97,3,3,14,3,17,35.1,16.19,149.33,97.14,81.03,46.67,1,Ceramica Cleopatra 1-0 Smouha,2025-09-13
Ceramica Cleopatra,0.96,1.02,-0.06,0.58,1.0,-0.42,0.38,0.02,0.36,0.96,1.02,-0.06,1,0,1,1.06,71.2,71.9,50.84,1.24,0.44,353,22,8,11,6.45,25.0,6.66,3,3,19,8,12,181.7,83.81,4.4,2.86,92.6,53.33,1,Ceramica Cleopatra 1-0 Smouha,2025-09-13
El Gouna,1.35,1.12,0.23,1.11,0.79,0.32,0.24,0.33,-0.09,1.35,1.12,0.23,1,2,-1,-1.23,51.6,48.8,46.24,1.06,0.48,157,17,16,9,15.09,18.75,7.82,3,2,23,9,15,71.1,52.51,31.93,40.15,46.87,36.31,6,Haras El Hodood 2-1 El Gouna,2025-09-13
Haras El Hodood,1.12,1.35,-0.23,0.79,1.11,-0.32,0.33,0.24,0.09,1.12,1.35,-0.23,2,1,1,1.23,48.4,51.2,48.66,0.48,1.06,155,5,9,16,18.75,15.09,9.9,2,3,24,5,16,64.3,47.49,47.6,59.85,82.23,63.69,0,Haras El Hodood 2-1 El Gouna,2025-09-13
Al Mokawloon,2.56,1.64,0.92,1.56,0.82,0.74,0.24,0.06,0.18,1.8,0.88,0.92,1,1,0,-0.92,57.6,65.69,49.42,0.96,0.33,188,14,21,11,21.88,33.33,8.96,7,4,23,6,9,127.7,85.65,26.8,44.32,118.27,81.79,1,Ghazl El Mehalla 1-1 Al Mokawloon,2025-09-13
Ghazl El Mehalla,1.64,2.56,-0.92,0.82,1.56,-0.74,0.06,0.24,-0.18,0.88,1.8,-0.92,1,1,0,0.92,42.4,34.31,40.49,0.33,0.96,88,5,11,21,33.33,21.88,12.29,4,7,13,4,14,21.4,14.35,33.67,55.68,26.33,18.21,0,Ghazl El Mehalla 1-1 Al Mokawloon,2025-09-13
Al Ittihad,1.03,1.65,-0.62,0.58,1.2,-0.62,0.44,0.45,-0.01,1.03,1.65,-0.62,0,0,0,0.62,56.3,51.41,48.5,0.55,0.67,230,7,13,11,23.64,16.42,8.5,6,5,17,3,6,76.2,53.78,10.6,15.5,49.2,36.47,0,Pharco 0-0 Al Ittihad,2025-09-12
Pharco,1.65,1.03,0.62,1.2,0.58,0.62,0.45,0.44,0.01,1.65,1.03,0.62,0,0,0,-0.62,43.7,48.59,46.32,0.67,0.55,149,14,11,13,16.42,23.64,13.79,5,6,22,7,17,65.5,46.22,57.8,84.5,85.7,63.53,3,Pharco 0-0 Al Ittihad,2025-09-12
Ismaily,0.7,1.38,-0.68,0.37,1.38,-1.01,0.33,0.0,0.33,0.7,1.38,-0.68,0,1,-1,-0.32,50.9,50.18,44.2,0.33,0.68,153,8,7,10,21.21,14.71,10.47,2,3,19,7,16,75.8,44.17,36.07,39.4,57.73,34.41,2,ZED 1-0 Ismaily,2025-09-12
ZED,1.38,0.7,0.68,1.38,0.37,1.01,0.0,0.33,-0.33,1.38,0.7,0.68,1,0,1,0.32,49.1,49.82,47.66,0.68,0.33,176,11,10,7,14.71,21.21,12.56,3,2,14,2,13,95.8,55.83,55.47,60.6,110.03,65.59,2,ZED 1-0 Ismaily,2025-09-12
National Bank of Egypt,1.28,0.51,0.77,1.19,0.49,0.7,0.09,0.01,0.08,1.28,0.51,0.77,3,0,3,2.23,64.7,53.63,43.8,0.91,0.51,182,10,9,6,9.89,11.76,8.38,0,6,11,5,13,108.7,73.15,8.0,8.02,77.6,56.93,0,Petrojet 0-3 National Bank of Egypt,2025-09-12
Petrojet,0.51,1.28,-0.77,0.49,1.19,-0.7,0.01,0.09,-0.08,0.51,1.28,-0.77,0,3,-3,-2.23,35.3,46.37,48.03,0.51,0.91,136,5,6,9,11.76,9.89,8.82,6,0,19,7,12,39.9,26.85,91.8,91.98,58.7,43.07,4,Petrojet 0-3 National Bank of Egypt,2025-09-12
Zamalek,1.36,1.96,-0.6,1.36,1.6,-0.24,0.0,0.36,-0.36,1.36,1.96,-0.6,1,2,-1,-0.4,43.8,42.64,45.12,0.5,1.16,108,12,11,12,22.0,10.34,8.55,3,5,15,8,9,52.3,30.78,59.2,71.61,73.3,44.08,0,Wadi Degla 2-1 Zamalek,2025-08-31
Wadi Degla,1.96,1.36,0.6,1.6,1.36,0.24,0.36,0.0,0.36,1.96,1.36,0.6,2,1,1,0.4,56.2,57.36,48.64,1.16,0.5,182,15,12,11,10.34,22.0,6.14,5,3,21,9,23,117.6,69.22,23.47,28.39,92.97,55.92,6,Wadi Degla 2-1 Zamalek,2025-08-31
Petrojet,0.17,1.29,-1.12,0.17,1.18,-1.01,0.0,0.11,-0.11,0.17,1.29,-1.12,0,0,0,1.12,38.4,46.19,44.5,0.28,0.68,111,3,6,16,21.43,23.53,11.23,5,5,9,2,11,36.3,30.84,72.2,88.92,69.8,57.45,3,Smouha 0-0 Petrojet,2025-08-31
Smouha,1.29,0.17,1.12,1.18,0.17,1.01,0.11,0.0,0.11,1.29,0.17,1.12,0,0,0,-1.12,61.6,53.81,43.19,0.68,0.28,170,12,16,6,23.53,21.43,6.41,5,5,16,5,14,81.4,69.16,9.0,11.08,51.7,42.55,5,Smouha 0-0 Petrojet,2025-08-31
Kahraba Ismailia,0.95,2.78,-1.83,0.95,2.02,-1.07,0.0,0.0,0.0,0.95,2.02,-1.07,0,4,-4,-2.17,31.9,30.58,41.99,0.36,1.2,92,3,5,18,13.89,15.0,21.1,4,8,9,0,12,26.1,13.14,107.67,94.95,69.17,35.19,3,Al Masry 4-0 Kahraba Ismailia,2025-08-31
Al Masry,2.78,0.95,1.83,2.02,0.95,1.07,0.0,0.0,0.0,2.02,0.95,1.07,4,0,4,2.17,68.1,69.42,46.96,1.2,0.36,228,20,18,5,15.0,13.89,9.33,8,4,24,7,5,172.6,86.86,5.73,5.05,127.4,64.81,1,Al Masry 4-0 Kahraba Ismailia,2025-08-31
Haras El Hodood,0.54,2.06,-1.52,0.45,1.97,-1.52,0.09,0.08,0.01,0.54,2.06,-1.52,0,1,-1,0.52,51.0,52.73,46.6,0.48,0.69,165,10,6,10,12.5,14.49,9.44,5,1,25,2,11,70.0,45.4,47.13,52.45,51.53,38.35,4,Modern 1-0 Haras El Hodood,2025-08-31
Modern,2.06,0.54,1.52,1.97,0.45,1.52,0.08,0.09,-0.01,2.06,0.54,1.52,1,0,1,-0.52,49.0,47.27,44.93,0.69,0.48,145,15,10,6,14.49,12.5,14.39,1,5,16,4,10,84.2,54.6,42.73,47.55,82.83,61.65,0,Modern 1-0 Haras El Hodood,2025-08-31
Pyramids,1.06,1.77,-0.71,1.06,1.16,-0.1,0.0,0.6,-0.6,1.06,1.77,-0.71,2,0,2,2.71,38.3,38.43,43.88,0.45,0.7,124,8,12,10,26.67,14.29,13.67,9,0,11,3,11,45.6,29.86,87.6,82.64,106.3,69.07,2,Al Ahly 0-2 Pyramids,2025-08-30
Al Ahly,1.77,1.06,0.71,1.16,1.06,0.1,0.6,0.0,0.6,1.77,1.06,0.71,0,2,-2,-2.71,61.7,61.57,46.53,0.7,0.45,224,11,10,12,14.29,26.67,11.21,0,9,25,9,12,107.1,70.14,18.4,17.36,47.6,30.93,0,Al Ahly 0-2 Pyramids,2025-08-30
Ghazl El Mehalla,1.93,0.58,1.35,1.73,0.53,1.2,0.2,0.04,0.16,1.93,0.58,1.35,3,0,3,1.65,52.7,56.47,47.96,0.31,0.3,190,8,14,8,45.16,26.67,11.81,1,2,17,7,10,89.5,76.3,33.8,42.08,94.47,85.83,0,Ismaily 0-3 Ghazl El Mehalla,2025-08-30
Ismaily,0.58,1.93,-1.35,0.53,1.73,-1.2,0.04,0.2,-0.16,0.58,1.93,-1.35,0,3,-3,-1.65,47.3,43.53,43.09,0.3,0.31,118,6,8,14,26.67,45.16,11.89,2,1,11,3,7,27.8,23.7,46.53,57.92,15.6,14.17,2,Ismaily 0-3 Ghazl El Mehalla,2025-08-30
ZED,0.78,0.72,0.06,0.78,0.72,0.06,0.0,0.0,0.0,0.78,0.72,0.06,1,1,0,-0.06,61.9,54.1,42.48,0.89,0.42,179,6,4,11,4.49,26.19,8.48,3,2,23,4,15,61.1,53.41,16.73,17.62,31.63,27.96,0,El Gouna 1-1 ZED,2025-08-30
El Gouna,0.72,0.78,-0.06,0.72,0.78,-0.06,0.0,0.0,0.0,0.72,0.78,-0.06,1,1,0,0.06,38.1,45.9,42.49,0.42,0.89,106,12,11,4,26.19,4.49,13.56,2,3,9,0,13,53.3,46.59,78.2,82.38,81.5,72.04,10,El Gouna 1-1 ZED,2025-08-30
El Geish,0.21,2.48,-2.27,0.21,2.32,-2.11,0.0,0.16,-0.16,0.21,2.48,-2.27,0,0,0,2.27,38.9,31.6,42.06,0.24,1.23,126,4,5,22,20.83,17.89,15.04,2,5,11,1,14,20.9,10.43,71.87,84.16,31.73,19.38,2,National Bank of Egypt 0-0 El Geish,2025-08-29
National Bank of Egypt,2.48,0.21,2.27,2.32,0.21,2.11,0.16,0.0,0.16,2.48,0.21,2.27,0,0,0,-2.27,61.1,68.4,51.42,1.23,0.24,294,13,22,5,17.89,20.83,7.61,5,2,28,3,13,179.5,89.57,13.53,15.84,132.0,80.62,0,National Bank of Egypt 0-0 El Geish,2025-08-29
ENPPI,1.5,0.45,1.05,1.5,0.45,1.05,0.0,0.0,0.0,1.5,0.45,1.05,3,0,3,1.95,55.2,39.26,39.54,0.55,0.51,120,8,11,11,20.0,21.57,10.35,2,5,14,3,9,34.6,31.51,20.73,24.64,41.27,35.09,1,Al Ittihad 0-3 ENPPI,2025-08-29
Al Ittihad,0.45,1.5,-1.05,0.45,1.5,-1.05,0.0,0.0,0.0,0.45,1.5,-1.05,0,3,-3,-1.95,44.8,60.74,50.05,0.51,0.55,174,14,11,11,21.57,20.0,14.64,5,2,19,3,11,75.2,68.49,63.4,75.36,76.33,64.91,5,Al Ittihad 0-3 ENPPI,2025-08-29
Ceramica Cleopatra,0.81,3.08,-2.27,0.7,2.23,-1.53,0.11,0.09,0.02,0.81,2.32,-1.51,1,0,1,3.27,38.8,39.84,48.78,0.3,1.33,162,7,6,14,20.0,10.53,22.0,4,3,6,2,7,53.0,22.83,69.4,73.93,52.23,42.25,1,Al Mokawloon 0-1 Ceramica Cleopatra,2025-08-29
Al Mokawloon,3.08,0.81,2.27,2.23,0.7,1.53,0.09,0.11,-0.02,2.32,0.81,1.51,0,1,-1,-3.27,61.2,60.16,52.66,1.33,0.3,287,22,14,6,10.53,20.0,8.96,3,4,41,7,12,179.2,77.17,24.47,26.07,71.4,57.75,4,Al Mokawloon 0-1 Ceramica Cleopatra,2025-08-29
Al Masry,0.68,1.49,-0.81,0.68,0.43,0.25,0.0,0.3,-0.3,0.68,0.73,-0.05,1,1,0,0.81,55.9,56.08,48.4,1.07,0.6,223,15,10,12,9.35,20.0,12.61,6,1,20,4,8,85.8,54.82,30.13,30.39,55.57,52.23,2,Haras El Hodood 1-1 Al Masry,2025-08-26
Haras El Hodood,1.49,0.68,0.81,0.43,0.68,-0.25,0.3,0.0,0.3,0.73,0.68,0.05,1,1,0,-0.81,44.1,43.92,47.9,0.6,1.07,178,15,12,10,20.0,9.35,15.17,1,6,22,7,11,70.7,45.18,69.0,69.61,50.83,47.77,0,Haras El Hodood 1-1 Al Masry,2025-08-26
Pharco,0.06,3.03,-2.97,0.06,2.8,-2.74,0.0,0.23,-0.23,0.06,3.03,-2.97,0,1,-1,1.97,29.4,22.74,42.1,0.16,1.3,88,2,2,21,12.5,16.15,17.11,1,9,13,2,21,9.8,3.54,115.6,98.69,17.9,8.44,3,Zamalek 1-0 Pharco,2025-08-26
Zamalek,3.03,0.06,2.97,2.8,0.06,2.74,0.23,0.0,0.23,3.03,0.06,2.97,1,0,1,-1.97,70.6,77.26,52.52,1.3,0.16,352,21,21,2,16.15,12.5,7.39,9,1,29,4,7,266.8,96.46,1.53,1.31,194.23,91.56,0,Zamalek 1-0 Pharco,2025-08-26
Smouha,1.59,1.06,0.53,1.25,0.97,0.28,0.34,0.09,0.25,1.59,1.06,0.53,2,1,1,0.47,42.8,51.9,47.05,0.68,0.33,124,15,16,11,23.53,33.33,9.29,3,1,10,5,19,76.3,60.36,61.6,84.46,114.97,85.31,2,Kahraba Ismailia 1-2 Smouha,2025-08-26
Kahraba Ismailia,1.06,1.59,-0.53,0.97,1.25,-0.28,0.09,0.34,-0.25,1.06,1.59,-0.53,1,2,-1,-0.47,57.2,48.1,44.43,0.33,0.68,139,9,11,16,33.33,23.53,6.88,1,3,20,3,14,50.1,39.64,11.33,15.54,19.8,14.69,1,Kahraba Ismailia 1-2 Smouha,2025-08-26
Modern,0.98,2.53,-1.55,0.19,1.59,-1.4,0.03,0.19,-0.16,0.22,1.77,-1.55,2,1,1,2.55,29.3,19.18,39.45,0.25,1.13,72,5,7,22,28.0,19.47,15.89,5,8,2,1,12,15.3,5.65,127.67,91.15,39.77,36.0,2,Pyramids 1-2 Modern,2025-08-25
Pyramids,2.53,0.98,1.55,1.59,0.19,1.4,0.19,0.03,0.16,1.77,0.22,1.55,1,2,-1,-2.55,70.7,80.82,52.56,1.13,0.25,343,21,22,7,19.47,28.0,5.74,8,5,25,9,17,255.4,94.35,12.4,8.85,70.7,64.0,1,Pyramids 1-2 Modern,2025-08-25
Al Mokawloon,0.53,1.55,-1.02,0.24,1.55,-1.31,0.29,0.0,0.29,0.53,1.55,-1.02,0,1,-1,0.02,53.5,46.22,47.72,0.79,0.66,197,7,9,13,11.39,19.7,9.89,6,4,16,6,7,35.4,28.64,24.93,44.95,34.93,25.73,7,Petrojet 1-0 Al Mokawloon,2025-08-25
Petrojet,1.55,0.53,1.02,1.55,0.24,1.31,0.0,0.29,-0.29,1.55,0.53,1.02,1,0,1,-0.02,46.5,53.78,49.23,0.66,0.79,174,9,13,9,19.7,11.39,13.6,4,6,17,3,9,88.2,71.36,30.53,55.05,100.83,74.27,0,Petrojet 1-0 Al Mokawloon,2025-08-25
Wadi Degla,2.18,1.95,0.23,1.35,1.68,-0.33,0.07,0.26,-0.19,1.42,1.95,-0.53,2,1,1,0.77,50.8,52.16,43.86,0.56,0.66,135,12,12,8,21.43,12.12,6.8,6,3,13,3,19,92.8,66.52,39.4,56.18,88.17,62.15,5,ZED 1-2 Wadi Degla,2025-08-25
ZED,1.95,2.18,-0.23,1.68,1.35,0.33,0.26,0.07,0.19,1.95,1.42,0.53,1,2,-1,-0.77,49.2,47.84,42.92,0.66,0.56,132,5,8,12,12.12,21.43,9.27,3,6,15,2,15,46.7,33.48,30.73,43.82,53.7,37.85,1,ZED 1-2 Wadi Degla,2025-08-25
Al Ahly,1.79,0.38,1.41,1.72,0.32,1.4,0.07,0.06,0.01,1.79,0.38,1.41,0,0,0,-1.41,66.9,73.91,52.21,1.26,0.7,328,22,18,6,14.29,8.57,5.57,11,3,21,8,11,171.6,91.47,5.53,5.54,110.07,71.78,1,Ghazl El Mehalla 0-0 Al Ahly,2025-08-25
Ghazl El Mehalla,0.38,1.79,-1.41,0.32,1.72,-1.4,0.06,0.07,-0.01,0.38,1.79,-1.41,0,0,0,1.41,33.1,26.09,38.36,0.7,1.26,79,8,6,18,8.57,14.29,13.03,3,11,9,1,15,16.0,8.53,94.33,94.46,43.27,28.22,0,Ghazl El Mehalla 0-0 Al Ahly,2025-08-25
Ghazl El Mehalla,0.87,1.04,-0.17,0.78,1.04,-0.26,0.09,0.0,0.09,0.87,1.04,-0.17,0,0,0,0.17,51.8,59.15,48.44,0.92,0.39,184,15,10,11,10.87,28.21,13.8,1,1,22,5,13,98.1,68.51,17.13,36.97,83.0,66.36,3,El Gouna 0-0 Ghazl El Mehalla,2025-08-20
El Gouna,1.04,0.87,0.17,1.04,0.78,0.26,0.0,0.09,-0.09,1.04,0.87,0.17,0,0,0,-0.17,48.2,40.85,45.79,0.39,0.92,144,11,11,10,28.21,10.87,14.95,1,1,17,4,9,45.1,31.49,29.2,63.03,42.07,33.64,10,El Gouna 0-0 Ghazl El Mehalla,2025-08-20
Petrojet,1.23,1.05,0.18,1.23,1.05,0.18,0.0,0.0,0.0,1.23,1.05,0.18,1,0,1,0.82,43.7,43.97,47.88,0.68,1.65,144,4,10,12,14.71,7.27,9.45,6,3,19,1,13,44.3,29.95,45.07,77.25,60.53,49.07,0,Wadi Degla 0-1 Petrojet,2025-08-20
Wadi Degla,1.05,1.23,-0.18,1.05,1.23,-0.18,0.0,0.0,0.0,1.05,1.23,-0.18,0,1,-1,-0.82,56.3,56.03,47.22,1.65,0.68,173,22,12,10,7.27,14.71,9.21,3,6,26,4,14,103.6,70.05,13.27,22.75,62.83,50.93,4,Wadi Degla 0-1 Petrojet,2025-08-20
ENPPI,1.36,1.33,0.03,0.94,1.2,-0.26,0.42,0.12,0.3,1.36,1.33,0.03,0,2,-2,-2.03,42.5,55.6,48.99,0.38,0.62,159,11,10,11,26.32,17.74,12.28,3,3,23,6,12,54.3,47.67,56.13,78.83,71.83,54.39,5,Ceramica Cleopatra 2-0 ENPPI,2025-08-20
Ceramica Cleopatra,1.33,1.36,-0.03,1.2,0.94,0.26,0.12,0.42,-0.3,1.33,1.36,-0.03,2,0,2,2.03,57.5,44.4,44.66,0.62,0.38,156,8,11,10,17.74,26.32,9.46,3,3,10,3,13,59.6,52.33,15.07,21.17,60.23,45.61,1,Ceramica Cleopatra 2-0 ENPPI,2025-08-20
Pyramids,1.68,1.97,-0.29,1.68,1.0,0.68,0.0,0.2,-0.2,1.68,1.21,0.47,2,2,0,0.29,58.7,68.63,49.63,0.87,0.6,237,11,15,8,17.24,13.33,7.7,4,1,22,5,15,156.3,75.4,28.87,29.2,110.47,78.2,1,Al Masry 2-2 Pyramids,2025-08-19
Al Masry,1.97,1.68,0.29,1.0,1.68,-0.68,0.2,0.0,0.2,1.21,1.68,-0.47,2,2,0,-0.29,41.3,31.37,42.02,0.6,0.87,112,6,8,15,13.33,17.24,12.17,1,4,6,1,13,51.0,24.6,70.0,70.8,30.8,21.8,1,Al Masry 2-2 Pyramids,2025-08-19
Al Ittihad,0.9,0.63,0.27,0.72,0.59,0.13,0.19,0.04,0.15,0.9,0.63,0.27,1,0,1,0.73,38.9,46.79,46.91,0.19,0.71,133,6,9,10,47.37,14.08,9.68,9,4,21,6,16,45.4,32.57,66.67,89.85,71.47,57.22,5,Ismaily 0-1 Al Ittihad,2025-08-19
Ismaily,0.63,0.9,-0.27,0.59,0.72,-0.13,0.04,0.19,-0.15,0.63,0.9,-0.27,0,1,-1,-0.73,61.1,53.21,45.48,0.71,0.19,186,11,10,9,14.08,47.37,8.11,4,9,16,6,6,94.0,67.43,7.53,10.15,53.43,42.78,5,Ismaily 0-1 Al Ittihad,2025-08-19
Kahraba Ismailia,0.36,3.09,-2.73,0.36,2.97,-2.61,0.0,0.12,-0.12,0.36,3.09,-2.73,1,1,0,2.73,37.7,40.0,48.42,0.56,2.14,123,7,5,21,8.93,9.81,13.76,1,5,24,5,14,7.0,4.02,62.0,81.65,11.5,8.52,2,National Bank of Egypt 1-1 Kahraba Ismailia,2025-08-19
National Bank of Egypt,3.09,0.36,2.73,2.97,0.36,2.61,0.12,0.0,0.12,3.09,0.36,2.73,1,1,0,-2.73,62.3,60.0,52.7,2.14,0.56,232,24,21,5,9.81,8.93,5.88,5,1,37,12,11,167.0,95.98,13.93,18.35,123.43,91.48,2,National Bank of Egypt 1-1 Kahraba Ismailia,2025-08-19
El Geish,0.92,0.6,0.32,0.46,0.6,-0.14,0.46,0.0,0.46,0.92,0.6,0.32,1,0,1,0.68,57.4,64.6,50.79,0.45,0.2,263,15,12,6,26.67,30.0,10.57,3,3,32,9,13,119.1,82.94,30.2,39.77,105.13,85.33,0,Pharco 0-1 El Geish,2025-08-19
Pharco,0.6,0.92,-0.32,0.6,0.46,0.14,0.0,0.46,-0.46,0.6,0.92,-0.32,0,1,-1,-0.68,42.6,35.4,39.37,0.2,0.45,114,8,6,12,30.0,26.67,13.25,3,3,9,1,11,24.5,17.06,45.73,60.23,18.07,14.67,5,Pharco 0-1 El Geish,2025-08-19
Al Mokawloon,0.13,0.99,-0.86,0.06,0.8,-0.74,0.08,0.19,-0.11,0.13,0.99,-0.86,0,0,0,0.86,31.4,33.96,44.96,0.13,1.04,96,8,5,11,38.46,10.58,13.84,2,9,17,6,18,20.7,14.38,130.73,91.85,70.37,56.7,7,Zamalek 0-0 Al Mokawloon,2025-08-16
Zamalek,0.99,0.13,0.86,0.8,0.06,0.74,0.19,0.08,0.11,0.99,0.13,0.86,0,0,0,-0.86,68.6,66.04,46.43,1.04,0.13,234,10,11,5,10.58,38.46,4.69,9,2,17,4,14,123.2,85.62,11.6,8.15,53.73,43.3,1,Zamalek 0-0 Al Mokawloon,2025-08-16
Smouha,0.92,1.23,-0.31,0.8,0.32,0.48,0.12,0.15,-0.03,0.92,0.47,0.45,0,0,0,0.31,52.2,56.13,47.86,0.6,0.39,158,10,9,8,15.0,20.51,8.12,4,2,25,8,17,72.6,56.81,34.93,54.19,64.37,60.76,2,Ghazl El Mehalla 0-0 Smouha,2025-08-16
Ghazl El Mehalla,1.23,0.92,0.31,0.32,0.8,-0.48,0.15,0.12,0.03,0.47,0.92,-0.45,0,0,0,-0.31,47.8,43.87,46.2,0.39,0.6,139,6,8,9,20.51,15.0,12.9,2,4,15,2,8,55.2,43.19,29.53,45.81,41.57,39.24,0,Ghazl El Mehalla 0-0 Smouha,2025-08-16
Wadi Degla,1.18,0.79,0.39,1.02,0.55,0.47,0.16,0.24,-0.08,1.18,0.79,0.39,0,1,-1,-1.39,57.1,49.64,46.13,1.2,0.49,190,16,14,8,11.67,16.33,8.0,3,10,18,5,18,94.5,64.73,10.53,15.86,71.3,46.59,4,ENPPI 1-0 Wadi Degla,2025-08-16
ENPPI,0.79,1.18,-0.39,0.55,1.02,-0.47,0.24,0.16,0.08,0.79,1.18,-0.39,1,0,1,1.39,42.9,50.36,44.75,0.49,1.2,138,8,8,14,16.33,11.67,9.72,10,3,9,6,6,51.5,35.27,55.87,84.14,81.73,53.41,1,ENPPI 1-0 Wadi Degla,2025-08-16
National Bank of Egypt,2.01,0.81,1.2,1.56,0.48,1.08,0.45,0.33,0.12,2.01,0.81,1.2,0,1,-1,-2.2,67.0,66.37,50.19,1.32,0.3,270,20,15,9,11.36,30.0,8.25,5,4,42,8,10,163.4,86.91,7.87,7.06,98.67,59.55,4,Haras El Hodood 1-0 National Bank of Egypt,2025-08-15
Haras El Hodood,0.81,2.01,-1.2,0.48,1.56,-1.08,0.33,0.45,-0.12,0.81,2.01,-1.2,1,0,1,2.2,33.0,33.63,42.78,0.3,1.32,91,2,9,15,30.0,11.36,20.2,4,5,9,3,14,24.6,13.09,103.53,92.94,67.03,40.45,0,Haras El Hodood 1-0 National Bank of Egypt,2025-08-15
Pharco,1.13,1.79,-0.66,1.13,1.79,-0.66,0.0,0.0,0.0,1.13,1.79,-0.66,1,4,-3,-2.34,37.3,35.94,45.79,0.35,0.73,126,6,9,12,25.71,16.44,15.69,2,2,12,3,10,54.8,24.57,82.67,87.39,44.77,16.13,2,Al Ahly 4-1 Pharco,2025-08-15
Al Ahly,1.79,1.13,0.66,1.79,1.13,0.66,0.0,0.0,0.0,1.79,1.13,0.66,4,1,3,2.34,62.7,64.06,50.05,0.73,0.35,254,10,12,9,16.44,25.71,10.71,2,2,20,0,9,168.2,75.43,11.93,12.61,232.83,83.87,0,Al Ahly 4-1 Pharco,2025-08-15
Kahraba Ismailia,1.25,2.58,-1.33,1.15,1.75,-0.6,0.1,0.08,0.02,1.25,1.82,-0.57,2,2,0,1.33,53.2,48.41,44.2,0.63,1.01,147,10,12,15,19.05,14.85,7.9,3,1,24,4,14,44.0,30.88,17.67,25.73,36.3,17.51,3,Petrojet 2-2 Kahraba Ismailia,2025-08-15
Petrojet,2.58,1.25,1.33,1.75,1.15,0.6,0.08,0.1,-0.02,1.82,1.25,0.57,2,2,0,-1.33,46.8,51.59,48.57,1.01,0.63,149,11,15,12,14.85,19.05,7.76,1,3,22,4,16,98.5,69.12,51.0,74.27,170.97,82.49,0,Petrojet 2-2 Kahraba Ismailia,2025-08-15
Al Masry,1.47,1.03,0.44,1.3,0.92,0.38,0.17,0.11,0.06,1.47,1.03,0.44,3,0,3,2.56,47.0,40.66,46.79,0.56,0.99,164,5,13,13,23.21,13.13,13.8,4,4,9,4,5,48.7,29.7,41.87,68.04,80.93,58.28,0,El Geish 0-3 Al Masry,2025-08-14
El Geish,1.03,1.47,-0.44,0.92,1.3,-0.38,0.11,0.17,-0.06,1.03,1.47,-0.44,0,3,-3,-2.56,53.0,59.34,51.14,0.99,0.56,246,12,13,13,13.13,23.21,15.0,4,4,28,6,11,115.3,70.3,19.67,31.96,57.93,41.72,3,El Geish 0-3 Al Masry,2025-08-14
Ismaily,0.18,1.9,-1.72,0.18,1.36,-1.18,0.0,0.55,-0.55,0.18,1.9,-1.72,0,1,-1,0.72,34.2,34.25,43.04,0.24,0.75,88,2,2,21,8.33,28.0,11.71,4,0,6,3,17,7.1,4.77,97.4,94.63,39.9,31.31,1,Pyramids 1-0 Ismaily,2025-08-14
Pyramids,1.9,0.18,1.72,1.36,0.18,1.18,0.55,0.0,0.55,1.9,0.18,1.72,1,0,1,-0.72,65.8,65.75,45.15,0.75,0.24,181,14,21,2,28.0,8.33,5.58,0,4,22,10,15,141.9,95.23,5.53,5.37,87.53,68.69,3,Pyramids 1-0 Ismaily,2025-08-14
Modern,1.32,0.66,0.66,0.36,0.56,-0.2,0.21,0.09,0.12,0.56,0.66,-0.1,2,1,1,0.34,45.2,40.14,43.08,0.9,0.82,140,8,6,9,6.67,10.98,10.23,3,3,20,3,12,21.3,23.43,49.33,56.44,61.57,64.09,0,Al Ittihad 1-2 Modern,2025-08-14
Al Ittihad,0.66,1.32,-0.66,0.56,0.36,0.2,0.09,0.21,-0.12,0.66,0.56,0.1,1,2,-1,-0.34,54.8,59.86,49.16,0.82,0.9,226,6,9,6,10.98,6.67,10.35,3,3,23,7,13,69.6,76.57,38.07,43.56,34.5,35.91,0,Al Ittihad 1-2 Modern,2025-08-14
Ceramica Cleopatra,1.35,1.2,0.15,1.19,1.2,-0.01,0.16,0.0,0.16,1.35,1.2,0.15,0,0,0,-0.15,66.4,74.04,50.24,0.67,0.19,297,16,12,10,17.91,52.63,8.72,6,6,12,6,12,201.2,90.35,10.53,9.54,142.57,73.2,0,ZED 0-0 Ceramica Cleopatra,2025-08-14
ZED,1.2,1.35,-0.15,1.2,1.19,0.01,0.0,0.16,-0.16,1.2,1.35,-0.15,0,0,0,0.15,33.6,25.96,42.98,0.19,0.67,110,3,10,12,52.63,17.91,14.19,6,6,12,0,6,21.5,9.65,99.87,90.46,52.2,26.8,0,ZED 0-0 Ceramica Cleopatra,2025-08-14
Ghazl El Mehalla,0.35,0.93,-0.58,0.35,0.8,-0.45,0.0,0.13,-0.13,0.35,0.93,-0.58,0,0,0,0.58,38.0,37.25,45.45,0.19,1.17,123,1,7,10,36.84,8.55,15.61,2,2,10,2,11,18.7,15.07,84.67,81.99,42.73,40.27,0,National Bank of Egypt 0-0 Ghazl El Mehalla,2025-08-10
National Bank of Egypt,0.93,0.35,0.58,0.8,0.35,0.45,0.13,0.0,0.13,0.93,0.35,0.58,0,0,0,-0.58,62.0,62.75,48.98,1.17,0.19,255,12,10,7,8.55,36.84,10.11,2,2,27,11,11,105.4,84.93,18.6,18.01,63.37,59.73,0,National Bank of Egypt 0-0 Ghazl El Mehalla,2025-08-10
ENPPI,0.94,0.85,0.09,0.67,0.56,0.11,0.27,0.3,-0.03,0.94,0.85,0.09,0,0,0,-0.09,56.1,45.83,41.69,0.63,0.27,128,8,10,10,15.87,37.04,8.03,3,5,19,6,11,48.8,40.77,8.4,11.18,22.97,18.18,3,Pharco 0-0 ENPPI,2025-08-10
Pharco,0.85,0.94,-0.09,0.56,0.67,-0.11,0.3,0.27,0.03,0.85,0.94,-0.09,0,0,0,0.09,43.9,54.17,47.94,0.27,0.63,153,10,10,10,37.04,15.87,10.45,5,3,17,7,15,70.9,59.23,66.73,88.82,103.4,81.82,4,Pharco 0-0 ENPPI,2025-08-10
El Gouna,0.9,0.93,-0.03,0.79,0.84,-0.05,0.12,0.08,0.04,0.9,0.93,-0.03,1,0,1,1.03,54.9,47.62,43.89,0.51,0.73,150,12,8,10,15.69,13.7,5.83,6,8,17,4,13,47.3,39.81,17.13,29.53,50.93,35.72,3,Kahraba Ismailia 0-1 El Gouna,2025-08-10
Kahraba Ismailia,0.93,0.9,0.03,0.84,0.79,0.05,0.08,0.12,-0.04,0.93,0.9,0.03,0,1,-1,-1.03,45.1,52.38,48.43,0.73,0.51,149,13,10,8,13.7,15.69,7.86,8,6,15,3,23,71.5,60.19,40.87,70.47,91.67,64.28,1,Kahraba Ismailia 0-1 El Gouna,2025-08-10
Al Ahly,1.42,1.26,0.16,1.31,1.15,0.16,0.11,0.11,0.0,1.42,1.26,0.16,2,2,0,-0.16,66.7,71.71,54.44,0.62,0.36,315,14,16,6,25.81,16.67,6.33,5,1,25,6,12,192.3,85.62,7.53,7.12,117.07,71.66,1,Modern 2-2 Al Ahly,2025-08-09
Modern,1.26,1.42,-0.16,1.15,1.31,-0.16,0.11,0.11,0.0,1.26,1.42,-0.16,2,2,0,0.16,33.3,28.29,42.92,0.36,0.62,92,7,6,16,16.67,25.81,13.67,1,5,12,2,16,32.3,14.38,98.27,92.88,46.3,28.34,2,Modern 2-2 Al Ahly,2025-08-09
Petrojet,0.94,0.25,0.69,0.94,0.19,0.75,0.0,0.06,-0.06,0.94,0.25,0.69,0,0,0,-0.69,48.3,63.74,51.02,0.49,0.17,184,7,9,7,18.37,41.18,8.18,8,5,26,5,9,76.7,73.54,57.27,78.73,107.67,86.52,2,Ismaily 0-0 Petrojet,2025-08-09
Ismaily,0.25,0.94,-0.69,0.19,0.94,-0.75,0.06,0.0,0.06,0.25,0.94,-0.69,0,0,0,0.69,51.7,36.26,41.7,0.17,0.49,124,3,7,9,41.18,18.37,8.6,5,8,12,3,13,27.6,26.46,15.47,21.27,16.77,13.48,0,Ismaily 0-0 Petrojet,2025-08-09
ZED,2.02,0.81,1.21,1.03,0.69,0.34,0.22,0.12,0.1,1.26,0.81,0.45,2,0,2,0.79,44.3,37.46,39.56,1.01,0.94,112,14,10,14,9.9,14.89,15.29,2,6,20,7,10,52.9,30.42,46.53,64.75,77.3,58.69,2,Al Mokawloon 0-2 ZED,2025-08-09
Al Mokawloon,0.81,2.02,-1.21,0.69,1.03,-0.34,0.12,0.22,-0.1,0.81,1.26,-0.45,0,2,-2,-0.79,55.7,62.54,50.74,0.94,1.01,242,15,14,10,14.89,9.9,9.18,6,2,35,6,11,121.0,69.58,25.33,35.25,54.4,41.31,3,Al Mokawloon 0-2 ZED,2025-08-09
El Geish,0.34,2.71,-2.37,0.34,2.18,-1.84,0.0,0.53,-0.53,0.34,2.71,-2.37,1,1,0,2.37,51.6,39.65,42.29,0.36,1.2,126,3,5,14,13.89,11.67,7.84,2,5,9,4,12,36.7,22.03,13.27,19.65,19.43,11.1,1,Smouha 1-1 El Geish,2025-08-09
Smouha,2.71,0.34,2.37,2.18,0.34,1.84,0.53,0.0,0.53,2.71,0.34,2.37,1,1,0,-2.37,48.4,60.35,52.76,1.2,0.36,183,17,14,5,11.67,13.89,9.03,5,2,22,5,17,129.9,77.97,54.27,80.35,155.63,88.9,6,Smouha 1-1 El Geish,2025-08-09
Zamalek,0.79,0.5,0.29,0.62,0.5,0.12,0.17,0.0,0.17,0.79,0.5,0.29,2,0,2,1.71,40.1,36.6,40.64,0.74,0.82,118,7,7,6,9.46,7.32,15.47,2,1,12,6,9,40.1,31.3,74.33,62.99,56.77,46.62,0,Ceramica Cleopatra 0-2 Zamalek,2025-08-08
Ceramica Cleopatra,0.5,0.79,-0.29,0.5,0.62,-0.12,0.0,0.17,-0.17,0.5,0.79,-0.29,0,2,-2,-1.71,59.9,63.4,46.96,0.82,0.74,252,10,6,7,7.32,9.46,10.3,1,2,8,2,12,88.0,68.7,43.67,37.01,65.0,53.38,0,Ceramica Cleopatra 0-2 Zamalek,2025-08-08
Al Ittihad,1.07,1.39,-0.32,0.69,1.31,-0.62,0.38,0.08,0.3,1.07,1.39,-0.32,1,3,-2,-1.68,50.8,45.79,48.49,0.87,0.78,193,17,12,13,13.79,16.67,9.86,4,6,23,6,14,78.0,42.3,37.2,54.44,80.03,38.68,2,Al Masry 3-1 Al Ittihad,2025-08-08
Al Masry,1.39,1.07,0.32,1.31,0.69,0.62,0.08,0.38,-0.3,1.39,1.07,0.32,3,1,2,1.68,49.2,54.21,50.66,0.78,0.87,202,14,13,12,16.67,13.79,10.47,6,4,18,3,12,106.4,57.7,31.13,45.56,126.87,61.32,1,Al Masry 3-1 Al Ittihad,2025-08-08
Pyramids,0.06,0.92,-0.86,0.06,0.78,-0.72,0.0,0.14,-0.14,0.06,0.92,-0.86,0,0,0,0.86,44.3,34.6,41.82,0.11,0.13,113,3,3,9,27.27,69.23,13.96,4,5,13,4,5,18.9,15.95,75.67,73.61,34.67,34.16,0,Wadi Degla 0-0 Pyramids,2025-08-08
Wadi Degla,0.92,0.06,0.86,0.78,0.06,0.72,0.14,0.0,0.14,0.92,0.06,0.86,0,0,0,-0.86,55.7,65.4,47.12,0.13,0.11,190,10,9,3,69.23,27.27,7.9,5,4,15,6,18,99.6,84.05,27.13,26.39,66.83,65.84,13,Wadi Degla 0-0 Pyramids,2025-08-08
