Team,xG,xGA,xGD,Open Play xG,Open Play xGA,Open Play xGD,Set Piece xG,Set Piece xGA,Set Piece xGD,npxG,npxGA,npxGD,Goals,Goals Conceded,GD,GD-xGD,Possession,Field Tilt,Avg Pass Height,xT,xT Against,Passes in Opposition Half,Passes into Box,Shots,Shots Faced,Shots per 1.0 xT,Shots Faced per 1.0 xT Against,PPDA,High Recoveries,High Recoveries Against,Crosses,Corners,Fouls,On-Ball Pressure,On-Ball Pressure Share,Off-Ball Pressure,Off-Ball Pressure Share,Game Control,Game Control Share,Throw-Ins into the Box,Match,Date
Pogoń Szczecin,1.33,1.49,-0.16,1.33,1.39,-0.06,0.00,0.10,-0.10,1.33,1.49,-0.16,1,1,0,0.16,44.60,48.17,48.30,0.62,0.88,166,9,9,14,14.52,15.91,10.65,4,4,8,0,20,56.4,33.25,61.27,61.11,65.43,52.81,2,Cracovia 1-1 Pogoń Szczecin,2026-04-25
Cracovia,1.49,1.33,0.16,1.39,1.33,0.06,0.10,0.00,0.10,1.49,1.33,0.16,1,1,0,-0.16,55.40,51.83,46.01,0.88,0.62,194,12,14,9,15.91,14.52,7.49,4,4,24,7,14,113.2,66.75,39.0,38.89,58.47,47.19,3,Cracovia 1-1 Pogoń Szczecin,2026-04-25
Raków Częstochowa,1.64,2.13,-0.49,0.58,1.34,-0.76,1.06,0.03,1.03,1.64,1.37,0.27,2,1,1,1.49,51.40,44.96,43.99,0.44,1.16,134,8,16,11,36.36,9.48,13.00,5,5,15,3,13,86.5,46.08,23.13,30.04,63.13,36.7,1,Lechia Gdańsk 1-2 Raków Częstochowa,2026-04-25
Lechia Gdańsk,2.13,1.64,0.49,1.34,0.58,0.76,0.03,1.06,-1.03,1.37,1.64,-0.27,1,2,-1,-1.49,48.60,55.04,50.21,1.16,0.44,216,18,11,16,9.48,36.36,10.73,5,5,27,3,13,101.2,53.92,53.87,69.96,108.87,63.3,3,Lechia Gdańsk 1-2 Raków Częstochowa,2026-04-25
GKS Katowice,2.23,1.26,0.97,2.19,1.14,1.05,0.03,0.12,-0.09,2.23,1.26,0.97,1,1,0,-0.97,44.20,40.6,43.07,0.53,1.02,137,11,16,17,30.19,16.67,16.38,8,4,15,3,8,108.4,42.48,80.4,80.02,141.17,56.95,2,Korona Kielce 1-1 GKS Katowice,2026-04-25
Korona Kielce,1.26,2.23,-0.97,1.14,2.19,-1.05,0.12,0.03,0.09,1.26,2.23,-0.97,1,1,0,0.97,55.80,59.4,45.85,1.02,0.53,216,20,17,16,16.67,30.19,12.26,4,8,26,5,9,146.8,57.52,20.07,19.98,106.73,43.05,5,Korona Kielce 1-1 GKS Katowice,2026-04-25
Górnik Zabrze,1.63,0.94,0.69,0.83,0.87,-0.04,0.04,0.07,-0.03,0.87,0.94,-0.07,2,1,1,0.31,38.9,35.08,46.89,0.53,0.64,161,9,11,18,20.75,28.12,14.17,3,4,7,2,14,60.3,23.66,79.6,70.65,70.57,27.75,2,Jagiellonia Białystok 1-2 Górnik Zabrze,2026-04-24
Jagiellonia Białystok,0.94,1.63,-0.69,0.87,0.83,0.04,0.07,0.04,0.03,0.94,0.87,0.07,1,2,-1,-0.31,61.1,64.92,48.63,0.64,0.53,260,12,18,11,28.12,20.75,8.22,4,3,24,7,13,194.6,76.34,33.07,29.35,183.77,72.25,0,Jagiellonia Białystok 1-2 Górnik Zabrze,2026-04-24
Nieciecza,1.56,0.66,0.9,1.48,0.33,1.15,0.09,0.33,-0.24,1.56,0.66,0.9,2,1,1,0.1,58.1,59.93,52.87,1.08,0.26,250,15,15,10,13.89,38.46,10.65,3,3,29,4,16,162.6,70.76,21.6,25.65,131.77,60.54,1,Zagłębie Lubin 1-2 Nieciecza,2026-04-24
Zagłębie Lubin,0.66,1.56,-0.9,0.33,1.48,-1.15,0.33,0.09,0.24,0.66,1.56,-0.9,1,2,-1,-0.1,41.9,40.07,47.34,0.26,1.08,140,18,10,15,38.46,13.89,11.21,3,3,19,6,11,67.2,29.24,62.6,74.35,85.87,39.46,7,Zagłębie Lubin 1-2 Nieciecza,2026-04-24
Piast Gliwice,1.54,1.72,-0.18,0.78,1.35,-0.57,0.0,0.37,-0.37,0.78,1.72,-0.94,1,1,0,0.18,44.1,33.93,43.04,0.62,0.82,134,10,8,19,12.9,23.17,14.22,4,5,10,0,9,57.8,23.62,32.6,45.07,44.37,19.42,2,Lechia Gdańsk 1-1 Piast Gliwice,2026-04-20
Lechia Gdańsk,1.72,1.54,0.18,1.35,0.78,0.57,0.37,0.0,0.37,1.72,0.78,0.94,1,1,0,-0.18,55.9,66.07,53.26,0.82,0.62,279,28,19,8,23.17,12.9,8.91,5,4,31,11,13,186.9,76.38,39.73,54.93,184.1,80.58,4,Lechia Gdańsk 1-1 Piast Gliwice,2026-04-20
Jagiellonia Białystok,1.99,3.02,-1.03,1.99,2.21,-0.22,0.0,0.82,-0.82,1.99,3.02,-1.03,3,0,3,4.03,51.2,35.94,38.62,1.08,0.88,137,15,9,17,8.33,19.32,11.96,2,9,12,3,16,40.2,23.61,27.87,23.43,45.87,28.38,0,Arka Gdynia 0-3 Jagiellonia Białystok,2026-04-19
Arka Gdynia,3.02,1.99,1.03,2.21,1.99,0.22,0.82,0.0,0.82,3.02,1.99,1.03,0,3,-3,-4.03,48.8,64.06,51.8,0.88,1.08,215,13,17,9,19.32,8.33,8.4,9,2,33,7,12,130.1,76.39,91.07,76.57,115.77,71.62,2,Arka Gdynia 0-3 Jagiellonia Białystok,2026-04-19
Cracovia,1.64,2.54,-0.9,1.42,1.74,-0.32,0.22,0.04,0.18,1.64,1.78,-0.14,1,4,-3,-2.1,39.4,56.38,49.66,0.49,0.58,189,13,19,9,38.78,15.52,14.49,3,1,23,7,17,114.0,67.86,144.93,95.02,158.33,74.18,1,Raków Częstochowa 4-1 Cracovia,2026-04-19
Raków Częstochowa,2.54,1.64,0.9,1.74,1.42,0.32,0.04,0.22,-0.18,1.78,1.64,0.14,4,1,3,2.1,60.6,43.62,42.11,0.58,0.49,194,10,9,19,15.52,38.78,11.29,1,3,10,2,10,54.0,32.14,7.6,4.98,55.11,25.82,0,Raków Częstochowa 4-1 Cracovia,2026-04-19
Wisła Płock,1.58,1.51,0.07,0.95,1.48,-0.53,0.63,0.04,0.59,1.58,1.51,0.07,3,1,2,1.93,43.3,38.12,44.15,1.03,1.75,154,15,16,14,15.53,8.0,24.44,2,8,15,5,13,81.0,39.88,60.93,67.3,153.37,71.04,2,Nieciecza 1-3 Wisła Płock,2026-04-19
Nieciecza,1.51,1.58,-0.07,1.48,0.95,0.53,0.04,0.63,-0.59,1.51,1.58,-0.07,1,3,-2,-1.93,56.7,61.88,53.32,1.75,1.03,318,23,14,16,8.0,15.53,12.31,8,2,29,2,9,122.1,60.12,29.6,32.7,62.53,28.96,2,Nieciecza 1-3 Wisła Płock,2026-04-19
Lech Poznań,3.39,0.77,2.62,3.38,0.73,2.65,0.01,0.03,-0.02,3.39,0.77,2.62,2,1,1,-1.62,45.1,43.71,46.61,0.9,0.43,157,17,22,6,24.44,13.95,10.34,7,5,16,6,12,95.8,60.18,57.33,71.73,140.43,83.33,1,Pogoń Szczecin 1-2 Lech Poznań,2026-04-18
Pogoń Szczecin,0.77,3.39,-2.62,0.73,3.38,-2.65,0.03,0.01,0.02,0.77,3.39,-2.62,1,2,-1,1.62,54.9,56.29,47.45,0.43,0.9,202,8,6,22,13.95,24.44,8.31,5,7,22,5,13,63.4,39.82,22.6,28.27,28.1,16.67,4,Pogoń Szczecin 1-2 Lech Poznań,2026-04-18
Korona Kielce,1.51,2.17,-0.66,0.97,1.61,-0.64,0.55,0.56,-0.01,1.51,2.17,-0.66,0,1,-1,-0.34,42.8,36.99,49.24,0.96,0.86,159,20,17,20,17.71,23.26,10.82,2,4,24,6,15,75.8,29.52,67.4,69.15,71.07,32.98,4,Górnik Zabrze 1-0 Korona Kielce,2026-04-18
Górnik Zabrze,2.17,1.51,0.66,1.61,0.97,0.64,0.56,0.55,0.01,2.17,1.51,0.66,1,0,1,0.34,57.2,63.01,54.49,0.86,0.96,288,19,20,17,23.26,17.71,10.38,4,2,22,6,5,181.0,70.48,30.07,30.85,144.43,67.02,0,Górnik Zabrze 1-0 Korona Kielce,2026-04-18
Widzew Łódź,0.39,2.4,-2.01,0.39,2.4,-2.01,0.0,0.0,0.0,0.39,2.4,-2.01,1,2,-1,1.01,49.4,44.98,46.89,0.36,0.85,165,11,8,20,22.22,23.53,8.31,5,4,15,2,15,54.1,27.46,38.33,58.14,73.53,31.39,0,Radomiak Radom 2-1 Widzew Łódź,2026-04-18
Radomiak Radom,2.4,0.39,2.01,2.4,0.39,2.01,0.0,0.0,0.0,2.4,0.39,2.01,2,1,1,-1.01,50.6,55.02,49.31,0.85,0.36,184,17,20,8,23.53,22.22,10.67,4,5,29,6,12,142.9,72.54,27.6,41.86,160.7,68.61,5,Radomiak Radom 2-1 Widzew Łódź,2026-04-18
Zagłębie Lubin,0.57,2.11,-1.54,0.57,1.28,-0.71,0.0,0.83,-0.83,0.57,2.11,-1.54,0,1,-1,0.54,37.7,32.03,43.23,0.4,1.33,93,11,8,13,20.0,9.77,9.42,1,4,15,4,17,36.0,18.83,69.4,82.3,52.67,25.18,2,Legia Warszawa 1-0 Zagłębie Lubin,2026-04-17
Legia Warszawa,2.11,0.57,1.54,1.28,0.57,0.71,0.83,0.0,0.83,2.11,0.57,1.54,1,0,1,-0.54,62.3,67.97,51.65,1.33,0.4,226,20,13,8,9.77,20.0,6.38,4,1,25,10,13,155.2,81.17,14.93,17.7,156.5,74.82,5,Legia Warszawa 1-0 Zagłębie Lubin,2026-04-17
Motor Lublin,1.24,2.66,-1.42,1.22,2.61,-1.39,0.02,0.05,-0.03,1.24,2.66,-1.42,2,3,-1,0.42,55.0,41.64,44.21,0.66,1.77,187,16,16,23,24.24,12.99,7.67,2,9,21,7,14,48.8,21.6,9.2,9.38,21.67,7.25,4,GKS Katowice 3-2 Motor Lublin,2026-04-17
GKS Katowice,2.66,1.24,1.42,2.61,1.22,1.39,0.05,0.02,0.03,2.66,1.24,1.42,3,2,1,-0.42,45.0,58.36,53.78,1.77,0.66,222,34,23,16,12.99,24.24,11.09,9,2,26,4,12,177.1,78.4,88.93,90.62,277.3,92.75,2,GKS Katowice 3-2 Motor Lublin,2026-04-17
Pogoń Szczecin,1.85,1.86,-0.01,1.09,1.76,-0.67,0.0,0.1,-0.1,1.09,1.86,-0.77,2,0,2,2.01,41.7,38.44,42.2,0.24,1.43,125,4,4,15,16.67,10.49,12.27,2,9,8,1,14,43.9,21.03,50.8,56.78,59.93,41.99,4,Piast Gliwice 0-2 Pogoń Szczecin,2026-04-13
Piast Gliwice,1.86,1.85,0.01,1.76,1.09,0.67,0.1,0.0,0.1,1.86,1.09,0.77,0,2,-2,-2.01,58.3,61.56,50.72,1.43,0.24,252,20,15,4,10.49,16.67,6.24,9,2,34,11,13,164.8,78.97,38.67,43.22,82.8,58.01,7,Piast Gliwice 0-2 Pogoń Szczecin,2026-04-13
GKS Katowice,2.07,2.18,-0.11,1.67,2.1,-0.43,0.39,0.08,0.31,2.07,2.18,-0.11,3,3,0,0.11,37.9,40.51,45.91,0.73,1.25,154,12,18,19,24.66,15.2,21.29,2,3,25,9,8,59.2,28.75,134.2,90.35,166.43,85.92,1,Lech Poznań 3-3 GKS Katowice,2026-04-12
Lech Poznań,2.18,2.07,0.11,2.1,1.67,0.43,0.08,0.39,-0.31,2.18,2.07,0.11,3,3,0,-0.11,62.1,59.49,44.41,1.25,0.73,248,20,19,18,15.2,24.66,10.58,3,2,26,6,10,146.7,71.25,14.33,9.65,27.27,14.08,0,Lech Poznań 3-3 GKS Katowice,2026-04-12
Raków Częstochowa,2.04,0.98,1.06,1.28,0.98,0.3,0.0,0.0,0.0,1.28,0.98,0.3,1,1,0,-1.06,49.4,56.27,50.75,0.92,1.06,212,16,12,7,13.04,6.6,10.23,9,3,16,4,7,106.8,73.55,64.27,58.04,128.9,71.57,3,Motor Lublin 1-1 Raków Częstochowa,2026-04-12
Motor Lublin,0.98,2.04,-1.06,0.98,1.28,-0.3,0.0,0.0,0.0,0.98,1.28,-0.3,1,1,0,1.06,50.6,43.73,45.02,1.06,0.92,184,16,7,12,6.6,13.04,15.0,3,9,19,7,13,38.4,26.45,46.47,41.96,51.2,28.43,3,Motor Lublin 1-1 Raków Częstochowa,2026-04-12
Arka Gdynia,1.18,1.23,-0.05,1.18,0.85,0.33,0.0,0.38,-0.38,1.18,1.23,-0.05,2,2,0,0.05,49.3,38.38,43.78,0.57,0.56,152,14,10,12,17.54,21.43,7.5,5,5,19,3,10,46.5,31.48,53.47,55.04,45.7,35.07,3,Cracovia 2-2 Arka Gdynia,2026-04-12
Cracovia,1.23,1.18,0.05,0.85,1.18,-0.33,0.38,0.0,0.38,1.23,1.18,0.05,2,2,0,-0.05,50.7,61.62,50.15,0.56,0.57,207,10,12,10,21.43,17.54,8.31,5,5,13,5,20,101.2,68.52,43.67,44.96,84.6,64.93,3,Cracovia 2-2 Arka Gdynia,2026-04-12
Górnik Zabrze,0.69,1.67,-0.98,0.5,0.88,-0.38,0.2,0.03,0.17,0.69,0.91,-0.22,1,1,0,0.98,57.2,46.97,48.09,0.37,0.66,259,13,7,14,18.92,21.21,9.83,5,5,13,3,10,65.3,34.21,39.27,29.87,34.7,18.85,2,Legia Warszawa 1-1 Górnik Zabrze,2026-04-11
Legia Warszawa,1.67,0.69,0.98,0.88,0.5,0.38,0.03,0.2,-0.17,0.91,0.69,0.22,1,1,0,-0.98,42.8,53.03,52.99,0.66,0.37,225,15,14,7,21.21,18.92,12.53,5,5,24,6,14,125.6,65.79,92.2,70.13,149.43,81.15,5,Legia Warszawa 1-1 Górnik Zabrze,2026-04-11
Radomiak Radom,0.54,0.87,-0.33,0.47,0.87,-0.4,0.07,0.0,0.07,0.54,0.87,-0.33,0,1,-1,-0.67,62.6,51.59,48.22,0.78,0.9,225,15,10,17,12.82,18.89,6.29,2,6,24,3,14,82.4,48.96,3.73,4.04,41.87,20.53,3,Zagłębie Lubin 1-0 Radomiak Radom,2026-04-11
Zagłębie Lubin,0.87,0.54,0.33,0.87,0.47,0.4,0.0,0.07,-0.07,0.87,0.54,0.33,1,0,1,0.67,37.4,48.41,52.03,0.9,0.78,143,18,17,10,18.89,12.82,8.22,6,2,13,1,24,85.9,51.04,88.53,95.96,162.07,79.47,9,Zagłębie Lubin 1-0 Radomiak Radom,2026-04-11
Nieciecza,0.98,2.28,-1.3,0.98,2.09,-1.11,0.0,0.19,-0.19,0.98,2.28,-1.3,0,1,-1,0.3,44.0,45.85,49.3,0.96,1.53,175,11,9,20,9.38,13.07,9.36,6,11,16,1,19,72.5,32.78,49.8,67.05,75.27,37.1,1,Widzew Łódź 1-0 Nieciecza,2026-04-11
Widzew Łódź,2.28,0.98,1.3,2.09,0.98,1.11,0.19,0.0,0.19,2.28,0.98,1.3,1,0,1,-0.3,56.0,54.15,50.95,1.53,0.96,240,17,20,9,13.07,9.38,7.03,11,6,35,10,14,148.7,67.22,24.47,32.95,127.63,62.9,1,Widzew Łódź 1-0 Nieciecza,2026-04-11
Jagiellonia Białystok,1.1,2.48,-1.38,0.28,2.43,-2.15,0.06,0.05,0.01,0.34,2.48,-2.14,1,1,0,1.38,63.6,47.78,43.55,0.16,0.94,222,7,10,21,62.5,22.34,6.9,6,7,7,3,11,80.1,42.16,5.67,4.37,38.6,17.13,0,Korona Kielce 1-1 Jagiellonia Białystok,2026-04-10
Korona Kielce,2.48,1.1,1.38,2.43,0.28,2.15,0.05,0.06,-0.01,2.48,0.34,2.14,1,1,0,-1.38,36.4,52.22,54.01,0.94,0.16,174,25,21,10,22.34,62.5,15.75,7,6,22,5,9,109.9,57.84,124.0,95.63,186.73,82.87,6,Korona Kielce 1-1 Jagiellonia Białystok,2026-04-10
Lechia Gdańsk,1.69,1.57,0.12,1.56,1.54,0.02,0.12,0.03,0.09,1.69,1.57,0.12,0,1,-1,-1.12,67.3,76.37,56.27,1.37,0.44,373,17,17,9,12.41,20.45,9.42,4,2,53,13,9,200.6,92.91,9.2,10.33,130.73,80.78,8,Wisła Płock 1-0 Lechia Gdańsk,2026-04-10
Wisła Płock,1.57,1.69,-0.12,1.54,1.56,-0.02,0.03,0.12,-0.09,1.57,1.69,-0.12,1,0,1,1.12,32.7,23.63,43.26,0.44,1.37,106,8,9,17,20.45,12.41,17.24,2,4,15,4,10,15.3,7.09,79.87,89.67,31.1,19.22,1,Wisła Płock 1-0 Lechia Gdańsk,2026-04-10
Zagłębie Lubin,0.85,2.05,-1.2,0.78,1.66,-0.88,0.07,0.38,-0.31,0.85,2.05,-1.2,1,3,-2,-0.8,49.8,58.13,52.53,0.99,0.63,198,14,11,14,11.11,22.22,7.61,5,3,32,5,15,76.2,52.3,42.93,52.87,73.33,41.71,3,Arka Gdynia 3-1 Zagłębie Lubin,2026-04-07
Arka Gdynia,2.05,0.85,1.2,1.66,0.78,0.88,0.38,0.07,0.31,2.05,0.85,1.2,3,1,2,0.8,50.2,41.87,46.65,0.63,0.99,147,14,14,11,22.22,11.11,7.9,3,5,13,5,13,69.5,47.7,38.27,47.13,102.47,58.29,3,Arka Gdynia 3-1 Zagłębie Lubin,2026-04-07
Korona Kielce,1.86,3.01,-1.15,0.9,2.08,-1.18,0.2,0.17,0.03,1.1,2.25,-1.15,2,4,-2,-0.85,48.7,42.11,45.75,0.42,0.99,147,16,18,17,42.86,17.17,17.69,1,9,16,5,6,68.7,38.02,40.53,53.71,47.1,19.29,8,Lechia Gdańsk 4-2 Korona Kielce,2026-04-06
Lechia Gdańsk,3.01,1.86,1.15,2.08,0.9,1.18,0.17,0.2,-0.03,2.25,1.1,1.15,4,2,2,0.85,51.3,57.89,52.59,0.99,0.42,229,21,17,18,17.17,42.86,9.77,9,1,21,6,14,112.0,61.98,34.93,46.29,197.07,80.71,0,Lechia Gdańsk 4-2 Korona Kielce,2026-04-06
Legia Warszawa,2.14,0.62,1.52,1.94,0.56,1.38,0.19,0.07,0.12,2.14,0.62,1.52,2,0,2,0.48,43.1,52.32,56.45,0.78,0.4,216,13,10,14,12.82,35.0,9.56,6,4,20,3,11,119.8,53.87,102.07,78.43,196.43,88.86,9,Pogoń Szczecin 0-2 Legia Warszawa,2026-04-06
Pogoń Szczecin,0.62,2.14,-1.52,0.56,1.94,-1.38,0.07,0.19,-0.12,0.62,2.14,-1.52,0,2,-2,-0.48,56.9,47.68,49.84,0.4,0.78,255,10,14,10,35.0,12.82,8.68,4,6,14,4,9,102.6,46.13,28.07,21.57,24.63,11.14,2,Pogoń Szczecin 0-2 Legia Warszawa,2026-04-06
Motor Lublin,0.95,1.55,-0.6,0.62,1.34,-0.72,0.33,0.21,0.12,0.95,1.55,-0.6,1,1,0,0.6,53.5,55.42,51.16,1.37,1.0,253,24,14,17,10.22,17.0,10.45,3,5,39,10,14,92.9,47.49,31.73,35.39,75.4,44.41,1,Radomiak Radom 1-1 Motor Lublin,2026-04-06
Radomiak Radom,1.55,0.95,0.6,1.34,0.62,0.72,0.21,0.33,-0.12,1.55,0.95,0.6,1,1,0,-0.6,46.5,44.58,47.62,1.0,1.37,205,21,17,14,17.0,10.22,9.86,5,3,25,6,15,102.7,52.51,57.93,64.61,94.4,55.59,4,Radomiak Radom 1-1 Motor Lublin,2026-04-06
Piast Gliwice,1.92,2.29,-0.37,1.56,0.56,1.0,0.36,0.97,-0.61,1.92,1.53,0.39,2,3,-1,-0.63,62.9,67.74,51.22,1.34,0.26,275,27,20,6,14.93,23.08,12.95,3,2,27,9,9,193.2,95.6,16.4,27.95,151.93,83.48,11,Nieciecza 3-2 Piast Gliwice,2026-04-06
Nieciecza,2.29,1.92,0.37,0.56,1.56,-1.0,0.97,0.36,0.61,1.53,1.92,-0.39,3,2,1,0.63,37.1,32.26,42.94,0.26,1.34,118,3,6,20,23.08,14.93,16.04,2,3,9,2,10,8.9,4.4,42.27,72.05,30.07,16.52,0,Nieciecza 3-2 Piast Gliwice,2026-04-06
Lech Poznań,1.62,0.57,1.05,1.45,0.54,0.91,0.17,0.03,0.14,1.62,0.57,1.05,0,0,0,-1.05,51.4,51.24,48.37,1.49,0.51,249,20,17,10,11.41,19.61,13.83,6,4,17,3,12,106.1,69.76,49.87,43.54,110.43,62.9,0,Jagiellonia Białystok 0-0 Lech Poznań,2026-04-04
Jagiellonia Białystok,0.57,1.62,-1.05,0.54,1.45,-0.91,0.03,0.17,-0.14,0.57,1.62,-1.05,0,0,0,1.05,48.6,48.76,47.76,0.51,1.49,231,10,10,17,19.61,11.41,12.52,4,6,16,3,15,46.0,30.24,64.67,56.46,65.13,37.1,0,Jagiellonia Białystok 0-0 Lech Poznań,2026-04-04
Cracovia,1.63,3.14,-1.51,1.34,2.9,-1.56,0.29,0.24,0.05,1.63,3.14,-1.51,0,3,-3,-1.49,47.4,43.87,46.23,0.38,0.48,196,8,16,15,42.11,31.25,11.63,11,4,16,6,11,70.6,34.85,57.33,59.59,62.94,28.85,0,Górnik Zabrze 3-0 Cracovia,2026-04-04
Górnik Zabrze,3.14,1.63,1.51,2.9,1.34,1.56,0.24,0.29,-0.05,3.14,1.63,1.51,3,0,3,1.49,52.6,56.13,45.97,0.48,0.38,205,16,15,16,31.25,42.11,12.9,4,11,13,4,10,132.0,65.15,38.87,40.41,155.23,71.15,0,Górnik Zabrze 3-0 Cracovia,2026-04-04
Widzew Łódź,1.33,1.59,-0.26,1.03,1.16,-0.13,0.29,0.44,-0.15,1.33,1.59,-0.26,1,1,0,0.26,61.0,68.91,53.63,0.9,0.99,309,17,16,6,17.78,6.06,8.52,2,2,31,5,20,242.8,84.57,33.8,29.44,199.43,81.55,0,Raków Częstochowa 1-1 Widzew Łódź,2026-04-04
Raków Częstochowa,1.59,1.33,0.26,1.16,1.03,0.13,0.44,0.29,0.15,1.59,1.33,0.26,1,1,0,-0.26,39.0,31.09,41.08,0.99,0.9,112,14,6,16,6.06,17.78,13.56,2,2,9,4,10,44.3,15.43,81.0,70.56,45.13,18.45,3,Raków Częstochowa 1-1 Widzew Łódź,2026-04-04
Wisła Płock,1.24,0.84,0.4,1.18,0.31,0.87,0.06,0.52,-0.46,1.24,0.84,0.4,0,1,-1,-1.4,36.9,31.94,46.16,0.8,1.17,153,15,15,15,18.75,12.82,17.45,5,3,17,2,9,58.6,20.87,100.6,78.43,64.9,29.44,3,GKS Katowice 1-0 Wisła Płock,2026-04-04
GKS Katowice,0.84,1.24,-0.4,0.31,1.18,-0.87,0.52,0.06,0.46,0.84,1.24,-0.4,1,0,1,1.4,63.1,68.06,56.37,1.17,0.8,398,22,15,15,12.82,18.75,12.95,3,5,41,10,9,222.2,79.13,27.67,21.57,155.57,70.56,1,GKS Katowice 1-0 Wisła Płock,2026-04-04
Raków Częstochowa,1.48,2.59,-1.11,0.33,1.75,-1.42,1.15,0.08,1.07,1.48,1.83,-0.35,1,1,0,1.11,46.4,35.06,46.48,0.07,1.19,184,7,11,18,157.14,15.13,9.61,4,4,7,3,11,53.6,22.61,71.87,57.13,59.27,33.58,2,Legia Warszawa 1-1 Raków Częstochowa,2026-03-22
Legia Warszawa,2.59,1.48,1.11,1.75,0.33,1.42,0.08,1.15,-1.07,1.83,1.48,0.35,1,1,0,-1.11,53.6,64.94,52.67,1.19,0.07,275,17,18,11,15.13,157.14,8.92,4,4,30,7,18,183.5,77.39,53.93,42.87,117.23,66.42,1,Legia Warszawa 1-1 Raków Częstochowa,2026-03-22
Górnik Zabrze,0.46,0.41,0.05,0.43,0.41,0.02,0.03,0.0,0.03,0.46,0.41,0.05,0,0,0,-0.05,53.5,52.36,46.12,0.29,0.26,204,9,8,5,27.59,19.23,10.72,5,5,10,2,9,108.2,63.91,21.87,30.46,90.83,55.85,1,Widzew Łódź 0-0 Górnik Zabrze,2026-03-22
Widzew Łódź,0.41,0.46,-0.05,0.41,0.43,-0.02,0.0,0.03,-0.03,0.41,0.46,-0.05,0,0,0,0.05,46.5,47.64,48.99,0.26,0.29,195,7,5,8,19.23,27.59,9.66,5,5,15,1,17,61.1,36.09,49.93,69.54,71.8,44.15,4,Widzew Łódź 0-0 Górnik Zabrze,2026-03-22
Nieciecza,1.73,4.27,-2.54,1.66,4.19,-2.53,0.07,0.08,-0.01,1.73,4.27,-2.54,1,4,-3,-0.46,32.8,31.96,46.98,0.49,1.46,126,10,10,26,20.41,17.81,23.4,2,5,10,5,17,44.6,17.95,128.73,97.63,43.69,17.02,0,Lech Poznań 4-1 Nieciecza,2026-03-22
Lech Poznań,4.27,1.73,2.54,4.19,1.66,2.53,0.08,0.07,0.01,4.27,1.73,2.54,4,1,3,0.46,67.2,68.04,50.77,1.46,0.49,324,27,26,10,17.81,20.41,7.31,5,2,25,6,7,203.9,82.05,3.13,2.37,212.94,82.98,0,Lech Poznań 4-1 Nieciecza,2026-03-22
Arka Gdynia,1.2,3.74,-2.54,1.14,2.55,-1.41,0.06,0.43,-0.37,1.2,2.98,-1.78,0,3,-3,-0.46,46.3,43.48,43.66,0.62,0.61,144,9,10,25,16.13,40.98,9.26,10,7,13,3,16,41.3,23.36,39.73,53.54,31.56,11.94,3,Korona Kielce 3-0 Arka Gdynia,2026-03-22
Korona Kielce,3.74,1.2,2.54,2.55,1.14,1.41,0.43,0.06,0.37,2.98,1.2,1.78,3,0,3,0.46,53.7,56.52,46.52,0.61,0.62,210,16,25,10,40.98,16.13,7.44,7,10,20,7,14,135.5,76.64,34.47,46.46,232.76,88.06,1,Korona Kielce 3-0 Arka Gdynia,2026-03-22
Wisła Płock,1.32,3.39,-2.07,1.32,3.37,-2.05,0.0,0.02,-0.02,1.32,3.39,-2.07,2,1,1,3.07,26.2,12.85,41.85,0.77,0.72,88,4,6,25,7.79,34.72,21.06,3,3,9,1,10,0.7,0.13,119.47,97.97,7.53,2.26,4,Jagiellonia Białystok 1-2 Wisła Płock,2026-03-21
Jagiellonia Białystok,3.39,1.32,2.07,3.37,1.32,2.05,0.02,0.0,0.02,3.39,1.32,2.07,1,2,-1,-3.07,73.8,87.15,63.81,0.72,0.77,598,13,25,6,34.72,7.79,11.84,3,3,53,8,6,538.3,99.87,2.47,2.03,325.13,97.74,0,Jagiellonia Białystok 1-2 Wisła Płock,2026-03-21
Pogoń Szczecin,1.58,2.43,-0.85,0.66,2.05,-1.39,0.93,0.38,0.55,1.58,2.43,-0.85,1,2,-1,-0.15,59.4,55.19,47.53,0.77,1.04,226,22,18,15,23.38,14.42,12.43,2,4,23,9,6,107.5,60.77,6.8,7.47,75.03,34.51,4,Lechia Gdańsk 2-1 Pogoń Szczecin,2026-03-21
Lechia Gdańsk,2.43,1.58,0.85,2.05,0.66,1.39,0.38,0.93,-0.55,2.43,1.58,0.85,2,1,1,0.15,40.6,44.81,49.54,1.04,0.77,161,13,15,18,14.42,23.38,13.17,4,2,21,7,10,69.4,39.23,84.27,92.53,142.4,65.49,2,Lechia Gdańsk 2-1 Pogoń Szczecin,2026-03-21
GKS Katowice,1.93,1.33,0.6,1.83,0.46,1.37,0.1,0.11,-0.01,1.93,0.57,1.36,0,1,-1,-1.6,59.5,60.77,48.26,0.55,0.62,213,22,17,9,30.91,14.52,9.11,5,6,21,3,14,155.9,68.74,26.2,31.31,139.37,61.13,4,Cracovia 1-0 GKS Katowice,2026-03-21
Cracovia,1.33,1.93,-0.6,0.46,1.83,-1.37,0.11,0.1,0.01,0.57,1.93,-1.36,1,0,1,1.6,40.5,39.23,41.52,0.62,0.55,117,11,9,17,14.52,30.91,10.0,6,5,13,6,11,70.9,31.26,57.47,68.69,88.63,38.87,3,Cracovia 1-0 GKS Katowice,2026-03-21
Zagłębie Lubin,0.38,2.0,-1.62,0.35,1.69,-1.34,0.03,0.32,-0.29,0.38,2.0,-1.62,0,1,-1,0.62,54.0,67.7,53.16,1.17,0.49,225,22,9,9,7.69,18.37,5.19,16,2,22,5,14,119.7,74.86,22.8,39.04,117.0,65.84,10,Motor Lublin 1-0 Zagłębie Lubin,2026-03-20
Motor Lublin,2.0,0.38,1.62,1.69,0.35,1.34,0.32,0.03,0.29,2.0,0.38,1.62,1,0,1,-0.62,46.0,32.3,44.24,0.49,1.17,127,12,9,9,18.37,7.69,10.96,2,16,12,4,13,40.2,25.14,35.6,60.96,60.7,34.16,5,Motor Lublin 1-0 Zagłębie Lubin,2026-03-20
Radomiak Radom,0.57,2.9,-2.33,0.57,2.12,-1.55,0.0,0.01,-0.01,0.57,2.14,-1.57,1,3,-2,0.33,55.2,45.13,46.58,0.67,1.38,230,12,6,19,8.96,13.77,16.24,3,11,16,3,8,56.7,31.34,24.73,21.63,18.47,8.31,0,Piast Gliwice 3-1 Radomiak Radom,2026-03-20
Piast Gliwice,2.9,0.57,2.33,2.12,0.57,1.55,0.01,0.0,0.01,2.14,0.57,1.57,3,1,2,-0.33,44.8,54.87,51.49,1.38,0.67,226,20,19,6,13.77,8.96,12.19,11,3,17,5,7,124.2,68.66,89.6,78.37,203.73,91.69,4,Piast Gliwice 3-1 Radomiak Radom,2026-03-20
GKS Katowice,0.45,1.6,-1.15,0.38,1.45,-1.07,0.07,0.15,-0.08,0.45,1.6,-1.15,1,2,-1,0.15,48.9,46.69,44.95,0.83,0.65,208,11,13,18,15.66,27.69,12.03,2,7,14,1,16,100.6,40.68,55.93,59.8,82.47,29.0,2,Jagiellonia Białystok 2-1 GKS Katowice,2026-03-17
Jagiellonia Białystok,1.6,0.45,1.15,1.45,0.38,1.07,0.15,0.07,0.08,1.6,0.45,1.15,2,1,1,-0.15,51.1,53.31,45.2,0.65,0.83,216,18,18,13,27.69,15.66,11.59,7,2,17,5,15,146.7,59.32,37.6,40.2,201.9,71.0,0,Jagiellonia Białystok 2-1 GKS Katowice,2026-03-17
Raków Częstochowa,1.52,0.95,0.57,0.82,0.95,-0.13,0.7,0.0,0.7,1.52,0.95,0.57,1,3,-2,-2.57,56.3,49.49,47.15,0.32,0.3,214,10,15,13,46.88,43.33,10.88,3,3,24,7,10,91.2,48.9,25.27,19.59,51.53,20.39,1,Górnik Zabrze 3-1 Raków Częstochowa,2026-03-15
Górnik Zabrze,0.95,1.52,-0.57,0.95,0.82,0.13,0.0,0.7,-0.7,0.95,1.52,-0.57,3,1,2,2.57,43.7,50.51,48.73,0.3,0.32,180,7,13,15,43.33,46.88,13.93,3,3,14,4,12,95.3,51.1,103.73,80.41,201.23,79.61,0,Górnik Zabrze 3-1 Raków Częstochowa,2026-03-15
Lech Poznań,1.66,0.64,1.02,1.66,0.63,1.03,0.0,0.01,-0.01,1.66,0.64,1.02,1,0,1,-0.02,62.9,52.69,45.05,0.59,0.51,230,9,15,14,25.42,27.45,7.14,4,8,11,3,14,94.8,65.51,9.87,8.59,53.53,39.99,1,Zagłębie Lubin 0-1 Lech Poznań,2026-03-15
Zagłębie Lubin,0.64,1.66,-1.02,0.63,1.66,-1.03,0.01,0.0,0.01,0.64,1.66,-1.02,0,1,-1,0.02,37.1,47.31,46.26,0.51,0.59,142,16,14,15,27.45,25.42,10.91,8,4,19,2,12,49.9,34.49,105.07,91.41,80.33,60.01,6,Zagłębie Lubin 0-1 Lech Poznań,2026-03-15
Widzew Łódź,0.91,0.56,0.35,0.91,0.55,0.36,0.0,0.01,-0.01,0.91,0.56,0.35,0,0,0,-0.35,50.0,51.59,50.24,0.48,0.2,192,14,10,10,20.83,50.0,7.41,3,3,11,3,21,82.9,57.97,38.07,61.21,95.53,61.9,1,Arka Gdynia 0-0 Widzew Łódź,2026-03-15
Arka Gdynia,0.56,0.91,-0.35,0.55,0.91,-0.36,0.01,0.0,0.01,0.56,0.91,-0.35,0,0,0,0.35,50.0,48.41,43.73,0.2,0.48,145,7,10,10,50.0,20.83,7.05,3,3,22,8,20,60.1,42.03,24.13,38.79,58.8,38.1,5,Arka Gdynia 0-0 Widzew Łódź,2026-03-15
Wisła Płock,0.74,2.28,-1.54,0.46,1.69,-1.23,0.27,0.59,-0.32,0.74,2.28,-1.54,2,1,1,2.54,26.5,19.71,41.5,0.16,0.89,72,5,5,28,31.25,31.46,21.87,3,5,6,4,8,5.1,1.39,95.93,97.1,7.63,2.25,1,Cracovia 1-2 Wisła Płock,2026-03-14
Cracovia,2.28,0.74,1.54,1.69,0.46,1.23,0.59,0.27,0.32,2.28,0.74,1.54,1,2,-1,-2.54,73.5,80.29,60.76,0.89,0.16,436,24,28,5,31.46,31.25,8.33,5,3,56,11,6,362.9,98.61,2.87,2.9,332.0,97.75,1,Cracovia 1-2 Wisła Płock,2026-03-14
Lechia Gdańsk,1.26,1.17,0.09,1.2,1.05,0.15,0.06,0.11,-0.05,1.26,1.17,0.09,0,2,-2,-2.09,61.7,62.95,48.46,0.61,0.4,264,9,14,13,22.95,32.5,8.63,10,4,19,5,8,102.3,72.6,17.0,15.08,74.93,36.05,4,GKS Katowice 2-0 Lechia Gdańsk,2026-03-14
GKS Katowice,1.17,1.26,-0.09,1.05,1.2,-0.15,0.11,0.06,0.05,1.17,1.26,-0.09,2,0,2,2.09,38.3,37.05,44.92,0.4,0.61,137,7,13,14,32.5,22.95,17.39,4,10,14,5,9,38.6,27.4,95.73,84.92,132.93,63.95,0,GKS Katowice 2-0 Lechia Gdańsk,2026-03-14
Piast Gliwice,1.19,0.53,0.66,0.95,0.44,0.51,0.24,0.09,0.15,1.19,0.53,0.66,2,1,1,0.34,35.6,41.19,54.06,0.6,0.73,195,18,17,15,28.33,20.55,14.47,6,9,17,7,15,102.5,40.37,117.73,96.82,185.93,80.21,3,Jagiellonia Białystok 1-2 Piast Gliwice,2026-03-14
Jagiellonia Białystok,0.53,1.19,-0.66,0.44,0.95,-0.51,0.09,0.24,-0.15,0.53,1.19,-0.66,1,2,-1,-0.34,64.4,58.81,49.85,0.73,0.6,343,12,15,17,20.55,28.33,7.23,9,6,31,7,6,151.4,59.63,3.87,3.18,45.87,19.79,0,Jagiellonia Białystok 1-2 Piast Gliwice,2026-03-14
Korona Kielce,0.47,2.18,-1.71,0.47,1.6,-1.13,0.0,0.58,-0.58,0.47,2.18,-1.71,1,2,-1,0.71,37.2,32.23,45.92,0.25,1.54,153,7,6,23,24.0,14.94,15.24,4,9,18,3,7,40.3,15.74,87.8,73.29,32.13,11.43,6,Pogoń Szczecin 2-1 Korona Kielce,2026-03-16
Pogoń Szczecin,2.18,0.47,1.71,1.6,0.47,1.13,0.58,0.0,0.58,2.18,0.47,1.71,2,1,1,-0.71,62.8,67.77,54.94,1.54,0.25,348,22,23,6,14.94,24.0,7.43,9,4,39,10,12,215.7,84.26,32.0,26.71,248.9,88.57,4,Pogoń Szczecin 2-1 Korona Kielce,2026-03-16
Legia Warszawa,0.94,0.68,0.26,0.64,0.17,0.47,0.3,0.5,-0.2,0.94,0.68,0.26,1,1,0,-0.26,42.7,46.93,45.89,0.36,0.13,142,16,12,7,33.33,53.85,9.08,3,1,20,7,19,68.9,61.74,88.2,86.41,130.9,81.17,6,Radomiak Radom 1-1 Legia Warszawa,2026-03-13
Radomiak Radom,0.68,0.94,-0.26,0.17,0.64,-0.47,0.5,0.3,0.2,0.68,0.94,-0.26,1,1,0,0.26,57.3,53.07,47.29,0.13,0.36,215,2,7,12,53.85,33.33,9.46,1,3,12,3,14,42.7,38.26,13.87,13.59,30.37,18.83,1,Radomiak Radom 1-1 Legia Warszawa,2026-03-13
Motor Lublin,1.81,1.55,0.26,0.99,1.06,-0.07,0.06,0.5,-0.44,1.05,1.55,-0.5,2,1,1,0.74,55.1,47.91,45.08,1.05,1.28,211,17,11,20,10.48,15.62,9.03,2,5,14,4,13,83.1,42.18,28.27,23.45,66.3,33.77,0,Nieciecza 1-2 Motor Lublin,2026-03-13
Nieciecza,1.55,1.81,-0.26,1.06,0.99,0.07,0.5,0.06,0.44,1.55,1.05,0.5,1,2,-1,-0.74,44.9,52.09,52.32,1.28,1.05,226,23,20,11,15.62,10.48,11.5,5,2,22,4,19,113.9,57.82,92.27,76.55,130.0,66.23,3,Nieciecza 1-2 Motor Lublin,2026-03-13
Arka Gdynia,2.89,1.27,1.62,2.89,1.14,1.75,0.0,0.13,-0.13,2.89,1.27,1.62,3,0,3,1.38,49.3,50.3,51.44,0.94,0.92,246,13,15,14,15.96,15.22,13.27,3,6,15,2,11,95.6,59.71,51.07,64.65,145.13,73.77,0,Wisła Płock 0-3 Arka Gdynia,2026-03-09
Wisła Płock,1.27,2.89,-1.62,1.14,2.89,-1.75,0.13,0.0,0.13,1.27,2.89,-1.62,0,3,-3,-1.38,50.7,49.7,49.28,0.92,0.94,234,13,14,15,15.22,15.96,13.83,6,3,23,6,9,64.5,40.29,27.93,35.35,51.6,26.23,2,Wisła Płock 0-3 Arka Gdynia,2026-03-09
Cracovia,0.84,1.66,-0.82,0.57,1.51,-0.94,0.27,0.14,0.13,0.84,1.66,-0.82,0,1,-1,-0.18,58.9,60.69,50.86,0.8,0.6,314,13,10,14,12.5,23.33,7.66,3,11,19,3,15,120.2,60.46,35.8,27.29,50.03,35.47,3,Legia Warszawa 1-0 Cracovia,2026-03-08
Legia Warszawa,1.66,0.84,0.82,1.51,0.57,0.94,0.14,0.27,-0.13,1.66,0.84,0.82,1,0,1,0.18,41.1,39.31,46.13,0.6,0.8,163,13,14,10,23.33,12.5,10.16,11,3,15,4,19,78.6,39.54,95.4,72.71,91.03,64.53,2,Legia Warszawa 1-0 Cracovia,2026-03-08
Pogoń Szczecin,0.17,2.52,-2.35,0.17,1.93,-1.76,0.0,0.58,-0.58,0.17,2.52,-2.35,0,2,-2,0.35,36.5,21.34,36.98,0.13,1.09,85,1,5,23,38.46,21.1,17.65,1,9,4,0,13,4.6,1.83,86.8,81.37,13.13,4.2,0,Raków Częstochowa 2-0 Pogoń Szczecin,2026-03-08
Raków Częstochowa,2.52,0.17,2.35,1.93,0.17,1.76,0.58,0.0,0.58,2.52,0.17,2.35,2,0,2,-0.35,63.5,78.66,52.88,1.09,0.13,325,29,23,5,21.1,38.46,8.35,9,1,24,6,10,247.0,98.17,19.87,18.63,299.83,95.8,1,Raków Częstochowa 2-0 Pogoń Szczecin,2026-03-08
GKS Katowice,0.94,1.35,-0.41,0.9,1.32,-0.42,0.05,0.02,0.03,0.94,1.35,-0.41,1,0,1,1.41,33.1,32.09,49.24,0.5,1.35,135,10,9,15,18.0,11.11,8.58,6,5,13,3,25,26.8,13.07,91.53,95.02,70.57,43.43,0,Radomiak Radom 0-1 GKS Katowice,2026-03-08
Radomiak Radom,1.35,0.94,0.41,1.32,0.9,0.42,0.02,0.05,-0.03,1.35,0.94,0.41,0,1,-1,-1.41,66.9,67.91,51.14,1.35,0.5,271,15,15,9,11.11,18.0,7.03,5,6,40,8,11,178.2,86.93,4.8,4.98,91.93,56.57,0,Radomiak Radom 0-1 GKS Katowice,2026-03-08
Górnik Zabrze,0.67,0.4,0.27,0.43,0.37,0.06,0.24,0.03,0.21,0.67,0.4,0.27,0,0,0,-0.27,39.8,49.32,51.59,0.28,1.15,189,12,11,6,39.29,5.22,10.75,6,5,24,6,10,81.4,55.53,101.27,83.69,124.13,82.46,5,Motor Lublin 0-0 Górnik Zabrze,2026-03-08
Motor Lublin,0.4,0.67,-0.27,0.37,0.43,-0.06,0.03,0.24,-0.21,0.4,0.67,-0.27,0,0,0,0.27,60.2,50.68,47.91,1.15,0.28,225,18,6,11,5.22,39.29,7.15,5,6,25,4,12,65.2,44.47,19.73,16.31,26.4,17.54,9,Motor Lublin 0-0 Górnik Zabrze,2026-03-08
Lech Poznań,1.04,0.71,0.33,1.02,0.55,0.47,0.02,0.15,-0.13,1.04,0.71,0.33,1,2,-1,-1.33,71.5,66.56,47.96,0.96,0.48,289,15,12,11,12.5,22.92,5.8,1,3,20,5,11,180.4,70.77,2.47,1.32,101.2,35.31,0,Widzew Łódź 2-1 Lech Poznań,2026-03-07
Widzew Łódź,0.71,1.04,-0.33,0.55,1.02,-0.47,0.15,0.02,0.13,0.71,1.04,-0.33,2,1,1,1.33,28.5,33.44,51.06,0.48,0.96,114,9,11,12,22.92,12.5,12.81,3,1,20,3,21,74.5,29.23,184.6,98.68,185.43,64.69,1,Widzew Łódź 2-1 Lech Poznań,2026-03-07
Zagłębie Lubin,0.72,1.56,-0.84,0.61,1.53,-0.92,0.11,0.03,0.08,0.72,1.56,-0.84,3,1,2,2.84,33.3,32.9,48.53,0.78,1.14,112,12,8,16,10.26,14.04,20.24,1,6,16,7,15,45.2,19.74,84.6,92.63,59.7,37.75,4,Piast Gliwice 1-3 Zagłębie Lubin,2026-03-07
Piast Gliwice,1.56,0.72,0.84,1.53,0.61,0.92,0.03,0.11,-0.08,1.56,0.72,0.84,1,3,-2,-2.84,66.7,67.1,53.66,1.14,0.78,276,23,16,8,14.04,10.26,6.24,6,1,30,10,7,183.8,80.26,6.73,7.37,98.43,62.25,3,Piast Gliwice 1-3 Zagłębie Lubin,2026-03-07
Nieciecza,2.67,2.15,0.52,2.62,1.74,0.88,0.06,0.42,-0.36,2.67,2.15,0.52,1,2,-1,-1.52,49.8,55.03,51.59,1.57,1.13,215,21,17,10,10.83,8.85,11.75,0,2,27,6,12,154.1,59.61,64.67,71.48,141.6,68.25,0,Korona Kielce 2-1 Nieciecza,2026-03-07
Korona Kielce,2.15,2.67,-0.52,1.74,2.62,-0.88,0.42,0.06,0.36,2.15,2.67,-0.52,2,1,1,1.52,50.2,44.97,46.98,1.13,1.57,188,15,10,17,8.85,10.83,9.93,2,0,23,5,19,104.4,40.39,25.8,28.52,65.87,31.75,2,Korona Kielce 2-1 Nieciecza,2026-03-07
Jagiellonia Białystok,1.29,2.84,-1.55,0.96,2.84,-1.88,0.33,0.0,0.33,1.29,2.84,-1.55,0,3,-3,-1.45,63.6,62.5,46.92,0.65,0.39,256,12,12,10,18.46,25.64,10.15,4,5,27,9,8,122.6,74.71,5.93,4.34,50.87,33.15,0,Lechia Gdańsk 3-0 Jagiellonia Białystok,2026-03-06
Lechia Gdańsk,2.84,1.29,1.55,2.84,0.96,1.88,0.0,0.33,-0.33,2.84,1.29,1.55,3,0,3,1.45,36.4,37.5,47.68,0.39,0.65,148,5,10,12,25.64,18.46,17.62,5,4,7,2,10,41.5,25.29,130.67,95.66,102.6,66.85,3,Lechia Gdańsk 3-0 Jagiellonia Białystok,2026-03-06
Arka Gdynia,1.82,1.81,0.01,1.74,1.77,-0.03,0.08,0.05,0.03,1.82,1.81,0.01,1,3,-2,-2.01,52.4,47.7,47.34,0.23,0.55,172,14,14,12,60.87,21.82,6.42,2,4,18,7,18,113.0,50.42,31.67,41.92,82.47,30.34,2,Radomiak Radom 3-1 Arka Gdynia,2026-03-05
Radomiak Radom,1.81,1.82,-0.01,1.77,1.74,0.03,0.05,0.08,-0.03,1.81,1.82,-0.01,3,1,2,2.01,47.6,52.3,51.51,0.55,0.23,188,15,12,14,21.82,60.87,6.64,4,2,14,3,23,111.1,49.58,43.87,58.08,189.37,69.66,2,Radomiak Radom 3-1 Arka Gdynia,2026-03-05
Wisła Płock,1.92,1.5,0.42,1.82,1.45,0.37,0.1,0.06,0.04,1.92,1.5,0.42,0,2,-2,-2.42,65.0,65.5,51.69,1.19,0.57,307,18,20,11,16.81,19.3,9.62,4,9,27,5,5,200.7,78.52,8.6,9.09,126.57,58.97,4,Zagłębie Lubin 2-0 Wisła Płock,2026-03-02
Zagłębie Lubin,1.5,1.92,-0.42,1.45,1.82,-0.37,0.06,0.1,-0.04,1.5,1.92,-0.42,2,0,2,2.42,35.0,34.5,47.23,0.57,1.19,126,12,11,20,19.3,16.81,14.59,9,4,7,1,10,54.9,21.48,86.0,90.91,88.07,41.03,8,Zagłębie Lubin 2-0 Wisła Płock,2026-03-02
Raków Częstochowa,2.17,3.65,-1.48,1.33,2.58,-1.25,0.09,0.31,-0.22,1.41,2.89,-1.48,3,4,-1,0.48,46.8,36.67,44.78,0.33,0.67,138,8,14,24,42.42,35.82,9.93,2,11,14,2,12,56.1,26.77,56.2,58.18,50.7,29.56,0,Lech Poznań 4-3 Raków Częstochowa,2026-03-01
Lech Poznań,3.65,2.17,1.48,2.58,1.33,1.25,0.31,0.09,0.22,2.89,1.41,1.48,4,3,1,-0.48,53.2,63.33,49.38,0.67,0.33,226,19,24,14,35.82,42.42,8.0,11,2,19,6,18,153.5,73.23,40.4,41.82,120.8,70.44,0,Lech Poznań 4-3 Raków Częstochowa,2026-03-01
Legia Warszawa,1.14,1.93,-0.79,0.86,1.3,-0.44,0.29,0.64,-0.35,1.14,1.93,-0.79,2,2,0,0.79,43.5,51.31,53.34,1.14,0.77,234,18,19,10,16.67,12.99,8.66,11,1,23,7,14,114.8,51.76,91.73,87.09,98.89,26.86,5,Jagiellonia Białystok 2-2 Legia Warszawa,2026-03-01
Jagiellonia Białystok,1.93,1.14,0.79,1.3,0.86,0.44,0.64,0.29,0.35,1.93,1.14,0.79,2,2,0,-0.79,56.5,48.69,47.11,0.77,1.14,236,12,10,19,12.99,16.67,11.17,1,11,15,4,14,107.0,48.24,13.6,12.91,269.21,73.14,0,Jagiellonia Białystok 2-2 Legia Warszawa,2026-03-01
Radomiak Radom,2.77,1.68,1.09,2.47,0.83,1.64,0.3,0.85,-0.55,2.77,1.68,1.09,1,1,0,-1.09,62.9,60.59,51.1,0.58,0.48,275,16,16,20,27.59,41.67,8.0,6,7,25,9,8,154.0,62.58,12.47,12.57,102.17,47.15,2,Nieciecza 1-1 Radomiak Radom,2026-03-01
Nieciecza,1.68,2.77,-1.09,0.83,2.47,-1.64,0.85,0.3,0.55,1.68,2.77,-1.09,1,1,0,1.09,37.1,39.41,47.65,0.48,0.58,133,9,20,16,41.67,27.59,10.29,7,6,21,8,18,92.1,37.42,86.73,87.43,114.53,52.85,0,Nieciecza 1-1 Radomiak Radom,2026-03-01
Górnik Zabrze,2.53,2.89,-0.36,2.48,1.99,0.49,0.05,0.14,-0.09,2.53,2.13,0.4,1,3,-2,-1.64,58.1,51.89,44.32,0.76,0.67,203,16,15,16,19.74,23.88,7.8,7,6,18,3,11,100.3,59.0,10.87,10.28,67.97,33.76,4,GKS Katowice 3-1 Górnik Zabrze,2026-02-28
GKS Katowice,2.89,2.53,0.36,1.99,2.48,-0.49,0.14,0.05,0.09,2.13,2.53,-0.4,3,1,2,1.64,41.9,48.11,48.46,0.67,0.76,165,17,16,15,23.88,19.74,16.62,6,7,11,3,11,69.7,41.0,94.87,89.72,133.37,66.24,6,GKS Katowice 3-1 Górnik Zabrze,2026-02-28
Korona Kielce,2.15,3.06,-0.91,1.35,2.45,-1.1,0.79,0.61,0.18,2.15,3.06,-0.91,0,2,-2,-1.09,51.0,61.44,52.76,0.55,0.62,235,19,22,13,40.0,20.97,8.18,8,3,42,10,15,148.5,64.93,59.0,73.14,135.33,55.68,6,Motor Lublin 2-0 Korona Kielce,2026-02-28
Motor Lublin,3.06,2.15,0.91,2.45,1.35,1.1,0.61,0.79,-0.18,3.06,2.15,0.91,2,0,2,1.09,49.0,38.56,42.58,0.62,0.55,145,15,13,22,20.97,40.0,10.8,3,8,15,2,14,80.2,35.07,21.67,26.86,107.73,44.32,3,Motor Lublin 2-0 Korona Kielce,2026-02-28
Widzew Łódź,0.58,0.87,-0.29,0.53,0.87,-0.34,0.06,0.0,0.06,0.58,0.87,-0.29,0,1,-1,-0.71,59.8,59.93,50.08,0.71,0.61,250,15,8,9,11.27,14.75,9.6,6,7,25,2,13,98.2,74.68,29.47,29.63,75.0,55.5,4,Pogoń Szczecin 1-0 Widzew Łódź,2026-02-28
Pogoń Szczecin,0.87,0.58,0.29,0.87,0.53,0.34,0.0,0.06,-0.06,0.87,0.58,0.29,1,0,1,0.71,40.2,40.07,45.54,0.61,0.71,136,6,9,8,14.75,11.27,15.3,7,6,12,2,9,33.3,25.32,70.0,70.37,60.13,44.5,2,Pogoń Szczecin 1-0 Widzew Łódź,2026-02-28
Lechia Gdańsk,2.62,1.42,1.2,2.43,1.04,1.39,0.18,0.37,-0.19,2.62,1.42,1.2,2,2,0,-1.2,49.1,54.36,51.98,0.74,0.38,186,17,13,11,17.57,28.95,10.69,5,6,11,1,13,73.0,55.18,32.73,59.02,64.63,49.82,10,Arka Gdynia 2-2 Lechia Gdańsk,2026-02-27
Arka Gdynia,1.42,2.62,-1.2,1.04,2.43,-1.39,0.37,0.18,0.19,1.42,2.62,-1.2,2,2,0,1.2,50.9,45.64,47.27,0.38,0.74,140,13,11,13,28.95,17.57,8.47,6,5,17,4,9,59.3,44.82,22.73,40.98,65.1,50.18,6,Arka Gdynia 2-2 Lechia Gdańsk,2026-02-27
Piast Gliwice,1.61,1.63,-0.02,0.85,1.63,-0.78,0.0,0.0,0.0,0.85,1.63,-0.78,3,2,1,1.02,51.8,54.64,45.59,0.5,0.46,194,13,9,11,18.0,23.91,13.52,1,3,19,1,11,100.0,58.11,52.13,56.5,108.5,59.85,9,Cracovia 2-3 Piast Gliwice,2026-02-27
Cracovia,1.63,1.61,0.02,1.63,0.85,0.78,0.0,0.0,0.0,1.63,0.85,0.78,2,3,-1,-1.02,48.2,45.36,45.34,0.46,0.5,187,7,11,9,23.91,18.0,10.72,3,1,11,2,15,72.1,41.89,40.13,43.5,72.8,40.15,1,Cracovia 2-3 Piast Gliwice,2026-02-27
Zagłębie Lubin,0.83,1.95,-1.12,0.54,1.48,-0.94,0.29,0.48,-0.19,0.83,1.95,-1.12,2,0,2,3.12,30.4,25.32,39.69,0.72,1.1,69,10,11,19,15.28,17.27,16.68,2,3,9,2,15,30.3,12.71,80.0,95.01,74.87,50.71,2,Lechia Gdańsk 0-2 Zagłębie Lubin,2026-02-23
Lechia Gdańsk,1.95,0.83,1.12,1.48,0.54,0.94,0.48,0.29,0.19,1.95,0.83,1.12,0,2,-2,-3.12,69.6,74.68,51.69,1.1,0.72,316,20,19,11,17.27,15.28,8.4,3,2,41,11,11,208.1,87.29,4.2,4.99,72.77,49.29,4,Lechia Gdańsk 0-2 Zagłębie Lubin,2026-02-23
Lech Poznań,2.28,0.56,1.72,2.28,0.47,1.81,0.0,0.09,-0.09,2.28,0.56,1.72,2,1,1,-0.72,57.8,66.98,49.63,0.9,0.42,281,14,11,7,12.22,16.67,9.89,7,3,14,5,16,166.2,83.02,33.13,35.83,162.3,82.01,1,Korona Kielce 1-2 Lech Poznań,2026-02-22
Korona Kielce,0.56,2.28,-1.72,0.47,2.28,-1.81,0.09,0.0,0.09,0.56,2.28,-1.72,1,2,-1,0.72,42.2,33.02,42.3,0.42,0.9,128,5,7,11,16.67,12.22,14.39,3,7,13,1,12,34.0,16.98,59.33,64.17,35.6,17.99,3,Korona Kielce 1-2 Lech Poznań,2026-02-22
Radomiak Radom,0.58,2.58,-2.0,0.58,2.23,-1.65,0.0,0.35,-0.35,0.58,2.58,-2.0,1,1,0,2.0,36.8,29.75,47.49,0.32,1.14,143,10,9,21,28.12,18.42,12.54,4,11,10,3,16,29.7,11.29,66.27,85.4,48.17,20.07,1,Jagiellonia Białystok 1-1 Radomiak Radom,2026-02-22
Jagiellonia Białystok,2.58,0.58,2.0,2.23,0.58,1.65,0.35,0.0,0.35,2.58,0.58,2.0,1,1,0,-2.0,63.2,70.25,52.34,1.14,0.32,306,31,21,9,18.42,28.12,5.53,11,4,31,9,18,233.3,88.71,11.33,14.6,191.83,79.93,0,Jagiellonia Białystok 1-1 Radomiak Radom,2026-02-22
GKS Katowice,0.96,1.77,-0.81,0.93,1.62,-0.69,0.03,0.15,-0.12,0.96,1.77,-0.81,1,2,-1,-0.19,57.0,58.31,50.91,1.14,0.13,222,20,11,12,9.65,92.31,7.27,7,6,19,4,15,99.5,59.83,52.2,48.73,105.73,58.77,7,Arka Gdynia 2-1 GKS Katowice,2026-02-22
Arka Gdynia,1.77,0.96,0.81,1.62,0.93,0.69,0.15,0.03,0.12,1.77,0.96,0.81,2,1,1,0.19,43.0,41.69,45.06,0.13,1.14,128,7,12,11,92.31,9.65,10.23,6,7,14,5,10,66.8,40.17,54.93,51.27,74.17,41.23,1,Arka Gdynia 2-1 GKS Katowice,2026-02-22
Wisła Płock,1.49,0.85,0.64,1.38,0.85,0.53,0.11,0.0,0.11,1.49,0.85,0.64,1,2,-1,-1.64,56.8,54.18,47.34,1.02,0.81,281,14,14,6,13.73,7.41,14.0,6,5,22,4,8,145.9,64.64,33.13,23.74,99.6,42.52,2,Legia Warszawa 2-1 Wisła Płock,2026-02-21
Legia Warszawa,0.85,1.49,-0.64,0.85,1.38,-0.53,0.0,0.11,-0.11,0.85,1.49,-0.64,2,1,1,1.64,43.2,45.82,52.18,0.81,1.02,241,14,6,14,7.41,13.73,16.23,5,6,16,1,11,79.8,35.36,106.4,76.26,134.67,57.48,0,Legia Warszawa 2-1 Wisła Płock,2026-02-21
Pogoń Szczecin,1.12,0.46,0.66,0.15,0.3,-0.15,0.21,0.16,0.05,0.36,0.46,-0.1,1,0,1,0.34,53.5,44.37,44.96,0.18,0.46,193,7,7,11,38.89,23.91,10.52,1,3,14,5,18,81.2,39.42,50.2,40.44,73.97,34.81,1,Górnik Zabrze 0-1 Pogoń Szczecin,2026-02-21
Górnik Zabrze,0.46,1.12,-0.66,0.3,0.15,0.15,0.16,0.21,-0.05,0.46,0.36,0.1,0,1,-1,-0.34,46.5,55.63,49.04,0.46,0.18,196,12,11,7,23.91,38.89,14.3,3,1,22,4,12,124.8,60.58,73.93,59.56,138.5,65.19,1,Górnik Zabrze 0-1 Pogoń Szczecin,2026-02-21
Nieciecza,1.09,1.3,-0.21,0.83,0.8,0.03,0.25,0.5,-0.25,1.09,1.3,-0.21,0,1,-1,-0.79,45.9,48.94,50.1,0.84,0.81,208,16,20,9,23.81,11.11,10.24,5,1,22,6,15,122.8,54.92,58.67,74.45,127.37,61.74,2,Raków Częstochowa 1-0 Nieciecza,2026-02-21
Raków Częstochowa,1.3,1.09,0.21,0.8,0.83,-0.03,0.5,0.25,0.25,1.3,1.09,0.21,1,0,1,0.79,54.1,51.06,49.24,0.81,0.84,207,12,9,20,11.11,23.81,10.04,1,5,20,4,10,100.8,45.08,20.13,25.55,78.93,38.26,2,Raków Częstochowa 1-0 Nieciecza,2026-02-21
Cracovia,0.55,1.43,-0.88,0.41,1.38,-0.97,0.14,0.05,0.09,0.55,1.43,-0.88,0,0,0,0.88,59.1,46.32,41.99,0.2,0.56,153,5,11,13,55.0,23.21,6.05,6,6,7,3,13,70.3,45.92,16.8,16.42,40.9,25.09,2,Widzew Łódź 0-0 Cracovia,2026-02-20
Widzew Łódź,1.43,0.55,0.88,1.38,0.41,0.97,0.05,0.14,-0.09,1.43,0.55,0.88,0,0,0,-0.88,40.9,53.68,50.52,0.56,0.2,177,11,13,11,23.21,55.0,8.37,6,6,21,9,21,82.8,54.08,85.53,83.58,122.13,74.91,2,Widzew Łódź 0-0 Cracovia,2026-02-20
Motor Lublin,1.15,2.44,-1.29,1.06,1.89,-0.83,0.09,0.55,-0.46,1.15,2.44,-1.29,2,1,1,2.29,41.1,26.58,39.36,0.56,1.53,138,12,9,18,16.07,11.76,12.52,2,5,11,3,16,32.8,11.15,77.67,63.46,53.33,26.61,3,Piast Gliwice 1-2 Motor Lublin,2026-02-20
Piast Gliwice,2.44,1.15,1.29,1.89,1.06,0.83,0.55,0.09,0.46,2.44,1.15,1.29,1,2,-1,-2.29,58.9,73.42,54.03,1.53,0.56,349,29,18,9,11.76,16.07,12.78,5,2,26,6,11,261.4,88.85,44.73,36.54,147.1,73.39,2,Piast Gliwice 1-2 Motor Lublin,2026-02-20
Górnik Zabrze,1.73,1.45,0.28,1.68,1.35,0.33,0.05,0.09,-0.04,1.73,1.45,0.28,1,1,0,-0.28,69.2,66.57,53.15,0.76,0.59,351,17,23,12,30.26,20.34,7.52,4,1,24,10,9,196.3,83.07,1.73,1.3,88.4,41.37,2,Nieciecza 1-1 Górnik Zabrze,2026-02-16
Nieciecza,1.45,1.73,-0.28,1.35,1.68,-0.33,0.09,0.05,0.04,1.45,1.73,-0.28,1,1,0,0.28,30.8,33.43,48.65,0.59,0.76,129,9,12,23,20.34,30.26,20.91,1,4,17,2,12,40.0,16.93,131.6,98.7,125.3,58.63,2,Nieciecza 1-1 Górnik Zabrze,2026-02-16
Piast Gliwice,0.92,2.5,-1.58,0.62,2.42,-1.8,0.3,0.08,0.22,0.92,2.5,-1.58,0,3,-3,-1.42,51.4,51.91,44.01,0.57,1.15,209,23,15,19,26.32,16.52,13.56,5,8,17,6,6,92.1,50.0,55.93,36.6,64.57,21.38,5,Lech Poznań 3-0 Piast Gliwice,2026-02-15
Lech Poznań,2.5,0.92,1.58,2.42,0.62,1.8,0.08,0.3,-0.22,2.5,0.92,1.58,3,0,3,1.42,48.6,48.09,47.55,1.15,0.57,231,13,19,15,16.52,26.32,12.61,8,5,16,7,16,92.1,50.0,96.87,63.4,237.4,78.62,1,Lech Poznań 3-0 Piast Gliwice,2026-02-15
Arka Gdynia,0.87,2.03,-1.16,0.19,1.91,-1.72,0.67,0.12,0.55,0.87,2.03,-1.16,0,1,-1,0.16,44.6,34.85,43.17,0.23,1.12,141,10,11,20,47.83,17.86,10.03,1,13,21,7,15,31.7,15.24,53.6,54.51,29.4,11.64,4,Pogoń Szczecin 1-0 Arka Gdynia,2026-02-15
Pogoń Szczecin,2.03,0.87,1.16,1.91,0.19,1.72,0.12,0.67,-0.55,2.03,0.87,1.16,1,0,1,-0.16,55.4,65.15,52.17,1.12,0.23,254,20,20,11,17.86,47.83,7.9,13,1,24,8,15,176.3,84.76,44.73,45.49,223.13,88.36,0,Pogoń Szczecin 1-0 Arka Gdynia,2026-02-15
Lechia Gdańsk,2.76,0.47,2.29,2.0,0.47,1.53,0.0,0.0,0.0,2.0,0.47,1.53,3,2,1,-1.29,41.3,49.17,51.86,0.9,0.52,198,17,15,8,16.67,15.38,11.24,10,2,13,2,11,105.6,62.71,52.07,74.52,138.9,86.63,4,Motor Lublin 2-3 Lechia Gdańsk,2026-02-15
Motor Lublin,0.47,2.76,-2.29,0.47,2.0,-1.53,0.0,0.0,0.0,0.47,2.0,-1.53,2,3,-1,1.29,58.7,50.83,46.8,0.52,0.9,204,12,8,15,15.38,16.67,10.26,2,10,24,2,9,62.8,37.29,17.8,25.48,21.43,13.37,5,Motor Lublin 2-3 Lechia Gdańsk,2026-02-15
Widzew Łódź,2.36,1.2,1.16,1.57,1.01,0.56,0.02,0.19,-0.17,1.6,1.2,0.4,2,0,2,0.84,50.6,50.84,51.45,0.68,0.65,215,15,15,10,22.06,15.38,11.31,3,3,18,2,12,94.8,68.05,32.87,43.28,87.73,79.42,1,Wisła Płock 0-2 Widzew Łódź,2026-02-14
Wisła Płock,1.2,2.36,-1.16,1.01,1.57,-0.56,0.19,0.02,0.17,1.2,1.6,-0.4,0,2,-2,-0.84,49.4,49.16,48.02,0.65,0.68,185,14,10,15,15.38,22.06,10.42,3,3,18,5,16,44.5,31.95,43.07,56.72,22.73,20.58,1,Wisła Płock 0-2 Widzew Łódź,2026-02-14
Raków Częstochowa,1.86,0.22,1.64,1.7,0.22,1.48,0.16,0.0,0.16,1.86,0.22,1.64,0,0,0,-1.64,64.4,68.48,51.68,0.63,0.11,288,15,19,8,30.16,72.73,6.15,6,3,27,8,16,176.6,88.74,14.13,17.44,137.13,79.36,0,Zagłębie Lubin 0-0 Raków Częstochowa,2026-02-14
Zagłębie Lubin,0.22,1.86,-1.64,0.22,1.7,-1.48,0.0,0.16,-0.16,0.22,1.86,-1.64,0,0,0,1.64,35.6,31.52,41.46,0.11,0.63,98,6,8,19,72.73,30.16,10.29,3,6,8,2,17,22.4,11.26,66.87,82.56,35.67,20.64,2,Zagłębie Lubin 0-0 Raków Częstochowa,2026-02-14
Jagiellonia Białystok,1.11,1.61,-0.5,0.97,0.72,0.25,0.13,0.89,-0.76,1.11,1.61,-0.5,0,0,0,0.5,57.1,68.97,50.78,0.38,0.68,255,14,17,12,44.74,17.65,7.51,8,1,20,6,19,145.5,86.09,37.6,41.78,140.23,80.94,2,Cracovia 0-0 Jagiellonia Białystok,2026-02-14
Cracovia,1.61,1.11,0.5,0.72,0.97,-0.25,0.89,0.13,0.76,1.61,1.11,0.5,0,0,0,-0.5,42.9,31.03,40.54,0.68,0.38,110,9,12,17,17.65,44.74,15.14,1,8,13,4,11,23.5,13.91,52.4,58.22,33.03,19.06,0,Cracovia 0-0 Jagiellonia Białystok,2026-02-14
Legia Warszawa,0.82,1.93,-1.11,0.3,1.82,-1.52,0.51,0.11,0.4,0.82,1.93,-1.11,1,1,0,1.11,54.8,55.47,48.96,0.42,0.99,211,10,11,13,26.19,13.13,10.81,7,7,23,7,11,91.9,49.54,44.2,50.42,86.97,52.11,0,GKS Katowice 1-1 Legia Warszawa,2026-02-13
GKS Katowice,1.93,0.82,1.11,1.82,0.3,1.52,0.11,0.51,-0.4,1.93,0.82,1.11,1,1,0,-1.11,45.2,44.53,45.75,0.99,0.42,161,16,13,11,13.13,26.19,9.49,7,7,22,6,15,93.6,50.46,43.47,49.58,79.93,47.89,1,GKS Katowice 1-1 Legia Warszawa,2026-02-13
Korona Kielce,0.69,2.56,-1.87,0.69,1.8,-1.11,0.0,0.76,-0.76,0.69,2.56,-1.87,2,0,2,3.87,27.6,25.26,47.43,0.16,1.08,93,3,4,24,25.0,22.22,11.09,5,11,9,1,19,9.5,3.18,110.07,98.92,56.93,41.19,4,Radomiak Radom 0-2 Korona Kielce,2026-02-13
Radomiak Radom,2.56,0.69,1.87,1.8,0.69,1.11,0.76,0.0,0.76,2.56,0.69,1.87,0,2,-2,-3.87,72.4,74.74,55.99,1.08,0.16,360,26,24,4,22.22,25.0,4.14,11,5,31,12,10,288.8,96.82,1.2,1.08,81.27,58.81,3,Radomiak Radom 0-2 Korona Kielce,2026-02-13
Wisła Płock,2.35,1.36,0.99,2.35,1.17,1.18,0.0,0.2,-0.2,2.35,1.36,0.99,0,1,-1,-1.99,41.4,30.98,45.52,0.95,0.62,173,11,9,16,9.47,25.81,22.24,3,2,23,2,8,54.5,16.36,90.27,68.91,50.87,17.79,0,Piast Gliwice 1-0 Wisła Płock,2026-02-09
Piast Gliwice,1.36,2.35,-0.99,1.17,2.35,-1.18,0.2,0.0,0.2,1.36,2.35,-0.99,1,0,1,1.99,58.6,69.02,55.18,0.62,0.95,380,18,16,9,25.81,9.47,14.21,2,3,29,7,7,278.7,83.64,40.73,31.09,235.03,82.21,1,Piast Gliwice 1-0 Wisła Płock,2026-02-09
Widzew Łódź,0.45,0.54,-0.09,0.34,0.49,-0.15,0.12,0.05,0.07,0.45,0.54,-0.09,0,1,-1,-0.91,70.9,67.5,44.6,0.68,0.34,266,12,9,8,13.24,23.53,5.34,7,10,28,7,11,118.1,85.09,2.47,1.62,61.23,33.2,1,GKS Katowice 1-0 Widzew Łódź,2026-02-08
GKS Katowice,0.54,0.45,0.09,0.49,0.34,0.15,0.05,0.12,-0.07,0.54,0.45,0.09,1,0,1,0.91,29.1,32.5,42.29,0.34,0.68,81,8,8,9,23.53,13.24,11.45,10,7,9,3,17,20.7,14.91,150.4,98.38,123.17,66.8,4,GKS Katowice 1-0 Widzew Łódź,2026-02-08
Radomiak Radom,1.33,1.83,-0.5,0.98,1.73,-0.75,0.35,0.1,0.25,1.33,1.83,-0.5,0,0,0,0.5,50.0,50.13,53.62,0.34,0.6,281,10,11,15,32.35,25.0,9.78,4,13,12,2,13,99.5,45.94,36.87,51.3,102.3,46.43,0,Raków Częstochowa 0-0 Radomiak Radom,2026-02-08
Raków Częstochowa,1.83,1.33,0.5,1.73,0.98,0.75,0.1,0.35,-0.25,1.83,1.33,0.5,0,0,0,-0.5,50.0,49.87,52.26,0.6,0.34,241,12,15,11,25.0,32.35,9.21,13,4,18,3,12,117.1,54.06,35.0,48.7,118.03,53.57,1,Raków Częstochowa 0-0 Radomiak Radom,2026-02-08
Nieciecza,2.18,1.7,0.48,1.76,1.54,0.22,0.42,0.16,0.26,2.18,1.7,0.48,1,1,0,-0.48,44.4,46.8,52.21,0.69,0.87,195,19,21,17,30.43,19.54,10.62,5,4,21,5,13,112.8,54.81,80.47,85.72,135.97,66.3,1,Pogoń Szczecin 1-1 Nieciecza,2026-02-08
Pogoń Szczecin,1.7,2.18,-0.48,1.54,1.76,-0.22,0.16,0.42,-0.26,1.7,2.18,-0.48,1,1,0,0.48,55.6,53.2,49.44,0.87,0.69,239,19,17,21,19.54,30.43,8.18,4,5,26,7,11,93.0,45.19,13.4,14.28,69.1,33.7,2,Pogoń Szczecin 1-1 Nieciecza,2026-02-08
Lech Poznań,1.88,1.69,0.19,1.38,0.44,0.94,0.49,1.25,-0.76,1.88,1.69,0.19,1,0,1,0.81,47.9,40.91,41.49,0.7,0.33,155,10,13,17,18.57,51.52,10.62,1,7,7,3,21,68.9,33.35,37.93,39.0,57.2,37.17,0,Górnik Zabrze 0-1 Lech Poznań,2026-02-07
Górnik Zabrze,1.69,1.88,-0.19,0.44,1.38,-0.94,1.25,0.49,0.76,1.69,1.88,-0.19,0,1,-1,-0.81,52.1,59.09,50.58,0.33,0.7,244,17,17,13,51.52,18.57,8.57,7,1,36,7,12,137.7,66.65,59.33,61.0,96.7,62.83,4,Górnik Zabrze 0-1 Lech Poznań,2026-02-07
Motor Lublin,1.95,2.64,-0.69,1.58,2.23,-0.65,0.37,0.41,-0.04,1.95,2.64,-0.69,1,4,-3,-2.31,46.3,38.51,45.24,0.68,1.26,155,13,13,22,19.12,17.46,10.66,5,18,14,7,16,55.8,23.2,44.07,60.64,62.27,22.77,5,Jagiellonia Białystok 4-1 Motor Lublin,2026-02-07
Jagiellonia Białystok,2.64,1.95,0.69,2.23,1.58,0.65,0.41,0.37,0.04,2.64,1.95,0.69,4,1,3,2.31,53.7,61.49,50.58,1.26,0.68,247,26,22,13,17.46,19.12,6.87,18,5,24,7,11,184.7,76.8,28.6,39.36,211.2,77.23,0,Jagiellonia Białystok 4-1 Motor Lublin,2026-02-07
Legia Warszawa,1.29,1.05,0.24,0.82,0.37,0.45,0.47,0.68,-0.21,1.29,1.05,0.24,2,2,0,-0.24,56.3,65.49,49.54,0.8,0.09,252,14,14,3,17.5,33.33,9.51,6,2,18,7,15,163.1,86.34,27.87,33.34,139.13,71.17,1,Arka Gdynia 2-2 Legia Warszawa,2026-02-07
Arka Gdynia,1.05,1.29,-0.24,0.37,0.82,-0.45,0.68,0.47,0.21,1.05,1.29,-0.24,2,2,0,0.24,43.7,34.51,43.05,0.09,0.8,140,6,3,14,33.33,17.5,11.36,2,6,12,3,11,25.8,13.66,55.73,66.66,56.37,28.83,0,Arka Gdynia 2-2 Legia Warszawa,2026-02-07
Cracovia,2.64,1.3,1.34,0.58,1.12,-0.54,1.3,0.18,1.12,1.88,1.3,0.58,1,1,0,-1.34,38.3,34.29,45.84,0.07,0.99,120,8,9,19,128.57,19.19,14.73,2,8,12,5,13,82.3,31.36,47.27,65.65,82.33,31.49,1,Lechia Gdańsk 1-1 Cracovia,2026-02-06
Lechia Gdańsk,1.3,2.64,-1.34,1.12,0.58,0.54,0.18,1.3,-1.12,1.3,1.88,-0.58,1,1,0,1.34,61.7,65.71,53.31,0.99,0.07,269,20,19,9,19.19,128.57,6.14,8,2,29,10,18,180.1,68.64,24.73,34.35,179.1,68.51,7,Lechia Gdańsk 1-1 Cracovia,2026-02-06
Zagłębie Lubin,1.89,2.35,-0.46,1.12,1.78,-0.66,0.78,0.57,0.21,1.89,2.35,-0.46,2,1,1,1.46,39.9,36.49,41.95,0.21,1.15,122,17,11,20,52.38,17.39,10.74,1,5,12,4,16,76.5,28.66,60.27,71.8,78.4,29.25,9,Korona Kielce 1-2 Zagłębie Lubin,2026-02-06
Korona Kielce,2.35,1.89,0.46,1.78,1.12,0.66,0.57,0.78,-0.21,2.35,1.89,0.46,1,2,-1,-1.46,60.1,63.51,51.85,1.15,0.21,245,24,20,11,17.39,52.38,9.72,5,1,25,4,12,190.4,71.34,23.67,28.2,189.6,70.75,3,Korona Kielce 1-2 Zagłębie Lubin,2026-02-06
Lech Poznań,3.01,2.52,0.49,2.52,1.6,0.92,0.49,0.16,0.33,3.01,1.76,1.25,0,1,-1,-1.49,52.3,51.52,49.08,0.76,0.99,222,23,23,14,30.26,14.14,13.81,4,2,28,9,9,127.9,59.3,34.13,38.01,105.1,54.11,0,Piast Gliwice 1-0 Lech Poznań,2026-02-03
Piast Gliwice,2.52,3.01,-0.49,1.6,2.52,-0.92,0.16,0.49,-0.33,1.76,3.01,-1.25,1,0,1,1.49,47.7,48.48,47.58,0.99,0.76,187,19,14,23,14.14,30.26,12.92,2,4,21,3,10,87.8,40.7,55.67,61.99,89.13,45.89,12,Piast Gliwice 1-0 Lech Poznań,2026-02-03
Cracovia,2.08,0.89,1.19,1.86,0.84,1.02,0.22,0.04,0.18,2.08,0.89,1.19,1,0,1,-0.19,60.4,58.84,48.47,1.49,0.96,238,12,15,11,10.07,11.46,8.8,4,10,22,7,12,118.6,69.24,20.0,18.27,82.83,52.75,1,Nieciecza 0-1 Cracovia,2026-02-02
Nieciecza,0.89,2.08,-1.19,0.84,1.86,-1.02,0.04,0.22,-0.18,0.89,2.08,-1.19,0,1,-1,0.19,39.6,41.16,46.38,0.96,1.49,173,11,11,15,11.46,10.07,11.53,10,4,14,4,17,52.7,30.76,89.47,81.73,74.2,47.25,2,Nieciecza 0-1 Cracovia,2026-02-02
Korona Kielce,2.15,2.33,-0.18,1.24,0.74,0.5,0.91,0.07,0.84,2.15,0.81,1.34,2,1,1,1.18,36.5,30.97,45.66,0.7,0.74,139,13,15,17,21.43,22.97,15.38,7,8,12,3,10,42.1,16.32,69.47,79.06,66.6,33.46,3,Legia Warszawa 1-2 Korona Kielce,2026-02-01
Legia Warszawa,2.33,2.15,0.18,0.74,1.24,-0.5,0.07,0.91,-0.84,0.81,2.15,-1.34,1,2,-1,-1.18,63.5,69.03,53.81,0.74,0.7,328,24,17,15,22.97,21.43,7.47,8,7,28,5,12,215.8,83.68,18.4,20.94,132.43,66.54,3,Legia Warszawa 1-2 Korona Kielce,2026-02-01
Raków Częstochowa,2.89,2.7,0.19,1.78,1.81,-0.03,1.11,0.89,0.22,2.89,2.7,0.19,1,2,-1,-1.19,66.2,75.07,55.34,1.24,0.73,398,24,22,13,17.74,17.81,8.75,3,3,35,8,9,246.8,86.14,17.07,11.4,125.03,61.7,4,Wisła Płock 2-1 Raków Częstochowa,2026-02-01
Wisła Płock,2.7,2.89,-0.19,1.81,1.78,0.03,0.89,1.11,-0.22,2.7,2.89,-0.19,2,1,1,1.19,33.8,24.93,42.66,0.73,1.24,109,14,13,22,17.81,17.74,18.17,3,3,12,3,10,39.7,13.86,132.73,88.6,77.6,38.3,0,Wisła Płock 2-1 Raków Częstochowa,2026-02-01
Pogoń Szczecin,1.92,2.56,-0.64,1.1,2.5,-1.4,0.06,0.07,-0.01,1.16,2.56,-1.4,1,2,-1,-0.36,59.5,72.75,54.71,1.07,1.04,342,25,17,11,15.89,10.58,10.86,2,6,23,6,8,204.7,89.94,39.27,28.21,139.97,74.99,4,Motor Lublin 2-1 Pogoń Szczecin,2026-02-01
Motor Lublin,2.56,1.92,0.64,2.5,1.1,1.4,0.07,0.06,0.01,2.56,1.16,1.4,2,1,1,0.36,40.5,27.25,42.63,1.04,1.07,132,14,11,17,10.58,15.89,13.17,6,2,12,3,16,22.9,10.06,99.93,71.79,46.67,25.01,1,Motor Lublin 2-1 Pogoń Szczecin,2026-02-01
Lechia Gdańsk,1.04,2.89,-1.85,1.04,2.66,-1.62,0.0,0.23,-0.23,1.04,2.89,-1.85,3,1,2,3.85,27.8,27.76,46.56,0.55,1.52,116,10,13,28,23.64,18.42,16.97,8,1,12,3,14,13.8,4.62,166.8,98.54,81.6,31.29,1,Lech Poznań 1-3 Lechia Gdańsk,2026-01-31
Lech Poznań,2.89,1.04,1.85,2.66,1.04,1.62,0.23,0.0,0.23,2.89,1.04,1.85,1,3,-2,-3.85,72.2,72.24,50.32,1.52,0.55,366,43,28,13,18.42,23.64,8.8,1,8,36,7,14,285.1,95.38,2.47,1.46,179.17,68.71,1,Lech Poznań 1-3 Lechia Gdańsk,2026-01-31
Jagiellonia Białystok,1.33,1.69,-0.36,0.57,0.89,-0.32,0.0,0.03,-0.03,0.57,0.93,-0.36,3,1,2,2.36,46.1,32.45,36.51,0.38,0.81,96,9,5,16,13.16,19.75,9.11,6,7,11,2,16,25.1,16.03,56.13,43.94,52.97,31.93,0,Widzew Łódź 1-3 Jagiellonia Białystok,2026-01-31
Widzew Łódź,1.69,1.33,0.36,0.89,0.57,0.32,0.03,0.0,0.03,0.93,0.57,0.36,1,3,-2,-2.36,53.9,67.55,49.98,0.81,0.38,228,11,16,5,19.75,13.16,7.77,7,6,20,5,16,131.5,83.97,71.6,56.06,112.93,68.07,2,Widzew Łódź 1-3 Jagiellonia Białystok,2026-01-31
Piast Gliwice,0.96,1.19,-0.23,0.93,1.19,-0.26,0.03,0.0,0.03,0.96,1.19,-0.23,1,2,-1,-0.77,52.1,48.69,44.4,0.52,0.34,177,5,9,17,17.31,50.0,9.74,3,3,20,2,20,75.9,34.13,13.87,18.04,56.3,23.11,5,Górnik Zabrze 2-1 Piast Gliwice,2026-01-31
Górnik Zabrze,1.19,0.96,0.23,1.19,0.93,0.26,0.0,0.03,-0.03,1.19,0.96,0.23,2,1,1,0.77,47.9,51.31,48.77,0.34,0.52,194,12,17,9,50.0,17.31,11.23,3,3,19,3,9,146.5,65.87,63.0,81.96,187.33,76.89,3,Górnik Zabrze 2-1 Piast Gliwice,2026-01-31
GKS Katowice,1.36,0.51,0.85,1.14,0.49,0.65,0.22,0.02,0.2,1.36,0.51,0.85,2,0,2,1.15,51.8,53.96,48.91,0.32,0.7,188,16,16,11,50.0,15.71,9.39,4,6,15,4,15,92.2,64.39,40.27,52.52,117.33,79.82,4,Zagłębie Lubin 0-2 GKS Katowice,2026-01-30
Zagłębie Lubin,0.51,1.36,-0.85,0.49,1.14,-0.65,0.02,0.22,-0.2,0.51,1.36,-0.85,0,2,-2,-1.15,48.2,46.04,43.36,0.7,0.32,149,15,11,16,15.71,50.0,7.64,6,4,18,1,12,51.0,35.61,36.4,47.48,29.67,20.18,4,Zagłębie Lubin 0-2 GKS Katowice,2026-01-30
Piast Gliwice,0.61,1.07,-0.46,0.55,1.03,-0.48,0.06,0.04,0.02,0.61,1.07,-0.46,1,0,1,1.46,47.4,49.63,40.42,0.48,0.64,143,6,10,10,20.83,15.62,10.16,5,10,12,3,14,70.0,47.81,44.47,43.03,75.87,45.31,5,Legia Warszawa 0-1 Piast Gliwice,2025-12-14
Legia Warszawa,1.07,0.61,0.46,1.03,0.55,0.48,0.04,0.06,-0.02,1.07,0.61,0.46,0,1,-1,-1.46,52.6,50.37,45.62,0.64,0.48,192,10,10,10,15.62,20.83,7.9,10,5,18,5,14,76.4,52.19,58.87,56.97,91.57,54.69,5,Legia Warszawa 0-1 Piast Gliwice,2025-12-14
Jagiellonia Białystok,2.7,2.47,0.23,2.62,1.57,1.05,0.08,0.14,-0.06,2.7,1.71,0.99,1,1,0,-0.23,50.8,61.52,53.74,0.94,1.07,260,22,21,16,22.34,14.95,9.15,8,8,19,7,8,180.1,73.0,42.6,45.74,169.43,72.78,0,Motor Lublin 1-1 Jagiellonia Białystok,2025-12-14
Motor Lublin,2.47,2.7,-0.23,1.57,2.62,-1.05,0.14,0.08,0.06,1.71,2.7,-0.99,1,1,0,0.23,49.2,38.48,47.88,1.07,0.94,176,21,16,21,14.95,22.34,9.03,8,8,24,5,14,66.6,27.0,50.53,54.26,63.37,27.22,1,Motor Lublin 1-1 Jagiellonia Białystok,2025-12-14
Zagłębie Lubin,2.27,1.14,1.13,2.14,1.14,1.0,0.13,0.0,0.13,2.27,1.14,1.13,1,0,1,-0.13,43.2,26.51,40.19,0.77,0.91,109,10,15,13,19.48,14.29,10.6,4,4,10,1,21,38.4,25.7,52.2,56.94,53.67,33.31,0,Raków Częstochowa 0-1 Zagłębie Lubin,2025-12-14
Raków Częstochowa,1.14,2.27,-1.13,1.14,2.14,-1.0,0.0,0.13,-0.13,1.14,2.27,-1.13,0,1,-1,0.13,56.8,73.49,52.61,0.91,0.77,252,19,13,15,14.29,19.48,8.38,4,4,23,1,11,111.0,74.3,39.47,43.06,107.43,66.69,4,Raków Częstochowa 0-1 Zagłębie Lubin,2025-12-14
Wisła Płock,0.43,1.39,-0.96,0.43,1.21,-0.78,0.0,0.18,-0.18,0.43,1.39,-0.96,1,1,0,0.96,44.3,28.48,39.34,0.59,0.56,121,10,9,17,15.25,30.36,19.5,3,8,12,4,9,24.8,14.39,60.4,51.16,31.0,22.72,1,Korona Kielce 1-1 Wisła Płock,2025-12-08
Korona Kielce,1.39,0.43,0.96,1.21,0.43,0.78,0.18,0.0,0.18,1.39,0.43,0.96,1,1,0,-0.96,55.7,71.52,53.57,0.56,0.59,309,12,17,9,30.36,15.25,11.47,8,3,31,4,13,147.5,85.61,57.67,48.84,105.47,77.28,4,Korona Kielce 1-1 Wisła Płock,2025-12-08
GKS Katowice,0.72,1.65,-0.93,0.72,1.59,-0.87,0.0,0.07,-0.07,0.72,1.65,-0.93,0,1,-1,-0.07,52.6,50.17,48.43,0.23,1.11,205,11,10,19,43.48,17.12,9.47,3,5,8,0,12,81.9,38.91,37.93,39.99,68.8,32.47,3,Raków Częstochowa 1-0 GKS Katowice,2025-12-07
Raków Częstochowa,1.65,0.72,0.93,1.59,0.72,0.87,0.07,0.0,0.07,1.65,0.72,0.93,1,0,1,0.07,47.4,49.83,46.46,1.11,0.23,165,19,19,10,17.12,43.48,12.88,5,3,18,5,9,128.6,61.09,56.93,60.01,143.1,67.53,0,Raków Częstochowa 1-0 GKS Katowice,2025-12-07
Lech Poznań,1.67,2.7,-1.03,0.73,2.01,-1.28,0.17,0.69,-0.52,0.91,2.7,-1.79,2,2,0,1.03,38.1,25.26,42.49,0.26,1.24,130,5,9,16,34.62,12.9,20.11,1,3,10,5,9,43.3,14.04,57.73,56.49,43.13,16.2,0,Cracovia 2-2 Lech Poznań,2025-12-07
Cracovia,2.7,1.67,1.03,2.01,0.73,1.28,0.69,0.17,0.52,2.7,0.91,1.79,2,2,0,-1.03,61.9,74.74,58.26,1.24,0.26,397,24,16,9,12.9,34.62,9.67,3,1,43,7,20,265.1,85.96,44.47,43.51,223.17,83.8,2,Cracovia 2-2 Lech Poznań,2025-12-07
Jagiellonia Białystok,1.23,0.66,0.57,1.01,0.66,0.35,0.23,0.0,0.23,1.23,0.66,0.57,1,2,-1,-1.57,73.3,78.43,54.6,0.75,0.75,463,21,17,7,22.67,9.33,6.47,6,3,32,10,10,256.3,95.14,1.87,1.09,141.67,78.24,1,Nieciecza 2-1 Jagiellonia Białystok,2025-12-07
Nieciecza,0.66,1.23,-0.57,0.66,1.01,-0.35,0.0,0.23,-0.23,0.66,1.23,-0.57,2,1,1,1.57,26.7,21.57,44.13,0.75,0.75,96,7,7,17,9.33,22.67,15.38,3,6,14,2,18,13.1,4.86,170.0,98.91,39.4,21.76,0,Nieciecza 2-1 Jagiellonia Białystok,2025-12-07
Legia Warszawa,1.37,1.91,-0.54,1.37,1.02,0.35,0.0,0.13,-0.13,1.37,1.15,0.22,0,2,-2,-1.46,50.7,46.98,46.85,0.36,0.62,159,8,14,13,38.89,20.97,5.68,8,6,10,2,19,60.3,36.46,20.53,40.0,57.17,31.57,8,Piast Gliwice 2-0 Legia Warszawa,2025-12-06
Piast Gliwice,1.91,1.37,0.54,1.02,1.37,-0.35,0.13,0.0,0.13,1.15,1.37,-0.22,2,0,2,1.46,49.3,53.02,48.57,0.62,0.36,151,13,13,14,20.97,38.89,7.1,6,8,16,5,13,105.1,63.54,30.8,60.0,123.9,68.43,4,Piast Gliwice 2-0 Legia Warszawa,2025-12-06
Widzew Łódź,0.87,1.4,-0.53,0.8,1.19,-0.39,0.07,0.2,-0.13,0.87,1.4,-0.53,1,2,-1,-0.47,50.6,44.25,46.22,0.58,0.7,191,12,14,15,24.14,21.43,11.03,3,11,12,3,17,80.4,47.69,42.6,46.95,94.7,51.4,3,Zagłębie Lubin 2-1 Widzew Łódź,2025-12-06
Zagłębie Lubin,1.4,0.87,0.53,1.19,0.8,0.39,0.2,0.07,0.13,1.4,0.87,0.53,2,1,1,0.47,49.4,55.75,48.69,0.7,0.58,195,20,15,14,21.43,24.14,8.6,11,3,27,4,6,88.2,52.31,48.13,53.05,89.53,48.6,1,Zagłębie Lubin 2-1 Widzew Łódź,2025-12-06
Radomiak Radom,0.86,3.1,-2.24,0.85,2.81,-1.96,0.01,0.29,-0.28,0.86,3.1,-2.24,2,2,0,2.24,56.1,38.69,43.53,0.35,0.54,176,9,10,15,28.57,27.78,5.78,3,3,18,7,15,49.1,30.27,29.8,23.35,20.13,10.26,0,Pogoń Szczecin 2-2 Radomiak Radom,2025-12-06
Pogoń Szczecin,3.1,0.86,2.24,2.81,0.85,1.96,0.29,0.01,0.28,3.1,0.86,2.24,2,2,0,-2.24,43.9,61.31,55.54,0.54,0.35,204,18,15,10,27.78,28.57,8.07,3,3,25,9,17,113.1,69.73,97.8,76.65,176.13,89.74,2,Pogoń Szczecin 2-2 Radomiak Radom,2025-12-06
Motor Lublin,1.08,2.13,-1.05,0.95,1.87,-0.92,0.13,0.26,-0.13,1.08,2.13,-1.05,0,1,-1,0.05,59.4,51.01,45.85,1.09,1.09,204,18,13,16,11.93,14.68,6.91,3,5,24,5,18,69.0,38.38,11.73,11.65,39.3,19.84,2,Arka Gdynia 1-0 Motor Lublin,2025-12-06
Arka Gdynia,2.13,1.08,1.05,1.87,0.95,0.92,0.26,0.13,0.13,2.13,1.08,1.05,1,0,1,-0.05,40.6,48.99,49.35,1.09,1.09,169,12,16,13,14.68,11.93,10.11,5,3,35,6,13,110.8,61.62,88.93,88.35,158.8,80.16,0,Arka Gdynia 1-0 Motor Lublin,2025-12-06
Górnik Zabrze,2.38,2.01,0.37,1.39,1.94,-0.55,0.23,0.08,0.15,1.62,2.01,-0.39,2,5,-3,-3.37,59.4,48.54,44.37,0.44,0.47,159,14,15,10,34.09,21.28,9.17,2,6,12,6,4,82.9,64.02,8.53,10.1,42.93,29.95,1,Lechia Gdańsk 5-2 Górnik Zabrze,2025-12-05
Lechia Gdańsk,2.01,2.38,-0.37,1.94,1.39,0.55,0.08,0.23,-0.15,2.01,1.62,0.39,5,2,3,3.37,40.6,51.46,49.37,0.47,0.44,130,13,10,15,21.28,34.09,12.75,6,2,7,3,14,46.6,35.98,75.93,89.9,100.42,70.05,9,Lechia Gdańsk 5-2 Górnik Zabrze,2025-12-05
Cracovia,0.57,0.59,-0.02,0.57,0.45,0.12,0.0,0.14,-0.14,0.57,0.59,-0.02,0,0,0,0.02,55.8,53.73,53.14,0.44,0.64,324,7,7,8,15.91,12.5,10.86,4,6,22,2,16,84.0,50.21,32.33,26.81,40.6,29.76,0,Wisła Płock 0-0 Cracovia,2025-12-04
Wisła Płock,0.59,0.57,0.02,0.45,0.57,-0.12,0.14,0.0,0.14,0.59,0.57,0.02,0,0,0,-0.02,44.2,46.27,48.92,0.64,0.44,201,16,8,7,12.5,15.91,13.1,6,4,20,3,8,83.3,49.79,88.27,73.19,95.83,70.24,4,Wisła Płock 0-0 Cracovia,2025-12-04
Legia Warszawa,2.52,0.87,1.65,1.64,0.09,1.55,0.87,0.02,0.85,2.52,0.11,2.41,1,1,0,-1.65,51.2,65.85,55.35,0.88,0.19,308,10,14,4,15.91,21.05,8.63,7,7,18,1,22,173.1,84.89,97.07,64.57,194.27,92.32,4,Motor Lublin 1-1 Legia Warszawa,2025-12-01
Motor Lublin,0.87,2.52,-1.65,0.09,1.64,-1.55,0.02,0.87,-0.85,0.11,2.52,-2.41,1,1,0,1.65,48.8,34.15,40.57,0.19,0.88,160,6,4,14,21.05,15.91,9.23,7,7,16,5,9,30.8,15.11,53.27,35.43,16.17,7.68,4,Motor Lublin 1-1 Legia Warszawa,2025-12-01
Lech Poznań,2.16,0.9,1.26,1.96,0.88,1.08,0.19,0.02,0.17,2.16,0.9,1.26,0,0,0,-1.26,68.5,84.86,58.4,1.43,0.49,521,28,25,7,17.48,14.29,9.87,7,5,47,15,13,399.0,99.8,24.93,20.35,331.97,98.1,0,Wisła Płock 0-0 Lech Poznań,2025-11-30
Wisła Płock,0.9,2.16,-1.26,0.88,1.96,-1.08,0.02,0.19,-0.17,0.9,2.16,-1.26,0,0,0,1.26,31.5,15.14,35.91,0.49,1.43,77,7,7,25,14.29,17.48,29.2,5,7,11,2,8,0.8,0.2,97.6,79.65,6.43,1.9,1,Wisła Płock 0-0 Lech Poznań,2025-11-30
Jagiellonia Białystok,0.94,1.45,-0.51,0.71,1.15,-0.44,0.23,0.31,-0.08,0.94,1.45,-0.51,0,0,0,0.51,71.8,78.65,52.33,0.86,0.37,386,17,19,9,22.09,24.32,4.68,12,5,21,6,18,268.0,94.13,3.13,2.11,187.83,70.48,0,Zagłębie Lubin 0-0 Jagiellonia Białystok,2025-11-30
Zagłębie Lubin,1.45,0.94,0.51,1.15,0.71,0.44,0.31,0.23,0.08,1.45,0.94,0.51,0,0,0,-0.51,28.2,21.35,41.21,0.37,0.86,91,11,9,19,24.32,22.09,13.4,5,12,16,2,17,16.7,5.87,145.27,97.89,78.67,29.52,3,Zagłębie Lubin 0-0 Jagiellonia Białystok,2025-11-30
Raków Częstochowa,2.13,0.77,1.36,1.1,0.77,0.33,1.03,0.0,1.03,2.13,0.77,1.36,4,1,3,1.64,62.6,50.2,41.03,0.37,0.37,203,7,17,6,45.95,16.22,8.45,5,5,11,4,15,130.4,70.41,11.33,6.89,78.13,43.18,0,Arka Gdynia 1-4 Raków Częstochowa,2025-11-30
Arka Gdynia,0.77,2.13,-1.36,0.77,1.1,-0.33,0.0,1.03,-1.03,0.77,2.13,-1.36,1,4,-3,-1.64,37.4,49.8,46.82,0.37,0.37,148,2,6,17,16.22,45.95,17.07,5,5,14,3,12,54.8,29.59,153.13,93.11,102.83,56.82,0,Arka Gdynia 1-4 Raków Częstochowa,2025-11-30
Pogoń Szczecin,1.78,1.4,0.38,1.41,1.37,0.04,0.37,0.03,0.34,1.78,1.4,0.38,0,2,-2,-2.38,76.0,83.42,52.43,0.82,0.79,433,21,27,9,32.93,11.39,6.52,5,3,30,7,10,301.8,95.0,1.67,0.89,152.6,63.95,0,GKS Katowice 2-0 Pogoń Szczecin,2025-11-29
GKS Katowice,1.4,1.78,-0.38,1.37,1.41,-0.04,0.03,0.37,-0.34,1.4,1.78,-0.38,2,0,2,2.38,24.0,16.58,40.91,0.79,0.82,68,11,9,27,11.39,32.93,17.83,3,5,8,3,17,15.9,5.0,186.87,99.11,86.03,36.05,0,GKS Katowice 2-0 Pogoń Szczecin,2025-11-29
Cracovia,2.13,2.7,-0.57,1.98,1.74,0.24,0.14,0.21,-0.07,2.13,1.94,0.19,1,0,1,1.57,47.3,40.7,46.97,0.71,0.97,163,13,11,16,15.49,16.49,11.9,2,2,11,4,15,49.6,26.9,51.07,68.51,58.87,38.44,2,Korona Kielce 0-1 Cracovia,2025-11-29
Korona Kielce,2.7,2.13,0.57,1.74,1.98,-0.24,0.21,0.14,0.07,1.94,2.13,-0.19,0,1,-1,-1.57,52.7,59.3,50.45,0.97,0.71,233,18,16,11,16.49,15.49,9.0,2,2,21,5,16,134.8,73.1,23.47,31.49,94.27,61.56,2,Korona Kielce 0-1 Cracovia,2025-11-29
Nieciecza,1.51,3.73,-2.22,1.44,2.71,-1.27,0.08,0.26,-0.18,1.51,2.97,-1.46,1,5,-4,-1.78,45.2,38.39,45.03,0.32,1.42,185,11,4,16,12.5,11.27,13.23,6,11,10,2,9,42.2,22.43,56.13,63.12,20.67,7.71,2,Lechia Gdańsk 5-1 Nieciecza,2025-11-29
Lechia Gdańsk,3.73,1.51,2.22,2.71,1.44,1.27,0.26,0.08,0.18,2.97,1.51,1.46,5,1,4,1.78,54.8,61.61,53.34,1.42,0.32,329,18,16,4,11.27,12.5,10.82,11,6,21,4,14,145.9,77.57,32.8,36.88,247.53,92.29,2,Lechia Gdańsk 5-1 Nieciecza,2025-11-29
Górnik Zabrze,0.65,2.88,-2.23,0.65,2.86,-2.21,0.0,0.02,-0.02,0.65,2.88,-2.23,0,4,-4,-1.77,51.6,62.41,53.13,0.38,0.6,289,9,9,19,23.68,31.67,12.6,4,5,11,0,11,117.3,56.23,67.0,50.03,68.26,32.48,1,Radomiak Radom 4-0 Górnik Zabrze,2025-11-28
Radomiak Radom,2.88,0.65,2.23,2.86,0.65,2.21,0.02,0.0,0.02,2.88,0.65,2.23,4,0,4,1.77,48.4,37.59,43.73,0.6,0.38,175,12,19,9,31.67,23.68,10.11,5,4,15,4,19,91.3,43.77,66.93,49.97,141.88,67.52,0,Radomiak Radom 4-0 Górnik Zabrze,2025-11-28
Widzew Łódź,2.46,1.84,0.62,1.06,1.61,-0.55,0.64,0.23,0.41,1.7,1.84,-0.14,2,0,2,1.38,32.4,23.94,41.41,0.38,0.93,108,12,10,25,26.32,26.88,20.05,3,8,10,4,11,28.2,11.54,100.47,88.49,79.7,50.03,2,Piast Gliwice 0-2 Widzew Łódź,2025-11-28
Piast Gliwice,1.84,2.46,-0.62,1.61,1.06,0.55,0.23,0.64,-0.41,1.84,1.7,0.14,0,2,-2,-1.38,67.6,76.06,54.21,0.93,0.38,387,26,25,10,26.88,26.32,8.93,8,3,36,10,8,216.2,88.46,13.07,11.51,79.6,49.97,5,Piast Gliwice 0-2 Widzew Łódź,2025-11-28
Zagłębie Lubin,1.25,2.94,-1.69,1.24,0.94,0.3,0.01,1.25,-1.24,1.25,2.18,-0.93,1,5,-4,-2.31,48.4,52.09,44.78,0.67,0.43,146,11,16,13,23.88,30.23,12.42,5,3,21,2,9,80.7,50.63,34.0,46.37,67.25,27.27,3,Pogoń Szczecin 5-1 Zagłębie Lubin,2025-11-24
Pogoń Szczecin,2.94,1.25,1.69,0.94,1.24,-0.3,1.25,0.01,1.24,2.18,1.25,0.93,5,1,4,2.31,51.6,47.91,45.59,0.43,0.67,171,9,13,16,30.23,23.88,13.0,3,5,10,4,13,78.7,49.37,39.33,53.63,179.32,72.73,1,Pogoń Szczecin 5-1 Zagłębie Lubin,2025-11-24
Korona Kielce,2.43,1.78,0.65,2.36,1.51,0.85,0.07,0.27,-0.2,2.43,1.78,0.65,3,1,2,1.35,44.0,45.67,48.78,0.39,0.45,167,12,13,22,33.33,48.89,15.5,3,3,17,4,9,61.8,35.21,58.6,69.99,95.87,61.23,3,Widzew Łódź 1-3 Korona Kielce,2025-11-23
Widzew Łódź,1.78,2.43,-0.65,1.51,2.36,-0.85,0.27,0.07,0.2,1.78,2.43,-0.65,1,3,-2,-1.35,56.0,54.33,47.59,0.45,0.39,201,11,22,13,48.89,33.33,10.96,3,3,15,5,9,113.7,64.79,25.13,30.01,60.7,38.77,1,Widzew Łódź 1-3 Korona Kielce,2025-11-23
Radomiak Radom,1.85,2.82,-0.97,1.71,1.83,-0.12,0.14,0.22,-0.08,1.85,2.06,-0.21,1,4,-3,-2.03,46.6,49.31,46.96,1.16,0.75,207,18,23,13,19.83,17.33,16.14,3,5,15,5,14,105.1,68.03,82.67,69.86,120.33,57.2,0,Lech Poznań 4-1 Radomiak Radom,2025-11-23
Lech Poznań,2.82,1.85,0.97,1.83,1.71,0.12,0.22,0.14,0.08,2.06,1.85,0.21,4,1,3,2.03,53.4,50.69,45.81,0.75,1.16,238,15,13,23,17.33,19.83,15.08,5,3,16,5,8,49.4,31.97,35.67,30.14,90.04,42.8,0,Lech Poznań 4-1 Radomiak Radom,2025-11-23
Lechia Gdańsk,1.88,1.39,0.49,1.77,1.37,0.4,0.1,0.03,0.07,1.88,1.39,0.49,2,2,0,-0.49,46.5,42.37,48.11,0.86,1.0,201,18,16,13,18.6,13.0,12.62,6,13,17,2,2,98.6,46.44,50.73,47.5,96.07,52.82,5,Legia Warszawa 2-2 Lechia Gdańsk,2025-11-22
Legia Warszawa,1.39,1.88,-0.49,1.37,1.77,-0.4,0.03,0.1,-0.07,1.39,1.88,-0.49,2,2,0,0.49,53.5,57.63,50.75,1.0,0.86,241,15,13,16,13.0,18.6,10.0,13,6,23,6,12,113.7,53.56,56.07,52.5,85.8,47.18,2,Legia Warszawa 2-2 Lechia Gdańsk,2025-11-22
Piast Gliwice,2.0,1.7,0.3,1.24,1.62,-0.38,0.0,0.08,-0.08,1.24,1.7,-0.46,3,1,2,1.7,42.6,45.57,43.66,0.36,0.27,170,9,13,12,36.11,44.44,12.85,9,3,13,2,11,79.0,48.68,60.53,74.24,130.2,73.7,6,Raków Częstochowa 1-3 Piast Gliwice,2025-11-22
Raków Częstochowa,1.7,2.0,-0.3,1.62,1.24,0.38,0.08,0.0,0.08,1.7,1.24,0.46,1,3,-2,-1.7,57.4,54.43,47.14,0.27,0.36,238,7,12,13,44.44,36.11,19.12,3,9,15,3,5,83.3,51.32,21.0,25.76,46.47,26.3,0,Raków Częstochowa 1-3 Piast Gliwice,2025-11-22
Motor Lublin,0.31,0.64,-0.33,0.31,0.62,-0.31,0.0,0.02,-0.02,0.31,0.64,-0.33,2,1,1,1.33,43.0,36.08,45.22,0.52,0.57,184,10,6,9,11.54,15.79,14.1,3,4,18,7,15,30.8,17.41,82.0,78.3,49.13,37.48,6,Cracovia 1-2 Motor Lublin,2025-11-22
Cracovia,0.64,0.31,0.33,0.62,0.31,0.31,0.02,0.0,0.02,0.64,0.31,0.33,1,2,-1,-1.33,57.0,63.92,52.29,0.57,0.52,342,9,9,6,15.79,11.54,9.26,4,3,19,4,16,146.1,82.59,22.73,21.7,81.97,62.52,0,Cracovia 1-2 Motor Lublin,2025-11-22
Wisła Płock,1.27,1.34,-0.07,1.15,1.23,-0.08,0.11,0.12,-0.01,1.27,1.34,-0.07,1,1,0,0.07,41.6,35.87,45.12,0.32,1.17,168,6,7,17,21.88,14.53,16.68,3,6,11,1,10,42.3,18.38,47.6,60.31,55.07,24.16,2,Górnik Zabrze 1-1 Wisła Płock,2025-11-21
Górnik Zabrze,1.34,1.27,0.07,1.23,1.15,0.08,0.12,0.11,0.01,1.34,1.27,0.07,1,1,0,-0.07,58.4,64.13,55.1,1.17,0.32,344,12,17,7,14.53,21.88,9.81,6,3,33,4,12,187.9,81.62,31.33,39.69,172.9,75.84,4,Górnik Zabrze 1-1 Wisła Płock,2025-11-21
Arka Gdynia,1.53,0.87,0.66,1.15,0.87,0.28,0.38,0.0,0.38,1.53,0.87,0.66,0,2,-2,-2.66,49.3,49.19,45.82,0.82,0.58,187,13,11,7,13.41,12.07,9.54,5,6,15,2,20,85.3,63.09,29.6,32.99,49.37,41.26,0,Nieciecza 2-0 Arka Gdynia,2025-11-21
Nieciecza,0.87,1.53,-0.66,0.87,1.15,-0.28,0.0,0.38,-0.38,0.87,1.53,-0.66,2,0,2,2.66,50.7,50.81,49.41,0.58,0.82,219,12,7,11,12.07,13.41,8.67,6,5,10,1,12,49.9,36.91,60.13,67.01,70.3,58.74,0,Nieciecza 2-0 Arka Gdynia,2025-11-21
Lech Poznań,2.36,2.33,0.03,2.36,2.08,0.28,0.0,0.25,-0.25,2.36,2.33,0.03,1,3,-2,-2.03,55.9,45.25,41.17,1.32,0.81,211,19,13,19,9.85,23.46,7.35,6,10,12,3,16,88.0,38.8,19.53,15.75,47.2,20.46,0,Arka Gdynia 3-1 Lech Poznań,2025-11-09
Arka Gdynia,2.33,2.36,-0.03,2.08,2.36,-0.28,0.25,0.0,0.25,2.33,2.36,-0.03,3,1,2,2.03,44.1,54.75,51.59,0.81,1.32,211,15,19,13,23.46,9.85,8.28,10,6,20,3,19,138.8,61.2,104.47,84.25,183.47,79.54,1,Arka Gdynia 3-1 Lech Poznań,2025-11-09
Jagiellonia Białystok,1.36,4.29,-2.93,1.36,3.04,-1.68,0.0,1.26,-1.26,1.36,4.29,-2.93,2,1,1,3.93,59.6,44.48,42.31,0.36,1.31,188,7,11,35,30.56,26.72,12.15,2,7,11,1,9,53.6,22.64,5.53,3.87,26.3,8.51,0,Pogoń Szczecin 1-2 Jagiellonia Białystok,2025-11-09
Pogoń Szczecin,4.29,1.36,2.93,3.04,1.36,1.68,1.26,0.0,1.26,4.29,1.36,2.93,1,2,-1,-3.93,40.4,55.52,52.99,1.31,0.36,196,45,35,11,26.72,30.56,14.97,7,2,27,10,8,183.2,77.36,137.2,96.13,282.57,91.49,7,Pogoń Szczecin 1-2 Jagiellonia Białystok,2025-11-09
Raków Częstochowa,3.03,1.28,1.75,2.27,1.1,1.17,0.0,0.18,-0.18,2.27,1.28,0.99,4,1,3,1.25,51.2,32.84,39.17,0.38,0.95,112,6,7,12,18.42,12.63,15.04,3,9,5,0,9,34.4,21.62,41.2,32.04,45.9,25.74,1,Korona Kielce 1-4 Raków Częstochowa,2025-11-09
Korona Kielce,1.28,3.03,-1.75,1.1,2.27,-1.17,0.18,0.0,0.18,1.28,2.27,-0.99,1,4,-3,-1.25,48.8,67.16,51.54,0.95,0.38,235,14,12,7,12.63,18.42,10.62,9,3,22,5,15,124.7,78.38,87.4,67.96,132.4,74.26,3,Korona Kielce 1-4 Raków Częstochowa,2025-11-09
Nieciecza,1.48,1.29,0.19,1.47,1.07,0.4,0.01,0.22,-0.21,1.48,1.29,0.19,2,1,1,0.81,30.0,22.68,44.14,0.45,1.68,123,4,13,23,28.89,13.69,12.13,2,11,11,2,17,26.4,8.39,113.87,92.58,62.1,27.04,0,Legia Warszawa 1-2 Nieciecza,2025-11-09
Legia Warszawa,1.29,1.48,-0.19,1.07,1.47,-0.4,0.22,0.01,0.21,1.29,1.48,-0.19,1,2,-1,-0.81,70.0,77.32,56.19,1.68,0.45,447,28,23,13,13.69,28.89,5.33,11,2,42,11,13,288.1,91.61,9.13,7.42,167.57,72.96,0,Legia Warszawa 1-2 Nieciecza,2025-11-09
Piast Gliwice,1.35,0.56,0.79,1.09,0.37,0.72,0.27,0.19,0.08,1.35,0.56,0.79,3,1,2,1.21,46.3,47.46,41.83,0.56,0.79,155,17,18,9,32.14,11.39,12.69,7,4,15,3,16,103.9,67.86,55.73,52.67,120.4,68.44,2,GKS Katowice 1-3 Piast Gliwice,2025-11-08
GKS Katowice,0.56,1.35,-0.79,0.37,1.09,-0.72,0.19,0.27,-0.08,0.56,1.35,-0.79,1,3,-2,-1.21,53.7,52.54,42.86,0.79,0.56,191,9,9,18,11.39,32.14,11.9,4,7,16,3,10,49.2,32.14,50.07,47.33,55.53,31.56,3,GKS Katowice 1-3 Piast Gliwice,2025-11-08
Wisła Płock,0.93,3.36,-2.43,0.93,2.6,-1.67,0.0,0.0,0.0,0.93,2.6,-1.67,1,1,0,2.43,36.6,38.96,44.86,0.92,0.74,127,13,10,14,10.87,18.92,15.33,2,4,19,1,14,51.2,27.54,117.07,82.79,98.4,42.68,2,Motor Lublin 1-1 Wisła Płock,2025-11-08
Motor Lublin,3.36,0.93,2.43,2.6,0.93,1.67,0.0,0.0,0.0,2.6,0.93,1.67,1,1,0,-2.43,63.4,61.04,47.84,0.74,0.92,302,14,14,10,18.92,10.87,7.11,4,2,24,5,18,134.7,72.46,24.33,17.21,132.17,57.32,4,Motor Lublin 1-1 Wisła Płock,2025-11-08
Widzew Łódź,1.77,1.26,0.51,1.68,1.25,0.43,0.09,0.01,0.08,1.77,1.26,0.51,1,2,-1,-1.51,48.4,37.29,41.07,0.43,0.96,125,11,9,14,20.93,14.58,13.0,3,10,5,3,11,47.8,22.47,23.93,29.42,28.27,13.84,2,Lechia Gdańsk 2-1 Widzew Łódź,2025-11-08
Lechia Gdańsk,1.26,1.77,-0.51,1.25,1.68,-0.43,0.01,0.09,-0.08,1.26,1.77,-0.51,2,1,1,1.51,51.6,62.71,55.17,0.96,0.43,281,23,14,9,14.58,20.93,8.77,10,3,20,5,14,164.9,77.53,57.4,70.58,176.03,86.16,4,Lechia Gdańsk 2-1 Widzew Łódź,2025-11-08
Górnik Zabrze,0.78,1.46,-0.68,0.63,1.46,-0.83,0.15,0.0,0.15,0.78,1.46,-0.68,0,2,-2,-1.32,69.4,70.86,54.16,0.64,0.46,351,25,15,6,23.44,13.04,6.26,3,2,37,12,12,190.8,85.95,6.07,6.46,119.87,60.77,0,Zagłębie Lubin 2-0 Górnik Zabrze,2025-11-07
Zagłębie Lubin,1.46,0.78,0.68,1.46,0.63,0.83,0.0,0.15,-0.15,1.46,0.78,0.68,2,0,2,1.32,30.6,29.14,44.42,0.46,0.64,111,14,6,15,13.04,23.44,10.26,2,3,10,1,12,31.2,14.05,87.93,93.54,77.37,39.23,5,Zagłębie Lubin 2-0 Górnik Zabrze,2025-11-07
Cracovia,0.33,2.04,-1.71,0.12,0.94,-0.82,0.21,0.34,-0.13,0.33,1.28,-0.95,0,3,-3,-1.29,49.3,54.42,47.21,0.26,0.58,218,5,4,12,15.38,20.69,10.36,7,6,16,3,17,67.2,41.71,79.07,56.32,66.17,36.73,0,Radomiak Radom 3-0 Cracovia,2025-11-07
Radomiak Radom,2.04,0.33,1.71,0.94,0.12,0.82,0.34,0.21,0.13,1.28,0.33,0.95,3,0,3,1.29,50.7,45.58,44.01,0.58,0.26,200,13,12,4,20.69,15.38,10.54,6,7,18,5,12,93.9,58.29,61.33,43.68,113.97,63.27,0,Radomiak Radom 3-0 Cracovia,2025-11-07
Zagłębie Lubin,0.28,1.58,-1.3,0.28,1.58,-1.3,0.0,0.0,0.0,0.28,1.58,-1.3,0,0,0,1.3,32.2,29.06,43.35,0.2,1.14,125,6,8,14,40.0,12.28,16.62,11,6,7,0,11,12.4,6.34,147.6,92.87,70.83,40.22,2,Cracovia 0-0 Zagłębie Lubin,2025-11-03
Cracovia,1.58,0.28,1.3,1.58,0.28,1.3,0.0,0.0,0.0,1.58,0.28,1.3,0,0,0,-1.3,67.8,70.94,51.42,1.14,0.2,398,13,14,8,12.28,40.0,7.37,6,11,30,2,11,183.1,93.66,11.33,7.13,105.27,59.78,1,Cracovia 0-0 Zagłębie Lubin,2025-11-03
Radomiak Radom,1.16,1.38,-0.22,1.16,0.76,0.4,0.0,0.62,-0.62,1.16,1.38,-0.22,2,1,1,1.22,52.6,46.64,43.16,0.44,0.86,162,7,11,14,25.0,16.28,9.42,4,8,12,4,12,63.8,39.97,23.4,26.71,62.97,36.24,3,Lechia Gdańsk 1-2 Radomiak Radom,2025-11-03
Lechia Gdańsk,1.38,1.16,0.22,0.76,1.16,-0.4,0.62,0.0,0.62,1.38,1.16,0.22,1,2,-1,-1.22,47.4,53.36,48.55,0.86,0.44,186,15,14,11,16.28,25.0,9.55,8,4,30,8,11,95.8,60.03,64.2,73.29,110.77,63.76,7,Lechia Gdańsk 1-2 Radomiak Radom,2025-11-03
Pogoń Szczecin,1.74,1.47,0.27,1.5,1.3,0.2,0.24,0.17,0.07,1.74,1.47,0.27,0,2,-2,-2.27,68.1,68.7,55.29,1.32,0.88,431,24,22,16,16.67,18.18,10.61,6,1,39,8,7,238.0,75.56,8.4,5.94,154.83,61.34,1,Wisła Płock 2-0 Pogoń Szczecin,2025-11-03
Wisła Płock,1.47,1.74,-0.27,1.3,1.5,-0.2,0.17,0.24,-0.07,1.47,1.74,-0.27,2,0,2,2.27,31.9,31.3,45.59,0.88,1.32,132,11,16,22,18.18,16.67,29.5,1,6,22,6,5,77.0,24.44,133.13,94.06,97.57,38.66,2,Wisła Płock 2-0 Pogoń Szczecin,2025-11-03
Legia Warszawa,2.79,1.8,0.99,2.53,0.89,1.64,0.26,0.15,0.11,2.79,1.04,1.75,1,1,0,-0.99,58.0,71.62,58.73,0.44,0.5,350,21,20,10,45.45,20.0,8.47,6,1,33,8,13,219.6,85.45,33.13,28.73,176.53,80.27,1,Widzew Łódź 1-1 Legia Warszawa,2025-11-02
Widzew Łódź,1.8,2.79,-0.99,0.89,2.53,-1.64,0.15,0.26,-0.11,1.04,2.79,-1.75,1,1,0,0.99,42.0,28.38,42.2,0.5,0.44,122,5,10,20,20.0,45.45,12.71,1,6,9,3,10,37.4,14.55,82.2,71.27,43.4,19.73,3,Widzew Łódź 1-1 Legia Warszawa,2025-11-02
Raków Częstochowa,1.25,2.88,-1.63,0.54,2.69,-2.15,0.71,0.18,0.53,1.25,2.88,-1.63,2,1,1,2.63,32.9,34.73,49.25,0.6,1.03,120,12,10,26,16.67,25.24,9.19,7,0,11,4,17,60.0,22.34,137.87,93.7,121.23,63.32,0,Jagiellonia Białystok 1-2 Raków Częstochowa,2025-11-02
Jagiellonia Białystok,2.88,1.25,1.63,2.69,0.54,2.15,0.18,0.71,-0.53,2.88,1.25,1.63,1,2,-1,-2.63,67.1,65.27,50.15,1.03,0.6,300,23,26,10,25.24,16.67,6.72,0,7,23,5,19,208.6,77.66,9.27,6.3,70.23,36.68,0,Jagiellonia Białystok 1-2 Raków Częstochowa,2025-11-02
Motor Lublin,1.4,1.23,0.17,1.35,0.77,0.58,0.05,0.45,-0.4,1.4,1.23,0.17,2,2,0,-0.17,40.0,19.65,38.52,0.61,1.49,111,13,9,18,14.75,12.08,14.63,0,13,12,2,15,16.5,6.24,50.13,58.7,15.13,3.58,1,Lech Poznań 2-2 Motor Lublin,2025-11-02
Lech Poznań,1.23,1.4,-0.17,0.77,1.35,-0.58,0.45,0.05,0.4,1.23,1.4,-0.17,2,2,0,0.17,60.0,80.35,57.04,1.49,0.61,430,26,18,9,12.08,14.75,8.83,13,0,30,6,10,247.9,93.76,35.27,41.3,407.47,96.42,1,Lech Poznań 2-2 Motor Lublin,2025-11-02
Arka Gdynia,1.18,3.13,-1.95,1.18,2.1,-0.92,0.0,0.27,-0.27,1.18,2.37,-1.19,1,5,-4,-2.05,47.4,41.15,46.65,0.34,0.38,176,2,8,29,23.53,76.32,12.07,4,5,10,2,10,27.4,13.49,65.87,65.0,21.98,8.38,0,Górnik Zabrze 5-1 Arka Gdynia,2025-11-02
Górnik Zabrze,3.13,1.18,1.95,2.1,1.18,0.92,0.27,0.0,0.27,2.37,1.18,1.19,5,1,4,2.05,52.6,58.85,46.88,0.38,0.34,197,13,29,8,76.32,23.53,12.92,5,4,13,10,9,175.7,86.51,35.47,35.0,240.32,91.62,0,Górnik Zabrze 5-1 Arka Gdynia,2025-11-02
Korona Kielce,0.95,0.61,0.34,0.57,0.56,0.01,0.38,0.05,0.33,0.95,0.61,0.34,0,0,0,-0.34,50.3,52.29,48.11,0.55,0.61,208,17,20,10,36.36,16.39,12.03,3,7,21,9,8,116.4,64.31,42.87,56.8,117.43,67.96,1,Piast Gliwice 0-0 Korona Kielce,2025-10-31
Piast Gliwice,0.61,0.95,-0.34,0.56,0.57,-0.01,0.05,0.38,-0.33,0.61,0.95,-0.34,0,0,0,0.34,49.7,47.71,47.42,0.61,0.55,196,10,10,20,16.39,36.36,8.68,7,3,26,7,13,64.6,35.69,32.6,43.2,55.37,32.04,7,Piast Gliwice 0-0 Korona Kielce,2025-10-31
GKS Katowice,3.08,2.88,0.2,3.08,2.37,0.71,0.0,0.51,-0.51,3.08,2.88,0.2,3,0,3,2.8,35.0,26.71,39.35,0.27,1.21,84,7,11,18,40.74,14.88,13.3,0,7,5,2,18,33.3,14.29,91.6,87.18,75.07,44.71,2,Nieciecza 0-3 GKS Katowice,2025-10-31
Nieciecza,2.88,3.08,-0.2,2.37,3.08,-0.71,0.51,0.0,0.51,2.88,3.08,-0.2,0,3,-3,-2.8,65.0,73.29,51.43,1.21,0.27,299,18,18,11,14.88,40.74,7.73,7,0,39,7,13,199.8,85.71,13.47,12.82,92.83,55.29,0,Nieciecza 0-3 GKS Katowice,2025-10-31
Wisła Płock,1.08,1.26,-0.18,0.32,1.11,-0.79,0.0,0.15,-0.15,0.32,1.26,-0.94,1,1,0,0.18,44.9,35.38,45.03,0.29,1.0,173,5,9,19,31.03,19.0,12.35,1,5,28,5,13,39.4,18.65,40.0,49.75,35.6,17.44,0,Radomiak Radom 1-1 Wisła Płock,2025-10-27
Radomiak Radom,1.26,1.08,0.18,1.11,0.32,0.79,0.15,0.0,0.15,1.26,0.32,0.94,1,1,0,-0.18,55.1,64.62,56.51,1.0,0.29,299,13,19,9,19.0,31.03,11.37,5,1,23,4,16,171.9,81.35,40.4,50.25,168.5,82.56,3,Radomiak Radom 1-1 Wisła Płock,2025-10-27
Lech Poznań,0.82,0.69,0.13,0.69,0.52,0.17,0.13,0.18,-0.05,0.82,0.69,0.13,0,0,0,-0.13,51.7,52.35,48.93,0.38,0.74,229,17,12,13,31.58,17.57,10.03,5,5,19,5,13,138.3,60.24,41.0,41.11,102.33,58.34,0,Legia Warszawa 0-0 Lech Poznań,2025-10-26
Legia Warszawa,0.69,0.82,-0.13,0.52,0.69,-0.17,0.18,0.13,0.05,0.69,0.82,-0.13,0,0,0,0.13,48.3,47.65,48.54,0.74,0.38,201,13,13,12,17.57,31.58,11.06,5,5,30,8,16,91.3,39.76,58.73,58.89,73.07,41.66,2,Legia Warszawa 0-0 Lech Poznań,2025-10-26
Jagiellonia Białystok,1.67,2.47,-0.8,1.61,2.21,-0.6,0.06,0.26,-0.2,1.67,2.47,-0.8,1,2,-1,-0.2,58.2,55.21,44.14,0.72,0.77,240,15,15,23,20.83,29.87,13.12,7,5,12,4,6,95.3,46.37,9.0,6.35,63.0,24.09,0,Górnik Zabrze 2-1 Jagiellonia Białystok,2025-10-26
Górnik Zabrze,2.47,1.67,0.8,2.21,1.61,0.6,0.26,0.06,0.2,2.47,1.67,0.8,2,1,1,0.2,41.8,44.79,49.35,0.77,0.72,229,18,23,15,29.87,20.83,23.62,5,7,16,5,8,110.2,53.63,132.67,93.65,198.57,75.91,0,Górnik Zabrze 2-1 Jagiellonia Białystok,2025-10-26
Lechia Gdańsk,0.63,1.21,-0.58,0.62,1.21,-0.59,0.02,0.0,0.02,0.63,1.21,-0.58,1,2,-1,-0.42,57.9,62.91,51.97,0.42,0.28,277,6,10,10,23.81,35.71,6.48,11,4,22,4,17,100.9,65.78,19.4,22.82,60.87,50.08,6,Raków Częstochowa 2-1 Lechia Gdańsk,2025-10-26
Raków Częstochowa,1.21,0.63,0.58,1.21,0.62,0.59,0.0,0.02,-0.02,1.21,0.63,0.58,2,1,1,0.42,42.1,37.09,48.06,0.28,0.42,148,10,10,10,35.71,23.81,19.61,4,11,18,4,3,52.5,34.22,65.6,77.18,60.67,49.92,0,Raków Częstochowa 2-1 Lechia Gdańsk,2025-10-26
Korona Kielce,2.27,1.28,0.99,2.27,1.23,1.04,0.0,0.05,-0.05,2.27,1.28,0.99,0,1,-1,-1.99,59.5,59.21,47.41,0.84,0.31,193,17,14,14,16.67,45.16,7.63,5,3,18,3,8,101.4,55.17,16.2,15.92,79.47,37.76,5,GKS Katowice 1-0 Korona Kielce,2025-10-25
GKS Katowice,1.28,2.27,-0.99,1.23,2.27,-1.04,0.05,0.0,0.05,1.28,2.27,-0.99,1,0,1,1.99,40.5,40.79,48.49,0.31,0.84,146,10,14,14,45.16,16.67,11.83,3,5,13,3,16,82.4,44.83,85.53,84.08,131.0,62.24,0,GKS Katowice 1-0 Korona Kielce,2025-10-25
Cracovia,2.01,0.93,1.08,1.96,0.46,1.5,0.05,0.47,-0.42,2.01,0.93,1.08,1,2,-1,-2.08,43.9,55.13,54.53,0.99,0.7,216,15,17,11,17.17,15.71,14.79,4,4,23,3,13,135.3,74.96,83.87,85.87,185.2,91.53,2,Pogoń Szczecin 2-1 Cracovia,2025-10-25
Pogoń Szczecin,0.93,2.01,-1.08,0.46,1.96,-1.5,0.47,0.05,0.42,0.93,2.01,-1.08,2,1,1,2.08,56.1,44.87,44.82,0.7,0.99,190,10,11,17,15.71,17.17,10.5,4,4,23,8,10,45.2,25.04,13.8,14.13,17.13,8.47,3,Pogoń Szczecin 2-1 Cracovia,2025-10-25
Piast Gliwice,2.0,0.98,1.02,0.82,0.88,-0.06,0.42,0.1,0.32,1.24,0.98,0.26,1,2,-1,-2.02,63.0,74.63,55.62,0.62,0.52,322,26,25,7,40.32,13.46,8.69,2,2,36,10,13,256.9,94.03,31.93,30.35,194.4,86.24,6,Arka Gdynia 2-1 Piast Gliwice,2025-10-25
Arka Gdynia,0.98,2.0,-1.02,0.88,0.82,0.06,0.1,0.42,-0.32,0.98,1.24,-0.26,2,1,1,2.02,37.0,25.37,42.2,0.52,0.62,104,5,7,25,13.46,40.32,11.23,2,2,8,4,17,16.3,5.97,73.27,69.65,31.03,13.76,0,Arka Gdynia 2-1 Piast Gliwice,2025-10-25
Widzew Łódź,0.6,2.87,-2.27,0.55,2.08,-1.53,0.05,0.79,-0.74,0.6,2.87,-2.27,0,3,-3,-0.73,54.7,59.55,47.28,0.63,0.94,220,12,13,16,20.63,17.02,8.79,11,8,25,4,12,95.6,54.1,27.67,29.69,53.29,26.67,2,Motor Lublin 3-0 Widzew Łódź,2025-10-24
Motor Lublin,2.87,0.6,2.27,2.08,0.55,1.53,0.79,0.05,0.74,2.87,0.6,2.27,3,0,3,0.73,45.3,40.45,45.81,0.94,0.63,159,11,16,13,17.02,20.63,13.31,8,11,15,5,8,81.1,45.9,65.53,70.31,146.53,73.33,1,Motor Lublin 3-0 Widzew Łódź,2025-10-24
Zagłębie Lubin,1.9,1.66,0.24,1.11,0.82,0.29,0.79,0.08,0.71,1.9,0.9,1.0,1,1,0,-0.24,45.7,35.88,40.91,0.8,0.52,128,15,13,14,16.25,26.92,13.52,1,1,17,5,12,67.0,34.43,39.8,53.02,64.23,35.19,4,Nieciecza 1-1 Zagłębie Lubin,2025-10-24
Nieciecza,1.66,1.9,-0.24,0.82,1.11,-0.29,0.08,0.79,-0.71,0.9,1.9,-1.0,1,1,0,0.24,54.3,64.12,50.22,0.52,0.8,241,14,14,13,26.92,16.25,13.12,1,1,25,7,9,127.6,65.57,35.27,46.98,118.3,64.81,1,Nieciecza 1-1 Zagłębie Lubin,2025-10-24
Nieciecza,1.32,1.85,-0.53,1.28,1.81,-0.53,0.04,0.04,0.0,1.32,1.85,-0.53,1,3,-2,-1.47,45.2,43.67,52.6,0.81,1.23,257,12,15,20,18.52,16.26,19.26,5,5,30,5,9,51.8,27.85,68.33,82.13,37.88,13.26,1,Wisła Płock 3-1 Nieciecza,2025-10-20
Wisła Płock,1.85,1.32,0.53,1.81,1.28,0.53,0.04,0.04,0.0,1.85,1.32,0.53,3,1,2,1.47,54.8,56.33,51.43,1.23,0.81,272,23,20,15,16.26,18.52,13.7,5,5,32,6,6,134.2,72.15,14.87,17.87,247.79,86.74,0,Wisła Płock 3-1 Nieciecza,2025-10-20
Legia Warszawa,1.22,1.93,-0.71,1.22,1.14,0.08,0.0,0.03,-0.03,1.22,1.17,0.05,1,3,-2,-1.29,65.5,66.39,51.58,0.53,0.83,342,13,13,17,24.53,20.48,7.88,2,9,25,4,13,178.0,71.43,19.4,14.9,110.53,49.57,0,Zagłębie Lubin 3-1 Legia Warszawa,2025-10-19
Zagłębie Lubin,1.93,1.22,0.71,1.14,1.22,-0.08,0.03,0.0,0.03,1.17,1.22,-0.05,3,1,2,1.29,34.5,33.61,46.27,0.83,0.53,137,16,17,13,20.48,24.53,13.14,9,2,18,3,17,71.2,28.57,110.8,85.1,112.47,50.43,2,Zagłębie Lubin 3-1 Legia Warszawa,2025-10-19
Pogoń Szczecin,1.4,2.18,-0.78,0.74,1.86,-1.12,0.66,0.32,0.34,1.4,2.18,-0.78,2,2,0,0.78,34.1,36.34,51.9,0.44,1.64,151,14,16,26,36.36,15.85,16.29,7,2,13,4,12,38.9,19.14,86.13,80.7,71.93,43.14,2,Lech Poznań 2-2 Pogoń Szczecin,2025-10-19
Lech Poznań,2.18,1.4,0.78,1.86,0.74,1.12,0.32,0.66,-0.34,2.18,1.4,0.78,2,2,0,-0.78,65.9,63.66,49.94,1.64,0.44,281,23,26,16,15.85,36.36,8.96,2,7,35,9,6,164.3,80.86,20.6,19.3,94.8,56.86,2,Lech Poznań 2-2 Pogoń Szczecin,2025-10-19
Lechia Gdańsk,1.42,0.95,0.47,1.17,0.93,0.24,0.24,0.02,0.22,1.42,0.95,0.47,2,1,1,0.53,38.2,39.59,45.65,0.69,0.56,153,13,9,15,13.04,26.79,15.07,5,3,19,6,4,32.5,16.62,96.27,83.08,83.37,38.67,6,Piast Gliwice 1-2 Lechia Gdańsk,2025-10-19
Piast Gliwice,0.95,1.42,-0.47,0.93,1.17,-0.24,0.02,0.24,-0.22,0.95,1.42,-0.47,1,2,-1,-0.53,61.8,60.41,45.89,0.56,0.69,248,17,15,9,26.79,13.04,11.87,3,5,27,9,9,163.0,83.38,19.6,16.92,132.2,61.33,2,Piast Gliwice 1-2 Lechia Gdańsk,2025-10-19
Raków Częstochowa,0.07,2.15,-2.08,0.07,1.68,-1.61,0.0,0.47,-0.47,0.07,2.15,-2.08,0,2,-2,0.08,58.5,44.9,46.53,0.27,0.74,246,8,3,17,11.11,22.97,11.27,3,14,14,2,13,39.9,26.28,17.73,15.46,30.0,11.65,3,Cracovia 2-0 Raków Częstochowa,2025-10-18
Cracovia,2.15,0.07,2.08,1.68,0.07,1.61,0.47,0.0,0.47,2.15,0.07,2.08,2,0,2,-0.08,41.5,55.1,48.84,0.74,0.27,194,13,17,3,22.97,11.11,10.53,14,3,18,5,16,111.9,73.72,96.93,84.54,227.47,88.35,2,Cracovia 2-0 Raków Częstochowa,2025-10-18
Arka Gdynia,0.93,3.47,-2.54,0.8,2.79,-1.99,0.13,0.68,-0.55,0.93,3.47,-2.54,0,4,-4,-1.46,44.7,45.62,46.9,0.62,0.85,174,15,8,18,12.9,21.18,13.1,6,6,30,5,10,52.7,28.75,94.33,69.06,64.6,21.05,2,Jagiellonia Białystok 4-0 Arka Gdynia,2025-10-18
Jagiellonia Białystok,3.47,0.93,2.54,2.79,0.8,1.99,0.68,0.13,0.55,3.47,0.93,2.54,4,0,4,1.46,55.3,54.38,44.45,0.85,0.62,236,16,18,8,21.18,12.9,10.57,6,6,13,3,8,130.6,71.25,42.27,30.94,242.22,78.95,0,Jagiellonia Białystok 4-0 Arka Gdynia,2025-10-18
Górnik Zabrze,1.0,2.25,-1.25,0.72,0.55,0.17,0.29,0.18,0.11,1.0,0.73,0.27,1,1,0,1.25,56.3,59.84,51.43,0.75,0.5,290,16,16,12,21.33,24.0,16.67,3,6,25,7,12,198.4,72.62,27.27,30.71,160.9,65.71,0,Korona Kielce 1-1 Górnik Zabrze,2025-10-18
Korona Kielce,2.25,1.0,1.25,0.55,0.72,-0.17,0.18,0.29,-0.11,0.73,1.0,-0.27,1,1,0,-1.25,43.7,40.16,46.89,0.5,0.75,178,10,12,16,24.0,21.33,11.12,6,3,33,9,7,74.8,27.38,61.53,69.29,83.97,34.29,3,Korona Kielce 1-1 Górnik Zabrze,2025-10-18
Radomiak Radom,2.37,2.83,-0.46,2.33,2.83,-0.5,0.04,0.0,0.04,2.37,2.83,-0.46,2,3,-1,-0.54,52.7,64.71,50.63,1.32,0.91,203,13,18,18,13.64,19.78,10.68,7,1,22,4,15,78.1,55.59,52.53,61.85,74.7,46.75,6,Widzew Łódź 3-2 Radomiak Radom,2025-10-17
Widzew Łódź,2.83,2.37,0.46,2.83,2.33,0.5,0.0,0.04,-0.04,2.83,2.37,0.46,3,2,1,0.54,47.3,35.29,38.34,0.91,1.32,105,12,18,18,19.78,13.64,10.85,1,7,10,2,13,62.4,44.41,32.4,38.15,85.1,53.25,1,Widzew Łódź 3-2 Radomiak Radom,2025-10-17
GKS Katowice,2.18,2.97,-0.79,2.12,0.78,1.34,0.06,2.19,-2.13,2.18,2.97,-0.79,5,2,3,3.79,48.9,51.37,51.16,0.65,0.7,214,15,16,21,24.62,30.0,9.14,9,8,12,2,14,124.2,46.76,55.47,53.23,116.33,46.79,3,Motor Lublin 2-5 GKS Katowice,2025-10-17
Motor Lublin,2.97,2.18,0.79,0.78,2.12,-1.34,2.19,0.06,2.13,2.97,2.18,0.79,2,5,-3,-3.79,51.1,48.63,48.43,0.7,0.65,214,17,21,16,30.0,24.62,11.07,8,9,38,10,10,141.4,53.24,48.73,46.77,132.27,53.21,1,Motor Lublin 2-5 GKS Katowice,2025-10-17
Legia Warszawa,1.71,0.92,0.79,1.65,0.92,0.73,0.06,0.0,0.06,1.71,0.92,0.79,1,3,-2,-2.79,60.9,69.35,50.25,0.8,0.6,269,13,15,9,18.75,15.0,8.26,7,3,31,6,10,167.2,82.57,31.27,26.51,96.14,57.78,1,Górnik Zabrze 3-1 Legia Warszawa,2025-10-05
Górnik Zabrze,0.92,1.71,-0.79,0.92,1.65,-0.73,0.0,0.06,-0.06,0.92,1.71,-0.79,3,1,2,2.79,39.1,30.65,44.38,0.6,0.8,146,5,9,15,15.0,18.75,14.18,3,7,6,0,10,35.3,17.43,86.67,73.49,70.26,42.22,0,Górnik Zabrze 3-1 Legia Warszawa,2025-10-05
Lech Poznań,1.47,0.88,0.59,1.47,0.72,0.75,0.0,0.16,-0.16,1.47,0.88,0.59,1,0,1,0.41,57.1,50.51,41.77,0.41,0.67,213,9,11,14,26.83,20.9,10.68,3,10,10,2,17,82.9,58.88,25.67,17.34,62.43,35.65,0,GKS Katowice 0-1 Lech Poznań,2025-10-05
GKS Katowice,0.88,1.47,-0.59,0.72,1.47,-0.75,0.16,0.0,0.16,0.88,1.47,-0.59,0,1,-1,-0.41,42.9,49.49,47.73,0.67,0.41,201,11,14,11,20.9,26.83,10.3,10,3,25,6,15,57.9,41.12,122.33,82.66,112.7,64.35,1,GKS Katowice 0-1 Lech Poznań,2025-10-05
Motor Lublin,0.52,2.77,-2.25,0.36,1.72,-1.36,0.16,0.3,-0.14,0.52,2.01,-1.49,0,2,-2,0.25,46.3,34.35,44.12,0.62,1.06,186,12,5,22,8.06,20.75,10.66,6,11,19,5,15,29.7,12.18,65.73,47.11,14.0,4.45,1,Raków Częstochowa 2-0 Motor Lublin,2025-10-05
Raków Częstochowa,2.77,0.52,2.25,1.72,0.36,1.36,0.3,0.16,0.14,2.01,0.52,1.49,2,0,2,-0.25,53.7,65.65,53.73,1.06,0.62,315,23,22,5,20.75,8.06,10.16,11,6,16,4,12,214.1,87.82,73.8,52.89,300.7,95.55,1,Raków Częstochowa 2-0 Motor Lublin,2025-10-05
Korona Kielce,1.14,1.65,-0.51,0.79,1.19,-0.4,0.35,0.45,-0.1,1.14,1.65,-0.51,1,3,-2,-1.49,31.4,28.71,42.84,0.5,0.81,109,10,14,18,28.0,22.22,14.56,5,7,15,7,10,33.6,14.62,125.13,89.89,31.19,15.98,2,Jagiellonia Białystok 3-1 Korona Kielce,2025-10-05
Jagiellonia Białystok,1.65,1.14,0.51,1.19,0.79,0.4,0.45,0.35,0.1,1.65,1.14,0.51,3,1,2,1.49,68.6,71.29,51.02,0.81,0.5,361,16,18,14,22.22,28.0,9.04,7,5,22,7,9,196.2,85.38,14.07,10.11,163.94,84.02,0,Jagiellonia Białystok 3-1 Korona Kielce,2025-10-05
Cracovia,1.54,1.07,0.47,1.45,0.69,0.76,0.09,0.37,-0.28,1.54,1.07,0.47,1,2,-1,-1.47,62.4,61.28,45.73,0.55,0.14,225,10,13,8,23.64,57.14,8.3,4,4,26,6,17,132.7,74.76,25.87,19.36,64.37,45.17,0,Arka Gdynia 2-1 Cracovia,2025-10-04
Arka Gdynia,1.07,1.54,-0.47,0.69,1.45,-0.76,0.37,0.09,0.28,1.07,1.54,-0.47,2,1,1,1.47,37.6,38.72,45.44,0.14,0.55,131,7,8,13,57.14,23.64,11.73,4,4,13,4,20,44.8,25.24,107.73,80.64,78.13,54.83,1,Arka Gdynia 2-1 Cracovia,2025-10-04
Zagłębie Lubin,1.84,1.45,0.39,1.84,1.3,0.54,0.0,0.15,-0.15,1.84,1.45,0.39,1,3,-2,-2.39,50.5,47.1,48.82,1.1,0.89,173,14,18,18,16.36,20.22,8.62,4,6,18,6,13,52.5,34.36,25.73,32.43,49.7,29.05,7,Radomiak Radom 3-1 Zagłębie Lubin,2025-10-04
Radomiak Radom,1.45,1.84,-0.39,1.3,1.84,-0.54,0.15,0.0,0.15,1.45,1.84,-0.39,3,1,2,2.39,49.5,52.9,52.3,0.89,1.1,182,15,18,18,20.22,16.36,12.35,6,4,22,5,11,100.3,65.64,53.6,67.57,121.37,70.95,4,Radomiak Radom 3-1 Zagłębie Lubin,2025-10-04
Widzew Łódź,2.07,0.85,1.22,2.07,0.66,1.41,0.0,0.19,-0.19,2.07,0.85,1.22,4,2,2,0.78,46.6,45.2,44.58,0.78,0.44,138,9,14,9,17.95,20.45,9.11,3,6,17,4,16,79.3,52.76,36.4,48.66,91.33,60.34,0,Nieciecza 2-4 Widzew Łódź,2025-10-04
Nieciecza,0.85,2.07,-1.22,0.66,2.07,-1.41,0.19,0.0,0.19,0.85,2.07,-1.22,2,4,-2,-0.78,53.4,54.8,47.3,0.44,0.78,191,12,9,14,20.45,17.95,9.93,6,3,11,3,15,71.0,47.24,38.4,51.34,60.03,39.66,1,Nieciecza 2-4 Widzew Łódź,2025-10-04
Piast Gliwice,1.63,3.45,-1.82,1.63,2.57,-0.94,0.0,0.13,-0.13,1.63,2.69,-1.06,1,2,-1,0.82,52.4,45.15,42.52,0.52,1.23,167,6,8,27,15.38,21.95,11.62,2,5,14,1,16,41.3,23.37,47.93,33.03,58.57,22.38,4,Pogoń Szczecin 2-1 Piast Gliwice,2025-10-03
Pogoń Szczecin,3.45,1.63,1.82,2.57,1.63,0.94,0.13,0.0,0.13,2.69,1.63,1.06,2,1,1,-0.82,47.6,54.85,45.93,1.23,0.52,183,17,27,8,21.95,15.38,15.0,5,2,22,6,11,135.4,76.63,97.2,66.97,203.13,77.62,0,Pogoń Szczecin 2-1 Piast Gliwice,2025-10-03
Wisła Płock,0.55,0.63,-0.08,0.55,0.59,-0.04,0.0,0.04,-0.04,0.55,0.63,-0.08,1,1,0,0.08,44.0,52.49,44.78,0.3,0.39,149,5,9,12,30.0,30.77,22.53,4,3,23,4,11,80.8,54.45,67.73,66.06,100.4,61.72,1,Lechia Gdańsk 1-1 Wisła Płock,2025-10-03
Lechia Gdańsk,0.63,0.55,0.08,0.59,0.55,0.04,0.04,0.0,0.04,0.63,0.55,0.08,1,1,0,-0.08,56.0,47.51,48.38,0.39,0.3,242,8,12,9,30.77,30.0,12.96,3,4,17,3,7,67.6,45.55,34.8,33.94,62.27,38.28,6,Lechia Gdańsk 1-1 Wisła Płock,2025-10-03
Radomiak Radom,1.74,0.86,0.88,1.59,0.75,0.84,0.14,0.11,0.03,1.74,0.86,0.88,2,2,0,-0.88,45.5,45.17,51.31,0.93,0.5,191,18,20,11,21.51,22.0,12.87,2,7,16,3,14,104.9,56.25,52.4,65.12,135.47,64.57,3,Motor Lublin 2-2 Radomiak Radom,2025-09-29
Motor Lublin,0.86,1.74,-0.88,0.75,1.59,-0.84,0.11,0.14,-0.03,0.86,1.74,-0.88,2,2,0,0.88,54.5,54.83,53.64,0.5,0.93,249,11,11,20,22.0,21.51,9.92,7,2,25,5,10,81.6,43.75,28.07,34.88,74.33,35.43,3,Motor Lublin 2-2 Radomiak Radom,2025-09-29
Arka Gdynia,0.71,1.44,-0.73,0.71,1.36,-0.65,0.0,0.08,-0.08,0.71,1.44,-0.73,0,4,-4,-3.27,60.3,68.16,51.49,0.57,0.53,290,11,9,9,15.79,16.98,6.95,7,2,14,2,16,131.4,80.56,16.0,21.26,47.09,28.93,4,Zagłębie Lubin 4-0 Arka Gdynia,2025-09-29
Zagłębie Lubin,1.44,0.71,0.73,1.36,0.71,0.65,0.08,0.0,0.08,1.44,0.71,0.73,4,0,4,3.27,39.7,31.84,36.48,0.53,0.57,93,10,9,9,16.98,15.79,13.62,2,7,10,2,15,31.7,19.44,59.27,78.74,115.66,71.07,3,Zagłębie Lubin 4-0 Arka Gdynia,2025-09-29
Pogoń Szczecin,0.39,1.88,-1.49,0.31,0.7,-0.39,0.08,0.42,-0.34,0.39,1.12,-0.73,0,1,-1,0.49,45.5,26.78,36.8,0.06,0.62,98,5,6,14,100.0,22.58,9.73,3,8,8,1,15,21.2,10.13,35.67,43.22,13.73,5.21,1,Legia Warszawa 1-0 Pogoń Szczecin,2025-09-28
Legia Warszawa,1.88,0.39,1.49,0.7,0.31,0.39,0.42,0.08,0.34,1.12,0.39,0.73,1,0,1,-0.49,54.5,73.22,53.06,0.62,0.06,259,14,14,6,22.58,100.0,8.93,8,3,24,6,17,188.1,89.87,46.87,56.78,250.03,94.79,0,Legia Warszawa 1-0 Pogoń Szczecin,2025-09-28
Jagiellonia Białystok,0.93,1.55,-0.62,0.72,0.61,0.11,0.21,0.18,0.03,0.93,0.79,0.14,2,2,0,0.62,47.3,49.04,45.73,0.53,0.79,192,14,15,13,28.3,16.46,9.91,11,4,19,10,13,119.5,54.17,48.93,52.84,116.97,56.43,2,Lech Poznań 2-2 Jagiellonia Białystok,2025-09-28
Lech Poznań,1.55,0.93,0.62,0.61,0.72,-0.11,0.18,0.21,-0.03,0.79,0.93,-0.14,2,2,0,-0.62,52.7,50.96,47.08,0.79,0.53,206,17,13,15,16.46,28.3,8.41,4,11,22,5,10,101.1,45.83,43.67,47.16,90.3,43.57,1,Lech Poznań 2-2 Jagiellonia Białystok,2025-09-28
Raków Częstochowa,1.4,0.35,1.05,1.33,0.35,0.98,0.07,0.0,0.07,1.4,0.35,1.05,1,0,1,-0.05,62.1,73.42,52.06,0.81,0.25,319,20,21,6,25.93,24.0,9.03,4,3,24,3,17,239.3,91.69,33.87,24.46,183.17,83.69,1,Widzew Łódź 0-1 Raków Częstochowa,2025-09-28
Widzew Łódź,0.35,1.4,-1.05,0.35,1.33,-0.98,0.0,0.07,-0.07,0.35,1.4,-1.05,0,1,-1,0.05,37.9,26.58,40.74,0.25,0.81,129,5,6,21,24.0,25.93,17.42,3,4,7,3,11,21.7,8.31,104.6,75.54,35.7,16.31,0,Widzew Łódź 0-1 Raków Częstochowa,2025-09-28
Górnik Zabrze,2.04,1.14,0.9,1.33,1.09,0.24,0.71,0.04,0.67,2.04,1.14,0.9,1,1,0,-0.9,36.8,35.66,47.73,0.85,0.57,169,10,10,12,11.76,21.05,24.19,3,4,18,7,10,66.5,32.41,137.07,87.56,121.57,67.45,2,Cracovia 1-1 Górnik Zabrze,2025-09-27
Cracovia,1.14,2.04,-0.9,1.09,1.33,-0.24,0.04,0.71,-0.67,1.14,2.04,-0.9,1,1,0,0.9,63.2,64.34,47.84,0.57,0.85,270,13,12,10,21.05,11.76,13.52,4,3,21,6,4,138.7,67.59,19.47,12.44,58.67,32.55,1,Cracovia 1-1 Górnik Zabrze,2025-09-27
Nieciecza,4.26,1.98,2.28,3.86,1.89,1.97,0.41,0.09,0.32,4.26,1.98,2.28,2,4,-2,-4.28,52.1,56.61,54.37,2.74,0.97,247,28,22,20,8.03,20.62,9.76,3,4,28,7,15,161.9,59.92,67.53,57.46,171.03,72.09,0,Piast Gliwice 4-2 Nieciecza,2025-09-27
Piast Gliwice,1.98,4.26,-2.28,1.89,3.86,-1.97,0.09,0.41,-0.32,1.98,4.26,-2.28,4,2,2,4.28,47.9,43.39,48.6,0.97,2.74,183,21,20,22,20.62,8.03,10.84,4,3,17,2,7,108.3,40.08,50.0,42.54,66.2,27.91,4,Piast Gliwice 4-2 Nieciecza,2025-09-27
Lechia Gdańsk,1.23,1.55,-0.32,1.23,1.07,0.16,0.0,0.48,-0.48,1.23,1.55,-0.32,0,3,-3,-2.68,56.1,60.52,52.18,0.95,0.46,249,10,10,17,10.53,36.96,8.81,4,3,19,5,13,96.9,48.43,26.33,38.61,63.07,30.89,3,Korona Kielce 3-0 Lechia Gdańsk,2025-09-27
Korona Kielce,1.55,1.23,0.32,1.07,1.23,-0.16,0.48,0.0,0.48,1.55,1.23,0.32,3,0,3,2.68,43.9,39.48,44.77,0.46,0.95,131,15,17,10,36.96,10.53,12.52,3,4,15,6,12,103.2,51.57,41.87,61.39,141.13,69.11,1,Korona Kielce 3-0 Lechia Gdańsk,2025-09-27
GKS Katowice,1.11,0.97,0.14,1.11,0.93,0.18,0.0,0.04,-0.04,1.11,0.97,0.14,1,1,0,-0.14,53.9,48.56,49.43,0.24,0.56,238,7,10,10,41.67,17.86,11.31,3,1,16,2,11,78.3,49.18,37.73,42.27,56.4,43.15,3,Wisła Płock 1-1 GKS Katowice,2025-09-26
Wisła Płock,0.97,1.11,-0.14,0.93,1.11,-0.18,0.04,0.0,0.04,0.97,1.11,-0.14,1,1,0,0.14,46.1,51.44,47.27,0.56,0.24,201,11,10,10,17.86,41.67,21.32,1,3,26,4,14,80.9,50.82,51.53,57.73,74.3,56.85,1,Wisła Płock 1-1 GKS Katowice,2025-09-26
Jagiellonia Białystok,0.15,2.83,-2.68,0.15,2.8,-2.65,0.0,0.03,-0.03,0.15,2.83,-2.68,0,0,0,2.68,48.4,30.9,38.48,0.2,0.94,131,5,3,20,15.0,21.28,11.27,0,3,9,2,15,21.8,11.53,20.87,22.12,11.5,5.2,0,Legia Warszawa 0-0 Jagiellonia Białystok,2025-09-24
Legia Warszawa,2.83,0.15,2.68,2.8,0.15,2.65,0.03,0.0,0.03,2.83,0.15,2.68,0,0,0,-2.68,51.6,69.1,52.75,0.94,0.2,258,13,20,3,21.28,15.0,8.32,3,0,23,2,20,167.3,88.47,73.47,77.88,209.6,94.8,1,Legia Warszawa 0-0 Jagiellonia Białystok,2025-09-24
Lech Poznań,1.17,2.88,-1.71,1.15,1.57,-0.42,0.02,0.55,-0.53,1.17,2.12,-0.95,2,2,0,1.71,36.8,36.31,48.53,0.09,1.03,182,5,10,18,111.11,17.48,12.79,6,1,11,2,15,51.2,20.85,103.2,85.29,104.7,49.34,1,Raków Częstochowa 2-2 Lech Poznań,2025-09-24
Raków Częstochowa,2.88,1.17,1.71,1.57,1.15,0.42,0.55,0.02,0.53,2.12,1.17,0.95,2,2,0,-1.71,63.2,63.69,52.1,1.03,0.09,332,21,18,10,17.48,111.11,8.87,1,6,35,6,10,194.4,79.15,17.8,14.71,107.5,50.66,0,Raków Częstochowa 2-2 Lech Poznań,2025-09-24
Widzew Łódź,1.56,3.11,-1.55,0.72,3.11,-2.39,0.84,0.0,0.84,1.56,3.11,-1.55,2,3,-1,0.55,49.5,44.8,44.7,0.94,0.8,160,9,11,17,11.7,21.25,7.16,9,6,16,4,11,46.8,26.94,49.27,57.56,54.6,28.92,0,Górnik Zabrze 3-2 Widzew Łódź,2025-09-21
Górnik Zabrze,3.11,1.56,1.55,3.11,0.72,2.39,0.0,0.84,-0.84,3.11,1.56,1.55,3,2,1,-0.55,50.5,55.2,47.34,0.8,0.94,194,8,17,11,21.25,11.7,11.65,6,9,25,6,16,126.9,73.06,36.33,42.44,134.17,71.08,0,Górnik Zabrze 3-2 Widzew Łódź,2025-09-21
Lechia Gdańsk,3.14,2.73,0.41,2.01,1.82,0.19,0.37,0.15,0.22,2.38,1.97,0.41,4,3,1,0.59,41.2,36.59,41.88,0.54,1.35,104,9,13,22,24.07,16.3,13.92,2,9,10,4,11,25.1,13.87,56.13,60.32,36.83,17.99,2,Pogoń Szczecin 3-4 Lechia Gdańsk,2025-09-21
Pogoń Szczecin,2.73,3.14,-0.41,1.82,2.01,-0.19,0.15,0.37,-0.22,1.97,2.38,-0.41,3,4,-1,-0.59,58.8,63.41,50.84,1.35,0.54,226,25,22,13,16.3,24.07,10.52,9,2,23,4,9,155.9,86.13,36.93,39.68,167.93,82.01,0,Pogoń Szczecin 3-4 Lechia Gdańsk,2025-09-21
Motor Lublin,1.09,1.58,-0.49,0.96,0.73,0.23,0.13,0.09,0.04,1.09,0.82,0.27,2,2,0,0.49,56.3,54.17,50.3,0.55,0.9,223,11,16,11,29.09,12.22,8.14,2,9,12,5,15,129.8,64.13,13.73,14.41,89.47,48.48,4,Zagłębie Lubin 2-2 Motor Lublin,2025-09-21
Zagłębie Lubin,1.58,1.09,0.49,0.73,0.96,-0.23,0.09,0.13,-0.04,0.82,1.09,-0.27,2,2,0,-0.49,43.7,45.83,47.89,0.9,0.55,151,12,11,16,12.22,29.09,8.82,9,2,25,6,14,72.6,35.87,81.53,85.59,95.07,51.52,2,Zagłębie Lubin 2-2 Motor Lublin,2025-09-21
Legia Warszawa,1.47,1.59,-0.12,1.4,0.44,0.96,0.07,0.39,-0.32,1.47,0.83,0.64,1,1,0,0.12,59.5,69.31,52.4,1.02,0.41,293,20,16,8,15.69,19.51,7.61,5,4,15,2,18,174.1,77.69,25.6,24.35,142.33,66.51,1,Raków Częstochowa 1-1 Legia Warszawa,2025-09-20
Raków Częstochowa,1.59,1.47,0.12,0.44,1.4,-0.96,0.39,0.07,0.32,0.83,1.47,-0.64,1,1,0,-0.12,40.5,30.69,42.25,0.41,1.02,107,7,8,16,19.51,15.69,10.56,4,5,8,1,15,50.0,22.31,79.53,75.65,71.67,33.49,0,Raków Częstochowa 1-1 Legia Warszawa,2025-09-20
Lech Poznań,2.41,0.78,1.63,1.98,0.71,1.27,0.43,0.07,0.36,2.41,0.78,1.63,2,0,2,0.37,46.0,51.34,45.21,0.84,0.78,187,11,18,13,21.43,16.67,21.0,3,4,19,10,7,144.6,64.3,81.07,66.37,203.37,80.98,1,Nieciecza 0-2 Lech Poznań,2025-09-20
Nieciecza,0.78,2.41,-1.63,0.71,1.98,-1.27,0.07,0.43,-0.36,0.78,2.41,-1.63,0,2,-2,-0.37,54.0,48.66,47.56,0.78,0.84,246,12,13,18,16.67,21.43,11.21,4,3,12,3,7,80.3,35.7,41.07,33.63,47.77,19.02,1,Nieciecza 0-2 Lech Poznań,2025-09-20
Korona Kielce,0.51,0.56,-0.05,0.42,0.4,0.02,0.09,0.16,-0.07,0.51,0.56,-0.05,0,0,0,0.05,51.3,53.98,45.35,0.31,0.48,179,4,9,11,29.03,22.92,8.13,5,5,17,6,15,69.5,57.87,44.93,47.43,66.77,55.87,4,Arka Gdynia 0-0 Korona Kielce,2025-09-20
Arka Gdynia,0.56,0.51,0.05,0.4,0.42,-0.02,0.16,0.09,0.07,0.56,0.51,0.05,0,0,0,-0.05,48.7,46.02,46.21,0.48,0.31,154,7,11,9,22.92,29.03,8.56,5,5,12,4,12,50.6,42.13,49.8,52.57,52.73,44.13,2,Arka Gdynia 0-0 Korona Kielce,2025-09-20
Piast Gliwice,0.72,1.88,-1.16,0.72,1.62,-0.9,0.0,0.26,-0.26,0.72,1.88,-1.16,0,1,-1,0.16,59.3,54.55,47.11,0.92,0.59,214,13,11,17,11.96,28.81,8.28,4,4,23,2,13,98.0,53.46,39.87,35.83,83.73,41.8,1,Radomiak Radom 1-0 Piast Gliwice,2025-09-20
Radomiak Radom,1.88,0.72,1.16,1.62,0.72,0.9,0.26,0.0,0.26,1.88,0.72,1.16,1,0,1,-0.16,40.7,45.45,47.2,0.59,0.92,160,9,17,11,28.81,11.96,10.97,4,4,13,3,21,85.3,46.54,71.4,64.17,116.57,58.2,1,Radomiak Radom 1-0 Piast Gliwice,2025-09-20
Jagiellonia Białystok,1.98,1.62,0.36,1.16,1.59,-0.43,0.06,0.03,0.03,1.22,1.62,-0.4,1,0,1,0.64,58.6,57.57,51.28,0.6,0.68,276,18,12,17,20.0,25.0,10.62,4,5,18,5,8,117.5,59.95,22.87,19.42,74.5,42.28,0,Wisła Płock 0-1 Jagiellonia Białystok,2025-09-19
Wisła Płock,1.62,1.98,-0.36,1.59,1.16,0.43,0.03,0.06,-0.03,1.62,1.22,0.4,0,1,-1,-0.64,41.4,42.43,47.29,0.68,0.6,152,21,17,12,25.0,20.0,19.37,5,4,20,5,13,78.5,40.05,94.87,80.58,101.7,57.72,4,Wisła Płock 0-1 Jagiellonia Białystok,2025-09-19
Cracovia,2.16,1.1,1.06,1.52,1.01,0.51,0.63,0.1,0.53,2.16,1.1,1.06,3,0,3,1.94,42.2,30.61,40.5,0.59,0.54,125,7,14,16,23.73,29.63,14.04,4,3,7,3,13,62.4,30.44,79.93,56.56,90.2,39.29,0,GKS Katowice 0-3 Cracovia,2025-09-19
GKS Katowice,1.1,2.16,-1.06,1.01,1.52,-0.51,0.1,0.63,-0.53,1.1,2.16,-1.06,0,3,-3,-1.94,57.8,69.39,51.86,0.54,0.59,299,22,16,14,29.63,23.73,13.0,3,4,34,11,6,142.6,69.56,61.4,43.44,139.37,60.71,5,GKS Katowice 0-3 Cracovia,2025-09-19
Górnik Zabrze,2.1,0.69,1.41,1.9,0.62,1.28,0.2,0.07,0.13,2.1,0.69,1.41,1,0,1,-0.41,33.4,43.9,53.0,0.56,1.28,185,10,16,9,28.57,7.03,16.71,8,4,16,6,16,89.9,41.93,148.27,93.88,202.93,82.51,2,Raków Częstochowa 0-1 Górnik Zabrze,2025-09-15
Raków Częstochowa,0.69,2.1,-1.41,0.62,1.9,-1.28,0.07,0.2,-0.13,0.69,2.1,-1.41,0,1,-1,0.41,66.6,56.1,47.41,1.28,0.56,289,13,9,16,7.03,28.57,8.56,4,8,23,3,7,124.5,58.07,9.67,6.12,43.03,17.49,1,Raków Częstochowa 0-1 Górnik Zabrze,2025-09-15
Arka Gdynia,1.08,3.16,-2.08,0.94,3.16,-2.22,0.14,0.0,0.14,1.08,3.16,-2.08,0,2,-2,0.08,50.8,49.6,44.08,0.73,0.64,165,12,13,14,17.81,21.88,12.85,6,3,14,2,16,80.3,44.05,52.47,48.31,61.6,33.87,4,Widzew Łódź 2-0 Arka Gdynia,2025-09-14
Widzew Łódź,3.16,1.08,2.08,3.16,0.94,2.22,0.0,0.14,-0.14,3.16,1.08,2.08,2,0,2,-0.08,49.2,50.4,47.14,0.64,0.73,212,10,14,13,21.88,17.81,13.15,3,6,12,1,4,102.0,55.95,56.13,51.69,120.27,66.13,3,Widzew Łódź 2-0 Arka Gdynia,2025-09-14
Radomiak Radom,1.13,2.63,-1.5,0.43,1.84,-1.41,0.7,0.02,0.68,1.13,1.87,-0.74,1,4,-3,-1.5,45.0,30.1,42.37,0.34,0.58,151,10,13,13,38.24,22.41,10.0,6,13,13,5,15,36.6,19.48,53.2,53.7,30.08,12.65,1,Legia Warszawa 4-1 Radomiak Radom,2025-09-14
Legia Warszawa,2.63,1.13,1.5,1.84,0.43,1.41,0.02,0.7,-0.68,1.87,1.13,0.74,4,1,3,1.5,55.0,69.9,53.94,0.58,0.34,277,13,13,13,22.41,38.24,8.0,13,6,17,5,17,151.3,80.52,45.87,46.3,207.72,87.35,0,Legia Warszawa 4-1 Radomiak Radom,2025-09-14
Nieciecza,2.04,1.99,0.05,0.59,1.8,-1.21,0.68,0.19,0.49,1.28,1.99,-0.71,1,1,0,-0.05,48.7,54.55,49.45,0.97,1.19,209,16,10,14,10.31,11.76,9.27,8,4,17,4,13,100.5,54.83,37.73,49.95,84.93,48.89,2,Motor Lublin 1-1 Nieciecza,2025-09-14
Motor Lublin,1.99,2.04,-0.05,1.8,0.59,1.21,0.19,0.68,-0.49,1.99,1.28,0.71,1,1,0,0.05,51.3,45.45,46.3,1.19,0.97,194,20,14,10,11.76,10.31,10.37,4,8,16,5,16,82.8,45.17,37.8,50.05,88.8,51.11,2,Motor Lublin 1-1 Nieciecza,2025-09-14
Jagiellonia Białystok,1.12,1.64,-0.52,1.05,1.59,-0.54,0.07,0.05,0.02,1.12,1.64,-0.52,1,1,0,0.52,46.6,51.74,46.75,0.89,0.49,221,17,11,15,12.36,30.61,12.8,7,6,5,1,13,93.9,48.23,84.6,65.08,122.77,60.8,2,Piast Gliwice 1-1 Jagiellonia Białystok,2025-09-13
Piast Gliwice,1.64,1.12,0.52,1.59,1.05,0.54,0.05,0.07,-0.02,1.64,1.12,0.52,1,1,0,-0.52,53.4,48.26,43.32,0.49,0.89,213,15,15,11,30.61,12.36,12.86,6,7,22,4,11,100.8,51.77,45.4,34.92,79.17,39.2,2,Piast Gliwice 1-1 Jagiellonia Białystok,2025-09-13
Pogoń Szczecin,2.98,3.62,-0.64,2.78,2.64,0.14,0.2,0.97,-0.77,2.98,3.62,-0.64,0,1,-1,-0.36,55.6,48.61,49.19,1.25,0.91,199,19,21,18,16.8,19.78,7.75,7,2,23,7,11,90.7,47.61,14.8,20.92,68.27,31.51,0,Korona Kielce 1-0 Pogoń Szczecin,2025-09-13
Korona Kielce,3.62,2.98,0.64,2.64,2.78,-0.14,0.97,0.2,0.77,3.62,2.98,0.64,1,0,1,0.36,44.4,51.39,52.98,0.91,1.25,188,16,18,21,19.78,16.8,18.76,2,7,38,12,9,99.8,52.39,55.93,79.08,148.4,68.49,0,Korona Kielce 1-0 Pogoń Szczecin,2025-09-13
Zagłębie Lubin,0.44,2.41,-1.97,0.4,1.51,-1.11,0.04,0.9,-0.86,0.44,2.41,-1.97,2,1,1,2.97,35.9,25.69,41.62,0.39,1.5,105,10,9,25,23.08,16.67,23.82,2,4,14,6,8,15.9,6.97,98.47,84.4,28.83,19.43,3,Lech Poznań 1-2 Zagłębie Lubin,2025-09-12
Lech Poznań,2.41,0.44,1.97,1.51,0.4,1.11,0.9,0.04,0.86,2.41,0.44,1.97,1,2,-1,-2.97,64.1,74.31,53.52,1.5,0.39,359,25,25,9,16.67,23.08,10.12,4,2,20,7,11,212.3,93.03,18.2,15.6,119.57,80.57,5,Lech Poznań 1-2 Zagłębie Lubin,2025-09-12
GKS Katowice,0.97,2.3,-1.33,0.73,2.3,-1.57,0.24,0.0,0.24,0.97,2.3,-1.33,0,2,-2,-0.67,59.0,62.86,50.14,0.93,0.45,265,22,11,13,11.83,28.89,15.7,2,5,40,5,10,127.0,70.13,17.47,18.1,81.23,47.71,6,Lechia Gdańsk 2-0 GKS Katowice,2025-09-12
Lechia Gdańsk,2.3,0.97,1.33,2.3,0.73,1.57,0.0,0.24,-0.24,2.3,0.97,1.33,2,0,2,0.67,41.0,37.14,47.32,0.45,0.93,172,9,13,11,28.89,11.83,14.74,5,2,12,2,8,54.1,29.87,79.07,81.9,89.03,52.29,0,Lechia Gdańsk 2-0 GKS Katowice,2025-09-12
Legia Warszawa,1.27,0.76,0.51,1.17,0.69,0.48,0.09,0.07,0.02,1.27,0.76,0.51,1,2,-1,-1.51,44.7,56.12,50.21,0.36,0.02,204,12,13,2,36.11,100.0,11.5,1,5,18,5,17,103.1,67.61,104.33,78.64,149.3,84.78,0,Cracovia 2-1 Legia Warszawa,2025-08-31
Cracovia,0.76,1.27,-0.51,0.69,1.17,-0.48,0.07,0.09,-0.02,0.76,1.27,-0.51,2,1,1,1.51,55.3,43.88,44.44,0.02,0.36,196,4,2,13,100.0,36.11,11.11,5,1,8,2,13,49.4,32.39,28.33,21.36,26.8,15.22,1,Cracovia 2-1 Legia Warszawa,2025-08-31
Raków Częstochowa,1.32,1.18,0.14,1.27,1.15,0.12,0.05,0.03,0.02,1.32,1.18,0.14,0,2,-2,-2.14,55.1,62.41,48.97,0.54,0.16,206,12,18,8,33.33,50.0,10.17,4,4,37,14,10,127.5,75.13,60.8,50.58,113.07,77.58,0,Pogoń Szczecin 2-0 Raków Częstochowa,2025-08-31
Pogoń Szczecin,1.18,1.32,-0.14,1.15,1.27,-0.12,0.03,0.05,-0.02,1.18,1.32,-0.14,2,0,2,2.14,44.9,37.59,45.1,0.16,0.54,170,5,8,18,50.0,33.33,10.22,4,4,12,1,16,42.2,24.87,59.4,49.42,32.67,22.42,0,Pogoń Szczecin 2-0 Raków Częstochowa,2025-08-31
Lechia Gdańsk,1.02,1.08,-0.06,0.9,1.08,-0.18,0.12,0.0,0.12,1.02,1.08,-0.06,0,2,-2,-1.94,47.8,50.38,49.6,0.44,1.07,194,10,15,12,34.09,11.21,7.42,7,4,19,5,20,85.3,42.19,62.47,72.41,83.03,34.01,4,Jagiellonia Białystok 2-0 Lechia Gdańsk,2025-08-31
Jagiellonia Białystok,1.08,1.02,0.06,1.08,0.9,0.18,0.0,0.12,-0.12,1.08,1.02,0.06,2,0,2,1.94,52.2,49.62,45.16,1.07,0.44,180,13,12,15,11.21,34.09,10.13,4,7,13,1,13,116.9,57.81,23.8,27.59,161.13,65.99,0,Jagiellonia Białystok 2-0 Lechia Gdańsk,2025-08-31
Widzew Łódź,2.12,2.06,0.06,1.32,1.17,0.15,0.04,0.89,-0.85,1.36,2.06,-0.7,1,2,-1,-1.06,48.7,50.75,44.6,0.31,0.59,162,10,15,13,48.39,22.03,13.46,9,4,18,7,8,79.8,58.63,57.6,71.17,96.6,61.4,0,Lech Poznań 2-1 Widzew Łódź,2025-08-31
Lech Poznań,2.06,2.12,-0.06,1.17,1.32,-0.15,0.89,0.04,0.85,2.06,1.36,0.7,2,1,1,1.06,51.3,49.25,41.92,0.59,0.31,153,5,13,15,22.03,48.39,14.78,4,9,13,5,11,56.3,41.37,23.33,28.83,60.73,38.6,1,Lech Poznań 2-1 Widzew Łódź,2025-08-31
Motor Lublin,1.1,1.19,-0.09,1.07,1.08,-0.01,0.03,0.11,-0.08,1.1,1.19,-0.09,1,0,1,1.09,42.0,27.89,44.94,1.14,1.19,156,17,10,18,8.77,15.13,11.1,4,10,14,5,14,46.8,14.81,81.6,64.29,56.07,22.01,2,Górnik Zabrze 0-1 Motor Lublin,2025-08-30
Górnik Zabrze,1.19,1.1,0.09,1.08,1.07,0.01,0.11,0.03,0.08,1.19,1.1,0.09,0,1,-1,-1.09,58.0,72.11,55.83,1.19,1.14,342,16,18,10,15.13,8.77,8.42,10,4,34,10,9,269.2,85.19,45.33,35.71,198.7,77.99,1,Górnik Zabrze 0-1 Motor Lublin,2025-08-30
Piast Gliwice,1.25,2.94,-1.69,1.25,1.36,-0.11,0.0,0.82,-0.82,1.25,2.18,-0.93,2,2,0,1.69,69.7,68.6,45.69,0.15,0.68,261,13,15,11,100.0,16.18,7.03,3,8,20,5,9,168.9,77.8,8.27,5.24,107.8,49.62,3,Zagłębie Lubin 2-2 Piast Gliwice,2025-08-30
Zagłębie Lubin,2.94,1.25,1.69,1.36,1.25,0.11,0.82,0.0,0.82,2.18,1.25,0.93,2,2,0,-1.69,30.3,31.4,42.88,0.68,0.15,98,11,11,15,16.18,100.0,13.78,8,3,13,3,15,48.2,22.2,149.6,94.76,109.43,50.38,3,Zagłębie Lubin 2-2 Piast Gliwice,2025-08-30
Korona Kielce,3.39,0.62,2.77,3.2,0.62,2.58,0.19,0.0,0.19,3.39,0.62,2.77,3,1,2,-0.77,53.6,50.0,47.11,0.63,0.48,203,20,24,9,38.1,18.75,11.22,2,6,14,1,12,151.1,67.34,29.93,31.53,132.93,75.99,2,Nieciecza 1-3 Korona Kielce,2025-08-30
Nieciecza,0.62,3.39,-2.77,0.62,3.2,-2.58,0.0,0.19,-0.19,0.62,3.39,-2.77,1,3,-2,0.77,46.4,50.0,49.67,0.48,0.63,198,13,9,24,18.75,38.1,12.55,6,2,17,3,13,73.3,32.66,65.0,68.47,42.0,24.01,1,Nieciecza 1-3 Korona Kielce,2025-08-30
Radomiak Radom,0.51,2.21,-1.7,0.46,1.23,-0.77,0.05,0.98,-0.93,0.51,2.21,-1.7,2,3,-1,0.7,52.9,42.34,45.5,0.47,0.79,134,12,9,18,19.15,22.78,6.71,0,3,19,4,21,44.5,27.64,8.4,16.03,31.03,19.31,3,GKS Katowice 3-2 Radomiak Radom,2025-08-29
GKS Katowice,2.21,0.51,1.7,1.23,0.46,0.77,0.98,0.05,0.93,2.21,0.51,1.7,3,2,1,-0.7,47.1,57.66,52.68,0.79,0.47,152,19,18,9,22.78,19.15,7.41,3,0,30,8,16,116.5,72.36,44.0,83.97,129.63,80.69,4,GKS Katowice 3-2 Radomiak Radom,2025-08-29
Wisła Płock,1.62,0.66,0.96,1.57,0.66,0.91,0.05,0.0,0.05,1.62,0.66,0.96,0,1,-1,-1.96,49.5,39.19,42.34,0.62,0.55,170,10,18,8,29.03,14.55,12.96,3,9,24,5,10,79.1,44.64,41.4,39.61,59.9,34.42,0,Arka Gdynia 1-0 Wisła Płock,2025-08-29
Arka Gdynia,0.66,1.62,-0.96,0.66,1.57,-0.91,0.0,0.05,-0.05,0.66,1.62,-0.96,1,0,1,1.96,50.5,60.81,52.13,0.55,0.62,268,7,8,18,14.55,29.03,10.0,9,3,12,0,12,98.1,55.36,63.13,60.39,114.13,65.58,3,Arka Gdynia 1-0 Wisła Płock,2025-08-29
Zagłębie Lubin,0.63,1.82,-1.19,0.59,1.06,-0.47,0.04,0.0,0.04,0.63,1.06,-0.43,1,2,-1,0.19,42.3,34.51,43.47,0.47,0.77,159,7,7,15,14.89,19.48,19.64,1,6,10,3,9,45.4,21.37,87.53,69.51,54.83,37.14,3,Wisła Płock 2-1 Zagłębie Lubin,2025-08-25
Wisła Płock,1.82,0.63,1.19,1.06,0.59,0.47,0.0,0.04,-0.04,1.06,0.63,0.43,2,1,1,-0.19,57.7,65.49,52.28,0.77,0.47,335,10,15,7,19.48,14.89,12.45,6,1,29,4,15,167.0,78.63,38.4,30.49,92.8,62.86,1,Wisła Płock 2-1 Zagłębie Lubin,2025-08-25
Arka Gdynia,0.45,0.96,-0.51,0.45,0.93,-0.48,0.0,0.03,-0.03,0.45,0.96,-0.51,0,1,-1,-0.49,46.9,34.42,38.88,0.1,0.56,110,11,7,12,70.0,21.43,16.84,1,3,10,4,12,39.1,24.81,26.13,37.51,25.33,17.07,4,Lechia Gdańsk 1-0 Arka Gdynia,2025-08-24
Lechia Gdańsk,0.96,0.45,0.51,0.93,0.45,0.48,0.03,0.0,0.03,0.96,0.45,0.51,1,0,1,0.49,53.1,65.58,52.0,0.56,0.1,240,11,12,7,21.43,70.0,11.21,3,1,22,4,10,118.5,75.19,43.53,62.49,123.03,82.93,6,Lechia Gdańsk 1-0 Arka Gdynia,2025-08-24
Cracovia,0.91,0.52,0.39,0.91,0.52,0.39,0.0,0.0,0.0,0.91,0.52,0.39,0,0,0,-0.39,40.6,39.94,47.48,0.7,0.51,179,7,8,14,11.43,27.45,10.09,9,2,19,2,17,37.4,21.73,83.4,76.42,68.33,38.76,3,Piast Gliwice 0-0 Cracovia,2025-08-24
Piast Gliwice,0.52,0.91,-0.39,0.52,0.91,-0.39,0.0,0.0,0.0,0.52,0.91,-0.39,0,0,0,0.39,59.4,60.06,48.84,0.51,0.7,284,10,14,8,27.45,11.43,8.68,2,9,21,4,20,134.7,78.27,25.73,23.58,107.97,61.24,2,Piast Gliwice 0-0 Cracovia,2025-08-24
GKS Katowice,1.09,2.07,-0.98,0.75,2.06,-1.31,0.34,0.02,0.32,1.09,2.07,-0.98,0,3,-3,-2.02,49.2,32.37,38.92,0.22,1.6,139,4,10,19,45.45,11.88,13.84,6,2,12,4,11,30.8,13.61,47.87,40.89,51.77,15.71,7,Górnik Zabrze 3-0 GKS Katowice,2025-08-23
Górnik Zabrze,2.07,1.09,0.98,2.06,0.75,1.31,0.02,0.34,-0.32,2.07,1.09,0.98,3,0,3,2.02,50.8,67.63,50.18,1.6,0.22,258,15,19,10,11.88,45.45,12.75,2,6,18,2,9,195.5,86.39,69.2,59.11,277.8,84.29,1,Górnik Zabrze 3-0 GKS Katowice,2025-08-23
Motor Lublin,1.7,2.21,-0.51,1.63,2.09,-0.46,0.08,0.12,-0.04,1.7,2.21,-0.51,0,2,-2,-1.49,67.8,64.77,50.51,0.95,0.36,297,22,13,17,13.68,47.22,6.47,4,4,34,6,13,114.4,64.23,14.8,12.95,45.87,31.29,2,Korona Kielce 2-0 Motor Lublin,2025-08-23
Korona Kielce,2.21,1.7,0.51,2.09,1.63,0.46,0.12,0.08,0.04,2.21,1.7,0.51,2,0,2,1.49,32.2,35.23,44.45,0.36,0.95,120,11,17,13,47.22,13.68,9.84,4,4,6,5,15,63.7,35.77,99.47,87.05,100.73,68.71,1,Korona Kielce 2-0 Motor Lublin,2025-08-23
Pogoń Szczecin,0.48,1.63,-1.15,0.48,1.24,-0.76,0.0,0.39,-0.39,0.48,1.63,-1.15,2,1,1,2.15,46.3,54.84,44.0,0.44,0.27,132,6,8,13,18.18,48.15,13.47,8,3,8,0,16,85.7,61.52,73.13,70.05,114.77,72.42,1,Widzew Łódź 1-2 Pogoń Szczecin,2025-08-22
Widzew Łódź,1.63,0.48,1.15,1.24,0.48,0.76,0.39,0.0,0.39,1.63,0.48,1.15,1,2,-1,-2.15,53.7,45.16,42.66,0.27,0.44,163,3,13,8,48.15,18.18,12.07,3,8,11,2,5,53.6,38.48,31.27,29.95,43.7,27.58,0,Widzew Łódź 1-2 Pogoń Szczecin,2025-08-22
Nieciecza,1.74,1.5,0.24,1.3,1.46,-0.16,0.44,0.03,0.41,1.74,1.5,0.24,1,1,0,-0.24,37.9,43.41,47.46,0.34,0.47,144,8,13,17,38.24,36.17,16.68,1,5,16,5,11,35.4,29.38,129.93,90.82,117.37,70.56,2,Radomiak Radom 1-1 Nieciecza,2025-08-22
Radomiak Radom,1.5,1.74,-0.24,1.46,1.3,0.16,0.03,0.44,-0.41,1.5,1.74,-0.24,1,1,0,0.24,62.1,56.59,44.25,0.47,0.34,196,7,17,13,36.17,38.24,8.06,5,1,23,2,12,85.1,70.62,13.13,9.18,48.97,29.44,6,Radomiak Radom 1-1 Nieciecza,2025-08-22
Raków Częstochowa,2.17,0.95,1.22,2.08,0.95,1.13,0.08,0.0,0.08,2.17,0.95,1.22,3,2,1,-0.22,52.7,56.29,49.67,1.23,0.88,218,15,17,10,13.82,11.36,9.69,4,3,17,2,14,167.8,72.96,37.4,35.42,148.73,71.79,0,Nieciecza 2-3 Raków Częstochowa,2025-08-17
Nieciecza,0.95,2.17,-1.22,0.95,2.08,-1.13,0.0,0.08,-0.08,0.95,2.17,-1.22,2,3,-1,0.22,47.3,43.71,48.86,0.88,1.23,207,13,10,17,11.36,13.82,9.34,3,4,21,6,17,62.2,27.04,68.2,64.58,58.43,28.21,1,Nieciecza 2-3 Raków Częstochowa,2025-08-17
Legia Warszawa,2.24,0.66,1.58,1.92,0.59,1.33,0.32,0.07,0.25,2.24,0.66,1.58,0,1,-1,-2.58,65.8,78.3,57.13,1.14,0.5,467,25,23,10,20.18,20.0,10.68,12,3,54,9,9,317.1,91.23,30.4,19.94,232.53,81.98,0,Wisła Płock 1-0 Legia Warszawa,2025-08-17
Wisła Płock,0.66,2.24,-1.58,0.59,1.92,-1.33,0.07,0.32,-0.25,0.66,2.24,-1.58,1,0,1,2.58,34.2,21.7,38.96,0.5,1.14,102,9,10,23,20.0,20.18,41.27,3,12,10,3,5,30.5,8.77,122.07,80.06,51.1,18.02,2,Wisła Płock 1-0 Legia Warszawa,2025-08-17
Górnik Zabrze,2.09,2.08,0.01,1.56,1.77,-0.21,0.53,0.31,0.22,2.09,2.08,0.01,3,0,3,2.99,47.4,48.05,46.21,0.34,1.15,161,15,20,14,58.82,12.17,8.79,1,7,10,9,16,117.1,53.49,51.4,51.5,138.07,61.14,3,Pogoń Szczecin 0-3 Górnik Zabrze,2025-08-17
Pogoń Szczecin,2.08,2.09,-0.01,1.77,1.56,0.21,0.31,0.53,-0.22,2.08,2.09,-0.01,0,3,-3,-2.99,52.6,51.95,48.62,1.15,0.34,195,14,14,20,12.17,58.82,8.14,7,1,16,6,11,101.8,46.51,48.4,48.5,87.77,38.86,4,Pogoń Szczecin 0-3 Górnik Zabrze,2025-08-17
Jagiellonia Białystok,1.58,1.7,-0.12,1.28,1.46,-0.18,0.3,0.23,0.07,1.58,1.7,-0.12,2,1,1,1.12,59.8,56.1,44.64,0.29,1.25,191,10,15,11,51.72,8.8,9.5,1,5,16,7,12,113.5,59.15,9.6,10.07,87.27,42.87,0,Radomiak Radom 1-2 Jagiellonia Białystok,2025-08-17
Radomiak Radom,1.7,1.58,0.12,1.46,1.28,0.18,0.23,0.3,-0.07,1.7,1.58,0.12,1,2,-1,-1.12,40.2,43.9,44.97,1.25,0.29,126,19,11,15,8.8,51.72,12.67,5,1,20,6,20,78.4,40.85,85.73,89.93,116.3,57.13,7,Radomiak Radom 1-2 Jagiellonia Białystok,2025-08-17
Korona Kielce,0.66,1.47,-0.81,0.66,1.12,-0.46,0.0,0.35,-0.35,0.66,1.47,-0.81,1,1,0,0.81,34.9,33.63,47.47,0.66,1.42,134,12,16,18,24.24,12.68,16.29,5,2,19,0,10,50.8,28.57,110.47,88.8,89.4,61.25,2,Lech Poznań 1-1 Korona Kielce,2025-08-16
Lech Poznań,1.47,0.66,0.81,1.12,0.66,0.46,0.35,0.0,0.35,1.47,0.66,0.81,1,1,0,-0.81,65.1,66.37,51.31,1.42,0.66,301,20,18,16,12.68,24.24,9.48,2,5,27,6,12,127.0,71.43,13.93,11.2,56.57,38.75,1,Lech Poznań 1-1 Korona Kielce,2025-08-16
Arka Gdynia,1.08,3.93,-2.85,1.05,3.5,-2.45,0.03,0.43,-0.4,1.08,3.93,-2.85,1,4,-3,-0.15,57.9,47.84,41.6,0.52,0.69,159,13,12,24,23.08,34.78,8.52,2,7,19,5,12,54.4,32.02,14.13,13.14,14.82,5.98,2,GKS Katowice 4-1 Arka Gdynia,2025-08-16
GKS Katowice,3.93,1.08,2.85,3.5,1.05,2.45,0.43,0.03,0.4,3.93,1.08,2.85,4,1,3,0.15,42.1,52.16,46.23,0.69,0.52,135,18,24,12,34.78,23.08,9.26,7,2,26,8,19,115.5,67.98,93.4,86.86,233.1,94.02,5,GKS Katowice 4-1 Arka Gdynia,2025-08-16
Piast Gliwice,1.24,0.95,0.29,0.88,0.93,-0.05,0.36,0.03,0.33,1.24,0.95,0.29,0,0,0,-0.29,59.2,65.41,53.94,0.71,0.64,302,23,17,8,23.94,12.5,6.84,5,7,27,6,16,231.1,77.39,24.13,25.35,182.23,73.54,4,Motor Lublin 0-0 Piast Gliwice,2025-08-16
Motor Lublin,0.95,1.24,-0.29,0.93,0.88,0.05,0.03,0.36,-0.33,0.95,1.24,-0.29,0,0,0,0.29,40.8,34.59,45.95,0.64,0.71,146,11,8,17,12.5,23.94,9.41,7,5,20,7,17,67.5,22.61,71.07,74.65,65.57,26.46,1,Motor Lublin 0-0 Piast Gliwice,2025-08-16
Widzew Łódź,1.14,0.9,0.24,1.09,0.79,0.3,0.05,0.11,-0.06,1.14,0.9,0.24,0,1,-1,-1.24,55.2,54.42,50.48,0.56,0.64,196,8,14,8,25.0,12.5,9.58,0,5,29,8,11,107.6,53.29,24.47,46.46,97.4,51.58,2,Cracovia 1-0 Widzew Łódź,2025-08-15
Cracovia,0.9,1.14,-0.24,0.79,1.09,-0.3,0.11,0.05,0.06,0.9,1.14,-0.24,1,0,1,1.24,44.8,45.58,46.6,0.64,0.56,142,9,8,14,12.5,25.0,8.34,5,0,21,7,16,94.3,46.71,28.2,53.54,91.43,48.42,0,Cracovia 1-0 Widzew Łódź,2025-08-15
Lechia Gdańsk,1.41,2.99,-1.58,1.41,2.0,-0.59,0.0,0.23,-0.23,1.41,2.23,-0.82,2,6,-4,-2.42,58.5,50.19,50.53,0.36,1.0,238,7,7,22,19.44,22.0,10.0,5,1,16,4,9,62.7,36.08,13.47,15.57,24.73,11.2,3,Zagłębie Lubin 6-2 Lechia Gdańsk,2025-08-15
Zagłębie Lubin,2.99,1.41,1.58,2.0,1.41,0.59,0.23,0.0,0.23,2.23,1.41,0.82,6,2,4,2.42,41.5,49.81,47.44,1.0,0.36,132,16,22,7,22.0,19.44,18.42,1,5,16,5,6,111.1,63.92,73.07,84.43,196.02,88.8,10,Zagłębie Lubin 6-2 Lechia Gdańsk,2025-08-15
Motor Lublin,1.48,3.15,-1.67,1.15,3.15,-2.0,0.33,0.0,0.33,1.48,3.15,-1.67,3,3,0,1.67,47.0,40.68,51.0,0.37,0.62,190,17,14,18,37.84,29.03,9.68,4,7,21,8,12,97.3,33.93,26.47,44.96,88.23,33.6,6,Lechia Gdańsk 3-3 Motor Lublin,2025-08-11
Lechia Gdańsk,3.15,1.48,1.67,3.15,1.15,2.0,0.0,0.33,-0.33,3.15,1.48,1.67,3,3,0,-1.67,53.0,59.32,55.61,0.62,0.37,241,16,18,14,29.03,37.84,7.58,7,4,16,3,11,189.5,66.07,32.4,55.04,174.37,66.4,2,Lechia Gdańsk 3-3 Motor Lublin,2025-08-11
GKS Katowice,0.55,1.77,-1.22,0.54,1.43,-0.89,0.01,0.34,-0.33,0.55,1.77,-1.22,1,3,-2,-0.78,41.9,35.85,44.01,0.64,0.82,152,9,7,20,10.94,24.39,9.13,9,6,18,7,13,31.1,12.92,42.13,49.49,27.5,10.31,1,Legia Warszawa 3-1 GKS Katowice,2025-08-10
Legia Warszawa,1.77,0.55,1.22,1.43,0.54,0.89,0.34,0.01,0.33,1.77,0.55,1.22,3,1,2,0.78,58.1,64.15,53.63,0.82,0.64,298,20,20,7,24.39,10.94,11.5,6,9,25,5,11,209.6,87.08,43.0,50.51,239.17,89.69,1,Legia Warszawa 3-1 GKS Katowice,2025-08-10
Cracovia,2.62,3.82,-1.2,1.56,2.79,-1.23,0.31,0.27,0.04,1.86,3.06,-1.2,2,5,-3,-1.8,36.8,33.33,46.4,0.31,1.4,139,5,12,15,38.71,10.71,12.25,1,5,14,5,17,40.2,19.23,69.6,78.2,53.39,28.9,1,Jagiellonia Białystok 5-2 Cracovia,2025-08-10
Jagiellonia Białystok,3.82,2.62,1.2,2.79,1.56,1.23,0.27,0.31,-0.04,3.06,1.86,1.2,5,2,3,1.8,63.2,66.67,51.01,1.4,0.31,277,17,15,12,10.71,38.71,7.67,5,1,29,10,14,168.9,80.77,19.4,21.8,131.37,71.1,0,Jagiellonia Białystok 5-2 Cracovia,2025-08-10
Wisła Płock,0.52,0.94,-0.42,0.52,0.94,-0.42,0.0,0.0,0.0,0.52,0.94,-0.42,1,1,0,0.42,40.0,34.35,37.83,0.66,0.37,105,5,5,15,7.58,40.54,14.34,4,10,7,0,12,10.9,7.61,55.2,61.61,21.8,15.54,1,Widzew Łódź 1-1 Wisła Płock,2025-08-09
Widzew Łódź,0.94,0.52,0.42,0.94,0.52,0.42,0.0,0.0,0.0,0.94,0.52,0.42,1,1,0,-0.42,60.0,65.65,50.19,0.37,0.66,263,17,15,5,40.54,7.58,8.86,10,4,20,5,7,132.4,92.39,34.4,38.39,118.5,84.46,0,Widzew Łódź 1-1 Wisła Płock,2025-08-09
Pogoń Szczecin,2.48,0.68,1.8,1.34,0.68,0.66,0.39,0.0,0.39,1.72,0.68,1.04,1,2,-1,-2.8,55.3,50.0,43.23,1.09,0.2,183,16,13,11,11.93,55.0,10.0,4,9,23,5,14,93.9,69.15,43.27,35.98,87.6,56.43,2,Arka Gdynia 2-1 Pogoń Szczecin,2025-08-09
Arka Gdynia,0.68,2.48,-1.8,0.68,1.34,-0.66,0.0,0.39,-0.39,0.68,1.72,-1.04,2,1,1,2.8,44.7,50.0,41.46,0.2,1.09,138,7,11,13,55.0,11.93,9.7,9,4,23,6,13,41.9,30.85,77.0,64.02,67.63,43.57,5,Arka Gdynia 2-1 Pogoń Szczecin,2025-08-09
Nieciecza,0.43,2.11,-1.68,0.43,1.8,-1.37,0.0,0.31,-0.31,0.43,2.11,-1.68,1,0,1,2.68,38.1,31.18,45.71,0.44,1.38,152,9,7,26,15.91,18.84,13.0,3,4,2,2,15,31.1,11.9,90.33,91.43,55.03,32.05,0,Górnik Zabrze 0-1 Nieciecza,2025-08-08
Górnik Zabrze,2.11,0.43,1.68,1.8,0.43,1.37,0.31,0.0,0.31,2.11,0.43,1.68,0,1,-1,-2.68,61.9,68.82,51.58,1.38,0.44,339,30,26,7,18.84,15.91,8.58,4,3,30,7,12,230.2,88.1,8.47,8.57,116.67,67.95,4,Górnik Zabrze 0-1 Nieciecza,2025-08-08
Radomiak Radom,0.68,2.82,-2.14,0.49,1.9,-1.41,0.2,0.17,0.03,0.68,2.06,-1.38,0,3,-3,-0.86,57.1,52.61,46.41,0.58,1.06,212,14,7,13,12.07,12.26,9.67,3,6,15,5,16,52.5,39.03,24.27,24.32,29.67,15.39,3,Korona Kielce 3-0 Radomiak Radom,2025-08-08
Korona Kielce,2.82,0.68,2.14,1.9,0.49,1.41,0.17,0.2,-0.03,2.06,0.68,1.38,3,0,3,0.86,42.9,47.39,46.65,1.06,0.58,146,12,13,7,12.26,12.07,10.81,6,3,17,2,15,82.0,60.97,75.53,75.68,163.16,84.61,0,Korona Kielce 3-0 Radomiak Radom,2025-08-08
Arka Gdynia,0.73,2.15,-1.42,0.38,1.25,-0.87,0.35,0.9,-0.55,0.73,2.15,-1.42,0,0,0,1.42,37.2,26.21,42.03,0.55,1.15,111,7,6,21,10.91,18.26,11.79,2,4,18,4,13,16.3,6.9,84.6,82.94,19.53,11.12,1,Legia Warszawa 0-0 Arka Gdynia,2025-08-03
Legia Warszawa,2.15,0.73,1.42,1.25,0.38,0.87,0.9,0.35,0.55,2.15,0.73,1.42,0,0,0,-1.42,62.8,73.79,55.54,1.15,0.55,347,24,21,6,18.26,10.91,6.87,4,2,38,13,19,220.0,93.1,17.4,17.06,156.03,88.88,1,Legia Warszawa 0-0 Arka Gdynia,2025-08-03
Raków Częstochowa,1.5,2.8,-1.3,1.04,2.04,-1.0,0.46,0.0,0.46,1.5,2.04,-0.54,1,3,-2,-0.7,63.5,70.35,58.15,0.72,0.29,314,21,11,12,15.28,41.38,5.57,11,3,38,7,14,134.5,65.39,19.07,24.36,94.17,51.29,3,Radomiak Radom 3-1 Raków Częstochowa,2025-08-03
Radomiak Radom,2.8,1.5,1.3,2.04,1.04,1.0,0.0,0.46,-0.46,2.04,1.5,0.54,3,1,2,0.7,36.5,29.65,46.98,0.29,0.72,119,12,12,11,41.38,15.28,10.69,3,11,7,1,20,71.2,34.61,59.2,75.64,89.43,48.71,5,Radomiak Radom 3-1 Raków Częstochowa,2025-08-03
Lechia Gdańsk,0.6,2.95,-2.35,0.47,1.83,-1.36,0.13,1.12,-0.99,0.6,2.95,-2.35,2,2,0,2.35,44.3,43.43,51.09,0.58,1.04,185,11,12,19,20.69,18.27,11.0,3,9,19,4,13,75.2,35.09,69.6,75.16,95.47,52.39,4,Cracovia 2-2 Lechia Gdańsk,2025-08-03
Cracovia,2.95,0.6,2.35,1.83,0.47,1.36,1.12,0.13,0.99,2.95,0.6,2.35,2,2,0,-2.35,55.7,56.57,50.78,1.04,0.58,246,14,19,12,18.27,20.69,7.23,9,3,31,5,13,139.1,64.91,23.0,24.84,86.77,47.61,2,Cracovia 2-2 Lechia Gdańsk,2025-08-03
Górnik Zabrze,0.83,2.1,-1.27,0.72,2.07,-1.35,0.11,0.03,0.08,0.83,2.1,-1.27,1,2,-1,0.27,44.6,44.18,44.6,0.22,0.4,175,5,12,12,54.55,30.0,24.53,2,2,21,8,5,85.1,43.91,93.87,69.5,101.97,48.63,0,Lech Poznań 2-1 Górnik Zabrze,2025-08-02
Lech Poznań,2.1,0.83,1.27,2.07,0.72,1.35,0.03,0.11,-0.08,2.1,0.83,1.27,2,1,1,-0.27,55.4,55.82,45.48,0.4,0.22,225,8,12,12,30.0,54.55,22.81,2,2,14,6,9,108.7,56.09,41.2,30.5,107.7,51.37,3,Lech Poznań 2-1 Górnik Zabrze,2025-08-02
GKS Katowice,1.25,1.78,-0.53,1.21,1.08,0.13,0.03,0.7,-0.67,1.25,1.78,-0.53,0,3,-3,-2.47,56.9,60.24,47.5,0.42,0.74,187,5,8,22,19.05,29.73,10.57,7,5,24,6,7,78.0,44.5,44.8,47.9,75.63,38.33,5,Widzew Łódź 3-0 GKS Katowice,2025-08-02
Widzew Łódź,1.78,1.25,0.53,1.08,1.21,-0.13,0.7,0.03,0.67,1.78,1.25,0.53,3,0,3,2.47,43.1,39.76,40.06,0.74,0.42,106,15,22,8,29.73,19.05,13.61,5,7,17,8,6,97.3,55.5,48.73,52.1,121.67,61.67,0,Widzew Łódź 3-0 GKS Katowice,2025-08-02
Pogoń Szczecin,1.16,2.25,-1.09,0.97,1.66,-0.69,0.19,0.59,-0.4,1.16,2.25,-1.09,1,1,0,1.09,57.5,49.43,39.04,0.48,0.66,163,10,12,16,25.0,24.24,11.07,2,5,27,9,14,66.3,52.16,15.13,12.12,33.43,19.5,1,Nieciecza 1-1 Pogoń Szczecin,2025-08-02
Nieciecza,2.25,1.16,1.09,1.66,0.97,0.69,0.59,0.19,0.4,2.25,1.16,1.09,1,1,0,-1.09,42.5,50.57,48.49,0.66,0.48,189,12,16,12,24.24,25.0,17.67,5,2,14,6,8,60.8,47.84,109.73,87.88,138.03,80.5,1,Nieciecza 1-1 Pogoń Szczecin,2025-08-02
Piast Gliwice,0.38,1.63,-1.25,0.34,1.21,-0.87,0.04,0.41,-0.37,0.38,1.63,-1.25,0,2,-2,-0.75,69.2,73.73,53.28,0.44,0.78,359,9,6,11,13.64,14.1,11.15,3,2,23,6,11,207.9,79.9,2.0,1.19,90.03,46.41,2,Wisła Płock 2-0 Piast Gliwice,2025-08-01
Wisła Płock,1.63,0.38,1.25,1.21,0.34,0.87,0.41,0.04,0.37,1.63,0.38,1.25,2,0,2,0.75,30.8,26.27,46.32,0.78,0.44,119,16,11,6,14.1,13.64,17.64,2,3,17,8,10,52.3,20.1,165.53,98.81,103.97,53.59,0,Wisła Płock 2-0 Piast Gliwice,2025-08-01
Korona Kielce,1.85,0.75,1.1,1.55,0.47,1.08,0.3,0.28,0.02,1.85,0.75,1.1,1,1,0,-1.1,54.8,62.0,47.96,1.12,0.66,205,20,17,8,15.18,12.12,6.92,5,7,27,8,19,156.9,76.84,28.47,31.03,139.27,68.86,4,Zagłębie Lubin 1-1 Korona Kielce,2025-08-01
Zagłębie Lubin,0.75,1.85,-1.1,0.47,1.55,-1.08,0.28,0.3,-0.02,0.75,1.85,-1.1,1,1,0,1.1,45.2,38.0,46.1,0.66,1.12,142,17,8,17,12.12,15.18,8.05,7,5,22,7,15,47.3,23.16,63.27,68.97,62.97,31.14,4,Zagłębie Lubin 1-1 Korona Kielce,2025-08-01
Zagłębie Lubin,3.15,1.55,1.6,2.24,1.23,1.01,0.15,0.32,-0.17,2.39,1.55,0.84,2,2,0,-1.6,44.8,51.97,54.34,0.62,0.65,174,15,20,20,32.26,30.77,8.43,7,3,22,8,16,99.2,51.64,52.07,79.13,136.6,73.22,6,GKS Katowice 2-2 Zagłębie Lubin,2025-07-28
GKS Katowice,1.55,3.15,-1.6,1.23,2.24,-1.01,0.32,0.15,0.17,1.55,2.39,-0.84,2,2,0,1.6,55.2,48.03,48.98,0.65,0.62,174,20,20,20,30.77,32.26,7.12,3,7,35,14,9,92.9,48.36,13.73,20.87,49.97,26.78,3,GKS Katowice 2-2 Zagłębie Lubin,2025-07-28
Legia Warszawa,1.62,1.12,0.5,1.22,0.89,0.33,0.4,0.23,0.17,1.62,1.12,0.5,2,0,2,1.5,47.5,44.97,45.77,0.69,0.67,173,14,17,18,24.64,26.87,11.0,5,5,19,7,15,93.2,47.43,34.13,57.85,110.43,66.73,2,Korona Kielce 0-2 Legia Warszawa,2025-07-27
Korona Kielce,1.12,1.62,-0.5,0.89,1.22,-0.33,0.23,0.4,-0.17,1.12,1.62,-0.5,0,2,-2,-1.5,52.5,55.03,49.06,0.67,0.69,210,13,18,17,26.87,24.64,8.29,5,5,36,13,8,103.3,52.57,24.87,42.15,55.07,33.27,0,Korona Kielce 0-2 Legia Warszawa,2025-07-27
Widzew Łódź,1.97,1.61,0.36,1.91,1.36,0.55,0.06,0.25,-0.19,1.97,1.61,0.36,2,3,-1,-1.36,41.7,41.32,45.29,0.49,1.1,142,11,18,12,36.73,10.91,10.42,9,9,8,2,18,92.9,48.13,89.53,75.24,143.47,66.22,1,Jagiellonia Białystok 3-2 Widzew Łódź,2025-07-27
Jagiellonia Białystok,1.61,1.97,-0.36,1.36,1.91,-0.55,0.25,0.06,0.19,1.61,1.97,-0.36,3,2,1,1.36,58.3,58.68,44.21,1.1,0.49,192,13,12,18,10.91,36.73,7.65,9,9,19,4,12,100.1,51.87,29.47,24.76,73.2,33.78,0,Jagiellonia Białystok 3-2 Widzew Łódź,2025-07-27
Wisła Płock,2.42,1.03,1.39,1.65,0.94,0.71,0.0,0.09,-0.09,1.66,1.03,0.63,2,1,1,-0.39,39.5,42.86,45.15,0.37,0.75,138,8,11,11,29.73,14.67,10.31,5,6,12,3,21,54.4,37.16,74.33,83.89,94.93,62.01,1,Raków Częstochowa 1-2 Wisła Płock,2025-07-27
Raków Częstochowa,1.03,2.42,-1.39,0.94,1.65,-0.71,0.09,0.0,0.09,1.03,1.66,-0.63,1,2,-1,0.39,60.5,57.14,47.15,0.75,0.37,226,16,11,11,14.67,29.73,7.26,6,5,30,6,17,92.0,62.84,14.27,16.11,58.17,37.99,3,Raków Częstochowa 1-2 Wisła Płock,2025-07-27
Lech Poznań,2.93,1.73,1.2,1.46,0.8,0.66,0.71,0.93,-0.22,2.17,1.73,0.44,4,3,1,-0.2,59.8,54.79,48.72,1.04,0.56,223,19,21,16,20.19,28.57,7.0,4,6,22,10,11,160.9,65.22,20.27,19.28,122.03,53.02,1,Lechia Gdańsk 3-4 Lech Poznań,2025-07-26
Lechia Gdańsk,1.73,2.93,-1.2,0.8,1.46,-0.66,0.93,0.71,0.22,1.73,2.17,-0.44,3,4,-1,0.2,40.2,45.21,51.18,0.56,1.04,167,10,16,21,28.57,20.19,11.0,6,4,23,9,13,85.8,34.78,84.87,80.72,108.13,46.98,0,Lechia Gdańsk 3-4 Lech Poznań,2025-07-26
Motor Lublin,2.32,3.52,-1.2,1.86,3.04,-1.18,0.46,0.49,-0.03,2.32,3.52,-1.2,1,4,-3,-1.8,57.6,51.75,46.23,0.55,0.88,186,15,20,19,36.36,21.59,7.74,6,3,31,8,8,89.1,50.74,16.4,15.94,38.43,20.57,5,Pogoń Szczecin 4-1 Motor Lublin,2025-07-26
Pogoń Szczecin,3.52,2.32,1.2,3.04,1.86,1.18,0.49,0.46,0.03,3.52,2.32,1.2,4,1,3,1.8,42.4,48.25,50.18,0.88,0.55,170,16,19,20,21.59,36.36,22.62,3,6,15,6,11,86.5,49.26,86.47,84.06,148.37,79.43,3,Pogoń Szczecin 4-1 Motor Lublin,2025-07-26
Górnik Zabrze,0.5,0.51,-0.01,0.3,0.46,-0.16,0.2,0.05,0.15,0.5,0.51,-0.01,1,0,1,1.01,39.7,44.37,46.99,0.19,0.48,177,10,8,10,42.11,20.83,16.88,5,3,15,2,8,52.2,31.64,109.0,80.31,90.9,59.09,5,Piast Gliwice 0-1 Górnik Zabrze,2025-07-26
Piast Gliwice,0.51,0.5,0.01,0.46,0.3,0.16,0.05,0.2,-0.15,0.51,0.5,0.01,0,1,-1,-1.01,60.3,55.63,42.86,0.48,0.19,200,10,10,8,20.83,42.11,11.5,3,5,19,6,13,112.8,68.36,26.73,19.69,62.93,40.91,3,Piast Gliwice 0-1 Górnik Zabrze,2025-07-26
Radomiak Radom,1.04,1.3,-0.26,1.04,0.55,0.49,0.0,0.75,-0.75,1.04,1.3,-0.26,1,1,0,0.26,51.0,53.65,49.65,0.53,0.33,188,9,14,10,26.42,30.3,7.08,10,3,14,4,12,96.3,62.33,45.33,52.51,88.53,59.17,5,Arka Gdynia 1-1 Radomiak Radom,2025-07-25
Arka Gdynia,1.3,1.04,0.26,0.55,1.04,-0.49,0.75,0.0,0.75,1.3,1.04,0.26,1,1,0,-0.26,49.0,46.35,43.64,0.33,0.53,127,9,10,14,30.3,26.42,10.41,3,10,16,5,16,58.2,37.67,41.0,47.49,61.1,40.83,4,Arka Gdynia 1-1 Radomiak Radom,2025-07-25
Nieciecza,0.38,1.79,-1.41,0.38,0.82,-0.44,0.0,0.22,-0.22,0.38,1.03,-0.65,0,2,-2,-0.59,54.3,62.68,51.24,0.55,0.55,214,12,7,14,12.73,25.45,7.83,5,5,19,6,16,96.1,57.0,37.6,55.4,102.53,49.68,2,Cracovia 2-0 Nieciecza,2025-07-25
Cracovia,1.79,0.38,1.41,0.82,0.38,0.44,0.22,0.0,0.22,1.03,0.38,0.65,2,0,2,0.59,45.7,37.32,40.23,0.55,0.55,118,12,14,7,25.45,12.73,7.51,5,5,13,5,16,72.5,43.0,30.27,44.6,103.87,50.32,3,Cracovia 2-0 Nieciecza,2025-07-25
Pogoń Szczecin,1.61,1.41,0.2,1.58,1.19,0.39,0.03,0.22,-0.19,1.61,1.41,0.2,1,5,-4,-4.2,56.3,46.0,44.3,1.02,0.65,153,15,6,14,5.88,21.54,13.16,1,6,19,4,9,55.9,32.59,32.33,37.68,44.83,18.41,3,Radomiak Radom 5-1 Pogoń Szczecin,2025-07-20
Radomiak Radom,1.41,1.61,-0.2,1.19,1.58,-0.39,0.22,0.03,0.19,1.41,1.61,-0.2,5,1,4,4.2,43.7,54.0,46.02,0.65,1.02,143,17,14,6,21.54,5.88,15.91,6,1,13,4,8,115.6,67.41,53.47,62.32,198.71,81.59,5,Radomiak Radom 5-1 Pogoń Szczecin,2025-07-20
Arka Gdynia,0.44,3.11,-2.67,0.29,2.97,-2.68,0.14,0.15,-0.01,0.44,3.11,-2.67,0,1,-1,1.67,40.0,45.64,49.7,0.36,1.35,171,8,10,17,27.78,12.59,14.14,4,4,23,8,11,62.6,34.38,84.53,84.87,93.17,49.07,2,Motor Lublin 1-0 Arka Gdynia,2025-07-20
Motor Lublin,3.11,0.44,2.67,2.97,0.29,2.68,0.15,0.14,0.01,3.11,0.44,2.67,1,0,1,-1.67,60.0,54.36,46.24,1.35,0.36,221,18,17,10,12.59,27.78,9.85,4,4,29,8,14,119.5,65.62,15.07,15.13,96.7,50.93,4,Motor Lublin 1-0 Arka Gdynia,2025-07-20
Lechia Gdańsk,1.83,2.52,-0.69,1.02,2.39,-1.37,0.06,0.13,-0.07,1.07,2.52,-1.45,1,2,-1,-0.31,47.9,40.67,45.27,0.65,0.98,165,12,15,21,23.08,21.43,12.37,7,1,8,3,10,51.9,26.2,57.4,59.79,42.87,19.17,0,Górnik Zabrze 2-1 Lechia Gdańsk,2025-07-20
Górnik Zabrze,2.52,1.83,0.69,2.39,1.02,1.37,0.13,0.06,0.07,2.52,1.07,1.45,2,1,1,0.31,52.1,59.33,49.78,0.98,0.65,230,14,21,15,21.43,23.08,16.67,1,7,25,6,8,146.2,73.8,38.6,40.21,180.73,80.83,3,Górnik Zabrze 2-1 Lechia Gdańsk,2025-07-20
Raków Częstochowa,2.27,0.23,2.04,2.15,0.18,1.97,0.12,0.05,0.07,2.27,0.23,2.04,1,0,1,-1.04,51.2,68.12,50.09,1.06,0.16,253,20,19,3,17.92,18.75,11.4,5,6,21,6,14,204.6,86.4,85.6,67.61,241.97,95.29,2,GKS Katowice 0-1 Raków Częstochowa,2025-07-19
GKS Katowice,0.23,2.27,-2.04,0.18,2.15,-1.97,0.05,0.12,-0.07,0.23,2.27,-2.04,0,1,-1,1.04,48.8,31.88,37.29,0.16,1.06,144,1,3,19,18.75,17.92,13.44,6,5,16,3,8,32.2,13.6,41.0,32.39,11.97,4.71,0,GKS Katowice 0-1 Raków Częstochowa,2025-07-19
Korona Kielce,0.13,2.87,-2.74,0.09,2.06,-1.97,0.04,0.04,0.0,0.13,2.11,-1.98,0,2,-2,0.74,36.2,23.55,40.59,0.07,1.56,109,4,5,22,71.43,14.1,16.23,1,12,6,1,13,8.6,3.1,60.33,75.6,8.97,2.9,3,Wisła Płock 2-0 Korona Kielce,2025-07-19
Wisła Płock,2.87,0.13,2.74,2.06,0.09,1.97,0.04,0.04,0.0,2.11,0.13,1.98,2,0,2,-0.74,63.8,76.45,55.52,1.56,0.07,315,25,22,5,14.1,71.43,7.13,12,1,26,7,12,268.7,96.9,19.47,24.4,300.43,97.1,2,Wisła Płock 2-0 Korona Kielce,2025-07-19
Zagłębie Lubin,0.44,1.38,-0.94,0.41,0.8,-0.39,0.03,0.58,-0.55,0.44,1.38,-0.94,0,1,-1,-0.06,47.2,43.01,43.48,0.49,0.56,136,12,11,16,22.45,28.57,9.03,5,4,14,6,20,59.9,34.27,43.13,53.03,63.4,32.48,1,Widzew Łódź 1-0 Zagłębie Lubin,2025-07-19
Widzew Łódź,1.38,0.44,0.94,0.8,0.41,0.39,0.58,0.03,0.55,1.38,0.44,0.94,1,0,1,0.06,52.8,56.99,50.11,0.56,0.49,195,18,16,11,28.57,22.45,9.43,4,5,17,8,8,114.9,65.73,38.2,46.97,131.77,67.52,3,Widzew Łódź 1-0 Zagłębie Lubin,2025-07-19
Cracovia,0.98,1.72,-0.74,0.98,0.48,0.5,0.0,0.48,-0.48,0.98,0.96,0.02,4,1,3,3.74,26.0,18.52,37.52,0.3,0.38,71,6,7,10,23.33,26.32,20.0,4,5,1,0,12,4.3,2.13,114.0,97.44,99.7,83.01,2,Lech Poznań 1-4 Cracovia,2025-07-18
Lech Poznań,1.72,0.98,0.74,0.48,0.98,-0.5,0.48,0.0,0.48,0.96,0.98,-0.02,1,4,-3,-3.74,74.0,81.48,54.31,0.38,0.3,445,12,10,7,26.32,23.33,8.27,5,4,30,5,10,197.9,97.87,3.0,2.56,20.4,16.99,0,Lech Poznań 1-4 Cracovia,2025-07-18
Nieciecza,2.75,1.18,1.57,1.09,1.02,0.07,0.9,0.15,0.75,1.99,1.18,0.81,4,0,4,2.43,36.4,35.33,48.53,0.56,1.48,170,10,18,13,32.14,8.78,14.97,3,5,13,8,10,56.0,30.04,101.33,89.89,184.6,90.82,0,Jagiellonia Białystok 0-4 Nieciecza,2025-07-18
Jagiellonia Białystok,1.18,2.75,-1.57,1.02,1.09,-0.07,0.15,0.9,-0.75,1.18,1.99,-0.81,0,4,-4,-2.43,63.6,64.67,51.37,1.48,0.56,301,22,13,18,8.78,32.14,10.44,5,3,35,3,7,130.4,69.96,11.4,10.11,18.67,9.18,1,Jagiellonia Białystok 0-4 Nieciecza,2025-07-18
