Team,xG,xGA,xGD,Open Play xG,Open Play xGA,Open Play xGD,Set Piece xG,Set Piece xGA,Set Piece xGD,npxG,npxGA,npxGD,Goals,Goals Conceded,GD,GD-xGD,Possession,Field Tilt,Avg Pass Height,xT,xT Against,Passes in Opposition Half,Passes into Box,Shots,Shots Faced,Shots per 1.0 xT,Shots Faced per 1.0 xT Against,PPDA,High Recoveries,High Recoveries Against,Crosses,Corners,Fouls,On-Ball Pressure,On-Ball Pressure Share,Off-Ball Pressure,Off-Ball Pressure Share,Game Control,Game Control Share,Throw-Ins into the Box,Match,Date
NEC,1.99,1.70,0.29,1.59,1.63,-0.04,0.40,0.06,0.34,1.99,1.70,0.29,1,1,0,-0.29,50.40,58.2,50.69,0.78,0.51,228,18,20,13,25.64,25.49,13.27,1,3,26,9,16,155.4,78.88,36.33,56.77,172.57,74.01,2,Twente 1-1 NEC,2026-04-25
Twente,1.70,1.99,-0.29,1.63,1.59,0.04,0.06,0.40,-0.34,1.70,1.99,-0.29,1,1,0,0.29,49.60,41.8,45.58,0.51,0.78,187,10,13,20,25.49,25.64,10.82,3,1,12,3,6,41.6,21.12,27.67,43.23,60.6,25.99,4,Twente 1-1 NEC,2026-04-25
Ajax,2.65,1.86,0.79,2.64,1.27,1.37,0.01,0.60,-0.59,2.65,1.86,0.79,2,0,2,1.21,42.40,32.8,44.35,0.92,0.84,163,15,8,21,8.7,25.0,14.00,7,8,12,2,11,34.6,15.23,54.53,63.46,55.33,40.5,1,NAC Breda 0-2 Ajax,2026-04-25
NAC Breda,1.86,2.65,-0.79,1.27,2.64,-1.37,0.60,0.01,0.59,1.86,2.65,-0.79,0,2,-2,-1.21,57.60,67.2,53.38,0.84,0.92,337,13,21,8,25.0,8.7,10.26,8,7,41,11,6,192.6,84.77,31.4,36.54,81.3,59.5,1,NAC Breda 0-2 Ajax,2026-04-25
Fortuna Sittard,0.86,2.81,-1.95,0.86,2.44,-1.58,0.00,0.37,-0.37,0.86,2.81,-1.95,1,2,-1,0.95,41.80,43.03,48.17,0.5,0.78,207,5,16,15,32.0,19.23,13.40,8,3,15,0,6,60.9,34.25,87.67,80.68,78.63,52.42,0,Heerenveen 2-1 Fortuna Sittard,2026-04-25
Heerenveen,2.81,0.86,1.95,2.44,0.86,1.58,0.37,0.00,0.37,2.81,0.86,1.95,2,1,1,-0.95,58.20,56.97,48.54,0.78,0.5,281,15,15,16,19.23,32.0,13.60,3,8,14,7,10,116.9,65.75,21.0,19.32,71.37,47.58,4,Heerenveen 2-1 Fortuna Sittard,2026-04-25
Groningen,1.10,1.82,-0.72,1.01,1.01,0.00,0.09,0.06,0.03,1.10,1.06,0.04,1,3,-2,-1.28,52.30,46.99,48.21,0.74,0.67,251,13,10,10,13.51,14.93,9.88,9,6,11,3,15,77.7,44.15,64.33,51.63,32.42,15.73,1,Feyenoord 3-1 Groningen,2026-04-25
Feyenoord,1.82,1.10,0.72,1.01,1.01,0.00,0.06,0.09,-0.03,1.06,1.10,-0.04,3,1,2,1.28,47.70,53.01,48.51,0.67,0.74,216,10,10,10,14.93,13.51,13.66,6,9,12,3,10,98.3,55.85,60.27,48.37,173.63,84.27,1,Feyenoord 3-1 Groningen,2026-04-25
PEC Zwolle,1.0,2.34,-1.34,1.0,2.27,-1.27,0.0,0.07,-0.07,1.0,2.34,-1.34,1,6,-5,-3.66,32.8,25.91,42.03,0.25,1.2,134,2,6,18,24.0,15.0,22.48,4,6,7,4,4,22.1,9.25,137.6,83.16,18.13,8.89,0,PSV 6-1 PEC Zwolle,2026-04-23
PSV,2.34,1.0,1.34,2.27,1.0,1.27,0.07,0.0,0.07,2.34,1.0,1.34,6,1,5,3.66,67.2,74.09,49.89,1.2,0.25,353,22,18,6,15.0,24.0,11.25,6,4,14,4,10,216.8,90.75,27.87,16.84,185.74,91.11,3,PSV 6-1 PEC Zwolle,2026-04-23
AZ,1.75,2.02,-0.27,1.48,1.27,0.21,0.26,0.75,-0.49,1.75,2.02,-0.27,0,0,0,0.27,50.1,53.79,46.26,0.89,0.66,188,18,23,15,25.84,22.73,10.58,7,4,26,10,13,122.4,66.92,58.87,64.83,132.43,75.23,3,Go Ahead Eagles 0-0 AZ,2026-04-23
Go Ahead Eagles,2.02,1.75,0.27,1.27,1.48,-0.21,0.75,0.26,0.49,2.02,1.75,0.27,0,0,0,-0.27,49.9,46.21,45.35,0.66,0.89,161,10,15,23,22.73,25.84,12.48,4,7,26,5,9,60.5,33.08,31.93,35.17,43.6,24.77,0,Go Ahead Eagles 0-0 AZ,2026-04-23
Sparta Rotterdam,0.9,1.88,-0.98,0.89,1.4,-0.51,0.01,0.48,-0.47,0.9,1.88,-0.98,1,4,-3,-2.02,53.4,45.85,49.32,0.97,1.03,218,10,10,11,10.31,10.68,10.38,6,2,20,5,9,57.2,38.21,35.93,41.59,39.8,28.36,0,Telstar 4-1 Sparta Rotterdam,2026-04-22
Telstar,1.88,0.9,0.98,1.4,0.89,0.51,0.48,0.01,0.47,1.88,0.9,0.98,4,1,3,2.02,46.6,54.15,48.82,1.03,0.97,194,17,11,10,10.68,10.31,11.84,2,6,22,6,14,92.5,61.79,50.47,58.41,100.54,71.64,1,Telstar 4-1 Sparta Rotterdam,2026-04-22
Heerenveen,0.58,2.91,-2.33,0.51,2.12,-1.61,0.07,0.79,-0.72,0.58,2.91,-2.33,0,3,-3,-0.67,42.3,42.03,44.63,0.74,0.71,157,18,7,23,9.46,32.39,18.83,5,3,10,6,10,56.4,26.34,70.73,74.41,22.24,8.13,1,AZ 3-0 Heerenveen,2026-04-12
AZ,2.91,0.58,2.33,2.12,0.51,1.61,0.79,0.07,0.72,2.91,0.58,2.33,3,0,3,0.67,57.7,57.97,46.69,0.71,0.74,237,20,23,7,32.39,9.46,15.27,3,5,8,6,5,157.7,73.66,24.33,25.59,251.19,91.87,0,AZ 3-0 Heerenveen,2026-04-12
Excelsior,2.71,2.48,0.23,2.65,1.89,0.76,0.06,0.6,-0.54,2.71,2.48,0.23,2,2,0,-0.23,51.5,51.89,44.67,0.6,0.53,189,9,16,15,26.67,28.3,11.0,6,5,14,2,13,107.6,61.17,46.73,47.72,113.5,55.59,4,PEC Zwolle 2-2 Excelsior,2026-04-12
PEC Zwolle,2.48,2.71,-0.23,1.89,2.65,-0.76,0.6,0.06,0.54,2.48,2.71,-0.23,2,2,0,0.23,48.5,48.11,46.68,0.53,0.6,176,12,15,16,28.3,26.67,13.68,5,6,15,5,10,68.3,38.83,51.2,52.28,90.67,44.41,1,PEC Zwolle 2-2 Excelsior,2026-04-12
Feyenoord,1.92,2.03,-0.11,1.83,1.49,0.34,0.1,0.54,-0.44,1.92,2.03,-0.11,1,1,0,0.11,41.6,37.32,42.84,0.4,0.92,114,6,13,15,32.5,16.3,6.67,6,3,5,1,14,69.3,29.25,56.53,71.44,84.83,47.09,0,NEC 1-1 Feyenoord,2026-04-12
NEC,2.03,1.92,0.11,1.49,1.83,-0.34,0.54,0.1,0.44,2.03,1.92,0.11,1,1,0,-0.11,58.4,62.68,49.55,0.92,0.4,208,16,15,13,16.3,32.5,7.2,3,6,18,4,17,167.6,70.75,22.6,28.56,95.3,52.91,0,NEC 1-1 Feyenoord,2026-04-12
NAC Breda,1.1,1.66,-0.56,1.0,1.65,-0.65,0.1,0.02,0.08,1.1,1.66,-0.56,1,1,0,0.56,57.3,53.54,47.8,0.82,0.85,230,11,14,10,17.07,11.76,11.35,2,3,28,8,12,79.8,61.29,19.47,22.29,47.2,37.34,2,Fortuna Sittard 1-1 NAC Breda,2026-04-12
Fortuna Sittard,1.66,1.1,0.56,1.65,1.0,0.65,0.02,0.1,-0.08,1.66,1.1,0.56,1,1,0,-0.56,42.7,46.46,49.5,0.85,0.82,188,7,10,14,11.76,17.07,11.79,3,2,16,5,11,50.4,38.71,67.87,77.71,79.2,62.66,0,Fortuna Sittard 1-1 NAC Breda,2026-04-12
Ajax,2.62,0.9,1.72,2.6,0.44,2.16,0.01,0.46,-0.45,2.62,0.9,1.72,3,0,3,1.28,60.5,55.48,46.92,0.85,0.31,243,17,18,14,21.18,45.16,9.81,4,6,10,5,4,172.4,70.98,20.53,16.35,135.27,71.81,0,Heracles 0-3 Ajax,2026-04-11
Heracles,0.9,2.62,-1.72,0.44,2.6,-2.16,0.46,0.01,0.45,0.9,2.62,-1.72,0,3,-3,-1.28,39.5,44.52,49.01,0.31,0.85,173,8,14,18,45.16,21.18,13.09,6,4,31,7,10,70.5,29.02,105.07,83.65,53.1,28.19,1,Heracles 0-3 Ajax,2026-04-11
Go Ahead Eagles,1.2,2.06,-0.86,1.18,1.69,-0.51,0.02,0.37,-0.35,1.2,2.06,-0.86,0,0,0,0.86,45.9,42.12,44.94,0.94,1.33,163,10,10,24,10.64,18.05,35.55,1,5,25,5,5,41.1,18.88,47.0,56.35,37.2,18.67,1,Groningen 0-0 Go Ahead Eagles,2026-04-11
Groningen,2.06,1.2,0.86,1.69,1.18,0.51,0.37,0.02,0.35,2.06,1.2,0.86,0,0,0,-0.86,54.1,57.88,49.53,1.33,0.94,266,19,24,10,18.05,10.64,19.06,5,1,19,8,5,176.6,81.12,36.4,43.65,162.1,81.33,1,Groningen 0-0 Go Ahead Eagles,2026-04-11
PSV,3.0,1.27,1.73,2.92,1.27,1.65,0.08,0.0,0.08,3.0,1.27,1.73,2,0,2,0.27,61.5,65.44,50.24,1.68,0.7,318,24,18,9,10.71,12.86,10.03,8,6,23,5,12,198.4,82.8,28.27,22.77,166.13,75.08,0,Sparta Rotterdam 0-2 PSV,2026-04-11
Sparta Rotterdam,1.27,3.0,-1.73,1.27,2.92,-1.65,0.0,0.08,-0.08,1.27,3.0,-1.73,0,2,-2,-0.27,38.5,34.56,44.22,0.7,1.68,149,14,9,18,12.86,10.71,19.33,6,8,14,2,6,41.2,17.2,95.87,77.23,55.13,24.92,1,Sparta Rotterdam 0-2 PSV,2026-04-11
Telstar,0.86,2.27,-1.41,0.7,1.81,-1.11,0.16,0.47,-0.31,0.86,2.27,-1.41,1,4,-3,-1.59,59.0,63.37,51.4,0.5,0.69,264,19,13,18,26.0,26.09,10.68,9,2,17,5,5,92.4,63.2,18.8,21.86,60.17,36.96,5,Utrecht 4-1 Telstar,2026-04-11
Utrecht,2.27,0.86,1.41,1.81,0.7,1.11,0.47,0.16,0.31,2.27,0.86,1.41,4,1,3,1.59,41.0,36.63,45.03,0.69,0.5,142,12,18,13,26.09,26.0,19.28,2,9,18,7,9,53.8,36.8,67.2,78.14,102.63,63.04,2,Utrecht 4-1 Telstar,2026-04-11
Volendam,1.02,3.08,-2.06,1.02,2.7,-1.68,0.0,0.37,-0.37,1.02,3.08,-2.06,1,2,-1,1.06,42.1,36.67,43.17,0.56,0.9,156,10,8,23,14.29,25.56,29.0,1,8,8,1,6,39.6,17.92,90.6,74.3,29.13,11.23,0,Twente 2-1 Volendam,2026-04-10
Twente,3.08,1.02,2.06,2.7,1.02,1.68,0.37,0.0,0.37,3.08,1.02,2.06,2,1,1,-1.06,57.9,63.33,49.4,0.9,0.56,285,23,23,8,25.56,14.29,11.3,8,1,11,7,8,181.4,82.08,31.33,25.7,230.23,88.77,3,Twente 2-1 Volendam,2026-04-10
Sparta Rotterdam,0.43,0.53,-0.1,0.43,0.29,0.14,0.0,0.24,-0.24,0.43,0.53,-0.1,0,0,0,0.1,44.0,41.77,47.08,0.54,0.41,166,7,6,12,11.11,29.27,10.35,5,4,19,3,19,66.1,36.22,70.4,66.62,59.4,44.34,3,NAC Breda 0-0 Sparta Rotterdam,2026-04-05
NAC Breda,0.53,0.43,0.1,0.29,0.43,-0.14,0.24,0.0,0.24,0.53,0.43,0.1,0,0,0,-0.1,56.0,58.23,45.75,0.41,0.54,219,9,12,6,29.27,11.11,8.56,4,5,28,11,12,116.4,63.78,35.27,33.38,74.57,55.66,2,NAC Breda 0-0 Sparta Rotterdam,2026-04-05
Heracles,1.51,4.7,-3.19,1.51,3.81,-2.3,0.0,0.13,-0.13,1.51,3.94,-2.43,1,4,-3,0.19,33.9,36.72,46.66,0.35,1.49,143,8,7,25,20.0,16.78,17.67,6,3,14,1,10,43.0,16.96,119.2,98.08,70.17,34.81,1,Heerenveen 4-1 Heracles,2026-04-05
Heerenveen,4.7,1.51,3.19,3.81,1.51,2.3,0.13,0.0,0.13,3.94,1.51,2.43,4,1,3,-0.19,66.1,63.28,47.28,1.49,0.35,288,33,25,7,16.78,20.0,9.41,3,6,15,8,12,210.5,83.04,2.33,1.92,131.4,65.19,2,Heerenveen 4-1 Heracles,2026-04-05
Feyenoord,1.4,1.56,-0.16,0.79,1.18,-0.39,0.61,0.38,0.23,1.4,1.56,-0.16,0,0,0,0.16,56.0,59.14,50.68,1.32,0.73,240,24,17,13,12.88,17.81,18.56,4,6,19,5,5,131.9,70.16,39.73,43.69,129.63,66.5,3,Volendam 0-0 Feyenoord,2026-04-05
Volendam,1.56,1.4,0.16,1.18,0.79,0.39,0.38,0.61,-0.23,1.56,1.4,0.16,0,0,0,-0.16,44.0,40.86,46.15,0.73,1.32,175,16,13,17,17.81,12.88,10.75,6,4,19,5,10,56.1,29.84,51.2,56.31,65.3,33.5,1,Volendam 0-0 Feyenoord,2026-04-05
PEC Zwolle,1.98,2.56,-0.58,1.47,2.31,-0.84,0.52,0.25,0.27,1.98,2.56,-0.58,0,5,-5,-4.42,47.6,45.93,44.69,0.43,0.83,167,12,16,15,37.21,18.07,8.51,5,6,14,8,16,96.5,50.42,59.07,62.05,39.47,16.46,1,Go Ahead Eagles 5-0 PEC Zwolle,2026-04-05
Go Ahead Eagles,2.56,1.98,0.58,2.31,1.47,0.84,0.25,0.52,-0.27,2.56,1.98,0.58,5,0,5,4.42,52.4,54.07,42.69,0.83,0.43,170,17,15,16,18.07,37.21,11.7,6,5,18,5,9,94.9,49.58,36.13,37.95,200.27,83.54,0,Go Ahead Eagles 5-0 PEC Zwolle,2026-04-05
NEC,2.08,0.75,1.33,2.01,0.75,1.26,0.07,0.0,0.07,2.08,0.75,1.33,2,0,2,0.67,55.0,60.96,51.0,0.47,0.55,266,13,12,9,25.53,16.36,14.35,5,1,15,5,9,118.1,65.68,57.27,48.64,125.6,76.82,1,Excelsior 0-2 NEC,2026-04-04
Excelsior,0.75,2.08,-1.33,0.75,2.01,-1.26,0.0,0.07,-0.07,0.75,2.08,-1.33,0,2,-2,-0.67,45.0,39.04,43.74,0.55,0.47,163,9,9,12,16.36,25.53,15.25,1,5,9,2,8,61.7,34.32,60.47,51.36,37.9,23.18,2,Excelsior 0-2 NEC,2026-04-04
Twente,2.78,1.03,1.75,2.78,0.96,1.82,0.0,0.07,-0.07,2.78,1.03,1.75,2,1,1,-0.75,48.8,60.49,49.76,0.45,1.0,259,10,16,10,35.56,10.0,14.19,10,5,16,2,10,164.7,72.49,64.47,58.89,168.7,84.46,1,Ajax 1-2 Twente,2026-04-04
Ajax,1.03,2.78,-1.75,0.96,2.78,-1.82,0.07,0.0,0.07,1.03,2.78,-1.75,1,2,-1,0.75,51.2,39.51,44.14,1.0,0.45,223,6,10,16,10.0,35.56,14.28,5,10,8,2,14,62.5,27.51,45.0,41.11,31.03,15.54,0,Ajax 1-2 Twente,2026-04-04
Fortuna Sittard,0.63,1.8,-1.17,0.31,1.5,-1.19,0.32,0.3,0.02,0.63,1.8,-1.17,0,2,-2,-0.83,46.2,45.0,47.36,0.18,0.69,196,7,9,15,50.0,21.74,12.37,7,5,18,6,14,46.3,28.37,64.07,68.64,28.47,13.42,1,AZ 2-0 Fortuna Sittard,2026-04-04
AZ,1.8,0.63,1.17,1.5,0.31,1.19,0.3,0.32,-0.02,1.8,0.63,1.17,2,0,2,0.83,53.8,55.0,48.5,0.69,0.18,229,20,15,9,21.74,50.0,8.46,5,7,15,10,11,116.9,71.63,29.27,31.36,183.6,86.58,2,AZ 2-0 Fortuna Sittard,2026-04-04
Groningen,3.5,1.53,1.97,2.62,1.1,1.52,0.88,0.43,0.45,3.5,1.53,1.97,2,0,2,0.03,49.8,57.23,49.59,0.94,0.65,222,16,24,14,25.53,21.54,14.0,4,1,20,12,10,143.9,75.94,50.13,56.67,169.27,82.39,0,Telstar 0-2 Groningen,2026-04-04
Telstar,1.53,3.5,-1.97,1.1,2.62,-1.52,0.43,0.88,-0.45,1.53,3.5,-1.97,0,2,-2,-0.03,50.2,42.77,45.82,0.65,0.94,193,10,14,24,21.54,25.53,14.86,1,4,8,5,12,45.6,24.06,38.33,43.33,36.17,17.61,6,Telstar 0-2 Groningen,2026-04-04
Utrecht,1.54,4.24,-2.7,1.54,4.24,-2.7,0.0,0.0,0.0,1.54,4.24,-2.7,3,4,-1,1.7,37.2,39.6,46.54,0.82,0.95,157,13,12,19,14.63,20.0,18.7,6,3,18,3,10,55.2,25.88,119.8,88.04,111.07,55.45,0,PSV 4-3 Utrecht,2026-04-04
PSV,4.24,1.54,2.7,4.24,1.54,2.7,0.0,0.0,0.0,4.24,1.54,2.7,4,3,1,-1.7,62.8,60.4,51.99,0.95,0.82,324,14,19,12,20.0,14.63,8.72,3,6,22,8,6,158.1,74.12,16.27,11.96,89.23,44.55,2,PSV 4-3 Utrecht,2026-04-04
PSV,1.6,1.6,0.0,0.96,1.54,-0.58,0.64,0.07,0.57,1.6,1.6,0.0,1,3,-2,-2.0,51.8,58.6,51.6,0.56,0.9,253,14,18,13,32.14,14.44,15.38,5,6,31,12,4,144.3,62.41,47.53,55.18,129.07,60.83,2,Telstar 3-1 PSV,2026-03-22
Telstar,1.6,1.6,0.0,1.54,0.96,0.58,0.07,0.64,-0.57,1.6,1.6,0.0,3,1,2,2.0,48.2,41.4,47.42,0.9,0.56,203,12,13,18,14.44,32.14,22.43,6,5,8,1,5,86.9,37.59,38.6,44.82,83.1,39.17,4,Telstar 3-1 PSV,2026-03-22
AZ,2.3,2.57,-0.27,2.0,1.73,0.27,0.3,0.08,0.22,2.3,1.81,0.49,0,3,-3,-2.73,52.9,44.72,44.71,0.6,1.04,188,18,16,15,26.67,14.42,10.39,2,7,16,7,8,89.6,41.73,25.53,28.22,53.78,23.23,1,Groningen 3-0 AZ,2026-03-22
Groningen,2.57,2.3,0.27,1.73,2.0,-0.27,0.08,0.3,-0.22,1.81,2.3,-0.49,3,0,3,2.73,47.1,55.28,49.9,1.04,0.6,224,12,15,16,14.42,26.67,11.97,7,2,10,2,16,125.1,58.27,64.93,71.78,177.69,76.77,0,Groningen 3-0 AZ,2026-03-22
Ajax,0.49,1.72,-1.23,0.49,0.96,-0.47,0.0,0.0,0.0,0.49,0.96,-0.47,1,1,0,1.23,46.6,34.26,42.25,0.22,0.79,181,3,5,14,22.73,17.72,11.19,5,5,8,1,16,30.2,16.6,50.2,46.19,25.6,15.61,0,Feyenoord 1-1 Ajax,2026-03-22
Feyenoord,1.72,0.49,1.23,0.96,0.49,0.47,0.0,0.0,0.0,0.96,0.49,0.47,1,1,0,-1.23,53.4,65.74,48.86,0.79,0.22,241,10,14,5,17.72,22.73,10.84,5,5,15,5,12,151.7,83.4,58.47,53.81,138.37,84.39,0,Feyenoord 1-1 Ajax,2026-03-22
Go Ahead Eagles,0.66,2.56,-1.9,0.43,2.41,-1.98,0.23,0.15,0.08,0.66,2.56,-1.9,0,2,-2,-0.1,56.3,52.96,46.86,0.33,0.96,231,12,11,22,33.33,22.92,12.35,9,4,13,5,7,81.5,42.08,34.4,30.97,53.57,21.66,1,Utrecht 2-0 Go Ahead Eagles,2026-03-22
Utrecht,2.56,0.66,1.9,2.41,0.43,1.98,0.15,0.23,-0.08,2.56,0.66,1.9,2,0,2,0.1,43.7,47.04,44.28,0.96,0.33,168,14,22,11,22.92,33.33,17.62,4,9,15,2,9,112.2,57.92,76.67,69.03,193.7,78.34,1,Utrecht 2-0 Go Ahead Eagles,2026-03-22
Heerenveen,1.62,2.69,-1.07,1.54,2.53,-0.99,0.08,0.16,-0.08,1.62,2.69,-1.07,2,2,0,1.07,45.7,34.32,40.36,1.04,1.15,130,15,11,22,10.58,19.13,10.46,4,12,12,2,11,35.1,13.99,25.47,37.05,35.53,13.93,1,NEC 2-2 Heerenveen,2026-03-22
NEC,2.69,1.62,1.07,2.53,1.54,0.99,0.16,0.08,0.08,2.69,1.62,1.07,2,2,0,-1.07,54.3,65.68,55.15,1.15,1.04,297,24,22,11,19.13,10.58,9.42,12,4,20,6,6,215.8,86.01,43.27,62.95,219.53,86.07,3,NEC 2-2 Heerenveen,2026-03-22
NAC Breda,1.89,0.99,0.9,1.72,0.6,1.12,0.17,0.39,-0.22,1.89,0.99,0.9,1,2,-1,-1.9,56.8,58.28,48.01,1.32,0.48,240,16,20,8,15.15,16.67,8.43,4,6,34,5,14,135.1,71.82,34.47,27.6,73.53,40.99,2,PEC Zwolle 2-1 NAC Breda,2026-03-21
PEC Zwolle,0.99,1.89,-0.9,0.6,1.72,-1.12,0.39,0.17,0.22,0.99,1.89,-0.9,2,1,1,1.9,43.2,41.72,44.27,0.48,1.32,156,4,8,20,16.67,15.15,8.52,6,4,10,2,20,53.0,28.18,90.4,72.4,105.87,59.01,1,PEC Zwolle 2-1 NAC Breda,2026-03-21
Volendam,0.48,1.67,-1.19,0.44,1.5,-1.06,0.03,0.18,-0.15,0.48,1.67,-1.19,0,2,-2,-0.81,49.6,47.91,39.59,0.69,0.5,143,8,8,16,11.59,32.0,12.6,5,2,20,7,9,61.4,38.57,41.73,36.54,26.03,13.26,0,Sparta Rotterdam 2-0 Volendam,2026-03-21
Sparta Rotterdam,1.67,0.48,1.19,1.5,0.44,1.06,0.18,0.03,0.15,1.67,0.48,1.19,2,0,2,0.81,50.4,52.09,45.2,0.5,0.69,189,13,16,8,32.0,11.59,12.53,2,5,17,3,15,97.8,61.43,72.47,63.46,170.27,86.74,0,Sparta Rotterdam 2-0 Volendam,2026-03-21
Twente,2.22,1.68,0.54,2.22,1.49,0.73,0.0,0.19,-0.19,2.22,1.68,0.54,2,1,1,0.46,60.3,56.63,48.09,0.72,0.52,261,12,9,11,12.5,21.15,9.88,4,5,15,6,15,81.4,57.65,14.2,12.96,38.3,25.9,6,Fortuna Sittard 1-2 Twente,2026-03-21
Fortuna Sittard,1.68,2.22,-0.54,1.49,2.22,-0.73,0.19,0.0,0.19,1.68,2.22,-0.54,1,2,-1,-0.46,39.7,43.37,50.88,0.52,0.72,181,12,11,9,21.15,12.5,12.67,5,4,19,7,6,59.8,42.35,95.4,87.04,109.6,74.1,4,Fortuna Sittard 1-2 Twente,2026-03-21
Excelsior,1.46,1.83,-0.37,1.46,1.07,0.39,0.0,0.76,-0.76,1.46,1.83,-0.37,1,1,0,0.37,49.9,41.41,43.07,0.56,0.77,153,8,15,13,26.79,16.88,9.49,3,2,10,1,15,64.3,44.38,26.8,37.68,57.3,36.51,1,Heracles 1-1 Excelsior,2026-03-20
Heracles,1.83,1.46,0.37,1.07,1.46,-0.39,0.76,0.0,0.76,1.83,1.46,0.37,1,1,0,-0.37,50.1,58.59,47.7,0.77,0.56,186,9,13,15,16.88,26.79,8.23,2,3,23,6,17,80.6,55.62,44.33,62.32,99.63,63.49,1,Heracles 1-1 Excelsior,2026-03-20
NAC Breda,1.69,2.1,-0.41,1.11,1.91,-0.8,0.58,0.19,0.39,1.69,2.1,-0.41,0,6,-6,-5.59,56.3,67.94,52.59,0.41,0.86,281,15,20,11,48.78,12.79,12.19,3,3,32,9,3,159.2,73.2,46.8,53.18,103.78,53.18,4,Go Ahead Eagles 6-0 NAC Breda,2026-03-15
Go Ahead Eagles,2.1,1.69,0.41,1.91,1.11,0.8,0.19,0.58,-0.39,2.1,1.69,0.41,6,0,6,5.59,43.7,32.06,44.34,0.86,0.41,148,13,11,20,12.79,48.78,27.38,3,3,12,3,8,58.3,26.8,41.2,46.82,91.38,46.82,0,Go Ahead Eagles 6-0 NAC Breda,2026-03-15
Excelsior,1.58,3.05,-1.47,1.54,3.03,-1.49,0.04,0.02,0.02,1.58,3.05,-1.47,1,2,-1,0.47,51.3,48.21,44.6,0.53,0.85,156,12,12,15,22.64,17.65,11.15,2,7,12,5,12,65.6,34.24,39.27,48.04,49.43,33.16,9,Feyenoord 2-1 Excelsior,2026-03-15
Feyenoord,3.05,1.58,1.47,3.03,1.54,1.49,0.02,0.04,-0.02,3.05,1.58,1.47,2,1,1,-0.47,48.7,51.79,48.11,0.85,0.53,192,12,15,12,17.65,22.64,11.69,7,2,22,9,10,126.0,65.76,42.47,51.96,99.63,66.84,1,Feyenoord 2-1 Excelsior,2026-03-15
Heracles,0.46,3.13,-2.67,0.46,2.32,-1.86,0.0,0.81,-0.81,0.46,3.13,-2.67,0,4,-4,-1.33,47.5,39.88,47.74,0.67,0.75,178,17,6,14,8.96,18.67,10.06,5,8,8,3,19,38.6,23.42,56.27,60.2,25.32,12.02,0,AZ 4-0 Heracles,2026-03-15
AZ,3.13,0.46,2.67,2.32,0.46,1.86,0.81,0.0,0.81,3.13,0.46,2.67,4,0,4,1.33,52.5,60.12,52.91,0.75,0.67,257,16,14,6,18.67,8.96,8.2,8,5,12,7,10,126.2,76.58,37.2,39.8,185.27,87.98,0,AZ 4-0 Heracles,2026-03-15
Utrecht,2.25,2.0,0.25,2.2,1.25,0.95,0.05,0.75,-0.7,2.25,2.0,0.25,2,0,2,1.75,39.1,31.41,42.9,0.54,1.14,146,14,10,16,18.52,14.04,14.96,3,5,13,5,10,60.2,22.12,96.07,84.02,80.2,51.08,2,Twente 0-2 Utrecht,2026-03-15
Twente,2.0,2.25,-0.25,1.25,2.2,-0.95,0.75,0.05,0.7,2.0,2.25,-0.25,0,2,-2,-1.75,60.9,68.59,52.48,1.14,0.54,340,19,16,10,14.04,18.52,12.79,5,3,21,4,7,211.9,77.88,18.27,15.98,76.8,48.92,5,Twente 0-2 Utrecht,2026-03-15
Sparta Rotterdam,0.39,3.6,-3.21,0.35,3.34,-2.99,0.04,0.26,-0.22,0.39,3.6,-3.21,0,4,-4,-0.79,42.3,40.68,45.43,0.42,0.82,163,6,8,23,19.05,28.05,11.97,5,13,22,3,17,47.2,21.39,70.07,62.48,50.13,22.3,0,Ajax 4-0 Sparta Rotterdam,2026-03-14
Ajax,3.6,0.39,3.21,3.34,0.35,2.99,0.26,0.04,0.22,3.6,0.39,3.21,4,0,4,0.79,57.7,59.32,49.48,0.82,0.42,267,17,23,8,28.05,19.05,8.21,13,5,14,5,8,173.5,78.61,42.07,37.52,174.67,77.7,0,Ajax 4-0 Sparta Rotterdam,2026-03-14
Telstar,2.05,2.33,-0.28,1.96,2.12,-0.16,0.09,0.22,-0.13,2.05,2.33,-0.28,0,3,-3,-2.72,56.1,59.71,50.77,1.11,0.37,295,18,20,12,18.02,32.43,10.52,9,7,22,4,9,149.9,66.89,38.53,47.61,107.88,52.82,3,Heerenveen 3-0 Telstar,2026-03-14
Heerenveen,2.33,2.05,0.28,2.12,1.96,0.16,0.22,0.09,0.13,2.33,2.05,0.28,3,0,3,2.72,43.9,40.29,45.46,0.37,1.11,176,12,12,20,32.43,18.02,15.12,7,9,11,5,12,74.2,33.11,42.4,52.39,96.38,47.18,0,Heerenveen 3-0 Telstar,2026-03-14
NEC,2.42,2.03,0.39,2.38,1.27,1.11,0.05,0.76,-0.71,2.42,2.03,0.39,3,2,1,0.61,30.0,36.21,49.69,0.58,1.28,134,13,17,12,29.31,9.38,16.33,7,4,13,7,12,73.3,34.36,148.13,98.28,180.63,83.38,3,PSV 2-3 NEC,2026-03-14
PSV,2.03,2.42,-0.39,1.27,2.38,-1.11,0.76,0.05,0.71,2.03,2.42,-0.39,2,3,-1,-0.61,70.0,63.79,46.62,1.28,0.58,276,15,12,17,9.38,29.31,7.26,4,7,27,7,8,140.0,65.64,2.6,1.72,36.0,16.62,6,PSV 2-3 NEC,2026-03-14
Fortuna Sittard,2.53,2.93,-0.4,2.15,2.89,-0.74,0.38,0.05,0.33,2.53,2.93,-0.4,2,1,1,1.4,37.7,46.15,47.91,0.89,1.19,146,14,13,16,14.61,13.45,14.34,8,4,9,4,13,89.8,41.55,92.13,83.66,142.83,77.28,3,Volendam 1-2 Fortuna Sittard,2026-03-14
Volendam,2.93,2.53,0.4,2.89,2.15,0.74,0.05,0.38,-0.33,2.93,2.53,0.4,1,2,-1,-1.4,62.3,53.85,43.52,1.19,0.89,180,13,16,13,13.45,14.61,7.83,4,8,18,4,11,126.3,58.45,18.0,16.34,42.0,22.72,1,Volendam 1-2 Fortuna Sittard,2026-03-14
Groningen,2.43,1.76,0.67,2.0,1.73,0.27,0.43,0.03,0.4,2.43,1.76,0.67,1,1,0,-0.67,49.8,55.14,47.48,0.77,0.52,217,10,16,14,20.78,26.92,13.54,2,4,15,6,10,112.6,58.62,42.93,45.64,98.5,57.23,0,PEC Zwolle 1-1 Groningen,2026-03-13
PEC Zwolle,1.76,2.43,-0.67,1.73,2.0,-0.27,0.03,0.43,-0.4,1.76,2.43,-0.67,1,1,0,0.67,50.2,44.86,45.3,0.52,0.77,185,10,14,16,26.92,20.78,9.85,4,2,18,7,12,79.5,41.38,51.13,54.36,73.6,42.77,0,PEC Zwolle 1-1 Groningen,2026-03-13
Volendam,0.89,1.97,-1.08,0.8,1.84,-1.04,0.08,0.12,-0.04,0.89,1.97,-1.08,0,3,-3,-1.92,43.7,22.13,37.05,0.25,1.12,106,6,7,27,28.0,24.11,12.91,3,19,6,1,7,10.3,3.57,14.93,18.51,2.57,0.55,0,NEC 3-0 Volendam,2026-03-08
NEC,1.97,0.89,1.08,1.84,0.8,1.04,0.12,0.08,0.04,1.97,0.89,1.08,3,0,3,1.92,56.3,77.87,57.59,1.12,0.25,323,43,27,7,24.11,28.0,8.46,19,3,20,12,10,278.6,96.43,65.73,81.49,462.69,99.45,2,NEC 3-0 Volendam,2026-03-08
Feyenoord,1.8,1.17,0.63,0.97,0.96,0.01,0.83,0.21,0.62,1.8,1.17,0.63,3,3,0,-0.63,57.1,60.3,53.25,0.98,0.63,249,21,14,12,14.29,19.05,8.35,6,3,12,9,8,149.9,71.45,36.8,41.35,137.73,69.96,1,NAC Breda 3-3 Feyenoord,2026-03-08
NAC Breda,1.17,1.8,-0.63,0.96,0.97,-0.01,0.21,0.83,-0.62,1.17,1.8,-0.63,3,3,0,0.63,42.9,39.7,48.35,0.63,0.98,164,10,12,14,19.05,14.29,13.25,3,6,18,4,12,59.9,28.55,52.2,58.65,59.13,30.04,1,NAC Breda 3-3 Feyenoord,2026-03-08
Twente,2.01,2.4,-0.39,1.23,2.11,-0.88,0.02,0.28,-0.26,1.25,2.4,-1.15,4,1,3,3.39,48.7,54.52,50.93,0.83,0.84,245,15,12,15,14.46,17.86,14.52,5,6,14,5,8,111.4,56.61,60.53,72.7,141.8,68.07,2,Go Ahead Eagles 1-4 Twente,2026-03-08
Go Ahead Eagles,2.4,2.01,0.39,2.11,1.23,0.88,0.28,0.02,0.26,2.4,1.25,1.15,1,4,-3,-3.39,51.3,45.48,44.6,0.84,0.83,205,11,15,12,17.86,14.46,15.82,6,5,26,6,8,85.4,43.39,22.73,27.3,66.5,31.93,0,Go Ahead Eagles 1-4 Twente,2026-03-08
Telstar,2.81,3.55,-0.74,2.14,3.55,-1.41,0.67,0.0,0.67,2.81,3.55,-0.74,4,1,3,3.74,42.0,36.39,44.61,1.1,1.3,125,20,15,21,13.64,16.15,10.9,7,14,18,5,18,59.0,26.22,40.2,70.12,93.2,62.12,3,Fortuna Sittard 1-4 Telstar,2026-03-08
Fortuna Sittard,3.55,2.81,0.74,3.55,2.14,1.41,0.0,0.67,-0.67,3.55,2.81,0.74,1,4,-3,-3.74,58.0,63.61,52.29,1.3,1.1,247,17,21,15,16.15,13.64,5.82,14,7,29,3,8,166.0,73.78,17.13,29.88,56.83,37.88,1,Fortuna Sittard 1-4 Telstar,2026-03-08
PEC Zwolle,1.13,2.29,-1.16,1.03,1.92,-0.89,0.1,0.38,-0.28,1.13,2.29,-1.16,1,1,0,1.16,48.6,40.37,43.73,0.57,1.08,178,11,15,20,26.32,18.52,10.09,5,7,8,3,10,63.4,37.63,34.33,36.97,51.73,30.45,4,Sparta Rotterdam 1-1 PEC Zwolle,2026-03-08
Sparta Rotterdam,2.29,1.13,1.16,1.92,1.03,0.89,0.38,0.1,0.28,2.29,1.13,1.16,1,1,0,-1.16,51.4,59.63,49.08,1.08,0.57,222,19,20,15,18.52,26.32,14.2,7,5,29,6,7,105.1,62.37,58.53,63.03,118.13,69.55,1,Sparta Rotterdam 1-1 PEC Zwolle,2026-03-08
Heerenveen,2.06,2.87,-0.81,2.06,1.86,0.2,0.0,0.26,-0.26,2.06,2.11,-0.05,2,1,1,1.81,48.0,41.1,43.32,0.86,1.06,158,14,10,21,11.63,19.81,24.0,3,7,9,8,7,40.3,22.41,30.33,33.93,28.83,18.56,0,Excelsior 1-2 Heerenveen,2026-03-07
Excelsior,2.87,2.06,0.81,1.86,2.06,-0.2,0.26,0.0,0.26,2.11,2.06,0.05,1,2,-1,-1.81,52.0,58.9,49.02,1.06,0.86,228,17,21,10,19.81,11.63,12.71,7,3,26,6,4,139.5,77.59,59.07,66.07,126.47,81.44,5,Excelsior 1-2 Heerenveen,2026-03-07
AZ,2.3,3.42,-1.12,2.28,3.2,-0.92,0.02,0.22,-0.2,2.3,3.42,-1.12,1,2,-1,0.12,37.0,34.43,48.92,0.67,2.24,179,17,13,20,19.4,8.93,21.53,6,6,14,6,4,65.7,19.96,119.0,88.28,122.27,61.71,5,PSV 2-1 AZ,2026-03-07
PSV,3.42,2.3,1.12,3.2,2.28,0.92,0.22,0.02,0.2,3.42,2.3,1.12,2,1,1,-0.12,63.0,65.57,55.69,2.24,0.67,414,26,20,13,8.93,19.4,14.89,6,6,38,5,7,263.5,80.04,15.8,11.72,75.87,38.29,1,PSV 2-1 AZ,2026-03-07
Ajax,1.5,3.26,-1.76,1.42,2.98,-1.56,0.08,0.28,-0.2,1.5,3.26,-1.76,1,3,-2,-0.24,59.8,53.12,45.34,0.88,0.72,255,10,13,13,14.77,18.06,14.7,4,7,25,8,7,156.2,53.22,10.6,7.8,105.57,31.73,0,Groningen 3-1 Ajax,2026-03-07
Groningen,3.26,1.5,1.76,2.98,1.42,1.56,0.28,0.08,0.2,3.26,1.5,1.76,3,1,2,0.24,40.2,46.88,50.46,0.72,0.88,210,15,13,13,18.06,14.77,24.68,7,4,7,6,5,137.3,46.78,125.27,92.2,227.13,68.27,1,Groningen 3-1 Ajax,2026-03-07
Utrecht,2.53,0.29,2.24,2.06,0.2,1.86,0.46,0.08,0.38,2.53,0.29,2.24,0,0,0,-2.24,53.0,52.3,49.55,1.41,0.57,232,21,16,10,11.35,17.54,10.53,1,4,30,12,17,110.4,68.15,50.0,51.76,97.4,73.45,0,Heracles 0-0 Utrecht,2026-03-06
Heracles,0.29,2.53,-2.24,0.2,2.06,-1.86,0.08,0.46,-0.38,0.29,2.53,-2.24,0,0,0,2.24,47.0,47.7,45.31,0.57,1.41,178,10,10,16,17.54,11.35,12.77,4,1,14,4,13,51.6,31.85,46.6,48.24,35.2,26.55,0,Heracles 0-0 Utrecht,2026-03-06
Go Ahead Eagles,0.47,2.22,-1.75,0.47,2.19,-1.72,0.0,0.03,-0.03,0.47,2.22,-1.75,1,0,1,2.75,41.8,36.14,45.95,0.27,2.01,175,11,7,19,25.93,9.45,25.88,1,5,12,3,6,43.3,19.72,90.93,62.17,51.23,29.77,2,Excelsior 0-1 Go Ahead Eagles,2026-03-01
Excelsior,2.22,0.47,1.75,2.19,0.47,1.72,0.03,0.0,0.03,2.22,0.47,1.75,0,1,-1,-2.75,58.2,63.86,49.69,2.01,0.27,278,23,19,7,9.45,25.93,12.92,5,1,25,6,11,176.3,80.28,55.33,37.83,120.83,70.23,5,Excelsior 0-1 Go Ahead Eagles,2026-03-01
AZ,1.66,1.39,0.27,1.66,0.59,1.07,0.0,0.04,-0.04,1.66,0.63,1.03,0,2,-2,-2.27,58.0,61.2,49.52,0.6,0.51,266,13,10,11,16.67,21.57,9.81,2,5,14,4,13,114.1,63.04,20.53,18.31,52.9,27.13,1,Utrecht 2-0 AZ,2026-03-01
Utrecht,1.39,1.66,-0.27,0.59,1.66,-1.07,0.04,0.0,0.04,0.63,1.66,-1.03,2,0,2,2.27,42.0,38.8,44.58,0.51,0.6,162,10,11,10,21.57,16.67,9.33,5,2,12,5,13,66.9,36.96,91.6,81.69,142.1,72.87,2,Utrecht 2-0 AZ,2026-03-01
Groningen,3.71,2.96,0.75,3.22,2.2,1.02,0.49,0.0,0.49,3.71,2.2,1.51,2,3,-1,-1.75,52.9,52.72,47.99,1.46,0.66,210,21,28,12,19.18,18.18,12.21,6,2,27,10,13,127.7,66.68,50.4,53.81,155.4,64.41,1,Volendam 3-2 Groningen,2026-03-01
Volendam,2.96,3.71,-0.75,2.2,3.22,-1.02,0.0,0.49,-0.49,2.2,3.71,-1.51,3,2,1,1.75,47.1,47.28,44.97,0.66,1.46,152,10,12,28,18.18,19.18,13.78,2,6,12,2,8,63.8,33.32,43.27,46.19,85.87,35.59,0,Volendam 3-2 Groningen,2026-03-01
Feyenoord,1.2,1.65,-0.45,0.85,1.65,-0.8,0.36,0.0,0.36,1.2,1.65,-0.45,0,2,-2,-1.55,47.2,46.38,47.77,0.57,0.81,199,14,8,19,14.04,23.46,11.89,7,6,8,2,8,43.0,28.65,28.73,44.3,29.77,17.2,0,Twente 2-0 Feyenoord,2026-03-01
Twente,1.65,1.2,0.45,1.65,0.85,0.8,0.0,0.36,-0.36,1.65,1.2,0.45,2,0,2,1.55,52.8,53.62,48.78,0.81,0.57,205,15,19,8,23.46,14.04,9.42,6,7,14,4,13,107.1,71.35,36.13,55.7,143.3,82.8,2,Twente 2-0 Feyenoord,2026-03-01
Ajax,0.75,1.41,-0.66,0.75,0.33,0.42,0.0,1.08,-1.08,0.75,1.41,-0.66,0,0,0,0.66,60.1,54.33,45.67,0.34,0.29,234,7,6,9,17.65,31.03,10.19,3,10,15,3,8,113.2,65.55,14.33,12.75,73.2,41.49,0,PEC Zwolle 0-0 Ajax,2026-03-01
PEC Zwolle,1.41,0.75,0.66,0.33,0.75,-0.42,1.08,0.0,1.08,1.41,0.75,0.66,0,0,0,-0.66,39.9,45.67,45.34,0.29,0.34,162,10,9,6,31.03,17.65,10.12,10,3,26,12,12,59.5,34.45,98.07,87.25,103.23,58.51,4,PEC Zwolle 0-0 Ajax,2026-03-01
Fortuna Sittard,2.18,2.43,-0.25,1.23,2.22,-0.99,0.95,0.21,0.74,2.18,2.43,-0.25,3,2,1,1.25,32.3,28.64,46.32,0.41,1.26,114,10,13,15,31.71,11.9,9.11,8,9,9,5,13,54.6,19.84,78.07,92.72,83.53,46.24,2,NEC 2-3 Fortuna Sittard,2026-02-28
NEC,2.43,2.18,0.25,2.22,1.23,0.99,0.21,0.95,-0.74,2.43,2.18,0.25,2,3,-1,-1.25,67.7,71.36,57.04,1.26,0.41,361,22,15,13,11.9,31.71,7.07,9,8,35,10,10,220.6,80.16,6.13,7.28,97.1,53.76,1,NEC 2-3 Fortuna Sittard,2026-02-28
PSV,4.22,1.52,2.7,3.46,1.45,2.01,0.0,0.07,-0.07,3.46,1.52,1.94,3,1,2,-0.7,61.7,60.16,51.67,0.82,0.52,319,30,24,15,29.27,28.85,8.28,3,4,17,5,14,172.7,70.87,7.73,6.91,144.67,81.97,0,Heracles 1-3 PSV,2026-02-28
Heracles,1.52,4.22,-2.7,1.45,3.46,-2.01,0.07,0.0,0.07,1.52,3.46,-1.94,1,3,-2,0.7,38.3,39.84,50.59,0.52,0.82,191,14,15,24,28.85,29.27,15.21,4,3,18,3,15,71.0,29.13,104.2,93.09,31.83,18.03,1,Heracles 1-3 PSV,2026-02-28
Sparta Rotterdam,0.9,1.99,-1.09,0.9,1.55,-0.65,0.0,0.44,-0.44,0.9,1.99,-1.09,1,2,-1,0.09,55.1,55.69,47.46,0.75,1.07,268,7,13,16,17.33,14.95,12.9,5,4,28,6,5,83.1,48.06,25.2,23.12,44.43,24.92,0,Heerenveen 2-1 Sparta Rotterdam,2026-02-28
Heerenveen,1.99,0.9,1.09,1.55,0.9,0.65,0.44,0.0,0.44,1.99,0.9,1.09,2,1,1,-0.09,44.9,44.31,45.31,1.07,0.75,198,18,16,13,14.95,17.33,19.21,4,5,13,5,11,89.8,51.94,83.8,76.88,133.87,75.08,0,Heerenveen 2-1 Sparta Rotterdam,2026-02-28
NAC Breda,0.72,1.72,-1.0,0.52,1.5,-0.98,0.2,0.22,-0.02,0.72,1.72,-1.0,0,3,-3,-2.0,38.0,32.85,46.01,0.55,1.08,132,11,10,14,18.18,12.96,17.68,1,9,20,4,13,48.6,16.99,64.47,73.93,53.82,18.32,0,Telstar 3-0 NAC Breda,2026-02-27
Telstar,1.72,0.72,1.0,1.5,0.52,0.98,0.22,0.2,0.02,1.72,0.72,1.0,3,0,3,2.0,62.0,67.15,53.72,1.08,0.55,299,29,14,10,12.96,18.18,7.24,9,1,34,10,11,237.4,83.01,22.73,26.07,239.93,81.68,2,Telstar 3-0 NAC Breda,2026-02-27
Telstar,1.82,3.06,-1.24,1.82,2.79,-0.97,0.0,0.27,-0.27,1.82,3.06,-1.24,1,2,-1,0.24,47.2,39.13,42.19,0.31,0.93,151,6,8,19,25.81,20.43,15.4,1,5,9,1,16,36.2,17.76,56.93,51.35,41.17,19.02,1,Feyenoord 2-1 Telstar,2026-02-22
Feyenoord,3.06,1.82,1.24,2.79,1.82,0.97,0.27,0.0,0.27,3.06,1.82,1.24,2,1,1,-0.24,52.8,60.87,48.09,0.93,0.31,236,20,19,8,20.43,25.81,15.28,5,1,18,5,7,167.6,82.24,53.93,48.65,175.27,80.98,1,Feyenoord 2-1 Telstar,2026-02-22
Sparta Rotterdam,1.1,1.77,-0.67,0.95,1.77,-0.82,0.15,0.0,0.15,1.1,1.77,-0.67,1,3,-2,-1.33,54.6,51.31,48.15,0.92,0.73,218,19,12,11,13.04,15.07,10.03,4,6,20,7,12,97.7,55.64,39.07,37.88,73.27,44.77,0,AZ 3-1 Sparta Rotterdam,2026-02-22
AZ,1.77,1.1,0.67,1.77,0.95,0.82,0.0,0.15,-0.15,1.77,1.1,0.67,3,1,2,1.33,45.4,48.69,47.78,0.73,0.92,183,12,11,12,15.07,13.04,12.71,6,4,9,2,9,77.9,44.36,64.07,62.12,90.4,55.23,2,AZ 3-1 Sparta Rotterdam,2026-02-22
Heracles,0.91,2.71,-1.8,0.71,2.69,-1.98,0.2,0.02,0.18,0.91,2.71,-1.8,0,4,-4,-2.2,49.4,50.15,49.08,0.44,0.63,228,11,9,12,20.45,19.05,11.4,4,4,22,5,13,83.4,42.44,32.07,39.75,37.28,17.97,1,Go Ahead Eagles 4-0 Heracles,2026-02-22
Go Ahead Eagles,2.71,0.91,1.8,2.69,0.71,1.98,0.02,0.2,-0.18,2.71,0.91,1.8,4,0,4,2.2,50.6,49.85,50.24,0.63,0.44,228,11,12,9,19.05,20.45,16.95,4,4,23,4,7,113.1,57.56,48.6,60.25,170.18,82.03,1,Go Ahead Eagles 4-0 Heracles,2026-02-22
PEC Zwolle,1.1,2.82,-1.72,1.03,2.73,-1.7,0.07,0.08,-0.01,1.1,2.82,-1.72,1,1,0,1.72,46.3,43.42,44.14,1.03,0.81,162,11,9,24,8.74,29.63,9.77,7,6,9,4,17,43.9,27.28,49.27,55.11,46.77,25.49,0,Utrecht 1-1 PEC Zwolle,2026-02-22
Utrecht,2.82,1.1,1.72,2.73,1.03,1.7,0.08,0.07,0.01,2.82,1.1,1.72,1,1,0,-1.72,53.7,56.58,48.02,0.81,1.03,217,17,24,9,29.63,8.74,8.51,6,7,28,6,11,117.0,72.72,40.13,44.89,136.73,74.51,2,Utrecht 1-1 PEC Zwolle,2026-02-22
Groningen,1.19,1.13,0.06,0.83,1.13,-0.3,0.36,0.0,0.36,1.19,1.13,0.06,1,2,-1,-1.06,50.9,44.3,45.94,1.37,0.52,221,13,11,6,8.03,11.54,16.04,6,3,15,4,6,57.5,46.75,30.4,30.1,29.43,22.82,1,Twente 2-1 Groningen,2026-02-22
Twente,1.13,1.19,-0.06,1.13,0.83,0.3,0.0,0.36,-0.36,1.13,1.19,-0.06,2,1,1,1.06,49.1,55.7,49.31,0.52,1.37,257,9,6,11,11.54,8.03,14.31,3,6,15,4,8,65.5,53.25,70.6,69.9,99.53,77.18,5,Twente 2-1 Groningen,2026-02-22
NEC,1.61,2.51,-0.9,0.96,2.44,-1.48,0.64,0.06,0.58,1.61,2.51,-0.9,1,1,0,0.9,51.6,63.67,50.21,0.7,0.64,242,17,18,9,25.71,14.06,8.2,7,1,21,7,16,143.9,71.56,60.07,64.87,179.2,70.5,1,Ajax 1-1 NEC,2026-02-21
Ajax,2.51,1.61,0.9,2.44,0.96,1.48,0.06,0.64,-0.58,2.51,1.61,0.9,1,1,0,-0.9,48.4,36.33,40.82,0.64,0.7,135,11,9,18,14.06,25.71,12.96,1,7,12,6,7,57.2,28.44,32.53,35.13,74.97,29.5,0,Ajax 1-1 NEC,2026-02-21
Volendam,0.58,1.56,-0.98,0.49,1.47,-0.98,0.08,0.09,-0.01,0.58,1.56,-0.98,0,1,-1,-0.02,47.6,38.05,43.2,0.07,1.0,138,9,8,17,114.29,17.0,9.28,0,4,11,3,13,32.2,18.53,31.53,40.22,23.27,13.56,0,NAC Breda 1-0 Volendam,2026-02-21
NAC Breda,1.56,0.58,0.98,1.47,0.49,0.98,0.09,0.08,0.01,1.56,0.58,0.98,1,0,1,0.02,52.4,61.95,52.33,1.0,0.07,228,15,17,8,17.0,114.29,7.07,4,0,26,6,13,141.6,81.47,46.87,59.78,148.4,86.44,3,NAC Breda 1-0 Volendam,2026-02-21
Heerenveen,1.11,3.64,-2.53,1.03,2.79,-1.76,0.08,0.85,-0.77,1.11,3.64,-2.53,1,3,-2,0.53,35.2,25.72,44.79,0.82,1.75,133,15,14,29,17.07,16.57,18.9,4,7,7,3,5,31.6,8.43,102.53,79.9,31.3,10.03,0,PSV 3-1 Heerenveen,2026-02-21
PSV,3.64,1.11,2.53,2.79,1.03,1.76,0.85,0.08,0.77,3.64,1.11,2.53,3,1,2,-0.53,64.8,74.28,57.67,1.75,0.82,447,33,29,14,16.57,17.07,9.19,7,4,27,9,12,343.4,91.57,25.8,20.1,280.73,89.97,0,PSV 3-1 Heerenveen,2026-02-21
Excelsior,1.86,1.89,-0.03,1.86,0.74,1.12,0.0,0.4,-0.4,1.86,1.13,0.73,1,2,-1,-0.97,54.7,58.93,51.44,0.53,0.52,276,14,10,16,18.87,30.77,12.18,3,5,15,3,15,128.9,69.9,30.0,33.21,95.63,54.96,0,Fortuna Sittard 2-1 Excelsior,2026-02-20
Fortuna Sittard,1.89,1.86,0.03,0.74,1.86,-1.12,0.4,0.0,0.4,1.13,1.86,-0.73,2,1,1,0.97,45.3,41.07,48.95,0.52,0.53,203,10,16,10,30.77,18.87,12.06,5,3,18,5,7,55.5,30.1,60.33,66.79,78.37,45.04,0,Fortuna Sittard 2-1 Excelsior,2026-02-20
NEC,1.04,2.07,-1.03,0.81,0.97,-0.16,0.23,1.1,-0.87,1.04,2.07,-1.03,1,1,0,1.03,58.8,65.01,51.48,0.58,1.09,263,19,12,13,20.69,11.93,7.54,4,4,23,5,12,166.2,74.93,29.6,43.36,165.57,71.49,2,Sparta Rotterdam 1-1 NEC,2026-02-17
Sparta Rotterdam,2.07,1.04,1.03,0.97,0.81,0.16,1.1,0.23,0.87,2.07,1.04,1.03,1,1,0,-1.03,41.2,34.99,41.67,1.09,0.58,142,11,13,12,11.93,20.69,9.39,4,4,19,8,18,55.6,25.07,38.67,56.64,66.03,28.51,0,Sparta Rotterdam 1-1 NEC,2026-02-17
Twente,2.07,1.62,0.45,1.88,1.62,0.26,0.18,0.0,0.18,2.07,1.62,0.45,1,1,0,-0.45,52.9,60.21,51.87,1.65,0.89,287,23,20,14,12.12,15.73,12.2,9,9,25,6,8,181.4,75.96,51.2,57.74,182.93,71.14,2,Telstar 1-1 Twente,2026-02-15
Telstar,1.62,2.07,-0.45,1.62,1.88,-0.26,0.0,0.18,-0.18,1.62,2.07,-0.45,1,1,0,0.45,47.1,39.79,43.34,0.89,1.65,178,14,14,20,15.73,12.12,10.5,9,9,12,3,11,57.4,24.04,37.47,42.26,74.2,28.86,1,Telstar 1-1 Twente,2026-02-15
PEC Zwolle,2.05,2.22,-0.17,1.91,2.19,-0.28,0.14,0.03,0.11,2.05,2.22,-0.17,2,4,-2,-1.83,55.4,50.81,44.33,0.88,0.57,229,14,12,11,13.64,19.3,13.32,3,4,21,5,6,92.5,53.01,40.53,30.32,84.47,45.52,1,Heerenveen 4-2 PEC Zwolle,2026-02-15
Heerenveen,2.22,2.05,0.17,2.19,1.91,0.28,0.03,0.14,-0.11,2.22,2.05,0.17,4,2,2,1.83,44.6,49.19,47.7,0.57,0.88,202,7,11,12,19.3,13.64,18.7,4,3,10,2,8,82.0,46.99,93.13,69.68,101.1,54.48,0,Heerenveen 4-2 PEC Zwolle,2026-02-15
Go Ahead Eagles,0.09,3.75,-3.66,0.06,1.96,-1.9,0.04,1.03,-0.99,0.09,2.99,-2.9,0,1,-1,2.66,26.6,18.45,47.94,0.09,1.57,99,8,4,33,44.44,21.02,11.6,2,7,10,2,13,5.1,1.23,92.67,83.19,1.8,0.54,0,Feyenoord 1-0 Go Ahead Eagles,2026-02-15
Feyenoord,3.75,0.09,3.66,1.96,0.06,1.9,1.03,0.04,0.99,2.99,0.09,2.9,1,0,1,-2.66,73.4,81.55,60.95,1.57,0.09,418,38,33,4,21.02,44.44,5.53,7,2,61,19,13,408.9,98.77,18.73,16.81,333.77,99.46,0,Feyenoord 1-0 Go Ahead Eagles,2026-02-15
Utrecht,3.05,0.96,2.09,2.92,0.86,2.06,0.14,0.1,0.04,3.05,0.96,2.09,2,1,1,-1.09,51.6,46.63,46.8,0.91,1.05,219,14,15,11,16.48,10.48,13.6,2,4,20,8,6,86.0,56.14,42.33,48.07,88.53,52.15,2,Groningen 1-2 Utrecht,2026-02-14
Groningen,0.96,3.05,-2.09,0.86,2.92,-2.06,0.1,0.14,-0.04,0.96,3.05,-2.09,1,2,-1,1.09,48.4,53.37,49.73,1.05,0.91,232,17,11,15,10.48,16.48,14.19,4,2,13,2,12,67.2,43.86,45.73,51.93,81.23,47.85,3,Groningen 1-2 Utrecht,2026-02-14
Fortuna Sittard,1.47,1.83,-0.36,1.47,1.79,-0.32,0.0,0.04,-0.04,1.47,1.83,-0.36,1,4,-3,-2.64,44.3,37.84,44.37,0.66,1.2,174,7,9,20,13.64,16.67,15.61,3,11,11,0,10,36.1,18.02,91.33,66.73,6.15,1.64,0,Ajax 4-1 Fortuna Sittard,2026-02-14
Ajax,1.83,1.47,0.36,1.79,1.47,0.32,0.04,0.0,0.04,1.83,1.47,0.36,4,1,3,2.64,55.7,62.16,49.36,1.2,0.66,310,22,20,9,16.67,13.64,11.89,11,3,14,4,11,164.2,81.98,45.53,33.27,369.49,98.36,0,Ajax 4-1 Fortuna Sittard,2026-02-14
AZ,2.54,0.86,1.68,2.36,0.54,1.82,0.18,0.32,-0.14,2.54,0.86,1.68,2,1,1,-0.68,54.7,55.08,48.82,1.11,0.57,288,16,16,11,14.41,19.3,19.95,2,8,14,5,6,121.5,59.71,32.47,23.07,52.67,33.52,2,Excelsior 1-2 AZ,2026-02-14
Excelsior,0.86,2.54,-1.68,0.54,2.36,-1.82,0.32,0.18,0.14,0.86,2.54,-1.68,1,2,-1,0.68,45.3,44.92,46.8,0.57,1.11,208,11,11,16,19.3,14.41,17.85,8,2,17,7,7,82.0,40.29,108.27,76.93,104.47,66.48,2,Excelsior 1-2 AZ,2026-02-14
NAC Breda,1.47,2.19,-0.72,0.66,1.61,-0.95,0.05,0.58,-0.53,0.71,2.19,-1.48,1,0,1,1.72,47.1,43.02,45.81,0.4,0.54,154,7,13,14,32.5,25.93,9.53,5,5,9,3,12,60.5,37.46,46.07,57.39,70.17,43.67,2,Heracles 0-1 NAC Breda,2026-02-14
Heracles,2.19,1.47,0.72,1.61,0.66,0.95,0.58,0.05,0.53,2.19,0.71,1.48,0,1,-1,-1.72,52.9,56.98,49.35,0.54,0.4,209,11,14,13,25.93,32.5,8.66,5,5,19,4,12,101.0,62.54,34.2,42.61,90.5,56.33,4,Heracles 0-1 NAC Breda,2026-02-14
PSV,2.34,1.71,0.63,1.72,1.71,0.01,0.61,0.0,0.61,2.34,1.71,0.63,1,2,-1,-1.63,67.1,72.38,51.97,1.09,0.35,347,19,19,12,17.43,34.29,7.59,10,1,24,8,12,249.9,87.59,21.6,18.08,195.63,76.38,1,Volendam 2-1 PSV,2026-02-13
Volendam,1.71,2.34,-0.63,1.71,1.72,-0.01,0.0,0.61,-0.61,1.71,2.34,-0.63,2,1,1,1.63,32.9,27.62,41.02,0.35,1.09,106,3,12,19,34.29,17.43,19.39,1,10,11,4,9,35.4,12.41,97.87,81.92,60.5,23.62,0,Volendam 2-1 PSV,2026-02-13
Utrecht,3.35,2.28,1.07,3.35,2.05,1.3,0.0,0.23,-0.23,3.35,2.28,1.07,3,1,2,0.93,25.4,17.85,42.57,0.53,1.19,83,5,11,25,20.75,21.01,17.12,4,4,5,0,16,17.6,4.67,150.6,98.69,93.93,54.28,0,NEC 1-3 Utrecht,2026-02-11
NEC,2.28,3.35,-1.07,2.05,3.35,-1.3,0.23,0.0,0.23,2.28,3.35,-1.07,1,3,-2,-0.93,74.6,82.15,56.59,1.19,0.53,460,23,25,11,21.01,20.75,7.07,4,4,31,5,6,358.9,95.33,2.0,1.31,79.13,45.72,1,NEC 1-3 Utrecht,2026-02-11
Heerenveen,2.65,1.36,1.29,1.72,0.99,0.73,0.93,0.38,0.55,2.65,1.36,1.29,3,1,2,0.71,54.2,53.35,45.09,0.78,0.42,203,16,19,13,24.36,30.95,11.13,6,3,10,4,14,147.0,68.92,28.73,31.55,116.0,70.09,0,Go Ahead Eagles 1-3 Heerenveen,2026-02-11
Go Ahead Eagles,1.36,2.65,-1.29,0.99,1.72,-0.73,0.38,0.93,-0.55,1.36,2.65,-1.29,1,3,-2,-0.71,45.8,46.65,44.74,0.42,0.78,184,12,13,19,30.95,24.36,15.04,3,6,27,8,8,66.3,31.08,62.33,68.45,49.5,29.91,0,Go Ahead Eagles 1-3 Heerenveen,2026-02-11
PSV,3.99,0.91,3.08,2.15,0.9,1.25,1.84,0.02,1.82,3.99,0.91,3.08,2,1,1,-2.08,62.7,56.57,49.01,1.29,0.52,314,18,15,8,11.63,15.38,12.62,7,6,24,11,9,183.1,77.26,6.4,4.65,98.57,47.62,1,Groningen 1-2 PSV,2026-02-08
Groningen,0.91,3.99,-3.08,0.9,2.15,-1.25,0.02,1.84,-1.82,0.91,3.99,-3.08,1,2,-1,2.08,37.3,43.43,46.84,0.52,1.29,172,12,8,15,15.38,11.63,15.62,6,7,22,6,8,53.9,22.74,131.27,95.35,108.43,52.38,3,Groningen 1-2 PSV,2026-02-08
Telstar,1.92,3.92,-2.0,1.92,3.41,-1.49,0.0,0.51,-0.51,1.92,3.92,-2.0,1,1,0,2.0,42.7,33.33,42.66,0.61,1.72,124,12,12,24,19.67,13.95,10.93,3,9,10,2,14,24.2,11.76,58.6,67.72,26.27,14.34,5,Go Ahead Eagles 1-1 Telstar,2026-02-08
Go Ahead Eagles,3.92,1.92,2.0,3.41,1.92,1.49,0.51,0.0,0.51,3.92,1.92,2.0,1,1,0,-2.0,57.3,66.67,53.21,1.72,0.61,256,24,24,12,13.95,19.67,8.56,9,3,42,13,6,181.5,88.24,27.93,32.28,156.9,85.66,3,Go Ahead Eagles 1-1 Telstar,2026-02-08
Ajax,1.89,1.36,0.53,1.83,1.36,0.47,0.06,0.0,0.06,1.89,1.36,0.53,1,1,0,-0.53,61.7,64.09,48.0,0.84,0.29,278,17,11,13,13.1,44.83,11.88,3,6,21,4,12,147.5,74.99,14.33,13.34,88.5,51.18,0,AZ 1-1 Ajax,2026-02-08
AZ,1.36,1.89,-0.53,1.36,1.83,-0.47,0.0,0.06,-0.06,1.36,1.89,-0.53,1,1,0,0.53,38.3,35.91,45.87,0.29,0.84,149,11,13,11,44.83,13.1,15.34,6,3,14,2,11,49.2,25.01,93.07,86.66,84.43,48.82,3,AZ 1-1 Ajax,2026-02-08
Feyenoord,1.35,0.74,0.61,1.31,0.74,0.57,0.04,0.0,0.04,1.35,0.74,0.61,1,0,1,0.39,53.2,58.36,49.39,0.33,0.36,277,12,10,6,30.3,16.67,8.65,6,4,12,7,14,131.0,72.5,37.13,33.59,107.63,74.52,2,Utrecht 0-1 Feyenoord,2026-02-08
Utrecht,0.74,1.35,-0.61,0.74,1.31,-0.57,0.0,0.04,-0.04,0.74,1.35,-0.61,0,1,-1,-0.39,46.8,41.64,45.75,0.36,0.33,203,6,6,10,16.67,30.3,14.0,4,6,14,2,12,49.7,27.5,73.4,66.41,36.8,25.48,2,Utrecht 0-1 Feyenoord,2026-02-08
Sparta Rotterdam,2.26,1.69,0.57,1.76,1.6,0.16,0.5,0.09,0.41,2.26,1.69,0.57,2,2,0,-0.57,64.3,74.25,56.63,0.75,0.43,434,14,16,11,21.33,25.58,8.11,6,4,45,13,10,244.5,85.28,25.27,17.37,140.3,77.2,0,Fortuna Sittard 2-2 Sparta Rotterdam,2026-02-07
Fortuna Sittard,1.69,2.26,-0.57,1.6,1.76,-0.16,0.09,0.5,-0.41,1.69,2.26,-0.57,2,2,0,0.57,35.7,25.75,47.51,0.43,0.75,160,9,11,16,25.58,21.33,14.34,4,6,9,3,13,42.2,14.72,120.2,82.63,41.43,22.8,0,Fortuna Sittard 2-2 Sparta Rotterdam,2026-02-07
Heerenveen,0.37,3.79,-3.42,0.37,3.59,-3.22,0.0,0.2,-0.2,0.37,3.79,-3.42,0,5,-5,-1.58,40.5,38.98,44.5,0.44,1.38,165,9,7,29,15.91,21.01,15.11,6,9,10,0,10,22.8,9.72,80.93,84.72,11.86,3.2,1,Twente 5-0 Heerenveen,2026-02-07
Twente,3.79,0.37,3.42,3.59,0.37,3.22,0.2,0.0,0.2,3.79,0.37,3.42,5,0,5,1.58,59.5,61.02,50.05,1.38,0.44,302,20,29,7,21.01,15.91,11.14,9,6,19,7,8,211.7,90.28,14.6,15.28,359.2,96.8,1,Twente 5-0 Heerenveen,2026-02-07
Volendam,2.91,0.91,2.0,2.7,0.65,2.05,0.21,0.26,-0.05,2.91,0.91,2.0,2,1,1,-1.0,42.9,39.41,42.47,0.5,0.9,134,6,15,14,30.0,15.56,10.11,2,6,11,5,10,50.8,33.07,65.93,74.41,77.9,43.59,0,PEC Zwolle 1-2 Volendam,2026-02-07
PEC Zwolle,0.91,2.91,-2.0,0.65,2.7,-2.05,0.26,0.21,0.05,0.91,2.91,-2.0,1,2,-1,1.0,57.1,60.59,46.79,0.9,0.5,218,15,14,15,15.56,30.0,6.44,6,2,19,6,18,102.8,66.93,22.67,25.59,100.83,56.41,1,PEC Zwolle 1-2 Volendam,2026-02-07
Heracles,2.41,2.44,-0.03,1.58,1.65,-0.07,0.83,0.03,0.8,2.41,1.68,0.73,1,4,-3,-2.97,32.0,26.22,38.23,0.28,1.04,74,7,10,15,35.71,14.42,10.66,7,5,12,6,18,26.9,10.12,100.33,78.84,24.3,8.4,2,NEC 4-1 Heracles,2026-02-07
NEC,2.44,2.41,0.03,1.65,1.58,0.07,0.03,0.83,-0.8,1.68,2.41,-0.73,4,1,3,2.97,68.0,73.78,54.01,1.04,0.28,320,14,15,10,14.42,35.71,7.55,5,7,22,3,10,239.0,89.88,26.93,21.16,264.99,91.6,0,NEC 4-1 Heracles,2026-02-07
Excelsior,1.14,1.75,-0.61,0.95,1.59,-0.64,0.2,0.16,0.04,1.14,1.75,-0.61,2,0,2,2.61,50.4,37.13,43.96,0.48,0.64,160,13,9,15,18.75,23.44,12.85,3,5,16,3,15,70.8,39.25,46.53,47.64,87.43,63.93,0,NAC Breda 0-2 Excelsior,2026-02-06
NAC Breda,1.75,1.14,0.61,1.59,0.95,0.64,0.16,0.2,-0.04,1.75,1.14,0.61,0,2,-2,-2.61,49.6,62.87,52.81,0.64,0.48,289,15,15,9,23.44,18.75,15.42,5,3,28,8,6,109.6,60.75,51.13,52.36,49.33,36.07,2,NAC Breda 0-2 Excelsior,2026-02-06
Go Ahead Eagles,1.14,2.03,-0.89,1.01,1.89,-0.88,0.13,0.14,-0.01,1.14,2.03,-0.89,1,1,0,0.89,38.4,40.44,47.49,0.39,1.1,164,9,13,20,33.33,18.18,13.93,3,5,16,5,16,82.9,29.23,86.73,76.17,100.23,46.69,0,Volendam 1-1 Go Ahead Eagles,2026-02-01
Volendam,2.03,1.14,0.89,1.89,1.01,0.88,0.14,0.13,0.01,2.03,1.14,0.89,1,1,0,-0.89,61.6,59.56,50.79,1.1,0.39,289,19,20,13,18.18,33.33,9.07,5,3,27,6,7,200.7,70.77,27.13,23.83,114.43,53.31,0,Volendam 1-1 Go Ahead Eagles,2026-02-01
Utrecht,0.8,2.1,-1.3,0.75,2.1,-1.35,0.06,0.0,0.06,0.8,2.1,-1.3,1,1,0,1.3,40.2,28.0,41.73,0.84,0.94,156,9,11,19,13.1,20.21,17.54,1,6,15,6,10,26.5,10.72,98.93,76.14,42.0,18.01,0,Heerenveen 1-1 Utrecht,2026-02-01
Heerenveen,2.1,0.8,1.3,2.1,0.75,1.35,0.0,0.06,-0.06,2.1,0.8,1.3,1,1,0,-1.3,59.8,72.0,50.82,0.94,0.84,333,19,19,11,20.21,13.1,12.38,6,1,15,5,11,220.6,89.28,31.0,23.86,191.17,81.99,0,Heerenveen 1-1 Utrecht,2026-02-01
Feyenoord,0.51,2.16,-1.65,0.44,1.89,-1.45,0.07,0.27,-0.2,0.51,2.16,-1.65,0,3,-3,-1.35,39.7,41.45,46.05,0.69,0.36,190,11,8,14,11.59,38.89,26.67,2,10,10,3,8,78.2,37.15,85.2,74.61,31.99,10.55,0,PSV 3-0 Feyenoord,2026-02-01
PSV,2.16,0.51,1.65,1.89,0.44,1.45,0.27,0.07,0.2,2.16,0.51,1.65,3,0,3,1.35,60.3,58.55,48.63,0.36,0.69,307,8,14,8,38.89,11.59,9.97,10,2,16,8,8,132.3,62.85,29.0,25.39,271.22,89.45,0,PSV 3-0 Feyenoord,2026-02-01
Fortuna Sittard,0.63,2.35,-1.72,0.45,2.07,-1.62,0.18,0.28,-0.1,0.63,2.35,-1.72,1,2,-1,0.72,53.8,51.43,48.79,0.44,0.56,216,5,12,11,27.27,19.64,10.69,3,5,19,5,14,111.8,56.35,33.87,37.52,76.47,45.34,0,Heracles 2-1 Fortuna Sittard,2026-02-01
Heracles,2.35,0.63,1.72,2.07,0.45,1.62,0.28,0.18,0.1,2.35,0.63,1.72,2,1,1,-0.72,46.2,48.57,52.2,0.56,0.44,231,13,11,12,19.64,27.27,9.95,5,3,14,4,17,86.6,43.65,56.4,62.48,92.2,54.66,2,Heracles 2-1 Fortuna Sittard,2026-02-01
Ajax,1.06,0.94,0.12,1.06,0.87,0.19,0.0,0.07,-0.07,1.06,0.94,0.12,2,2,0,-0.12,51.9,41.0,41.13,0.61,0.18,177,10,9,11,14.75,61.11,19.4,3,5,9,1,5,64.3,41.03,83.53,55.61,95.93,61.65,0,Excelsior 2-2 Ajax,2026-02-01
Excelsior,0.94,1.06,-0.12,0.87,1.06,-0.19,0.07,0.0,0.07,0.94,1.06,-0.12,2,2,0,0.12,48.1,59.0,46.29,0.18,0.61,224,8,11,9,61.11,14.75,16.57,5,3,16,4,12,92.4,58.97,66.67,44.39,59.67,38.35,5,Excelsior 2-2 Ajax,2026-02-01
Groningen,0.51,1.41,-0.9,0.5,1.3,-0.8,0.02,0.11,-0.09,0.51,1.41,-0.9,0,2,-2,-1.1,53.3,63.32,52.42,0.55,0.3,285,15,8,8,14.55,26.67,13.78,4,5,23,6,16,133.9,86.05,59.27,50.54,125.27,85.0,0,Sparta Rotterdam 2-0 Groningen,2026-01-31
Sparta Rotterdam,1.41,0.51,0.9,1.3,0.5,0.8,0.11,0.02,0.09,1.41,0.51,0.9,2,0,2,1.1,46.7,36.68,45.36,0.3,0.55,184,9,8,8,26.67,14.55,11.38,5,4,12,3,8,21.7,13.95,58.0,49.46,22.1,15.0,0,Sparta Rotterdam 2-0 Groningen,2026-01-31
Telstar,2.07,3.07,-1.0,0.79,2.05,-1.26,1.28,1.03,0.25,2.07,3.07,-1.0,1,4,-3,-2.0,43.2,50.34,47.01,0.7,0.85,162,18,14,16,20.0,18.82,9.69,8,5,22,9,16,78.1,44.45,98.27,86.3,112.63,55.61,5,PEC Zwolle 4-1 Telstar,2026-01-31
PEC Zwolle,3.07,2.07,1.0,2.05,0.79,1.26,1.03,1.28,-0.25,3.07,2.07,1.0,4,1,3,2.0,56.8,49.66,44.75,0.85,0.7,215,14,16,14,18.82,20.0,8.73,5,8,15,6,11,97.6,55.55,15.6,13.7,89.91,44.39,2,PEC Zwolle 4-1 Telstar,2026-01-31
NEC,1.21,1.83,-0.62,1.05,1.63,-0.58,0.16,0.2,-0.04,1.21,1.83,-0.62,3,1,2,2.62,51.2,66.46,50.51,0.85,0.74,237,16,19,11,22.35,14.86,10.14,3,3,16,3,16,142.1,83.44,46.47,55.81,173.23,95.76,1,AZ 1-3 NEC,2026-01-31
AZ,1.83,1.21,0.62,1.63,1.05,0.58,0.2,0.16,0.04,1.83,1.21,0.62,1,3,-2,-2.62,48.8,33.54,42.08,0.74,0.85,145,13,11,19,14.86,22.35,8.76,3,3,7,3,15,28.2,16.56,36.8,44.19,7.67,4.24,2,AZ 1-3 NEC,2026-01-31
Twente,2.25,2.03,0.22,2.25,1.7,0.55,0.0,0.33,-0.33,2.25,2.03,0.22,2,2,0,-0.22,37.8,36.89,48.98,0.68,1.07,167,15,18,20,26.47,18.69,19.24,2,5,10,4,10,62.9,31.8,70.93,82.29,98.2,61.67,4,NAC Breda 2-2 Twente,2026-01-30
NAC Breda,2.03,2.25,-0.22,1.7,2.25,-0.55,0.33,0.0,0.33,2.03,2.25,-0.22,2,2,0,0.22,62.2,63.11,53.05,1.07,0.68,337,14,20,18,18.69,26.47,11.55,5,2,27,7,7,134.9,68.2,15.27,17.71,61.03,38.33,6,NAC Breda 2-2 Twente,2026-01-30
Heracles,2.36,1.77,0.59,1.6,1.74,-0.14,0.0,0.04,-0.04,1.6,1.77,-0.17,2,4,-2,-2.59,34.7,22.7,40.69,0.47,1.52,105,4,7,16,14.89,10.53,12.12,4,4,5,1,17,29.6,11.33,98.53,85.04,28.72,12.3,0,Feyenoord 4-2 Heracles,2026-01-25
Feyenoord,1.77,2.36,-0.59,1.74,1.6,0.14,0.04,0.0,0.04,1.77,1.6,0.17,4,2,2,2.59,65.3,77.3,53.65,1.52,0.47,329,23,16,7,10.53,14.89,7.05,4,4,27,8,12,231.7,88.67,17.33,14.96,204.71,87.7,2,Feyenoord 4-2 Heracles,2026-01-25
Sparta Rotterdam,0.97,1.64,-0.67,0.97,1.13,-0.16,0.0,0.51,-0.51,0.97,1.64,-0.67,1,0,1,1.67,40.8,38.28,43.02,0.39,1.35,141,7,5,22,12.82,16.3,15.03,3,1,4,0,14,17.8,11.66,99.2,77.99,81.2,50.09,1,Utrecht 0-1 Sparta Rotterdam,2026-01-25
Utrecht,1.64,0.97,0.67,1.13,0.97,0.16,0.51,0.0,0.51,1.64,0.97,0.67,0,1,-1,-1.67,59.2,61.72,46.29,1.35,0.39,260,16,22,5,16.3,12.82,10.19,1,3,27,10,11,134.8,88.34,28.0,22.01,80.9,49.91,4,Utrecht 0-1 Sparta Rotterdam,2026-01-25
Fortuna Sittard,0.76,2.76,-2.0,0.74,1.95,-1.21,0.02,0.81,-0.79,0.76,2.76,-2.0,2,1,1,3.0,40.1,32.46,48.88,0.44,1.02,179,4,10,25,22.73,24.51,22.31,0,3,7,3,15,34.1,13.25,83.33,81.43,51.47,30.35,0,Groningen 1-2 Fortuna Sittard,2026-01-25
Groningen,2.76,0.76,2.0,1.95,0.74,1.21,0.81,0.02,0.79,2.76,0.76,2.0,1,2,-1,-3.0,59.9,67.54,56.25,1.02,0.44,364,23,25,10,24.51,22.73,8.69,3,0,50,16,12,223.2,86.75,19.0,18.57,118.13,69.65,6,Groningen 1-2 Fortuna Sittard,2026-01-25
AZ,2.45,1.3,1.15,2.45,1.3,1.15,0.0,0.0,0.0,2.45,1.3,1.15,1,0,1,-0.15,50.9,45.85,44.09,0.35,0.49,162,9,12,10,34.29,20.41,8.61,5,10,11,1,16,76.9,47.24,33.13,39.1,64.43,42.46,6,Telstar 0-1 AZ,2026-01-25
Telstar,1.3,2.45,-1.15,1.3,2.45,-1.15,0.0,0.0,0.0,1.3,2.45,-1.15,0,1,-1,0.15,49.1,54.15,44.91,0.49,0.35,175,10,10,12,20.41,34.29,8.82,10,5,27,5,13,85.9,52.76,51.6,60.9,87.3,57.54,1,Telstar 0-1 AZ,2026-01-25
Excelsior,1.23,1.66,-0.43,1.01,1.6,-0.59,0.22,0.06,0.16,1.23,1.66,-0.43,0,0,0,0.43,34.7,29.46,45.99,0.84,1.21,149,9,8,14,9.52,11.57,19.27,5,3,14,5,8,29.6,12.84,127.47,93.18,82.1,37.77,0,Twente 0-0 Excelsior,2026-01-24
Twente,1.66,1.23,0.43,1.6,1.01,0.59,0.06,0.22,-0.16,1.66,1.23,0.43,0,0,0,-0.43,65.3,70.54,51.09,1.21,0.84,384,28,14,8,11.57,9.52,11.38,3,5,20,11,10,200.9,87.16,9.33,6.82,135.27,62.23,1,Twente 0-0 Excelsior,2026-01-24
NAC Breda,2.0,2.22,-0.22,1.93,2.06,-0.13,0.07,0.16,-0.09,2.0,2.22,-0.22,2,2,0,0.22,27.3,24.09,46.95,0.32,1.55,123,8,6,16,18.75,10.32,18.57,3,3,12,4,13,39.2,11.96,173.47,95.91,75.33,41.73,1,PSV 2-2 NAC Breda,2026-01-24
PSV,2.22,2.0,0.22,2.06,1.93,0.13,0.16,0.07,0.09,2.22,2.0,0.22,2,2,0,-0.22,72.7,75.91,51.22,1.55,0.32,403,27,16,6,10.32,18.75,7.72,3,3,35,10,13,288.6,88.04,7.4,4.09,105.17,58.27,2,PSV 2-2 NAC Breda,2026-01-24
PEC Zwolle,0.78,1.43,-0.65,0.68,0.99,-0.31,0.09,0.45,-0.36,0.78,1.43,-0.65,1,2,-1,-0.35,54.6,48.28,43.28,0.49,0.34,195,12,11,13,22.45,38.24,12.95,5,7,16,6,12,84.4,46.4,19.0,19.05,66.5,33.85,1,NEC 2-1 PEC Zwolle,2026-01-24
NEC,1.43,0.78,0.65,0.99,0.68,0.31,0.45,0.09,0.36,1.43,0.78,0.65,2,1,1,0.35,45.4,51.72,49.05,0.34,0.49,209,14,13,11,38.24,22.45,12.13,7,5,26,10,7,97.5,53.6,80.73,80.95,129.93,66.15,0,NEC 2-1 PEC Zwolle,2026-01-24
Volendam,0.55,3.5,-2.95,0.55,2.82,-2.27,0.0,0.69,-0.69,0.55,3.5,-2.95,0,2,-2,0.95,35.7,30.21,41.4,0.26,1.32,130,4,5,31,19.23,23.48,18.0,7,9,7,0,13,39.2,13.3,98.07,86.94,32.17,9.51,0,Ajax 2-0 Volendam,2026-01-24
Ajax,3.5,0.55,2.95,2.82,0.55,2.27,0.69,0.0,0.69,3.5,0.55,2.95,2,0,2,-0.95,64.3,69.79,49.04,1.32,0.26,320,25,31,5,23.48,19.23,7.07,9,7,25,10,10,255.6,86.7,14.73,13.06,306.07,90.49,0,Ajax 2-0 Volendam,2026-01-24
Excelsior,1.09,1.96,-0.87,1.09,1.73,-0.64,0.0,0.23,-0.23,1.09,1.96,-0.87,1,1,0,0.87,40.2,38.01,47.2,0.61,0.81,192,10,8,13,13.11,16.05,19.77,4,7,17,5,10,56.5,24.78,115.67,84.39,61.9,41.54,2,AZ 1-1 Excelsior,2026-01-21
AZ,1.96,1.09,0.87,1.73,1.09,0.64,0.23,0.0,0.23,1.96,1.09,0.87,1,1,0,-0.87,59.8,61.99,50.43,0.81,0.61,350,15,13,8,16.05,13.11,11.61,7,4,10,4,8,171.5,75.22,21.4,15.61,87.13,58.46,1,AZ 1-1 Excelsior,2026-01-21
Sparta Rotterdam,2.46,2.92,-0.46,2.46,2.53,-0.07,0.0,0.39,-0.39,2.46,2.92,-0.46,4,3,1,1.46,44.0,32.52,42.13,0.35,1.81,159,7,13,22,37.14,12.15,15.62,4,1,7,0,11,46.9,16.74,36.0,45.92,36.67,18.7,0,Feyenoord 3-4 Sparta Rotterdam,2026-01-18
Feyenoord,2.92,2.46,0.46,2.53,2.46,0.07,0.39,0.0,0.39,2.92,2.46,0.46,3,4,-1,-1.46,56.0,67.48,53.68,1.81,0.35,315,35,22,13,12.15,37.14,14.72,1,4,28,9,6,233.3,83.26,42.4,54.08,159.47,81.3,0,Feyenoord 3-4 Sparta Rotterdam,2026-01-18
Twente,2.79,1.07,1.72,1.51,0.9,0.61,0.52,0.17,0.35,2.03,1.07,0.96,2,0,2,0.28,51.7,52.01,46.77,0.48,0.74,195,11,18,11,37.5,14.86,8.59,6,1,8,2,14,129.7,57.57,48.07,40.64,114.57,74.65,5,Heracles 0-2 Twente,2026-01-18
Heracles,1.07,2.79,-1.72,0.9,1.51,-0.61,0.17,0.52,-0.35,1.07,2.03,-0.96,0,2,-2,-0.28,48.3,47.99,47.74,0.74,0.48,198,13,11,18,14.86,37.5,11.57,1,6,22,4,12,95.6,42.43,70.2,59.36,38.9,25.35,0,Heracles 0-2 Twente,2026-01-18
Utrecht,1.19,0.69,0.5,1.01,0.69,0.32,0.18,0.0,0.18,1.19,0.69,0.5,1,2,-1,-1.5,54.9,51.56,45.56,0.54,0.27,210,11,16,7,29.63,25.93,9.91,5,8,24,6,14,116.6,69.28,38.8,36.49,90.73,48.46,2,Volendam 2-1 Utrecht,2026-01-18
Volendam,0.69,1.19,-0.5,0.69,1.01,-0.32,0.0,0.18,-0.18,0.69,1.19,-0.5,2,1,1,1.5,45.1,48.44,43.22,0.27,0.54,161,3,7,16,25.93,29.63,10.13,8,5,9,1,14,51.7,30.72,67.53,63.51,96.5,51.54,0,Volendam 2-1 Utrecht,2026-01-18
Groningen,1.86,1.96,-0.1,1.52,1.87,-0.35,0.34,0.09,0.25,1.86,1.96,-0.1,2,0,2,2.1,43.8,41.25,45.76,0.63,0.74,176,13,13,16,20.63,21.62,16.08,5,3,13,6,13,104.4,44.41,93.93,70.49,125.97,53.92,0,Heerenveen 0-2 Groningen,2026-01-18
Heerenveen,1.96,1.86,0.1,1.87,1.52,0.35,0.09,0.34,-0.25,1.96,1.86,0.1,0,2,-2,-2.1,56.2,58.75,45.92,0.74,0.63,246,15,16,13,21.62,20.63,10.9,3,5,17,3,11,130.7,55.59,39.33,29.51,107.67,46.08,2,Heerenveen 0-2 Groningen,2026-01-18
NEC,1.73,1.29,0.44,1.66,1.23,0.43,0.06,0.06,0.0,1.73,1.29,0.44,4,3,1,0.56,54.0,48.72,45.04,0.53,0.69,192,12,11,14,20.75,20.29,8.39,6,8,12,3,15,74.5,51.27,14.33,17.46,62.37,44.25,1,NAC Breda 3-4 NEC,2026-01-17
NAC Breda,1.29,1.73,-0.44,1.23,1.66,-0.43,0.06,0.06,0.0,1.29,1.73,-0.44,3,4,-1,-0.56,46.0,51.28,47.48,0.69,0.53,164,10,14,11,20.29,20.75,9.0,8,6,21,2,13,70.8,48.73,67.73,82.54,78.57,55.75,1,NAC Breda 3-4 NEC,2026-01-17
PSV,2.75,0.35,2.4,2.48,0.24,2.24,0.28,0.12,0.16,2.75,0.35,2.4,2,1,1,-1.4,69.8,80.98,57.14,1.1,0.18,467,23,18,6,16.36,33.33,7.91,9,2,35,14,11,368.5,95.61,17.13,11.14,259.03,92.68,3,Fortuna Sittard 1-2 PSV,2026-01-17
Fortuna Sittard,0.35,2.75,-2.4,0.24,2.48,-2.24,0.12,0.28,-0.16,0.35,2.75,-2.4,1,2,-1,1.4,30.2,19.02,41.3,0.18,1.1,107,5,6,18,33.33,16.36,15.63,2,9,9,4,10,16.9,4.39,136.67,88.86,20.47,7.32,0,Fortuna Sittard 1-2 PSV,2026-01-17
Telstar,1.68,2.38,-0.7,1.48,2.38,-0.9,0.2,0.0,0.2,1.68,2.38,-0.7,2,2,0,0.7,38.6,43.0,47.97,0.48,1.18,159,12,17,13,35.42,11.02,18.0,5,1,18,7,8,67.4,41.73,90.27,83.79,103.77,73.63,0,Excelsior 2-2 Telstar,2026-01-17
Excelsior,2.38,1.68,0.7,2.38,1.48,0.9,0.0,0.2,-0.2,2.38,1.68,0.7,2,2,0,-0.7,61.4,57.0,47.68,1.18,0.48,253,12,13,17,11.02,35.42,12.95,1,5,27,3,11,94.1,58.27,17.47,16.21,37.17,26.37,1,Excelsior 2-2 Telstar,2026-01-17
AZ,1.67,2.1,-0.43,0.66,2.04,-1.38,1.01,0.06,0.95,1.67,2.1,-0.43,1,3,-2,-1.57,53.0,57.34,49.16,0.72,0.37,238,13,12,12,16.67,32.43,9.14,5,2,13,6,14,110.6,59.88,38.93,38.42,62.07,36.09,1,PEC Zwolle 3-1 AZ,2026-01-17
PEC Zwolle,2.1,1.67,0.43,2.04,0.66,1.38,0.06,1.01,-0.95,2.1,1.67,0.43,3,1,2,1.57,47.0,42.66,47.57,0.37,0.72,184,7,12,12,32.43,16.67,10.73,2,5,8,3,12,74.1,40.12,62.4,61.58,109.9,63.91,0,PEC Zwolle 3-1 AZ,2026-01-17
Go Ahead Eagles,1.0,4.32,-3.32,1.0,4.29,-3.29,0.0,0.03,-0.03,1.0,4.32,-3.32,2,2,0,3.32,49.2,53.59,49.04,0.51,0.74,260,10,10,18,19.61,24.32,14.37,3,5,23,5,16,79.9,43.05,68.8,57.46,66.37,35.24,0,Ajax 2-2 Go Ahead Eagles,2026-01-17
Ajax,4.32,1.0,3.32,4.29,1.0,3.29,0.03,0.0,0.03,4.32,1.0,3.32,2,2,0,-3.32,50.8,46.41,44.74,0.74,0.51,219,21,18,10,24.32,19.61,13.13,5,3,6,1,11,105.7,56.95,50.93,42.54,121.97,64.76,0,Ajax 2-2 Go Ahead Eagles,2026-01-17
Heracles,0.41,2.58,-2.17,0.4,2.49,-2.09,0.01,0.09,-0.08,0.41,2.58,-2.17,0,2,-2,0.17,49.7,45.4,44.59,0.55,0.75,166,9,6,22,10.91,29.33,13.56,5,2,28,5,16,45.6,25.69,51.93,62.32,52.5,24.71,0,Sparta Rotterdam 2-0 Heracles,2026-01-11
Sparta Rotterdam,2.58,0.41,2.17,2.49,0.4,2.09,0.09,0.01,0.08,2.58,0.41,2.17,2,0,2,-0.17,50.3,54.6,48.13,0.75,0.55,207,17,22,6,29.33,10.91,10.88,2,5,26,9,6,131.9,74.31,31.4,37.68,159.93,75.29,0,Sparta Rotterdam 2-0 Heracles,2026-01-11
Ajax,2.49,1.15,1.34,2.21,0.23,1.98,0.28,0.91,-0.63,2.49,1.15,1.34,3,2,1,-0.34,64.5,58.31,45.34,0.94,0.34,290,16,16,8,17.02,23.53,10.59,6,6,8,3,6,148.1,76.78,6.47,4.16,90.67,58.8,0,Telstar 2-3 Ajax,2026-01-11
Telstar,1.15,2.49,-1.34,0.23,2.21,-1.98,0.91,0.28,0.63,1.15,2.49,-1.34,2,3,-1,0.34,35.5,41.69,46.43,0.34,0.94,161,21,8,16,23.53,17.02,26.67,6,6,23,8,6,44.8,23.22,149.13,95.84,63.53,41.2,4,Telstar 2-3 Ajax,2026-01-11
Fortuna Sittard,1.05,2.13,-1.08,1.05,1.87,-0.82,0.0,0.26,-0.26,1.05,2.13,-1.08,2,2,0,1.08,38.0,35.41,47.47,0.85,0.72,167,9,12,23,14.12,31.94,18.96,3,1,13,1,9,37.6,17.64,114.13,84.46,84.63,41.28,1,Go Ahead Eagles 2-2 Fortuna Sittard,2026-01-11
Go Ahead Eagles,2.13,1.05,1.08,1.87,1.05,0.82,0.26,0.0,0.26,2.13,1.05,1.08,2,2,0,-1.08,62.0,64.59,51.86,0.72,0.85,342,16,23,12,31.94,14.12,12.21,1,3,34,9,10,175.5,82.36,21.0,15.54,120.4,58.72,0,Go Ahead Eagles 2-2 Fortuna Sittard,2026-01-11
Feyenoord,1.22,1.88,-0.66,1.15,1.7,-0.55,0.07,0.18,-0.11,1.22,1.88,-0.66,2,2,0,0.66,44.0,38.94,43.72,0.8,0.77,185,13,7,16,8.75,20.78,18.71,3,11,8,3,6,48.1,26.68,97.4,68.65,80.17,53.99,0,Heerenveen 2-2 Feyenoord,2026-01-11
Heerenveen,1.88,1.22,0.66,1.7,1.15,0.55,0.18,0.07,0.11,1.88,1.22,0.66,2,2,0,-0.66,56.0,61.06,49.74,0.77,0.8,314,16,16,7,20.78,8.75,12.83,11,3,14,5,11,132.2,73.32,44.47,31.35,68.33,46.01,0,Heerenveen 2-2 Feyenoord,2026-01-11
NAC Breda,0.72,2.18,-1.46,0.46,1.89,-1.43,0.26,0.3,-0.04,0.72,2.18,-1.46,0,0,0,1.46,45.0,41.46,45.65,0.6,0.68,183,5,10,16,16.67,23.53,20.4,3,5,18,4,6,40.6,28.39,31.6,47.59,32.4,24.96,2,Groningen 0-0 NAC Breda,2026-01-10
Groningen,2.18,0.72,1.46,1.89,0.46,1.43,0.3,0.26,0.04,2.18,0.72,1.46,0,0,0,-1.46,55.0,58.54,52.56,0.68,0.6,293,10,16,10,23.53,16.67,18.21,5,3,23,3,7,102.4,71.61,34.8,52.41,97.4,75.04,1,Groningen 0-0 NAC Breda,2026-01-10
Excelsior,0.75,2.65,-1.9,0.64,1.87,-1.23,0.11,0.77,-0.66,0.75,2.65,-1.9,1,5,-4,-2.1,49.8,38.43,41.6,0.42,1.14,177,12,8,16,19.05,14.04,15.52,2,11,16,4,7,19.1,12.76,47.87,49.21,2.02,0.64,1,PSV 5-1 Excelsior,2026-01-10
PSV,2.65,0.75,1.9,1.87,0.64,1.23,0.77,0.11,0.66,2.65,0.75,1.9,5,1,4,2.1,50.2,61.57,48.21,1.14,0.42,258,18,16,8,14.04,19.05,12.13,11,2,11,6,10,130.6,87.24,49.4,50.79,313.42,99.36,0,PSV 5-1 Excelsior,2026-01-10
PEC Zwolle,0.52,2.64,-2.12,0.52,2.55,-2.03,0.0,0.09,-0.09,0.52,2.64,-2.12,1,1,0,2.12,36.0,28.61,43.69,0.13,0.88,139,4,3,26,23.08,29.55,25.0,5,6,6,2,11,35.0,11.32,97.07,82.77,52.67,21.27,3,Twente 1-1 PEC Zwolle,2026-01-10
Twente,2.64,0.52,2.12,2.55,0.52,2.03,0.09,0.0,0.09,2.64,0.52,2.12,1,1,0,-2.12,64.0,71.39,52.19,0.88,0.13,359,19,26,3,29.55,23.08,11.92,6,5,24,7,6,274.2,88.68,20.2,17.23,195.0,78.73,5,Twente 1-1 PEC Zwolle,2026-01-10
Volendam,0.78,2.71,-1.93,0.68,2.63,-1.95,0.09,0.08,0.01,0.78,2.71,-1.93,0,1,-1,0.93,51.3,44.38,44.76,0.44,1.1,197,10,7,17,15.91,15.45,10.81,4,11,16,2,9,53.6,24.76,31.4,31.98,27.9,11.05,0,AZ 1-0 Volendam,2026-01-10
AZ,2.71,0.78,1.93,2.63,0.68,1.95,0.08,0.09,-0.01,2.71,0.78,1.93,1,0,1,-0.93,48.7,55.62,48.95,1.1,0.44,222,28,17,7,15.45,15.91,9.04,11,4,13,7,10,162.9,75.24,66.8,68.02,224.5,88.95,1,AZ 1-0 Volendam,2026-01-10
AZ,4.2,2.15,2.05,2.89,1.05,1.84,0.55,1.1,-0.55,3.44,2.15,1.29,3,4,-1,-3.05,65.7,63.78,51.7,1.09,0.39,279,22,21,15,19.27,38.46,6.65,2,6,25,8,11,186.9,80.04,8.67,7.39,101.63,60.66,0,Fortuna Sittard 4-3 AZ,2025-12-21
Fortuna Sittard,2.15,4.2,-2.05,1.05,2.89,-1.84,1.1,0.55,0.55,2.15,3.44,-1.29,4,3,1,3.05,34.3,36.22,47.76,0.39,1.09,120,10,15,21,38.46,19.27,9.92,6,2,11,5,18,46.6,19.96,108.73,92.61,65.9,39.34,2,Fortuna Sittard 4-3 AZ,2025-12-21
Sparta Rotterdam,3.18,1.71,1.47,2.36,1.61,0.75,0.05,0.09,-0.04,2.42,1.71,0.71,1,0,1,-0.47,59.9,64.52,50.03,1.23,0.75,240,21,23,12,18.7,16.0,9.37,3,2,24,8,6,190.4,78.19,19.67,23.55,160.3,73.67,0,Volendam 0-1 Sparta Rotterdam,2025-12-21
Volendam,1.71,3.18,-1.47,1.61,2.36,-0.75,0.09,0.05,0.04,1.71,2.42,-0.71,0,1,-1,0.47,40.1,35.48,43.89,0.75,1.23,122,15,12,23,16.0,18.7,21.69,2,3,21,6,14,53.1,21.81,63.87,76.45,57.3,26.33,1,Volendam 0-1 Sparta Rotterdam,2025-12-21
Groningen,1.23,1.36,-0.13,1.16,1.36,-0.2,0.07,0.0,0.07,1.23,1.36,-0.13,1,1,0,0.13,52.6,58.45,49.06,0.85,0.66,224,11,14,8,16.47,12.12,12.71,4,4,27,8,13,110.2,70.51,41.8,50.36,99.87,71.32,0,Go Ahead Eagles 1-1 Groningen,2025-12-21
Go Ahead Eagles,1.36,1.23,0.13,1.36,1.16,0.2,0.0,0.07,-0.07,1.36,1.23,0.13,1,1,0,-0.13,47.4,41.55,43.66,0.66,0.85,154,12,8,14,12.12,16.47,11.68,4,4,13,1,10,46.1,29.49,41.2,49.64,40.17,28.68,1,Go Ahead Eagles 1-1 Groningen,2025-12-21
Twente,4.02,1.07,2.95,3.57,0.87,2.7,0.45,0.21,0.24,4.02,1.07,2.95,1,1,0,-2.95,53.9,65.13,51.35,0.97,0.61,288,26,29,10,29.9,16.39,11.61,3,2,26,12,11,218.3,83.96,47.8,43.22,205.37,91.22,2,Feyenoord 1-1 Twente,2025-12-21
Feyenoord,1.07,4.02,-2.95,0.87,3.57,-2.7,0.21,0.45,-0.24,1.07,4.02,-2.95,1,1,0,2.95,46.1,34.87,47.03,0.61,0.97,226,10,10,29,16.39,29.9,11.27,2,3,13,7,15,41.7,16.04,62.8,56.78,19.77,8.78,0,Feyenoord 1-1 Twente,2025-12-21
PSV,2.04,1.9,0.14,1.84,1.9,-0.06,0.21,0.0,0.21,2.04,1.9,0.14,2,1,1,0.86,56.8,58.18,51.29,0.48,0.67,295,22,14,17,29.17,25.37,9.53,6,6,26,12,14,178.9,58.22,31.0,28.25,141.8,51.45,0,Utrecht 1-2 PSV,2025-12-21
Utrecht,1.9,2.04,-0.14,1.9,1.84,0.06,0.0,0.21,-0.21,1.9,2.04,-0.14,1,2,-1,-0.86,43.2,41.82,47.83,0.67,0.48,199,18,17,14,25.37,29.17,12.48,6,6,32,2,7,128.4,41.78,78.73,71.75,133.83,48.55,1,Utrecht 1-2 PSV,2025-12-21
Telstar,2.24,0.93,1.31,2.22,0.39,1.83,0.03,0.53,-0.5,2.24,0.93,1.31,1,0,1,-0.31,38.3,40.26,44.01,0.9,0.46,144,8,11,11,12.22,23.91,14.06,3,3,9,3,16,46.2,27.9,86.47,82.09,83.2,50.27,1,NAC Breda 0-1 Telstar,2025-12-20
NAC Breda,0.93,2.24,-1.31,0.39,2.22,-1.83,0.53,0.03,0.5,0.93,2.24,-1.31,0,1,-1,0.31,61.7,59.74,49.67,0.46,0.9,299,23,11,11,23.91,12.22,9.9,3,3,33,8,11,119.4,72.1,18.87,17.91,82.3,49.73,5,NAC Breda 0-1 Telstar,2025-12-20
Ajax,2.98,1.91,1.07,2.56,1.91,0.65,0.42,0.0,0.42,2.98,1.91,1.07,2,2,0,-1.07,60.3,49.46,45.84,0.8,0.82,245,18,19,15,23.75,18.29,15.81,4,6,22,7,8,175.6,58.36,9.47,5.81,108.37,33.17,0,NEC 2-2 Ajax,2025-12-20
NEC,1.91,2.98,-1.07,1.91,2.56,-0.65,0.0,0.42,-0.42,1.91,2.98,-1.07,2,2,0,1.07,39.7,50.54,52.84,0.82,0.8,211,10,15,19,18.29,23.75,18.39,6,4,16,1,8,125.3,41.64,153.4,94.19,218.3,66.83,0,NEC 2-2 Ajax,2025-12-20
PEC Zwolle,1.27,1.82,-0.55,1.23,1.46,-0.23,0.04,0.36,-0.32,1.27,1.82,-0.55,1,2,-1,-0.45,51.7,55.86,47.63,0.82,0.62,236,17,9,13,10.98,20.97,16.48,4,5,11,1,7,113.6,61.51,44.73,40.44,97.97,54.56,0,Excelsior 2-1 PEC Zwolle,2025-12-20
Excelsior,1.82,1.27,0.55,1.46,1.23,0.23,0.36,0.04,0.32,1.82,1.27,0.55,2,1,1,0.45,48.3,44.14,43.34,0.62,0.82,174,9,13,9,20.97,10.98,14.68,5,4,17,3,13,71.1,38.49,65.87,59.56,81.6,45.44,0,Excelsior 2-1 PEC Zwolle,2025-12-20
Heerenveen,2.39,0.64,1.75,1.55,0.51,1.04,0.08,0.13,-0.05,1.63,0.64,0.99,3,0,3,1.25,58.1,56.62,46.12,0.68,0.83,237,20,15,8,22.06,9.64,11.52,7,6,16,4,9,108.2,74.67,24.13,24.13,93.33,60.64,1,Heracles 0-3 Heerenveen,2025-12-20
Heracles,0.64,2.39,-1.75,0.51,1.55,-1.04,0.13,0.08,0.05,0.64,1.63,-0.99,0,3,-3,-1.25,41.9,43.38,43.16,0.83,0.68,152,8,8,15,9.64,22.06,17.0,6,7,21,4,12,36.7,25.33,75.87,75.87,60.57,39.36,1,Heracles 0-3 Heerenveen,2025-12-20
Utrecht,0.71,1.32,-0.61,0.45,0.95,-0.5,0.26,0.37,-0.11,0.71,1.32,-0.61,1,1,0,0.61,44.0,33.68,43.37,0.19,0.46,169,8,11,16,57.89,34.78,10.45,9,11,16,5,12,46.4,24.95,65.53,57.02,36.93,24.15,0,NAC Breda 1-1 Utrecht,2025-12-14
NAC Breda,1.32,0.71,0.61,0.95,0.45,0.5,0.37,0.26,0.11,1.32,0.71,0.61,1,1,0,-0.61,56.0,66.32,52.87,0.46,0.19,330,18,16,11,34.78,57.89,9.7,11,9,17,6,10,139.6,75.05,49.4,42.98,116.0,75.85,0,NAC Breda 1-1 Utrecht,2025-12-14
Go Ahead Eagles,0.6,3.44,-2.84,0.45,2.68,-2.23,0.15,0.0,0.15,0.6,2.68,-2.08,0,2,-2,0.84,46.3,43.81,44.19,0.22,1.7,200,8,6,23,27.27,13.53,16.96,6,5,24,6,9,46.7,19.78,53.33,52.49,23.13,7.88,1,Twente 2-0 Go Ahead Eagles,2025-12-14
Twente,3.44,0.6,2.84,2.68,0.45,2.23,0.0,0.15,-0.15,2.68,0.6,2.08,2,0,2,-0.84,53.7,56.19,49.11,1.7,0.22,260,26,23,6,13.53,27.27,15.74,5,6,7,3,7,189.4,80.22,48.27,47.51,270.5,92.12,0,Twente 2-0 Go Ahead Eagles,2025-12-14
Feyenoord,2.65,2.05,0.6,2.42,2.05,0.37,0.24,0.0,0.24,2.65,2.05,0.6,0,2,-2,-2.6,58.1,75.84,57.54,1.26,0.46,403,19,18,15,14.29,32.61,9.58,6,5,36,12,12,249.8,84.53,75.93,59.2,248.23,85.7,1,Ajax 2-0 Feyenoord,2025-12-14
Ajax,2.05,2.65,-0.6,2.05,2.42,-0.37,0.0,0.24,-0.24,2.05,2.65,-0.6,2,0,2,2.6,41.9,24.16,37.6,0.46,1.26,115,9,15,18,32.61,14.29,11.31,5,6,6,3,12,45.7,15.47,52.33,40.8,41.43,14.3,0,Ajax 2-0 Feyenoord,2025-12-14
Heerenveen,2.19,0.75,1.44,1.67,0.68,0.99,0.52,0.07,0.45,2.19,0.75,1.44,3,0,3,1.56,47.8,51.91,45.89,0.63,0.6,198,14,21,11,33.33,18.33,14.62,2,11,16,10,15,104.6,69.0,64.47,68.15,159.5,82.91,2,Sparta Rotterdam 0-3 Heerenveen,2025-12-14
Sparta Rotterdam,0.75,2.19,-1.44,0.68,1.67,-0.99,0.07,0.52,-0.45,0.75,2.19,-1.44,0,3,-3,-1.56,52.2,48.09,43.8,0.6,0.63,185,10,11,21,18.33,33.33,6.91,11,2,20,5,10,47.0,31.0,30.13,31.85,32.87,17.09,0,Sparta Rotterdam 0-3 Heerenveen,2025-12-14
Fortuna Sittard,1.22,1.52,-0.3,0.95,1.51,-0.56,0.27,0.01,0.26,1.22,1.52,-0.3,0,1,-1,-0.7,64.2,61.89,50.08,0.9,1.05,299,15,11,8,12.22,7.62,7.81,1,2,32,12,13,130.9,73.62,28.4,18.33,54.4,36.09,0,PEC Zwolle 1-0 Fortuna Sittard,2025-12-13
PEC Zwolle,1.52,1.22,0.3,1.51,0.95,0.56,0.01,0.27,-0.26,1.52,1.22,0.3,1,0,1,0.7,35.8,38.11,49.12,1.05,0.9,150,9,8,11,7.62,12.22,12.44,2,1,7,2,17,46.9,26.38,126.53,81.67,96.33,63.91,0,PEC Zwolle 1-0 Fortuna Sittard,2025-12-13
Heracles,2.84,4.17,-1.33,1.97,2.21,-0.24,0.11,0.44,-0.33,2.08,2.65,-0.57,3,4,-1,0.33,34.4,29.23,42.8,0.84,1.14,114,8,11,21,13.1,18.42,18.2,2,2,14,4,7,30.2,12.21,103.67,87.41,43.37,18.0,0,PSV 4-3 Heracles,2025-12-13
PSV,4.17,2.84,1.33,2.21,1.97,0.24,0.44,0.11,0.33,2.65,2.08,0.57,4,3,1,-0.33,65.6,70.77,48.17,1.14,0.84,279,21,21,11,18.42,13.1,11.12,2,2,29,10,12,217.2,87.79,14.93,12.59,197.53,82.0,0,PSV 4-3 Heracles,2025-12-13
Volendam,0.31,4.31,-4.0,0.31,3.11,-2.8,0.0,0.44,-0.44,0.31,3.55,-3.24,0,3,-3,1.0,32.7,23.15,39.53,0.12,0.9,87,5,4,26,33.33,28.89,24.14,2,10,3,1,11,1.9,0.71,83.93,83.88,3.43,1.25,1,Groningen 3-0 Volendam,2025-12-13
Groningen,4.31,0.31,4.0,3.11,0.31,2.8,0.44,0.0,0.44,3.55,0.31,3.24,3,0,3,-1.0,67.3,76.85,56.0,0.9,0.12,339,27,26,4,28.89,33.33,6.97,10,2,29,18,7,265.2,99.29,16.13,16.12,271.48,98.75,1,Groningen 3-0 Volendam,2025-12-13
NEC,2.95,1.77,1.18,2.9,0.89,2.01,0.06,0.12,-0.06,2.95,1.01,1.94,2,2,0,-1.18,66.9,76.06,52.67,1.94,0.67,304,22,16,10,8.25,14.93,7.32,7,4,29,7,11,204.5,89.61,12.47,9.96,124.87,71.5,0,Telstar 2-2 NEC,2025-12-13
Telstar,1.77,2.95,-1.18,0.89,2.9,-2.01,0.12,0.06,0.06,1.01,2.95,-1.94,2,2,0,1.18,33.1,23.94,40.71,0.67,1.94,89,6,10,16,14.93,8.25,12.43,4,7,12,5,8,23.7,10.39,112.67,90.04,49.77,28.5,0,Telstar 2-2 NEC,2025-12-13
NAC Breda,2.8,2.07,0.73,2.4,2.07,0.33,0.4,0.0,0.4,2.8,2.07,0.73,0,1,-1,-1.73,58.7,71.64,55.73,1.33,0.45,325,21,22,12,16.54,26.67,8.54,10,8,38,14,10,229.7,80.17,32.4,41.29,202.83,76.33,2,Sparta Rotterdam 1-0 NAC Breda,2025-12-07
Sparta Rotterdam,2.07,2.8,-0.73,2.07,2.4,-0.33,0.0,0.4,-0.4,2.07,2.8,-0.73,1,0,1,1.73,41.3,28.36,41.02,0.45,1.33,123,11,12,22,26.67,16.54,9.03,8,10,5,1,11,56.8,19.83,46.07,58.71,62.9,23.67,0,Sparta Rotterdam 1-0 NAC Breda,2025-12-07
NEC,2.07,2.41,-0.34,1.86,1.32,0.54,0.2,0.33,-0.13,2.07,1.65,0.42,3,2,1,1.34,57.5,63.55,51.05,0.79,0.81,226,18,16,13,20.25,16.05,9.67,2,6,25,8,17,169.5,69.78,22.87,32.24,150.2,69.12,1,Volendam 2-3 NEC,2025-12-07
Volendam,2.41,2.07,0.34,1.32,1.86,-0.54,0.33,0.2,0.13,1.65,2.07,-0.42,2,3,-1,-1.34,42.5,36.45,42.07,0.81,0.79,113,15,13,16,16.05,20.25,12.62,6,2,20,4,7,73.4,30.22,48.07,67.76,67.1,30.88,1,Volendam 2-3 NEC,2025-12-07
Go Ahead Eagles,1.95,2.46,-0.51,1.6,2.34,-0.74,0.36,0.12,0.24,1.95,2.46,-0.51,2,2,0,0.51,51.6,40.38,42.07,0.34,1.01,174,8,12,24,35.29,23.76,14.45,4,8,19,4,8,46.0,21.1,55.6,43.19,47.23,25.95,1,AZ 2-2 Go Ahead Eagles,2025-12-07
AZ,2.46,1.95,0.51,2.34,1.6,0.74,0.12,0.36,-0.24,2.46,1.95,0.51,2,2,0,-0.51,48.4,59.62,49.74,1.01,0.34,234,24,24,12,23.76,35.29,15.62,8,4,19,11,8,172.0,78.9,73.13,56.81,134.77,74.05,0,AZ 2-2 Go Ahead Eagles,2025-12-07
Twente,2.02,0.69,1.33,0.89,0.49,0.4,1.13,0.2,0.93,2.02,0.69,1.33,1,1,0,-1.33,62.4,53.9,46.42,0.73,0.25,268,12,21,12,28.77,48.0,12.0,6,9,20,8,8,125.9,65.03,17.73,16.47,102.13,44.16,4,Utrecht 1-1 Twente,2025-12-07
Utrecht,0.69,2.02,-1.33,0.49,0.89,-0.4,0.2,1.13,-0.93,0.69,2.02,-1.33,1,1,0,1.33,37.6,46.1,47.73,0.25,0.73,152,13,12,21,48.0,28.77,13.15,9,6,17,6,8,67.7,34.97,89.93,83.53,129.13,55.84,3,Utrecht 1-1 Twente,2025-12-07
PEC Zwolle,1.77,5.47,-3.7,1.77,4.23,-2.46,0.0,0.48,-0.48,1.77,4.71,-2.94,1,6,-5,-1.3,43.6,27.78,35.38,0.2,0.83,80,7,7,25,35.0,30.12,14.04,3,8,8,4,12,7.6,3.95,53.0,68.3,3.43,0.97,0,Feyenoord 6-1 PEC Zwolle,2025-12-06
Feyenoord,5.47,1.77,3.7,4.23,1.77,2.46,0.48,0.0,0.48,4.71,1.77,2.94,6,1,5,1.3,56.4,72.22,50.64,0.83,0.2,253,16,25,7,30.12,35.0,8.38,8,3,18,8,17,184.9,96.05,24.6,31.7,351.23,99.03,0,Feyenoord 6-1 PEC Zwolle,2025-12-06
Telstar,0.86,2.5,-1.64,0.79,2.5,-1.71,0.08,0.0,0.08,0.86,2.5,-1.64,1,1,0,1.64,52.8,53.24,44.82,0.49,0.77,175,11,11,15,22.45,19.48,8.76,6,3,16,6,12,83.8,48.95,36.2,41.84,77.7,48.37,2,Heracles 1-1 Telstar,2025-12-06
Heracles,2.5,0.86,1.64,2.5,0.79,1.71,0.0,0.08,-0.08,2.5,0.86,1.64,1,1,0,-1.64,47.2,46.76,46.59,0.77,0.49,175,17,15,11,19.48,22.45,8.58,3,6,25,6,15,87.4,51.05,50.33,58.16,82.93,51.63,2,Heracles 1-1 Telstar,2025-12-06
Ajax,1.51,2.45,-0.94,1.37,2.11,-0.74,0.14,0.34,-0.2,1.51,2.45,-0.94,3,1,2,2.94,63.7,60.84,52.02,0.36,1.25,355,5,15,26,41.67,20.8,10.81,3,5,15,4,9,189.2,59.99,6.07,4.4,95.63,27.97,0,Fortuna Sittard 1-3 Ajax,2025-12-06
Fortuna Sittard,2.45,1.51,0.94,2.11,1.37,0.74,0.34,0.14,0.2,2.45,1.51,0.94,1,3,-2,-2.94,36.3,39.16,51.2,1.25,0.36,179,16,26,15,20.8,41.67,14.07,5,3,26,4,13,126.2,40.01,131.93,95.6,246.29,72.03,0,Fortuna Sittard 1-3 Ajax,2025-12-06
PSV,1.0,1.24,-0.24,1.0,1.0,0.0,0.0,0.24,-0.24,1.0,1.24,-0.24,2,0,2,2.24,62.1,64.51,46.5,0.99,0.22,291,16,11,12,11.11,54.55,13.42,4,11,13,3,5,204.3,78.7,15.6,11.06,159.1,64.58,0,Heerenveen 0-2 PSV,2025-12-06
Heerenveen,1.24,1.0,0.24,1.0,1.0,0.0,0.24,0.0,0.24,1.24,1.0,0.24,0,2,-2,-2.24,37.9,35.49,43.6,0.22,0.99,147,6,12,11,54.55,11.11,16.33,11,4,20,7,13,55.3,21.3,125.47,88.94,87.27,35.42,0,Heerenveen 0-2 PSV,2025-12-06
Groningen,3.49,2.63,0.86,2.62,2.2,0.42,0.11,0.43,-0.32,2.73,2.63,0.1,2,0,2,1.14,54.8,59.02,47.39,1.24,0.44,236,12,20,16,16.13,36.36,14.46,3,2,19,5,9,132.5,70.07,46.27,40.14,122.73,69.85,1,Excelsior 0-2 Groningen,2025-12-05
Excelsior,2.63,3.49,-0.86,2.2,2.62,-0.42,0.43,0.11,0.32,2.63,2.73,-0.1,0,2,-2,-1.14,45.2,40.98,41.98,0.44,1.24,165,9,16,20,36.36,16.13,16.62,2,3,13,5,10,56.6,29.93,69.0,59.86,52.97,30.15,0,Excelsior 0-2 Groningen,2025-12-05
Groningen,1.83,2.3,-0.47,1.79,2.2,-0.41,0.05,0.1,-0.05,1.83,2.3,-0.47,0,2,-2,-1.53,52.1,57.62,49.82,0.52,0.5,286,9,17,13,32.69,26.0,13.5,6,1,18,5,10,121.3,53.86,81.0,57.58,99.57,41.67,0,Ajax 2-0 Groningen,2025-12-02
Ajax,2.3,1.83,0.47,2.2,1.79,0.41,0.1,0.05,0.05,2.3,1.83,0.47,2,0,2,1.53,47.9,42.38,41.6,0.5,0.52,195,14,13,17,26.0,32.69,15.38,1,6,6,3,14,103.9,46.14,59.67,42.42,139.37,58.33,0,Ajax 2-0 Groningen,2025-12-02
AZ,1.62,0.82,0.8,0.86,0.82,0.04,0.0,0.0,0.0,0.86,0.82,0.04,0,1,-1,-1.8,49.3,53.85,49.8,0.66,0.6,236,8,7,7,10.61,11.67,16.04,3,6,12,3,9,105.9,53.57,39.8,55.38,92.9,54.5,0,Twente 1-0 AZ,2025-11-30
Twente,0.82,1.62,-0.8,0.82,0.86,-0.04,0.0,0.0,0.0,0.82,0.86,-0.04,1,0,1,1.8,50.7,46.15,47.36,0.6,0.66,223,12,7,7,11.67,10.61,11.8,6,3,9,2,13,91.8,46.43,32.07,44.62,77.57,45.5,1,Twente 1-0 AZ,2025-11-30
Feyenoord,1.71,1.85,-0.14,1.48,1.85,-0.37,0.24,0.0,0.24,1.71,1.85,-0.14,2,1,1,1.14,51.9,55.5,51.98,1.02,0.61,290,17,11,12,10.78,19.67,10.97,11,6,16,5,8,116.5,53.39,42.53,45.24,125.43,67.22,2,Telstar 1-2 Feyenoord,2025-11-30
Telstar,1.85,1.71,0.14,1.85,1.48,0.37,0.0,0.24,-0.24,1.85,1.71,0.14,1,2,-1,-1.14,48.1,44.5,46.14,0.61,1.02,208,14,12,11,19.67,10.78,14.22,6,11,23,3,8,101.7,46.61,51.47,54.76,61.17,32.78,1,Telstar 1-2 Feyenoord,2025-11-30
Utrecht,3.08,1.86,1.22,2.7,1.86,0.84,0.37,0.0,0.37,3.08,1.86,1.22,2,2,0,-1.22,41.3,40.06,43.98,0.94,0.59,165,9,17,11,18.09,18.64,17.38,4,3,16,3,12,61.0,39.35,118.4,80.91,142.87,85.93,2,Go Ahead Eagles 2-2 Utrecht,2025-11-30
Go Ahead Eagles,1.86,3.08,-1.22,1.86,2.7,-0.84,0.0,0.37,-0.37,1.86,3.08,-1.22,2,2,0,1.22,58.7,59.94,46.79,0.59,0.94,277,12,11,17,18.64,18.09,13.42,3,4,25,4,9,94.0,60.65,27.93,19.09,23.4,14.07,0,Go Ahead Eagles 2-2 Utrecht,2025-11-30
Volendam,0.83,3.12,-2.29,0.83,3.12,-2.29,0.0,0.0,0.0,0.83,3.12,-2.29,0,3,-3,-0.71,38.0,25.57,41.85,0.4,0.98,138,8,10,19,25.0,19.39,25.82,3,10,7,2,4,31.5,9.62,108.0,78.19,19.41,3.85,0,PSV 3-0 Volendam,2025-11-30
PSV,3.12,0.83,2.29,3.12,0.83,2.29,0.0,0.0,0.0,3.12,0.83,2.29,3,0,3,0.71,62.0,74.43,55.3,0.98,0.4,425,32,19,10,19.39,25.0,12.14,10,3,18,5,12,296.0,90.38,30.13,21.81,484.77,96.15,0,PSV 3-0 Volendam,2025-11-30
Sparta Rotterdam,2.17,3.26,-1.09,1.74,2.29,-0.55,0.43,0.21,0.22,2.17,2.5,-0.33,1,3,-2,-0.91,48.6,39.59,42.9,1.2,1.43,156,15,13,19,10.83,13.29,12.48,3,8,20,6,13,63.5,30.6,29.6,34.26,42.04,14.79,0,NEC 3-1 Sparta Rotterdam,2025-11-29
NEC,3.26,2.17,1.09,2.29,1.74,0.55,0.21,0.43,-0.22,2.5,2.17,0.33,3,1,2,0.91,51.4,60.41,49.46,1.43,1.2,207,21,19,13,13.29,10.83,9.82,8,3,20,7,9,144.0,69.4,56.8,65.74,242.26,85.21,0,NEC 3-1 Sparta Rotterdam,2025-11-29
Heracles,0.97,2.1,-1.13,0.88,1.58,-0.7,0.09,0.51,-0.42,0.97,2.1,-1.13,1,1,0,1.13,43.5,40.3,46.58,0.62,0.75,123,9,6,23,9.68,30.67,7.11,1,3,16,3,22,11.2,7.76,35.53,65.48,10.97,7.48,4,Fortuna Sittard 1-1 Heracles,2025-11-29
Fortuna Sittard,2.1,0.97,1.13,1.58,0.88,0.7,0.51,0.09,0.42,2.1,0.97,1.13,1,1,0,-1.13,56.5,59.7,53.43,0.75,0.62,201,12,23,6,30.67,9.68,5.89,3,1,26,11,19,133.2,92.24,18.73,34.52,135.67,92.52,1,Fortuna Sittard 1-1 Heracles,2025-11-29
NAC Breda,1.63,1.0,0.63,1.12,0.24,0.88,0.51,0.0,0.51,1.63,0.24,1.39,0,1,-1,-1.63,57.6,64.84,50.68,1.48,0.12,266,23,22,6,14.86,50.0,9.03,2,1,23,6,12,209.4,88.43,67.67,54.42,200.73,89.83,3,Excelsior 1-0 NAC Breda,2025-11-29
Excelsior,1.0,1.63,-0.63,0.24,1.12,-0.88,0.0,0.51,-0.51,0.24,1.63,-1.39,1,0,1,1.63,42.4,35.16,41.46,0.12,1.48,134,2,6,22,50.0,14.86,11.24,1,2,11,1,22,27.4,11.57,56.67,45.58,22.73,10.17,0,Excelsior 1-0 NAC Breda,2025-11-29
Heerenveen,2.44,1.78,0.66,2.44,1.78,0.66,0.0,0.0,0.0,2.44,1.78,0.66,1,2,-1,-1.66,56.2,60.13,48.56,1.02,0.46,227,20,19,11,18.63,23.91,6.8,7,5,25,9,19,159.3,77.29,45.53,40.27,131.6,68.29,2,PEC Zwolle 2-1 Heerenveen,2025-11-28
PEC Zwolle,1.78,2.44,-0.66,1.78,2.44,-0.66,0.0,0.0,0.0,1.78,2.44,-0.66,2,1,1,1.66,43.8,39.87,44.22,0.46,1.02,154,13,11,19,23.91,18.63,8.68,5,7,10,3,11,46.8,22.71,67.53,59.73,61.1,31.71,0,PEC Zwolle 2-1 Heerenveen,2025-11-28
PEC Zwolle,1.19,3.6,-2.41,1.19,3.02,-1.83,0.0,0.58,-0.58,1.19,3.6,-2.41,2,2,0,2.41,36.4,17.04,38.71,0.26,1.69,100,8,5,39,19.23,23.08,21.0,0,9,3,0,9,16.4,4.15,63.13,57.05,24.93,7.92,0,Groningen 2-2 PEC Zwolle,2025-11-23
Groningen,3.6,1.19,2.41,3.02,1.19,1.83,0.58,0.0,0.58,3.6,1.19,2.41,2,2,0,-2.41,63.6,82.96,57.8,1.69,0.26,412,34,39,5,23.08,19.23,9.48,9,0,42,13,11,379.0,95.85,47.53,42.95,289.93,92.08,0,Groningen 2-2 PEC Zwolle,2025-11-23
Utrecht,1.68,1.22,0.46,1.61,1.22,0.39,0.07,0.0,0.07,1.68,1.22,0.46,1,1,0,-0.46,57.6,57.48,50.53,1.08,0.32,277,16,17,10,15.74,31.25,10.41,8,6,27,8,10,132.3,68.87,39.8,37.08,100.8,58.7,3,Telstar 1-1 Utrecht,2025-11-23
Telstar,1.22,1.68,-0.46,1.22,1.61,-0.39,0.0,0.07,-0.07,1.22,1.68,-0.46,1,1,0,0.46,42.4,42.52,46.36,0.32,1.08,174,8,10,17,31.25,15.74,15.69,6,8,9,1,10,59.8,31.13,67.53,62.92,70.93,41.3,2,Telstar 1-1 Utrecht,2025-11-23
NEC,3.17,3.08,0.09,2.4,2.61,-0.21,0.77,0.47,0.3,3.17,3.08,0.09,4,2,2,1.91,45.1,38.79,44.81,0.68,2.01,163,12,22,19,32.35,9.45,14.5,2,7,15,6,13,103.4,39.35,49.8,58.64,124.17,45.44,0,Feyenoord 2-4 NEC,2025-11-23
Feyenoord,3.08,3.17,-0.09,2.61,2.4,0.21,0.47,0.77,-0.3,3.08,3.17,-0.09,2,4,-2,-1.91,54.9,61.21,48.03,2.01,0.68,215,24,19,22,9.45,32.35,8.35,7,2,21,7,8,159.4,60.65,35.13,41.36,149.1,54.56,1,Feyenoord 2-4 NEC,2025-11-23
AZ,1.1,3.17,-2.07,1.1,2.96,-1.86,0.01,0.21,-0.2,1.1,3.17,-2.07,1,3,-2,0.07,53.1,38.94,41.42,0.74,1.28,205,10,9,21,12.16,16.41,16.62,6,13,9,5,4,51.5,22.84,26.27,19.21,13.0,4.03,1,Heerenveen 3-1 AZ,2025-11-23
Heerenveen,3.17,1.1,2.07,2.96,1.1,1.86,0.21,0.01,0.2,3.17,1.1,2.07,3,1,2,-0.07,46.9,61.06,50.9,1.28,0.74,263,23,21,9,16.41,12.16,15.29,13,6,19,8,9,174.0,77.16,110.47,80.79,309.73,95.97,0,Heerenveen 3-1 AZ,2025-11-23
Fortuna Sittard,1.84,1.77,0.07,0.94,1.4,-0.46,0.9,0.36,0.54,1.84,1.77,0.07,1,1,0,-0.07,40.4,43.86,52.12,0.1,1.26,220,12,12,13,120.0,10.32,15.41,4,4,14,5,11,88.2,42.14,102.67,72.57,105.8,56.09,2,Sparta Rotterdam 1-1 Fortuna Sittard,2025-11-22
Sparta Rotterdam,1.77,1.84,-0.07,1.4,0.94,0.46,0.36,0.9,-0.54,1.77,1.84,-0.07,1,1,0,0.07,59.6,56.14,50.49,1.26,0.1,307,20,13,12,10.32,120.0,7.83,4,4,26,7,9,121.1,57.86,38.8,27.43,82.83,43.91,0,Sparta Rotterdam 1-1 Fortuna Sittard,2025-11-22
Go Ahead Eagles,0.85,4.01,-3.16,0.85,2.84,-1.99,0.0,1.17,-1.17,0.85,4.01,-3.16,2,4,-2,1.16,54.1,54.84,45.32,1.0,1.56,207,7,6,22,6.0,14.1,10.06,5,3,21,3,15,42.7,27.66,18.67,18.91,21.23,11.28,1,Heracles 4-2 Go Ahead Eagles,2025-11-22
Heracles,4.01,0.85,3.16,2.84,0.85,1.99,1.17,0.0,1.17,4.01,0.85,3.16,4,2,2,-1.16,45.9,45.16,47.96,1.56,1.0,190,19,22,6,14.1,6.0,13.18,3,5,21,6,6,111.7,72.34,80.07,81.09,166.93,88.72,2,Heracles 4-2 Go Ahead Eagles,2025-11-22
Twente,2.28,1.46,0.82,2.24,1.44,0.8,0.04,0.01,0.03,2.28,1.46,0.82,1,1,0,-0.82,47.6,60.35,52.65,1.3,0.8,247,21,18,11,13.85,13.75,15.33,9,2,14,4,12,183.6,76.95,62.2,72.49,219.7,86.6,1,Volendam 1-1 Twente,2025-11-22
Volendam,1.46,2.28,-0.82,1.44,2.24,-0.8,0.01,0.04,-0.03,1.46,2.28,-0.82,1,1,0,0.82,52.4,39.65,45.52,0.8,1.3,215,8,11,18,13.75,13.85,14.24,2,9,22,4,5,55.0,23.05,23.6,27.51,34.0,13.4,0,Volendam 1-1 Twente,2025-11-22
Excelsior,0.85,2.38,-1.53,0.7,2.08,-1.38,0.15,0.3,-0.15,0.85,2.38,-1.53,2,1,1,2.53,35.5,27.75,43.04,0.27,1.42,142,5,8,15,29.63,10.56,25.48,4,9,11,2,13,20.0,9.53,121.53,88.15,76.57,47.05,0,Ajax 1-2 Excelsior,2025-11-22
Ajax,2.38,0.85,1.53,2.08,0.7,1.38,0.3,0.15,0.15,2.38,0.85,1.53,1,2,-1,-2.53,64.5,72.25,50.97,1.42,0.27,377,24,15,8,10.56,29.63,11.82,9,4,38,9,4,189.9,90.47,16.33,11.85,86.17,52.95,0,Ajax 1-2 Excelsior,2025-11-22
PSV,1.08,1.77,-0.69,0.86,1.6,-0.74,0.22,0.17,0.05,1.08,1.77,-0.69,1,0,1,1.69,52.6,50.15,47.08,0.56,0.67,209,13,9,16,16.07,23.88,8.43,5,3,12,5,15,125.9,50.83,18.07,22.74,101.57,47.4,1,NAC Breda 0-1 PSV,2025-11-22
NAC Breda,1.77,1.08,0.69,1.6,0.86,0.74,0.17,0.22,-0.05,1.77,1.08,0.69,0,1,-1,-1.69,47.4,49.85,50.95,0.67,0.56,226,23,16,9,23.88,16.07,11.83,3,5,26,6,11,121.8,49.17,61.4,77.26,112.7,52.6,9,NAC Breda 0-1 PSV,2025-11-22
Feyenoord,3.01,1.45,1.56,2.55,0.66,1.89,0.46,0.03,0.43,3.01,0.69,2.32,1,2,-1,-2.56,60.8,67.03,54.4,1.32,0.26,357,25,20,9,15.15,34.62,12.92,6,0,28,7,10,223.0,87.01,43.93,34.37,171.1,78.24,3,Go Ahead Eagles 2-1 Feyenoord,2025-11-09
Go Ahead Eagles,1.45,3.01,-1.56,0.66,2.55,-1.89,0.03,0.46,-0.43,0.69,3.01,-2.32,2,1,1,2.56,39.2,32.97,43.04,0.26,1.32,157,7,9,20,34.62,15.15,22.61,0,6,19,4,7,33.3,12.99,83.87,65.63,47.6,21.76,1,Go Ahead Eagles 2-1 Feyenoord,2025-11-09
PSV,2.78,0.61,2.17,2.56,0.46,2.1,0.22,0.15,0.07,2.78,0.61,2.17,5,1,4,1.83,52.8,52.54,45.03,1.04,0.51,207,15,15,8,14.42,15.69,10.86,6,7,15,6,10,148.0,70.44,47.0,45.6,191.47,86.6,0,AZ 1-5 PSV,2025-11-09
AZ,0.61,2.78,-2.17,0.46,2.56,-2.1,0.15,0.22,-0.07,0.61,2.78,-2.17,1,5,-4,-1.83,47.2,47.46,46.85,0.51,1.04,215,9,8,15,15.69,14.42,14.27,7,6,8,4,9,62.1,29.56,56.07,54.4,29.63,13.4,0,AZ 1-5 PSV,2025-11-09
Groningen,1.58,2.1,-0.52,1.58,1.8,-0.22,0.0,0.31,-0.31,1.58,2.1,-0.52,0,2,-2,-1.48,45.4,41.03,40.71,1.02,0.66,123,11,10,13,9.8,19.7,9.63,10,9,10,3,13,33.9,30.38,32.0,60.53,40.1,26.06,3,NEC 2-0 Groningen,2025-11-09
NEC,2.1,1.58,0.52,1.8,1.58,0.22,0.31,0.0,0.31,2.1,1.58,0.52,2,0,2,1.48,54.6,58.97,46.95,0.66,1.02,205,15,13,10,19.7,9.8,9.94,9,10,26,9,6,77.7,69.62,20.87,39.47,113.77,73.94,0,NEC 2-0 Groningen,2025-11-09
Ajax,0.98,2.22,-1.24,0.82,1.6,-0.78,0.16,0.61,-0.45,0.98,2.22,-1.24,1,2,-1,0.24,67.4,65.55,49.95,0.7,0.52,353,11,10,16,14.29,30.77,7.97,6,10,24,4,10,147.9,63.81,9.07,5.12,49.57,24.18,0,Utrecht 2-1 Ajax,2025-11-09
Utrecht,2.22,0.98,1.24,1.6,0.82,0.78,0.61,0.16,0.45,2.22,0.98,1.24,2,1,1,-0.24,32.6,34.45,46.51,0.52,0.7,134,13,16,10,30.77,14.29,12.76,10,6,21,6,15,83.9,36.19,168.2,94.88,155.4,75.82,0,Utrecht 2-1 Ajax,2025-11-09
Sparta Rotterdam,1.16,1.52,-0.36,0.98,1.31,-0.33,0.18,0.21,-0.03,1.16,1.52,-0.36,0,1,-1,-0.64,63.8,67.04,50.91,0.51,0.51,338,10,14,11,27.45,21.57,6.67,10,5,30,6,15,145.1,79.33,16.07,12.92,97.77,49.38,0,PEC Zwolle 1-0 Sparta Rotterdam,2025-11-08
PEC Zwolle,1.52,1.16,0.36,1.31,0.98,0.33,0.21,0.18,0.03,1.52,1.16,0.36,1,0,1,0.64,36.2,32.96,43.91,0.51,0.51,135,10,11,14,21.57,27.45,18.56,5,10,5,3,9,37.8,20.67,108.33,87.08,100.23,50.62,2,PEC Zwolle 1-0 Sparta Rotterdam,2025-11-08
Heerenveen,1.85,1.96,-0.11,1.85,1.06,0.79,0.0,0.14,-0.14,1.85,1.2,0.65,0,2,-2,-1.89,60.5,69.74,51.23,1.33,0.36,260,27,18,10,13.53,27.78,7.97,6,2,26,5,12,169.0,86.18,6.53,9.1,111.33,69.7,3,Fortuna Sittard 2-0 Heerenveen,2025-11-08
Fortuna Sittard,1.96,1.85,0.11,1.06,1.85,-0.79,0.14,0.0,0.14,1.2,1.85,-0.65,2,0,2,1.89,39.5,30.26,40.1,0.36,1.33,107,7,10,18,27.78,13.53,15.43,2,6,15,4,14,27.1,13.82,65.2,90.9,48.4,30.3,0,Fortuna Sittard 2-0 Heerenveen,2025-11-08
NAC Breda,1.09,1.82,-0.73,1.01,1.62,-0.61,0.08,0.2,-0.12,1.09,1.82,-0.73,1,2,-1,-0.27,49.7,51.14,48.94,0.84,1.11,213,13,13,12,15.48,10.81,13.29,2,3,21,6,9,113.1,50.85,50.53,47.05,86.69,32.24,1,Volendam 2-1 NAC Breda,2025-11-08
Volendam,1.82,1.09,0.73,1.62,1.01,0.61,0.2,0.08,0.12,1.82,1.09,0.73,2,1,1,0.27,50.3,48.86,49.04,1.11,0.84,217,11,12,13,10.81,15.48,13.57,3,2,25,8,13,109.3,49.15,56.87,52.95,182.22,67.76,0,Volendam 2-1 NAC Breda,2025-11-08
Heracles,1.69,2.03,-0.34,1.53,1.02,0.51,0.16,0.25,-0.09,1.69,1.27,0.42,2,1,1,1.34,55.5,52.96,44.88,0.83,0.39,195,16,10,12,12.05,30.77,9.06,5,1,29,13,13,88.3,63.43,24.33,25.08,75.3,43.39,4,Excelsior 1-2 Heracles,2025-11-08
Excelsior,2.03,1.69,0.34,1.02,1.53,-0.51,0.25,0.16,0.09,1.27,1.69,-0.42,1,2,-1,-1.34,44.5,47.04,48.82,0.39,0.83,176,9,12,10,30.77,12.05,12.44,1,5,20,6,14,50.9,36.57,72.67,74.92,98.23,56.61,0,Excelsior 1-2 Heracles,2025-11-08
Telstar,1.07,3.23,-2.16,1.07,2.9,-1.83,0.0,0.33,-0.33,1.07,3.23,-2.16,0,0,0,2.16,34.4,25.23,43.15,0.57,1.63,130,10,6,27,10.53,16.56,19.86,1,6,9,2,4,19.4,4.98,87.4,83.14,24.07,7.32,1,Twente 0-0 Telstar,2025-11-07
Twente,3.23,1.07,2.16,2.9,1.07,1.83,0.33,0.0,0.33,3.23,1.07,2.16,0,0,0,-2.16,65.6,74.77,57.33,1.63,0.57,451,37,27,6,16.56,10.53,9.48,6,1,34,10,13,369.9,95.02,17.73,16.86,304.9,92.68,3,Twente 0-0 Telstar,2025-11-07
NEC,2.0,1.63,0.37,1.11,1.55,-0.44,0.13,0.08,0.05,1.24,1.63,-0.39,0,1,-1,-1.37,60.8,58.21,45.28,1.04,0.5,228,13,16,11,15.38,22.0,8.81,4,5,13,2,15,119.3,71.74,4.4,3.6,54.47,32.58,0,Utrecht 1-0 NEC,2025-11-02
Utrecht,1.63,2.0,-0.37,1.55,1.11,0.44,0.08,0.13,-0.05,1.63,1.24,0.39,1,0,1,1.37,39.2,41.79,44.87,0.5,1.04,136,8,11,16,22.0,15.38,13.35,5,4,11,2,11,47.0,28.26,117.67,96.4,112.73,67.42,0,Utrecht 1-0 NEC,2025-11-02
AZ,2.91,1.02,1.89,1.81,1.01,0.8,0.34,0.01,0.33,2.15,1.02,1.13,1,0,1,-0.89,58.1,61.34,51.69,0.92,0.5,289,20,20,10,21.74,20.0,10.5,4,3,21,9,12,191.5,72.57,38.0,33.37,149.33,74.47,0,Sparta Rotterdam 0-1 AZ,2025-11-02
Sparta Rotterdam,1.02,2.91,-1.89,1.01,1.81,-0.8,0.01,0.34,-0.33,1.02,2.15,-1.13,0,1,-1,0.89,41.9,38.66,46.28,0.5,0.92,181,14,10,20,20.0,21.74,12.96,3,4,22,6,7,72.4,27.43,75.87,66.63,51.2,25.53,0,Sparta Rotterdam 0-1 AZ,2025-11-02
Twente,1.48,3.67,-2.19,1.48,2.22,-0.74,0.0,0.69,-0.69,1.48,2.91,-1.43,1,1,0,2.19,45.3,44.52,43.53,0.9,1.2,169,10,10,18,11.11,15.0,15.5,4,5,11,3,12,71.9,35.58,70.27,60.47,51.03,38.22,1,Groningen 1-1 Twente,2025-11-02
Groningen,3.67,1.48,2.19,2.22,1.48,0.74,0.69,0.0,0.69,2.91,1.48,1.43,1,1,0,-2.19,54.7,55.48,49.04,1.2,0.9,286,12,18,10,15.0,11.11,13.77,5,4,24,7,7,130.2,64.42,45.93,39.53,82.5,61.78,1,Groningen 1-1 Twente,2025-11-02
PEC Zwolle,1.23,4.19,-2.96,1.17,2.95,-1.78,0.06,0.48,-0.42,1.23,3.43,-2.2,2,8,-6,-3.04,43.4,29.54,39.84,0.17,1.41,107,6,7,24,41.18,17.02,14.46,1,8,7,2,11,19.9,9.01,38.6,57.96,4.11,1.06,1,Heracles 8-2 PEC Zwolle,2025-11-02
Heracles,4.19,1.23,2.96,2.95,1.17,1.78,0.48,0.06,0.42,3.43,1.23,2.2,8,2,6,3.04,56.6,70.46,51.7,1.41,0.17,274,27,24,7,17.02,41.18,6.91,8,1,27,4,16,201.0,90.99,28.0,42.04,385.33,98.94,4,Heracles 8-2 PEC Zwolle,2025-11-02
Excelsior,4.02,3.16,0.86,2.11,2.35,-0.24,0.38,0.05,0.33,2.5,2.4,0.1,2,2,0,-0.86,54.3,45.15,45.25,0.7,0.78,190,7,21,17,30.0,21.79,11.16,3,5,25,5,15,92.9,51.07,32.67,52.86,77.33,41.34,3,Telstar 2-2 Excelsior,2025-11-01
Telstar,3.16,4.02,-0.86,2.35,2.11,0.24,0.05,0.38,-0.33,2.4,2.5,-0.1,2,2,0,0.86,45.7,54.85,46.78,0.78,0.7,167,19,17,21,21.79,30.0,14.84,5,3,17,3,8,89.0,48.93,29.13,47.14,109.73,58.66,1,Telstar 2-2 Excelsior,2025-11-01
Volendam,1.12,4.89,-3.77,1.12,4.64,-3.52,0.0,0.25,-0.25,1.12,4.89,-3.77,1,3,-2,1.77,45.8,24.06,40.13,0.7,1.72,132,4,9,37,12.86,21.51,28.08,2,5,13,1,8,14.2,5.16,61.13,45.35,3.17,0.88,0,Feyenoord 3-1 Volendam,2025-11-01
Feyenoord,4.89,1.12,3.77,4.64,1.12,3.52,0.25,0.0,0.25,4.89,1.12,3.77,3,1,2,-1.77,54.2,75.94,56.64,1.72,0.7,328,30,37,9,21.51,12.86,13.45,5,2,27,10,4,261.0,94.84,73.67,54.65,355.7,99.12,2,Feyenoord 3-1 Volendam,2025-11-01
Go Ahead Eagles,0.98,0.83,0.15,0.93,0.83,0.1,0.05,0.0,0.05,0.98,0.83,0.15,0,1,-1,-1.15,56.4,61.94,47.2,0.49,0.73,260,13,7,8,14.29,10.96,13.68,4,7,20,2,8,121.0,68.44,17.27,14.54,63.67,40.83,1,NAC Breda 1-0 Go Ahead Eagles,2025-11-01
NAC Breda,0.83,0.98,-0.15,0.83,0.93,-0.1,0.0,0.05,-0.05,0.83,0.98,-0.15,1,0,1,1.15,43.6,38.06,49.37,0.73,0.49,203,11,8,7,10.96,14.29,16.33,7,4,24,2,10,55.8,31.56,101.47,85.46,92.27,59.17,2,NAC Breda 1-0 Go Ahead Eagles,2025-11-01
Heerenveen,1.98,1.4,0.58,1.87,1.19,0.68,0.11,0.21,-0.1,1.98,1.4,0.58,1,1,0,-0.58,42.9,36.73,42.51,0.23,0.91,142,13,17,9,73.91,9.89,10.55,15,4,12,4,16,58.6,34.25,96.67,76.8,92.5,47.82,1,Ajax 1-1 Heerenveen,2025-11-01
Ajax,1.4,1.98,-0.58,1.19,1.87,-0.68,0.21,0.11,0.1,1.4,1.98,-0.58,1,1,0,0.58,57.1,63.27,44.87,0.91,0.23,235,20,9,17,9.89,73.91,12.8,4,15,16,5,6,112.5,65.75,29.2,23.2,100.93,52.18,0,Ajax 1-1 Heerenveen,2025-11-01
Fortuna Sittard,1.39,3.21,-1.82,1.37,2.89,-1.52,0.02,0.32,-0.3,1.39,3.21,-1.82,2,5,-3,-1.18,37.5,28.3,44.86,0.41,1.17,169,4,10,21,24.39,17.95,14.29,6,5,9,4,12,45.9,16.52,118.4,84.25,29.74,8.55,0,PSV 5-2 Fortuna Sittard,2025-10-31
PSV,3.21,1.39,1.82,2.89,1.37,1.52,0.32,0.02,0.3,3.21,1.39,1.82,5,2,3,1.18,62.5,71.7,51.1,1.17,0.41,338,20,21,10,17.95,24.39,15.17,5,6,16,7,8,232.0,83.48,22.13,15.75,317.91,91.45,0,PSV 5-2 Fortuna Sittard,2025-10-31
Excelsior,1.04,1.98,-0.94,1.0,1.84,-0.84,0.04,0.14,-0.1,1.04,1.98,-0.94,0,2,-2,-1.06,48.6,45.88,48.14,0.56,0.82,220,6,11,12,19.64,14.63,15.67,2,5,28,10,12,59.0,35.93,55.87,51.92,51.4,26.17,2,Go Ahead Eagles 2-0 Excelsior,2025-10-26
Go Ahead Eagles,1.98,1.04,0.94,1.84,1.0,0.84,0.14,0.04,0.1,1.98,1.04,0.94,2,0,2,1.06,51.4,54.12,48.18,0.82,0.56,234,11,12,11,14.63,19.64,14.38,5,2,22,4,7,105.2,64.07,51.73,48.08,145.03,73.83,1,Go Ahead Eagles 2-0 Excelsior,2025-10-26
Utrecht,0.98,4.27,-3.29,0.98,3.47,-2.49,0.0,0.04,-0.04,0.98,3.51,-2.53,1,4,-3,0.29,50.5,45.63,44.54,0.97,0.91,212,10,8,18,8.25,19.78,12.06,8,4,25,2,14,95.6,33.65,37.6,35.77,44.57,12.82,0,AZ 4-1 Utrecht,2025-10-26
AZ,4.27,0.98,3.29,3.47,0.98,2.49,0.04,0.0,0.04,3.51,0.98,2.53,4,1,3,-0.29,49.5,54.37,48.98,0.91,0.97,258,16,18,8,19.78,8.25,15.78,4,8,16,8,4,188.5,66.35,67.53,64.23,303.22,87.18,0,AZ 4-1 Utrecht,2025-10-26
PSV,1.6,1.46,0.14,1.36,1.33,0.03,0.25,0.14,0.11,1.6,1.46,0.14,3,2,1,0.86,51.5,50.97,45.99,0.84,0.48,226,9,11,12,13.1,25.0,15.96,1,7,13,5,13,75.4,52.18,58.13,44.13,104.17,57.94,0,Feyenoord 2-3 PSV,2025-10-26
Feyenoord,1.46,1.6,-0.14,1.33,1.36,-0.03,0.14,0.25,-0.11,1.46,1.6,-0.14,2,3,-1,-0.86,48.5,49.03,44.99,0.48,0.84,194,13,12,11,25.0,13.1,11.79,7,1,14,3,7,69.1,47.82,73.6,55.87,75.63,42.06,4,Feyenoord 2-3 PSV,2025-10-26
Ajax,1.59,2.83,-1.24,1.59,1.63,-0.04,0.0,0.44,-0.44,1.59,2.07,-0.48,3,2,1,2.24,39.1,31.73,44.71,0.6,1.04,168,16,9,21,15.0,20.19,13.53,5,6,12,1,13,47.9,17.26,98.6,73.87,78.1,26.93,0,Twente 2-3 Ajax,2025-10-26
Twente,2.83,1.59,1.24,1.63,1.59,0.04,0.44,0.0,0.44,2.07,1.59,0.48,2,3,-1,-2.24,60.9,68.27,53.65,1.04,0.6,352,23,21,9,20.19,15.0,8.55,6,5,23,6,14,229.6,82.74,34.87,26.13,211.87,73.07,1,Twente 2-3 Ajax,2025-10-26
NEC,0.95,1.34,-0.39,0.95,1.33,-0.38,0.0,0.01,-0.01,0.95,1.34,-0.39,2,2,0,0.39,64.8,75.95,45.38,0.6,0.33,216,10,11,10,18.33,30.3,8.03,4,2,14,4,12,131.9,88.46,29.8,24.4,102.0,69.71,1,PEC Zwolle 2-2 NEC,2025-10-25
PEC Zwolle,1.34,0.95,0.39,1.33,0.95,0.38,0.01,0.0,0.01,1.34,0.95,0.39,2,2,0,-0.39,35.2,24.05,39.84,0.33,0.6,85,5,10,11,30.3,18.33,12.18,2,4,10,3,11,17.2,11.54,92.33,75.6,44.33,30.29,1,PEC Zwolle 2-2 NEC,2025-10-25
Heracles,1.18,1.51,-0.33,1.03,0.82,0.21,0.15,0.69,-0.54,1.18,1.51,-0.33,0,3,-3,-2.67,44.1,48.28,46.75,0.82,0.93,180,16,11,13,13.41,13.98,14.44,4,6,15,5,13,70.9,36.14,81.8,60.95,47.33,21.95,4,Volendam 3-0 Heracles,2025-10-25
Volendam,1.51,1.18,0.33,0.82,1.03,-0.21,0.69,0.15,0.54,1.51,1.18,0.33,3,0,3,2.67,55.9,51.72,49.71,0.93,0.82,245,14,13,11,13.98,13.41,13.17,6,4,20,5,6,125.3,63.86,52.4,39.05,168.27,78.05,0,Volendam 3-0 Heracles,2025-10-25
Telstar,0.88,2.27,-1.39,0.78,2.18,-1.4,0.1,0.08,0.02,0.88,2.27,-1.39,0,1,-1,0.39,53.3,59.1,51.58,0.57,0.72,272,14,14,14,24.56,19.44,11.24,2,6,34,7,14,104.9,60.64,48.4,38.07,95.03,44.16,0,Sparta Rotterdam 1-0 Telstar,2025-10-25
Sparta Rotterdam,2.27,0.88,1.39,2.18,0.78,1.4,0.08,0.1,-0.02,2.27,0.88,1.39,1,0,1,-0.39,46.7,40.9,47.32,0.72,0.57,212,10,14,14,19.44,24.56,11.52,6,2,18,6,9,68.1,39.36,78.73,61.93,120.17,55.84,0,Sparta Rotterdam 1-0 Telstar,2025-10-25
Groningen,1.9,1.5,0.4,1.77,1.43,0.34,0.13,0.07,0.06,1.9,1.5,0.4,2,1,1,0.6,43.6,42.66,44.31,0.3,0.72,144,6,16,9,53.33,12.5,12.13,8,6,9,7,9,72.4,45.28,76.33,73.54,112.63,77.68,1,Fortuna Sittard 1-2 Groningen,2025-10-25
Fortuna Sittard,1.5,1.9,-0.4,1.43,1.77,-0.34,0.07,0.13,-0.06,1.5,1.9,-0.4,1,2,-1,-0.6,56.4,57.34,46.82,0.72,0.3,205,14,9,16,12.5,53.33,10.0,6,8,31,7,14,87.5,54.72,27.47,26.46,32.37,22.32,2,Fortuna Sittard 1-2 Groningen,2025-10-25
NAC Breda,1.66,1.58,0.08,1.26,1.13,0.13,0.4,0.45,-0.05,1.66,1.58,0.08,3,3,0,-0.08,46.8,56.02,48.48,0.6,0.8,197,12,11,11,18.33,13.75,14.0,6,1,23,5,10,99.8,45.53,78.4,70.46,114.13,75.42,3,Heerenveen 3-3 NAC Breda,2025-10-24
Heerenveen,1.58,1.66,-0.08,1.13,1.26,-0.13,0.45,0.4,0.05,1.58,1.66,-0.08,3,3,0,0.08,53.2,43.98,46.93,0.8,0.6,196,18,11,11,13.75,18.33,12.12,1,6,14,4,10,119.4,54.47,32.87,29.54,37.2,24.58,0,Heerenveen 3-3 NAC Breda,2025-10-24
Feyenoord,3.24,0.18,3.06,2.75,0.09,2.66,0.49,0.09,0.4,3.24,0.18,3.06,7,0,7,3.94,63.2,72.73,52.67,1.38,0.14,318,21,19,4,13.77,28.57,9.39,5,2,23,8,13,275.9,95.97,30.13,24.33,262.43,92.55,2,Heracles 0-7 Feyenoord,2025-10-19
Heracles,0.18,3.24,-3.06,0.09,2.75,-2.66,0.09,0.49,-0.4,0.18,3.24,-3.06,0,7,-7,-3.94,36.8,27.27,42.02,0.14,1.38,126,2,4,19,28.57,13.77,12.38,2,5,13,2,11,11.6,4.03,93.73,75.67,21.13,7.45,1,Heracles 0-7 Feyenoord,2025-10-19
Fortuna Sittard,1.63,1.7,-0.07,1.53,1.7,-0.17,0.1,0.0,0.1,1.63,1.7,-0.07,0,1,-1,-0.93,49.8,53.02,47.0,0.58,0.44,194,10,15,11,25.86,25.0,8.4,12,3,15,2,18,96.4,59.62,44.73,48.55,89.7,50.04,1,Excelsior 1-0 Fortuna Sittard,2025-10-19
Excelsior,1.7,1.63,0.07,1.7,1.53,0.17,0.0,0.1,-0.1,1.7,1.63,0.07,1,0,1,0.93,50.2,46.98,45.26,0.44,0.58,172,9,11,15,25.0,25.86,9.03,3,12,13,4,10,65.3,40.38,47.4,51.45,89.57,49.96,4,Excelsior 1-0 Fortuna Sittard,2025-10-19
Sparta Rotterdam,1.44,1.45,-0.01,1.13,1.43,-0.3,0.31,0.02,0.29,1.44,1.45,-0.01,2,0,2,2.01,39.2,30.06,39.29,0.28,0.77,101,7,8,12,28.57,15.58,15.7,3,8,11,4,10,32.0,20.24,80.73,78.43,63.2,56.39,0,Groningen 0-2 Sparta Rotterdam,2025-10-19
Groningen,1.45,1.44,0.01,1.43,1.13,0.3,0.02,0.31,-0.29,1.45,1.44,0.01,0,2,-2,-2.01,60.8,69.94,50.22,0.77,0.28,302,9,12,8,15.58,28.57,12.28,8,3,28,7,11,126.1,79.76,22.2,21.57,48.87,43.61,5,Groningen 0-2 Sparta Rotterdam,2025-10-19
Heerenveen,2.59,2.14,0.45,1.73,2.09,-0.36,0.1,0.05,0.05,1.83,2.14,-0.31,3,2,1,0.55,53.3,52.69,50.2,0.57,1.61,207,17,15,18,26.32,11.18,12.57,2,7,23,11,12,109.7,53.64,28.07,38.24,109.73,67.18,1,Telstar 2-3 Heerenveen,2025-10-19
Telstar,2.14,2.59,-0.45,2.09,1.73,0.36,0.05,0.1,-0.05,2.14,1.83,0.31,2,3,-1,-0.55,46.7,47.31,46.92,1.61,0.57,176,16,18,15,11.18,26.32,9.09,7,2,27,6,9,94.8,46.36,45.33,61.76,53.6,32.82,2,Telstar 2-3 Heerenveen,2025-10-19
PEC Zwolle,1.22,3.33,-2.11,1.22,1.95,-0.73,0.0,0.62,-0.62,1.22,2.57,-1.35,2,2,0,2.11,53.3,46.84,47.69,0.88,0.82,261,10,11,19,12.5,23.17,10.74,2,3,15,2,14,86.7,37.66,47.2,37.5,59.13,26.39,0,NAC Breda 2-2 PEC Zwolle,2025-10-18
NAC Breda,3.33,1.22,2.11,1.95,1.22,0.73,0.62,0.0,0.62,2.57,1.22,1.35,2,2,0,-2.11,46.7,53.16,49.55,0.82,0.88,257,18,19,11,23.17,12.5,13.11,3,2,15,3,11,143.5,62.34,78.67,62.5,164.9,73.61,3,NAC Breda 2-2 PEC Zwolle,2025-10-18
AZ,2.68,1.59,1.09,1.64,1.21,0.43,0.28,0.37,-0.09,1.92,1.59,0.33,2,0,2,0.91,39.0,34.38,43.72,0.48,0.85,150,8,13,17,27.08,20.0,14.03,4,10,6,4,19,57.4,24.18,95.67,77.48,93.9,57.11,1,Ajax 0-2 AZ,2025-10-18
Ajax,1.59,2.68,-1.09,1.21,1.64,-0.43,0.37,0.28,0.09,1.59,1.92,-0.33,0,2,-2,-0.91,61.0,65.62,49.43,0.85,0.48,298,23,17,13,20.0,27.08,7.05,10,4,17,5,13,180.0,75.82,27.8,22.52,70.53,42.89,0,Ajax 0-2 AZ,2025-10-18
Go Ahead Eagles,0.66,4.72,-4.06,0.66,4.19,-3.53,0.0,0.52,-0.52,0.66,4.72,-4.06,1,2,-1,3.06,43.0,38.7,41.95,0.38,0.98,172,7,4,24,10.53,24.49,20.14,3,10,10,1,8,36.6,14.84,53.27,46.11,27.23,9.37,0,PSV 2-1 Go Ahead Eagles,2025-10-18
PSV,4.72,0.66,4.06,4.19,0.66,3.53,0.52,0.0,0.52,4.72,0.66,4.06,2,1,1,-3.06,57.0,61.3,47.88,0.98,0.38,269,21,24,4,24.49,10.53,12.76,10,3,16,6,7,210.1,85.16,62.27,53.89,263.3,90.63,1,PSV 2-1 Go Ahead Eagles,2025-10-18
Volendam,0.5,3.82,-3.32,0.5,3.58,-3.08,0.0,0.23,-0.23,0.5,3.82,-3.32,1,3,-2,1.32,41.6,36.95,44.08,0.24,0.96,142,3,3,22,12.5,22.92,12.21,6,5,9,0,13,14.2,7.02,63.73,64.37,21.5,11.75,0,Utrecht 3-1 Volendam,2025-10-18
Utrecht,3.82,0.5,3.32,3.58,0.5,3.08,0.23,0.0,0.23,3.82,0.5,3.32,3,1,2,-1.32,58.4,63.05,49.07,0.96,0.24,261,25,22,3,22.92,12.5,10.48,5,6,24,10,12,188.2,92.98,35.27,35.63,161.53,88.25,1,Utrecht 3-1 Volendam,2025-10-18
Twente,2.3,1.08,1.22,0.74,0.5,0.24,0.04,0.58,-0.54,0.78,1.08,-0.3,3,3,0,-1.22,41.0,32.37,41.15,0.02,0.62,107,7,10,9,500.0,14.52,9.29,2,3,9,3,21,42.9,25.84,78.2,82.84,64.23,47.59,6,NEC 3-3 Twente,2025-10-18
NEC,1.08,2.3,-1.22,0.5,0.74,-0.24,0.58,0.04,0.54,1.08,0.78,0.3,3,3,0,1.22,59.0,67.63,48.4,0.62,0.02,206,12,9,10,14.52,500.0,7.44,3,2,19,3,15,123.1,74.16,16.2,17.16,70.73,52.41,2,NEC 3-3 Twente,2025-10-18
NEC,1.59,1.02,0.57,1.33,0.19,1.14,0.26,0.83,-0.57,1.59,1.02,0.57,1,1,0,-0.57,46.1,45.34,49.11,0.49,0.76,200,9,18,8,36.73,10.53,9.73,6,2,14,4,18,106.2,64.17,65.87,71.18,118.07,65.3,1,Go Ahead Eagles 1-1 NEC,2025-10-05
Go Ahead Eagles,1.02,1.59,-0.57,0.19,1.33,-1.14,0.83,0.26,0.57,1.02,1.59,-0.57,1,1,0,0.57,53.9,54.66,45.95,0.76,0.49,198,15,8,18,10.53,36.73,8.67,2,6,39,11,13,59.3,35.83,26.67,28.82,62.73,34.7,2,Go Ahead Eagles 1-1 NEC,2025-10-05
Telstar,1.15,5.44,-4.29,0.99,3.6,-2.61,0.16,1.09,-0.93,1.15,4.68,-3.53,1,2,-1,3.29,41.3,32.05,39.55,0.46,1.34,112,11,14,27,30.43,20.15,11.63,3,5,11,4,13,38.6,13.38,48.47,68.2,35.23,10.2,0,AZ 2-1 Telstar,2025-10-05
AZ,5.44,1.15,4.29,3.6,0.99,2.61,1.09,0.16,0.93,4.68,1.15,3.53,2,1,1,-3.29,58.7,67.95,52.83,1.34,0.46,273,27,27,14,20.15,30.43,9.97,5,3,17,6,7,249.8,86.62,22.6,31.8,310.07,89.8,0,AZ 2-1 Telstar,2025-10-05
Utrecht,0.81,3.98,-3.17,0.81,3.44,-2.63,0.0,0.55,-0.55,0.81,3.98,-3.17,2,3,-1,2.17,45.2,34.69,45.02,0.5,0.87,166,9,10,22,20.0,25.29,17.7,2,8,8,3,10,34.9,14.44,48.67,49.39,14.57,5.94,3,Feyenoord 3-2 Utrecht,2025-10-05
Feyenoord,3.98,0.81,3.17,3.44,0.81,2.63,0.55,0.0,0.55,3.98,0.81,3.17,3,2,1,-2.17,54.8,65.31,51.78,0.87,0.5,276,24,22,10,25.29,20.0,10.84,8,2,22,12,7,206.8,85.56,49.87,50.61,230.57,94.06,2,Feyenoord 3-2 Utrecht,2025-10-05
Heracles,0.94,1.69,-0.75,0.74,1.35,-0.61,0.2,0.35,-0.15,0.94,1.69,-0.75,1,2,-1,-0.25,41.3,34.71,47.13,0.32,0.72,181,6,7,21,21.88,29.17,16.12,6,5,15,3,8,68.1,23.97,64.8,64.46,56.77,25.18,0,Twente 2-1 Heracles,2025-10-05
Twente,1.69,0.94,0.75,1.35,0.74,0.61,0.35,0.2,0.15,1.69,0.94,0.75,2,1,1,0.25,58.7,65.29,51.97,0.72,0.32,286,18,21,7,29.17,21.88,12.33,5,6,16,4,5,216.0,76.03,35.73,35.54,168.7,74.82,0,Twente 2-1 Heracles,2025-10-05
Excelsior,1.45,2.89,-1.44,1.45,2.08,-0.63,0.0,0.05,-0.05,1.45,2.13,-0.68,1,2,-1,0.44,34.6,24.8,41.44,0.25,1.3,110,4,9,19,36.0,14.62,18.5,3,3,11,3,17,15.6,5.77,135.07,92.55,40.6,33.95,4,Heerenveen 2-1 Excelsior,2025-10-04
Heerenveen,2.89,1.45,1.44,2.08,1.45,0.63,0.05,0.0,0.05,2.13,1.45,0.68,2,1,1,-0.44,65.4,75.2,52.89,1.3,0.25,384,22,19,9,14.62,36.0,9.16,3,3,34,7,6,254.9,94.23,10.87,7.45,79.0,66.05,0,Heerenveen 2-1 Excelsior,2025-10-04
PSV,2.56,0.29,2.27,2.44,0.29,2.15,0.12,0.0,0.12,2.56,0.29,2.27,4,0,4,1.73,72.0,78.17,56.25,1.24,0.12,504,25,19,4,15.32,33.33,11.38,7,3,20,8,8,365.6,96.54,6.53,4.68,294.73,92.43,0,PEC Zwolle 0-4 PSV,2025-10-04
PEC Zwolle,0.29,2.56,-2.27,0.29,2.44,-2.15,0.0,0.12,-0.12,0.29,2.56,-2.27,0,4,-4,-1.73,28.0,21.83,40.85,0.12,1.24,109,1,4,19,33.33,15.32,29.35,3,7,14,4,7,13.1,3.46,133.13,95.32,24.13,7.57,0,PEC Zwolle 0-4 PSV,2025-10-04
Volendam,1.37,2.53,-1.16,0.82,2.3,-1.48,0.55,0.23,0.32,1.37,2.53,-1.16,0,1,-1,0.16,47.4,39.67,46.94,0.72,0.82,173,11,8,16,11.11,19.51,11.55,3,12,12,4,13,75.3,34.01,36.87,46.01,63.6,25.92,1,Fortuna Sittard 1-0 Volendam,2025-10-04
Fortuna Sittard,2.53,1.37,1.16,2.3,0.82,1.48,0.23,0.55,-0.32,2.53,1.37,1.16,1,0,1,-0.16,52.6,60.33,50.44,0.82,0.72,223,14,16,8,19.51,11.11,6.28,12,3,22,7,14,146.1,65.99,43.27,53.99,181.8,74.08,0,Fortuna Sittard 1-0 Volendam,2025-10-04
Ajax,2.14,2.62,-0.48,1.85,1.45,0.4,0.29,0.41,-0.12,2.14,1.86,0.28,3,3,0,0.48,66.5,59.44,50.0,1.61,0.41,340,21,17,14,10.56,34.15,12.94,6,12,23,4,9,185.8,68.81,6.47,4.51,97.03,40.49,0,Sparta Rotterdam 3-3 Ajax,2025-10-04
Sparta Rotterdam,2.62,2.14,0.48,1.45,1.85,-0.4,0.41,0.29,0.12,1.86,2.14,-0.28,3,3,0,-0.48,33.5,40.56,50.25,0.41,1.61,157,9,14,17,34.15,10.56,15.65,12,6,20,6,8,84.2,31.19,137.07,95.49,142.6,59.51,0,Sparta Rotterdam 3-3 Ajax,2025-10-04
Groningen,1.44,1.45,-0.01,1.44,1.16,0.28,0.0,0.29,-0.29,1.44,1.45,-0.01,2,1,1,1.01,39.5,46.54,47.65,0.66,1.08,169,15,14,11,21.21,10.19,9.68,9,1,17,6,14,96.3,45.49,104.33,90.31,174.1,85.78,1,NAC Breda 1-2 Groningen,2025-10-03
NAC Breda,1.45,1.44,0.01,1.16,1.44,-0.28,0.29,0.0,0.29,1.45,1.44,0.01,1,2,-1,-1.01,60.5,53.46,47.3,1.08,0.66,271,15,11,14,10.19,21.21,9.82,1,9,25,7,16,115.4,54.51,11.2,9.69,28.87,14.22,3,NAC Breda 1-2 Groningen,2025-10-03
Go Ahead Eagles,2.19,3.1,-0.91,1.78,2.08,-0.3,0.41,1.01,-0.6,2.19,3.1,-0.91,2,4,-2,-1.09,61.0,64.38,51.19,1.11,0.95,281,16,14,20,12.61,21.05,10.64,6,2,26,3,9,118.6,65.34,15.6,17.95,71.81,33.78,0,Telstar 4-2 Go Ahead Eagles,2025-09-28
Telstar,3.1,2.19,0.91,2.08,1.78,0.3,1.01,0.41,0.6,3.1,2.19,0.91,4,2,2,1.09,39.0,35.62,40.16,0.95,1.11,104,16,20,14,21.05,12.61,12.9,2,6,16,8,13,62.9,34.66,71.33,82.05,140.78,66.22,0,Telstar 4-2 Go Ahead Eagles,2025-09-28
Heerenveen,1.55,2.53,-0.98,1.55,1.3,0.25,0.0,1.22,-1.22,1.55,2.53,-0.98,2,2,0,0.98,48.4,50.99,45.24,0.78,0.85,196,16,10,14,12.82,16.47,10.61,4,2,16,3,12,59.9,39.54,90.07,67.15,79.13,63.58,2,Utrecht 2-2 Heerenveen,2025-09-28
Utrecht,2.53,1.55,0.98,1.3,1.55,-0.25,1.22,0.0,1.22,2.53,1.55,0.98,2,2,0,-0.98,51.6,49.01,43.49,0.85,0.78,191,12,14,10,16.47,12.82,14.08,2,4,21,5,14,91.6,60.46,44.07,32.85,45.33,36.42,4,Utrecht 2-2 Heerenveen,2025-09-28
Feyenoord,1.62,1.29,0.33,1.62,1.18,0.44,0.0,0.11,-0.11,1.62,1.29,0.33,1,0,1,0.67,51.8,52.38,44.4,0.59,0.76,181,11,11,12,18.64,15.79,14.27,4,6,12,4,6,85.2,64.59,67.6,54.6,103.97,74.67,1,Groningen 0-1 Feyenoord,2025-09-28
Groningen,1.29,1.62,-0.33,1.18,1.62,-0.44,0.11,0.0,0.11,1.29,1.62,-0.33,0,1,-1,-0.67,48.2,47.62,43.58,0.76,0.59,169,17,12,11,15.79,18.64,12.68,6,4,18,3,16,46.7,35.41,56.2,45.4,35.27,25.33,5,Groningen 0-1 Feyenoord,2025-09-28
AZ,0.92,1.32,-0.4,0.85,1.08,-0.23,0.06,0.24,-0.18,0.92,1.32,-0.4,1,2,-1,-0.6,55.5,38.1,38.71,0.3,0.79,136,6,7,14,23.33,17.72,8.12,4,10,9,4,16,32.8,24.96,15.73,13.37,14.93,7.63,1,NEC 2-1 AZ,2025-09-28
NEC,1.32,0.92,0.4,1.08,0.85,0.23,0.24,0.06,0.18,1.32,0.92,0.4,2,1,1,0.6,44.5,61.9,48.77,0.79,0.3,182,9,14,7,17.72,23.33,8.8,10,4,23,5,14,98.6,75.04,101.93,86.63,180.63,92.37,2,NEC 2-1 AZ,2025-09-28
Sparta Rotterdam,1.93,1.46,0.47,1.88,1.27,0.61,0.05,0.19,-0.14,1.93,1.46,0.47,0,3,-3,-3.47,52.4,50.3,45.86,0.71,0.47,221,9,18,12,25.35,25.53,12.85,2,2,20,4,11,93.8,57.16,45.13,48.25,60.72,45.42,0,Heracles 3-0 Sparta Rotterdam,2025-09-27
Heracles,1.46,1.93,-0.47,1.27,1.88,-0.61,0.19,0.05,0.14,1.46,1.93,-0.47,3,0,3,3.47,47.6,49.7,48.45,0.47,0.71,221,10,12,18,25.53,25.35,13.86,2,2,18,5,12,70.3,42.84,48.4,51.75,72.97,54.58,0,Heracles 3-0 Sparta Rotterdam,2025-09-27
PSV,2.81,2.14,0.67,2.21,1.98,0.23,0.61,0.15,0.46,2.81,2.14,0.67,2,1,1,0.33,63.1,54.05,47.81,0.88,0.84,308,13,18,18,20.45,21.43,15.59,6,7,8,2,5,154.0,62.32,22.67,12.45,71.67,35.72,0,Excelsior 1-2 PSV,2025-09-27
Excelsior,2.14,2.81,-0.67,1.98,2.21,-0.23,0.15,0.61,-0.46,2.14,2.81,-0.67,1,2,-1,-0.33,36.9,45.95,50.64,0.84,0.88,199,12,18,18,21.43,20.45,20.4,7,6,20,3,8,93.1,37.68,159.4,87.55,129.0,64.28,3,Excelsior 1-2 PSV,2025-09-27
PEC Zwolle,1.31,2.52,-1.21,1.2,2.4,-1.2,0.11,0.12,-0.01,1.31,2.52,-1.21,1,2,-1,0.21,63.5,65.43,50.48,0.86,0.67,277,22,14,15,16.28,22.39,12.89,1,5,14,5,12,171.3,74.28,15.8,12.31,95.7,50.99,1,Volendam 2-1 PEC Zwolle,2025-09-27
Volendam,2.52,1.31,1.21,2.4,1.2,1.2,0.12,0.11,0.01,2.52,1.31,1.21,2,1,1,-0.21,36.5,34.57,45.87,0.67,0.86,123,15,15,14,22.39,16.28,13.48,5,1,19,3,11,59.3,25.72,112.6,87.69,92.0,49.01,0,Volendam 2-1 PEC Zwolle,2025-09-27
NAC Breda,2.34,2.24,0.1,1.27,2.24,-0.97,0.31,0.0,0.31,1.58,2.24,-0.66,1,2,-1,-1.1,49.9,63.55,51.04,0.67,0.87,260,17,17,12,25.37,13.79,11.16,9,5,20,7,14,150.4,67.93,74.53,72.5,179.3,72.03,8,Ajax 2-1 NAC Breda,2025-09-27
Ajax,2.24,2.34,-0.1,2.24,1.27,0.97,0.0,0.31,-0.31,2.24,1.58,0.66,2,1,1,1.1,50.1,36.45,40.57,0.87,0.67,153,13,12,17,13.79,25.37,11.19,5,9,7,2,11,71.0,32.07,28.27,27.5,69.63,27.97,0,Ajax 2-1 NAC Breda,2025-09-27
Fortuna Sittard,0.58,3.72,-3.14,0.43,2.75,-2.32,0.15,0.21,-0.06,0.58,2.96,-2.38,2,3,-1,2.14,44.9,38.04,45.83,0.35,1.07,176,8,8,18,22.86,16.82,8.11,7,7,16,5,13,22.4,11.38,59.07,58.25,23.53,9.65,0,Twente 3-2 Fortuna Sittard,2025-09-26
Twente,3.72,0.58,3.14,2.75,0.43,2.32,0.21,0.15,0.06,2.96,0.58,2.38,3,2,1,-2.14,55.1,61.96,51.12,1.07,0.35,286,17,18,8,16.82,22.86,9.89,7,7,12,4,14,174.5,88.62,42.33,41.75,220.4,90.35,3,Twente 3-2 Fortuna Sittard,2025-09-26
PEC Zwolle,1.28,3.8,-2.52,1.28,3.47,-2.19,0.0,0.33,-0.33,1.28,3.8,-2.52,2,2,0,2.52,34.6,22.35,39.6,0.59,1.6,94,6,8,28,13.56,17.5,20.19,2,7,3,1,10,26.8,7.54,83.67,84.69,29.83,10.03,0,AZ 2-2 PEC Zwolle,2025-09-24
AZ,3.8,1.28,2.52,3.47,1.28,2.19,0.33,0.0,0.33,3.8,1.28,2.52,2,2,0,-2.52,65.4,77.65,54.72,1.6,0.59,375,26,28,8,17.5,13.56,9.47,7,2,25,9,12,328.7,92.46,15.13,15.31,267.7,89.97,0,AZ 2-2 PEC Zwolle,2025-09-24
Feyenoord,2.11,1.46,0.65,1.13,0.7,0.43,0.22,0.0,0.22,1.35,0.7,0.65,3,3,0,-0.65,47.0,45.77,50.58,0.9,0.67,228,23,19,9,21.11,13.43,12.59,10,3,24,11,10,165.9,55.93,91.53,79.64,169.97,75.95,2,AZ 3-3 Feyenoord,2025-09-21
AZ,1.46,2.11,-0.65,0.7,1.13,-0.43,0.0,0.22,-0.22,0.7,1.35,-0.65,3,3,0,0.65,53.0,54.23,47.32,0.67,0.9,254,14,9,19,13.43,21.11,13.38,3,10,14,4,9,130.7,44.07,23.4,20.36,53.83,24.05,1,AZ 3-3 Feyenoord,2025-09-21
NEC,1.15,3.09,-1.94,0.8,2.34,-1.54,0.35,0.76,-0.41,1.15,3.09,-1.94,2,3,-1,0.94,60.4,53.12,43.77,0.53,1.05,207,11,11,14,20.75,13.33,8.27,2,2,17,6,14,58.6,43.02,15.67,14.2,26.33,13.01,1,Heerenveen 3-2 NEC,2025-09-21
Heerenveen,3.09,1.15,1.94,2.34,0.8,1.54,0.76,0.35,0.41,3.09,1.15,1.94,3,2,1,-0.94,39.6,46.88,42.52,1.05,0.53,134,18,14,11,13.33,20.75,15.0,2,2,12,6,10,77.6,56.98,94.67,85.8,176.0,86.99,2,Heerenveen 3-2 NEC,2025-09-21
Ajax,3.12,2.45,0.67,2.36,1.46,0.9,0.0,0.99,-0.99,2.36,2.45,-0.09,2,2,0,-0.67,39.3,28.94,41.54,0.62,1.42,125,10,14,16,22.58,11.27,11.21,4,12,10,5,13,54.9,25.37,92.33,69.7,58.0,31.2,0,PSV 2-2 Ajax,2025-09-21
PSV,2.45,3.12,-0.67,1.46,2.36,-0.9,0.99,0.0,0.99,2.45,2.36,0.09,2,2,0,0.67,60.7,71.06,52.83,1.42,0.62,326,14,16,14,11.27,22.58,5.82,12,4,24,9,17,161.5,74.63,40.13,30.3,127.9,68.8,0,PSV 2-2 Ajax,2025-09-21
Go Ahead Eagles,2.64,0.72,1.92,2.61,0.72,1.89,0.03,0.0,0.03,2.64,0.72,1.92,2,0,2,0.08,71.5,80.81,60.71,1.89,0.64,514,21,20,8,10.58,12.5,12.88,6,5,39,7,8,415.6,98.81,3.33,2.28,286.5,95.72,0,PEC Zwolle 0-2 Go Ahead Eagles,2025-09-21
PEC Zwolle,0.72,2.64,-1.92,0.72,2.61,-1.89,0.0,0.03,-0.03,0.72,2.64,-1.92,0,2,-2,-0.08,28.5,19.19,45.66,0.64,1.89,107,12,8,20,12.5,10.58,18.8,5,6,13,3,5,5.0,1.19,142.73,97.72,12.8,4.28,2,PEC Zwolle 0-2 Go Ahead Eagles,2025-09-21
Heracles,1.46,3.2,-1.74,0.79,1.48,-0.69,0.67,1.72,-1.05,1.46,3.2,-1.74,1,2,-1,0.74,37.4,35.47,47.37,0.96,0.63,152,12,14,17,14.58,26.98,14.79,3,3,14,4,16,60.9,23.87,94.73,86.96,92.47,45.28,3,NAC Breda 2-1 Heracles,2025-09-20
NAC Breda,3.2,1.46,1.74,1.48,0.79,0.69,1.72,0.67,1.05,3.2,1.46,1.74,2,1,1,-0.74,62.6,64.53,52.46,0.63,0.96,331,16,17,14,26.98,14.58,10.5,3,3,32,10,9,194.2,76.13,14.2,13.04,111.73,54.72,5,NAC Breda 2-1 Heracles,2025-09-20
Utrecht,1.29,1.6,-0.31,0.83,1.52,-0.69,0.46,0.08,0.38,1.29,1.6,-0.31,0,1,-1,-0.69,64.6,73.67,52.21,1.21,0.06,407,24,14,7,11.57,116.67,11.36,8,7,31,11,7,210.5,93.64,30.73,18.7,128.87,71.16,3,Fortuna Sittard 1-0 Utrecht,2025-09-20
Fortuna Sittard,1.6,1.29,0.31,1.52,0.83,0.69,0.08,0.46,-0.38,1.6,1.29,0.31,1,0,1,0.69,35.4,26.33,42.03,0.06,1.21,128,1,7,14,116.67,11.57,16.33,7,8,4,1,12,14.3,6.36,133.6,81.3,52.23,28.84,0,Fortuna Sittard 1-0 Utrecht,2025-09-20
Telstar,0.75,1.88,-1.13,0.75,1.46,-0.71,0.0,0.43,-0.43,0.75,1.88,-1.13,0,2,-2,-0.87,45.9,46.45,44.16,0.42,0.72,161,4,7,16,16.67,22.22,14.22,3,5,14,2,10,48.4,25.72,72.67,69.21,67.5,30.06,2,Groningen 2-0 Telstar,2025-09-20
Groningen,1.88,0.75,1.13,1.46,0.75,0.71,0.43,0.0,0.43,1.88,0.75,1.13,2,0,2,0.87,54.1,53.55,45.48,0.72,0.42,212,12,16,7,22.22,16.67,16.14,5,3,12,7,9,139.8,74.28,32.33,30.79,157.07,69.94,4,Groningen 2-0 Telstar,2025-09-20
Excelsior,2.05,1.94,0.11,1.93,1.11,0.82,0.12,0.83,-0.71,2.05,1.94,0.11,2,1,1,0.89,51.2,56.15,47.01,1.06,0.44,194,15,15,14,14.15,31.82,11.28,0,6,26,3,19,127.1,58.33,52.0,49.49,99.7,67.06,3,Volendam 1-2 Excelsior,2025-09-20
Volendam,1.94,2.05,-0.11,1.11,1.93,-0.82,0.83,0.12,0.71,1.94,2.05,-0.11,1,2,-1,-0.89,48.8,43.85,46.04,0.44,1.06,169,13,14,15,31.82,14.15,11.25,6,0,18,5,11,90.8,41.67,53.07,50.51,48.97,32.94,0,Volendam 1-2 Excelsior,2025-09-20
Twente,3.31,1.11,2.2,2.72,1.08,1.64,0.59,0.03,0.56,3.31,1.11,2.2,5,1,4,1.8,54.4,56.08,50.29,1.08,0.56,248,25,23,7,21.3,12.5,14.13,7,3,13,6,6,170.9,76.12,57.87,43.88,180.03,91.62,5,Sparta Rotterdam 1-5 Twente,2025-09-19
Sparta Rotterdam,1.11,3.31,-2.2,1.08,2.72,-1.64,0.03,0.59,-0.56,1.11,3.31,-2.2,1,5,-4,-1.8,45.6,43.92,46.16,0.56,1.08,176,9,7,23,12.5,21.3,17.85,3,7,14,1,7,53.6,23.88,74.0,56.12,16.47,8.38,0,Sparta Rotterdam 1-5 Twente,2025-09-19
Fortuna Sittard,0.44,2.61,-2.17,0.44,2.19,-1.75,0.0,0.43,-0.43,0.44,2.61,-2.17,0,2,-2,0.17,42.9,30.28,41.31,0.23,0.84,120,1,5,19,21.74,22.62,13.26,5,8,5,0,9,11.5,5.5,34.2,52.51,5.6,2.26,1,Feyenoord 2-0 Fortuna Sittard,2025-09-17
Feyenoord,2.61,0.44,2.17,2.19,0.44,1.75,0.43,0.0,0.43,2.61,0.44,2.17,2,0,2,-0.17,57.1,69.72,55.71,0.84,0.23,300,23,19,5,22.62,21.74,8.57,8,5,34,13,11,197.5,94.5,30.93,47.49,242.73,97.74,3,Feyenoord 2-0 Fortuna Sittard,2025-09-17
Fortuna Sittard,1.57,2.6,-1.03,1.57,2.14,-0.57,0.0,0.47,-0.47,1.57,2.6,-1.03,3,1,2,3.03,43.4,29.35,41.5,0.71,1.29,121,10,9,18,12.68,13.95,13.36,3,5,9,1,17,15.3,7.72,55.2,64.99,34.87,19.87,0,Telstar 1-3 Fortuna Sittard,2025-09-14
Telstar,2.6,1.57,1.03,2.14,1.57,0.57,0.47,0.0,0.47,2.6,1.57,1.03,1,3,-2,-3.03,56.6,70.65,51.21,1.29,0.71,274,18,18,9,13.95,12.68,10.14,5,3,26,10,14,183.0,92.28,29.73,35.01,140.6,80.13,3,Telstar 1-3 Fortuna Sittard,2025-09-14
AZ,2.37,1.81,0.56,1.83,1.59,0.24,0.54,0.23,0.31,2.37,1.81,0.56,2,1,1,0.44,47.4,51.4,48.35,0.89,0.6,199,16,25,19,28.09,31.67,9.89,9,7,18,9,11,144.5,63.94,56.4,59.08,164.17,70.95,0,Heracles 1-2 AZ,2025-09-14
Heracles,1.81,2.37,-0.56,1.59,1.83,-0.24,0.23,0.54,-0.31,1.81,2.37,-0.56,1,2,-1,-0.44,52.6,48.6,46.69,0.6,0.89,197,6,19,25,31.67,28.09,10.5,7,9,24,6,11,81.5,36.06,39.07,40.92,67.23,29.05,0,Heracles 1-2 AZ,2025-09-14
Groningen,1.76,1.92,-0.16,1.73,1.73,0.0,0.03,0.19,-0.16,1.76,1.92,-0.16,1,0,1,1.16,55.2,58.02,43.65,0.97,0.77,189,12,13,14,13.4,18.18,8.82,5,0,13,4,16,125.4,61.38,31.53,35.3,121.2,56.07,1,Utrecht 0-1 Groningen,2025-09-14
Utrecht,1.92,1.76,0.16,1.73,1.73,0.0,0.19,0.03,0.16,1.92,1.76,0.16,0,1,-1,-1.16,44.8,41.98,40.59,0.77,0.97,134,8,14,13,18.18,13.4,11.91,0,5,19,3,9,78.9,38.62,57.8,64.7,94.97,43.93,3,Utrecht 0-1 Groningen,2025-09-14
Sparta Rotterdam,2.37,2.09,0.28,2.2,1.47,0.73,0.17,0.63,-0.46,2.37,2.09,0.28,1,0,1,0.72,46.4,45.63,49.95,0.83,0.47,204,14,19,17,22.89,36.17,11.68,6,4,22,2,8,86.1,46.27,67.4,67.4,91.13,56.55,0,Excelsior 0-1 Sparta Rotterdam,2025-09-14
Excelsior,2.09,2.37,-0.28,1.47,2.2,-0.73,0.63,0.17,0.46,2.09,2.37,-0.28,0,1,-1,-0.72,53.6,54.37,48.29,0.47,0.83,231,14,17,19,36.17,22.89,14.55,4,6,25,7,11,100.0,53.73,32.6,32.6,70.03,43.45,2,Excelsior 0-1 Sparta Rotterdam,2025-09-14
Heerenveen,1.91,1.34,0.57,1.91,1.23,0.68,0.0,0.11,-0.11,1.91,1.34,0.57,0,1,-1,-1.57,53.5,55.06,47.49,0.7,0.48,209,11,11,9,15.71,18.75,11.64,4,5,17,3,11,98.7,56.46,44.6,44.19,70.77,49.29,2,Feyenoord 1-0 Heerenveen,2025-09-13
Feyenoord,1.34,1.91,-0.57,1.23,1.91,-0.68,0.11,0.0,0.11,1.34,1.91,-0.57,1,0,1,1.57,46.5,44.94,47.66,0.48,0.7,191,13,9,11,18.75,15.71,12.58,5,4,20,6,10,76.1,43.54,56.33,55.81,72.8,50.71,3,Feyenoord 1-0 Heerenveen,2025-09-13
NAC Breda,1.19,2.5,-1.31,1.06,1.4,-0.34,0.13,0.34,-0.21,1.19,1.74,-0.55,2,2,0,1.31,41.1,31.55,45.13,0.38,1.12,133,8,10,15,26.32,13.39,10.06,2,6,10,3,17,43.8,20.15,64.53,76.95,59.2,36.68,6,Twente 2-2 NAC Breda,2025-09-13
Twente,2.5,1.19,1.31,1.4,1.06,0.34,0.34,0.13,0.21,1.74,1.19,0.55,2,2,0,-1.31,58.9,68.45,53.37,1.12,0.38,271,23,15,10,13.39,26.32,5.33,6,2,16,4,15,173.6,79.85,19.33,23.05,102.2,63.32,6,Twente 2-2 NAC Breda,2025-09-13
Volendam,1.83,2.58,-0.75,1.69,2.32,-0.63,0.14,0.26,-0.12,1.83,2.58,-0.75,0,3,-3,-2.25,53.6,58.95,49.01,0.86,0.64,234,10,19,19,22.09,29.69,12.26,4,3,30,7,9,120.1,66.1,48.47,47.24,55.02,27.28,0,Go Ahead Eagles 3-0 Volendam,2025-09-13
Go Ahead Eagles,2.58,1.83,0.75,2.32,1.69,0.63,0.26,0.14,0.12,2.58,1.83,0.75,3,0,3,2.25,46.4,41.05,42.6,0.64,0.86,154,14,19,19,29.69,22.09,12.89,3,4,19,7,12,61.6,33.9,54.13,52.76,146.66,72.72,1,Go Ahead Eagles 3-0 Volendam,2025-09-13
PSV,2.98,2.38,0.6,2.8,1.53,1.27,0.18,0.09,0.09,2.98,1.62,1.36,5,3,2,1.4,42.8,40.26,46.0,0.72,0.36,149,21,18,20,25.0,55.56,10.87,2,7,10,4,18,64.8,41.38,59.27,75.22,124.07,77.25,0,NEC 3-5 PSV,2025-09-13
NEC,2.38,2.98,-0.6,1.53,2.8,-1.27,0.09,0.18,-0.09,1.62,2.98,-1.36,3,5,-2,-1.4,57.2,59.74,48.16,0.36,0.72,213,6,20,18,55.56,25.0,8.66,7,2,22,8,8,91.8,58.62,19.53,24.78,36.53,22.75,0,NEC 3-5 PSV,2025-09-13
PEC Zwolle,0.77,3.13,-2.36,0.77,3.07,-2.3,0.0,0.06,-0.06,0.77,3.13,-2.36,1,3,-2,0.36,40.9,40.5,48.88,0.6,1.11,188,16,8,12,13.33,10.81,13.81,4,7,11,1,9,83.0,32.02,108.6,84.63,93.47,31.93,1,Ajax 3-1 PEC Zwolle,2025-09-13
Ajax,3.13,0.77,2.36,3.07,0.77,2.3,0.06,0.0,0.06,3.13,0.77,2.36,3,1,2,-0.36,59.1,59.5,48.81,1.11,0.6,283,20,12,8,10.81,13.33,9.41,7,4,23,7,18,176.2,67.98,19.73,15.37,199.3,68.07,1,Ajax 3-1 PEC Zwolle,2025-09-13
AZ,3.1,2.59,0.51,2.51,1.83,0.68,0.59,0.0,0.59,3.1,1.83,1.27,1,0,1,0.49,61.0,65.88,53.76,1.45,0.03,283,31,25,11,17.24,366.67,8.78,3,2,14,7,13,265.8,77.54,21.87,22.86,207.1,74.89,0,NAC Breda 0-1 AZ,2025-08-31
NAC Breda,2.59,3.1,-0.51,1.83,2.51,-0.68,0.0,0.59,-0.59,1.83,3.1,-1.27,0,1,-1,-0.49,39.0,34.12,50.56,0.03,1.45,153,9,11,25,366.67,17.24,14.23,2,3,15,1,8,77.0,22.46,73.8,77.14,69.43,25.11,6,NAC Breda 0-1 AZ,2025-08-31
Feyenoord,3.63,0.9,2.73,3.58,0.87,2.71,0.05,0.03,0.02,3.63,0.9,2.73,4,0,4,1.27,62.0,70.0,56.61,1.43,0.57,340,35,24,7,16.78,12.28,11.73,4,1,25,9,9,265.8,93.66,19.4,23.23,249.5,93.47,3,Sparta Rotterdam 0-4 Feyenoord,2025-08-31
Sparta Rotterdam,0.9,3.63,-2.73,0.87,3.58,-2.71,0.03,0.05,-0.02,0.9,3.63,-2.73,0,4,-4,-1.27,38.0,30.0,43.24,0.57,1.43,118,13,7,24,12.28,16.78,24.77,1,4,9,1,5,18.0,6.34,64.13,76.77,17.43,6.53,1,Sparta Rotterdam 0-4 Feyenoord,2025-08-31
Utrecht,1.3,1.38,-0.08,1.18,1.27,-0.09,0.12,0.11,0.01,1.3,1.38,-0.08,2,0,2,2.08,51.6,45.72,41.64,0.52,0.55,178,8,14,6,26.92,10.91,9.95,4,5,9,2,10,94.7,54.58,43.07,44.16,97.93,66.73,2,PEC Zwolle 0-2 Utrecht,2025-08-31
PEC Zwolle,1.38,1.3,0.08,1.27,1.18,0.09,0.11,0.12,-0.01,1.38,1.3,0.08,0,2,-2,-2.08,48.4,54.28,45.89,0.55,0.52,200,10,6,14,10.91,26.92,12.67,5,4,9,3,13,78.8,45.42,54.47,55.84,48.83,33.27,3,PEC Zwolle 0-2 Utrecht,2025-08-31
NEC,2.57,1.55,1.02,2.56,0.68,1.88,0.02,0.11,-0.09,2.57,0.79,1.78,2,3,-1,-2.02,62.0,65.38,55.1,1.38,0.55,309,26,14,10,10.14,18.18,7.53,7,0,26,4,8,165.7,85.06,16.93,26.24,130.33,74.8,4,Fortuna Sittard 3-2 NEC,2025-08-31
Fortuna Sittard,1.55,2.57,-1.02,0.68,2.56,-1.88,0.11,0.02,0.09,0.79,2.57,-1.78,3,2,1,2.02,38.0,34.62,45.34,0.55,1.38,131,9,10,14,18.18,10.14,12.11,0,7,10,3,16,29.1,14.94,47.6,73.76,43.9,25.2,1,Fortuna Sittard 3-2 NEC,2025-08-31
Twente,4.19,0.79,3.4,3.72,0.78,2.94,0.47,0.0,0.47,4.19,0.79,3.4,0,1,-1,-4.4,69.0,72.67,56.36,1.83,0.38,392,29,27,10,14.75,26.32,6.5,3,3,37,4,11,353.0,93.73,6.87,5.17,245.03,86.3,3,Excelsior 1-0 Twente,2025-08-30
Excelsior,0.79,4.19,-3.4,0.78,3.72,-2.94,0.0,0.47,-0.47,0.79,4.19,-3.4,1,0,1,4.4,31.0,27.33,45.88,0.38,1.83,116,6,10,27,26.32,14.75,17.1,3,3,6,1,13,23.6,6.27,125.93,94.83,38.9,13.7,3,Excelsior 1-0 Twente,2025-08-30
Telstar,1.7,2.42,-0.72,1.4,1.69,-0.29,0.3,0.73,-0.43,1.7,2.42,-0.72,2,0,2,2.72,29.8,27.5,46.5,0.64,1.08,129,10,9,23,14.06,21.3,18.05,5,5,11,3,11,19.8,6.16,102.8,91.52,36.5,27.56,0,PSV 0-2 Telstar,2025-08-30
PSV,2.42,1.7,0.72,1.69,1.4,0.29,0.73,0.3,0.43,2.42,1.7,0.72,0,2,-2,-2.72,70.2,72.5,55.51,1.08,0.64,410,30,23,9,21.3,14.06,8.38,5,5,46,10,10,301.4,93.84,9.53,8.48,95.93,72.44,3,PSV 0-2 Telstar,2025-08-30
Go Ahead Eagles,1.88,2.59,-0.71,1.29,2.07,-0.78,0.6,0.52,0.08,1.88,2.59,-0.71,2,2,0,0.71,44.5,38.78,42.99,0.49,0.66,148,14,11,19,22.45,28.79,12.0,2,5,24,7,12,83.3,28.42,88.33,64.23,79.47,32.01,2,Heerenveen 2-2 Go Ahead Eagles,2025-08-30
Heerenveen,2.59,1.88,0.71,2.07,1.29,0.78,0.52,0.6,-0.08,2.59,1.88,0.71,2,2,0,-0.71,55.5,61.22,50.88,0.66,0.49,277,21,19,11,28.79,22.45,14.0,5,2,17,3,9,209.8,71.58,49.2,35.77,168.83,67.99,3,Heerenveen 2-2 Go Ahead Eagles,2025-08-30
Ajax,1.22,1.07,0.15,0.77,1.07,-0.3,0.45,0.0,0.45,1.22,1.07,0.15,1,1,0,-0.15,68.8,70.48,53.42,0.44,0.2,423,15,13,12,29.55,60.0,8.72,4,7,28,7,15,222.0,85.58,16.67,9.03,122.33,54.78,0,Volendam 1-1 Ajax,2025-08-30
Volendam,1.07,1.22,-0.15,1.07,0.77,0.3,0.0,0.45,-0.45,1.07,1.22,-0.15,1,1,0,0.15,31.2,29.52,44.08,0.2,0.44,117,6,12,13,60.0,29.55,14.65,7,4,13,2,12,37.4,14.42,167.93,90.97,101.0,45.22,0,Volendam 1-1 Ajax,2025-08-30
Heracles,0.65,2.35,-1.7,0.59,2.35,-1.76,0.06,0.0,0.06,0.65,2.35,-1.7,0,4,-4,-2.3,49.7,49.6,44.08,0.26,0.8,146,8,8,17,30.77,21.25,9.33,2,1,14,3,12,49.3,31.54,31.6,41.25,21.41,10.15,1,Groningen 4-0 Heracles,2025-08-29
Groningen,2.35,0.65,1.7,2.35,0.59,1.76,0.0,0.06,-0.06,2.35,0.65,1.7,4,0,4,2.3,50.3,50.4,47.21,0.8,0.26,164,16,17,8,21.25,30.77,10.39,1,2,18,6,13,107.0,68.46,45.0,58.75,189.62,89.85,4,Groningen 4-0 Heracles,2025-08-29
Heracles,0.35,4.24,-3.89,0.35,3.51,-3.16,0.0,0.73,-0.73,0.35,4.24,-3.89,0,2,-2,1.89,34.7,37.73,44.77,0.24,1.62,152,4,3,27,12.5,16.67,17.63,7,3,12,1,15,25.4,8.78,123.73,86.97,26.13,10.99,1,Ajax 2-0 Heracles,2025-08-24
Ajax,4.24,0.35,3.89,3.51,0.35,3.16,0.73,0.0,0.73,4.24,0.35,3.89,2,0,2,-1.89,65.3,62.27,47.84,1.62,0.24,326,31,27,3,16.67,12.5,8.37,3,7,19,10,10,263.9,91.22,18.53,13.03,211.63,89.01,0,Ajax 2-0 Heracles,2025-08-24
NAC Breda,0.58,4.58,-4.0,0.58,3.82,-3.24,0.0,0.0,0.0,0.58,3.82,-3.24,0,3,-3,1.0,48.8,36.21,38.56,0.52,2.25,130,9,7,18,13.46,8.0,8.32,5,8,11,1,18,35.8,16.18,43.2,47.61,21.87,7.41,2,NEC 3-0 NAC Breda,2025-08-24
NEC,4.58,0.58,4.0,3.82,0.58,3.24,0.0,0.0,0.0,3.82,0.58,3.24,3,0,3,-1.0,51.2,63.79,50.74,2.25,0.52,244,22,18,7,8.0,13.46,7.77,8,5,19,3,16,185.4,83.82,47.53,52.39,273.29,92.59,1,NEC 3-0 NAC Breda,2025-08-24
Excelsior,1.76,2.3,-0.54,1.4,1.88,-0.48,0.36,0.42,-0.06,1.76,2.3,-0.54,1,4,-3,-2.46,49.9,61.74,48.85,0.23,0.66,223,8,12,16,52.17,24.24,10.42,7,2,19,5,15,72.5,53.04,87.67,57.23,73.46,38.28,3,Utrecht 4-1 Excelsior,2025-08-24
Utrecht,2.3,1.76,0.54,1.88,1.4,0.48,0.42,0.36,0.06,2.3,1.76,0.54,4,1,3,2.46,50.1,38.26,37.0,0.66,0.23,121,10,16,12,24.24,52.17,17.95,2,7,16,7,6,64.2,46.96,65.53,42.77,118.43,61.72,0,Utrecht 4-1 Excelsior,2025-08-24
Twente,1.51,3.22,-1.71,1.51,2.81,-1.3,0.0,0.4,-0.4,1.51,3.22,-1.71,2,1,1,2.71,45.5,40.5,42.68,0.54,1.28,168,11,9,18,16.67,14.06,9.53,5,8,10,4,19,50.7,26.22,64.0,67.75,85.6,47.27,2,Heerenveen 1-2 Twente,2025-08-24
Heerenveen,3.22,1.51,1.71,2.81,1.51,1.3,0.4,0.0,0.4,3.22,1.51,1.71,1,2,-1,-2.71,54.5,59.5,46.34,1.28,0.54,233,22,18,9,14.06,16.67,9.1,8,5,29,7,10,142.7,73.78,30.47,32.25,95.47,52.73,1,Heerenveen 1-2 Twente,2025-08-24
Volendam,0.88,2.87,-1.99,0.85,2.75,-1.9,0.03,0.12,-0.09,0.88,2.87,-1.99,2,2,0,1.99,51.8,44.36,47.74,0.61,0.74,229,11,10,18,16.39,24.32,11.24,4,8,26,6,11,63.2,25.23,24.27,33.12,36.2,14.52,2,Telstar 2-2 Volendam,2025-08-23
Telstar,2.87,0.88,1.99,2.75,0.85,1.9,0.12,0.03,0.09,2.87,0.88,1.99,2,2,0,-1.99,48.2,55.64,53.57,0.74,0.61,260,22,18,10,24.32,16.39,11.61,8,4,23,4,10,187.3,74.77,49.0,66.88,213.03,85.48,1,Telstar 2-2 Volendam,2025-08-23
Groningen,2.63,3.06,-0.43,2.09,2.66,-0.57,0.54,0.4,0.14,2.63,3.06,-0.43,2,4,-2,-1.57,34.3,39.52,45.99,0.67,0.67,132,16,17,23,25.37,34.33,12.49,9,8,12,4,11,81.1,29.89,137.67,98.06,96.12,39.44,5,PSV 4-2 Groningen,2025-08-23
PSV,3.06,2.63,0.43,2.66,2.09,0.57,0.4,0.54,-0.14,3.06,2.63,0.43,4,2,2,1.57,65.7,60.48,45.43,0.67,0.67,246,24,23,17,34.33,25.37,7.56,8,9,16,6,11,190.2,70.11,2.73,1.94,147.58,60.56,1,PSV 4-2 Groningen,2025-08-23
Sparta Rotterdam,2.32,2.89,-0.57,2.12,1.57,0.55,0.2,0.56,-0.36,2.32,2.13,0.19,3,0,3,3.57,32.3,29.55,44.78,0.48,1.07,122,12,13,19,27.08,17.76,20.48,3,0,7,1,8,33.5,15.76,99.93,90.68,104.07,61.59,0,Go Ahead Eagles 0-3 Sparta Rotterdam,2025-08-23
Go Ahead Eagles,2.89,2.32,0.57,1.57,2.12,-0.55,0.56,0.2,0.36,2.13,2.32,-0.19,0,3,-3,-3.57,67.7,70.45,52.12,1.07,0.48,350,26,19,13,17.76,27.08,11.5,0,3,43,12,6,179.1,84.24,10.27,9.32,64.9,38.41,0,Go Ahead Eagles 0-3 Sparta Rotterdam,2025-08-23
Fortuna Sittard,0.96,2.17,-1.21,0.86,1.88,-1.02,0.1,0.3,-0.2,0.96,2.17,-1.21,1,2,-1,0.21,61.3,63.82,52.01,0.56,1.16,311,11,10,14,17.86,12.07,7.5,9,5,24,5,15,117.8,67.35,37.67,29.07,58.53,37.89,3,NAC Breda 2-1 Fortuna Sittard,2025-08-17
NAC Breda,2.17,0.96,1.21,1.88,0.86,1.02,0.3,0.1,0.2,2.17,0.96,1.21,2,1,1,-0.21,38.7,36.18,47.52,1.16,0.56,156,14,14,10,12.07,17.86,15.84,5,9,16,4,8,57.1,32.65,91.93,70.93,95.93,62.11,2,NAC Breda 2-1 Fortuna Sittard,2025-08-17
AZ,1.85,0.82,1.03,1.57,0.56,1.01,0.29,0.26,0.03,1.85,0.82,1.03,2,2,0,-1.03,65.8,63.92,53.88,1.22,0.4,370,29,19,8,15.57,20.0,9.0,6,4,19,4,10,220.3,82.85,8.2,7.02,137.37,69.2,0,Volendam 2-2 AZ,2025-08-17
Volendam,0.82,1.85,-1.03,0.56,1.57,-1.01,0.26,0.29,-0.03,0.82,1.85,-1.03,2,2,0,1.03,34.2,36.08,48.06,0.4,1.22,150,10,8,19,20.0,15.57,19.0,4,6,20,3,10,45.6,17.15,108.67,92.98,61.13,30.8,2,Volendam 2-2 AZ,2025-08-17
Utrecht,2.06,1.91,0.15,1.79,0.81,0.98,0.28,0.33,-0.05,2.06,1.15,0.91,1,2,-1,-1.15,55.5,69.16,51.2,1.19,0.46,301,17,20,15,16.81,32.61,13.32,7,7,29,6,11,213.4,82.36,65.6,50.1,209.67,79.01,4,Sparta Rotterdam 2-1 Utrecht,2025-08-17
Sparta Rotterdam,1.91,2.06,-0.15,0.81,1.79,-0.98,0.33,0.28,0.05,1.15,2.06,-0.91,2,1,1,1.15,44.5,30.84,38.64,0.46,1.19,134,11,15,20,32.61,16.81,12.7,7,7,7,5,9,45.7,17.64,65.33,49.9,55.7,20.99,0,Sparta Rotterdam 2-1 Utrecht,2025-08-17
PSV,2.12,1.69,0.43,1.87,1.67,0.2,0.25,0.02,0.23,2.12,1.69,0.43,2,0,2,1.57,49.9,41.74,47.24,0.96,0.79,228,14,16,19,16.67,24.05,12.17,6,10,13,6,12,122.3,47.5,71.87,52.25,94.07,41.65,0,Twente 0-2 PSV,2025-08-17
Twente,1.69,2.12,-0.43,1.67,1.87,-0.2,0.02,0.25,-0.23,1.69,2.12,-0.43,0,2,-2,-1.57,50.1,58.26,49.53,0.79,0.96,267,12,19,16,24.05,16.67,10.73,10,6,29,8,10,135.2,52.5,65.67,47.75,131.77,58.35,5,Twente 0-2 PSV,2025-08-17
Ajax,2.85,0.75,2.1,1.92,0.73,1.19,0.93,0.02,0.91,2.85,0.75,2.1,2,2,0,-2.1,51.1,46.5,46.4,0.62,0.61,248,23,23,8,37.1,13.11,12.72,5,9,19,9,12,143.8,70.35,46.87,42.43,138.7,68.38,0,Go Ahead Eagles 2-2 Ajax,2025-08-17
Go Ahead Eagles,0.75,2.85,-2.1,0.73,1.92,-1.19,0.02,0.93,-0.91,0.75,2.85,-2.1,2,2,0,2.1,48.9,53.5,48.17,0.61,0.62,243,15,8,23,13.11,37.1,11.62,9,5,21,6,9,60.6,29.65,63.6,57.57,64.13,31.62,0,Go Ahead Eagles 2-2 Ajax,2025-08-17
Heerenveen,1.86,0.91,0.95,1.59,0.91,0.68,0.27,0.0,0.27,1.86,0.91,0.95,1,2,-1,-1.95,45.7,50.0,43.07,0.8,0.58,160,15,16,8,20.0,13.79,12.15,5,6,16,8,15,88.6,62.31,77.27,82.91,133.1,82.74,0,Groningen 2-1 Heerenveen,2025-08-16
Groningen,0.91,1.86,-0.95,0.91,1.59,-0.68,0.0,0.27,-0.27,0.91,1.86,-0.95,2,1,1,1.95,54.3,50.0,42.74,0.58,0.8,178,9,8,16,13.79,20.0,11.93,6,5,13,3,9,53.6,37.69,15.93,17.09,27.77,17.26,1,Groningen 2-1 Heerenveen,2025-08-16
NEC,4.5,1.98,2.52,3.86,1.79,2.07,0.64,0.19,0.45,4.5,1.98,2.52,4,1,3,0.48,81.3,78.79,59.01,1.66,0.9,503,40,24,13,14.46,14.44,4.83,4,7,36,7,11,422.5,96.31,0.0,0.0,270.27,86.44,0,Heracles 1-4 NEC,2025-08-16
Heracles,1.98,4.5,-2.52,1.79,3.86,-2.07,0.19,0.64,-0.45,1.98,4.5,-2.52,1,4,-3,-0.48,18.7,21.21,50.38,0.9,1.66,82,10,13,24,14.44,14.46,17.42,7,4,15,3,9,16.2,3.69,180.13,100.0,42.4,13.56,3,Heracles 1-4 NEC,2025-08-16
Feyenoord,2.48,1.21,1.27,2.15,1.21,0.94,0.33,0.0,0.33,2.48,1.21,1.27,2,1,1,-0.27,53.1,48.94,43.85,0.54,0.51,211,15,16,8,29.63,15.69,13.07,3,4,15,6,8,124.5,68.29,31.73,27.03,89.8,61.62,1,Excelsior 1-2 Feyenoord,2025-08-16
Excelsior,1.21,2.48,-1.27,1.21,2.15,-0.94,0.0,0.33,-0.33,1.21,2.48,-1.27,1,2,-1,0.27,46.9,51.06,46.47,0.51,0.54,186,6,8,16,15.69,29.63,13.63,4,3,16,5,17,57.8,31.71,85.67,72.97,55.93,38.38,1,Excelsior 1-2 Feyenoord,2025-08-16
PEC Zwolle,1.9,1.12,0.78,1.9,0.89,1.01,0.0,0.23,-0.23,1.9,1.12,0.78,2,0,2,1.22,47.0,36.33,44.35,0.76,0.7,157,9,10,11,13.16,15.71,11.66,5,9,3,0,10,46.7,30.85,60.8,54.09,73.43,55.56,1,Telstar 0-2 PEC Zwolle,2025-08-15
Telstar,1.12,1.9,-0.78,0.89,1.9,-1.01,0.23,0.0,0.23,1.12,1.9,-0.78,0,2,-2,-1.22,53.0,63.67,47.26,0.7,0.76,209,9,11,10,15.71,13.16,10.66,9,5,27,7,13,104.7,69.15,51.6,45.91,58.73,44.44,6,Telstar 0-2 PEC Zwolle,2025-08-15
Heracles,1.11,2.74,-1.63,0.99,2.34,-1.35,0.12,0.4,-0.28,1.11,2.74,-1.63,0,4,-4,-2.37,51.6,43.27,41.78,0.37,0.91,142,11,10,19,27.03,20.88,9.44,0,6,12,4,16,66.5,30.6,31.93,33.78,30.99,13.57,0,Utrecht 4-0 Heracles,2025-08-10
Utrecht,2.74,1.11,1.63,2.34,0.99,1.35,0.4,0.12,0.28,2.74,1.11,1.63,4,0,4,2.37,48.4,56.73,46.54,0.91,0.37,167,16,19,10,20.88,27.03,10.81,6,0,21,4,10,150.8,69.4,62.6,66.22,197.33,86.43,3,Utrecht 4-0 Heracles,2025-08-10
Groningen,1.65,2.3,-0.65,1.55,1.42,0.13,0.1,0.12,-0.02,1.65,1.54,0.11,1,4,-3,-2.35,49.4,51.48,50.28,0.78,0.65,219,11,11,11,14.1,16.92,10.64,7,9,17,1,12,103.9,51.49,43.4,44.56,75.23,41.54,0,AZ 4-1 Groningen,2025-08-10
AZ,2.3,1.65,0.65,1.42,1.55,-0.13,0.12,0.1,0.02,1.54,1.65,-0.11,4,1,3,2.35,50.6,48.52,46.6,0.65,0.78,174,15,11,11,16.92,14.1,9.66,9,7,10,6,11,97.9,48.51,54.0,55.44,105.87,58.46,0,AZ 4-1 Groningen,2025-08-10
Telstar,1.86,2.15,-0.29,1.29,1.64,-0.35,0.57,0.51,0.06,1.86,2.15,-0.29,0,2,-2,-1.71,38.2,30.3,39.82,0.59,1.01,130,16,18,15,30.51,14.85,23.85,1,13,17,10,12,66.2,22.4,97.13,66.07,70.87,20.04,0,Ajax 2-0 Telstar,2025-08-10
Ajax,2.15,1.86,0.29,1.64,1.29,0.35,0.51,0.57,-0.06,2.15,1.86,0.29,2,0,2,1.71,61.8,69.7,52.68,1.01,0.59,368,24,15,18,14.85,30.51,9.19,13,1,19,8,9,229.3,77.6,49.87,33.93,282.7,79.96,0,Ajax 2-0 Telstar,2025-08-10
Twente,1.76,1.05,0.71,1.29,1.05,0.24,0.47,0.0,0.47,1.76,1.05,0.71,0,1,-1,-1.71,57.0,56.33,46.23,0.78,0.41,229,18,16,7,20.51,17.07,10.14,2,11,29,4,15,137.4,63.82,20.53,21.08,84.57,41.58,4,PEC Zwolle 1-0 Twente,2025-08-10
PEC Zwolle,1.05,1.76,-0.71,1.05,1.29,-0.24,0.0,0.47,-0.47,1.05,1.76,-0.71,1,0,1,1.71,43.0,43.67,46.38,0.41,0.78,172,9,7,16,17.07,20.51,9.45,11,2,10,2,14,77.9,36.18,76.87,78.92,118.8,58.42,2,PEC Zwolle 1-0 Twente,2025-08-10
Sparta Rotterdam,1.21,2.55,-1.34,1.21,1.83,-0.62,0.0,0.72,-0.72,1.21,2.55,-1.34,1,6,-5,-3.66,33.6,27.1,46.1,0.45,1.69,167,11,8,23,17.78,13.61,38.75,1,4,14,5,2,11.1,3.27,126.87,87.33,2.98,0.49,1,PSV 6-1 Sparta Rotterdam,2025-08-09
PSV,2.55,1.21,1.34,1.83,1.21,0.62,0.72,0.0,0.72,2.55,1.21,1.34,6,1,5,3.66,66.4,72.9,55.05,1.69,0.45,452,30,23,8,13.61,17.78,12.35,4,1,18,8,8,328.6,96.73,18.4,12.67,606.66,99.51,0,PSV 6-1 Sparta Rotterdam,2025-08-09
Volendam,0.53,2.38,-1.85,0.52,2.33,-1.81,0.01,0.05,-0.04,0.53,2.38,-1.85,1,1,0,1.85,42.8,37.9,45.78,0.14,0.96,169,3,5,18,35.71,18.75,20.29,1,5,14,2,9,38.2,16.19,67.13,55.51,29.23,11.66,0,Heerenveen 1-1 Volendam,2025-08-09
Heerenveen,2.38,0.53,1.85,2.33,0.52,1.81,0.05,0.01,0.04,2.38,0.53,1.85,1,1,0,-1.85,57.2,62.1,52.99,0.96,0.14,287,23,18,5,18.75,35.71,13.0,5,1,30,9,8,197.7,83.81,53.8,44.49,221.4,88.34,2,Heerenveen 1-1 Volendam,2025-08-09
NAC Breda,0.44,2.66,-2.22,0.44,2.57,-2.13,0.0,0.1,-0.1,0.44,2.66,-2.22,0,2,-2,0.22,40.6,27.08,41.21,0.18,0.71,115,2,7,20,38.89,28.17,11.84,2,10,13,4,13,21.7,9.56,78.6,65.61,9.83,3.68,2,Feyenoord 2-0 NAC Breda,2025-08-09
Feyenoord,2.66,0.44,2.22,2.57,0.44,2.13,0.1,0.0,0.1,2.66,0.44,2.22,2,0,2,-0.22,59.4,72.92,50.64,0.71,0.18,281,15,20,7,28.17,38.89,6.95,10,2,13,3,10,205.2,90.44,41.2,34.39,257.5,96.32,1,Feyenoord 2-0 NAC Breda,2025-08-09
Excelsior,1.68,3.35,-1.67,1.68,2.43,-0.75,0.0,0.15,-0.15,1.68,2.59,-0.91,0,5,-5,-3.33,38.3,43.77,41.11,0.77,0.96,110,10,9,15,11.69,15.62,10.4,9,9,15,2,14,45.3,29.43,86.67,90.91,62.56,27.79,3,NEC 5-0 Excelsior,2025-08-09
NEC,3.35,1.68,1.67,2.43,1.68,0.75,0.15,0.0,0.15,2.59,1.68,0.91,5,0,5,3.33,61.7,56.23,46.56,0.96,0.77,231,22,15,9,15.62,11.69,6.46,9,9,13,7,14,108.6,70.57,8.67,9.09,162.56,72.21,0,NEC 5-0 Excelsior,2025-08-09
Go Ahead Eagles,1.29,4.65,-3.36,0.85,2.99,-2.14,0.44,1.66,-1.22,1.29,4.65,-3.36,2,2,0,3.36,33.3,23.02,41.07,0.31,1.26,93,14,8,36,25.81,28.57,17.22,3,7,19,5,9,42.8,9.82,72.13,69.54,30.13,5.32,1,Fortuna Sittard 2-2 Go Ahead Eagles,2025-08-08
Fortuna Sittard,4.65,1.29,3.36,2.99,0.85,2.14,1.66,0.44,1.22,4.65,1.29,3.36,2,2,0,-3.36,66.7,76.98,58.57,1.26,0.31,371,25,36,8,28.57,25.81,9.62,7,3,40,8,10,393.1,90.18,31.6,30.46,536.22,94.68,1,Fortuna Sittard 2-2 Go Ahead Eagles,2025-08-08
