Team,xG,xGA,xGD,Open Play xG,Open Play xGA,Open Play xGD,Set Piece xG,Set Piece xGA,Set Piece xGD,npxG,npxGA,npxGD,Goals,Goals Conceded,GD,GD-xGD,Possession,Field Tilt,Avg Pass Height,xT,xT Against,Passes in Opposition Half,Passes into Box,Shots,Shots Faced,Shots per 1.0 xT,Shots Faced per 1.0 xT Against,PPDA,High Recoveries,High Recoveries Against,Crosses,Corners,Fouls,On-Ball Pressure,On-Ball Pressure Share,Off-Ball Pressure,Off-Ball Pressure Share,Game Control,Game Control Share,Throw-Ins into the Box,Match,Date
Châteauroux,0.83,2.24,-1.41,0.83,1.85,-1.02,0.00,0.39,-0.39,0.83,2.24,-1.41,0,4,-4,-2.59,52.50,41.11,38.40,0.22,0.59,139,1,3,16,13.64,27.12,12.15,2,9,7,0,10,35.1,21.56,22.07,21.61,11.65,3.58,0,Versailles 4-0 Châteauroux,2026-04-17
Versailles,2.24,0.83,1.41,1.85,0.83,1.02,0.39,0.00,0.39,2.24,0.83,1.41,4,0,4,2.59,47.50,58.89,46.32,0.59,0.22,204,12,16,3,27.12,13.64,8.49,9,2,12,6,25,127.7,78.44,80.07,78.39,313.46,96.42,0,Versailles 4-0 Châteauroux,2026-04-17
Le Puy Foot,0.40,1.30,-0.90,0.38,1.30,-0.92,0.01,0.00,0.01,0.40,1.30,-0.90,0,0,0,0.90,51.30,52.59,41.19,0.49,0.54,179,12,6,11,12.24,20.37,15.24,3,3,20,6,14,67.9,53.76,35.8,37.66,59.93,44.78,1,Quevilly-Rouen Métropole 0-0 Le Puy Foot,2026-04-17
Quevilly-Rouen Métropole,1.30,0.40,0.90,1.30,0.38,0.92,0.00,0.01,-0.01,1.30,0.40,0.90,0,0,0,-0.90,48.70,47.41,41.60,0.54,0.49,178,9,11,6,20.37,12.24,12.30,3,3,14,2,17,58.4,46.24,59.27,62.34,73.9,55.22,1,Quevilly-Rouen Métropole 0-0 Le Puy Foot,2026-04-17
Valenciennes,0.87,2.06,-1.19,0.70,2.06,-1.36,0.17,0.00,0.17,0.87,2.06,-1.19,0,2,-2,-0.81,56.20,60.2,48.56,1.14,0.45,237,14,13,10,11.4,22.22,11.96,3,7,32,8,8,107.3,74.62,32.0,39.09,83.33,65.65,0,Fleury 2-0 Valenciennes,2026-04-17
Fleury,2.06,0.87,1.19,2.06,0.70,1.36,0.00,0.17,-0.17,2.06,0.87,1.19,2,0,2,0.81,43.80,39.8,43.57,0.45,1.14,140,8,10,13,22.22,11.4,11.45,7,3,6,2,13,36.5,25.38,49.87,60.91,43.6,34.35,0,Fleury 2-0 Valenciennes,2026-04-17
Caen,2.27,0.92,1.35,1.98,0.69,1.29,0.28,0.24,0.04,2.27,0.92,1.35,2,0,2,0.65,53.10,44.12,39.42,0.57,1.02,157,12,9,9,15.79,8.82,11.88,1,8,13,4,13,57.8,41.05,31.73,28.05,56.87,41.75,2,Bourg-Péronnas 0-2 Caen,2026-04-17
Bourg-Péronnas,0.92,2.27,-1.35,0.69,1.98,-1.29,0.24,0.28,-0.04,0.92,2.27,-1.35,0,2,-2,-0.65,46.90,55.88,47.17,1.02,0.57,191,9,9,9,8.82,15.79,10.53,8,1,19,4,13,83.0,58.95,81.4,71.95,79.33,58.25,0,Bourg-Péronnas 0-2 Caen,2026-04-17
Sochaux,1.23,1.06,0.17,0.91,1.06,-0.15,0.32,0.00,0.32,1.23,1.06,0.17,0,0,0,-0.17,38.50,40.58,43.98,0.74,1.16,121,12,11,10,14.86,8.62,11.31,6,7,18,6,11,55.2,37.0,73.8,89.78,80.9,59.84,0,Dijon 0-0 Sochaux,2026-04-17
Dijon,1.06,1.23,-0.17,1.06,0.91,0.15,0.00,0.32,-0.32,1.06,1.23,-0.17,0,0,0,0.17,61.50,59.42,45.83,1.16,0.74,213,13,10,11,8.62,14.86,6.63,7,6,18,3,12,94.0,63.0,8.4,10.22,54.3,40.16,6,Dijon 0-0 Sochaux,2026-04-17
Rouen,0.46,1.77,-1.31,0.36,1.57,-1.21,0.10,0.20,-0.10,0.46,1.77,-1.31,0,0,0,1.31,54.20,53.08,43.83,0.43,0.59,185,12,6,17,13.95,28.81,11.29,7,4,19,8,12,69.5,47.51,23.2,29.1,53.23,36.19,2,Concarneau 0-0 Rouen,2026-04-17
Concarneau,1.77,0.46,1.31,1.57,0.36,1.21,0.20,0.10,0.10,1.77,0.46,1.31,0,0,0,-1.31,45.80,46.92,45.78,0.59,0.43,163,17,17,6,28.81,13.95,19.67,4,7,13,4,10,76.8,52.49,56.53,70.9,93.87,63.81,2,Concarneau 0-0 Rouen,2026-04-17
Orléans,3.68,0.54,3.14,2.12,0.54,1.58,0.04,0.00,0.04,2.16,0.54,1.62,2,0,2,-1.14,60.10,71.43,52.49,1.44,0.48,261,20,20,8,13.89,16.67,6.90,10,3,20,5,12,213.3,90.96,20.07,31.23,204.23,86.25,1,Aubagne 0-2 Orléans,2026-04-17
Aubagne,0.54,3.68,-3.14,0.54,2.12,-1.58,0.00,0.04,-0.04,0.54,2.16,-1.62,0,2,-2,1.14,39.90,28.57,37.74,0.48,1.44,88,13,8,20,16.67,13.89,12.22,3,10,10,1,15,21.2,9.04,44.2,68.77,32.57,13.75,1,Aubagne 0-2 Orléans,2026-04-17
Versailles,0.94,1.29,-0.35,0.88,1.29,-0.41,0.06,0.00,0.06,0.94,1.29,-0.35,0,1,-1,-0.65,48.20,49.81,44.74,0.77,0.77,167,12,12,13,15.58,16.88,13.41,3,1,25,9,8,60.6,48.52,51.13,66.18,81.97,55.52,1,Valenciennes 1-0 Versailles,2026-04-10
Valenciennes,1.29,0.94,0.35,1.29,0.88,0.41,0.00,0.06,-0.06,1.29,0.94,0.35,1,0,1,0.65,51.80,50.19,43.31,0.77,0.77,178,9,13,12,16.88,15.58,16.95,1,3,19,4,10,64.3,51.48,26.13,33.82,65.67,44.48,3,Valenciennes 1-0 Versailles,2026-04-10
Villefranche,1.33,2.68,-1.35,1.04,1.09,-0.05,0.30,1.60,-1.30,1.33,2.68,-1.35,0,0,0,1.35,41.90,32.36,35.32,0.41,0.88,89,7,10,23,24.39,26.14,19.86,3,2,10,3,10,40.1,20.94,56.07,54.79,56.63,26.37,0,Stade Briochin 0-0 Villefranche,2026-04-10
Stade Briochin,2.68,1.33,1.35,1.09,1.04,0.05,1.60,0.30,1.30,2.68,1.33,1.35,0,0,0,-1.35,58.10,67.64,48.35,0.88,0.41,245,19,23,10,26.14,24.39,9.67,2,3,30,12,15,151.4,79.06,46.27,45.21,158.13,73.63,2,Stade Briochin 0-0 Villefranche,2026-04-10
Fleury,1.68,2.17,-0.49,0.92,2.00,-1.08,0.00,0.17,-0.17,0.92,2.17,-1.25,2,2,0,0.49,58.40,40.62,41.98,0.58,0.83,152,7,11,17,18.97,20.48,5.63,2,10,8,1,18,50.4,28.39,10.27,10.04,19.1,9.09,2,Sochaux 2-2 Fleury,2026-04-10
Sochaux,2.17,1.68,0.49,2.00,0.92,1.08,0.17,0.00,0.17,2.17,0.92,1.25,2,2,0,-0.49,41.60,59.38,51.76,0.83,0.58,163,18,17,11,20.48,18.97,8.36,10,2,30,9,11,127.1,71.61,92.07,89.96,191.1,90.91,1,Sochaux 2-2 Fleury,2026-04-10
Caen,2.05,1.69,0.36,2.03,1.69,0.34,0.01,0.00,0.01,2.05,1.69,0.36,3,0,3,2.64,61.20,54.41,46.27,0.9,0.56,249,11,17,10,18.89,17.86,10.47,7,5,7,3,10,114.6,69.96,18.67,16.92,85.03,58.98,0,Paris 13 Atletico 0-3 Caen,2026-04-10
Paris 13 Atletico,1.69,2.05,-0.36,1.69,2.03,-0.34,0.00,0.01,-0.01,1.69,2.05,-0.36,0,3,-3,-2.64,38.80,45.59,42.30,0.56,0.9,135,7,10,17,17.86,18.89,17.89,5,7,13,4,10,49.2,30.04,91.67,83.08,59.13,41.02,1,Paris 13 Atletico 0-3 Caen,2026-04-10
Concarneau,3.72,2.00,1.72,3.72,1.79,1.93,0.00,0.21,-0.21,3.72,2.00,1.72,1,1,0,-1.72,34.50,28.08,40.13,1.03,0.93,94,10,10,13,9.71,13.98,11.62,5,4,15,3,18,46.3,18.87,73.8,79.3,66.1,31.27,2,Orléans 1-1 Concarneau,2026-04-10
Orléans,2.00,3.72,-1.72,1.79,3.72,-1.93,0.21,0.00,0.21,2.00,3.72,-1.72,1,1,0,1.72,65.50,71.92,52.35,0.93,1.03,315,22,13,10,13.98,9.71,8.67,4,5,35,8,9,199.0,81.13,19.27,20.7,145.27,68.73,0,Orléans 1-1 Concarneau,2026-04-10
Aubagne,1.96,2.56,-0.60,1.91,1.03,0.88,0.05,0.78,-0.73,1.96,1.80,0.16,2,1,1,1.60,40.00,46.92,47.35,0.4,1.23,166,5,11,12,27.5,9.76,11.92,2,3,18,4,21,72.3,44.96,95.8,92.36,115.5,70.37,1,Le Puy Foot 1-2 Aubagne,2026-04-10
Le Puy Foot,2.56,1.96,0.60,1.03,1.91,-0.88,0.78,0.05,0.73,1.80,1.96,-0.16,1,2,-1,-1.60,60.00,53.08,43.71,1.23,0.4,188,16,12,11,9.76,27.5,8.62,3,2,25,8,10,88.5,55.04,7.93,7.64,48.63,29.63,0,Le Puy Foot 1-2 Aubagne,2026-04-10
Quevilly-Rouen Métropole,4.08,1.52,2.56,2.99,1.41,1.58,0.33,0.11,0.22,3.32,1.52,1.80,5,3,2,-0.56,46.50,43.85,47.82,0.8,0.3,170,11,25,15,31.25,50.0,8.05,9,3,13,4,14,91.9,63.29,53.4,58.73,120.47,71.16,1,Châteauroux 3-5 Quevilly-Rouen Métropole,2026-04-10
Châteauroux,1.52,4.08,-2.56,1.41,2.99,-1.58,0.11,0.33,-0.22,1.52,3.32,-1.80,3,5,-2,0.56,53.50,56.15,47.13,0.3,0.8,196,10,15,25,50.0,31.25,13.30,3,9,21,7,11,53.3,36.71,37.53,41.27,48.83,28.84,0,Châteauroux 3-5 Quevilly-Rouen Métropole,2026-04-10
Bourg-Péronnas,0.19,2.04,-1.85,0.16,2.02,-1.86,0.03,0.02,0.01,0.19,2.04,-1.85,0,2,-2,-0.15,44.10,35.63,39.00,0.3,1.8,127,3,2,13,6.67,7.22,19.05,3,6,13,1,10,24.1,16.69,51.67,44.77,12.87,7.14,0,Dijon 2-0 Bourg-Péronnas,2026-04-10
Dijon,2.04,0.19,1.85,2.02,0.16,1.86,0.02,0.03,-0.01,2.04,0.19,1.85,2,0,2,0.15,55.90,64.37,45.31,1.8,0.3,210,16,13,2,7.22,6.67,9.76,6,3,27,7,13,120.3,83.31,63.73,55.23,167.4,92.86,3,Dijon 2-0 Bourg-Péronnas,2026-04-10
Rouen,2.16,1.17,0.99,1.12,1.17,-0.05,0.29,0.0,0.29,1.4,1.17,0.23,1,2,-1,-1.99,61.4,71.02,51.95,1.02,0.31,262,18,17,13,16.67,41.94,6.5,6,4,30,11,22,158.9,86.41,20.2,22.88,120.1,75.69,1,Villefranche 2-1 Rouen,2026-04-03
Villefranche,1.17,2.16,-0.99,1.17,1.12,0.05,0.0,0.29,-0.29,1.17,1.4,-0.23,2,1,1,1.99,38.6,28.98,39.8,0.31,1.02,87,1,13,17,41.94,16.67,10.52,4,6,12,4,15,25.0,13.59,68.07,77.12,38.57,24.31,1,Villefranche 2-1 Rouen,2026-04-03
Sochaux,1.26,1.9,-0.64,0.99,0.81,0.18,0.27,1.09,-0.82,1.26,1.9,-0.64,0,1,-1,-0.36,52.6,52.62,48.07,0.38,0.45,218,5,14,14,36.84,31.11,13.08,8,9,19,5,9,98.9,61.16,47.2,46.79,101.67,55.74,0,Versailles 1-0 Sochaux,2026-04-03
Versailles,1.9,1.26,0.64,0.81,0.99,-0.18,1.09,0.27,0.82,1.9,1.26,0.64,1,0,1,0.36,47.4,47.38,41.97,0.45,0.38,149,9,14,14,31.11,36.84,10.76,9,8,15,5,9,62.8,38.84,53.67,53.21,80.73,44.26,0,Versailles 1-0 Sochaux,2026-04-03
Valenciennes,3.69,2.8,0.89,3.55,1.97,1.58,0.14,0.07,0.07,3.69,2.04,1.65,2,3,-1,-1.89,64.1,68.23,49.08,0.86,0.4,271,17,15,9,17.44,22.5,9.59,6,5,33,9,8,127.3,77.1,17.87,19.49,70.07,47.87,2,Quevilly-Rouen Métropole 3-2 Valenciennes,2026-04-03
Quevilly-Rouen Métropole,2.8,3.69,-0.89,1.97,3.55,-1.58,0.07,0.14,-0.07,2.04,3.69,-1.65,3,2,1,1.89,35.9,31.77,43.97,0.4,0.86,117,4,9,15,22.5,17.44,16.07,5,6,15,7,14,37.8,22.9,73.8,80.51,76.3,52.13,0,Quevilly-Rouen Métropole 3-2 Valenciennes,2026-04-03
Stade Briochin,0.58,1.79,-1.21,0.58,1.74,-1.16,0.0,0.06,-0.06,0.58,1.79,-1.21,1,1,0,1.21,42.1,41.46,44.07,0.2,1.14,167,5,10,16,50.0,14.04,13.41,4,9,12,0,9,66.0,33.73,100.4,83.34,85.37,52.67,0,Caen 1-1 Stade Briochin,2026-04-03
Caen,1.79,0.58,1.21,1.74,0.58,1.16,0.06,0.0,0.06,1.79,0.58,1.21,1,1,0,-1.21,57.9,58.54,47.96,1.14,0.2,256,14,16,10,14.04,50.0,7.22,9,4,23,5,23,129.7,66.27,20.07,16.66,76.73,47.33,1,Caen 1-1 Stade Briochin,2026-04-03
Dijon,0.69,2.39,-1.7,0.41,1.13,-0.72,0.28,0.5,-0.22,0.69,1.63,-0.94,1,3,-2,-0.3,42.0,50.59,45.92,0.28,0.92,174,8,9,11,32.14,11.96,15.09,5,8,15,6,13,57.1,46.31,85.67,89.11,109.67,65.1,0,Fleury 3-1 Dijon,2026-04-03
Fleury,2.39,0.69,1.7,1.13,0.41,0.72,0.5,0.28,0.22,1.63,0.69,0.94,3,1,2,0.3,58.0,49.41,42.43,0.92,0.28,213,8,11,9,11.96,32.14,8.23,8,5,14,1,13,66.2,53.69,10.47,10.89,58.8,34.9,0,Fleury 3-1 Dijon,2026-04-03
Paris 13 Atletico,0.52,0.86,-0.34,0.52,0.73,-0.21,0.0,0.13,-0.13,0.52,0.86,-0.34,0,1,-1,-0.66,53.5,45.45,40.13,0.53,0.62,149,7,3,12,5.66,19.35,11.41,3,4,9,3,15,54.3,32.51,26.47,27.03,33.8,17.81,1,Bourg-Péronnas 1-0 Paris 13 Atletico,2026-04-03
Bourg-Péronnas,0.86,0.52,0.34,0.73,0.52,0.21,0.13,0.0,0.13,0.86,0.52,0.34,1,0,1,0.66,46.5,54.55,46.69,0.62,0.53,166,15,12,3,19.35,5.66,11.14,4,3,18,6,14,112.7,67.49,71.47,72.97,156.0,82.19,0,Bourg-Péronnas 1-0 Paris 13 Atletico,2026-04-03
Le Puy Foot,0.99,1.72,-0.73,0.99,0.77,0.22,0.0,0.18,-0.18,0.99,0.96,0.03,3,0,3,3.73,52.4,36.47,39.7,0.3,0.84,165,4,9,14,30.0,16.67,13.37,3,3,11,0,10,49.6,27.88,48.33,32.66,40.9,19.22,0,Concarneau 0-3 Le Puy Foot,2026-04-03
Concarneau,1.72,0.99,0.73,0.77,0.99,-0.22,0.18,0.0,0.18,0.96,0.99,-0.03,0,3,-3,-3.73,47.6,63.53,45.6,0.84,0.3,206,13,14,9,16.67,30.0,14.68,3,3,27,6,14,128.3,72.12,99.67,67.34,171.93,80.78,3,Concarneau 0-3 Le Puy Foot,2026-04-03
Châteauroux,3.25,1.62,1.63,2.29,1.32,0.97,0.21,0.31,-0.1,2.49,1.62,0.87,1,1,0,-1.63,62.0,54.36,45.03,0.77,0.74,192,9,16,16,20.78,21.62,8.48,7,3,18,6,10,90.1,60.71,7.6,7.36,61.23,39.68,2,Aubagne 1-1 Châteauroux,2026-04-03
Aubagne,1.62,3.25,-1.63,1.32,2.29,-0.97,0.31,0.21,0.1,1.62,2.49,-0.87,1,1,0,1.63,38.0,45.64,47.42,0.74,0.77,130,13,16,16,21.62,20.78,13.45,3,7,17,5,14,58.3,39.29,95.73,92.64,93.07,60.32,2,Aubagne 1-1 Châteauroux,2026-04-03
Caen,0.49,2.11,-1.62,0.46,1.37,-0.91,0.02,0.74,-0.72,0.49,2.11,-1.62,1,1,0,1.62,48.8,37.97,41.38,0.4,0.95,139,5,6,11,15.0,11.58,13.85,6,9,8,4,13,32.2,20.14,66.73,56.26,65.33,33.37,0,Rouen 1-1 Caen,2026-03-27
Rouen,2.11,0.49,1.62,1.37,0.46,0.91,0.74,0.02,0.72,2.11,0.49,1.62,1,1,0,-1.62,51.2,62.03,45.23,0.95,0.4,192,10,11,6,11.58,15.0,11.0,9,6,24,7,10,127.7,79.86,51.87,43.74,130.47,66.63,1,Rouen 1-1 Caen,2026-03-27
Aubagne,0.9,1.65,-0.75,0.9,0.9,0.0,0.0,0.75,-0.75,0.9,1.65,-0.75,0,0,0,0.75,34.8,28.62,40.07,0.39,1.05,100,11,9,22,23.08,20.95,17.48,1,7,8,1,7,37.9,16.61,91.2,92.0,64.5,32.55,0,Valenciennes 0-0 Aubagne,2026-03-27
Valenciennes,1.65,0.9,0.75,0.9,0.9,0.0,0.75,0.0,0.75,1.65,0.9,0.75,0,0,0,-0.75,65.2,71.38,50.75,1.05,0.39,333,17,22,9,20.95,23.08,9.97,7,1,31,8,11,190.3,83.39,7.93,8.0,133.63,67.45,1,Valenciennes 0-0 Aubagne,2026-03-27
Paris 13 Atletico,0.65,0.79,-0.14,0.46,0.77,-0.31,0.19,0.03,0.16,0.65,0.79,-0.14,1,0,1,1.14,53.3,55.51,44.48,0.76,0.21,182,14,7,8,9.21,38.1,9.94,6,3,16,6,13,72.2,54.37,52.67,37.0,66.87,42.34,0,Stade Briochin 0-1 Paris 13 Atletico,2026-03-27
Stade Briochin,0.79,0.65,0.14,0.77,0.46,0.31,0.03,0.19,-0.16,0.79,0.65,0.14,0,1,-1,-1.14,46.7,44.49,40.05,0.21,0.76,132,5,8,7,38.1,9.21,18.65,3,6,12,5,11,60.6,45.63,89.67,63.0,91.07,57.66,1,Stade Briochin 0-1 Paris 13 Atletico,2026-03-27
Quevilly-Rouen Métropole,0.56,2.46,-1.9,0.35,2.26,-1.91,0.21,0.2,0.01,0.56,2.46,-1.9,0,2,-2,-0.1,42.4,29.14,40.65,0.42,0.72,117,5,6,20,14.29,27.78,11.81,2,6,16,2,15,39.1,16.9,57.33,60.26,27.13,11.86,1,Sochaux 2-0 Quevilly-Rouen Métropole,2026-03-27
Sochaux,2.46,0.56,1.9,2.26,0.35,1.91,0.2,0.21,-0.01,2.46,0.56,1.9,2,0,2,0.1,57.6,70.86,49.59,0.72,0.42,261,16,20,6,27.78,14.29,11.3,6,2,28,14,10,192.2,83.1,37.8,39.74,201.6,88.14,1,Sochaux 2-0 Quevilly-Rouen Métropole,2026-03-27
Villefranche,0.76,2.03,-1.27,0.76,1.26,-0.5,0.0,0.77,-0.77,0.76,2.03,-1.27,0,0,0,1.27,37.1,29.45,36.88,0.57,1.14,81,6,11,23,19.3,20.18,15.9,4,12,7,1,14,22.4,11.81,96.0,74.0,61.23,29.85,0,Orléans 0-0 Villefranche,2026-03-27
Orléans,2.03,0.76,1.27,1.26,0.76,0.5,0.77,0.0,0.77,2.03,0.76,1.27,0,0,0,-1.27,62.9,70.55,51.98,1.14,0.57,347,19,23,11,20.18,19.3,6.52,12,4,23,9,14,167.3,88.19,33.73,26.0,143.87,70.15,0,Orléans 0-0 Villefranche,2026-03-27
Bourg-Péronnas,0.75,3.16,-2.41,0.39,1.99,-1.6,0.36,0.41,-0.05,0.75,2.4,-1.65,0,3,-3,-0.59,51.3,59.94,48.09,0.64,1.12,222,7,9,10,14.06,8.93,11.09,7,1,23,6,14,118.0,64.2,47.47,48.14,76.7,45.16,1,Fleury 3-0 Bourg-Péronnas,2026-03-27
Fleury,3.16,0.75,2.41,1.99,0.39,1.6,0.41,0.36,0.05,2.4,0.75,1.65,3,0,3,0.59,48.7,40.06,46.35,1.12,0.64,202,13,10,9,8.93,14.06,13.07,1,7,15,7,13,65.8,35.8,51.13,51.86,93.13,54.84,0,Fleury 3-0 Bourg-Péronnas,2026-03-27
Concarneau,0.95,1.98,-1.03,0.92,1.12,-0.2,0.03,0.1,-0.07,0.95,1.22,-0.27,1,3,-2,-0.97,44.2,51.53,47.39,0.69,0.32,159,11,11,9,15.94,28.12,7.23,7,0,16,3,12,76.3,53.88,66.87,70.63,79.2,46.51,1,Châteauroux 3-1 Concarneau,2026-03-27
Châteauroux,1.98,0.95,1.03,1.12,0.92,0.2,0.1,0.03,0.07,1.22,0.95,0.27,3,1,2,0.97,55.8,48.47,44.62,0.32,0.69,173,6,9,11,28.12,15.94,9.0,0,7,16,5,20,65.3,46.12,27.8,29.37,91.1,53.49,0,Châteauroux 3-1 Concarneau,2026-03-27
Versailles,1.35,1.83,-0.48,1.11,1.8,-0.69,0.24,0.03,0.21,1.35,1.83,-0.48,1,3,-2,-1.52,38.8,35.94,43.05,0.14,0.34,115,7,5,15,35.71,44.12,10.86,5,11,12,1,8,21.8,15.98,79.73,83.23,60.3,36.47,1,Dijon 3-1 Versailles,2026-03-27
Dijon,1.83,1.35,0.48,1.8,1.11,0.69,0.03,0.24,-0.21,1.83,1.35,0.48,3,1,2,1.52,61.2,64.06,46.36,0.34,0.14,209,10,15,5,44.12,35.71,5.93,11,5,20,5,11,114.6,84.02,16.07,16.77,105.03,63.53,4,Dijon 3-1 Versailles,2026-03-27
Stade Briochin,0.62,1.61,-0.99,0.59,1.5,-0.91,0.03,0.12,-0.09,0.62,1.61,-0.99,1,1,0,0.99,33.4,28.07,45.56,0.0,1.22,119,3,4,22,inf,18.03,17.0,1,0,14,5,9,4.2,1.51,102.13,94.92,38.73,23.73,0,Bourg-Péronnas 1-1 Stade Briochin,2026-03-21
Bourg-Péronnas,1.61,0.62,0.99,1.5,0.59,0.91,0.12,0.03,0.09,1.61,0.62,0.99,1,1,0,-0.99,66.6,71.93,55.9,1.22,0.0,378,12,22,4,18.03,inf,8.75,0,1,42,5,15,274.1,98.49,5.47,5.08,124.47,76.27,0,Bourg-Péronnas 1-1 Stade Briochin,2026-03-21
Orléans,2.57,1.04,1.53,1.38,0.8,0.58,0.43,0.24,0.19,1.81,1.04,0.77,1,1,0,-1.53,52.6,54.06,46.67,0.72,0.36,211,13,14,8,19.44,22.22,8.88,5,7,23,6,10,92.6,61.69,47.33,50.53,101.17,64.75,1,Caen 1-1 Orléans,2026-03-21
Caen,1.04,2.57,-1.53,0.8,1.38,-0.58,0.24,0.43,-0.19,1.04,1.81,-0.77,1,1,0,1.53,47.4,45.94,41.61,0.36,0.72,149,5,8,14,22.22,19.44,10.16,7,5,12,3,19,57.5,38.31,46.33,49.47,55.07,35.25,0,Caen 1-1 Orléans,2026-03-21
Le Puy Foot,2.17,1.45,0.72,2.17,1.35,0.82,0.0,0.11,-0.11,2.17,1.45,0.72,3,2,1,0.28,38.8,27.91,38.62,0.47,0.78,105,4,6,20,12.77,25.64,10.67,6,8,1,0,18,15.9,7.04,63.8,69.5,44.6,37.42,1,Villefranche 2-3 Le Puy Foot,2026-03-20
Villefranche,1.45,2.17,-0.72,1.35,2.17,-0.82,0.11,0.0,0.11,1.45,2.17,-0.72,2,3,-1,-0.28,61.2,72.09,53.51,0.78,0.47,315,15,20,6,25.64,12.77,7.19,8,6,50,6,15,209.9,92.96,28.0,30.5,74.6,62.58,1,Villefranche 2-3 Le Puy Foot,2026-03-20
Fleury,1.01,1.2,-0.19,0.95,0.99,-0.04,0.05,0.21,-0.16,1.01,1.2,-0.19,1,1,0,0.19,48.4,36.53,40.04,0.48,0.8,127,7,8,16,16.67,20.0,6.46,6,5,9,2,22,48.7,27.78,47.33,49.34,61.3,33.63,0,Versailles 1-1 Fleury,2026-03-20
Versailles,1.2,1.01,0.19,0.99,0.95,0.04,0.21,0.05,0.16,1.2,1.01,0.19,1,1,0,-0.19,51.6,63.47,46.1,0.8,0.48,205,17,16,8,20.0,16.67,7.37,5,6,30,9,15,126.6,72.22,48.6,50.66,120.97,66.37,0,Versailles 1-1 Fleury,2026-03-20
Rouen,2.06,0.96,1.1,0.61,0.96,-0.35,0.68,0.0,0.68,1.3,0.96,0.34,0,0,0,-1.1,53.5,72.73,51.78,1.1,0.32,252,13,15,10,13.64,31.25,13.03,7,3,35,8,11,187.6,88.99,67.87,67.64,216.23,92.94,1,Paris 13 Atletico 0-0 Rouen,2026-03-20
Paris 13 Atletico,0.96,2.06,-1.1,0.96,0.61,0.35,0.0,0.68,-0.68,0.96,1.3,-0.34,0,0,0,1.1,46.5,27.27,40.26,0.32,1.1,141,4,10,15,31.25,13.64,16.71,3,7,12,2,7,23.2,11.01,32.47,32.36,16.43,7.06,0,Paris 13 Atletico 0-0 Rouen,2026-03-20
Valenciennes,1.7,1.45,0.25,0.61,1.29,-0.68,1.09,0.16,0.93,1.7,1.45,0.25,2,1,1,0.75,60.1,50.68,42.79,0.51,0.72,196,8,10,11,19.61,15.28,11.67,3,11,15,5,7,85.7,65.37,7.0,6.3,50.4,31.1,1,Concarneau 1-2 Valenciennes,2026-03-20
Concarneau,1.45,1.7,-0.25,1.29,0.61,0.68,0.16,1.09,-0.93,1.45,1.7,-0.25,1,2,-1,-0.75,39.9,49.32,44.95,0.72,0.51,150,7,11,10,15.28,19.61,12.8,11,3,28,7,11,45.4,34.63,104.07,93.7,111.67,68.9,4,Concarneau 1-2 Valenciennes,2026-03-20
Sochaux,2.59,0.6,1.99,1.73,0.6,1.13,0.1,0.0,0.1,1.83,0.6,1.23,4,1,3,1.01,49.1,59.62,48.11,0.83,0.36,186,11,19,9,22.89,25.0,8.93,8,5,20,3,18,129.6,83.88,70.2,67.81,188.87,90.17,1,Aubagne 1-4 Sochaux,2026-03-20
Aubagne,0.6,2.59,-1.99,0.6,1.73,-1.13,0.0,0.1,-0.1,0.6,1.83,-1.23,1,4,-3,-1.01,50.9,40.38,39.73,0.36,0.83,138,6,9,19,25.0,22.89,9.77,5,8,14,2,13,24.9,16.12,33.33,32.19,20.6,9.83,0,Aubagne 1-4 Sochaux,2026-03-20
Dijon,0.71,0.54,0.17,0.71,0.37,0.34,0.0,0.17,-0.17,0.71,0.54,0.17,1,0,1,0.83,58.0,63.91,47.23,0.33,0.45,244,1,5,8,15.15,17.78,7.12,9,5,20,3,17,71.3,66.08,24.33,23.67,71.4,51.43,0,Quevilly-Rouen Métropole 0-1 Dijon,2026-03-19
Quevilly-Rouen Métropole,0.54,0.71,-0.17,0.37,0.71,-0.34,0.17,0.0,0.17,0.54,0.71,-0.17,0,1,-1,-0.83,42.0,36.09,43.01,0.45,0.33,143,7,8,5,17.78,15.15,13.0,5,9,11,3,13,36.6,33.92,78.47,76.33,67.43,48.57,2,Quevilly-Rouen Métropole 0-1 Dijon,2026-03-19
Châteauroux,0.99,1.64,-0.65,0.63,1.58,-0.95,0.36,0.06,0.3,0.99,1.64,-0.65,0,2,-2,-1.35,59.0,61.45,48.16,1.05,0.31,231,22,11,11,10.48,35.48,6.32,5,0,24,6,13,126.1,66.54,13.2,15.44,90.2,43.15,1,Stade Briochin 2-0 Châteauroux,2026-03-17
Stade Briochin,1.64,0.99,0.65,1.58,0.63,0.95,0.06,0.36,-0.3,1.64,0.99,0.65,2,0,2,1.35,41.0,38.55,49.41,0.31,1.05,157,13,11,11,35.48,10.48,11.87,0,5,17,3,19,63.4,33.46,72.27,84.56,118.83,56.85,0,Stade Briochin 2-0 Châteauroux,2026-03-17
Bourg-Péronnas,0.34,1.29,-0.95,0.32,0.9,-0.58,0.02,0.39,-0.37,0.34,1.29,-0.95,0,1,-1,-0.05,45.5,45.36,44.02,0.61,0.91,147,11,11,15,18.03,16.48,14.54,5,2,21,3,14,54.3,32.85,51.67,49.43,59.77,32.64,0,Versailles 1-0 Bourg-Péronnas,2026-03-13
Versailles,1.29,0.34,0.95,0.9,0.32,0.58,0.39,0.02,0.37,1.29,0.34,0.95,1,0,1,0.05,54.5,54.64,49.1,0.91,0.61,229,16,15,11,16.48,18.03,13.57,2,5,28,10,14,111.0,67.15,52.87,50.57,123.37,67.36,0,Versailles 1-0 Bourg-Péronnas,2026-03-13
Concarneau,0.64,3.0,-2.36,0.59,2.09,-1.5,0.05,0.9,-0.85,0.64,3.0,-2.36,0,2,-2,0.36,43.9,42.37,43.64,0.47,0.74,132,4,7,17,14.89,22.97,15.67,4,0,17,3,14,30.4,19.77,74.07,73.14,41.6,22.36,0,Sochaux 2-0 Concarneau,2026-03-13
Sochaux,3.0,0.64,2.36,2.09,0.59,1.5,0.9,0.05,0.85,3.0,0.64,2.36,2,0,2,-0.36,56.1,57.63,43.41,0.74,0.47,192,9,17,7,22.97,14.89,15.17,0,4,20,10,7,123.4,80.23,27.2,26.86,144.43,77.64,1,Sochaux 2-0 Concarneau,2026-03-13
Paris 13 Atletico,0.42,2.52,-2.1,0.39,2.15,-1.76,0.03,0.37,-0.34,0.42,2.52,-2.1,1,2,-1,1.1,36.6,28.12,40.35,0.34,1.17,112,6,9,18,26.47,15.38,11.45,7,5,14,2,16,25.1,10.88,85.27,79.89,46.9,27.09,1,Orléans 2-1 Paris 13 Atletico,2026-03-13
Orléans,2.52,0.42,2.1,2.15,0.39,1.76,0.37,0.03,0.34,2.52,0.42,2.1,2,1,1,-1.1,63.4,71.88,50.63,1.17,0.34,323,18,18,9,15.38,26.47,7.79,5,7,40,7,10,205.7,89.12,21.47,20.11,126.2,72.91,0,Orléans 2-1 Paris 13 Atletico,2026-03-13
Caen,0.85,2.18,-1.33,0.83,1.42,-0.59,0.02,0.0,0.02,0.85,1.42,-0.57,0,1,-1,0.33,53.9,46.67,43.35,0.17,0.33,173,6,8,9,47.06,27.27,9.74,4,1,10,2,19,57.5,39.79,16.87,22.12,52.73,26.03,0,Le Puy Foot 1-0 Caen,2026-03-13
Le Puy Foot,2.18,0.85,1.33,1.42,0.83,0.59,0.0,0.02,-0.02,1.42,0.85,0.57,1,0,1,-0.33,46.1,53.33,44.1,0.33,0.17,155,9,9,8,27.27,47.06,14.62,1,4,12,3,17,87.0,60.21,59.4,77.88,149.87,73.97,6,Le Puy Foot 1-0 Caen,2026-03-13
Quevilly-Rouen Métropole,2.46,2.46,0.0,2.39,2.03,0.36,0.07,0.43,-0.36,2.46,2.46,0.0,1,2,-1,-1.0,49.1,53.5,44.96,0.75,1.22,180,10,13,13,17.33,10.66,11.51,1,3,21,2,15,94.7,51.36,72.33,57.07,66.5,36.53,1,Fleury 2-1 Quevilly-Rouen Métropole,2026-03-13
Fleury,2.46,2.46,0.0,2.03,2.39,-0.36,0.43,0.07,0.36,2.46,2.46,0.0,2,1,1,1.0,50.9,46.5,43.13,1.22,0.75,188,16,13,13,10.66,17.33,10.13,3,1,12,3,14,89.7,48.64,54.4,42.93,115.53,63.47,1,Fleury 2-1 Quevilly-Rouen Métropole,2026-03-13
Stade Briochin,2.44,2.85,-0.41,1.68,2.76,-1.08,0.0,0.09,-0.09,1.68,2.85,-1.17,2,3,-1,-0.59,50.5,44.62,45.77,0.64,0.94,202,11,9,17,14.06,18.09,11.7,1,2,13,3,19,52.1,25.64,34.47,43.89,25.68,11.49,0,Rouen 3-2 Stade Briochin,2026-03-13
Rouen,2.85,2.44,0.41,2.76,1.68,1.08,0.09,0.0,0.09,2.85,1.68,1.17,3,2,1,0.59,49.5,55.38,49.2,0.94,0.64,223,12,17,9,18.09,14.06,11.69,2,1,16,1,11,151.1,74.36,44.07,56.11,197.84,88.51,1,Rouen 3-2 Stade Briochin,2026-03-13
Villefranche,1.14,2.43,-1.29,0.38,2.43,-2.05,0.0,0.0,0.0,0.38,2.43,-2.05,1,0,1,2.29,34.0,28.53,42.57,0.31,1.73,99,5,7,19,22.58,10.98,17.7,1,4,7,0,12,19.4,7.95,101.87,92.05,35.33,26.91,0,Châteauroux 0-1 Villefranche,2026-03-13
Châteauroux,2.43,1.14,1.29,2.43,0.38,2.05,0.0,0.0,0.0,2.43,0.38,2.05,0,1,-1,-2.29,66.0,71.47,52.79,1.73,0.31,321,24,19,7,10.98,22.58,7.12,4,1,35,6,17,224.5,92.05,8.8,7.95,95.97,73.09,2,Châteauroux 0-1 Villefranche,2026-03-13
Aubagne,0.89,4.2,-3.31,0.4,1.48,-1.08,0.48,1.19,-0.71,0.89,2.68,-1.79,1,2,-1,2.31,41.4,33.33,38.42,0.27,1.26,105,4,8,16,29.63,12.7,18.71,3,8,13,2,12,40.4,18.82,46.47,54.03,29.73,15.1,1,Dijon 2-1 Aubagne,2026-03-13
Dijon,4.2,0.89,3.31,1.48,0.4,1.08,1.19,0.48,0.71,2.68,0.89,1.79,2,1,1,-2.31,58.6,66.67,48.48,1.26,0.27,254,12,16,8,12.7,29.63,7.68,8,3,21,5,14,174.3,81.18,39.53,45.97,167.1,84.9,3,Dijon 2-1 Aubagne,2026-03-13
Valenciennes,1.12,1.5,-0.38,1.0,1.5,-0.5,0.12,0.0,0.12,1.12,1.5,-0.38,3,2,1,1.38,65.2,67.6,48.11,0.53,0.45,252,10,13,10,24.53,22.22,12.36,5,4,24,5,6,150.3,81.07,25.13,20.79,110.8,64.99,2,Villefranche 2-3 Valenciennes,2026-03-06
Villefranche,1.5,1.12,0.38,1.5,1.0,0.5,0.0,0.12,-0.12,1.5,1.12,0.38,2,3,-1,-1.38,34.8,32.4,39.44,0.45,0.53,97,6,10,13,22.22,24.53,22.9,4,5,12,4,11,35.1,18.93,95.73,79.21,59.7,35.01,1,Villefranche 2-3 Valenciennes,2026-03-06
Versailles,2.05,1.06,0.99,1.19,0.74,0.45,0.1,0.32,-0.22,1.29,1.06,0.23,2,2,0,-0.99,55.6,57.44,46.35,0.71,0.43,197,15,15,6,21.13,13.95,9.03,5,3,14,2,10,105.5,69.18,33.47,40.55,96.23,61.08,1,Quevilly-Rouen Métropole 2-2 Versailles,2026-03-06
Quevilly-Rouen Métropole,1.06,2.05,-0.99,0.74,1.19,-0.45,0.32,0.1,0.22,1.06,1.29,-0.23,2,2,0,0.99,44.4,42.56,41.82,0.43,0.71,124,8,6,15,13.95,21.13,15.84,3,5,13,4,12,47.0,30.82,49.07,59.45,61.33,38.92,0,Quevilly-Rouen Métropole 2-2 Versailles,2026-03-06
Orléans,3.65,0.9,2.75,3.65,0.52,3.13,0.0,0.39,-0.39,3.65,0.9,2.75,3,1,2,-0.75,47.3,47.26,45.21,1.18,0.6,141,14,11,10,9.32,16.67,7.71,2,9,10,3,18,64.0,47.69,51.67,73.53,125.83,83.0,0,Stade Briochin 1-3 Orléans,2026-03-06
Stade Briochin,0.9,3.65,-2.75,0.52,3.65,-3.13,0.39,0.0,0.39,0.9,3.65,-2.75,1,3,-2,0.75,52.7,52.74,45.2,0.6,1.18,179,12,10,11,16.67,9.32,7.95,9,2,25,5,17,70.2,52.31,18.6,26.47,25.77,17.0,1,Stade Briochin 1-3 Orléans,2026-03-06
Châteauroux,0.6,1.75,-1.15,0.6,1.56,-0.96,0.0,0.19,-0.19,0.6,1.75,-1.15,2,2,0,1.15,40.1,43.58,43.75,0.53,0.71,148,6,6,17,11.32,23.94,12.03,5,8,14,2,10,30.5,20.12,87.93,83.85,46.01,22.75,0,Caen 2-2 Châteauroux,2026-03-06
Caen,1.75,0.6,1.15,1.56,0.6,0.96,0.19,0.0,0.19,1.75,0.6,1.15,2,2,0,-1.15,59.9,56.42,44.51,0.71,0.53,229,6,17,6,23.94,11.32,6.65,8,5,18,6,19,121.1,79.88,16.93,16.15,156.2,77.25,1,Caen 2-2 Châteauroux,2026-03-06
Le Puy Foot,1.0,1.65,-0.65,0.77,0.81,-0.04,0.23,0.84,-0.61,1.0,1.65,-0.65,1,0,1,1.65,42.2,40.3,45.44,0.7,0.73,149,20,12,10,17.14,13.7,14.38,0,5,19,5,13,88.3,42.88,68.67,75.4,95.47,44.14,1,Paris 13 Atletico 0-1 Le Puy Foot,2026-03-06
Paris 13 Atletico,1.65,1.0,0.65,0.81,0.77,0.04,0.84,0.23,0.61,1.65,1.0,0.65,0,1,-1,-1.65,57.8,59.7,48.8,0.73,0.7,246,14,10,12,13.7,17.14,8.78,5,0,41,9,14,117.6,57.12,22.4,24.6,120.8,55.86,1,Paris 13 Atletico 0-1 Le Puy Foot,2026-03-06
Rouen,1.92,1.84,0.08,1.35,1.84,-0.49,0.56,0.0,0.56,1.92,1.84,0.08,1,3,-2,-2.08,40.5,43.03,48.52,0.96,0.87,168,7,9,11,9.38,12.64,11.06,3,4,15,7,11,75.7,36.27,86.2,85.46,111.3,67.67,2,Bourg-Péronnas 3-1 Rouen,2026-03-06
Bourg-Péronnas,1.84,1.92,-0.08,1.84,1.35,0.49,0.0,0.56,-0.56,1.84,1.92,-0.08,3,1,2,2.08,59.5,56.97,48.71,0.87,0.96,236,8,11,9,12.64,9.38,8.52,4,3,23,3,17,133.0,63.73,14.67,14.54,53.17,32.33,0,Bourg-Péronnas 3-1 Rouen,2026-03-06
Dijon,0.67,0.8,-0.13,0.42,0.67,-0.25,0.24,0.13,0.11,0.67,0.8,-0.13,1,1,0,0.13,64.6,62.38,43.25,0.64,0.47,242,8,7,12,10.94,25.53,8.91,5,3,17,4,12,103.1,58.02,27.6,16.4,54.53,32.73,2,Concarneau 1-1 Dijon,2026-03-06
Concarneau,0.8,0.67,0.13,0.67,0.42,0.25,0.13,0.24,-0.11,0.8,0.67,0.13,1,1,0,-0.13,35.4,37.62,44.27,0.47,0.64,137,10,12,7,25.53,10.94,16.41,3,5,15,3,16,74.6,41.98,140.67,83.6,112.1,67.27,3,Concarneau 1-1 Dijon,2026-03-06
Fleury,1.11,1.34,-0.23,1.03,0.26,0.77,0.08,0.32,-0.24,1.11,0.58,0.53,2,1,1,1.23,45.9,43.95,47.44,0.49,0.69,183,8,12,11,24.49,15.94,9.72,4,3,7,2,18,54.7,38.31,49.67,59.31,58.5,36.98,1,Aubagne 1-2 Fleury,2026-03-06
Aubagne,1.34,1.11,0.23,0.26,1.03,-0.77,0.32,0.08,0.24,0.58,1.11,-0.53,1,2,-1,-1.23,54.1,56.05,46.56,0.69,0.49,193,12,11,12,15.94,24.49,8.44,3,4,39,12,15,88.1,61.69,34.07,40.69,99.7,63.02,1,Aubagne 1-2 Fleury,2026-03-06
Rouen,1.34,1.61,-0.27,0.37,1.49,-1.12,0.21,0.12,0.09,0.58,1.61,-1.03,1,1,0,0.27,37.9,45.29,47.41,0.58,1.02,140,10,9,18,15.52,17.65,10.93,8,13,16,4,15,54.4,34.39,109.27,91.01,106.87,66.31,1,Orléans 1-1 Rouen,2026-02-28
Orléans,1.61,1.34,0.27,1.49,0.37,1.12,0.12,0.21,-0.09,1.61,0.58,1.03,1,1,0,-0.27,62.1,54.71,45.2,1.02,0.58,224,17,18,9,17.65,15.52,6.21,13,8,18,6,16,103.8,65.61,10.8,8.99,54.3,33.69,0,Orléans 1-1 Rouen,2026-02-28
Bourg-Péronnas,1.73,0.48,1.25,0.97,0.48,0.49,0.0,0.0,0.0,0.97,0.48,0.49,2,2,0,-1.25,52.4,54.18,44.81,0.76,0.53,197,5,9,6,11.84,11.32,9.18,2,1,22,1,21,91.5,73.14,47.33,49.65,108.23,69.95,0,Quevilly-Rouen Métropole 2-2 Bourg-Péronnas,2026-02-28
Quevilly-Rouen Métropole,0.48,1.73,-1.25,0.48,0.97,-0.49,0.0,0.0,0.0,0.48,0.97,-0.49,2,2,0,1.25,47.6,45.82,42.23,0.53,0.76,148,6,6,9,11.32,11.84,12.25,1,2,17,2,18,33.6,26.86,48.0,50.35,46.5,30.05,1,Quevilly-Rouen Métropole 2-2 Bourg-Péronnas,2026-02-28
Caen,1.23,2.23,-1.0,1.11,1.96,-0.85,0.12,0.27,-0.15,1.23,2.23,-1.0,1,2,-1,0.0,62.5,56.0,43.71,0.9,0.61,230,13,11,16,12.22,26.23,9.87,8,2,14,5,9,110.8,56.79,16.27,12.64,66.57,33.93,0,Valenciennes 2-1 Caen,2026-02-28
Valenciennes,2.23,1.23,1.0,1.96,1.11,0.85,0.27,0.12,0.15,2.23,1.23,1.0,2,1,1,0.0,37.5,44.0,45.96,0.61,0.9,153,9,16,11,26.23,12.22,21.88,2,8,24,6,12,84.3,43.21,112.4,87.36,129.6,66.07,2,Valenciennes 2-1 Caen,2026-02-28
Aubagne,1.17,2.67,-1.5,1.12,2.55,-1.43,0.05,0.12,-0.07,1.17,2.67,-1.5,0,3,-3,-1.5,56.1,45.45,43.66,0.96,0.82,163,8,14,16,14.58,19.51,8.14,4,11,15,2,14,56.4,37.38,9.33,12.76,30.07,15.41,1,Versailles 3-0 Aubagne,2026-02-27
Versailles,2.67,1.17,1.5,2.55,1.12,1.43,0.12,0.05,0.07,2.67,1.17,1.5,3,0,3,1.5,43.9,54.55,45.44,0.82,0.96,149,18,16,14,19.51,14.58,11.68,11,4,13,2,9,94.5,62.62,63.8,87.24,165.12,84.59,1,Versailles 3-0 Aubagne,2026-02-27
Villefranche,0.47,3.89,-3.42,0.47,2.2,-1.73,0.0,0.18,-0.18,0.47,2.37,-1.9,1,2,-1,2.42,52.0,45.26,44.14,0.5,0.86,144,9,5,22,10.0,25.58,8.11,3,5,20,2,19,21.3,15.48,22.13,28.52,11.73,5.79,5,Sochaux 2-1 Villefranche,2026-02-27
Sochaux,3.89,0.47,3.42,2.2,0.47,1.73,0.18,0.0,0.18,2.37,0.47,1.9,2,1,1,-2.42,48.0,54.74,48.36,0.86,0.5,159,12,22,5,25.58,10.0,6.83,5,3,19,9,16,116.3,84.52,55.47,71.48,190.8,94.21,0,Sochaux 2-1 Villefranche,2026-02-27
Stade Briochin,1.11,2.73,-1.62,1.11,2.73,-1.62,0.0,0.0,0.0,1.11,2.73,-1.62,1,1,0,1.62,35.6,32.76,46.44,0.81,1.85,123,8,7,14,8.64,7.57,11.94,5,2,12,1,11,13.6,8.91,108.13,98.6,58.03,41.61,1,Le Puy Foot 1-1 Stade Briochin,2026-02-27
Le Puy Foot,2.73,1.11,1.62,2.73,1.11,1.62,0.0,0.0,0.0,2.73,1.11,1.62,1,1,0,-1.62,64.4,67.24,46.76,1.85,0.81,230,14,14,7,7.57,8.64,7.66,2,5,27,7,17,139.1,91.09,1.53,1.4,81.43,58.39,1,Le Puy Foot 1-1 Stade Briochin,2026-02-27
Concarneau,2.2,0.81,1.39,1.75,0.81,0.94,0.45,0.0,0.45,2.2,0.81,1.39,4,0,4,2.61,29.6,34.78,43.54,0.77,0.95,93,5,9,8,11.69,8.42,11.14,10,5,9,2,14,28.9,22.09,144.4,98.05,179.53,92.1,3,Fleury 0-4 Concarneau,2026-02-27
Fleury,0.81,2.2,-1.39,0.81,1.75,-0.94,0.0,0.45,-0.45,0.81,2.2,-1.39,0,4,-4,-2.61,70.4,65.22,46.75,0.95,0.77,258,15,8,9,8.42,11.69,6.19,5,10,11,3,11,101.9,77.91,2.87,1.95,15.4,7.9,1,Fleury 0-4 Concarneau,2026-02-27
Paris 13 Atletico,1.32,2.6,-1.28,0.56,2.35,-1.79,0.0,0.25,-0.25,0.56,2.6,-2.04,1,0,1,2.28,46.0,36.23,41.68,0.29,1.35,131,2,5,21,17.24,15.56,11.79,4,7,11,3,12,25.7,13.72,51.13,54.67,42.03,19.91,0,Châteauroux 0-1 Paris 13 Atletico,2026-02-27
Châteauroux,2.6,1.32,1.28,2.35,0.56,1.79,0.25,0.0,0.25,2.6,0.56,2.04,0,1,-1,-2.28,54.0,63.77,48.16,1.35,0.29,226,18,21,5,15.56,17.24,10.28,7,4,36,8,10,161.6,86.28,42.4,45.33,169.1,80.09,0,Châteauroux 0-1 Paris 13 Atletico,2026-02-27
Dijon,3.1,0.92,2.18,2.79,0.91,1.88,0.31,0.01,0.3,3.1,0.92,2.18,2,1,1,-1.18,52.1,59.36,46.34,0.77,0.39,208,14,21,9,27.27,23.08,7.36,10,2,16,4,10,122.0,82.82,39.33,57.39,145.33,84.33,1,Villefranche 1-2 Dijon,2026-02-20
Villefranche,0.92,3.1,-2.18,0.91,2.79,-1.88,0.01,0.31,-0.3,0.92,3.1,-2.18,1,2,-1,1.18,47.9,40.64,41.37,0.39,0.77,141,5,9,21,23.08,27.27,16.68,2,10,14,3,16,25.3,17.18,29.2,42.61,27.0,15.67,1,Villefranche 1-2 Dijon,2026-02-20
Sochaux,1.83,1.0,0.83,1.05,0.62,0.43,0.02,0.37,-0.35,1.07,1.0,0.07,3,1,2,1.17,37.8,41.5,45.69,0.53,0.91,152,8,8,11,15.09,12.09,16.53,3,5,14,4,13,50.5,34.05,128.53,94.23,133.13,80.98,0,Caen 1-3 Sochaux,2026-02-20
Caen,1.0,1.83,-0.83,0.62,1.05,-0.43,0.37,0.02,0.35,1.0,1.07,-0.07,1,3,-2,-1.17,62.2,58.5,43.92,0.91,0.53,221,13,11,8,12.09,15.09,10.25,5,3,27,5,10,97.8,65.95,7.87,5.77,31.27,19.02,1,Caen 1-3 Sochaux,2026-02-20
Valenciennes,0.72,1.77,-1.05,0.51,0.42,0.09,0.21,0.59,-0.38,0.72,1.01,-0.29,1,1,0,1.05,52.4,53.74,48.29,0.71,0.68,219,15,9,11,12.68,16.18,11.03,10,4,15,4,10,103.5,50.74,34.13,37.45,76.1,44.23,4,Paris 13 Atletico 1-1 Valenciennes,2026-02-20
Paris 13 Atletico,1.77,0.72,1.05,0.42,0.51,-0.09,0.59,0.21,0.38,1.01,0.72,0.29,1,1,0,-1.05,47.6,46.26,45.9,0.68,0.71,185,12,11,9,16.18,12.68,19.25,4,10,25,4,7,100.5,49.26,57.0,62.55,95.97,55.77,1,Paris 13 Atletico 1-1 Valenciennes,2026-02-20
Le Puy Foot,1.16,2.85,-1.69,1.16,2.44,-1.28,0.0,0.42,-0.42,1.16,2.85,-1.69,1,1,0,1.69,52.5,43.64,42.71,1.22,0.97,193,13,8,17,6.56,17.53,11.5,4,4,14,4,14,44.8,27.52,10.6,10.01,13.37,7.63,1,Rouen 1-1 Le Puy Foot,2026-02-20
Rouen,2.85,1.16,1.69,2.44,1.16,1.28,0.42,0.0,0.42,2.85,1.16,1.69,1,1,0,-1.69,47.5,56.36,51.82,0.97,1.22,244,17,17,8,17.53,6.56,13.83,4,4,28,8,10,118.0,72.48,95.33,89.99,161.8,92.37,0,Rouen 1-1 Le Puy Foot,2026-02-20
Orléans,1.64,0.39,1.25,1.64,0.39,1.25,0.0,0.0,0.0,1.64,0.39,1.25,3,0,3,1.75,53.7,61.86,45.84,0.81,0.22,242,12,8,6,9.88,27.27,12.55,6,2,21,4,11,101.8,78.61,53.73,43.9,116.07,75.34,2,Bourg-Péronnas 0-3 Orléans,2026-02-20
Bourg-Péronnas,0.39,1.64,-1.25,0.39,1.64,-1.25,0.0,0.0,0.0,0.39,1.64,-1.25,0,3,-3,-1.75,46.3,38.14,40.93,0.22,0.81,151,1,6,8,27.27,9.88,16.92,2,6,10,0,13,27.7,21.39,68.67,56.1,38.0,24.66,0,Bourg-Péronnas 0-3 Orléans,2026-02-20
Versailles,1.58,1.31,0.27,1.44,1.3,0.14,0.14,0.02,0.12,1.58,1.31,0.27,2,0,2,1.73,55.2,50.4,42.17,0.45,0.77,151,9,11,20,24.44,25.97,8.97,7,2,20,5,15,55.4,41.94,26.8,29.39,68.87,38.77,1,Concarneau 0-2 Versailles,2026-02-20
Concarneau,1.31,1.58,-0.27,1.3,1.44,-0.14,0.02,0.14,-0.12,1.31,1.58,-0.27,0,2,-2,-1.73,44.8,49.6,45.05,0.77,0.45,146,16,20,11,25.97,24.44,12.77,2,7,13,1,8,76.7,58.06,64.4,70.61,108.77,61.23,7,Concarneau 0-2 Versailles,2026-02-20
Quevilly-Rouen Métropole,0.5,0.45,0.05,0.17,0.25,-0.08,0.34,0.2,0.14,0.5,0.45,0.05,1,0,1,0.95,36.1,32.14,46.71,0.68,0.78,113,4,9,10,13.24,12.82,12.9,6,3,12,2,18,44.8,29.81,75.53,94.5,108.0,66.07,1,Aubagne 0-1 Quevilly-Rouen Métropole,2026-02-20
Aubagne,0.45,0.5,-0.05,0.25,0.17,0.08,0.2,0.34,-0.14,0.45,0.5,-0.05,0,1,-1,-0.95,63.9,67.86,45.23,0.78,0.68,195,11,10,9,12.82,13.24,5.24,3,6,28,7,13,105.5,70.19,4.4,5.5,55.47,33.93,4,Aubagne 0-1 Quevilly-Rouen Métropole,2026-02-20
Fleury,4.34,1.95,2.39,2.0,1.85,0.15,2.34,0.1,2.24,4.34,1.95,2.39,3,2,1,-1.39,60.8,61.54,50.6,1.22,0.88,306,32,21,11,17.21,12.5,11.75,5,3,29,7,8,159.2,73.81,13.0,12.79,113.27,63.24,0,Stade Briochin 2-3 Fleury,2026-02-17
Stade Briochin,1.95,4.34,-2.39,1.85,2.0,-0.15,0.1,2.34,-2.24,1.95,4.34,-2.39,2,3,-1,1.39,39.2,38.46,48.49,0.88,1.22,177,11,11,21,12.5,17.21,25.24,3,5,22,4,9,56.5,26.19,88.67,87.21,65.83,36.76,0,Stade Briochin 2-3 Fleury,2026-02-17
Stade Briochin,1.82,2.45,-0.63,1.71,2.08,-0.37,0.11,0.37,-0.26,1.82,2.45,-0.63,2,1,1,1.63,36.3,32.19,39.9,0.79,0.68,97,10,12,18,15.19,26.47,12.44,4,6,12,4,12,54.4,24.19,67.0,86.93,94.77,59.6,0,Valenciennes 1-2 Stade Briochin,2026-02-13
Valenciennes,2.45,1.82,0.63,2.08,1.71,0.37,0.37,0.11,0.26,2.45,1.82,0.63,1,2,-1,-1.63,63.7,67.81,50.51,0.68,0.79,317,18,18,12,26.47,15.19,10.75,6,4,28,8,11,170.5,75.81,10.07,13.07,64.23,40.4,6,Valenciennes 1-2 Stade Briochin,2026-02-13
Paris 13 Atletico,1.34,1.2,0.14,0.58,0.89,-0.31,0.0,0.3,-0.3,0.58,1.2,-0.62,1,1,0,-0.14,27.3,18.55,42.06,0.09,1.15,88,2,7,18,77.78,15.65,15.64,3,9,9,2,16,13.9,4.56,138.6,96.84,25.53,15.35,0,Sochaux 1-1 Paris 13 Atletico,2026-02-13
Sochaux,1.2,1.34,-0.14,0.89,0.58,0.31,0.3,0.0,0.3,1.2,0.58,0.62,1,1,0,0.14,72.7,81.45,55.73,1.15,0.09,434,20,18,7,15.65,77.78,6.11,9,3,38,6,6,290.7,95.44,4.53,3.16,140.77,84.65,2,Sochaux 1-1 Paris 13 Atletico,2026-02-13
Orléans,1.87,1.52,0.35,1.68,0.84,0.84,0.19,0.68,-0.49,1.87,1.52,0.35,1,1,0,-0.35,43.1,48.36,51.51,0.85,1.44,200,17,18,16,21.18,11.11,9.81,5,2,15,3,12,99.1,48.15,83.13,88.95,147.4,72.75,0,Le Puy Foot 1-1 Orléans,2026-02-13
Le Puy Foot,1.52,1.87,-0.35,0.84,1.68,-0.84,0.68,0.19,0.49,1.52,1.87,-0.35,1,1,0,0.35,56.9,51.64,42.95,1.44,0.85,203,19,16,18,11.11,21.18,10.67,2,5,22,7,16,106.7,51.85,10.33,11.05,55.2,27.25,1,Le Puy Foot 1-1 Orléans,2026-02-13
Villefranche,2.3,1.83,0.47,1.36,1.79,-0.43,0.18,0.04,0.14,1.54,1.83,-0.29,2,2,0,-0.47,41.0,49.49,52.11,0.76,1.51,148,15,12,11,15.79,7.28,11.48,6,0,18,6,13,92.9,55.9,57.2,94.59,127.03,63.82,3,Fleury 2-2 Villefranche,2026-02-13
Fleury,1.83,2.3,-0.47,1.79,1.36,0.43,0.04,0.18,-0.14,1.83,1.54,0.29,2,2,0,0.47,59.0,50.51,45.55,1.51,0.76,160,18,11,12,7.28,15.79,6.55,0,6,20,7,15,73.3,44.1,3.27,5.41,72.0,36.18,0,Fleury 2-2 Villefranche,2026-02-13
Rouen,3.03,0.89,2.14,2.97,0.81,2.16,0.07,0.07,0.0,3.03,0.89,2.14,2,1,1,-1.14,45.2,52.22,53.72,1.05,0.44,184,21,18,10,17.14,22.73,9.67,3,2,14,2,18,123.5,67.08,78.2,83.91,168.63,80.28,0,Châteauroux 1-2 Rouen,2026-02-13
Châteauroux,0.89,3.03,-2.14,0.81,2.97,-2.16,0.07,0.07,0.0,0.89,3.03,-2.14,1,2,-1,1.14,54.8,47.78,46.75,0.44,1.05,169,14,10,18,22.73,17.14,8.25,2,3,19,6,15,60.6,32.92,15.0,16.09,41.43,19.72,0,Châteauroux 1-2 Rouen,2026-02-13
Caen,1.48,5.19,-3.71,0.72,4.78,-4.06,0.0,0.41,-0.41,0.72,5.19,-4.47,3,3,0,3.71,43.6,31.91,37.49,0.3,1.57,100,5,6,29,20.0,18.47,9.94,4,7,6,2,13,14.8,7.32,43.53,64.08,22.5,15.2,1,Dijon 3-3 Caen,2026-02-13
Dijon,5.19,1.48,3.71,4.78,0.72,4.06,0.41,0.0,0.41,5.19,0.72,4.47,3,3,0,-3.71,56.4,68.09,48.58,1.57,0.3,216,17,29,6,18.47,20.0,8.89,7,4,47,8,10,187.4,92.68,24.4,35.92,125.57,84.8,0,Dijon 3-3 Caen,2026-02-13
Bourg-Péronnas,1.16,2.52,-1.36,1.16,2.52,-1.36,0.0,0.0,0.0,1.16,2.52,-1.36,0,1,-1,0.36,42.2,52.31,46.96,0.49,0.77,177,7,9,9,18.37,11.69,17.46,4,2,24,1,10,84.0,60.69,79.07,70.01,113.27,70.91,1,Aubagne 1-0 Bourg-Péronnas,2026-02-13
Aubagne,2.52,1.16,1.36,2.52,1.16,1.36,0.0,0.0,0.0,2.52,1.16,1.36,1,0,1,-0.36,57.8,47.69,45.21,0.77,0.49,199,11,9,9,11.69,18.37,13.22,2,4,11,3,7,54.4,39.31,33.87,29.99,46.47,29.09,0,Aubagne 1-0 Bourg-Péronnas,2026-02-13
Concarneau,2.21,1.55,0.66,1.45,0.93,0.52,0.0,0.62,-0.62,1.45,1.55,-0.1,1,2,-1,-1.66,46.9,56.16,46.82,0.89,0.56,154,12,10,12,11.24,21.43,9.46,6,2,13,2,14,75.7,46.82,106.13,73.37,114.47,75.29,6,Quevilly-Rouen Métropole 2-1 Concarneau,2026-02-12
Quevilly-Rouen Métropole,1.55,2.21,-0.66,0.93,1.45,-0.52,0.62,0.0,0.62,1.55,1.45,0.1,2,1,1,1.66,53.1,43.84,40.54,0.56,0.89,130,8,12,10,21.43,11.24,10.8,2,6,26,5,11,86.0,53.18,38.53,26.63,37.57,24.71,0,Quevilly-Rouen Métropole 2-1 Concarneau,2026-02-12
Versailles,1.9,1.92,-0.02,1.36,1.8,-0.44,0.54,0.12,0.42,1.9,1.92,-0.02,0,1,-1,-0.98,51.2,60.95,49.15,0.9,0.61,206,14,17,11,18.89,18.03,7.78,5,2,23,8,18,118.4,73.45,36.27,48.66,107.6,72.6,4,Villefranche 1-0 Versailles,2026-02-06
Villefranche,1.92,1.9,0.02,1.8,1.36,0.44,0.12,0.54,-0.42,1.92,1.9,0.02,1,0,1,0.98,48.8,39.05,42.98,0.61,0.9,128,5,11,17,18.03,18.89,8.54,2,5,13,3,16,42.8,26.55,38.27,51.34,40.6,27.4,0,Villefranche 1-0 Versailles,2026-02-06
Sochaux,0.61,0.7,-0.09,0.5,0.7,-0.2,0.1,0.0,0.1,0.61,0.7,-0.09,1,1,0,0.09,59.1,57.04,44.5,0.38,0.33,185,5,7,8,18.42,24.24,6.75,5,8,19,3,11,80.4,59.25,13.87,12.63,66.57,38.57,0,Stade Briochin 1-1 Sochaux,2026-02-06
Stade Briochin,0.7,0.61,0.09,0.7,0.5,0.2,0.0,0.1,-0.1,0.7,0.61,0.09,1,1,0,-0.09,40.9,42.96,45.6,0.33,0.38,136,9,8,7,24.24,18.42,9.85,8,5,23,6,21,55.3,40.75,95.93,87.37,106.03,61.43,2,Stade Briochin 1-1 Sochaux,2026-02-06
Fleury,1.59,1.33,0.26,1.33,1.29,0.04,0.26,0.04,0.22,1.59,1.33,0.26,0,1,-1,-1.26,46.2,55.95,51.79,0.84,0.5,198,11,11,10,13.1,20.0,11.43,4,4,21,4,9,115.9,63.33,66.47,74.74,122.1,75.42,1,Caen 1-0 Fleury,2026-02-06
Caen,1.33,1.59,-0.26,1.29,1.33,-0.04,0.04,0.26,-0.22,1.33,1.59,-0.26,1,0,1,1.26,53.8,44.05,44.11,0.5,0.84,165,13,10,11,20.0,13.1,7.23,4,4,22,7,18,67.1,36.67,22.47,25.26,39.8,24.58,0,Caen 1-0 Fleury,2026-02-06
Dijon,2.87,1.17,1.7,2.87,1.09,1.78,0.0,0.08,-0.08,2.87,1.17,1.7,4,1,3,1.3,43.0,42.34,41.56,0.65,0.86,136,9,10,9,15.38,10.47,12.22,5,4,8,5,19,49.8,33.22,81.93,72.21,119.8,82.51,0,Paris 13 Atletico 1-4 Dijon,2026-02-06
Paris 13 Atletico,1.17,2.87,-1.7,1.09,2.87,-1.78,0.08,0.0,0.08,1.17,2.87,-1.7,1,4,-3,-1.3,57.0,57.66,45.56,0.86,0.65,222,15,9,10,10.47,15.38,11.06,4,5,29,4,8,100.1,66.78,31.53,27.79,25.4,17.49,1,Paris 13 Atletico 1-4 Dijon,2026-02-06
Châteauroux,1.36,1.97,-0.61,1.35,1.91,-0.56,0.01,0.06,-0.05,1.36,1.97,-0.61,2,2,0,0.61,44.3,44.87,44.71,0.32,1.27,158,8,11,13,34.38,10.24,9.54,3,6,24,2,15,46.2,27.3,60.33,69.3,49.87,32.93,1,Orléans 2-2 Châteauroux,2026-02-06
Orléans,1.97,1.36,0.61,1.91,1.35,0.56,0.06,0.01,0.05,1.97,1.36,0.61,2,2,0,-0.61,55.7,55.13,49.0,1.27,0.32,213,16,13,11,10.24,34.38,9.06,6,3,21,3,16,123.0,72.7,26.73,30.7,101.57,67.07,1,Orléans 2-2 Châteauroux,2026-02-06
Valenciennes,1.02,1.33,-0.31,0.81,1.21,-0.4,0.21,0.12,0.09,1.02,1.33,-0.31,2,1,1,1.31,46.5,33.54,44.68,0.31,0.85,162,5,6,18,19.35,21.18,9.84,5,8,10,2,13,29.6,14.04,39.47,61.22,43.93,21.5,1,Rouen 1-2 Valenciennes,2026-02-06
Rouen,1.33,1.02,0.31,1.21,0.81,0.4,0.12,0.21,-0.09,1.33,1.02,0.31,1,2,-1,-1.31,53.5,66.46,50.08,0.85,0.31,226,11,18,6,21.18,19.35,7.21,8,5,30,9,18,181.3,85.96,25.0,38.78,160.37,78.5,2,Rouen 1-2 Valenciennes,2026-02-06
Le Puy Foot,0.77,1.98,-1.21,0.75,1.92,-1.17,0.03,0.06,-0.03,0.77,1.98,-1.21,0,1,-1,0.21,65.5,66.78,50.0,0.7,0.59,315,9,9,15,12.86,25.42,10.16,3,1,27,7,6,95.5,64.75,8.2,7.7,41.6,28.83,5,Bourg-Péronnas 1-0 Le Puy Foot,2026-02-06
Bourg-Péronnas,1.98,0.77,1.21,1.92,0.75,1.17,0.06,0.03,0.03,1.98,0.77,1.21,1,0,1,-0.21,34.5,33.22,41.18,0.59,0.7,93,6,15,9,25.42,12.86,22.48,1,3,12,6,18,52.0,35.25,98.27,92.3,102.67,71.17,0,Bourg-Péronnas 1-0 Le Puy Foot,2026-02-06
Aubagne,0.43,1.76,-1.33,0.43,1.0,-0.57,0.0,0.0,0.0,0.43,1.0,-0.57,0,1,-1,0.33,55.7,48.08,44.27,0.37,0.8,187,6,6,12,16.22,15.0,9.77,5,8,17,4,16,46.7,38.47,22.93,22.6,36.33,22.97,4,Concarneau 1-0 Aubagne,2026-02-06
Concarneau,1.76,0.43,1.33,1.0,0.43,0.57,0.0,0.0,0.0,1.0,0.43,0.57,1,0,1,-0.33,44.3,51.92,44.65,0.8,0.37,153,7,12,6,15.0,16.22,8.15,8,5,19,3,15,74.7,61.53,78.53,77.4,121.83,77.03,2,Concarneau 1-0 Aubagne,2026-02-06
Orléans,1.18,3.31,-2.13,1.18,3.17,-1.99,0.0,0.13,-0.13,1.18,3.31,-2.13,1,0,1,3.13,43.4,37.15,42.49,0.28,0.77,141,4,6,20,21.43,25.97,13.65,4,5,12,2,7,30.8,17.43,55.27,67.02,43.83,30.33,0,Valenciennes 0-1 Orléans,2026-01-31
Valenciennes,3.31,1.18,2.13,3.17,1.18,1.99,0.13,0.0,0.13,3.31,1.18,2.13,0,1,-1,-3.13,56.6,62.85,46.95,0.77,0.28,250,18,20,6,25.97,21.43,11.0,5,4,16,7,16,145.9,82.57,27.2,32.98,100.67,69.67,9,Valenciennes 0-1 Orléans,2026-01-31
Caen,1.95,1.06,0.89,0.72,1.03,-0.31,1.23,0.04,1.19,1.95,1.06,0.89,1,2,-1,-1.89,73.4,63.28,43.19,0.68,0.14,227,13,6,10,8.82,71.43,5.06,2,6,20,4,19,104.7,64.79,5.47,2.72,42.9,17.48,0,Versailles 2-1 Caen,2026-01-30
Versailles,1.06,1.95,-0.89,1.03,0.72,0.31,0.04,1.23,-1.19,1.06,1.95,-0.89,2,1,1,1.89,26.6,36.72,45.85,0.14,0.68,97,8,10,6,71.43,8.82,14.68,6,2,16,4,13,56.9,35.21,195.47,97.28,202.57,82.52,0,Versailles 2-1 Caen,2026-01-30
Villefranche,2.09,1.22,0.87,1.4,0.72,0.68,0.69,0.5,0.19,2.09,1.22,0.87,2,1,1,0.13,42.2,36.6,42.86,0.37,1.12,144,8,13,12,35.14,10.71,14.62,4,4,17,6,13,59.4,32.66,88.53,67.31,82.8,51.12,0,Quevilly-Rouen Métropole 1-2 Villefranche,2026-01-30
Quevilly-Rouen Métropole,1.22,2.09,-0.87,0.72,1.4,-0.68,0.5,0.69,-0.19,1.22,2.09,-0.87,1,2,-1,-0.13,57.8,63.4,49.55,1.12,0.37,274,11,12,13,10.71,35.14,10.56,4,4,24,6,12,122.5,67.34,43.0,32.69,79.17,48.88,1,Quevilly-Rouen Métropole 1-2 Villefranche,2026-01-30
Rouen,1.32,1.78,-0.46,1.26,1.47,-0.21,0.05,0.31,-0.26,1.32,1.78,-0.46,1,1,0,0.46,56.5,64.18,48.93,0.98,0.53,210,14,11,14,11.22,26.42,8.18,4,3,22,9,10,140.2,68.69,18.13,27.33,118.83,58.41,2,Sochaux 1-1 Rouen,2026-01-30
Sochaux,1.78,1.32,0.46,1.47,1.26,0.21,0.31,0.05,0.26,1.78,1.32,0.46,1,1,0,-0.46,43.5,35.82,43.48,0.53,0.98,123,9,14,11,26.42,11.22,11.48,3,4,12,6,14,63.9,31.31,48.2,72.67,84.6,41.59,0,Sochaux 1-1 Rouen,2026-01-30
Paris 13 Atletico,0.67,1.41,-0.74,0.67,0.62,0.05,0.0,0.03,-0.03,0.67,0.65,0.02,0,1,-1,-0.26,48.4,42.14,40.0,0.36,0.45,125,10,7,9,19.44,20.0,8.62,8,8,16,2,18,54.5,35.86,33.13,39.72,42.47,22.89,3,Fleury 1-0 Paris 13 Atletico,2026-01-30
Fleury,1.41,0.67,0.74,0.62,0.67,-0.05,0.03,0.0,0.03,0.65,0.67,-0.02,1,0,1,0.26,51.6,57.86,46.65,0.45,0.36,187,11,9,7,20.0,19.44,7.72,8,8,14,3,16,97.5,64.14,50.27,60.28,143.1,77.11,0,Fleury 1-0 Paris 13 Atletico,2026-01-30
Le Puy Foot,1.26,0.22,1.04,1.13,0.22,0.91,0.13,0.0,0.13,1.26,0.22,1.04,2,0,2,0.96,60.4,56.07,44.31,0.62,0.34,215,16,11,7,17.74,20.59,8.41,6,1,23,7,14,88.8,70.81,26.13,23.14,72.37,49.88,0,Châteauroux 0-2 Le Puy Foot,2026-01-30
Châteauroux,0.22,1.26,-1.04,0.22,1.13,-0.91,0.0,0.13,-0.13,0.22,1.26,-1.04,0,2,-2,-0.96,39.6,43.93,45.54,0.34,0.62,150,9,7,11,20.59,17.74,13.09,1,6,24,5,14,36.6,29.19,86.8,76.86,72.73,50.12,0,Châteauroux 0-2 Le Puy Foot,2026-01-30
Stade Briochin,0.34,2.3,-1.96,0.13,1.61,-1.48,0.21,0.7,-0.49,0.34,2.3,-1.96,0,0,0,1.96,37.3,21.92,42.18,0.25,1.53,114,8,7,23,28.0,15.03,21.16,2,7,13,6,10,15.8,5.77,79.0,80.12,23.47,10.22,0,Dijon 0-0 Stade Briochin,2026-01-30
Dijon,2.3,0.34,1.96,1.61,0.13,1.48,0.7,0.21,0.49,2.3,0.34,1.96,0,0,0,-1.96,62.7,78.08,55.34,1.53,0.25,364,29,23,7,15.03,28.0,9.7,7,2,48,12,7,257.8,94.23,19.6,19.88,206.07,89.78,3,Dijon 0-0 Stade Briochin,2026-01-30
Bourg-Péronnas,0.93,1.85,-0.92,0.9,1.57,-0.67,0.04,0.28,-0.24,0.93,1.85,-0.92,1,0,1,1.92,30.1,32.48,39.0,0.49,1.24,81,8,6,14,12.24,11.29,22.32,2,2,12,2,6,26.3,16.27,138.47,95.85,86.8,67.22,0,Concarneau 0-1 Bourg-Péronnas,2026-01-30
Concarneau,1.85,0.93,0.92,1.57,0.9,0.67,0.28,0.04,0.24,1.85,0.93,0.92,0,1,-1,-1.92,69.9,67.52,47.58,1.24,0.49,296,15,14,6,11.29,12.24,12.0,2,2,31,6,13,135.3,83.73,6.0,4.15,42.33,32.78,6,Concarneau 0-1 Bourg-Péronnas,2026-01-30
Dijon,0.73,0.6,0.13,0.73,0.6,0.13,0.0,0.0,0.0,0.73,0.6,0.13,0,0,0,-0.13,56.4,53.0,45.08,0.65,0.61,212,6,6,6,9.23,9.84,7.09,3,6,13,3,17,75.8,49.9,15.0,16.3,37.2,27.21,0,Rouen 0-0 Dijon,2026-01-24
Rouen,0.6,0.73,-0.13,0.6,0.73,-0.13,0.0,0.0,0.0,0.6,0.73,-0.13,0,0,0,0.13,43.6,47.0,43.82,0.61,0.65,155,9,6,6,9.84,9.23,11.33,6,3,17,6,12,76.1,50.1,77.0,83.7,99.5,72.79,1,Rouen 0-0 Dijon,2026-01-24
Quevilly-Rouen Métropole,1.53,0.44,1.09,1.53,0.38,1.15,0.0,0.06,-0.06,1.53,0.44,1.09,0,0,0,-1.09,42.8,42.7,46.82,0.74,0.6,153,13,9,5,12.16,8.33,13.38,6,5,18,2,15,72.3,47.98,71.2,78.47,86.13,67.98,0,Caen 0-0 Quevilly-Rouen Métropole,2026-01-23
Caen,0.44,1.53,-1.09,0.38,1.53,-1.15,0.06,0.0,0.06,0.44,1.53,-1.09,0,0,0,1.09,57.2,57.3,46.97,0.6,0.74,226,8,5,9,8.33,12.16,9.83,5,6,20,3,9,78.4,52.02,19.53,21.53,40.57,32.02,0,Caen 0-0 Quevilly-Rouen Métropole,2026-01-23
Versailles,2.46,1.16,1.3,2.37,0.86,1.51,0.09,0.3,-0.21,2.46,1.16,1.3,3,1,2,0.7,44.9,47.39,46.18,1.2,0.55,145,11,15,8,12.5,14.55,9.68,3,3,18,4,14,87.5,53.06,56.27,61.12,104.67,60.65,0,Paris 13 Atletico 1-3 Versailles,2026-01-23
Paris 13 Atletico,1.16,2.46,-1.3,0.86,2.37,-1.51,0.3,0.09,0.21,1.16,2.46,-1.3,1,3,-2,-0.7,55.1,52.61,43.77,0.55,1.2,177,14,8,15,14.55,12.5,12.74,3,3,21,4,14,77.4,46.94,35.8,38.88,67.9,39.35,9,Paris 13 Atletico 1-3 Versailles,2026-01-23
Sochaux,1.63,0.74,0.89,0.7,0.72,-0.02,0.17,0.02,0.15,0.87,0.74,0.13,2,1,1,0.11,51.3,42.18,40.49,0.4,0.28,131,9,8,6,20.0,21.43,10.97,3,5,10,4,16,47.7,50.85,46.87,45.47,80.37,63.65,0,Orléans 1-2 Sochaux,2026-01-23
Orléans,0.74,1.63,-0.89,0.72,0.7,0.02,0.02,0.17,-0.15,0.74,0.87,-0.13,1,2,-1,-0.11,48.7,57.82,42.3,0.28,0.4,150,4,6,8,21.43,20.0,11.0,5,3,15,3,13,46.1,49.15,56.2,54.53,45.9,36.35,0,Orléans 1-2 Sochaux,2026-01-23
Valenciennes,0.59,1.78,-1.19,0.54,0.98,-0.44,0.05,0.04,0.01,0.59,1.02,-0.43,0,3,-3,-1.81,42.8,39.6,43.57,0.44,0.98,153,9,4,12,9.09,12.24,14.62,5,8,6,2,8,22.4,15.37,67.53,76.51,48.87,22.15,5,Le Puy Foot 3-0 Valenciennes,2026-01-23
Le Puy Foot,1.78,0.59,1.19,0.98,0.54,0.44,0.04,0.05,-0.01,1.02,0.59,0.43,3,0,3,1.81,57.2,60.4,45.11,0.98,0.44,211,11,12,4,12.24,9.09,13.0,8,5,17,6,6,123.3,84.63,20.73,23.49,171.72,77.85,2,Le Puy Foot 3-0 Valenciennes,2026-01-23
Châteauroux,0.62,0.34,0.28,0.55,0.3,0.25,0.07,0.04,0.03,0.62,0.34,0.28,1,1,0,-0.28,62.5,66.19,49.38,0.53,0.31,285,8,13,5,24.53,16.13,9.12,4,2,24,3,12,114.1,83.47,14.93,13.23,91.0,64.54,1,Bourg-Péronnas 1-1 Châteauroux,2026-01-23
Bourg-Péronnas,0.34,0.62,-0.28,0.3,0.55,-0.25,0.04,0.07,-0.03,0.34,0.62,-0.28,1,1,0,0.28,37.5,33.81,40.53,0.31,0.53,106,5,5,13,16.13,24.53,17.11,2,4,9,3,17,22.6,16.53,97.93,86.77,50.0,35.46,1,Bourg-Péronnas 1-1 Châteauroux,2026-01-23
Aubagne,1.75,1.51,0.24,1.12,1.5,-0.38,0.63,0.02,0.61,1.75,1.51,0.24,1,2,-1,-1.24,61.5,61.69,45.43,0.79,0.19,191,9,15,10,18.99,52.63,12.19,0,3,17,9,14,119.8,69.05,18.8,21.2,91.53,52.35,0,Villefranche 2-1 Aubagne,2026-01-23
Villefranche,1.51,1.75,-0.24,1.5,1.12,0.38,0.02,0.63,-0.61,1.51,1.75,-0.24,2,1,1,1.24,38.5,38.31,40.73,0.19,0.79,106,5,10,15,52.63,18.99,10.21,3,0,19,4,12,53.7,30.95,69.87,78.8,83.3,47.65,0,Villefranche 2-1 Aubagne,2026-01-23
Rouen,2.7,0.69,2.01,1.71,0.46,1.25,0.22,0.23,-0.01,1.94,0.69,1.25,3,1,2,-0.01,63.7,67.16,48.83,0.91,0.15,241,17,19,8,20.88,53.33,8.21,4,1,21,11,8,207.8,84.57,16.2,17.55,170.17,76.73,0,Versailles 1-3 Rouen,2026-01-16
Versailles,0.69,2.7,-2.01,0.46,1.71,-1.25,0.23,0.22,0.01,0.69,1.94,-1.25,1,3,-2,0.01,36.3,32.84,42.72,0.15,0.91,107,5,8,19,53.33,20.88,13.89,1,4,15,3,16,37.9,15.43,76.13,82.45,51.6,23.27,1,Versailles 1-3 Rouen,2026-01-16
Bourg-Péronnas,0.77,2.47,-1.7,0.53,1.9,-1.37,0.23,0.57,-0.34,0.77,2.47,-1.7,1,3,-2,-0.3,56.1,43.88,38.27,0.46,1.3,163,7,9,17,19.57,13.08,12.17,6,6,18,5,8,22.9,17.4,14.93,11.61,12.37,5.41,1,Valenciennes 3-1 Bourg-Péronnas,2026-01-16
Valenciennes,2.47,0.77,1.7,1.9,0.53,1.37,0.57,0.23,0.34,2.47,0.77,1.7,3,1,2,0.3,43.9,56.12,49.41,1.3,0.46,226,12,17,9,13.08,19.57,16.09,6,6,14,6,13,108.7,82.6,113.67,88.39,216.3,94.59,0,Valenciennes 3-1 Bourg-Péronnas,2026-01-16
Stade Briochin,0.93,0.24,0.69,0.92,0.09,0.83,0.01,0.14,-0.13,0.93,0.24,0.69,0,0,0,-0.69,53.9,55.47,46.97,0.62,0.28,232,7,9,3,14.52,10.71,14.81,5,4,20,3,12,113.6,66.63,40.47,41.89,108.0,61.72,1,Quevilly-Rouen Métropole 0-0 Stade Briochin,2026-01-16
Quevilly-Rouen Métropole,0.24,0.93,-0.69,0.09,0.92,-0.83,0.14,0.01,0.13,0.24,0.93,-0.69,0,0,0,0.69,46.1,44.53,40.31,0.28,0.62,133,4,3,9,10.71,14.52,17.56,4,5,21,6,9,56.9,33.37,56.13,58.11,66.97,38.28,0,Quevilly-Rouen Métropole 0-0 Stade Briochin,2026-01-16
Châteauroux,0.52,1.28,-0.76,0.31,1.08,-0.77,0.21,0.19,0.02,0.52,1.28,-0.76,0,1,-1,-0.24,54.0,46.09,41.06,0.53,0.37,133,11,9,17,16.98,45.95,7.39,5,6,19,4,17,57.2,41.12,8.33,9.01,39.97,20.29,0,Sochaux 1-0 Châteauroux,2026-01-16
Sochaux,1.28,0.52,0.76,1.08,0.31,0.77,0.19,0.21,-0.02,1.28,0.52,0.76,1,0,1,0.24,46.0,53.91,47.97,0.37,0.53,165,10,17,9,45.95,16.98,7.93,6,5,22,8,14,81.9,58.88,84.13,90.99,157.07,79.71,0,Sochaux 1-0 Châteauroux,2026-01-16
Orléans,1.33,3.65,-2.32,1.24,3.64,-2.4,0.09,0.02,0.07,1.33,3.65,-2.32,0,3,-3,-0.68,52.4,46.97,43.58,0.3,0.88,186,7,10,17,33.33,19.32,10.76,6,3,27,8,9,63.8,31.9,29.67,32.13,46.3,17.41,0,Fleury 3-0 Orléans,2026-01-16
Fleury,3.65,1.33,2.32,3.64,1.24,2.4,0.02,0.09,-0.07,3.65,1.33,2.32,3,0,3,0.68,47.6,53.03,47.35,0.88,0.3,191,10,17,10,19.32,33.33,13.74,3,6,5,3,13,136.2,68.1,62.67,67.87,219.66,82.59,2,Fleury 3-0 Orléans,2026-01-16
Le Puy Foot,1.08,2.85,-1.77,0.81,2.07,-1.26,0.27,0.02,0.25,1.08,2.09,-1.01,0,2,-2,-0.23,46.8,38.76,43.45,0.65,0.71,165,11,6,17,9.23,23.94,15.0,4,9,14,2,13,24.8,17.54,67.0,62.78,24.6,18.13,3,Dijon 2-0 Le Puy Foot,2026-01-16
Dijon,2.85,1.08,1.77,2.07,0.81,1.26,0.02,0.27,-0.25,2.09,1.08,1.01,2,0,2,0.23,53.2,61.24,46.04,0.71,0.65,202,10,17,6,23.94,9.23,9.41,9,4,30,8,10,116.6,82.46,39.73,37.22,111.07,81.87,1,Dijon 2-0 Le Puy Foot,2026-01-16
Caen,2.19,3.62,-1.43,0.88,2.05,-1.17,0.55,0.8,-0.25,1.43,2.86,-1.43,3,3,0,1.43,50.2,36.36,38.96,0.55,1.16,109,6,6,20,10.91,17.24,10.41,4,6,8,2,18,31.0,20.06,21.93,25.19,21.67,13.58,2,Concarneau 3-3 Caen,2026-01-16
Concarneau,3.62,2.19,1.43,2.05,0.88,1.17,0.8,0.55,0.25,2.86,1.43,1.43,3,3,0,-1.43,49.8,63.64,47.15,1.16,0.55,186,12,20,6,17.24,10.91,9.65,6,4,27,7,9,123.5,79.94,65.13,74.81,137.87,86.42,5,Concarneau 3-3 Caen,2026-01-16
Paris 13 Atletico,0.38,1.51,-1.13,0.32,1.49,-1.17,0.05,0.02,0.03,0.38,1.51,-1.13,1,1,0,1.13,32.0,29.14,39.59,0.21,0.7,80,6,9,12,42.86,17.14,14.4,2,7,9,3,18,27.0,15.98,105.8,88.56,76.47,56.1,2,Aubagne 1-1 Paris 13 Atletico,2026-01-16
Aubagne,1.51,0.38,1.13,1.49,0.32,1.17,0.02,0.05,-0.03,1.51,0.38,1.13,1,1,0,-1.13,68.0,70.86,49.59,0.7,0.21,273,10,12,9,17.14,42.86,6.94,7,2,32,7,12,142.0,84.02,13.67,11.44,59.83,43.9,1,Aubagne 1-1 Paris 13 Atletico,2026-01-16
Valenciennes,1.26,0.42,0.84,0.68,0.42,0.26,0.58,0.0,0.58,1.26,0.42,0.84,1,1,0,-0.84,55.1,69.2,49.73,0.48,0.19,233,6,13,6,27.08,31.58,5.68,11,2,35,7,20,126.4,81.55,39.4,45.25,127.1,71.54,0,Aubagne 1-1 Valenciennes,2025-10-21
Aubagne,0.42,1.26,-0.84,0.42,0.68,-0.26,0.0,0.58,-0.58,0.42,1.26,-0.84,1,1,0,0.84,44.9,30.8,39.95,0.19,0.48,111,7,6,13,31.58,27.08,8.84,2,11,6,1,23,28.6,18.45,47.67,54.75,50.57,28.46,2,Aubagne 1-1 Valenciennes,2025-10-21
Villefranche,0.76,2.94,-2.18,0.76,2.51,-1.75,0.0,0.43,-0.43,0.76,2.94,-2.18,1,2,-1,1.18,43.1,33.85,44.22,0.48,1.47,138,9,13,14,27.08,9.52,12.1,3,8,14,1,16,40.9,20.21,64.6,65.7,69.0,36.56,2,Versailles 2-1 Villefranche,2025-10-07
Versailles,2.94,0.76,2.18,2.51,0.76,1.75,0.43,0.0,0.43,2.94,0.76,2.18,2,1,1,-1.18,56.9,66.15,49.1,1.47,0.48,232,15,14,13,9.52,27.08,6.57,8,3,23,3,21,161.5,79.79,33.73,34.3,119.73,63.44,1,Versailles 2-1 Villefranche,2025-10-07
Villefranche,1.5,2.23,-0.73,1.48,2.16,-0.68,0.02,0.07,-0.05,1.5,2.23,-0.73,0,2,-2,-1.27,57.0,58.72,45.57,0.58,0.63,250,9,15,12,25.86,19.05,9.26,4,5,24,7,13,101.3,54.29,23.93,20.86,56.5,23.82,3,Valenciennes 2-0 Villefranche,2025-09-26
Valenciennes,2.23,1.5,0.73,2.16,1.48,0.68,0.07,0.02,0.05,2.23,1.5,0.73,2,0,2,1.27,43.0,41.28,44.28,0.63,0.58,158,7,12,15,19.05,25.86,11.85,5,4,12,4,14,85.3,45.71,90.8,79.14,180.7,76.18,0,Valenciennes 2-0 Villefranche,2025-09-26
Bourg-Péronnas,1.06,1.61,-0.55,1.05,0.79,0.26,0.02,0.06,-0.04,1.06,0.85,0.21,0,1,-1,-0.45,45.4,29.96,39.51,0.5,0.94,115,3,10,10,20.0,10.64,14.81,1,4,12,3,14,23.0,15.39,50.27,60.08,21.5,13.52,0,Rouen 1-0 Bourg-Péronnas,2025-09-26
Rouen,1.61,1.06,0.55,0.79,1.05,-0.26,0.06,0.02,0.04,0.85,1.06,-0.21,1,0,1,0.45,54.6,70.04,47.21,0.94,0.5,213,14,10,10,10.64,20.0,10.17,4,1,25,5,13,126.4,84.61,33.4,39.92,137.53,86.48,0,Rouen 1-0 Bourg-Péronnas,2025-09-26
Quevilly-Rouen Métropole,0.2,2.1,-1.9,0.2,1.81,-1.61,0.0,0.29,-0.29,0.2,2.1,-1.9,0,1,-1,0.9,55.4,29.76,37.59,0.36,0.81,121,4,4,14,11.11,17.28,9.24,3,3,8,1,8,26.3,14.59,16.6,13.11,6.37,2.46,0,Rouen 1-0 Quevilly-Rouen Métropole,2025-12-12
Rouen,2.1,0.2,1.9,1.81,0.2,1.61,0.29,0.0,0.29,2.1,0.2,1.9,1,0,1,-0.9,44.6,70.24,49.89,0.81,0.36,210,16,14,4,17.28,11.11,11.34,3,3,15,5,19,154.0,85.41,110.0,86.89,252.27,97.54,1,Rouen 1-0 Quevilly-Rouen Métropole,2025-12-12
Bourg-Péronnas,1.85,1.3,0.55,1.74,1.29,0.45,0.11,0.01,0.1,1.85,1.3,0.55,1,0,1,0.45,31.4,30.34,42.47,0.38,0.6,90,7,13,14,34.21,23.33,17.96,1,6,13,4,13,31.2,24.63,122.07,92.1,108.33,70.96,0,Villefranche 0-1 Bourg-Péronnas,2025-12-12
Villefranche,1.3,1.85,-0.55,1.29,1.74,-0.45,0.01,0.11,-0.1,1.3,1.85,-0.55,0,1,-1,-0.45,68.6,69.66,47.24,0.6,0.38,257,9,14,13,23.33,34.21,6.54,6,1,35,6,13,95.5,75.37,10.47,7.9,44.33,29.04,1,Villefranche 0-1 Bourg-Péronnas,2025-12-12
Aubagne,2.04,1.34,0.7,1.67,1.18,0.49,0.37,0.16,0.21,2.04,1.34,0.7,3,1,2,1.3,39.1,32.32,40.68,0.6,0.66,98,8,13,15,21.67,22.73,12.58,6,12,5,3,8,41.5,28.33,81.67,77.19,106.27,64.29,0,Stade Briochin 1-3 Aubagne,2025-12-12
Stade Briochin,1.34,2.04,-0.7,1.18,1.67,-0.49,0.16,0.37,-0.21,1.34,2.04,-0.7,1,3,-2,-1.3,60.9,67.68,46.07,0.66,0.6,226,9,15,13,22.73,21.67,8.86,12,6,21,4,15,105.0,71.67,24.13,22.81,59.03,35.71,0,Stade Briochin 1-3 Aubagne,2025-12-12
Concarneau,0.61,1.0,-0.39,0.61,0.94,-0.33,0.0,0.05,-0.05,0.61,1.0,-0.39,0,0,0,0.39,43.8,49.36,41.34,0.24,0.4,146,3,7,10,29.17,25.0,19.03,5,4,11,2,8,58.9,46.27,117.33,90.63,133.93,77.79,5,Paris 13 Atletico 0-0 Concarneau,2025-12-12
Paris 13 Atletico,1.0,0.61,0.39,0.94,0.61,0.33,0.05,0.0,0.05,1.0,0.61,0.39,0,0,0,-0.39,56.2,50.64,37.89,0.4,0.24,169,5,10,7,25.0,29.17,20.81,4,5,11,2,6,68.4,53.73,12.13,9.37,38.23,22.21,4,Paris 13 Atletico 0-0 Concarneau,2025-12-12
Fleury,1.03,1.98,-0.95,0.84,1.02,-0.18,0.19,0.21,-0.02,1.03,1.22,-0.19,1,2,-1,-0.05,58.1,66.76,50.27,0.98,0.88,247,18,7,9,7.14,10.23,10.16,3,5,17,5,18,154.5,82.01,46.6,51.82,167.8,79.4,0,Le Puy Foot 2-1 Fleury,2025-12-12
Le Puy Foot,1.98,1.03,0.95,1.02,0.84,0.18,0.21,0.19,0.02,1.22,1.03,0.19,2,1,1,0.05,41.9,33.24,41.35,0.88,0.98,116,13,9,7,10.23,7.14,10.26,5,3,15,6,7,33.9,17.99,43.33,48.18,43.53,20.6,1,Le Puy Foot 2-1 Fleury,2025-12-12
Dijon,1.18,1.23,-0.05,1.0,0.99,0.01,0.18,0.24,-0.06,1.18,1.23,-0.05,0,0,0,0.05,55.1,64.01,48.87,0.84,1.03,253,17,13,11,15.48,10.68,10.83,5,1,24,2,12,141.8,63.67,47.73,43.05,106.3,63.61,1,Châteauroux 0-0 Dijon,2025-12-12
Châteauroux,1.23,1.18,0.05,0.99,1.0,-0.01,0.24,0.18,0.06,1.23,1.18,0.05,0,0,0,-0.05,44.9,35.99,42.89,1.03,0.84,151,19,11,13,10.68,15.48,21.2,1,5,19,6,14,80.9,36.33,63.13,56.95,60.8,36.39,0,Châteauroux 0-0 Dijon,2025-12-12
Caen,2.41,0.82,1.59,2.36,0.82,1.54,0.04,0.0,0.04,2.41,0.82,1.59,1,1,0,-1.59,53.0,68.18,49.29,1.15,0.48,217,15,13,11,11.3,22.92,10.79,2,5,19,3,17,132.8,80.68,44.33,54.91,138.5,79.57,2,Villefranche 1-1 Caen,2025-12-05
Villefranche,0.82,2.41,-1.59,0.82,2.36,-1.54,0.0,0.04,-0.04,0.82,2.41,-1.59,1,1,0,1.59,47.0,31.82,37.04,0.48,1.15,109,9,11,13,22.92,11.3,10.77,5,2,11,4,11,31.8,19.32,36.4,45.09,35.57,20.43,2,Villefranche 1-1 Caen,2025-12-05
Le Puy Foot,1.24,0.77,0.47,0.44,0.69,-0.25,0.03,0.08,-0.05,0.48,0.77,-0.29,3,0,3,2.53,46.4,49.83,44.89,0.54,0.6,185,9,10,11,18.52,18.33,12.41,3,4,13,5,18,68.6,51.23,62.47,45.95,101.4,70.96,0,Versailles 0-3 Le Puy Foot,2025-12-05
Versailles,0.77,1.24,-0.47,0.69,0.44,0.25,0.08,0.03,0.05,0.77,0.48,0.29,0,3,-3,-2.53,53.6,50.17,45.29,0.6,0.54,202,14,11,10,18.33,18.52,10.4,4,3,21,6,14,65.3,48.77,73.47,54.05,41.5,29.04,1,Versailles 0-3 Le Puy Foot,2025-12-05
Orléans,2.21,0.79,1.42,1.99,0.79,1.2,0.22,0.0,0.22,2.21,0.79,1.42,1,0,1,-0.42,51.1,55.71,48.97,0.63,0.52,251,12,17,7,26.98,13.46,13.71,6,9,25,7,12,136.6,67.13,76.4,54.16,159.53,78.92,0,Quevilly-Rouen Métropole 0-1 Orléans,2025-12-05
Quevilly-Rouen Métropole,0.79,2.21,-1.42,0.79,1.99,-1.2,0.0,0.22,-0.22,0.79,2.21,-1.42,0,1,-1,0.42,48.9,44.29,43.63,0.52,0.63,176,8,7,17,13.46,26.98,10.69,9,6,22,1,10,66.9,32.87,64.67,45.84,42.6,21.08,0,Quevilly-Rouen Métropole 0-1 Orléans,2025-12-05
Châteauroux,1.19,0.76,0.43,0.73,0.68,0.05,0.46,0.08,0.38,1.19,0.76,0.43,0,0,0,-0.43,39.4,26.65,38.79,0.5,0.71,99,12,12,8,24.0,11.27,11.1,3,8,18,9,10,18.6,11.6,60.0,68.28,42.13,24.04,0,Fleury 0-0 Châteauroux,2025-12-05
Fleury,0.76,1.19,-0.43,0.68,0.73,-0.05,0.08,0.46,-0.38,0.76,1.19,-0.43,0,0,0,0.43,60.6,73.35,50.67,0.71,0.5,251,16,8,12,11.27,24.0,9.48,8,3,38,14,13,141.7,88.4,27.87,31.72,133.1,75.96,4,Fleury 0-0 Châteauroux,2025-12-05
Sochaux,2.85,1.8,1.05,2.85,1.8,1.05,0.0,0.0,0.0,2.85,1.8,1.05,3,1,2,0.95,44.5,51.25,45.39,0.73,0.73,172,12,10,9,13.7,12.33,12.75,7,5,11,2,10,82.3,57.31,84.8,69.51,144.03,80.66,0,Bourg-Péronnas 1-3 Sochaux,2025-12-05
Bourg-Péronnas,1.8,2.85,-1.05,1.8,2.85,-1.05,0.0,0.0,0.0,1.8,2.85,-1.05,1,3,-2,-0.95,55.5,48.75,41.0,0.73,0.73,165,5,9,10,12.33,13.7,15.4,5,7,19,4,7,61.3,42.69,37.2,30.49,34.53,19.34,0,Bourg-Péronnas 1-3 Sochaux,2025-12-05
Valenciennes,0.8,2.07,-1.27,0.8,2.07,-1.27,0.0,0.0,0.0,0.8,2.07,-1.27,1,4,-3,-1.73,42.1,43.84,43.11,0.23,1.03,157,6,5,12,21.74,11.65,17.93,2,8,11,2,10,43.6,31.96,62.13,57.5,17.71,9.44,0,Dijon 4-1 Valenciennes,2025-12-05
Dijon,2.07,0.8,1.27,2.07,0.8,1.27,0.0,0.0,0.0,2.07,0.8,1.27,4,1,3,1.73,57.9,56.16,46.67,1.03,0.23,260,10,12,5,11.65,21.74,9.8,8,2,14,4,10,92.8,68.04,45.93,42.5,169.98,90.56,2,Dijon 4-1 Valenciennes,2025-12-05
Stade Briochin,1.19,2.17,-0.98,1.19,1.34,-0.15,0.0,0.83,-0.83,1.19,2.17,-0.98,2,2,0,0.98,31.4,27.53,38.19,0.57,1.1,74,5,6,13,10.53,11.82,33.53,2,5,5,1,11,33.4,15.97,142.47,91.64,107.0,63.57,0,Concarneau 2-2 Stade Briochin,2025-12-05
Concarneau,2.17,1.19,0.98,1.34,1.19,0.15,0.83,0.0,0.83,2.17,1.19,0.98,2,2,0,-0.98,68.6,72.47,48.0,1.1,0.57,316,11,13,6,11.82,10.53,8.78,5,2,19,3,8,175.7,84.03,13.0,8.36,61.33,36.43,1,Concarneau 2-2 Stade Briochin,2025-12-05
Rouen,2.01,1.68,0.33,1.62,0.92,0.7,0.39,0.0,0.39,2.01,0.92,1.09,1,1,0,-0.33,42.6,54.91,49.95,1.17,0.71,188,12,12,6,10.26,8.45,13.76,5,6,24,2,13,124.2,67.43,113.27,96.42,200.73,91.37,1,Aubagne 1-1 Rouen,2025-12-05
Aubagne,1.68,2.01,-0.33,0.92,1.62,-0.7,0.0,0.39,-0.39,0.92,2.01,-1.09,1,1,0,0.33,57.4,45.09,43.7,0.71,1.17,203,5,6,12,8.45,10.26,6.95,6,5,15,1,16,60.0,32.57,4.2,3.58,18.97,8.63,0,Aubagne 1-1 Rouen,2025-12-05
Fleury,1.83,1.14,0.69,0.97,0.84,0.13,0.86,0.29,0.57,1.83,1.14,0.69,2,0,2,1.31,38.0,40.62,46.14,0.29,1.11,159,9,11,10,37.93,9.01,13.5,3,3,16,3,12,65.5,35.27,88.27,86.2,133.37,84.84,1,Valenciennes 0-2 Fleury,2025-11-21
Valenciennes,1.14,1.83,-0.69,0.84,0.97,-0.13,0.29,0.86,-0.57,1.14,1.83,-0.69,0,2,-2,-1.31,62.0,59.38,46.68,1.11,0.29,284,11,10,11,9.01,37.93,10.48,3,3,35,7,12,120.2,64.73,14.13,13.8,23.83,15.16,0,Valenciennes 0-2 Fleury,2025-11-21
Dijon,1.66,1.28,0.38,1.62,1.28,0.34,0.04,0.0,0.04,1.66,1.28,0.38,1,0,1,0.62,64.0,64.63,47.78,0.92,0.22,239,17,14,8,15.22,36.36,6.05,8,4,22,5,20,125.2,84.37,12.6,10.64,76.43,54.39,0,Sochaux 0-1 Dijon,2025-11-21
Sochaux,1.28,1.66,-0.38,1.28,1.62,-0.34,0.0,0.04,-0.04,1.28,1.66,-0.38,0,1,-1,-0.62,36.0,35.37,43.41,0.22,0.92,114,5,8,14,36.36,15.22,11.24,4,8,11,2,13,23.2,15.63,105.87,89.36,64.1,45.61,1,Sochaux 0-1 Dijon,2025-11-21
Bourg-Péronnas,1.83,1.06,0.77,1.33,1.06,0.27,0.5,0.0,0.5,1.83,1.06,0.77,0,1,-1,-1.77,52.0,47.32,42.92,0.33,0.74,170,11,13,8,39.39,10.81,12.17,5,2,18,5,9,78.7,55.38,24.47,28.02,58.33,41.74,0,Caen 1-0 Bourg-Péronnas,2025-11-21
Caen,1.06,1.83,-0.77,1.06,1.33,-0.27,0.0,0.5,-0.5,1.06,1.83,-0.77,1,0,1,1.77,48.0,52.68,47.92,0.74,0.33,201,10,8,13,10.81,39.39,12.71,2,5,24,3,14,63.4,44.62,62.87,71.98,81.43,58.26,0,Caen 1-0 Bourg-Péronnas,2025-11-21
Villefranche,0.69,1.94,-1.25,0.42,1.94,-1.52,0.26,0.0,0.26,0.69,1.94,-1.25,0,1,-1,0.25,46.1,53.36,48.23,0.44,0.66,168,5,12,14,27.27,21.21,13.15,8,3,21,4,8,63.7,48.85,74.2,80.71,96.93,61.39,2,Paris 13 Atletico 1-0 Villefranche,2025-11-21
Paris 13 Atletico,1.94,0.69,1.25,1.94,0.42,1.52,0.0,0.26,-0.26,1.94,0.69,1.25,1,0,1,-0.25,53.9,46.64,43.2,0.66,0.44,167,7,14,12,21.21,27.27,10.38,3,8,9,1,9,66.7,51.15,17.73,19.29,60.97,38.61,0,Paris 13 Atletico 1-0 Villefranche,2025-11-21
Aubagne,3.61,2.06,1.55,2.85,1.85,1.0,0.0,0.21,-0.21,2.85,2.06,0.79,4,2,2,0.45,36.7,33.83,38.85,0.54,0.34,117,8,11,15,20.37,44.12,13.97,3,6,7,2,15,50.8,30.69,88.8,83.09,87.4,56.88,0,Orléans 2-4 Aubagne,2025-11-21
Orléans,2.06,3.61,-1.55,1.85,2.85,-1.0,0.21,0.0,0.21,2.06,2.85,-0.79,2,4,-2,-0.45,63.3,66.17,44.11,0.34,0.54,251,6,15,11,44.12,20.37,8.76,6,3,36,8,12,114.7,69.31,18.07,16.91,66.27,43.12,0,Orléans 2-4 Aubagne,2025-11-21
Quevilly-Rouen Métropole,1.02,2.03,-1.01,1.02,1.77,-0.75,0.0,0.27,-0.27,1.02,2.03,-1.01,1,2,-1,0.01,44.4,36.91,39.48,0.78,1.11,128,8,7,15,8.97,13.51,16.56,1,4,14,0,11,48.2,24.42,52.2,48.91,45.5,22.53,0,Le Puy Foot 2-1 Quevilly-Rouen Métropole,2025-11-21
Le Puy Foot,2.03,1.02,1.01,1.77,1.02,0.75,0.27,0.0,0.27,2.03,1.02,1.01,2,1,1,-0.01,55.6,63.09,49.65,1.11,0.78,277,19,15,7,13.51,8.97,11.58,4,1,25,8,11,149.2,75.58,54.53,51.09,156.43,77.47,0,Le Puy Foot 2-1 Quevilly-Rouen Métropole,2025-11-21
Concarneau,0.1,0.98,-0.88,0.1,0.77,-0.67,0.0,0.2,-0.2,0.1,0.98,-0.88,0,0,0,0.88,49.3,33.33,40.04,0.14,0.79,122,5,4,14,28.57,17.72,10.44,4,6,8,1,12,15.4,10.75,53.4,41.89,18.87,11.04,2,Rouen 0-0 Concarneau,2025-11-21
Rouen,0.98,0.1,0.88,0.77,0.1,0.67,0.2,0.0,0.2,0.98,0.1,0.88,0,0,0,-0.88,50.7,66.67,46.53,0.79,0.14,206,11,14,4,17.72,28.57,9.47,6,4,18,8,18,127.9,89.25,74.07,58.11,152.03,88.96,0,Rouen 0-0 Concarneau,2025-11-21
Versailles,1.19,1.41,-0.22,1.17,1.25,-0.08,0.01,0.16,-0.15,1.19,1.41,-0.22,3,1,2,2.22,44.9,43.75,42.43,0.42,0.7,136,9,11,19,26.19,27.14,6.85,9,7,22,5,21,58.8,38.16,49.07,64.68,82.1,52.15,1,Châteauroux 1-3 Versailles,2025-11-21
Châteauroux,1.41,1.19,0.22,1.25,1.17,0.08,0.16,0.01,0.15,1.41,1.19,0.22,1,3,-2,-2.22,55.1,56.25,47.54,0.7,0.42,219,14,19,11,27.14,26.19,7.29,7,9,24,5,17,95.3,61.84,26.8,35.32,75.33,47.85,0,Châteauroux 1-3 Versailles,2025-11-21
Stade Briochin,1.26,1.35,-0.09,1.07,1.35,-0.28,0.19,0.0,0.19,1.26,1.35,-0.09,1,3,-2,-1.91,51.4,54.04,51.18,0.56,0.6,202,12,9,13,16.07,21.67,7.86,6,1,28,6,15,66.3,51.72,62.6,68.34,83.5,58.28,0,Villefranche 3-1 Stade Briochin,2025-11-07
Villefranche,1.35,1.26,0.09,1.35,1.07,0.28,0.0,0.19,-0.19,1.35,1.26,0.09,3,1,2,1.91,48.6,45.96,43.47,0.6,0.56,145,8,13,9,21.67,16.07,8.73,1,6,16,4,14,61.9,48.28,29.0,31.66,59.77,41.72,0,Villefranche 3-1 Stade Briochin,2025-11-07
Valenciennes,1.06,1.62,-0.56,0.96,1.35,-0.39,0.1,0.28,-0.18,1.06,1.62,-0.56,1,1,0,0.56,44.2,54.75,46.73,0.87,0.99,181,15,12,17,13.79,17.17,11.78,11,2,13,1,13,65.9,45.64,86.8,83.46,128.13,75.26,2,Versailles 1-1 Valenciennes,2025-11-07
Versailles,1.62,1.06,0.56,1.35,0.96,0.39,0.28,0.1,0.18,1.62,1.06,0.56,1,1,0,-0.56,55.8,45.25,40.82,0.99,0.87,167,15,17,12,17.17,13.79,8.83,2,11,21,8,16,78.5,54.36,17.2,16.54,42.13,24.74,1,Versailles 1-1 Valenciennes,2025-11-07
Châteauroux,0.64,0.94,-0.3,0.44,0.67,-0.23,0.21,0.26,-0.05,0.64,0.94,-0.3,3,0,3,3.3,63.3,61.25,46.88,0.6,0.17,204,15,8,12,13.33,70.59,5.62,8,4,15,4,19,109.1,64.1,10.2,12.97,86.03,51.08,1,Quevilly-Rouen Métropole 0-3 Châteauroux,2025-11-07
Quevilly-Rouen Métropole,0.94,0.64,0.3,0.67,0.44,0.23,0.26,0.21,0.05,0.94,0.64,0.3,0,3,-3,-3.3,36.7,38.75,43.64,0.17,0.6,106,6,12,8,70.59,13.33,12.58,4,8,13,5,9,61.1,35.9,68.47,87.03,82.4,48.92,0,Quevilly-Rouen Métropole 0-3 Châteauroux,2025-11-07
Paris 13 Atletico,0.35,2.31,-1.96,0.23,1.98,-1.75,0.12,0.32,-0.2,0.35,2.31,-1.96,0,0,0,1.96,40.6,29.27,39.92,0.3,1.21,118,5,7,24,23.33,19.83,15.88,5,5,10,1,10,7.8,3.46,66.13,63.92,6.53,3.37,5,Caen 0-0 Paris 13 Atletico,2025-11-07
Caen,2.31,0.35,1.96,1.98,0.23,1.75,0.32,0.12,0.2,2.31,0.35,1.96,0,0,0,-1.96,59.4,70.73,50.62,1.21,0.3,294,20,24,7,19.83,23.33,10.71,5,5,28,8,16,217.5,96.54,37.33,36.08,187.43,96.63,1,Caen 0-0 Paris 13 Atletico,2025-11-07
Sochaux,1.07,2.34,-1.27,1.07,2.34,-1.27,0.0,0.0,0.0,1.07,2.34,-1.27,0,0,0,1.27,40.7,34.51,39.91,0.24,1.21,104,2,8,15,33.33,12.4,11.66,4,2,11,5,10,29.3,18.02,61.6,84.93,51.07,32.85,0,Fleury 0-0 Sochaux,2025-11-07
Fleury,2.34,1.07,1.27,2.34,1.07,1.27,0.0,0.0,0.0,2.34,1.07,1.27,0,0,0,-1.27,59.3,65.49,47.76,1.21,0.24,225,15,15,8,12.4,33.33,7.91,2,4,28,5,16,133.3,81.98,10.93,15.07,104.4,67.15,2,Fleury 0-0 Sochaux,2025-11-07
Dijon,1.97,2.96,-0.99,1.97,2.04,-0.07,0.0,0.16,-0.16,1.97,2.2,-0.23,2,1,1,1.99,41.2,37.23,42.0,0.59,1.29,128,10,8,16,13.56,12.4,11.5,5,7,7,2,16,38.2,21.51,91.93,76.78,67.1,58.52,1,Bourg-Péronnas 1-2 Dijon,2025-11-07
Bourg-Péronnas,2.96,1.97,0.99,2.04,1.97,0.07,0.16,0.0,0.16,2.2,1.97,0.23,1,2,-1,-1.99,58.8,62.77,45.81,1.29,0.59,218,13,16,8,12.4,13.56,8.77,7,5,32,4,9,139.4,78.49,27.8,23.22,47.57,41.48,0,Bourg-Péronnas 1-2 Dijon,2025-11-07
Orléans,1.02,3.56,-2.54,0.9,3.41,-2.51,0.11,0.15,-0.04,1.02,3.56,-2.54,0,3,-3,-0.46,62.3,59.36,43.07,0.68,0.51,229,10,7,18,10.29,35.29,11.56,3,5,26,5,11,101.5,52.16,13.8,9.17,41.1,17.33,0,Concarneau 3-0 Orléans,2025-11-07
Concarneau,3.56,1.02,2.54,3.41,0.9,2.51,0.15,0.11,0.04,3.56,1.02,2.54,3,0,3,0.46,37.7,40.64,44.18,0.51,0.68,135,11,18,7,35.29,10.29,15.47,5,3,16,5,12,93.1,47.84,136.73,90.83,196.1,82.67,2,Concarneau 3-0 Orléans,2025-11-07
Le Puy Foot,3.78,0.52,3.26,2.23,0.45,1.78,0.04,0.07,-0.03,2.26,0.52,1.74,4,1,3,-0.26,50.3,58.28,48.83,1.35,0.3,216,19,13,5,9.63,16.67,10.46,7,1,17,5,14,138.4,81.65,70.13,68.62,222.17,94.75,2,Aubagne 1-4 Le Puy Foot,2025-11-07
Aubagne,0.52,3.78,-3.26,0.45,2.23,-1.78,0.07,0.04,0.03,0.52,2.26,-1.74,1,4,-3,0.26,49.7,41.72,41.31,0.3,1.35,156,2,5,13,16.67,9.63,11.73,1,7,10,5,18,31.1,18.35,32.07,31.38,12.3,5.25,1,Aubagne 1-4 Le Puy Foot,2025-11-07
Villefranche,1.62,1.78,-0.16,1.23,1.61,-0.38,0.38,0.17,0.21,1.62,1.78,-0.16,1,2,-1,-0.84,55.1,40.52,41.19,0.78,0.88,115,12,10,13,12.82,14.77,7.6,1,4,11,4,19,42.6,34.89,25.47,30.22,36.7,26.45,1,Rouen 2-1 Villefranche,2025-11-01
Rouen,1.78,1.62,0.16,1.61,1.23,0.38,0.17,0.38,-0.21,1.78,1.62,0.16,2,1,1,0.84,44.9,59.48,47.02,0.88,0.78,145,12,13,10,14.77,12.82,9.38,4,1,17,8,14,79.5,65.11,58.8,69.78,102.03,73.55,1,Rouen 2-1 Villefranche,2025-11-01
Quevilly-Rouen Métropole,0.9,1.02,-0.12,0.56,0.38,0.18,0.34,0.64,-0.3,0.9,1.02,-0.12,0,2,-2,-1.88,34.9,25.85,38.36,0.41,0.39,102,4,8,18,19.51,46.15,23.0,2,12,13,3,7,36.6,16.27,152.4,93.27,40.2,20.81,0,Valenciennes 2-0 Quevilly-Rouen Métropole,2025-10-31
Valenciennes,1.02,0.9,0.12,0.38,0.56,-0.18,0.64,0.34,0.3,1.02,0.9,0.12,2,0,2,1.88,65.1,74.15,52.68,0.39,0.41,417,7,18,8,46.15,19.51,7.76,12,2,29,7,12,188.4,83.73,11.0,6.73,152.93,79.19,0,Valenciennes 2-0 Quevilly-Rouen Métropole,2025-10-31
Caen,2.87,1.5,1.37,2.11,1.4,0.71,0.0,0.1,-0.1,2.11,1.5,0.61,1,1,0,-1.37,66.1,62.12,45.73,0.67,0.83,234,15,21,12,31.34,14.46,8.67,4,2,13,2,14,155.2,77.06,1.53,1.38,79.37,47.23,1,Stade Briochin 1-1 Caen,2025-10-31
Stade Briochin,1.5,2.87,-1.37,1.4,2.11,-0.71,0.1,0.0,0.1,1.5,2.11,-0.61,1,1,0,1.37,33.9,37.88,42.07,0.83,0.67,89,8,12,21,14.46,31.34,19.82,2,4,11,2,11,46.2,22.94,109.33,98.62,88.67,52.77,1,Stade Briochin 1-1 Caen,2025-10-31
Versailles,0.86,1.51,-0.65,0.86,1.43,-0.57,0.0,0.08,-0.08,0.86,1.51,-0.65,0,2,-2,-1.35,66.4,62.78,43.85,0.53,0.27,224,11,11,14,20.75,51.85,6.36,5,2,19,3,17,110.3,61.69,10.33,7.39,26.67,13.22,2,Sochaux 2-0 Versailles,2025-10-31
Sochaux,1.51,0.86,0.65,1.43,0.86,0.57,0.08,0.0,0.08,1.51,0.86,0.65,2,0,2,1.35,33.6,37.22,43.2,0.27,0.53,108,5,14,11,51.85,20.75,15.69,2,5,10,5,14,68.5,38.31,129.53,92.61,175.03,86.78,0,Sochaux 2-0 Versailles,2025-10-31
Bourg-Péronnas,2.12,1.72,0.4,1.42,1.18,0.24,0.7,0.54,0.16,2.12,1.72,0.4,1,2,-1,-1.4,54.2,49.3,46.03,1.06,0.33,219,9,14,10,13.21,30.3,10.43,7,7,19,4,10,62.7,48.45,31.4,35.98,66.0,37.46,0,Paris 13 Atletico 2-1 Bourg-Péronnas,2025-10-31
Paris 13 Atletico,1.72,2.12,-0.4,1.18,1.42,-0.24,0.54,0.7,-0.16,1.72,2.12,-0.4,2,1,1,1.4,45.8,50.7,42.87,0.33,1.06,147,7,10,14,30.3,13.21,12.34,7,7,14,9,11,66.7,51.55,55.87,64.02,110.17,62.54,3,Paris 13 Atletico 2-1 Bourg-Péronnas,2025-10-31
Concarneau,0.81,2.22,-1.41,0.63,2.11,-1.48,0.19,0.11,0.08,0.81,2.22,-1.41,1,1,0,1.41,33.5,26.37,39.3,0.31,0.77,82,4,8,17,25.81,22.08,12.74,3,4,9,2,16,26.1,13.71,93.67,93.73,78.1,45.67,1,Le Puy Foot 1-1 Concarneau,2025-10-31
Le Puy Foot,2.22,0.81,1.41,2.11,0.63,1.48,0.11,0.19,-0.08,2.22,0.81,1.41,1,1,0,-1.41,66.5,73.63,48.51,0.77,0.31,289,11,17,8,22.08,25.81,8.93,4,3,22,2,8,164.3,86.29,6.27,6.27,92.9,54.33,7,Le Puy Foot 1-1 Concarneau,2025-10-31
Aubagne,1.41,1.05,0.36,1.25,0.86,0.39,0.16,0.19,-0.03,1.41,1.05,0.36,3,0,3,2.64,40.9,31.9,42.53,0.53,0.77,116,7,13,15,24.53,19.48,20.05,2,7,12,4,9,31.1,17.82,71.13,85.43,77.73,70.75,1,Châteauroux 0-3 Aubagne,2025-10-31
Châteauroux,1.05,1.41,-0.36,0.86,1.25,-0.39,0.19,0.16,0.03,1.05,1.41,-0.36,0,3,-3,-2.64,59.1,68.1,50.16,0.77,0.53,251,11,15,13,19.48,24.53,8.97,7,2,24,3,12,143.4,82.18,12.13,14.57,32.13,29.25,0,Châteauroux 0-3 Aubagne,2025-10-31
Fleury,0.28,3.12,-2.84,0.15,1.89,-1.74,0.14,0.47,-0.33,0.28,2.36,-2.08,1,0,1,3.84,30.5,26.17,41.82,0.2,1.14,95,4,3,21,15.0,18.42,15.24,7,11,10,3,11,16.4,6.46,97.53,93.42,42.87,28.19,0,Dijon 0-1 Fleury,2025-10-31
Dijon,3.12,0.28,2.84,1.89,0.15,1.74,0.47,0.14,0.33,2.36,0.28,2.08,0,1,-1,-3.84,69.5,73.83,51.86,1.14,0.2,324,20,21,3,18.42,15.0,6.31,11,7,46,12,12,237.5,93.54,6.87,6.58,109.2,71.81,1,Dijon 0-1 Fleury,2025-10-31
Rouen,0.54,0.75,-0.21,0.34,0.75,-0.41,0.2,0.0,0.2,0.54,0.75,-0.21,1,1,0,0.21,30.3,29.37,40.6,0.3,0.63,83,3,5,14,16.67,22.22,19.74,2,6,12,5,11,18.4,10.22,106.93,97.45,87.5,70.24,0,Caen 1-1 Rouen,2025-10-21
Caen,0.75,0.54,0.21,0.75,0.34,0.41,0.0,0.2,-0.2,0.75,0.54,0.21,1,1,0,-0.21,69.7,70.63,50.92,0.63,0.3,319,12,14,5,22.22,16.67,5.32,6,2,23,5,15,161.7,89.78,2.8,2.55,37.07,29.76,0,Caen 1-1 Rouen,2025-10-21
Orléans,1.1,2.68,-1.58,0.71,2.35,-1.64,0.39,0.33,0.06,1.1,2.68,-1.58,2,1,1,2.58,55.1,52.07,45.2,0.9,0.58,189,12,11,15,12.22,25.86,11.13,5,4,19,6,12,101.8,55.12,55.0,50.55,96.03,57.86,0,Villefranche 1-2 Orléans,2025-10-21
Villefranche,2.68,1.1,1.58,2.35,0.71,1.64,0.33,0.39,-0.06,2.68,1.1,1.58,1,2,-1,-2.58,44.9,47.93,42.65,0.58,0.9,157,16,15,11,25.86,12.22,14.17,4,5,18,7,13,82.9,44.88,53.8,49.45,69.93,42.14,4,Villefranche 1-2 Orléans,2025-10-21
Dijon,1.67,1.32,0.35,1.67,1.32,0.35,0.0,0.0,0.0,1.67,1.32,0.35,2,0,2,1.65,55.3,58.36,47.67,0.55,0.78,226,8,12,10,21.82,12.82,6.93,8,3,14,1,19,120.3,66.03,40.6,46.56,151.23,81.37,3,Versailles 0-2 Dijon,2025-10-21
Versailles,1.32,1.67,-0.35,1.32,1.67,-0.35,0.0,0.0,0.0,1.32,1.67,-0.35,0,2,-2,-1.65,44.7,41.64,44.62,0.78,0.55,155,11,10,12,12.82,21.82,10.36,3,8,21,5,14,61.9,33.97,46.6,53.44,34.63,18.63,2,Versailles 0-2 Dijon,2025-10-21
Sochaux,2.35,0.4,1.95,2.03,0.4,1.63,0.33,0.0,0.33,2.35,0.4,1.95,1,1,0,-1.95,50.8,64.64,50.65,1.14,0.24,267,12,17,8,14.91,33.33,13.14,10,1,20,7,13,176.3,82.31,80.87,67.17,226.67,91.36,2,Quevilly-Rouen Métropole 1-1 Sochaux,2025-10-21
Quevilly-Rouen Métropole,0.4,2.35,-1.95,0.4,2.03,-1.63,0.0,0.33,-0.33,0.4,2.35,-1.95,1,1,0,1.95,49.2,35.36,39.92,0.24,1.14,155,4,8,17,33.33,14.91,16.44,1,10,14,3,7,37.9,17.69,39.53,32.83,21.43,8.64,1,Quevilly-Rouen Métropole 1-1 Sochaux,2025-10-21
Stade Briochin,1.29,2.97,-1.68,0.77,2.76,-1.99,0.53,0.21,0.32,1.29,2.97,-1.68,0,3,-3,-1.32,55.5,66.43,48.49,0.49,0.51,235,9,11,14,22.45,27.45,13.6,4,2,23,5,10,137.8,71.96,44.13,48.25,122.43,71.09,0,Paris 13 Atletico 3-0 Stade Briochin,2025-10-21
Paris 13 Atletico,2.97,1.29,1.68,2.76,0.77,1.99,0.21,0.53,-0.32,2.97,1.29,1.68,3,0,3,1.32,44.5,33.57,40.38,0.51,0.49,113,5,14,11,27.45,22.45,12.4,2,4,15,3,10,53.7,28.04,47.33,51.75,49.8,28.91,1,Paris 13 Atletico 3-0 Stade Briochin,2025-10-21
Fleury,3.84,2.45,1.39,2.22,1.38,0.84,0.86,0.31,0.55,3.08,1.69,1.39,2,2,0,-1.39,61.8,62.5,46.4,1.45,1.09,221,21,16,14,11.03,12.84,9.84,2,4,32,11,14,135.4,73.39,12.67,13.79,86.27,52.04,3,Bourg-Péronnas 2-2 Fleury,2025-10-21
Bourg-Péronnas,2.45,3.84,-1.39,1.38,2.22,-0.84,0.31,0.86,-0.55,1.69,3.08,-1.39,2,2,0,1.39,38.2,37.5,42.88,1.09,1.45,107,10,14,16,12.84,11.03,10.08,4,2,18,6,18,49.1,26.61,79.2,86.21,79.5,47.96,1,Bourg-Péronnas 2-2 Fleury,2025-10-21
Châteauroux,0.92,1.24,-0.32,0.31,1.23,-0.92,0.61,0.0,0.61,0.92,1.24,-0.32,0,0,0,0.32,54.5,42.81,43.83,0.16,0.65,196,4,4,14,25.0,21.54,11.38,6,2,17,6,10,45.6,28.22,32.2,29.58,20.57,13.19,0,Concarneau 0-0 Châteauroux,2025-10-21
Concarneau,1.24,0.92,0.32,1.23,0.31,0.92,0.0,0.61,-0.61,1.24,0.92,0.32,0,0,0,-0.32,45.5,57.19,46.38,0.65,0.16,191,12,14,4,21.54,25.0,20.41,2,6,17,5,11,116.0,71.78,76.67,70.42,135.43,86.81,2,Concarneau 0-0 Châteauroux,2025-10-21
Concarneau,1.09,1.46,-0.37,1.09,1.46,-0.37,0.0,0.0,0.0,1.09,1.46,-0.37,2,1,1,1.37,49.9,47.04,44.59,0.51,0.41,179,5,9,11,17.65,26.83,14.04,4,3,9,2,8,69.6,49.86,57.8,52.32,63.37,55.2,1,Valenciennes 1-2 Concarneau,2025-10-17
Valenciennes,1.46,1.09,0.37,1.46,1.09,0.37,0.0,0.0,0.0,1.46,1.09,0.37,1,2,-1,-1.37,50.1,52.96,44.56,0.41,0.51,197,11,11,9,26.83,17.65,11.71,3,4,16,5,14,70.0,50.14,52.67,47.68,51.43,44.8,1,Valenciennes 1-2 Concarneau,2025-10-17
Bourg-Péronnas,1.27,3.02,-1.75,1.08,2.56,-1.48,0.19,0.46,-0.27,1.27,3.02,-1.75,2,1,1,2.75,47.1,37.3,42.8,0.55,0.54,162,15,8,16,14.55,29.63,15.87,2,8,19,4,9,34.9,17.99,37.6,52.22,58.53,30.1,1,Stade Briochin 1-2 Bourg-Péronnas,2025-10-17
Stade Briochin,3.02,1.27,1.75,2.56,1.08,1.48,0.46,0.19,0.27,3.02,1.27,1.75,1,2,-1,-2.75,52.9,62.7,48.65,0.54,0.55,226,14,16,8,29.63,14.55,10.77,8,2,32,5,12,159.1,82.01,34.4,47.78,135.93,69.9,1,Stade Briochin 1-2 Bourg-Péronnas,2025-10-17
Aubagne,0.91,1.38,-0.47,0.91,1.24,-0.33,0.0,0.14,-0.14,0.91,1.38,-0.47,0,2,-2,-1.53,53.9,42.86,43.66,0.31,0.65,190,6,12,10,38.71,15.38,9.48,3,9,13,3,14,58.3,36.62,23.27,29.46,18.93,8.46,1,Sochaux 2-0 Aubagne,2025-10-17
Sochaux,1.38,0.91,0.47,1.24,0.91,0.33,0.14,0.0,0.14,1.38,0.91,0.47,2,0,2,1.53,46.1,57.14,47.93,0.65,0.31,179,6,10,12,15.38,38.71,7.02,9,3,22,8,20,100.9,63.38,55.73,70.54,204.93,91.54,0,Sochaux 2-0 Aubagne,2025-10-17
Caen,0.62,0.86,-0.24,0.33,0.61,-0.28,0.29,0.25,0.04,0.62,0.86,-0.24,1,2,-1,-0.76,55.6,59.49,43.36,0.46,0.65,217,8,13,8,28.26,12.31,12.2,5,2,20,3,15,104.8,72.43,29.0,25.22,72.53,45.11,1,Orléans 2-1 Caen,2025-10-17
Orléans,0.86,0.62,0.24,0.61,0.33,0.28,0.25,0.29,-0.04,0.86,0.62,0.24,2,1,1,0.76,44.4,40.51,40.8,0.65,0.46,136,10,8,13,12.31,28.26,23.94,2,5,11,2,6,39.9,27.57,86.0,74.78,88.27,54.89,0,Orléans 2-1 Caen,2025-10-17
Villefranche,0.77,3.61,-2.84,0.62,3.61,-2.99,0.15,0.0,0.15,0.77,3.61,-2.84,0,3,-3,-0.16,52.5,36.49,36.81,0.6,1.85,122,10,7,14,11.67,7.57,13.12,3,4,6,2,15,23.9,14.87,22.53,18.14,2.9,1.24,1,Le Puy Foot 3-0 Villefranche,2025-10-17
Le Puy Foot,3.61,0.77,2.84,3.61,0.62,2.99,0.0,0.15,-0.15,3.61,0.77,2.84,3,0,3,0.16,47.5,63.51,47.36,1.85,0.6,191,19,14,7,7.57,11.67,13.84,4,3,21,5,8,136.8,85.13,101.67,81.86,230.62,98.76,1,Le Puy Foot 3-0 Villefranche,2025-10-17
Versailles,0.35,0.9,-0.55,0.11,0.77,-0.66,0.24,0.13,0.11,0.35,0.9,-0.55,0,0,0,0.55,42.5,37.92,42.68,0.39,0.64,144,2,5,9,12.82,14.06,10.73,2,6,15,1,14,44.2,30.97,72.4,80.69,87.67,50.22,0,Fleury 0-0 Versailles,2025-10-17
Fleury,0.9,0.35,0.55,0.77,0.11,0.66,0.13,0.24,-0.11,0.9,0.35,0.55,0,0,0,-0.55,57.5,62.08,44.94,0.64,0.39,187,12,9,5,14.06,12.82,6.95,6,2,19,7,16,98.5,69.03,17.33,19.31,86.9,49.78,2,Fleury 0-0 Versailles,2025-10-17
Paris 13 Atletico,1.77,2.53,-0.76,1.59,2.35,-0.76,0.18,0.18,0.0,1.77,2.53,-0.76,0,3,-3,-2.24,51.2,43.42,44.29,0.74,1.2,179,10,13,15,17.57,12.5,8.6,5,9,14,4,14,67.1,34.52,25.2,30.36,35.9,16.57,5,Rouen 3-0 Paris 13 Atletico,2025-10-17
Rouen,2.53,1.77,0.76,2.35,1.59,0.76,0.18,0.18,0.0,2.53,1.77,0.76,3,0,3,2.24,48.8,56.58,50.0,1.2,0.74,203,15,15,13,12.5,17.57,9.36,9,5,27,6,13,127.3,65.48,57.8,69.64,180.77,83.43,2,Rouen 3-0 Paris 13 Atletico,2025-10-17
Quevilly-Rouen Métropole,1.47,3.33,-1.86,1.47,2.42,-0.95,0.0,0.16,-0.16,1.47,2.57,-1.1,1,4,-3,-1.14,45.6,46.64,42.61,0.44,1.31,183,9,11,13,25.0,9.92,17.0,4,6,18,4,5,49.3,36.9,68.0,61.33,38.4,14.45,1,Dijon 4-1 Quevilly-Rouen Métropole,2025-10-17
Dijon,3.33,1.47,1.86,2.42,1.47,0.95,0.16,0.0,0.16,2.57,1.47,1.1,4,1,3,1.14,54.4,53.36,41.74,1.31,0.44,182,11,13,11,9.92,25.0,10.86,6,4,13,3,15,84.3,63.1,42.87,38.67,227.29,85.55,0,Dijon 4-1 Quevilly-Rouen Métropole,2025-10-17
Châteauroux,0.91,1.49,-0.58,0.82,1.39,-0.57,0.08,0.1,-0.02,0.91,1.49,-0.58,1,2,-1,-0.42,51.4,59.04,48.08,0.9,0.85,189,14,11,8,12.22,9.41,6.4,8,4,20,4,17,93.9,65.07,40.13,53.99,103.03,70.07,0,Villefranche 2-1 Châteauroux,2025-10-03
Villefranche,1.49,0.91,0.58,1.39,0.82,0.57,0.1,0.08,0.02,1.49,0.91,0.58,2,1,1,0.42,48.6,40.96,41.86,0.85,0.9,128,13,8,11,9.41,12.22,8.68,4,8,12,4,24,50.4,34.93,34.2,46.01,44.0,29.93,3,Villefranche 2-1 Châteauroux,2025-10-03
Fleury,0.79,0.51,0.28,0.53,0.51,0.02,0.26,0.0,0.26,0.79,0.51,0.28,1,1,0,-0.28,66.1,68.05,48.94,0.85,0.3,296,15,10,3,11.76,10.0,6.45,6,2,28,5,17,129.4,90.05,7.53,7.36,62.5,58.36,1,Quevilly-Rouen Métropole 1-1 Fleury,2025-10-03
Quevilly-Rouen Métropole,0.51,0.79,-0.28,0.51,0.53,-0.02,0.0,0.26,-0.26,0.51,0.79,-0.28,1,1,0,0.28,33.9,31.95,42.23,0.3,0.85,104,5,3,10,10.0,11.76,17.18,2,6,23,4,7,14.3,9.95,94.73,92.64,44.6,41.64,0,Quevilly-Rouen Métropole 1-1 Fleury,2025-10-03
Rouen,1.33,1.47,-0.14,1.2,1.39,-0.19,0.13,0.07,0.06,1.33,1.47,-0.14,1,0,1,1.14,45.9,53.02,47.1,0.6,0.51,181,10,8,14,13.33,27.45,11.62,4,5,21,4,13,63.1,41.11,84.8,76.53,107.7,65.39,2,Stade Briochin 0-1 Rouen,2025-10-03
Stade Briochin,1.47,1.33,0.14,1.39,1.2,0.19,0.07,0.13,-0.06,1.47,1.33,0.14,0,1,-1,-1.14,54.1,46.98,43.23,0.51,0.6,182,10,14,8,27.45,13.33,10.9,5,4,10,3,13,90.4,58.89,26.0,23.47,57.0,34.61,0,Stade Briochin 0-1 Rouen,2025-10-03
Le Puy Foot,0.82,2.52,-1.7,0.82,2.29,-1.47,0.0,0.23,-0.23,0.82,2.52,-1.7,0,2,-2,-0.3,56.0,47.77,45.62,1.01,0.64,246,7,10,16,9.9,25.0,10.94,1,2,15,2,13,64.5,40.52,27.8,24.54,42.63,20.35,1,Caen 2-0 Le Puy Foot,2025-10-03
Caen,2.52,0.82,1.7,2.29,0.82,1.47,0.23,0.0,0.23,2.52,0.82,1.7,2,0,2,0.3,44.0,52.23,48.78,0.64,1.01,203,11,16,10,25.0,9.9,11.38,2,1,16,7,23,94.7,59.48,85.47,75.46,166.9,79.65,0,Caen 2-0 Le Puy Foot,2025-10-03
Orléans,1.49,1.42,0.07,1.29,1.16,0.13,0.2,0.26,-0.06,1.49,1.42,0.07,2,2,0,-0.07,58.5,48.03,38.31,0.53,0.82,134,8,13,10,24.53,12.2,11.73,3,5,15,6,10,72.8,47.06,17.53,11.46,41.67,21.28,0,Paris 13 Atletico 2-2 Orléans,2025-10-03
Paris 13 Atletico,1.42,1.49,-0.07,1.16,1.29,-0.13,0.26,0.2,0.06,1.42,1.49,-0.07,2,2,0,0.07,41.5,51.97,43.8,0.82,0.53,149,14,10,13,12.2,24.53,11.97,5,3,12,3,19,81.9,52.94,135.4,88.54,154.13,78.72,0,Paris 13 Atletico 2-2 Orléans,2025-10-03
Versailles,1.02,0.35,0.67,0.89,0.35,0.54,0.12,0.0,0.12,1.02,0.35,0.67,1,0,1,0.33,55.3,64.01,50.64,0.62,0.22,260,9,10,4,16.13,18.18,10.06,5,1,19,6,17,135.4,71.68,40.67,35.63,103.9,72.05,2,Bourg-Péronnas 0-1 Versailles,2025-10-03
Bourg-Péronnas,0.35,1.02,-0.67,0.35,0.89,-0.54,0.0,0.12,-0.12,0.35,1.02,-0.67,0,1,-1,-0.33,44.7,35.99,41.61,0.22,0.62,151,4,4,10,18.18,16.13,11.66,1,5,12,1,11,53.5,28.32,73.47,64.37,40.3,27.95,1,Bourg-Péronnas 0-1 Versailles,2025-10-03
Sochaux,1.98,1.55,0.43,1.92,1.3,0.62,0.07,0.25,-0.18,1.98,1.55,0.43,0,1,-1,-1.43,62.2,54.58,41.16,0.98,0.58,172,14,11,13,11.22,22.41,8.89,3,8,20,3,13,76.5,53.72,4.13,3.36,32.43,16.53,3,Concarneau 1-0 Sochaux,2025-10-03
Concarneau,1.55,1.98,-0.43,1.3,1.92,-0.62,0.25,0.07,0.18,1.55,1.98,-0.43,1,0,1,1.43,37.8,45.42,45.24,0.58,0.98,123,7,13,11,22.41,11.22,10.02,8,3,21,6,12,65.9,46.28,118.73,96.64,163.73,83.47,1,Concarneau 1-0 Sochaux,2025-10-03
Dijon,1.15,0.51,0.64,1.15,0.51,0.64,0.0,0.0,0.0,1.15,0.51,0.64,1,1,0,-0.64,56.9,55.12,45.98,0.77,0.34,216,10,8,5,10.39,14.71,8.27,8,2,16,2,13,81.6,65.49,10.6,15.21,52.1,43.94,0,Aubagne 1-1 Dijon,2025-10-03
Aubagne,0.51,1.15,-0.64,0.51,1.15,-0.64,0.0,0.0,0.0,0.51,1.15,-0.64,1,1,0,0.64,43.1,44.88,42.71,0.34,0.77,142,5,5,8,14.71,10.39,13.93,2,8,12,4,16,43.0,34.51,59.07,84.79,66.47,56.06,0,Aubagne 1-1 Dijon,2025-10-03
Quevilly-Rouen Métropole,2.33,1.72,0.61,0.81,1.42,-0.61,0.0,0.29,-0.29,0.81,1.72,-0.91,2,1,1,0.39,23.3,17.96,40.14,0.34,1.4,52,7,5,17,14.71,12.14,16.25,2,8,5,0,15,8.1,2.88,156.93,99.7,71.27,47.15,0,Versailles 1-2 Quevilly-Rouen Métropole,2025-09-26
Versailles,1.72,2.33,-0.61,1.42,0.81,0.61,0.29,0.0,0.29,1.72,0.81,0.91,1,2,-1,-0.39,76.7,82.04,56.02,1.4,0.34,382,21,17,5,12.14,14.71,3.61,8,2,35,6,19,273.3,97.12,0.47,0.3,79.9,52.85,2,Versailles 1-2 Quevilly-Rouen Métropole,2025-09-26
Stade Briochin,1.43,3.65,-2.22,1.4,2.89,-1.49,0.03,0.0,0.03,1.43,2.89,-1.46,2,3,-1,1.22,53.6,49.83,43.96,0.75,1.07,219,11,16,16,21.33,14.95,14.69,7,1,17,4,15,84.0,50.6,25.27,32.96,24.06,10.49,0,Orléans 3-2 Stade Briochin,2025-09-26
Orléans,3.65,1.43,2.22,2.89,1.4,1.49,0.0,0.03,-0.03,2.89,1.43,1.46,3,2,1,-1.22,46.4,50.17,43.4,1.07,0.75,192,12,16,16,14.95,21.33,13.82,1,7,20,5,4,82.0,49.4,51.4,67.04,205.3,89.51,0,Orléans 3-2 Stade Briochin,2025-09-26
Paris 13 Atletico,0.58,1.48,-0.9,0.26,1.28,-1.02,0.32,0.2,0.12,0.58,1.48,-0.9,1,1,0,0.9,30.9,20.43,42.16,0.49,0.8,95,5,7,13,14.29,16.25,14.21,4,6,8,3,14,17.5,6.78,117.93,98.23,41.6,21.4,1,Le Puy Foot 1-1 Paris 13 Atletico,2025-09-26
Le Puy Foot,1.48,0.58,0.9,1.28,0.26,1.02,0.2,0.32,-0.12,1.48,0.58,0.9,1,1,0,-0.9,69.1,79.57,51.97,0.8,0.49,322,16,13,7,16.25,14.29,5.6,6,4,36,11,11,240.5,93.22,2.13,1.77,152.8,78.6,0,Le Puy Foot 1-1 Paris 13 Atletico,2025-09-26
Aubagne,2.68,1.74,0.94,2.36,1.51,0.85,0.32,0.22,0.1,2.68,1.74,0.94,2,0,2,1.06,33.4,30.96,43.12,0.96,0.79,83,9,11,16,11.46,20.25,14.64,3,8,13,7,9,35.0,21.12,93.13,92.39,90.33,68.59,0,Fleury 0-2 Aubagne,2025-09-26
Fleury,1.74,2.68,-0.94,1.51,2.36,-0.85,0.22,0.32,-0.1,1.74,2.68,-0.94,0,2,-2,-1.06,66.6,69.04,50.72,0.79,0.96,294,15,16,11,20.25,11.46,5.82,8,3,31,8,17,130.7,78.88,7.67,7.61,41.37,31.41,3,Fleury 0-2 Aubagne,2025-09-26
Caen,2.47,1.36,1.11,1.46,1.36,0.1,0.26,0.0,0.26,1.71,1.36,0.35,1,2,-1,-2.11,52.2,63.43,47.64,0.87,0.71,197,13,15,6,17.24,8.45,10.26,6,1,16,4,12,124.4,82.77,46.8,47.72,117.83,85.61,0,Châteauroux 2-1 Caen,2025-09-26
Châteauroux,1.36,2.47,-1.11,1.36,1.46,-0.1,0.0,0.26,-0.26,1.36,1.71,-0.35,2,1,1,2.11,47.8,36.57,43.19,0.71,0.87,147,7,6,15,8.45,17.24,10.79,1,6,8,1,15,25.9,17.23,51.27,52.28,19.8,14.39,0,Châteauroux 2-1 Caen,2025-09-26
Concarneau,0.55,1.46,-0.91,0.53,1.46,-0.93,0.02,0.0,0.02,0.55,1.46,-0.91,0,3,-3,-2.09,40.8,32.2,39.77,0.19,0.8,117,5,9,13,47.37,16.25,15.26,4,6,11,3,9,31.0,18.39,68.47,72.48,24.4,13.7,0,Dijon 3-0 Concarneau,2025-09-26
Dijon,1.46,0.55,0.91,1.46,0.53,0.93,0.0,0.02,-0.02,1.46,0.55,0.91,3,0,3,2.09,59.2,67.8,48.99,0.8,0.19,292,9,13,9,16.25,47.37,7.91,6,4,21,2,11,137.6,81.61,26.0,27.52,153.68,86.3,1,Dijon 3-0 Concarneau,2025-09-26
Sochaux,1.02,2.24,-1.22,1.0,2.24,-1.24,0.03,0.0,0.03,1.02,2.24,-1.22,0,1,-1,0.22,52.1,49.65,47.64,0.66,0.74,168,10,10,12,15.15,16.22,8.66,4,7,16,5,16,83.1,45.34,42.93,63.64,75.4,50.43,3,Villefranche 1-0 Sochaux,2025-09-19
Villefranche,2.24,1.02,1.22,2.24,1.0,1.24,0.0,0.03,-0.03,2.24,1.02,1.22,1,0,1,-0.22,47.9,50.35,48.35,0.74,0.66,150,8,12,10,16.22,15.15,8.81,7,4,13,2,12,100.2,54.66,24.53,36.36,74.1,49.57,1,Villefranche 1-0 Sochaux,2025-09-19
Le Puy Foot,2.1,2.13,-0.03,1.93,1.6,0.33,0.17,0.53,-0.36,2.1,2.13,-0.03,2,1,1,1.03,44.9,48.3,47.85,0.89,0.67,217,16,11,13,12.36,19.4,21.0,1,2,16,6,8,92.9,43.97,101.53,73.61,146.13,69.74,0,Stade Briochin 1-2 Le Puy Foot,2025-09-19
Stade Briochin,2.13,2.1,0.03,1.6,1.93,-0.33,0.53,0.17,0.36,2.13,2.1,0.03,1,2,-1,-1.03,55.1,51.7,45.22,0.67,0.89,247,10,13,11,19.4,12.36,12.9,2,1,23,5,11,118.4,56.03,36.4,26.39,63.4,30.26,0,Stade Briochin 1-2 Le Puy Foot,2025-09-19
Valenciennes,1.86,0.85,1.01,1.82,0.85,0.97,0.04,0.0,0.04,1.86,0.85,1.01,0,0,0,-1.01,32.8,36.58,42.38,0.18,0.6,108,3,13,12,72.22,20.0,26.0,1,6,9,2,9,29.1,25.59,151.4,94.27,116.27,79.72,1,Caen 0-0 Valenciennes,2025-09-19
Caen,0.85,1.86,-1.01,0.85,1.82,-0.97,0.0,0.04,-0.04,0.85,1.86,-1.01,0,0,0,1.01,67.2,63.42,45.42,0.6,0.18,260,6,12,13,20.0,72.22,10.56,6,1,18,4,8,84.6,74.41,9.2,5.73,29.57,20.28,0,Caen 0-0 Valenciennes,2025-09-19
Châteauroux,1.11,1.34,-0.23,1.02,1.19,-0.17,0.09,0.15,-0.06,1.11,1.34,-0.23,1,1,0,0.23,61.5,58.45,43.1,0.85,0.51,208,14,14,9,16.47,17.65,9.31,2,10,21,5,12,121.7,81.35,23.07,18.5,88.8,58.68,1,Paris 13 Atletico 1-1 Châteauroux,2025-09-19
Paris 13 Atletico,1.34,1.11,0.23,1.19,1.02,0.17,0.15,0.09,0.06,1.34,1.11,0.23,1,1,0,-0.23,38.5,41.55,43.54,0.51,0.85,130,4,9,14,17.65,16.47,13.84,10,2,13,3,14,27.9,18.65,101.6,81.5,62.53,41.32,2,Paris 13 Atletico 1-1 Châteauroux,2025-09-19
Orléans,1.48,1.41,0.07,1.41,1.41,0.0,0.07,0.0,0.07,1.48,1.41,0.07,0,1,-1,-1.07,57.7,57.65,47.06,1.3,0.69,266,19,14,10,10.77,14.49,10.88,3,1,20,3,18,132.9,77.72,30.2,28.93,126.23,59.33,0,Rouen 1-0 Orléans,2025-09-19
Rouen,1.41,1.48,-0.07,1.41,1.41,0.0,0.0,0.07,-0.07,1.41,1.48,-0.07,1,0,1,1.07,42.3,42.35,42.54,0.69,1.3,139,10,10,14,14.49,10.77,18.88,1,3,17,2,11,38.1,22.28,74.2,71.07,86.53,40.67,0,Rouen 1-0 Orléans,2025-09-19
Quevilly-Rouen Métropole,1.9,0.64,1.26,1.76,0.64,1.12,0.14,0.0,0.14,1.9,0.64,1.26,3,0,3,1.74,34.7,34.0,41.58,0.51,0.78,119,12,10,9,19.61,11.54,15.63,6,8,12,2,13,51.4,30.15,124.93,87.45,161.63,93.61,3,Bourg-Péronnas 0-3 Quevilly-Rouen Métropole,2025-09-19
Bourg-Péronnas,0.64,1.9,-1.26,0.64,1.76,-1.12,0.0,0.14,-0.14,0.64,1.9,-1.26,0,3,-3,-1.74,65.3,66.0,48.19,0.78,0.51,318,11,9,10,11.54,19.61,8.58,8,6,25,5,15,119.1,69.85,17.93,12.55,11.03,6.39,2,Bourg-Péronnas 0-3 Quevilly-Rouen Métropole,2025-09-19
Fleury,1.17,1.58,-0.41,0.81,1.3,-0.49,0.36,0.28,0.08,1.17,1.58,-0.41,1,0,1,1.41,49.0,45.03,44.37,0.67,1.05,174,7,13,20,19.4,19.05,12.97,3,7,9,3,12,67.4,39.91,44.2,44.17,91.47,49.05,2,Concarneau 0-1 Fleury,2025-09-19
Concarneau,1.58,1.17,0.41,1.3,0.81,0.49,0.28,0.36,-0.08,1.58,1.17,0.41,0,1,-1,-1.41,51.0,54.97,44.57,1.05,0.67,170,13,20,13,19.05,19.4,12.33,7,3,29,8,9,101.5,60.09,55.87,55.83,95.03,50.95,0,Concarneau 0-1 Fleury,2025-09-19
Versailles,2.01,2.06,-0.05,2.01,1.71,0.3,0.0,0.35,-0.35,2.01,2.06,-0.05,1,1,0,0.05,47.7,54.01,47.17,0.43,0.86,170,9,13,11,30.23,12.79,6.91,8,2,9,3,20,81.6,55.89,46.0,71.35,102.3,71.35,0,Aubagne 1-1 Versailles,2025-09-19
Aubagne,2.06,2.01,0.05,1.71,2.01,-0.3,0.35,0.0,0.35,2.06,2.01,0.05,1,1,0,-0.05,52.3,45.99,45.43,0.86,0.43,159,15,11,13,12.79,30.23,8.62,2,8,20,7,14,64.4,44.11,18.47,28.65,41.07,28.65,3,Aubagne 1-1 Versailles,2025-09-19
Concarneau,0.64,1.78,-1.14,0.62,1.52,-0.9,0.02,0.26,-0.24,0.64,1.78,-1.14,0,4,-4,-2.86,60.1,57.49,44.5,0.32,0.4,201,5,9,10,28.12,25.0,8.74,3,2,14,1,15,87.0,60.46,13.27,11.27,38.07,17.31,2,Versailles 4-0 Concarneau,2025-09-12
Versailles,1.78,0.64,1.14,1.52,0.62,0.9,0.26,0.02,0.24,1.78,0.64,1.14,4,0,4,2.86,39.9,42.51,41.75,0.4,0.32,117,12,10,9,25.0,28.12,12.79,2,3,15,6,18,56.9,39.54,104.47,88.73,181.92,82.69,1,Versailles 4-0 Concarneau,2025-09-12
Paris 13 Atletico,0.62,1.7,-1.08,0.62,1.6,-0.98,0.0,0.1,-0.1,0.62,1.7,-1.08,0,1,-1,0.08,56.3,50.34,45.7,0.9,0.54,204,8,10,15,11.11,27.78,11.74,1,4,14,3,12,68.9,44.83,28.93,26.33,45.87,28.36,0,Valenciennes 1-0 Paris 13 Atletico,2025-09-12
Valenciennes,1.7,0.62,1.08,1.6,0.62,0.98,0.1,0.0,0.1,1.7,0.62,1.08,1,0,1,-0.08,43.7,49.66,48.72,0.54,0.9,186,8,15,10,27.78,11.11,16.04,4,1,16,7,8,84.8,55.17,80.93,73.67,115.87,71.64,2,Valenciennes 1-0 Paris 13 Atletico,2025-09-12
Aubagne,1.3,0.33,0.97,1.3,0.28,1.02,0.0,0.05,-0.05,1.3,0.33,0.97,2,1,1,0.03,50.5,45.56,42.77,0.67,0.42,157,10,9,8,13.43,19.05,9.11,2,3,8,0,20,52.7,43.09,20.8,34.36,43.3,37.19,3,Quevilly-Rouen Métropole 1-2 Aubagne,2025-09-12
Quevilly-Rouen Métropole,0.33,1.3,-0.97,0.28,1.3,-1.02,0.05,0.0,0.05,0.33,1.3,-0.97,1,2,-1,-0.03,49.5,54.44,45.29,0.42,0.67,163,6,8,9,19.05,13.43,9.18,3,2,17,4,14,69.6,56.91,39.73,65.64,73.13,62.81,1,Quevilly-Rouen Métropole 1-2 Aubagne,2025-09-12
Caen,0.89,1.19,-0.3,0.8,1.19,-0.39,0.09,0.0,0.09,0.89,1.19,-0.3,1,1,0,0.3,61.4,54.33,44.33,0.62,0.54,204,9,7,12,11.29,22.22,12.21,2,8,20,8,13,75.0,51.72,21.0,18.91,51.93,30.83,0,Sochaux 1-1 Caen,2025-09-12
Sochaux,1.19,0.89,0.3,1.19,0.8,0.39,0.0,0.09,-0.09,1.19,0.89,0.3,1,1,0,-0.3,38.6,45.67,45.15,0.54,0.62,141,5,12,7,22.22,11.29,11.71,8,2,20,6,8,70.0,48.28,90.07,81.09,116.5,69.17,0,Sochaux 1-1 Caen,2025-09-12
Bourg-Péronnas,1.11,1.31,-0.2,0.64,1.31,-0.67,0.48,0.01,0.47,1.11,1.31,-0.2,0,1,-1,-0.8,44.1,32.77,40.87,0.59,0.88,151,8,8,9,13.56,10.23,19.12,1,6,11,5,10,56.2,26.85,82.73,71.98,60.67,28.66,0,Orléans 1-0 Bourg-Péronnas,2025-09-12
Orléans,1.31,1.11,0.2,1.31,0.64,0.67,0.01,0.48,-0.47,1.31,1.11,0.2,1,0,1,0.8,55.9,67.23,49.18,0.88,0.59,284,10,9,8,10.23,13.56,13.19,6,1,16,6,10,153.1,73.15,32.2,28.02,151.03,71.34,0,Orléans 1-0 Bourg-Péronnas,2025-09-12
Rouen,2.62,1.84,0.78,1.78,1.77,0.01,0.09,0.07,0.02,1.86,1.84,0.02,3,0,3,2.22,44.2,47.9,44.9,0.46,0.89,173,10,13,9,28.26,10.11,10.8,5,7,11,4,21,83.9,55.86,74.67,73.49,158.3,89.15,4,Le Puy Foot 0-3 Rouen,2025-09-12
Le Puy Foot,1.84,2.62,-0.78,1.77,1.78,-0.01,0.07,0.09,-0.02,1.84,1.86,-0.02,0,3,-3,-2.22,55.8,52.1,46.13,0.89,0.46,234,9,9,13,10.11,28.26,9.4,7,5,12,3,11,66.3,44.14,26.93,26.51,19.27,10.85,0,Le Puy Foot 0-3 Rouen,2025-09-12
Stade Briochin,0.79,1.74,-0.95,0.67,1.1,-0.43,0.12,0.63,-0.51,0.79,1.74,-0.95,2,2,0,0.95,43.7,40.0,43.33,0.39,0.56,132,9,11,11,28.21,19.64,12.9,1,2,14,5,21,56.1,33.59,51.6,60.28,57.93,34.27,1,Châteauroux 2-2 Stade Briochin,2025-09-12
Châteauroux,1.74,0.79,0.95,1.1,0.67,0.43,0.63,0.12,0.51,1.74,0.79,0.95,2,2,0,-0.95,56.3,60.0,49.48,0.56,0.39,247,9,11,11,19.64,28.21,9.06,2,1,24,5,15,110.9,66.41,34.0,39.72,111.13,65.73,0,Châteauroux 2-2 Stade Briochin,2025-09-12
Villefranche,0.29,1.31,-1.02,0.14,0.89,-0.75,0.15,0.41,-0.26,0.29,1.31,-1.02,0,0,0,1.02,35.8,31.62,40.46,0.21,1.1,82,5,6,12,28.57,10.91,12.71,1,7,14,2,14,30.5,18.9,77.4,90.92,49.2,38.1,1,Dijon 0-0 Villefranche,2025-09-12
Dijon,1.31,0.29,1.02,0.89,0.14,0.75,0.41,0.15,0.26,1.31,0.29,1.02,0,0,0,-1.02,64.2,68.38,48.43,1.1,0.21,240,14,12,6,10.91,28.57,6.69,7,1,25,6,11,130.9,81.1,7.73,9.08,79.93,61.9,1,Dijon 0-0 Villefranche,2025-09-12
Châteauroux,1.81,1.29,0.52,1.42,1.12,0.3,0.4,0.18,0.22,1.81,1.29,0.52,2,1,1,0.48,60.8,48.36,44.33,0.75,0.47,189,9,10,13,13.33,27.66,10.76,4,6,21,7,10,96.3,50.95,4.87,3.76,42.47,21.46,0,Rouen 1-2 Châteauroux,2025-09-06
Rouen,1.29,1.81,-0.52,1.12,1.42,-0.3,0.18,0.4,-0.22,1.29,1.81,-0.52,1,2,-1,-0.48,39.2,51.64,49.97,0.47,0.75,157,14,13,10,27.66,13.33,10.15,6,4,27,10,15,92.7,49.05,124.8,96.24,155.4,78.54,5,Rouen 1-2 Châteauroux,2025-09-06
Fleury,2.2,1.78,0.42,2.2,1.45,0.75,0.0,0.32,-0.32,2.2,1.78,0.42,3,0,3,2.58,48.1,53.49,46.42,0.67,0.47,163,11,11,13,16.42,27.66,8.05,4,4,10,3,16,76.7,51.03,53.27,76.6,107.57,83.36,1,Villefranche 0-3 Fleury,2025-09-05
Villefranche,1.78,2.2,-0.42,1.45,2.2,-0.75,0.32,0.0,0.32,1.78,2.2,-0.42,0,3,-3,-2.58,51.9,46.51,41.16,0.47,0.67,131,9,13,11,27.66,16.42,7.41,4,4,16,5,16,73.6,48.97,16.27,23.4,21.47,16.64,0,Villefranche 0-3 Fleury,2025-09-05
Valenciennes,3.35,0.82,2.53,2.76,0.74,2.02,0.6,0.08,0.52,3.35,0.82,2.53,1,2,-1,-3.53,57.5,69.57,49.4,1.49,0.24,265,19,18,9,12.08,37.5,12.18,5,1,33,9,10,172.7,81.31,37.0,47.0,149.97,72.0,5,Stade Briochin 2-1 Valenciennes,2025-09-05
Stade Briochin,0.82,3.35,-2.53,0.74,2.76,-2.02,0.08,0.6,-0.52,0.82,3.35,-2.53,2,1,1,3.53,42.5,30.43,39.03,0.24,1.49,109,7,9,18,37.5,12.08,17.48,1,5,15,3,6,39.7,18.69,41.73,53.0,58.33,28.0,0,Stade Briochin 2-1 Valenciennes,2025-09-05
Dijon,1.11,1.18,-0.07,0.78,1.18,-0.4,0.33,0.0,0.33,1.11,1.18,-0.07,0,0,0,0.07,54.9,58.71,43.59,0.74,0.5,184,5,13,7,17.57,14.0,15.7,2,4,15,3,13,99.3,65.16,48.87,49.13,108.7,62.86,1,Caen 0-0 Dijon,2025-09-05
Caen,1.18,1.11,0.07,1.18,0.78,0.4,0.0,0.33,-0.33,1.18,1.11,0.07,0,0,0,-0.07,45.1,41.29,41.94,0.5,0.74,142,11,7,13,14.0,17.57,20.57,4,2,11,3,8,53.1,34.84,50.6,50.87,64.23,37.14,0,Caen 0-0 Dijon,2025-09-05
Sochaux,1.35,0.96,0.39,1.14,0.28,0.86,0.21,0.68,-0.47,1.35,0.96,0.39,3,1,2,1.61,36.1,35.26,45.72,0.43,0.55,114,7,12,10,27.91,18.18,10.06,7,5,14,5,12,73.1,30.9,73.13,89.84,107.63,60.71,0,Paris 13 Atletico 1-3 Sochaux,2025-09-05
Paris 13 Atletico,0.96,1.35,-0.39,0.28,1.14,-0.86,0.68,0.21,0.47,0.96,1.35,-0.39,1,3,-2,-1.61,63.9,64.74,49.43,0.55,0.43,227,20,10,12,18.18,27.91,9.77,5,7,30,9,15,163.5,69.1,8.27,10.16,69.67,39.29,2,Paris 13 Atletico 1-3 Sochaux,2025-09-05
Le Puy Foot,0.64,2.94,-2.3,0.64,2.72,-2.08,0.0,0.22,-0.22,0.64,2.94,-2.3,1,1,0,2.3,31.7,26.45,41.92,0.28,1.23,124,8,7,24,25.0,19.51,16.26,5,5,6,1,13,24.9,9.39,162.4,96.48,90.03,52.93,0,Orléans 1-1 Le Puy Foot,2025-09-05
Orléans,2.94,0.64,2.3,2.72,0.64,2.08,0.22,0.0,0.22,2.94,0.64,2.3,1,1,0,-2.3,68.3,73.55,50.12,1.23,0.28,392,16,24,7,19.51,25.0,8.08,5,5,46,15,14,240.4,90.61,5.93,3.52,80.07,47.07,0,Orléans 1-1 Le Puy Foot,2025-09-05
Aubagne,3.23,0.4,2.83,3.0,0.4,2.6,0.22,0.0,0.22,3.23,0.4,2.83,0,0,0,-2.83,56.1,69.08,49.7,0.96,0.24,216,15,13,2,13.54,8.33,5.31,10,3,18,3,15,146.6,89.66,25.47,38.28,138.13,85.18,4,Bourg-Péronnas 0-0 Aubagne,2025-09-05
Bourg-Péronnas,0.4,3.23,-2.83,0.4,3.0,-2.6,0.0,0.22,-0.22,0.4,3.23,-2.83,0,0,0,2.83,43.9,30.92,40.15,0.24,0.96,112,4,2,13,8.33,13.54,10.42,3,10,8,2,12,16.9,10.34,41.07,61.72,24.03,14.82,0,Bourg-Péronnas 0-0 Aubagne,2025-09-05
Quevilly-Rouen Métropole,0.73,1.0,-0.27,0.73,0.89,-0.16,0.0,0.11,-0.11,0.73,1.0,-0.27,1,3,-2,-1.73,48.0,62.07,47.14,0.41,0.72,220,11,8,6,19.51,8.33,12.69,7,5,25,5,15,109.3,84.08,53.87,52.3,90.03,68.6,2,Concarneau 3-1 Quevilly-Rouen Métropole,2025-09-05
Concarneau,1.0,0.73,0.27,0.89,0.73,0.16,0.11,0.0,0.11,1.0,0.73,0.27,3,1,2,1.73,52.0,37.93,40.41,0.72,0.41,146,4,6,8,8.33,19.51,9.86,5,7,9,3,9,20.7,15.92,49.13,47.7,41.2,31.4,2,Concarneau 3-1 Quevilly-Rouen Métropole,2025-09-05
Versailles,1.76,1.78,-0.02,1.76,1.53,0.23,0.0,0.25,-0.25,1.76,1.78,-0.02,2,0,2,2.02,32.4,28.94,42.4,0.64,0.9,114,10,6,19,9.38,21.11,18.07,0,3,11,3,16,9.8,4.29,92.53,91.68,53.5,34.77,0,Caen 0-2 Versailles,2025-08-22
Caen,1.78,1.76,0.02,1.53,1.76,-0.23,0.25,0.0,0.25,1.78,1.76,0.02,0,2,-2,-2.02,67.6,71.06,50.39,0.9,0.64,346,17,19,6,21.11,9.38,9.03,3,0,30,8,8,218.6,95.71,8.4,8.32,100.37,65.23,0,Caen 0-2 Versailles,2025-08-22
Rouen,0.67,2.05,-1.38,0.67,1.04,-0.37,0.0,0.25,-0.25,0.67,1.29,-0.62,3,2,1,2.38,34.0,35.66,41.26,0.24,0.64,105,2,7,14,29.17,21.88,18.29,2,3,10,5,12,9.3,6.54,105.87,91.31,51.67,50.24,2,Valenciennes 2-3 Rouen,2025-08-29
Valenciennes,2.05,0.67,1.38,1.04,0.67,0.37,0.25,0.0,0.25,1.29,0.67,0.62,2,3,-1,-2.38,66.0,64.34,47.64,0.64,0.24,280,11,14,7,21.88,29.17,10.92,3,2,29,3,8,132.9,93.46,10.07,8.69,51.17,49.76,1,Valenciennes 2-3 Rouen,2025-08-29
Stade Briochin,0.34,2.19,-1.85,0.34,1.22,-0.88,0.0,0.21,-0.21,0.34,1.43,-1.09,0,2,-2,-0.15,47.6,40.84,40.59,0.49,0.46,144,6,4,10,8.16,21.74,13.26,5,5,13,2,10,49.9,31.95,43.47,45.53,34.7,19.17,1,Sochaux 2-0 Stade Briochin,2025-08-29
Sochaux,2.19,0.34,1.85,1.22,0.34,0.88,0.21,0.0,0.21,1.43,0.34,1.09,2,0,2,0.15,52.4,59.16,45.04,0.46,0.49,194,8,10,4,21.74,8.16,12.58,5,5,17,2,16,106.3,68.05,52.0,54.47,146.27,80.83,1,Sochaux 2-0 Stade Briochin,2025-08-29
Bourg-Péronnas,1.11,1.81,-0.7,0.2,0.9,-0.7,0.15,0.15,0.0,0.35,1.05,-0.7,1,1,0,0.7,43.4,44.91,43.7,0.22,1.11,140,5,7,9,31.82,8.11,13.1,2,7,21,4,17,45.3,34.21,73.07,66.19,76.1,49.65,0,Le Puy Foot 1-1 Bourg-Péronnas,2025-08-29
Le Puy Foot,1.81,1.11,0.7,0.9,0.2,0.7,0.15,0.15,0.0,1.05,0.35,0.7,1,1,0,-0.7,56.6,55.09,45.49,1.11,0.22,193,8,9,7,8.11,31.82,6.22,7,2,16,3,20,87.1,65.79,37.33,33.81,77.17,50.35,0,Le Puy Foot 1-1 Bourg-Péronnas,2025-08-29
Caen,0.52,1.55,-1.03,0.33,1.43,-1.1,0.19,0.11,0.08,0.52,1.55,-1.03,2,1,1,2.03,46.5,60.81,49.22,0.54,0.54,177,8,9,11,16.67,20.37,8.04,8,2,14,4,19,68.1,60.16,59.27,76.38,110.03,87.03,2,Fleury 1-2 Caen,2025-08-29
Fleury,1.55,0.52,1.03,1.43,0.33,1.1,0.11,0.19,-0.08,1.55,0.52,1.03,1,2,-1,-2.03,53.5,39.19,42.43,0.54,0.54,150,11,11,9,20.37,16.67,6.51,2,8,13,3,19,45.1,39.84,18.33,23.62,16.4,12.97,0,Fleury 1-2 Caen,2025-08-29
Orléans,0.93,0.38,0.55,0.81,0.38,0.43,0.12,0.0,0.12,0.93,0.38,0.55,1,0,1,0.45,46.0,47.48,42.66,0.58,0.25,162,10,7,5,12.07,20.0,9.17,8,6,16,6,19,64.0,49.57,96.13,75.3,137.07,69.11,1,Châteauroux 0-1 Orléans,2025-08-29
Châteauroux,0.38,0.93,-0.55,0.38,0.81,-0.43,0.0,0.12,-0.12,0.38,0.93,-0.55,0,1,-1,-0.45,54.0,52.52,42.98,0.25,0.58,199,2,5,7,20.0,12.07,9.97,6,8,17,5,15,65.1,50.43,31.53,24.7,61.27,30.89,0,Châteauroux 0-1 Orléans,2025-08-29
Paris 13 Atletico,1.09,3.06,-1.97,0.14,2.23,-2.09,0.18,0.07,0.11,0.33,2.3,-1.97,2,4,-2,-0.03,42.9,47.81,42.05,0.19,0.88,151,7,5,14,26.32,15.91,11.02,7,5,14,7,13,55.1,35.66,84.13,72.49,79.66,33.44,2,Dijon 4-2 Paris 13 Atletico,2025-08-29
Dijon,3.06,1.09,1.97,2.23,0.14,2.09,0.07,0.18,-0.11,2.3,0.33,1.97,4,2,2,0.03,57.1,52.19,41.01,0.88,0.19,163,9,14,5,15.91,26.32,7.42,5,7,8,1,20,99.4,64.34,31.93,27.51,158.57,66.56,1,Dijon 4-2 Paris 13 Atletico,2025-08-29
Concarneau,0.39,1.72,-1.33,0.39,1.51,-1.12,0.0,0.21,-0.21,0.39,1.72,-1.33,1,1,0,1.33,38.1,40.89,44.62,0.32,0.16,114,4,7,17,21.88,106.25,10.69,4,9,19,2,13,24.7,22.01,108.0,94.02,81.83,70.95,2,Aubagne 1-1 Concarneau,2025-08-29
Aubagne,1.72,0.39,1.33,1.51,0.39,1.12,0.21,0.0,0.21,1.72,0.39,1.33,1,1,0,-1.33,61.9,59.11,41.65,0.16,0.32,158,6,17,7,106.25,21.88,7.71,9,4,21,5,13,87.5,77.99,6.87,5.98,33.5,29.05,12,Aubagne 1-1 Concarneau,2025-08-29
Quevilly-Rouen Métropole,1.07,1.56,-0.49,0.85,0.65,0.2,0.22,0.15,0.07,1.07,0.8,0.27,1,2,-1,-0.51,39.7,41.4,45.23,0.46,0.36,118,10,10,10,21.74,27.78,10.0,3,5,15,4,17,62.2,32.88,78.2,94.36,94.67,53.22,2,Villefranche 2-1 Quevilly-Rouen Métropole,2025-08-22
Villefranche,1.56,1.07,0.49,0.65,0.85,-0.2,0.15,0.22,-0.07,0.8,1.07,-0.27,2,1,1,0.51,60.3,58.6,47.27,0.36,0.46,195,11,10,10,27.78,21.74,5.82,5,3,26,9,12,127.0,67.12,4.67,5.64,83.23,46.78,2,Villefranche 2-1 Quevilly-Rouen Métropole,2025-08-22
Dijon,1.33,0.63,0.7,0.91,0.47,0.44,0.42,0.16,0.26,1.33,0.63,0.7,0,0,0,-0.7,61.2,58.02,46.74,0.66,0.66,259,11,12,10,18.18,15.15,13.83,3,4,31,11,9,96.5,66.1,12.73,12.38,60.63,39.99,1,Stade Briochin 0-0 Dijon,2025-08-22
Stade Briochin,0.63,1.33,-0.7,0.47,0.91,-0.44,0.16,0.42,-0.26,0.63,1.33,-0.7,0,0,0,0.7,38.8,41.98,43.51,0.66,0.66,153,10,10,12,15.15,18.18,19.27,4,3,14,5,8,49.5,33.9,90.07,87.62,90.97,60.01,0,Stade Briochin 0-0 Dijon,2025-08-22
Fleury,1.86,1.38,0.48,1.86,0.47,1.39,0.0,0.16,-0.16,1.86,0.62,1.24,0,1,-1,-1.48,41.4,34.53,40.52,0.33,0.71,110,5,8,10,24.24,14.08,12.62,3,4,8,2,15,46.1,29.48,87.87,79.59,70.8,50.15,0,Paris 13 Atletico 1-0 Fleury,2025-08-22
Paris 13 Atletico,1.38,1.86,-0.48,0.47,1.86,-1.39,0.16,0.0,0.16,0.62,1.86,-1.24,1,0,1,1.48,58.6,65.47,47.03,0.71,0.33,213,7,10,8,14.08,24.24,8.55,4,3,16,3,15,110.3,70.52,22.53,20.41,70.37,49.85,2,Paris 13 Atletico 1-0 Fleury,2025-08-22
Valenciennes,0.93,2.71,-1.78,0.93,2.14,-1.21,0.0,0.57,-0.57,0.93,2.71,-1.78,1,2,-1,0.78,57.9,60.88,45.09,0.58,0.72,265,9,10,13,17.24,18.06,14.92,5,6,20,2,6,95.0,61.33,23.93,17.32,22.0,12.41,0,Orléans 2-1 Valenciennes,2025-08-22
Orléans,2.71,0.93,1.78,2.14,0.93,1.21,0.57,0.0,0.57,2.71,0.93,1.78,2,1,1,-0.78,42.1,39.12,41.17,0.72,0.58,138,9,13,10,18.06,17.24,18.5,6,5,10,3,11,59.9,38.67,114.27,82.68,155.3,87.59,0,Orléans 2-1 Valenciennes,2025-08-22
Châteauroux,0.85,2.99,-2.14,0.77,2.78,-2.01,0.08,0.21,-0.13,0.85,2.99,-2.14,2,2,0,2.14,32.6,21.97,37.82,0.22,1.91,71,7,5,27,22.73,14.14,14.42,5,1,7,2,17,19.9,6.4,109.33,88.17,36.73,30.87,0,Le Puy Foot 2-2 Châteauroux,2025-08-22
Le Puy Foot,2.99,0.85,2.14,2.78,0.77,2.01,0.21,0.08,0.13,2.99,0.85,2.14,2,2,0,-2.14,67.4,78.03,54.93,1.91,0.22,350,20,27,5,14.14,22.73,6.83,1,5,37,12,14,291.2,93.6,14.67,11.83,82.27,69.13,0,Le Puy Foot 2-2 Châteauroux,2025-08-22
Concarneau,1.51,1.98,-0.47,1.14,1.26,-0.12,0.37,0.72,-0.35,1.51,1.98,-0.47,2,0,2,2.47,31.7,39.78,40.42,0.47,1.28,99,10,6,15,12.77,11.72,12.12,4,7,8,3,23,31.0,23.54,115.13,97.19,121.83,77.37,0,Bourg-Péronnas 0-2 Concarneau,2025-08-22
Bourg-Péronnas,1.98,1.51,0.47,1.26,1.14,0.12,0.72,0.37,0.35,1.98,1.51,0.47,0,2,-2,-2.47,68.3,60.22,45.1,1.28,0.47,242,21,15,6,11.72,12.77,6.49,7,4,33,8,9,100.7,76.46,3.33,2.81,35.63,22.63,2,Bourg-Péronnas 0-2 Concarneau,2025-08-22
Paris 13 Atletico,0.86,1.3,-0.44,0.34,1.19,-0.85,0.52,0.11,0.41,0.86,1.3,-0.44,1,2,-1,-0.56,51.1,51.99,43.77,0.67,0.71,159,14,5,8,7.46,11.27,8.08,7,7,19,4,10,60.7,46.12,49.4,54.33,81.73,47.8,3,Versailles 2-1 Paris 13 Atletico,2025-08-15
Versailles,1.3,0.86,0.44,1.19,0.34,0.85,0.11,0.52,-0.41,1.3,0.86,0.44,2,1,1,0.56,48.9,48.01,43.51,0.71,0.67,148,12,8,5,11.27,7.46,6.71,7,7,14,6,22,70.9,53.88,41.53,45.67,89.27,52.2,1,Versailles 2-1 Paris 13 Atletico,2025-08-15
Le Puy Foot,1.15,1.71,-0.56,0.96,1.61,-0.65,0.19,0.1,0.09,1.15,1.71,-0.56,1,2,-1,-0.44,50.3,48.74,45.45,0.35,0.96,223,6,11,17,31.43,17.71,13.66,3,6,20,5,6,46.3,33.6,60.27,57.8,53.7,38.13,0,Valenciennes 2-1 Le Puy Foot,2025-08-15
Valenciennes,1.71,1.15,0.56,1.61,0.96,0.65,0.1,0.19,-0.09,1.71,1.15,0.56,2,1,1,0.44,49.7,51.26,41.93,0.96,0.35,195,11,17,11,17.71,31.43,14.48,6,3,10,3,14,91.5,66.4,44.0,42.2,87.13,61.87,0,Valenciennes 2-1 Le Puy Foot,2025-08-15
Caen,0.77,1.28,-0.51,0.66,0.52,0.14,0.1,0.0,0.1,0.77,0.52,0.25,1,1,0,0.51,57.9,59.7,48.56,0.47,0.42,266,8,6,7,12.77,16.67,9.39,5,4,12,3,11,120.1,61.21,31.53,24.61,88.83,50.98,2,Quevilly-Rouen Métropole 1-1 Caen,2025-08-15
Quevilly-Rouen Métropole,1.28,0.77,0.51,0.52,0.66,-0.14,0.0,0.1,-0.1,0.52,0.77,-0.25,1,1,0,-0.51,42.1,40.3,47.03,0.42,0.47,178,5,7,6,16.67,12.77,11.5,4,5,12,0,16,76.1,38.79,96.6,75.39,85.4,49.02,0,Quevilly-Rouen Métropole 1-1 Caen,2025-08-15
Orléans,1.06,2.39,-1.33,1.06,2.31,-1.25,0.0,0.08,-0.08,1.06,2.39,-1.33,0,5,-5,-3.67,62.4,61.03,47.35,0.72,0.36,198,10,8,17,11.11,47.22,5.97,4,3,15,3,19,78.3,53.81,8.8,8.9,30.28,13.16,0,Sochaux 5-0 Orléans,2025-08-15
Sochaux,2.39,1.06,1.33,2.31,1.06,1.25,0.08,0.0,0.08,2.39,1.06,1.33,5,0,5,3.67,37.6,38.97,45.15,0.36,0.72,105,9,17,8,47.22,11.11,10.87,3,4,15,5,13,67.2,46.19,90.07,91.1,199.8,86.84,0,Sochaux 5-0 Orléans,2025-08-15
Stade Briochin,1.53,3.28,-1.75,0.43,2.54,-2.11,0.35,0.74,-0.39,0.77,3.28,-2.51,1,4,-3,-1.25,47.5,44.01,43.52,0.8,1.05,139,10,11,16,13.75,15.24,10.9,1,5,11,3,15,66.9,34.92,34.33,35.61,30.15,9.81,1,Fleury 4-1 Stade Briochin,2025-08-15
Fleury,3.28,1.53,1.75,2.54,0.43,2.11,0.74,0.35,0.39,3.28,0.77,2.51,4,1,3,1.25,52.5,55.99,46.82,1.05,0.8,194,20,16,11,15.24,13.75,8.84,5,1,14,9,18,124.7,65.08,62.07,64.39,277.11,90.19,2,Fleury 4-1 Stade Briochin,2025-08-15
Bourg-Péronnas,2.18,1.15,1.03,2.14,1.15,0.99,0.04,0.0,0.04,2.18,1.15,1.03,2,2,0,-1.03,48.3,45.18,43.24,0.55,0.65,142,12,16,6,29.09,9.23,10.38,5,6,15,4,14,92.1,62.74,69.47,79.06,95.37,64.54,1,Châteauroux 2-2 Bourg-Péronnas,2025-08-15
Châteauroux,1.15,2.18,-1.03,1.15,2.14,-0.99,0.0,0.04,-0.04,1.15,2.18,-1.03,2,2,0,1.03,51.7,54.82,42.79,0.65,0.55,161,3,6,16,9.23,29.09,8.23,6,5,18,1,16,54.7,37.26,18.4,20.94,52.4,35.46,1,Châteauroux 2-2 Bourg-Péronnas,2025-08-15
Rouen,1.18,1.06,0.12,0.13,1.06,-0.93,0.29,0.0,0.29,0.42,1.06,-0.64,1,1,0,-0.12,40.8,36.36,43.63,0.13,0.84,130,7,6,11,46.15,13.1,10.61,5,9,9,4,10,47.2,28.92,70.27,75.4,65.97,42.73,2,Dijon 1-1 Rouen,2025-08-15
Dijon,1.06,1.18,-0.12,1.06,0.13,0.93,0.0,0.29,-0.29,1.06,0.42,0.64,1,1,0,0.12,59.2,63.64,46.24,0.84,0.13,206,14,11,6,13.1,46.15,7.59,9,5,22,3,14,116.0,71.08,22.93,24.6,88.43,57.27,3,Dijon 1-1 Rouen,2025-08-15
Villefranche,1.27,2.09,-0.82,1.27,2.09,-0.82,0.0,0.0,0.0,1.27,2.09,-0.82,1,3,-2,-1.18,50.1,50.63,47.23,0.37,0.69,157,9,9,12,24.32,17.39,6.51,10,0,18,1,15,70.1,42.48,49.33,58.82,74.63,42.55,1,Aubagne 3-1 Villefranche,2025-08-15
Aubagne,2.09,1.27,0.82,2.09,1.27,0.82,0.0,0.0,0.0,2.09,1.27,0.82,3,1,2,1.18,49.9,49.37,43.45,0.69,0.37,128,14,12,9,17.39,24.32,8.32,0,10,16,3,17,94.9,57.52,34.53,41.18,100.77,57.45,2,Aubagne 3-1 Villefranche,2025-08-15
Versailles,1.49,1.49,0.0,1.26,1.3,-0.04,0.24,0.19,0.05,1.49,1.49,0.0,1,0,1,1.0,56.8,50.88,47.03,0.78,0.66,195,15,11,16,14.1,24.24,6.41,6,4,24,8,23,76.3,48.51,26.67,31.3,79.23,49.88,0,Stade Briochin 0-1 Versailles,2025-08-08
Stade Briochin,1.49,1.49,0.0,1.3,1.26,0.04,0.19,0.24,-0.05,1.49,1.49,0.0,0,1,-1,-1.0,43.2,49.12,46.71,0.66,0.78,148,10,16,11,24.24,14.1,10.44,4,6,18,6,18,81.0,51.49,58.53,68.7,79.6,50.12,2,Stade Briochin 0-1 Versailles,2025-08-08
Aubagne,1.56,2.62,-1.06,0.62,1.91,-1.29,0.18,0.71,-0.53,0.8,2.62,-1.82,0,3,-3,-1.94,36.5,34.03,42.34,0.42,0.63,116,6,7,18,16.67,28.57,19.6,3,7,12,2,6,47.2,21.01,76.47,81.7,38.91,15.56,0,Caen 3-0 Aubagne,2025-08-08
Caen,2.62,1.56,1.06,1.91,0.62,1.29,0.71,0.18,0.53,2.62,0.8,1.82,3,0,3,1.94,63.5,65.97,47.66,0.63,0.42,255,20,18,7,28.57,16.67,9.58,7,3,18,6,17,177.5,78.99,17.13,18.3,211.08,84.44,2,Caen 3-0 Aubagne,2025-08-08
Quevilly-Rouen Métropole,0.38,1.68,-1.3,0.19,1.3,-1.11,0.19,0.38,-0.19,0.38,1.68,-1.3,0,1,-1,0.3,54.9,58.97,48.57,0.35,0.51,210,12,6,13,17.14,25.49,9.79,5,2,31,6,13,79.7,50.28,25.93,32.91,46.67,32.67,0,Paris 13 Atletico 1-0 Quevilly-Rouen Métropole,2025-08-08
Paris 13 Atletico,1.68,0.38,1.3,1.3,0.19,1.11,0.38,0.19,0.19,1.68,0.38,1.3,1,0,1,-0.3,45.1,41.03,43.97,0.51,0.35,143,13,13,6,25.49,17.14,13.29,2,5,14,5,13,78.8,49.72,52.87,67.09,96.2,67.33,1,Paris 13 Atletico 1-0 Quevilly-Rouen Métropole,2025-08-08
Dijon,2.32,1.93,0.39,1.52,1.6,-0.08,0.03,0.33,-0.3,1.56,1.93,-0.37,2,1,1,0.61,56.7,63.11,45.08,0.74,0.85,223,15,19,13,25.68,15.29,12.93,4,1,19,7,10,134.4,79.9,32.53,31.0,100.87,69.52,0,Orléans 1-2 Dijon,2025-08-08
Orléans,1.93,2.32,-0.39,1.6,1.52,0.08,0.33,0.03,0.3,1.93,1.56,0.37,1,2,-1,-0.61,43.3,36.89,41.84,0.85,0.74,132,10,13,19,15.29,25.68,15.32,1,4,12,4,14,33.8,20.1,72.4,69.0,44.23,30.48,0,Orléans 1-2 Dijon,2025-08-08
Sochaux,1.24,0.99,0.25,0.09,0.98,-0.89,0.39,0.02,0.37,0.48,0.99,-0.51,1,0,1,0.75,48.5,51.84,45.78,0.43,0.6,177,8,8,11,18.6,18.33,9.67,5,1,18,4,21,45.4,41.09,40.2,52.85,51.0,44.05,2,Le Puy Foot 0-1 Sochaux,2025-08-08
Le Puy Foot,0.99,1.24,-0.25,0.98,0.09,0.89,0.02,0.39,-0.37,0.99,0.48,0.51,0,1,-1,-0.75,51.5,48.16,42.92,0.6,0.43,149,12,11,8,18.33,18.6,11.29,1,5,22,6,10,65.1,58.91,35.87,47.15,64.77,55.95,0,Le Puy Foot 0-1 Sochaux,2025-08-08
Fleury,0.74,1.7,-0.96,0.61,0.68,-0.07,0.13,1.02,-0.89,0.74,1.7,-0.96,0,0,0,0.96,50.5,39.94,43.04,0.33,0.89,162,5,9,13,27.27,14.61,8.33,3,8,5,2,14,69.8,33.38,31.93,42.43,63.57,30.56,0,Rouen 0-0 Fleury,2025-08-08
Rouen,1.7,0.74,0.96,0.68,0.61,0.07,1.02,0.13,0.89,1.7,0.74,0.96,0,0,0,-0.96,49.5,60.06,48.08,0.89,0.33,191,9,13,9,14.61,27.27,8.58,8,3,25,10,18,139.3,66.62,43.33,57.57,144.47,69.44,0,Rouen 0-0 Fleury,2025-08-08
Valenciennes,1.44,2.13,-0.69,0.83,1.51,-0.68,0.61,0.63,-0.02,1.44,2.13,-0.69,0,0,0,0.69,45.7,57.4,48.48,0.51,0.58,176,11,13,16,25.49,27.59,9.4,7,3,25,13,14,87.9,53.83,67.8,89.53,124.4,70.51,2,Châteauroux 0-0 Valenciennes,2025-08-08
Châteauroux,2.13,1.44,0.69,1.51,0.83,0.68,0.63,0.61,0.02,2.13,1.44,0.69,0,0,0,-0.69,54.3,42.6,43.2,0.58,0.51,169,9,16,13,27.59,25.49,9.75,3,7,12,4,12,75.4,46.17,7.93,10.47,52.03,29.49,0,Châteauroux 0-0 Valenciennes,2025-08-08
