Team,xG,xGA,xGD,Open Play xG,Open Play xGA,Open Play xGD,Set Piece xG,Set Piece xGA,Set Piece xGD,npxG,npxGA,npxGD,Goals,Goals Conceded,GD,GD-xGD,Possession,Field Tilt,Avg Pass Height,xT,xT Against,Passes in Opposition Half,Passes into Box,Shots,Shots Faced,Shots per 1.0 xT,Shots Faced per 1.0 xT Against,PPDA,High Recoveries,High Recoveries Against,Crosses,Corners,Fouls,On-Ball Pressure,On-Ball Pressure Share,Off-Ball Pressure,Off-Ball Pressure Share,Game Control,Game Control Share,Throw-Ins into the Box,Match,Date
Troyes,1.54,1.12,0.42,0.91,1.00,-0.09,0.63,0.12,0.51,1.54,1.12,0.42,3,0,3,2.58,34.60,41.61,45.86,0.95,0.5,129,13,15,13,15.79,26.0,13.52,5,5,13,3,16,68.1,37.36,123.67,96.17,147.53,75.22,1,Saint-Étienne 0-3 Troyes,2026-04-25
Saint-Étienne,1.12,1.54,-0.42,1.00,0.91,0.09,0.12,0.63,-0.51,1.12,1.54,-0.42,0,3,-3,-2.58,65.40,58.39,46.37,0.5,0.95,242,13,13,15,26.0,15.79,6.50,5,5,22,9,15,114.2,62.64,4.93,3.83,48.6,24.78,0,Saint-Étienne 0-3 Troyes,2026-04-25
Le Mans,1.28,1.18,0.10,1.13,0.40,0.73,0.15,0.02,0.13,1.28,0.42,0.86,1,1,0,-0.10,57.50,47.86,41.52,0.65,0.29,159,12,9,7,13.85,24.14,6.87,4,6,15,4,21,62.4,50.0,18.53,20.59,55.9,33.83,1,Grenoble 1-1 Le Mans,2026-04-25
Grenoble,1.18,1.28,-0.10,0.40,1.13,-0.73,0.02,0.15,-0.13,0.42,1.28,-0.86,1,1,0,0.10,42.50,52.14,45.22,0.29,0.65,137,6,7,9,24.14,13.85,8.74,6,4,11,1,14,62.4,50.0,71.47,79.41,109.33,66.17,2,Grenoble 1-1 Le Mans,2026-04-25
Nancy,0.91,1.17,-0.26,0.91,1.14,-0.23,0.00,0.02,-0.02,0.91,1.17,-0.26,1,1,0,0.26,27.80,26.16,46.31,0.41,1.29,105,7,7,12,17.07,9.3,13.86,2,6,8,0,18,25.4,11.12,176.27,100.0,68.6,34.55,2,Reims 1-1 Nancy,2026-04-25
Reims,1.17,0.91,0.26,1.14,0.91,0.23,0.02,0.00,0.02,1.17,0.91,0.26,1,1,0,-0.26,72.20,73.84,50.19,1.29,0.41,335,20,12,7,9.3,17.07,5.47,6,2,20,4,16,203.0,88.88,0.0,0.0,129.93,65.45,1,Reims 1-1 Nancy,2026-04-25
Guingamp,2.17,1.24,0.93,1.39,1.24,0.15,0.01,0.0,0.01,1.41,1.24,0.17,2,3,-1,-1.93,63.3,59.11,45.1,0.67,0.49,205,9,13,8,19.4,16.33,5.97,3,4,19,8,20,97.7,63.52,12.47,11.66,59.53,31.61,0,Red Star 3-2 Guingamp,2026-04-24
Red Star,1.24,2.17,-0.93,1.24,1.39,-0.15,0.0,0.01,-0.01,1.24,1.41,-0.17,3,2,1,1.93,36.7,40.89,45.58,0.49,0.67,117,6,8,13,16.33,19.4,9.93,4,3,16,0,23,56.1,36.48,94.47,88.34,128.77,68.39,0,Red Star 3-2 Guingamp,2026-04-24
Pau,0.79,2.94,-2.15,0.79,2.9,-2.11,0.0,0.04,-0.04,0.79,2.94,-2.15,1,5,-4,-1.85,54.2,36.0,38.74,0.36,0.6,143,8,6,13,16.67,21.67,10.71,4,13,9,3,6,27.4,20.27,40.93,29.04,15.17,5.46,0,Annecy 5-1 Pau,2026-04-24
Annecy,2.94,0.79,2.15,2.9,0.79,2.11,0.04,0.0,0.04,2.94,0.79,2.15,5,1,4,1.85,45.8,64.0,48.37,0.6,0.36,226,10,13,6,21.67,16.67,10.66,13,4,8,1,19,107.8,79.73,100.0,70.96,262.83,94.54,7,Annecy 5-1 Pau,2026-04-24
Rodez,1.08,0.21,0.87,0.58,0.21,0.37,0.5,0.0,0.5,1.08,0.21,0.87,0,0,0,-0.87,46.9,47.37,50.27,0.67,0.55,215,13,12,5,17.91,9.09,12.2,3,7,31,6,15,83.1,52.07,51.47,57.35,63.83,59.18,2,Laval 0-0 Rodez,2026-04-24
Laval,0.21,1.08,-0.87,0.21,0.58,-0.37,0.0,0.5,-0.5,0.21,1.08,-0.87,0,0,0,0.87,53.1,52.63,49.7,0.55,0.67,238,5,5,12,9.09,17.91,8.53,7,3,19,2,11,76.5,47.93,38.27,42.65,44.03,40.82,1,Laval 0-0 Rodez,2026-04-24
Bastia,1.07,0.86,0.21,0.58,0.67,-0.09,0.5,0.19,0.31,1.07,0.86,0.21,1,1,0,-0.21,65.3,70.92,54.65,0.9,0.53,269,21,15,9,16.67,16.98,5.94,4,1,40,12,16,189.2,90.57,5.87,5.18,104.13,68.6,0,Clermont 1-1 Bastia,2026-04-24
Clermont,0.86,1.07,-0.21,0.67,0.58,0.09,0.19,0.5,-0.31,0.86,1.07,-0.21,1,1,0,0.21,34.7,29.08,49.71,0.53,0.9,117,3,9,15,16.98,16.67,14.19,1,4,18,5,12,19.7,9.43,107.4,94.82,47.67,31.4,0,Clermont 1-1 Bastia,2026-04-24
Montpellier,2.98,1.98,1.0,2.95,1.81,1.14,0.02,0.17,-0.15,2.98,1.98,1.0,2,0,2,1.0,47.1,33.11,41.45,0.77,1.23,153,17,15,22,19.48,17.89,8.45,3,5,14,7,16,23.5,13.54,37.13,34.59,27.97,17.88,3,Amiens SC 0-2 Montpellier,2026-04-24
Amiens SC,1.98,2.98,-1.0,1.81,2.95,-1.14,0.17,0.02,0.15,1.98,2.98,-1.0,0,2,-2,-1.0,52.9,66.89,51.12,1.23,0.77,250,23,22,15,17.89,19.48,9.65,5,3,29,8,16,150.1,86.46,70.2,65.41,128.43,82.12,0,Amiens SC 0-2 Montpellier,2026-04-24
Laval,2.19,1.26,0.93,1.43,1.14,0.29,0.0,0.13,-0.13,1.43,1.26,0.17,2,0,2,1.07,32.1,31.77,47.64,0.25,0.76,135,6,11,13,44.0,17.11,18.57,5,0,7,2,12,50.5,24.02,142.13,96.69,128.0,77.61,0,Dunkerque 0-2 Laval,2026-04-20
Dunkerque,1.26,2.19,-0.93,1.14,1.43,-0.29,0.13,0.0,0.13,1.26,1.43,-0.17,0,2,-2,-1.07,67.9,68.23,45.92,0.76,0.25,267,11,13,11,17.11,44.0,14.44,0,5,31,5,11,159.7,75.98,4.87,3.31,36.93,22.39,0,Dunkerque 0-2 Laval,2026-04-20
Saint-Étienne,0.96,1.54,-0.58,0.96,1.35,-0.39,0.0,0.19,-0.19,0.96,1.54,-0.58,0,2,-2,-1.42,74.1,72.47,51.64,0.78,0.57,326,14,10,10,12.82,17.54,4.46,4,10,26,6,15,161.2,88.82,0.47,0.31,49.03,36.05,0,Bastia 2-0 Saint-Étienne,2026-04-18
Bastia,1.54,0.96,0.58,1.35,0.96,0.39,0.19,0.0,0.19,1.54,0.96,0.58,2,0,2,1.42,25.9,27.53,48.49,0.57,0.78,89,9,10,10,17.54,12.82,10.3,10,4,14,2,20,20.3,11.18,152.8,99.69,86.97,63.95,3,Bastia 2-0 Saint-Étienne,2026-04-18
Red Star,0.93,0.93,0.0,0.7,0.82,-0.12,0.22,0.12,0.1,0.93,0.93,0.0,2,3,-1,-1.0,46.0,47.04,48.51,0.51,0.47,170,9,12,11,23.53,23.4,7.79,4,4,24,5,17,75.1,44.18,55.73,73.91,68.13,33.46,2,Reims 3-2 Red Star,2026-04-18
Reims,0.93,0.93,0.0,0.82,0.7,0.12,0.12,0.22,-0.1,0.93,0.93,0.0,3,2,1,1.0,54.0,52.96,46.48,0.47,0.51,191,14,11,12,23.4,23.53,8.74,4,4,11,6,15,94.9,55.82,19.67,26.09,135.47,66.54,0,Reims 3-2 Red Star,2026-04-18
Boulogne,0.22,1.22,-1.0,0.22,1.1,-0.88,0.0,0.12,-0.12,0.22,1.22,-1.0,0,1,-1,0.0,52.1,35.84,41.11,0.49,0.74,157,3,5,11,10.2,14.86,10.61,3,7,15,1,17,34.5,19.94,17.6,16.3,14.17,6.36,0,Troyes 1-0 Boulogne,2026-04-18
Troyes,1.22,0.22,1.0,1.1,0.22,0.88,0.12,0.0,0.12,1.22,0.22,1.0,1,0,1,0.0,47.9,64.16,50.98,0.74,0.49,219,17,11,5,14.86,10.2,10.63,7,3,22,8,14,138.5,80.06,90.4,83.7,208.67,93.64,0,Troyes 1-0 Boulogne,2026-04-18
Grenoble,1.36,1.33,0.03,1.36,0.86,0.5,0.01,0.47,-0.46,1.36,1.33,0.03,1,2,-1,-1.03,40.8,46.76,45.07,0.7,1.0,170,10,12,11,17.14,11.0,15.3,4,3,13,1,13,61.1,46.08,113.47,83.1,111.6,54.97,1,Montpellier 2-1 Grenoble,2026-04-17
Montpellier,1.33,1.36,-0.03,0.86,1.36,-0.5,0.47,0.01,0.46,1.33,1.36,-0.03,2,1,1,1.03,59.2,53.24,43.87,1.0,0.7,213,11,11,12,11.0,17.14,10.38,3,4,15,4,10,71.5,53.92,23.07,16.9,91.43,45.03,1,Montpellier 2-1 Grenoble,2026-04-17
Amiens SC,2.75,3.22,-0.47,1.75,2.4,-0.65,1.0,0.07,0.93,2.75,2.46,0.29,2,3,-1,-0.53,55.7,48.77,43.55,1.58,1.03,183,15,13,14,8.23,13.59,10.39,2,5,18,4,16,104.9,50.22,23.2,21.97,66.23,35.9,0,Rodez 3-2 Amiens SC,2026-04-17
Rodez,3.22,2.75,0.47,2.4,1.75,0.65,0.07,1.0,-0.93,2.46,2.75,-0.29,3,2,1,0.53,44.3,51.23,48.52,1.03,1.58,179,16,14,13,13.59,8.23,12.59,5,2,30,7,16,104.0,49.78,82.4,78.03,118.23,64.1,4,Rodez 3-2 Amiens SC,2026-04-17
Annecy,3.4,0.65,2.75,3.26,0.65,2.61,0.13,0.0,0.13,3.4,0.65,2.75,5,1,4,1.25,50.8,54.58,45.28,0.83,0.58,183,12,16,8,19.28,13.79,8.07,2,0,11,3,23,78.4,70.69,37.47,42.71,101.4,85.43,4,Nancy 1-5 Annecy,2026-04-17
Nancy,0.65,3.4,-2.75,0.65,3.26,-2.61,0.0,0.13,-0.13,0.65,3.4,-2.75,1,5,-4,-1.25,49.2,45.42,42.02,0.58,0.83,151,8,8,16,13.79,19.28,10.43,0,2,18,1,11,32.5,29.31,50.27,57.29,17.3,14.57,1,Nancy 1-5 Annecy,2026-04-17
Guingamp,0.52,1.06,-0.54,0.52,1.03,-0.51,0.0,0.03,-0.03,0.52,1.06,-0.54,1,2,-1,-0.46,43.5,31.65,43.78,0.39,1.05,171,5,5,8,12.82,7.62,21.1,2,5,7,1,12,28.8,15.21,86.67,68.06,40.4,28.29,1,Pau 2-1 Guingamp,2026-04-17
Pau,1.06,0.52,0.54,1.03,0.52,0.51,0.03,0.0,0.03,1.06,0.52,0.54,2,1,1,0.46,56.5,68.35,53.44,1.05,0.39,350,17,8,5,7.62,12.82,13.03,5,2,30,7,11,160.5,84.79,40.67,31.94,102.4,71.71,0,Pau 2-1 Guingamp,2026-04-17
Clermont,0.96,0.85,0.11,0.59,0.85,-0.26,0.36,0.0,0.36,0.96,0.85,0.11,0,1,-1,-1.11,42.2,34.59,42.57,0.19,0.5,133,6,10,13,52.63,26.0,16.24,4,8,11,4,8,46.0,24.84,82.8,73.4,52.1,31.85,1,Le Mans 1-0 Clermont,2026-04-17
Le Mans,0.85,0.96,-0.11,0.85,0.59,0.26,0.0,0.36,-0.36,0.85,0.96,-0.11,1,0,1,1.11,57.8,65.41,50.3,0.5,0.19,253,15,13,10,26.0,52.63,8.35,8,4,28,6,24,139.2,75.16,30.0,26.6,111.5,68.15,0,Le Mans 1-0 Clermont,2026-04-17
Troyes,1.81,2.68,-0.87,1.81,2.68,-0.87,0.0,0.0,0.0,1.81,2.68,-0.87,1,2,-1,-0.13,60.1,54.9,47.75,1.06,0.61,253,18,14,20,13.21,32.79,13.62,1,2,20,3,13,102.0,58.82,21.73,21.82,82.13,49.69,1,Rodez 2-1 Troyes,2026-04-13
Rodez,2.68,1.81,0.87,2.68,1.81,0.87,0.0,0.0,0.0,2.68,1.81,0.87,2,1,1,0.13,39.9,45.1,49.31,0.61,1.06,183,15,20,14,32.79,13.21,18.42,2,1,26,3,9,71.4,41.18,77.87,78.18,83.17,50.31,2,Rodez 2-1 Troyes,2026-04-13
Dunkerque,1.42,3.49,-2.07,0.62,2.85,-2.23,0.05,0.64,-0.59,0.66,3.49,-2.83,1,2,-1,1.07,50.4,32.69,40.24,0.23,1.78,146,9,6,20,26.09,11.24,11.74,4,16,7,2,16,35.7,16.26,25.53,21.3,27.73,9.61,0,Saint-Étienne 2-1 Dunkerque,2026-04-11
Saint-Étienne,3.49,1.42,2.07,2.85,0.62,2.23,0.64,0.05,0.59,3.49,0.66,2.83,2,1,1,-1.07,49.6,67.31,52.17,1.78,0.23,244,21,20,6,11.24,26.09,8.46,16,4,24,6,16,183.8,83.74,94.33,78.7,260.83,90.39,1,Saint-Étienne 2-1 Dunkerque,2026-04-11
Bastia,1.78,2.43,-0.65,0.94,2.4,-1.46,0.84,0.03,0.81,1.78,2.43,-0.65,3,4,-1,-0.35,38.8,44.79,48.27,0.41,0.88,140,7,13,18,31.71,20.45,11.5,11,5,12,2,13,54.5,32.36,77.8,89.02,77.14,39.72,2,Red Star 4-3 Bastia,2026-04-11
Red Star,2.43,1.78,0.65,2.4,0.94,1.46,0.03,0.84,-0.81,2.43,1.78,0.65,4,3,1,0.35,61.2,55.21,43.96,0.88,0.41,193,7,18,13,20.45,31.71,7.5,5,11,29,4,5,113.9,67.64,9.6,10.98,117.08,60.28,2,Red Star 4-3 Bastia,2026-04-11
Le Mans,3.13,0.35,2.78,2.49,0.31,2.18,0.63,0.04,0.59,3.13,0.35,2.78,0,0,0,-2.78,61.5,62.11,43.24,0.92,0.15,166,12,13,2,14.13,13.33,8.42,5,7,21,7,13,126.3,86.74,11.2,12.06,77.3,65.47,0,Boulogne 0-0 Le Mans,2026-04-11
Boulogne,0.35,3.13,-2.78,0.31,2.49,-2.18,0.04,0.63,-0.59,0.35,3.13,-2.78,0,0,0,2.78,38.5,37.89,41.84,0.15,0.92,118,4,2,13,13.33,14.13,11.49,7,5,9,2,10,19.3,13.26,81.67,87.94,40.77,34.53,1,Boulogne 0-0 Le Mans,2026-04-11
Grenoble,0.88,2.5,-1.62,0.88,2.42,-1.54,0.0,0.08,-0.08,0.88,2.5,-1.62,1,1,0,1.62,26.6,21.95,45.06,0.29,0.95,96,6,6,22,20.69,23.16,19.35,1,5,10,1,21,9.8,3.95,151.07,96.35,43.97,36.4,0,Guingamp 1-1 Grenoble,2026-04-10
Guingamp,2.5,0.88,1.62,2.42,0.88,1.54,0.08,0.0,0.08,2.5,0.88,1.62,1,1,0,-1.62,73.4,78.05,55.16,0.95,0.29,438,18,22,6,23.16,20.69,5.53,5,1,42,5,12,238.0,96.05,5.73,3.65,76.83,63.6,1,Guingamp 1-1 Grenoble,2026-04-10
Pau,0.92,0.63,0.29,0.87,0.29,0.58,0.05,0.34,-0.29,0.92,0.63,0.29,1,0,1,0.71,57.8,57.2,44.33,0.46,0.3,226,6,10,4,21.74,13.33,9.94,6,8,12,4,15,86.9,72.54,30.4,24.86,81.73,53.97,0,Amiens SC 0-1 Pau,2026-04-10
Amiens SC,0.63,0.92,-0.29,0.29,0.87,-0.58,0.34,0.05,0.29,0.63,0.92,-0.29,0,1,-1,-0.71,42.2,42.8,41.61,0.3,0.46,130,6,4,10,13.33,21.74,12.54,8,6,22,7,15,32.9,27.46,91.87,75.14,69.7,46.03,0,Amiens SC 0-1 Pau,2026-04-10
Nancy,0.91,1.7,-0.79,0.84,1.63,-0.79,0.07,0.06,0.01,0.91,1.7,-0.79,2,2,0,0.79,33.6,33.42,45.01,0.23,1.3,126,2,5,16,21.74,12.31,19.2,1,3,12,1,9,18.9,10.19,122.27,97.24,65.07,46.17,0,Clermont 2-2 Nancy,2026-04-10
Clermont,1.7,0.91,0.79,1.63,0.84,0.79,0.06,0.07,-0.01,1.7,0.91,0.79,2,2,0,-0.79,66.4,66.58,52.11,1.3,0.23,358,20,16,5,12.31,21.74,7.43,3,1,34,6,20,166.5,89.81,3.47,2.76,75.87,53.83,0,Clermont 2-2 Nancy,2026-04-10
Montpellier,0.26,0.8,-0.54,0.19,0.66,-0.47,0.06,0.15,-0.09,0.26,0.8,-0.54,0,0,0,0.54,61.4,54.43,38.37,0.35,0.46,164,6,4,10,11.43,21.74,7.37,5,4,21,5,16,74.7,56.21,3.93,3.09,32.17,19.27,0,Annecy 0-0 Montpellier,2026-04-10
Annecy,0.8,0.26,0.54,0.66,0.19,0.47,0.15,0.06,0.09,0.8,0.26,0.54,0,0,0,-0.54,38.6,45.57,41.75,0.46,0.35,113,7,10,4,21.74,11.43,11.05,4,5,10,3,17,58.2,43.79,123.07,96.91,134.8,80.73,4,Annecy 0-0 Montpellier,2026-04-10
Reims,2.56,1.96,0.6,1.59,0.93,0.66,0.21,0.27,-0.06,1.8,1.2,0.6,2,2,0,-0.6,68.1,64.99,50.18,1.33,0.91,310,15,12,12,9.02,13.19,9.65,4,2,20,4,8,153.7,81.24,4.53,3.58,83.73,46.94,0,Laval 2-2 Reims,2026-04-10
Laval,1.96,2.56,-0.6,0.93,1.59,-0.66,0.27,0.21,0.06,1.2,1.8,-0.6,2,2,0,0.6,31.9,35.01,46.37,0.91,1.33,119,12,12,12,13.19,9.02,14.83,2,4,12,8,12,35.5,18.76,122.13,96.42,94.63,53.06,1,Laval 2-2 Reims,2026-04-10
Pau,0.76,3.66,-2.9,0.76,2.84,-2.08,0.0,0.06,-0.06,0.76,2.9,-2.14,0,4,-4,-1.1,47.7,44.05,42.23,0.38,1.16,141,5,5,16,13.16,13.79,18.7,2,9,15,3,4,41.9,26.14,54.07,49.82,32.8,14.64,0,Le Mans 4-0 Pau,2026-04-06
Le Mans,3.66,0.76,2.9,2.84,0.76,2.08,0.06,0.0,0.06,2.9,0.76,2.14,4,0,4,1.1,52.3,55.95,45.95,1.16,0.38,191,21,16,5,13.79,13.16,8.68,9,2,21,6,20,118.4,73.86,54.47,50.18,191.27,85.36,2,Le Mans 4-0 Pau,2026-04-06
Saint-Étienne,2.71,0.39,2.32,1.85,0.36,1.49,0.11,0.03,0.08,1.95,0.39,1.56,1,1,0,-2.32,66.2,75.31,55.6,2.27,0.28,387,27,14,6,6.17,21.43,6.51,8,0,21,4,21,290.0,96.73,2.27,2.41,194.83,88.09,0,Nancy 1-1 Saint-Étienne,2026-04-04
Nancy,0.39,2.71,-2.32,0.36,1.85,-1.49,0.03,0.11,-0.08,0.39,1.95,-1.56,1,1,0,2.32,33.8,24.69,41.7,0.28,2.27,118,3,6,14,21.43,6.17,16.62,0,8,14,2,9,9.8,3.27,92.07,97.59,26.33,11.91,0,Nancy 1-1 Saint-Étienne,2026-04-04
Troyes,1.28,2.22,-0.94,0.94,1.46,-0.52,0.33,0.0,0.33,1.28,1.46,-0.18,2,2,0,0.94,42.3,49.17,46.73,1.19,0.48,159,17,15,14,12.61,29.17,11.14,2,5,19,9,16,82.7,55.32,88.73,83.92,117.53,76.65,2,Montpellier 2-2 Troyes,2026-04-04
Montpellier,2.22,1.28,0.94,1.46,0.94,0.52,0.0,0.33,-0.33,1.46,1.28,0.18,2,2,0,-0.94,57.7,50.83,46.2,0.48,1.19,203,6,14,15,29.17,12.61,6.43,5,2,18,5,17,66.8,44.68,17.0,16.08,35.8,23.35,1,Montpellier 2-2 Troyes,2026-04-04
Boulogne,1.33,2.09,-0.76,1.33,2.04,-0.71,0.0,0.05,-0.05,1.33,2.09,-0.76,0,0,0,0.76,36.1,32.98,45.32,0.36,1.55,144,7,10,17,27.78,10.97,17.83,6,7,15,3,8,31.3,13.33,93.4,89.64,45.37,25.16,1,Reims 0-0 Boulogne,2026-04-04
Reims,2.09,1.33,0.76,2.04,1.33,0.71,0.05,0.0,0.05,2.09,1.33,0.76,0,0,0,-0.76,63.9,67.02,51.58,1.55,0.36,317,25,17,10,10.97,27.78,8.66,7,6,25,7,14,203.5,86.67,10.8,10.36,134.97,74.84,0,Reims 0-0 Boulogne,2026-04-04
Clermont,2.44,1.49,0.95,2.33,0.73,1.6,0.11,0.0,0.11,2.44,0.73,1.71,2,2,0,-0.95,47.9,46.86,46.57,0.37,0.46,195,9,13,10,35.14,21.74,13.28,2,5,17,4,14,64.9,41.95,55.53,65.69,74.2,43.97,0,Grenoble 2-2 Clermont,2026-04-03
Grenoble,1.49,2.44,-0.95,0.73,2.33,-1.6,0.0,0.11,-0.11,0.73,2.44,-1.71,2,2,0,0.95,52.1,53.14,47.43,0.46,0.37,210,10,10,13,21.74,35.14,9.21,5,2,19,3,12,89.8,58.05,29.0,34.31,94.57,56.03,1,Grenoble 2-2 Clermont,2026-04-03
Laval,0.6,1.74,-1.14,0.53,1.62,-1.09,0.06,0.12,-0.06,0.6,1.74,-1.14,0,0,0,1.14,31.5,29.09,44.93,0.45,1.41,116,6,4,19,8.89,13.48,18.35,1,10,13,3,12,11.0,4.99,132.8,92.27,43.77,26.63,0,Red Star 0-0 Laval,2026-04-03
Red Star,1.74,0.6,1.14,1.62,0.53,1.09,0.12,0.06,0.06,1.74,0.6,1.14,0,0,0,-1.14,68.5,70.91,49.9,1.41,0.45,333,16,19,4,13.48,8.89,7.3,10,1,32,8,11,209.5,95.01,11.13,7.73,120.6,73.37,1,Red Star 0-0 Laval,2026-04-03
Rodez,1.69,1.8,-0.11,1.69,1.66,0.03,0.0,0.14,-0.14,1.69,1.8,-0.11,1,1,0,0.11,30.9,38.63,47.45,0.89,0.82,136,11,6,13,6.74,15.85,18.84,5,2,17,0,16,32.5,23.5,159.07,98.84,133.1,83.29,0,Dunkerque 1-1 Rodez,2026-04-03
Dunkerque,1.8,1.69,0.11,1.66,1.69,-0.03,0.14,0.0,0.14,1.8,1.69,0.11,1,1,0,-0.11,69.1,61.37,44.07,0.82,0.89,276,11,13,6,15.85,6.74,6.8,2,5,24,8,8,105.8,76.5,1.87,1.16,26.7,16.71,0,Dunkerque 1-1 Rodez,2026-04-03
Guingamp,1.2,2.74,-1.54,1.06,2.67,-1.61,0.14,0.08,0.06,1.2,2.74,-1.54,0,1,-1,0.54,68.7,75.15,49.18,0.98,0.44,326,10,13,12,13.27,27.27,9.03,3,6,36,7,18,223.0,83.43,1.87,1.1,103.13,52.49,0,Annecy 1-0 Guingamp,2026-04-03
Annecy,2.74,1.2,1.54,2.67,1.06,1.61,0.08,0.14,-0.06,2.74,1.2,1.54,1,0,1,-0.54,31.3,24.85,44.07,0.44,0.98,107,5,12,13,27.27,13.27,22.0,6,3,9,4,6,44.3,16.57,168.27,98.9,93.33,47.51,3,Annecy 1-0 Guingamp,2026-04-03
Amiens SC,1.37,4.43,-3.06,0.84,4.39,-3.55,0.53,0.04,0.49,1.37,4.43,-3.06,1,1,0,3.06,58.3,37.05,36.67,0.55,0.99,116,9,9,18,16.36,18.18,9.88,1,7,13,7,12,36.2,24.38,14.33,12.81,17.7,9.46,0,Bastia 1-1 Amiens SC,2026-04-03
Bastia,4.43,1.37,3.06,4.39,0.84,3.55,0.04,0.53,-0.49,4.43,1.37,3.06,1,1,0,-3.06,41.7,62.95,48.8,0.99,0.55,161,18,18,9,18.18,16.36,12.47,7,1,14,2,13,112.3,75.62,97.53,87.19,169.5,90.54,3,Bastia 1-1 Amiens SC,2026-04-03
Annecy,0.12,2.82,-2.7,0.08,2.57,-2.49,0.04,0.26,-0.22,0.12,2.82,-2.7,0,4,-4,-1.3,37.9,27.69,39.36,0.1,0.84,130,1,2,16,20.0,19.05,19.48,1,6,8,2,13,4.4,2.5,97.6,79.61,5.9,1.75,2,Saint-Étienne 4-0 Annecy,2026-03-21
Saint-Étienne,2.82,0.12,2.7,2.57,0.08,2.49,0.26,0.04,0.22,2.82,0.12,2.7,4,0,4,1.3,62.1,72.31,47.11,0.84,0.1,327,14,16,2,19.05,20.0,8.68,6,1,16,6,19,171.3,97.5,25.0,20.39,330.51,98.25,0,Saint-Étienne 4-0 Annecy,2026-03-21
Dunkerque,1.24,2.78,-1.54,1.24,1.9,-0.66,0.0,0.11,-0.11,1.24,2.02,-0.78,1,5,-4,-2.46,42.0,35.92,43.24,0.51,0.66,137,9,8,18,15.69,27.27,12.53,3,2,12,3,15,52.4,23.42,58.27,50.26,28.87,12.19,1,Troyes 5-1 Dunkerque,2026-03-21
Troyes,2.78,1.24,1.54,1.9,1.24,0.66,0.11,0.0,0.11,2.02,1.24,0.78,5,1,4,2.46,58.0,64.08,51.79,0.66,0.51,268,16,18,8,27.27,15.69,14.27,2,3,16,6,14,171.3,76.58,57.67,49.74,207.99,87.81,0,Troyes 5-1 Dunkerque,2026-03-21
Reims,1.81,2.13,-0.32,1.62,1.11,0.51,0.19,0.26,-0.07,1.81,1.37,0.44,2,0,2,2.32,56.6,53.14,46.82,0.41,0.53,223,17,11,16,26.83,30.19,11.32,7,5,14,6,11,91.3,55.03,15.6,17.46,71.67,53.18,0,Guingamp 0-2 Reims,2026-03-21
Guingamp,2.13,1.81,0.32,1.11,1.62,-0.51,0.26,0.19,0.07,1.37,1.81,-0.44,0,2,-2,-2.32,43.4,46.86,47.76,0.53,0.41,185,14,16,11,30.19,26.83,14.07,5,7,21,6,13,74.6,44.97,73.73,82.54,63.1,46.82,0,Guingamp 0-2 Reims,2026-03-21
Le Mans,2.57,1.7,0.87,1.92,1.7,0.22,0.65,0.0,0.65,2.57,1.7,0.87,4,3,1,0.13,51.5,61.38,47.25,1.29,0.49,189,15,18,9,13.95,18.37,6.13,7,2,27,7,22,116.5,71.56,39.6,46.15,125.47,84.07,0,Amiens SC 3-4 Le Mans,2026-03-20
Amiens SC,1.7,2.57,-0.87,1.7,1.92,-0.22,0.0,0.65,-0.65,1.7,2.57,-0.87,3,4,-1,-0.13,48.5,38.62,42.29,0.49,1.29,129,7,9,18,18.37,13.95,8.66,2,7,7,1,15,46.3,28.44,46.2,53.85,23.77,15.93,0,Amiens SC 3-4 Le Mans,2026-03-20
Red Star,1.96,0.44,1.52,1.16,0.44,0.72,0.04,0.0,0.04,1.2,0.44,0.76,1,0,1,-0.52,52.7,59.3,46.44,0.8,0.29,208,22,9,9,11.25,31.03,19.37,3,2,28,9,17,133.0,71.93,48.6,44.95,134.5,70.85,2,Clermont 0-1 Red Star,2026-03-20
Clermont,0.44,1.96,-1.52,0.44,1.16,-0.72,0.0,0.04,-0.04,0.44,1.2,-0.76,0,1,-1,0.52,47.3,40.7,43.98,0.29,0.8,159,6,9,9,31.03,11.25,11.0,2,3,18,1,12,51.9,28.07,59.53,55.05,55.33,29.15,0,Clermont 0-1 Red Star,2026-03-20
Bastia,1.53,1.56,-0.03,1.53,0.56,0.97,0.0,0.23,-0.23,1.53,0.8,0.73,1,1,0,0.03,50.7,62.03,52.76,0.78,0.5,194,15,13,12,16.67,24.0,12.33,6,2,18,2,10,118.8,70.55,59.4,73.33,143.63,78.81,1,Rodez 1-1 Bastia,2026-03-20
Rodez,1.56,1.53,0.03,0.56,1.53,-0.97,0.23,0.0,0.23,0.8,1.53,-0.73,1,1,0,-0.03,49.3,37.97,39.73,0.5,0.78,115,10,12,13,24.0,16.67,11.52,2,6,27,9,9,49.6,29.45,21.6,26.67,38.63,21.19,3,Rodez 1-1 Bastia,2026-03-20
Grenoble,1.92,1.91,0.01,1.91,1.91,0.0,0.01,0.0,0.01,1.92,1.91,0.01,2,3,-1,-1.01,39.8,35.07,44.65,0.55,0.92,138,7,11,12,20.0,13.04,12.21,3,5,24,5,11,29.8,15.07,79.53,82.5,68.67,39.18,0,Laval 3-2 Grenoble,2026-03-20
Laval,1.91,1.92,-0.01,1.91,1.91,0.0,0.0,0.01,-0.01,1.91,1.92,-0.01,3,2,1,1.01,60.2,64.93,51.27,0.92,0.55,285,19,12,11,13.04,20.0,9.03,5,3,34,7,13,167.9,84.93,16.87,17.5,106.6,60.82,2,Laval 3-2 Grenoble,2026-03-20
Nancy,0.69,0.92,-0.23,0.45,0.15,0.3,0.24,0.01,0.23,0.69,0.16,0.53,0,0,0,0.23,42.9,54.01,43.2,0.66,0.61,138,13,12,4,18.18,6.56,15.19,4,3,19,6,15,91.2,64.36,92.13,95.18,152.47,86.25,1,Boulogne 0-0 Nancy,2026-03-20
Boulogne,0.92,0.69,0.23,0.15,0.45,-0.3,0.01,0.24,-0.23,0.16,0.69,-0.53,0,0,0,-0.23,57.1,45.99,42.3,0.61,0.66,175,5,4,12,6.56,18.18,9.26,3,4,14,2,16,50.5,35.64,4.67,4.82,24.3,13.75,0,Boulogne 0-0 Nancy,2026-03-20
Montpellier,0.44,2.0,-1.56,0.21,1.87,-1.66,0.22,0.13,0.09,0.44,2.0,-1.56,0,0,0,1.56,36.6,33.08,41.9,0.24,0.7,113,8,4,18,16.67,25.71,15.24,8,3,13,3,14,15.0,8.35,133.0,87.46,63.67,39.04,5,Pau 0-0 Montpellier,2026-03-20
Pau,2.0,0.44,1.56,1.87,0.21,1.66,0.13,0.22,-0.09,2.0,0.44,1.56,0,0,0,-1.56,63.4,66.92,47.55,0.7,0.24,262,8,18,4,25.71,16.67,8.33,3,8,24,4,10,164.7,91.65,19.07,12.54,99.43,60.96,0,Pau 0-0 Montpellier,2026-03-20
Saint-Étienne,0.59,1.4,-0.81,0.57,1.06,-0.49,0.02,0.35,-0.33,0.59,1.4,-0.81,0,0,0,0.81,57.0,52.33,47.94,0.47,0.74,228,12,8,15,17.02,20.27,12.09,1,7,15,4,11,66.2,51.76,20.8,23.6,44.43,33.94,0,Grenoble 0-0 Saint-Étienne,2026-03-14
Grenoble,1.4,0.59,0.81,1.06,0.57,0.49,0.35,0.02,0.33,1.4,0.59,0.81,0,0,0,-0.81,43.0,47.67,47.17,0.74,0.47,171,12,15,8,20.27,17.02,12.0,7,1,29,5,10,61.7,48.24,67.33,76.4,86.47,66.06,2,Grenoble 0-0 Saint-Étienne,2026-03-14
Rodez,1.94,1.54,0.4,0.97,1.35,-0.38,0.21,0.19,0.02,1.18,1.54,-0.36,2,1,1,0.6,35.3,37.27,44.81,0.64,0.92,133,10,13,18,20.31,19.57,14.34,2,3,23,5,13,38.1,17.85,120.93,89.58,73.3,36.21,0,Reims 1-2 Rodez,2026-03-14
Reims,1.54,1.94,-0.4,1.35,0.97,0.38,0.19,0.21,-0.02,1.54,1.18,0.36,1,2,-1,-0.6,64.7,62.73,46.95,0.92,0.64,255,11,18,13,19.57,20.31,9.59,3,2,20,6,14,175.3,82.15,14.07,10.42,129.13,63.79,0,Reims 1-2 Rodez,2026-03-14
Dunkerque,0.63,1.4,-0.77,0.63,1.27,-0.64,0.0,0.13,-0.13,0.63,1.4,-0.77,0,1,-1,-0.23,53.1,64.21,47.45,0.74,0.64,245,11,7,11,9.46,17.19,11.33,5,8,11,0,15,115.8,66.44,43.47,43.58,123.5,55.73,0,Red Star 1-0 Dunkerque,2026-03-14
Red Star,1.4,0.63,0.77,1.27,0.63,0.64,0.13,0.0,0.13,1.4,0.63,0.77,1,0,1,0.23,46.9,35.79,37.54,0.64,0.74,119,9,11,7,17.19,9.46,10.2,8,5,13,3,16,58.5,33.56,56.27,56.42,98.1,44.27,0,Red Star 1-0 Dunkerque,2026-03-14
Troyes,1.69,0.47,1.22,1.31,0.47,0.84,0.39,0.0,0.39,1.69,0.47,1.22,2,1,1,-0.22,50.1,58.1,46.33,1.03,0.49,169,12,9,7,8.74,14.29,9.76,9,3,17,1,11,94.6,65.51,31.07,37.19,96.33,57.08,2,Annecy 1-2 Troyes,2026-03-16
Annecy,0.47,1.69,-1.22,0.47,1.31,-0.84,0.0,0.39,-0.39,0.47,1.69,-1.22,1,2,-1,0.22,49.9,41.9,43.8,0.49,1.03,132,8,7,9,14.29,8.74,8.47,3,9,10,2,20,49.8,34.49,52.47,62.81,72.43,42.92,4,Annecy 1-2 Troyes,2026-03-16
Laval,0.79,3.91,-3.12,0.38,3.43,-3.05,0.4,0.48,-0.08,0.79,3.91,-3.12,0,2,-2,1.12,42.6,43.04,47.81,0.46,1.32,162,7,7,17,15.22,12.88,12.88,1,3,14,3,17,41.5,23.17,69.87,83.44,69.4,38.34,0,Montpellier 2-0 Laval,2026-03-13
Montpellier,3.91,0.79,3.12,3.43,0.38,3.05,0.48,0.4,0.08,3.91,0.79,3.12,2,0,2,-1.12,57.4,56.96,48.45,1.32,0.46,222,18,17,7,12.88,15.22,5.63,3,1,16,5,23,137.6,76.83,13.87,16.56,111.6,61.66,3,Montpellier 2-0 Laval,2026-03-13
Pau,1.41,1.48,-0.07,1.41,0.48,0.93,0.0,0.24,-0.24,1.41,0.72,0.69,1,0,1,1.07,39.3,31.02,40.79,0.4,0.27,113,5,8,10,20.0,37.04,14.06,2,4,6,0,15,37.0,23.27,78.67,75.3,69.03,46.36,0,Clermont 0-1 Pau,2026-03-13
Clermont,1.48,1.41,0.07,0.48,1.41,-0.93,0.24,0.0,0.24,0.72,1.41,-0.69,0,1,-1,-1.07,60.7,68.98,49.77,0.27,0.4,305,5,10,8,37.04,20.0,8.31,4,2,21,5,20,122.0,76.73,25.8,24.7,79.87,53.64,0,Clermont 0-1 Pau,2026-03-13
Le Mans,1.77,1.37,0.4,1.04,1.22,-0.18,0.73,0.15,0.58,1.77,1.37,0.4,4,2,2,1.6,60.1,54.28,42.58,0.83,0.43,210,14,10,7,12.05,16.28,10.23,3,2,17,7,19,94.2,65.46,9.07,6.71,52.5,32.73,0,Nancy 2-4 Le Mans,2026-03-13
Nancy,1.37,1.77,-0.4,1.22,1.04,0.18,0.15,0.73,-0.58,1.37,1.77,-0.4,2,4,-2,-1.6,39.9,45.72,42.98,0.43,0.83,137,9,7,10,16.28,12.05,12.13,2,3,13,4,10,49.7,34.54,126.07,93.29,107.9,67.27,1,Nancy 2-4 Le Mans,2026-03-13
Amiens SC,0.93,1.82,-0.89,0.93,1.58,-0.65,0.0,0.23,-0.23,0.93,1.82,-0.89,0,1,-1,-0.11,39.8,37.01,47.29,0.74,0.74,184,14,8,13,10.81,17.57,15.45,3,4,23,4,16,23.5,13.88,97.53,88.24,36.83,23.51,0,Guingamp 1-0 Amiens SC,2026-03-13
Guingamp,1.82,0.93,0.89,1.58,0.93,0.65,0.23,0.0,0.23,1.82,0.93,0.89,1,0,1,0.11,60.2,62.99,48.25,0.74,0.74,294,12,13,8,17.57,10.81,11.62,4,3,17,5,8,145.8,86.12,13.0,11.76,119.8,76.49,0,Guingamp 1-0 Amiens SC,2026-03-13
Boulogne,1.16,1.9,-0.74,1.16,1.05,0.11,0.0,0.09,-0.09,1.16,1.14,0.02,1,0,1,1.74,31.5,29.97,42.02,0.2,0.73,88,3,4,13,20.0,17.81,10.92,5,6,9,2,18,12.3,7.63,93.27,94.59,55.13,47.35,0,Bastia 0-1 Boulogne,2026-03-13
Bastia,1.9,1.16,0.74,1.05,1.16,-0.11,0.09,0.0,0.09,1.14,1.16,-0.02,0,1,-1,-1.74,68.5,70.03,49.71,0.73,0.2,256,10,13,4,17.81,20.0,4.23,6,5,28,8,23,149.0,92.37,5.33,5.41,61.3,52.65,2,Bastia 0-1 Boulogne,2026-03-13
Reims,1.31,1.1,0.21,1.26,1.1,0.16,0.05,0.0,0.05,1.31,1.1,0.21,1,1,0,-0.21,53.1,48.9,45.91,1.15,0.37,237,17,13,7,11.3,18.92,10.47,6,2,21,4,13,132.3,56.95,47.27,38.28,94.87,46.53,1,Dunkerque 1-1 Reims,2026-03-09
Dunkerque,1.1,1.31,-0.21,1.1,1.26,-0.16,0.0,0.05,-0.05,1.1,1.31,-0.21,1,1,0,0.21,46.9,51.1,49.0,0.37,1.15,233,13,7,13,18.92,11.3,19.05,2,6,16,4,12,100.0,43.05,76.2,61.72,109.0,53.47,2,Dunkerque 1-1 Reims,2026-03-09
Red Star,1.0,1.08,-0.08,0.8,1.02,-0.22,0.2,0.06,0.14,1.0,1.08,-0.08,0,2,-2,-1.92,55.3,49.48,44.17,0.5,0.56,184,13,8,12,16.0,21.43,9.41,9,6,27,7,9,72.8,44.2,32.87,35.27,49.07,30.71,0,Saint-Étienne 2-0 Red Star,2026-03-07
Saint-Étienne,1.08,1.0,0.08,1.02,0.8,0.22,0.06,0.2,-0.14,1.08,1.0,0.08,2,0,2,1.92,44.7,50.52,48.79,0.56,0.5,201,15,12,8,21.43,16.0,12.22,6,9,13,8,12,91.9,55.8,60.33,64.73,110.73,69.29,0,Saint-Étienne 2-0 Red Star,2026-03-07
Clermont,0.15,2.25,-2.1,0.15,1.86,-1.71,0.0,0.4,-0.4,0.15,2.25,-2.1,1,2,-1,1.1,42.1,25.16,40.98,0.28,1.16,120,9,4,13,14.29,11.21,10.76,3,6,8,1,14,14.6,5.88,39.73,55.29,19.0,8.55,0,Troyes 2-1 Clermont,2026-03-07
Troyes,2.25,0.15,2.1,1.86,0.15,1.71,0.4,0.0,0.4,2.25,0.15,2.1,2,1,1,-1.1,57.9,74.84,54.67,1.16,0.28,310,29,13,4,11.21,14.29,8.19,6,3,25,6,19,233.6,94.12,32.13,44.71,203.3,91.45,0,Troyes 2-1 Clermont,2026-03-07
Annecy,0.92,2.83,-1.91,0.59,2.65,-2.06,0.33,0.18,0.15,0.92,2.83,-1.91,0,3,-3,-1.09,45.2,47.2,42.0,0.41,0.52,157,13,10,16,24.39,30.77,18.12,4,4,12,5,9,56.4,37.08,98.27,77.95,62.97,25.86,5,Le Mans 3-0 Annecy,2026-03-07
Le Mans,2.83,0.92,1.91,2.65,0.59,2.06,0.18,0.33,-0.15,2.83,0.92,1.91,3,0,3,1.09,54.8,52.8,39.76,0.52,0.41,145,10,16,10,30.77,24.39,13.38,4,4,18,6,11,95.7,62.92,27.8,22.05,180.52,74.14,0,Le Mans 3-0 Annecy,2026-03-07
Bastia,1.56,1.01,0.55,1.35,0.98,0.37,0.21,0.03,0.18,1.56,1.01,0.55,2,2,0,-0.55,55.8,63.92,45.9,0.61,0.38,214,6,16,7,26.23,18.42,8.19,6,2,23,5,19,121.3,83.94,41.6,36.66,113.27,64.54,0,Pau 2-2 Bastia,2026-03-06
Pau,1.01,1.56,-0.55,0.98,1.35,-0.37,0.03,0.21,-0.18,1.01,1.56,-0.55,2,2,0,0.55,44.2,36.08,39.96,0.38,0.61,114,7,7,16,18.42,26.23,12.81,2,6,11,4,20,23.2,16.06,71.87,63.34,62.23,35.46,0,Pau 2-2 Bastia,2026-03-06
Amiens SC,1.69,2.05,-0.36,1.5,2.05,-0.55,0.18,0.0,0.18,1.69,2.05,-0.36,2,4,-2,-1.64,36.7,32.71,43.98,0.9,1.24,112,10,13,14,14.44,11.29,19.81,3,7,18,5,9,29.9,16.69,90.8,90.98,72.17,50.95,0,Boulogne 4-2 Amiens SC,2026-03-06
Boulogne,2.05,1.69,0.36,2.05,1.5,0.55,0.0,0.18,-0.18,2.05,1.69,0.36,4,2,2,1.64,63.3,67.29,51.3,1.24,0.9,283,17,14,13,11.29,14.44,6.64,7,3,28,6,18,149.2,83.31,9.0,9.02,69.47,49.05,0,Boulogne 4-2 Amiens SC,2026-03-06
Grenoble,0.69,1.3,-0.61,0.69,1.3,-0.61,0.0,0.0,0.0,0.69,1.3,-0.61,0,1,-1,-0.39,56.1,44.85,44.92,0.46,0.67,176,9,4,12,8.7,17.91,8.73,3,3,17,1,17,57.8,40.73,17.73,17.99,16.3,12.6,0,Rodez 1-0 Grenoble,2026-03-06
Rodez,1.3,0.69,0.61,1.3,0.69,0.61,0.0,0.0,0.0,1.3,0.69,0.61,1,0,1,0.39,43.9,55.15,52.57,0.67,0.46,212,14,12,4,17.91,8.7,12.18,3,3,28,7,11,84.1,59.27,80.8,82.01,113.07,87.4,1,Rodez 1-0 Grenoble,2026-03-06
Guingamp,5.14,2.79,2.35,5.04,1.86,3.18,0.1,0.92,-0.82,5.14,2.79,2.35,2,2,0,-2.35,57.8,52.84,46.25,1.51,0.66,217,18,17,19,11.26,28.79,10.09,5,3,23,7,12,118.2,50.13,36.07,25.61,63.23,32.58,0,Laval 2-2 Guingamp,2026-03-06
Laval,2.79,5.14,-2.35,1.86,5.04,-3.18,0.92,0.1,0.82,2.79,5.14,-2.35,2,2,0,2.35,42.2,47.16,47.98,0.66,1.51,200,12,19,17,28.79,11.26,15.73,3,5,15,6,15,117.6,49.87,104.8,74.39,130.87,67.42,3,Laval 2-2 Guingamp,2026-03-06
Montpellier,2.28,0.61,1.67,2.25,0.43,1.82,0.03,0.18,-0.15,2.28,0.61,1.67,3,0,3,1.33,56.6,47.43,43.38,0.38,0.44,187,9,8,11,21.05,25.0,10.4,3,4,15,6,19,62.8,42.84,28.0,24.68,58.43,38.87,2,Nancy 0-3 Montpellier,2026-03-06
Nancy,0.61,2.28,-1.67,0.43,2.25,-1.82,0.18,0.03,0.15,0.61,2.28,-1.67,0,3,-3,-1.33,43.4,52.57,46.6,0.44,0.38,170,12,11,8,25.0,21.05,11.0,4,3,24,4,12,83.8,57.16,85.47,75.32,91.9,61.13,0,Nancy 0-3 Montpellier,2026-03-06
Troyes,1.64,1.8,-0.16,1.64,1.66,-0.02,0.0,0.13,-0.13,1.64,1.8,-0.16,2,0,2,2.16,54.6,62.54,50.15,0.94,0.9,245,23,13,14,13.83,15.56,8.95,5,4,18,4,18,142.0,76.63,33.27,36.34,139.4,77.02,1,Amiens SC 0-2 Troyes,2026-03-02
Amiens SC,1.8,1.64,0.16,1.66,1.64,0.02,0.13,0.0,0.13,1.8,1.64,0.16,0,2,-2,-2.16,45.4,37.46,43.7,0.9,0.94,150,10,14,13,15.56,13.83,16.28,4,5,19,8,11,43.3,23.37,58.27,63.66,41.6,22.98,0,Amiens SC 0-2 Troyes,2026-03-02
Saint-Étienne,2.33,0.68,1.65,2.14,0.62,1.52,0.19,0.06,0.13,2.33,0.68,1.65,3,0,3,1.35,46.2,41.29,43.97,0.78,0.24,180,8,10,9,12.82,37.5,11.18,3,6,7,4,19,51.6,38.19,82.0,69.81,96.57,75.74,1,Pau 0-3 Saint-Étienne,2026-02-28
Pau,0.68,2.33,-1.65,0.62,2.14,-1.52,0.06,0.19,-0.13,0.68,2.33,-1.65,0,3,-3,-1.35,53.8,58.71,46.12,0.24,0.78,240,4,9,10,37.5,12.82,9.34,6,3,23,5,14,83.5,61.81,35.47,30.19,30.93,24.26,0,Pau 0-3 Saint-Étienne,2026-02-28
Le Mans,0.63,0.46,0.17,0.61,0.46,0.15,0.01,0.0,0.01,0.63,0.46,0.17,0,0,0,-0.17,45.7,40.3,39.65,0.55,0.63,109,4,6,7,10.91,11.11,10.24,6,6,15,4,17,36.8,24.37,68.47,56.8,62.27,33.56,0,Red Star 0-0 Le Mans,2026-02-28
Red Star,0.46,0.63,-0.17,0.46,0.61,-0.15,0.0,0.01,-0.01,0.46,0.63,-0.17,0,0,0,0.17,54.3,59.7,44.74,0.63,0.55,168,12,7,6,11.11,10.91,10.13,6,6,25,6,9,114.2,75.63,52.07,43.2,123.27,66.44,3,Red Star 0-0 Le Mans,2026-02-28
Rodez,0.69,1.07,-0.38,0.66,1.07,-0.41,0.03,0.0,0.03,0.69,1.07,-0.38,0,0,0,0.38,34.5,34.53,46.81,0.84,1.02,134,14,10,10,11.9,9.8,17.24,2,6,20,6,17,26.9,14.76,96.13,90.58,51.5,35.45,0,Guingamp 0-0 Rodez,2026-02-28
Guingamp,1.07,0.69,0.38,1.07,0.66,0.41,0.0,0.03,-0.03,1.07,0.69,0.38,0,0,0,-0.38,65.5,65.47,50.47,1.02,0.84,289,20,10,10,9.8,11.9,7.39,6,2,25,5,10,155.3,85.24,10.0,9.42,93.77,64.55,0,Guingamp 0-0 Rodez,2026-02-28
Reims,1.49,1.11,0.38,1.47,1.1,0.37,0.03,0.02,0.01,1.49,1.11,0.38,0,0,0,-0.38,51.5,51.03,47.87,0.85,0.91,201,15,15,10,17.65,10.99,8.82,4,1,13,4,15,99.1,57.95,54.8,47.76,110.6,55.54,0,Montpellier 0-0 Reims,2026-02-27
Montpellier,1.11,1.49,-0.38,1.1,1.47,-0.37,0.02,0.03,-0.01,1.11,1.49,-0.38,0,0,0,0.38,48.5,48.97,46.73,0.91,0.85,193,13,10,15,10.99,17.65,8.15,1,4,18,3,20,71.9,42.05,59.93,52.24,88.53,44.46,1,Montpellier 0-0 Reims,2026-02-27
Boulogne,0.21,0.59,-0.38,0.12,0.56,-0.44,0.09,0.03,0.06,0.21,0.59,-0.38,0,0,0,0.38,51.5,53.19,44.93,0.41,0.5,193,5,6,7,14.63,14.0,10.69,5,4,18,4,13,47.3,44.75,45.47,39.0,45.27,35.56,0,Grenoble 0-0 Boulogne,2026-02-27
Grenoble,0.59,0.21,0.38,0.56,0.12,0.44,0.03,0.09,-0.06,0.59,0.21,0.38,0,0,0,-0.38,48.5,46.81,42.39,0.5,0.41,153,13,7,6,14.0,14.63,10.62,4,5,19,4,13,58.4,55.25,71.13,61.0,82.03,64.44,3,Grenoble 0-0 Boulogne,2026-02-27
Nancy,1.87,1.42,0.45,0.92,1.06,-0.14,0.96,0.35,0.61,1.87,1.42,0.45,1,1,0,-0.45,51.2,58.54,49.79,1.06,0.23,191,14,16,8,15.09,34.78,6.95,4,4,36,10,21,136.7,77.32,54.4,70.9,141.53,85.57,0,Laval 1-1 Nancy,2026-02-27
Laval,1.42,1.87,-0.45,1.06,0.92,0.14,0.35,0.96,-0.61,1.42,1.87,-0.45,1,1,0,0.45,48.8,41.46,47.14,0.23,1.06,148,2,8,16,34.78,15.09,9.71,4,4,14,2,19,40.1,22.68,22.33,29.1,23.87,14.43,1,Laval 1-1 Nancy,2026-02-27
Annecy,2.01,1.61,0.4,0.55,0.8,-0.25,0.7,0.05,0.65,1.25,0.85,0.4,2,0,2,1.6,39.4,47.64,46.54,0.34,0.16,154,6,8,8,23.53,50.0,9.43,6,10,10,5,19,65.0,45.08,101.07,92.61,133.63,91.93,6,Bastia 0-2 Annecy,2026-02-27
Bastia,1.61,2.01,-0.4,0.8,0.55,0.25,0.05,0.7,-0.65,0.85,1.25,-0.4,0,2,-2,-1.6,60.6,52.36,43.01,0.16,0.34,189,5,8,8,50.0,23.53,6.36,10,6,17,3,8,79.2,54.92,8.07,7.39,11.73,8.07,1,Bastia 0-2 Annecy,2026-02-27
Dunkerque,1.14,1.37,-0.23,0.81,0.51,0.3,0.33,0.11,0.22,1.14,0.61,0.53,1,2,-1,-0.77,59.1,61.43,49.8,0.69,0.48,296,14,9,12,13.04,25.0,10.87,2,6,22,7,17,117.0,71.6,14.67,14.95,76.3,53.47,1,Clermont 2-1 Dunkerque,2026-02-27
Clermont,1.37,1.14,0.23,0.51,0.81,-0.3,0.11,0.33,-0.22,0.61,1.14,-0.53,2,1,1,0.77,40.9,38.57,42.59,0.48,0.69,141,11,12,9,25.0,13.04,17.62,6,2,13,7,7,46.4,28.4,83.47,85.05,66.4,46.53,0,Clermont 2-1 Dunkerque,2026-02-27
Guingamp,2.29,1.71,0.58,2.1,1.71,0.39,0.19,0.0,0.19,2.29,1.71,0.58,1,1,0,-0.58,60.2,53.03,43.77,0.45,0.92,199,9,14,9,31.11,9.78,8.32,2,6,14,4,13,81.1,62.24,15.47,16.59,58.97,38.58,3,Le Mans 1-1 Guingamp,2026-02-23
Le Mans,1.71,2.29,-0.58,1.71,2.1,-0.39,0.0,0.19,-0.19,1.71,2.29,-0.58,1,1,0,0.58,39.8,46.97,41.93,0.92,0.45,112,11,9,14,9.78,31.11,11.4,6,2,16,3,19,49.2,37.76,77.8,83.41,93.9,61.42,0,Le Mans 1-1 Guingamp,2026-02-23
Laval,0.67,2.99,-2.32,0.67,1.93,-1.26,0.0,0.3,-0.3,0.67,2.23,-1.56,1,2,-1,1.32,40.6,35.33,47.11,0.2,0.63,177,7,6,20,30.0,31.75,14.89,6,5,12,2,10,32.3,15.44,74.93,80.0,29.27,14.06,1,Saint-Étienne 2-1 Laval,2026-02-21
Saint-Étienne,2.99,0.67,2.32,1.93,0.67,1.26,0.3,0.0,0.3,2.23,0.67,1.56,2,1,1,-1.32,59.4,64.67,51.67,0.63,0.2,309,15,20,6,31.75,30.0,11.59,5,6,15,10,12,176.9,84.56,18.73,20.0,178.87,85.94,1,Saint-Étienne 2-1 Laval,2026-02-21
Pau,2.72,3.61,-0.89,2.54,2.5,0.04,0.17,0.35,-0.18,2.72,2.85,-0.13,3,4,-1,-0.11,36.5,15.48,40.34,0.18,2.1,110,5,11,22,61.11,10.48,20.26,2,6,8,2,13,9.1,2.65,51.47,63.02,16.57,6.5,0,Troyes 4-3 Pau,2026-02-21
Troyes,3.61,2.72,0.89,2.5,2.54,-0.04,0.35,0.17,0.18,2.85,2.72,0.13,4,3,1,0.11,63.5,84.52,59.15,2.1,0.18,457,29,22,11,10.48,61.11,9.57,6,2,28,5,11,333.8,97.35,30.2,36.98,238.3,93.5,0,Troyes 4-3 Pau,2026-02-21
Amiens SC,1.72,1.6,0.12,1.72,1.38,0.34,0.0,0.22,-0.22,1.72,1.6,0.12,0,0,0,-0.12,37.9,22.54,41.27,0.52,0.86,110,3,13,18,25.0,20.93,13.72,3,9,11,3,9,11.9,5.45,71.27,79.95,29.07,14.58,0,Reims 0-0 Amiens SC,2026-02-21
Reims,1.6,1.72,-0.12,1.38,1.72,-0.34,0.22,0.0,0.22,1.6,1.72,-0.12,0,0,0,0.12,62.1,77.46,56.64,0.86,0.52,336,20,18,13,20.93,25.0,8.91,9,3,33,8,12,206.6,94.55,17.87,20.05,170.37,85.42,0,Reims 0-0 Amiens SC,2026-02-21
Clermont,2.46,0.41,2.05,0.88,0.36,0.52,0.06,0.04,0.02,0.94,0.41,0.53,2,0,2,-0.05,44.3,38.83,41.82,0.34,0.38,137,6,9,6,26.47,15.79,15.65,4,4,7,4,9,48.8,34.29,50.2,67.05,65.57,51.67,0,Boulogne 0-2 Clermont,2026-02-20
Boulogne,0.41,2.46,-2.05,0.36,0.88,-0.52,0.04,0.06,-0.02,0.41,0.94,-0.53,0,2,-2,0.05,55.7,61.17,48.84,0.38,0.34,222,9,6,9,15.79,26.47,9.56,4,4,30,7,10,93.5,65.71,24.67,32.95,61.33,48.33,0,Boulogne 0-2 Clermont,2026-02-20
Red Star,2.69,2.76,-0.07,2.57,2.57,0.0,0.12,0.19,-0.07,2.69,2.76,-0.07,1,2,-1,-0.93,50.9,32.43,34.93,0.55,1.0,90,9,11,15,20.0,15.0,12.36,4,11,8,4,9,39.8,26.66,13.4,14.12,22.57,11.04,0,Annecy 2-1 Red Star,2026-02-20
Annecy,2.76,2.69,0.07,2.57,2.57,0.0,0.19,0.12,0.07,2.76,2.69,0.07,2,1,1,0.93,49.1,67.57,49.52,1.0,0.55,220,14,15,11,15.0,20.0,9.3,11,4,19,2,15,109.5,73.34,81.53,85.88,181.87,88.96,3,Annecy 2-1 Red Star,2026-02-20
Bastia,2.17,0.76,1.41,1.48,0.73,0.75,0.69,0.03,0.66,2.17,0.76,1.41,1,1,0,-1.41,32.9,35.25,44.87,0.89,0.5,116,8,13,8,14.61,16.0,13.55,4,5,14,5,13,61.8,34.86,156.27,92.69,132.33,80.72,0,Dunkerque 1-1 Bastia,2026-02-20
Dunkerque,0.76,2.17,-1.41,0.73,1.48,-0.75,0.03,0.69,-0.66,0.76,2.17,-1.41,1,1,0,1.41,67.1,64.75,49.77,0.5,0.89,323,7,8,13,16.0,14.61,8.68,5,4,11,3,11,115.5,65.14,12.33,7.31,31.6,19.28,1,Dunkerque 1-1 Bastia,2026-02-20
Grenoble,1.01,1.45,-0.44,0.87,1.06,-0.19,0.14,0.39,-0.25,1.01,1.45,-0.44,0,0,0,0.44,47.0,31.48,39.86,0.58,0.63,110,8,9,16,15.52,25.4,10.61,12,3,15,3,14,42.9,24.78,40.0,46.3,36.5,21.9,1,Nancy 0-0 Grenoble,2026-02-20
Nancy,1.45,1.01,0.44,1.06,0.87,0.19,0.39,0.14,0.25,1.45,1.01,0.44,0,0,0,-0.44,53.0,68.52,48.33,0.63,0.58,206,20,16,9,25.4,15.52,10.59,3,12,39,12,9,130.2,75.22,46.4,53.7,130.2,78.1,1,Nancy 0-0 Grenoble,2026-02-20
Montpellier,2.08,0.9,1.18,1.54,0.86,0.68,0.54,0.04,0.5,2.08,0.9,1.18,0,1,-1,-2.18,60.7,58.59,44.9,0.46,0.44,199,13,12,14,26.09,31.82,5.78,10,4,24,6,19,117.0,62.73,21.13,19.93,86.8,44.64,0,Rodez 1-0 Montpellier,2026-02-20
Rodez,0.9,2.08,-1.18,0.86,1.54,-0.68,0.04,0.54,-0.5,0.9,2.08,-1.18,1,0,1,2.18,39.3,41.41,43.86,0.44,0.46,127,12,14,12,31.82,26.09,8.72,4,10,18,6,13,69.5,37.27,84.87,80.07,107.63,55.36,1,Rodez 1-0 Montpellier,2026-02-20
Troyes,0.12,1.2,-1.08,0.12,0.93,-0.81,0.0,0.27,-0.27,0.12,1.2,-1.08,0,0,0,1.08,50.7,38.61,42.52,0.16,0.56,141,3,3,16,18.75,28.57,7.81,5,11,7,2,21,37.1,23.07,41.67,35.53,26.17,15.14,0,Bastia 0-0 Troyes,2026-02-16
Bastia,1.2,0.12,1.08,0.93,0.12,0.81,0.27,0.0,0.27,1.2,0.12,1.08,0,0,0,-1.08,49.3,61.39,47.29,0.56,0.16,172,12,16,3,28.57,18.75,6.39,11,5,17,5,11,123.7,76.93,75.6,64.47,146.7,84.86,1,Bastia 0-0 Troyes,2026-02-16
Saint-Étienne,2.52,1.81,0.71,1.72,1.09,0.63,0.05,0.72,-0.67,1.76,1.81,-0.05,2,1,1,0.29,37.0,27.89,43.12,0.81,1.31,119,7,12,12,14.81,9.16,16.36,4,7,6,3,12,58.5,22.74,101.33,79.91,100.33,62.75,0,Guingamp 1-2 Saint-Étienne,2026-02-14
Guingamp,1.81,2.52,-0.71,1.09,1.72,-0.63,0.72,0.05,0.67,1.81,1.76,0.05,1,2,-1,-0.29,63.0,72.11,51.31,1.31,0.81,332,16,12,12,9.16,14.81,8.72,7,4,38,6,13,198.8,77.26,25.47,20.09,59.57,37.25,1,Guingamp 1-2 Saint-Étienne,2026-02-14
Le Mans,1.93,2.25,-0.32,1.93,2.0,-0.07,0.0,0.25,-0.25,1.93,2.25,-0.32,2,4,-2,-1.68,53.7,52.16,41.28,0.87,0.86,142,13,13,7,14.94,8.14,8.88,7,8,20,6,15,60.8,62.3,31.67,35.61,58.02,43.52,0,Montpellier 4-2 Le Mans,2026-02-14
Montpellier,2.25,1.93,0.32,2.0,1.93,0.07,0.25,0.0,0.25,2.25,1.93,0.32,4,2,2,1.68,46.3,47.84,44.56,0.86,0.87,144,13,7,13,8.14,14.94,8.41,8,7,16,4,8,36.8,37.7,57.27,64.39,75.31,56.48,3,Montpellier 4-2 Le Mans,2026-02-14
Reims,2.25,0.73,1.52,2.05,0.73,1.32,0.2,0.0,0.2,2.25,0.73,1.52,0,0,0,-1.52,65.3,73.58,53.11,1.12,0.44,350,20,25,10,22.32,22.73,7.91,5,2,34,12,12,268.7,86.48,31.13,23.19,212.27,78.67,0,Grenoble 0-0 Reims,2026-02-14
Grenoble,0.73,2.25,-1.52,0.73,2.05,-1.32,0.0,0.2,-0.2,0.73,2.25,-1.52,0,0,0,1.52,34.7,26.42,41.32,0.44,1.12,117,11,10,25,22.73,22.32,19.27,2,5,13,3,15,42.0,13.52,103.13,76.81,57.57,21.33,0,Grenoble 0-0 Reims,2026-02-14
Annecy,1.84,1.42,0.42,1.41,0.81,0.6,0.43,0.61,-0.18,1.84,1.42,0.42,2,2,0,-0.42,52.3,59.3,49.92,1.74,0.38,262,22,12,9,6.9,23.68,12.0,7,4,19,6,15,116.9,78.83,34.13,46.37,114.6,72.75,5,Laval 2-2 Annecy,2026-02-13
Laval,1.42,1.84,-0.42,0.81,1.41,-0.6,0.61,0.43,0.18,1.42,1.84,-0.42,2,2,0,0.42,47.7,40.7,43.14,0.38,1.74,158,7,9,12,23.68,6.9,13.86,4,7,17,4,7,31.4,21.17,39.47,53.63,42.93,27.25,2,Laval 2-2 Annecy,2026-02-13
Dunkerque,3.02,2.04,0.98,2.05,1.84,0.21,0.21,0.2,0.01,2.26,2.04,0.22,4,1,3,2.02,57.6,48.67,40.7,0.81,0.67,148,16,13,14,16.05,20.9,8.64,2,3,6,4,15,79.2,50.45,24.2,17.73,61.13,33.92,0,Amiens SC 1-4 Dunkerque,2026-02-13
Amiens SC,2.04,3.02,-0.98,1.84,2.05,-0.21,0.2,0.21,-0.01,2.04,2.26,-0.22,1,4,-3,-2.02,42.4,51.33,46.09,0.67,0.81,145,9,14,13,20.9,16.05,11.57,3,2,15,5,16,77.8,49.55,112.33,82.27,119.07,66.08,0,Amiens SC 1-4 Dunkerque,2026-02-13
Rodez,1.4,1.38,0.02,1.4,1.27,0.13,0.0,0.12,-0.12,1.4,1.38,0.02,2,1,1,0.98,48.9,57.49,49.84,1.32,0.54,214,16,7,15,5.3,27.78,10.22,8,2,26,5,15,102.7,53.94,59.93,63.04,99.07,55.74,1,Clermont 1-2 Rodez,2026-02-13
Clermont,1.38,1.4,-0.02,1.27,1.4,-0.13,0.12,0.0,0.12,1.38,1.4,-0.02,1,2,-1,-0.98,51.1,42.51,45.33,0.54,1.32,177,8,15,7,27.78,5.3,9.58,2,8,15,3,8,87.7,46.06,35.13,36.96,78.67,44.26,0,Clermont 1-2 Rodez,2026-02-13
Nancy,0.22,1.9,-1.68,0.1,1.65,-1.55,0.12,0.26,-0.14,0.22,1.9,-1.68,1,2,-1,0.68,42.2,42.59,45.55,0.41,0.82,153,5,4,16,9.76,19.51,9.74,5,6,9,2,16,49.6,27.91,63.8,60.3,39.5,19.58,1,Red Star 2-1 Nancy,2026-02-13
Red Star,1.9,0.22,1.68,1.65,0.1,1.55,0.26,0.12,0.14,1.9,0.22,1.68,2,1,1,-0.68,57.8,57.41,49.64,0.82,0.41,267,12,16,4,19.51,9.76,9.94,6,5,22,8,19,128.1,72.09,42.0,39.7,162.26,80.42,0,Red Star 2-1 Nancy,2026-02-13
Boulogne,1.65,1.21,0.44,1.61,0.41,1.2,0.04,0.04,0.0,1.65,0.45,1.2,2,1,1,0.56,32.1,35.04,43.98,0.55,0.52,117,2,9,10,16.36,19.23,16.75,5,6,9,3,16,49.2,34.48,170.4,95.2,158.87,86.99,0,Pau 1-2 Boulogne,2026-02-13
Pau,1.21,1.65,-0.44,0.41,1.61,-1.2,0.04,0.04,0.0,0.45,1.65,-1.2,1,2,-1,-0.56,67.9,64.96,44.69,0.52,0.55,257,7,10,9,19.23,16.36,6.76,6,5,23,5,10,93.5,65.52,8.6,4.8,23.77,13.01,1,Pau 1-2 Boulogne,2026-02-13
Clermont,2.6,2.7,-0.1,2.14,1.94,0.2,0.46,0.0,0.46,2.6,1.94,0.66,3,4,-1,-0.9,55.9,55.66,49.35,1.62,0.44,253,23,20,9,12.35,20.45,8.44,4,3,17,4,17,151.7,72.41,23.33,28.69,125.63,58.97,1,Amiens SC 4-3 Clermont,2026-02-09
Amiens SC,2.7,2.6,0.1,1.94,2.14,-0.2,0.0,0.46,-0.46,1.94,2.6,-0.66,4,3,1,0.9,44.1,44.34,46.48,0.44,1.62,160,7,9,20,20.45,12.35,11.97,3,4,24,7,13,57.8,27.59,58.0,71.31,87.4,41.03,0,Amiens SC 4-3 Clermont,2026-02-09
Montpellier,0.19,1.5,-1.31,0.15,1.35,-1.2,0.04,0.15,-0.11,0.19,1.5,-1.31,0,1,-1,0.31,49.2,56.41,45.17,0.24,0.92,192,7,4,10,16.67,10.87,8.5,6,7,17,6,19,58.7,43.04,59.33,54.7,69.4,46.86,4,Saint-Étienne 1-0 Montpellier,2026-02-07
Saint-Étienne,1.5,0.19,1.31,1.35,0.15,1.2,0.15,0.04,0.11,1.5,0.19,1.31,1,0,1,-0.31,50.8,43.59,39.73,0.92,0.24,134,13,10,4,10.87,16.67,8.71,7,6,10,3,15,77.7,56.96,49.13,45.3,78.7,53.14,1,Saint-Étienne 1-0 Montpellier,2026-02-07
Troyes,0.78,1.91,-1.13,0.7,0.86,-0.16,0.08,0.29,-0.21,0.78,1.15,-0.37,1,2,-1,0.13,72.1,71.15,53.17,0.78,0.57,334,14,12,10,15.38,17.54,5.74,4,2,31,7,18,198.5,88.3,1.53,1.06,91.8,57.28,0,Nancy 2-1 Troyes,2026-02-07
Nancy,1.91,0.78,1.13,0.86,0.7,0.16,0.29,0.08,0.21,1.15,0.78,0.37,2,1,1,-0.13,27.9,28.85,46.17,0.57,0.78,89,10,10,12,17.54,15.38,13.83,2,4,15,4,15,26.3,11.7,143.0,98.94,68.47,42.72,0,Nancy 2-1 Troyes,2026-02-07
Laval,2.04,1.79,0.25,1.27,0.82,0.45,0.01,0.97,-0.96,1.28,1.79,-0.51,1,1,0,-0.25,34.8,32.19,43.56,0.22,1.12,99,5,8,10,36.36,8.93,13.1,3,4,9,3,10,11.8,8.6,100.07,92.15,43.1,40.37,1,Le Mans 1-1 Laval,2026-02-07
Le Mans,1.79,2.04,-0.25,0.82,1.27,-0.45,0.97,0.01,0.96,1.79,1.28,0.51,1,1,0,0.25,65.2,67.81,52.18,1.12,0.22,308,14,10,8,8.93,36.36,6.28,4,3,33,10,21,125.4,91.4,8.53,7.85,63.67,59.63,0,Le Mans 1-1 Laval,2026-02-07
Grenoble,0.66,1.91,-1.25,0.66,1.53,-0.87,0.0,0.38,-0.38,0.66,1.91,-1.25,1,1,0,1.25,47.0,29.77,37.76,0.42,0.64,104,7,6,14,14.29,21.88,14.38,2,5,9,0,11,19.1,10.17,42.47,43.45,18.27,8.46,0,Annecy 1-1 Grenoble,2026-02-06
Annecy,1.91,0.66,1.25,1.53,0.66,0.87,0.38,0.0,0.38,1.91,0.66,1.25,1,1,0,-1.25,53.0,70.23,50.63,0.64,0.42,233,16,14,6,21.88,14.29,12.26,5,2,28,7,11,168.7,89.83,55.27,56.55,197.67,91.54,9,Annecy 1-1 Grenoble,2026-02-06
Pau,2.68,1.48,1.2,1.89,0.96,0.93,0.03,0.52,-0.49,1.92,1.48,0.44,3,0,3,1.8,41.4,25.99,41.58,0.38,1.52,128,6,9,18,23.68,11.84,20.35,3,3,8,1,9,18.1,8.26,75.67,54.75,82.2,32.78,0,Red Star 0-3 Pau,2026-02-06
Red Star,1.48,2.68,-1.2,0.96,1.89,-0.93,0.52,0.03,0.49,1.48,1.92,-0.44,0,3,-3,-1.8,58.6,74.01,54.84,1.52,0.38,363,24,18,9,11.84,23.68,11.06,3,3,42,8,14,200.9,91.74,62.53,45.25,168.57,67.22,0,Red Star 0-3 Pau,2026-02-06
Guingamp,1.67,1.58,0.09,1.63,1.5,0.13,0.03,0.08,-0.05,1.67,1.58,0.09,0,0,0,-0.09,43.5,43.83,46.38,0.5,0.93,176,12,17,14,34.0,15.05,27.0,2,2,15,4,10,78.2,40.81,98.87,77.08,131.0,57.52,0,Dunkerque 0-0 Guingamp,2026-02-06
Dunkerque,1.58,1.67,-0.09,1.5,1.63,-0.13,0.08,0.03,0.05,1.58,1.67,-0.09,0,0,0,0.09,56.5,56.17,46.34,0.93,0.5,227,13,14,17,15.05,34.0,13.36,2,2,24,5,12,113.4,59.19,29.4,22.92,96.73,42.48,1,Dunkerque 0-0 Guingamp,2026-02-06
Rodez,1.56,1.23,0.33,1.45,1.23,0.22,0.11,0.0,0.11,1.56,1.23,0.33,2,1,1,0.67,37.1,33.23,41.3,0.52,0.9,102,7,8,10,15.38,11.11,10.21,6,6,13,2,23,30.8,18.15,87.0,79.52,67.43,56.12,1,Boulogne 1-2 Rodez,2026-02-06
Boulogne,1.23,1.56,-0.33,1.23,1.45,-0.22,0.0,0.11,-0.11,1.23,1.56,-0.33,1,2,-1,-0.67,62.9,66.77,49.35,0.9,0.52,262,15,10,8,11.11,15.38,6.12,6,6,32,4,16,138.9,81.85,22.4,20.48,52.73,43.88,6,Boulogne 1-2 Rodez,2026-02-06
Bastia,0.58,1.79,-1.21,0.4,1.62,-1.22,0.18,0.17,0.01,0.58,1.79,-1.21,0,0,0,1.21,31.4,17.26,36.1,0.17,1.36,70,4,5,12,29.41,8.82,20.0,3,8,7,2,12,6.7,2.02,134.6,88.63,24.8,9.89,0,Reims 0-0 Bastia,2026-02-06
Reims,1.79,0.58,1.21,1.62,0.4,1.22,0.17,0.18,-0.01,1.79,0.58,1.21,0,0,0,-1.21,68.6,82.74,55.4,1.36,0.17,401,27,12,5,8.82,29.41,8.36,8,3,31,7,9,325.2,97.98,17.27,11.37,225.97,90.11,0,Reims 0-0 Bastia,2026-02-06
Boulogne,1.87,0.5,1.37,1.54,0.5,1.04,0.33,0.0,0.33,1.87,0.5,1.37,1,0,1,-0.37,39.6,48.54,48.21,0.5,0.41,169,10,18,4,36.0,9.76,13.32,7,2,17,7,11,95.6,69.58,130.6,96.93,221.9,95.72,2,Saint-Étienne 0-1 Boulogne,2026-01-31
Saint-Étienne,0.5,1.87,-1.37,0.5,1.54,-1.04,0.0,0.33,-0.33,0.5,1.87,-1.37,0,1,-1,0.37,60.4,51.46,43.82,0.41,0.5,241,10,4,18,9.76,36.0,11.63,2,7,8,2,13,41.8,30.42,4.13,3.07,9.93,4.28,0,Saint-Étienne 0-1 Boulogne,2026-01-31
Le Mans,0.97,1.09,-0.12,0.69,1.09,-0.4,0.28,0.0,0.28,0.97,1.09,-0.12,2,0,2,2.12,36.8,29.71,39.79,0.66,0.93,88,8,5,12,7.58,12.9,10.88,1,2,10,3,19,19.8,9.88,74.0,75.72,38.17,42.14,1,Troyes 0-2 Le Mans,2026-01-31
Troyes,1.09,0.97,0.12,1.09,0.69,0.4,0.0,0.28,-0.28,1.09,0.97,0.12,0,2,-2,-2.12,63.2,70.29,51.02,0.93,0.66,262,16,12,5,12.9,7.58,7.84,2,1,27,3,8,180.6,90.12,23.73,24.28,52.4,57.86,4,Troyes 0-2 Le Mans,2026-01-31
Annecy,2.15,1.39,0.76,1.7,1.33,0.37,0.45,0.05,0.4,2.15,1.39,0.76,1,0,1,0.24,27.2,48.47,46.69,0.28,0.81,117,4,8,8,28.57,9.88,17.67,8,3,11,5,17,51.4,38.05,301.53,100.0,294.9,99.44,3,Dunkerque 0-1 Annecy,2026-01-31
Dunkerque,1.39,2.15,-0.76,1.33,1.7,-0.37,0.05,0.45,-0.4,1.39,2.15,-0.76,0,1,-1,-0.24,72.8,51.53,34.84,0.81,0.28,168,15,8,8,9.88,28.57,5.74,3,8,18,5,15,83.7,61.95,0.0,0.0,1.67,0.56,0,Dunkerque 0-1 Annecy,2026-01-31
Guingamp,1.3,2.72,-1.42,1.12,1.08,0.04,0.18,0.12,0.06,1.3,1.2,0.1,1,3,-2,-0.58,59.8,67.04,48.69,0.37,0.58,235,11,9,12,24.32,20.69,6.11,6,8,18,6,17,118.4,68.01,33.4,31.47,94.87,52.6,0,Montpellier 3-1 Guingamp,2026-01-30
Montpellier,2.72,1.3,1.42,1.08,1.12,-0.04,0.12,0.18,-0.06,1.2,1.3,-0.1,3,1,2,0.58,40.2,32.96,44.13,0.58,0.37,124,15,12,9,20.69,24.32,8.09,8,6,13,3,23,55.7,31.99,72.73,68.53,85.5,47.4,2,Montpellier 3-1 Guingamp,2026-01-30
Reims,1.77,0.3,1.47,1.69,0.3,1.39,0.07,0.0,0.07,1.77,0.3,1.47,1,0,1,-0.47,53.9,49.32,44.7,0.71,0.55,205,12,10,8,14.08,14.55,9.23,10,7,14,5,13,107.6,62.27,33.4,29.11,90.3,50.13,0,Clermont 0-1 Reims,2026-01-30
Clermont,0.3,1.77,-1.47,0.3,1.69,-1.39,0.0,0.07,-0.07,0.3,1.77,-1.47,0,1,-1,0.47,46.1,50.68,47.24,0.55,0.71,211,10,8,10,14.55,14.08,11.92,7,10,10,2,13,65.2,37.73,81.33,70.89,89.83,49.87,0,Clermont 0-1 Reims,2026-01-30
Amiens SC,1.18,1.61,-0.43,0.64,1.14,-0.5,0.54,0.47,0.07,1.18,1.61,-0.43,1,2,-1,-0.57,55.1,56.08,51.27,0.55,0.85,236,8,14,19,25.45,22.35,8.46,5,2,31,7,12,73.7,44.75,23.33,32.05,50.93,29.98,1,Grenoble 2-1 Amiens SC,2026-01-30
Grenoble,1.61,1.18,0.43,1.14,0.64,0.5,0.47,0.54,-0.07,1.61,1.18,0.43,2,1,1,0.57,44.9,43.92,43.66,0.85,0.55,133,17,19,14,22.35,25.45,10.76,2,5,17,6,16,91.0,55.25,49.47,67.95,118.97,70.02,0,Grenoble 2-1 Amiens SC,2026-01-30
Nancy,0.92,1.64,-0.72,0.92,0.89,0.03,0.0,0.75,-0.75,0.92,1.64,-0.72,0,0,0,0.72,29.2,34.88,45.76,0.37,0.06,94,7,8,12,21.62,200.0,13.66,5,4,16,1,23,29.6,25.45,158.93,99.0,138.73,78.28,0,Bastia 0-0 Nancy,2026-01-30
Bastia,1.64,0.92,0.72,0.89,0.92,-0.03,0.75,0.0,0.75,1.64,0.92,0.72,0,0,0,-0.72,70.8,65.12,45.37,0.06,0.37,242,8,12,8,200.0,21.62,4.5,4,5,28,8,17,86.7,74.55,1.6,1.0,38.5,21.72,3,Bastia 0-0 Nancy,2026-01-30
Pau,1.43,1.64,-0.21,1.21,1.24,-0.03,0.22,0.4,-0.18,1.43,1.64,-0.21,1,0,1,1.21,42.6,28.99,42.3,0.28,1.1,142,5,6,9,21.43,8.18,12.47,0,5,9,2,22,34.7,16.59,67.53,72.2,52.7,34.47,0,Laval 0-1 Pau,2026-01-30
Laval,1.64,1.43,0.21,1.24,1.21,0.03,0.4,0.22,0.18,1.64,1.43,0.21,0,1,-1,-1.21,57.4,71.01,51.75,1.1,0.28,295,15,9,6,8.18,21.43,8.5,5,0,37,8,14,174.5,83.41,26.0,27.8,100.17,65.53,2,Laval 0-1 Pau,2026-01-30
Red Star,1.31,0.99,0.32,1.24,0.92,0.32,0.07,0.07,0.0,1.31,0.99,0.32,1,1,0,-0.32,60.7,51.25,38.78,0.76,0.74,150,13,10,8,13.16,10.81,8.06,4,2,17,2,8,59.7,60.92,8.33,6.21,22.17,15.78,1,Rodez 1-1 Red Star,2026-01-30
Rodez,0.99,1.31,-0.32,0.92,1.24,-0.32,0.07,0.07,0.0,0.99,1.31,-0.32,1,1,0,0.32,39.3,48.75,46.98,0.74,0.76,144,7,8,10,10.81,13.16,16.56,2,4,20,5,19,38.3,39.08,125.87,93.79,118.3,84.22,0,Rodez 1-1 Red Star,2026-01-30
Dunkerque,1.86,1.84,0.02,1.86,1.7,0.16,0.0,0.14,-0.14,1.86,1.84,0.02,0,1,-1,-1.02,62.8,66.25,44.54,0.6,0.78,239,10,14,10,23.33,12.82,9.78,4,4,15,2,10,109.7,77.86,6.2,6.73,79.8,47.74,0,Le Mans 1-0 Dunkerque,2026-01-26
Le Mans,1.84,1.86,-0.02,1.7,1.86,-0.16,0.14,0.0,0.14,1.84,1.86,-0.02,1,0,1,1.02,37.2,33.75,36.64,0.78,0.6,88,9,10,14,12.82,23.33,14.53,4,4,6,1,19,31.2,22.14,85.87,93.27,87.37,52.26,0,Le Mans 1-0 Dunkerque,2026-01-26
Saint-Étienne,2.1,0.75,1.35,1.92,0.65,1.27,0.18,0.1,0.08,2.1,0.75,1.35,0,1,-1,-2.35,57.7,54.02,48.81,0.97,0.42,243,19,15,12,15.46,28.57,11.25,3,9,6,2,16,164.5,62.55,36.53,30.04,106.9,50.82,0,Reims 1-0 Saint-Étienne,2026-01-24
Reims,0.75,2.1,-1.35,0.65,1.92,-1.27,0.1,0.18,-0.08,0.75,2.1,-1.35,1,0,1,2.35,42.3,45.98,50.44,0.42,0.97,199,14,12,15,28.57,15.46,11.37,9,3,14,5,9,98.5,37.45,85.07,69.96,103.43,49.18,0,Reims 1-0 Saint-Étienne,2026-01-24
Boulogne,1.11,1.69,-0.58,1.05,0.76,0.29,0.06,0.17,-0.11,1.11,0.93,0.18,2,2,0,0.58,50.7,52.08,46.26,0.76,0.38,173,14,11,9,14.47,23.68,8.28,7,5,13,3,21,96.0,64.82,46.0,50.0,115.93,61.35,1,Red Star 2-2 Boulogne,2026-01-24
Red Star,1.69,1.11,0.58,0.76,1.05,-0.29,0.17,0.06,0.11,0.93,1.11,-0.18,2,2,0,-0.58,49.3,47.92,41.75,0.38,0.76,144,7,9,11,23.68,14.47,9.28,5,7,23,8,9,52.1,35.18,46.0,50.0,73.03,38.65,1,Red Star 2-2 Boulogne,2026-01-24
Troyes,0.8,1.31,-0.51,0.8,0.94,-0.14,0.0,0.37,-0.37,0.8,1.31,-0.51,0,1,-1,-0.49,49.6,50.14,50.09,1.02,0.34,204,14,9,13,8.82,38.24,9.15,7,2,22,4,19,93.2,46.79,57.6,64.34,103.47,51.0,0,Guingamp 1-0 Troyes,2026-01-24
Guingamp,1.31,0.8,0.51,0.94,0.8,0.14,0.37,0.0,0.37,1.31,0.8,0.51,1,0,1,0.49,50.4,49.86,47.69,0.34,1.02,195,14,13,9,38.24,8.82,9.52,2,7,23,3,13,106.0,53.21,31.93,35.66,99.4,49.0,1,Guingamp 1-0 Troyes,2026-01-24
Clermont,1.36,1.85,-0.49,1.15,1.53,-0.38,0.21,0.33,-0.12,1.36,1.85,-0.49,1,2,-1,-0.51,69.1,51.41,37.79,0.55,0.74,201,7,8,11,14.55,14.86,9.48,7,6,14,3,9,51.4,42.2,1.2,0.54,3.7,1.33,0,Annecy 2-1 Clermont,2026-01-23
Annecy,1.85,1.36,0.49,1.53,1.15,0.38,0.33,0.21,0.12,1.85,1.36,0.49,2,1,1,0.51,30.9,48.59,44.95,0.74,0.55,128,9,11,8,14.86,14.55,20.34,6,7,14,5,12,70.4,57.8,221.07,99.46,273.5,98.67,3,Annecy 2-1 Clermont,2026-01-23
Rodez,1.77,3.42,-1.65,1.71,3.33,-1.62,0.06,0.09,-0.03,1.77,3.42,-1.65,3,1,2,3.65,35.6,31.32,41.54,0.73,1.92,110,10,8,21,10.96,10.94,12.38,3,4,12,2,19,21.4,8.58,88.8,84.41,82.53,41.99,0,Nancy 1-3 Rodez,2026-01-23
Nancy,3.42,1.77,1.65,3.33,1.71,1.62,0.09,0.06,0.03,3.42,1.77,1.65,1,3,-2,-3.65,64.4,68.68,49.32,1.92,0.73,284,17,21,8,10.94,10.96,6.66,4,3,42,7,16,228.1,91.42,16.4,15.59,114.03,58.01,2,Nancy 1-3 Rodez,2026-01-23
Grenoble,0.51,4.36,-3.85,0.4,4.27,-3.87,0.11,0.09,0.02,0.51,4.36,-3.85,2,2,0,3.85,41.6,36.2,43.75,0.27,1.73,157,6,11,19,40.74,10.98,17.96,3,3,21,5,11,37.5,16.85,76.0,60.86,31.7,14.2,2,Pau 2-2 Grenoble,2026-01-23
Pau,4.36,0.51,3.85,4.27,0.4,3.87,0.09,0.11,-0.02,4.36,0.51,3.85,2,2,0,-3.85,58.4,63.8,50.31,1.73,0.27,288,23,19,11,10.98,40.74,9.91,3,3,31,9,13,185.1,83.15,48.87,39.14,191.5,85.8,0,Pau 2-2 Grenoble,2026-01-23
Laval,0.99,1.17,-0.18,0.76,1.17,-0.41,0.23,0.0,0.23,0.99,1.17,-0.18,0,0,0,0.18,51.9,58.15,48.53,0.54,0.77,212,10,11,8,20.37,10.39,8.0,6,4,28,5,19,109.4,63.64,32.4,47.84,100.77,63.95,2,Amiens SC 0-0 Laval,2026-01-23
Amiens SC,1.17,0.99,0.18,1.17,0.76,0.41,0.0,0.23,-0.23,1.17,0.99,0.18,0,0,0,-0.18,48.1,41.85,45.15,0.77,0.54,173,9,8,11,10.39,20.37,10.68,4,6,18,4,17,62.5,36.36,35.33,52.16,56.8,36.05,0,Amiens SC 0-0 Laval,2026-01-23
Montpellier,1.99,0.85,1.14,1.23,0.76,0.47,0.0,0.09,-0.09,1.23,0.85,0.38,2,0,2,0.86,43.5,32.8,39.93,0.4,0.39,115,9,9,15,22.5,38.46,9.58,1,4,4,1,18,45.9,26.09,60.8,65.99,66.77,56.5,3,Bastia 0-2 Montpellier,2026-01-23
Bastia,0.85,1.99,-1.14,0.76,1.23,-0.47,0.09,0.0,0.09,0.85,1.23,-0.38,0,2,-2,-0.86,56.5,67.2,48.86,0.39,0.4,201,10,15,9,38.46,22.5,6.76,4,1,20,6,14,130.0,73.91,31.33,34.01,51.4,43.5,8,Bastia 0-2 Montpellier,2026-01-23
Guingamp,1.23,0.22,1.01,1.23,0.22,1.01,0.0,0.0,0.0,1.23,0.22,1.01,3,0,3,1.99,53.4,37.79,46.8,0.43,0.38,254,6,6,6,13.95,15.79,14.92,3,5,9,0,12,44.5,32.77,42.33,32.07,32.3,26.62,0,Nancy 0-3 Guingamp,2026-01-19
Nancy,0.22,1.23,-1.01,0.22,1.23,-1.01,0.0,0.0,0.0,0.22,1.23,-1.01,0,3,-3,-1.99,46.6,62.21,51.15,0.38,0.43,266,2,6,6,15.79,13.95,16.0,5,3,18,2,13,91.3,67.23,89.67,67.93,89.03,73.38,0,Nancy 0-3 Guingamp,2026-01-19
Clermont,1.44,1.97,-0.53,1.17,1.81,-0.64,0.26,0.16,0.1,1.44,1.97,-0.53,0,1,-1,-0.47,43.5,37.54,43.84,1.13,0.64,186,15,11,17,9.73,26.56,15.07,2,3,18,4,14,57.5,28.23,87.87,71.32,55.53,32.49,0,Saint-Étienne 1-0 Clermont,2026-01-17
Saint-Étienne,1.97,1.44,0.53,1.81,1.17,0.64,0.16,0.26,-0.1,1.97,1.44,0.53,1,0,1,0.47,56.5,62.46,49.55,0.64,1.13,304,17,17,11,26.56,9.73,10.43,3,2,14,6,12,146.2,71.77,35.33,28.68,115.4,67.51,0,Saint-Étienne 1-0 Clermont,2026-01-17
Reims,2.46,2.12,0.34,2.46,1.95,0.51,0.0,0.17,-0.17,2.46,2.12,0.34,1,2,-1,-1.34,62.1,55.52,47.15,1.89,0.84,238,19,15,12,7.94,14.29,5.78,4,7,32,9,19,129.3,71.36,5.67,5.08,44.1,25.15,1,Troyes 2-1 Reims,2026-01-17
Troyes,2.12,2.46,-0.34,1.95,2.46,-0.51,0.17,0.0,0.17,2.12,2.46,-0.34,2,1,1,1.34,37.9,44.48,49.38,0.84,1.89,150,17,12,15,14.29,7.94,11.66,7,4,9,3,12,51.9,28.64,105.87,94.92,131.27,74.85,2,Troyes 2-1 Reims,2026-01-17
Red Star,2.51,0.48,2.03,1.75,0.42,1.33,0.0,0.06,-0.06,1.75,0.48,1.27,3,0,3,0.97,59.8,44.86,38.15,0.64,0.35,152,5,6,6,9.38,17.14,7.8,4,3,11,3,16,42.6,41.44,15.87,11.45,33.5,20.62,1,Grenoble 0-3 Red Star,2026-01-17
Grenoble,0.48,2.51,-2.03,0.42,1.75,-1.33,0.06,0.0,0.06,0.48,1.75,-1.27,0,3,-3,-0.97,40.2,55.14,43.08,0.35,0.64,136,4,6,6,17.14,9.38,11.32,3,4,9,2,20,60.2,58.56,122.73,88.55,128.97,79.38,0,Grenoble 0-3 Red Star,2026-01-17
Montpellier,0.59,0.4,0.19,0.59,0.27,0.32,0.0,0.13,-0.13,0.59,0.4,0.19,0,1,-1,-1.19,58.8,50.52,44.82,0.41,0.39,193,11,7,6,17.07,15.38,7.69,4,1,14,2,15,82.0,61.98,23.73,19.29,55.23,33.78,3,Boulogne 1-0 Montpellier,2026-01-16
Boulogne,0.4,0.59,-0.19,0.27,0.59,-0.32,0.13,0.0,0.13,0.4,0.59,-0.19,1,0,1,1.19,41.2,49.48,45.9,0.39,0.41,150,6,6,7,15.38,17.07,17.08,1,4,16,5,9,50.3,38.02,99.27,80.71,108.27,66.22,2,Boulogne 1-0 Montpellier,2026-01-16
Le Mans,1.41,0.73,0.68,1.17,0.71,0.46,0.24,0.02,0.22,1.41,0.73,0.68,1,1,0,-0.68,54.7,59.5,47.7,0.78,0.58,198,9,10,5,12.82,8.62,6.32,12,5,30,8,17,111.5,67.82,35.87,50.1,119.13,65.45,0,Rodez 1-1 Le Mans,2026-01-16
Rodez,0.73,1.41,-0.68,0.71,1.17,-0.46,0.02,0.24,-0.22,0.73,1.41,-0.68,1,1,0,0.68,45.3,40.5,41.25,0.58,0.78,128,9,5,10,8.62,12.82,11.34,5,12,19,4,11,52.9,32.18,35.73,49.9,62.9,34.55,0,Rodez 1-1 Le Mans,2026-01-16
Pau,2.66,2.03,0.63,2.44,2.03,0.41,0.22,0.0,0.22,2.66,2.03,0.63,1,3,-2,-2.63,50.6,62.46,47.91,1.26,0.31,237,13,15,7,11.9,22.58,13.45,9,6,25,8,11,172.9,75.4,66.67,57.08,109.3,60.26,0,Dunkerque 3-1 Pau,2026-01-16
Dunkerque,2.03,2.66,-0.63,2.03,2.44,-0.41,0.0,0.22,-0.22,2.03,2.66,-0.63,3,1,2,2.63,49.4,37.54,40.81,0.31,1.26,163,5,7,15,22.58,11.9,15.07,6,9,6,0,10,56.4,24.6,50.13,42.92,72.07,39.74,1,Dunkerque 3-1 Pau,2026-01-16
Bastia,2.28,0.63,1.65,2.27,0.63,1.64,0.01,0.0,0.01,2.28,0.63,1.65,2,0,2,0.35,57.9,55.32,45.3,0.22,0.4,203,6,11,3,50.0,7.5,5.85,7,9,13,3,18,103.6,87.13,21.07,22.51,88.9,68.51,1,Laval 0-2 Bastia,2026-01-16
Laval,0.63,2.28,-1.65,0.63,2.27,-1.64,0.0,0.01,-0.01,0.63,2.28,-1.65,0,2,-2,-0.35,42.1,44.68,42.24,0.4,0.22,132,5,3,11,7.5,50.0,7.56,9,7,21,6,17,15.3,12.87,72.53,77.49,40.87,31.49,0,Laval 0-2 Bastia,2026-01-16
Amiens SC,1.28,3.03,-1.75,1.09,2.23,-1.14,0.19,0.04,0.15,1.28,2.27,-0.99,0,2,-2,-0.25,50.0,46.38,41.71,0.32,1.08,148,7,11,10,34.38,9.26,9.03,3,6,14,6,11,39.6,32.81,43.8,35.76,53.67,26.69,0,Annecy 2-0 Amiens SC,2026-01-16
Annecy,3.03,1.28,1.75,2.23,1.09,1.14,0.04,0.19,-0.15,2.27,1.28,0.99,2,0,2,0.25,50.0,53.62,47.43,1.08,0.32,179,14,10,11,9.26,34.38,8.3,6,3,18,5,22,81.1,67.19,78.67,64.24,147.43,73.31,6,Annecy 2-0 Amiens SC,2026-01-16
Dunkerque,3.07,1.85,1.22,2.97,1.73,1.24,0.1,0.12,-0.02,3.07,1.85,1.22,3,1,2,0.78,51.0,56.47,47.75,1.22,0.73,232,15,16,10,13.11,13.7,11.77,4,5,10,6,16,125.2,69.29,66.2,63.53,179.3,84.18,1,Montpellier 1-3 Dunkerque,2026-01-05
Montpellier,1.85,3.07,-1.22,1.73,2.97,-1.24,0.12,0.1,0.02,1.85,3.07,-1.22,1,3,-2,-0.78,49.0,43.53,41.4,0.73,1.22,172,8,10,16,13.7,13.11,8.67,5,4,19,3,10,55.5,30.71,38.0,36.47,33.7,15.82,1,Montpellier 1-3 Dunkerque,2026-01-05
Laval,0.4,3.09,-2.69,0.4,2.28,-1.88,0.0,0.05,-0.05,0.4,2.33,-1.93,1,4,-3,-0.31,43.2,44.57,43.79,0.48,0.23,172,6,8,13,16.67,56.52,11.36,3,4,16,4,20,39.6,30.56,64.27,64.01,17.34,9.44,0,Clermont 4-1 Laval,2026-01-03
Clermont,3.09,0.4,2.69,2.28,0.4,1.88,0.05,0.0,0.05,2.33,0.4,1.93,4,1,3,0.31,56.8,55.43,45.95,0.23,0.48,235,5,13,8,56.52,16.67,9.07,4,3,6,1,14,90.0,69.44,36.13,35.99,166.44,90.56,0,Clermont 4-1 Laval,2026-01-03
Rodez,0.77,5.07,-4.3,0.42,3.05,-2.63,0.35,0.5,-0.15,0.77,3.55,-2.78,3,3,0,4.3,45.8,44.06,45.85,0.76,1.03,180,7,5,24,6.58,23.3,19.05,1,5,24,4,10,27.0,12.2,53.4,61.29,20.23,9.94,0,Pau 3-3 Rodez,2026-01-03
Pau,5.07,0.77,4.3,3.05,0.42,2.63,0.5,0.35,0.15,3.55,0.77,2.78,3,3,0,-4.3,54.2,55.94,48.98,1.03,0.76,245,22,24,5,23.3,6.58,11.93,5,1,29,9,10,194.3,87.8,33.73,38.71,183.37,90.06,0,Pau 3-3 Rodez,2026-01-03
Grenoble,2.86,2.38,0.48,2.86,2.38,0.48,0.0,0.0,0.0,2.86,2.38,0.48,0,1,-1,-1.48,58.3,68.25,45.81,0.79,0.45,205,13,17,11,21.52,24.44,8.97,3,3,20,4,15,136.9,78.09,32.27,31.11,122.5,63.08,5,Bastia 1-0 Grenoble,2026-01-03
Bastia,2.38,2.86,-0.48,2.38,2.86,-0.48,0.0,0.0,0.0,2.38,2.86,-0.48,1,0,1,1.48,41.7,31.75,41.81,0.45,0.79,108,5,11,17,24.44,21.52,10.74,3,3,5,1,22,38.4,21.91,71.47,68.89,71.7,36.92,2,Bastia 1-0 Grenoble,2026-01-03
Nancy,1.5,0.72,0.78,0.46,0.5,-0.04,0.28,0.22,0.06,0.74,0.72,0.02,2,1,1,0.22,34.6,34.34,44.58,0.31,0.55,139,8,9,14,29.03,25.45,15.81,1,9,12,3,20,38.7,22.06,125.13,93.94,148.43,83.34,0,Amiens SC 1-2 Nancy,2026-01-03
Amiens SC,0.72,1.5,-0.78,0.5,0.46,0.04,0.22,0.28,-0.06,0.72,0.74,-0.02,1,2,-1,-0.22,65.4,65.66,51.04,0.55,0.31,369,9,14,9,25.45,29.03,6.85,9,1,30,9,14,136.7,77.94,8.07,6.06,29.67,16.66,0,Amiens SC 1-2 Nancy,2026-01-03
Boulogne,0.83,4.26,-3.43,0.81,2.25,-1.44,0.02,2.01,-1.99,0.83,4.26,-3.43,0,3,-3,0.43,36.2,41.63,45.5,0.45,0.36,138,2,8,18,17.78,50.0,10.59,3,4,9,2,18,34.8,22.51,119.47,92.9,37.04,20.54,0,Guingamp 3-0 Boulogne,2026-01-03
Guingamp,4.26,0.83,3.43,2.25,0.81,1.44,2.01,0.02,1.99,4.26,0.83,3.43,3,0,3,-0.43,63.8,58.37,44.22,0.36,0.45,232,10,18,8,50.0,17.78,7.25,4,3,21,11,14,119.8,77.49,9.13,7.1,143.31,79.46,0,Guingamp 3-0 Boulogne,2026-01-03
Annecy,1.14,0.91,0.23,1.1,0.91,0.19,0.04,0.0,0.04,1.14,0.91,0.23,1,2,-1,-1.23,52.9,58.9,49.51,0.51,0.29,255,8,10,7,19.61,24.14,9.12,7,4,23,4,10,123.6,68.7,44.13,57.16,123.03,68.85,4,Reims 2-1 Annecy,2026-01-03
Reims,0.91,1.14,-0.23,0.91,1.1,-0.19,0.0,0.04,-0.04,0.91,1.14,-0.23,2,1,1,1.23,47.1,41.1,40.06,0.29,0.51,142,3,7,10,24.14,19.61,13.69,4,7,8,2,15,56.3,31.3,33.07,42.84,55.67,31.15,0,Reims 2-1 Annecy,2026-01-03
Saint-Étienne,1.38,1.06,0.32,1.2,0.92,0.28,0.18,0.14,0.04,1.38,1.06,0.32,0,0,0,-0.32,60.5,49.68,43.55,0.61,0.82,206,8,13,10,21.31,12.2,10.52,5,11,13,10,7,101.7,56.31,13.87,12.12,57.47,32.13,0,Le Mans 0-0 Saint-Étienne,2026-01-03
Le Mans,1.06,1.38,-0.32,0.92,1.2,-0.28,0.14,0.18,-0.04,1.06,1.38,-0.32,0,0,0,0.32,39.5,50.32,47.89,0.82,0.61,179,14,10,13,12.2,21.31,13.08,11,5,23,5,16,78.9,43.69,100.6,87.88,121.4,67.87,2,Le Mans 0-0 Saint-Étienne,2026-01-03
Red Star,1.6,1.91,-0.31,1.5,1.67,-0.17,0.11,0.24,-0.13,1.6,1.91,-0.31,0,1,-1,-0.69,59.6,36.68,38.24,0.97,0.86,151,14,13,18,13.4,20.93,9.54,3,6,12,4,11,50.1,26.08,11.73,7.91,11.4,4.33,0,Troyes 1-0 Red Star,2026-01-03
Troyes,1.91,1.6,0.31,1.67,1.5,0.17,0.24,0.11,0.13,1.91,1.6,0.31,1,0,1,0.69,40.4,63.32,52.83,0.86,0.97,208,17,18,13,20.93,13.4,12.44,6,3,21,6,14,142.0,73.92,136.6,92.09,252.17,95.67,0,Troyes 1-0 Red Star,2026-01-03
Troyes,1.6,1.86,-0.26,1.06,0.9,0.16,0.53,0.2,0.33,1.6,1.1,0.5,2,1,1,1.26,60.9,55.68,45.41,0.47,0.5,207,4,11,9,23.4,18.0,5.87,7,8,13,4,17,67.8,60.86,10.67,8.31,53.2,39.49,2,Boulogne 1-2 Troyes,2025-12-15
Boulogne,1.86,1.6,0.26,0.9,1.06,-0.16,0.2,0.53,-0.33,1.1,1.6,-0.5,1,2,-1,-1.26,39.1,44.32,47.12,0.5,0.47,133,11,9,11,18.0,23.4,8.89,8,7,24,7,14,43.6,39.14,117.8,91.69,81.53,60.51,0,Boulogne 1-2 Troyes,2025-12-15
Bastia,0.96,3.53,-2.57,0.79,2.56,-1.77,0.17,0.22,-0.05,0.96,2.77,-1.81,2,2,0,2.57,23.9,27.3,41.2,0.2,1.27,78,2,6,16,30.0,12.6,17.32,6,10,11,3,13,10.7,5.08,179.73,100.0,93.57,59.41,1,Saint-Étienne 2-2 Bastia,2025-12-13
Saint-Étienne,3.53,0.96,2.57,2.56,0.79,1.77,0.22,0.17,0.05,2.77,0.96,1.81,2,2,0,-2.57,76.1,72.7,50.79,1.27,0.2,386,15,16,6,12.6,30.0,4.44,10,6,25,5,13,199.8,94.92,0.0,0.0,63.93,40.59,2,Saint-Étienne 2-2 Bastia,2025-12-13
Montpellier,1.32,1.4,-0.08,1.18,1.33,-0.15,0.14,0.07,0.07,1.32,1.4,-0.08,1,1,0,0.08,55.6,51.7,47.16,0.53,0.91,225,17,11,14,20.75,15.38,8.4,4,3,20,5,13,67.0,43.91,17.07,25.91,56.17,36.43,1,Grenoble 1-1 Montpellier,2025-12-13
Grenoble,1.4,1.32,0.08,1.33,1.18,0.15,0.07,0.14,-0.07,1.4,1.32,0.08,1,1,0,-0.08,44.4,48.3,47.59,0.91,0.53,174,16,14,11,15.38,20.75,9.38,3,4,22,7,16,85.6,56.09,48.8,74.09,98.0,63.57,0,Grenoble 1-1 Montpellier,2025-12-13
Reims,0.81,0.6,0.21,0.76,0.55,0.21,0.05,0.05,0.0,0.81,0.6,0.21,0,0,0,-0.21,54.7,62.73,48.92,0.65,0.3,240,16,13,6,20.0,20.0,10.39,6,8,23,4,16,122.6,80.6,42.47,42.41,97.93,83.02,0,Red Star 0-0 Reims,2025-12-13
Red Star,0.6,0.81,-0.21,0.55,0.76,-0.21,0.05,0.05,0.0,0.6,0.81,-0.21,0,0,0,0.21,45.3,37.27,42.61,0.3,0.65,162,6,6,13,20.0,20.0,12.19,8,6,13,4,7,29.5,19.4,57.67,57.59,20.03,16.98,0,Red Star 0-0 Reims,2025-12-13
Clermont,1.48,1.95,-0.47,1.32,1.6,-0.28,0.16,0.34,-0.18,1.48,1.95,-0.47,0,1,-1,-0.53,60.2,55.33,49.75,0.74,0.91,300,11,16,20,21.62,21.98,13.55,2,3,18,4,16,83.4,47.33,7.93,6.69,21.47,12.11,0,Nancy 1-0 Clermont,2025-12-12
Nancy,1.95,1.48,0.47,1.6,1.32,0.28,0.34,0.16,0.18,1.95,1.48,0.47,1,0,1,0.53,39.8,44.67,47.79,0.91,0.74,189,13,20,16,21.98,21.62,16.5,3,2,25,7,10,92.8,52.67,110.53,93.31,155.87,87.89,1,Nancy 1-0 Clermont,2025-12-12
Amiens SC,2.15,2.24,-0.09,1.32,1.38,-0.06,0.07,0.11,-0.04,1.39,1.48,-0.09,2,1,1,1.09,39.7,30.88,43.1,0.46,0.77,125,7,8,16,17.39,20.78,10.38,5,6,10,2,16,36.8,18.46,89.0,70.41,64.03,37.76,1,Pau 1-2 Amiens SC,2025-12-12
Pau,2.24,2.15,0.09,1.38,1.32,0.06,0.11,0.07,0.04,1.48,1.39,0.09,1,2,-1,-1.09,60.3,69.12,50.46,0.77,0.46,284,14,16,8,20.78,17.39,8.43,6,5,29,8,24,162.6,81.54,37.4,29.59,105.53,62.24,0,Pau 1-2 Amiens SC,2025-12-12
Guingamp,3.46,2.64,0.82,1.49,1.61,-0.12,0.45,0.26,0.19,1.94,1.88,0.06,1,2,-1,-1.82,57.9,49.83,42.34,1.17,0.86,165,16,14,16,11.97,18.6,8.2,2,4,29,10,8,81.6,49.01,31.93,24.55,55.7,26.24,0,Rodez 2-1 Guingamp,2025-12-12
Rodez,2.64,3.46,-0.82,1.61,1.49,0.12,0.26,0.45,-0.19,1.88,1.94,-0.06,2,1,1,1.82,42.1,50.17,50.77,0.86,1.17,177,13,16,14,18.6,11.97,12.27,4,2,26,6,23,84.9,50.99,98.13,75.45,156.6,73.76,1,Rodez 2-1 Guingamp,2025-12-12
Le Mans,1.22,0.52,0.7,0.19,0.48,-0.29,0.27,0.04,0.23,0.46,0.52,-0.06,2,1,1,0.3,41.3,44.91,43.68,0.52,0.41,130,6,7,8,13.46,19.51,7.83,3,2,12,5,20,65.3,38.75,71.73,75.56,86.67,64.73,1,Annecy 1-2 Le Mans,2025-12-12
Annecy,0.52,1.22,-0.7,0.48,0.19,0.29,0.04,0.27,-0.23,0.52,0.46,0.06,1,2,-1,-0.3,58.7,55.09,45.35,0.41,0.52,207,7,8,7,19.51,13.46,7.53,2,3,14,5,22,103.2,61.25,23.2,24.44,47.23,35.27,4,Annecy 1-2 Le Mans,2025-12-12
Dunkerque,1.53,0.29,1.24,0.65,0.29,0.36,0.12,0.0,0.12,0.77,0.29,0.48,2,1,1,-0.24,64.9,60.18,49.94,0.92,0.47,325,12,9,4,9.78,8.51,10.11,3,2,28,7,16,153.2,79.54,14.0,8.74,79.97,49.16,0,Laval 1-2 Dunkerque,2025-12-12
Laval,0.29,1.53,-1.24,0.29,0.65,-0.36,0.0,0.12,-0.12,0.29,0.77,-0.48,1,2,-1,0.24,35.1,39.82,46.67,0.47,0.92,158,5,4,9,8.51,9.78,19.63,2,3,13,2,13,39.4,20.46,146.13,91.26,82.7,50.84,1,Laval 1-2 Dunkerque,2025-12-12
Laval,0.74,1.39,-0.65,0.7,1.31,-0.61,0.03,0.08,-0.05,0.74,1.39,-0.65,0,4,-4,-3.35,36.1,35.84,44.62,0.42,0.48,143,3,3,12,7.14,25.0,20.76,3,9,10,2,9,30.7,18.09,136.0,88.31,40.87,23.43,1,Reims 4-0 Laval,2025-12-08
Reims,1.39,0.74,0.65,1.31,0.7,0.61,0.08,0.03,0.05,1.39,0.74,0.65,4,0,4,3.35,63.9,64.16,49.31,0.48,0.42,372,10,12,3,25.0,7.14,9.03,9,3,14,5,14,139.0,81.91,18.0,11.69,133.6,76.57,0,Reims 4-0 Laval,2025-12-08
Saint-Étienne,1.37,1.92,-0.55,1.28,1.3,-0.02,0.09,0.62,-0.53,1.37,1.92,-0.55,0,1,-1,-0.45,65.0,65.92,46.8,0.58,0.55,341,13,13,7,22.41,12.73,11.45,7,4,13,3,11,178.9,77.58,26.27,13.51,108.83,46.53,0,Dunkerque 1-0 Saint-Étienne,2025-12-06
Dunkerque,1.92,1.37,0.55,1.3,1.28,0.02,0.62,0.09,0.53,1.92,1.37,0.55,1,0,1,0.45,35.0,34.08,42.67,0.55,0.58,139,11,7,13,12.73,22.41,25.61,4,7,11,4,8,51.7,22.42,168.2,86.49,125.07,53.47,0,Dunkerque 1-0 Saint-Étienne,2025-12-06
Rodez,1.35,2.68,-1.33,1.33,2.55,-1.22,0.02,0.13,-0.11,1.35,2.68,-1.33,1,1,0,1.33,31.1,29.32,43.34,0.68,1.06,84,12,10,19,14.71,17.92,9.85,4,4,14,5,18,21.8,9.75,98.0,98.13,55.93,27.4,0,Troyes 1-1 Rodez,2025-12-06
Troyes,2.68,1.35,1.33,2.55,1.33,1.22,0.13,0.02,0.11,2.68,1.35,1.33,1,1,0,-1.33,68.9,70.68,48.65,1.06,0.68,269,15,19,10,17.92,14.71,6.15,4,4,26,7,15,201.7,90.25,1.87,1.87,148.2,72.6,0,Troyes 1-1 Rodez,2025-12-06
Pau,1.24,1.58,-0.34,1.24,1.34,-0.1,0.0,0.23,-0.23,1.24,1.58,-0.34,1,0,1,1.34,44.2,43.31,45.69,0.86,1.07,141,9,7,13,8.14,12.15,8.19,1,7,16,4,18,47.1,37.95,52.53,68.58,75.73,60.58,1,Montpellier 0-1 Pau,2025-12-06
Montpellier,1.58,1.24,0.34,1.34,1.24,0.1,0.23,0.0,0.23,1.58,1.24,0.34,0,1,-1,-1.34,55.8,56.69,48.35,1.07,0.86,201,17,13,7,12.15,8.14,5.6,7,1,27,13,22,77.0,62.05,24.07,31.42,49.27,39.42,6,Montpellier 0-1 Pau,2025-12-06
Amiens SC,0.16,1.64,-1.48,0.07,1.52,-1.45,0.09,0.13,-0.04,0.16,1.64,-1.48,0,1,-1,0.48,39.1,37.35,46.59,0.2,0.95,159,5,3,14,15.0,14.74,12.16,5,11,11,3,4,42.8,20.17,109.93,84.35,71.67,34.77,2,Le Mans 1-0 Amiens SC,2025-12-05
Le Mans,1.64,0.16,1.48,1.52,0.07,1.45,0.13,0.09,0.04,1.64,0.16,1.48,1,0,1,-0.48,60.9,62.65,48.56,0.95,0.2,273,19,14,3,14.74,15.0,5.8,11,5,21,6,23,169.4,79.83,20.4,15.65,134.43,65.23,1,Le Mans 1-0 Amiens SC,2025-12-05
Nancy,0.46,3.27,-2.81,0.44,2.47,-2.03,0.02,0.04,-0.02,0.46,2.51,-2.05,0,1,-1,1.81,44.8,48.89,49.36,0.52,0.87,205,6,9,15,17.31,17.24,13.62,6,4,13,1,7,62.0,34.73,60.13,54.44,49.67,28.62,0,Grenoble 1-0 Nancy,2025-12-05
Grenoble,3.27,0.46,2.81,2.47,0.44,2.03,0.04,0.02,0.02,2.51,0.46,2.05,1,0,1,-1.81,55.2,51.11,47.54,0.87,0.52,205,14,15,9,17.24,17.31,8.18,4,6,18,7,19,116.5,65.27,50.33,45.56,123.87,71.38,0,Grenoble 1-0 Nancy,2025-12-05
Annecy,2.34,1.62,0.72,2.22,1.13,1.09,0.13,0.49,-0.36,2.34,1.62,0.72,3,0,3,2.28,36.7,46.55,49.22,0.58,0.52,180,10,16,12,27.59,23.08,14.29,11,4,15,5,15,93.9,54.91,213.8,94.91,279.63,96.48,2,Guingamp 0-3 Annecy,2025-12-05
Guingamp,1.62,2.34,-0.72,1.13,2.22,-1.09,0.49,0.13,0.36,1.62,2.34,-0.72,0,3,-3,-2.28,63.3,53.45,38.84,0.52,0.58,212,10,12,16,23.08,27.59,11.75,4,11,24,10,4,77.1,45.09,11.47,5.09,10.2,3.52,0,Guingamp 0-3 Annecy,2025-12-05
Boulogne,2.85,0.83,2.02,2.76,0.83,1.93,0.09,0.0,0.09,2.85,0.83,2.02,1,1,0,-2.02,35.3,46.84,50.52,0.92,0.82,174,14,17,11,18.48,13.41,16.03,9,9,23,8,12,86.1,52.47,155.2,95.73,180.93,88.69,2,Clermont 1-1 Boulogne,2025-12-05
Clermont,0.83,2.85,-2.02,0.83,2.76,-1.93,0.0,0.09,-0.09,0.83,2.85,-2.02,1,1,0,2.02,64.7,53.16,47.09,0.82,0.92,281,15,11,17,13.41,18.48,7.72,9,9,20,3,10,78.0,47.53,6.93,4.27,23.07,11.31,0,Clermont 1-1 Boulogne,2025-12-05
Laval,3.34,0.91,2.43,2.5,0.86,1.64,0.08,0.06,0.02,2.58,0.91,1.67,2,0,2,-0.43,35.4,50.38,47.16,0.41,0.16,132,7,12,9,29.27,56.25,9.45,5,4,9,2,23,72.7,61.71,130.73,93.87,193.87,95.2,1,Bastia 0-2 Laval,2025-11-25
Bastia,0.91,3.34,-2.43,0.86,2.5,-1.64,0.06,0.08,-0.02,0.91,2.58,-1.67,0,2,-2,0.43,64.6,49.62,42.84,0.16,0.41,181,9,9,12,56.25,29.27,4.19,4,5,19,6,17,45.1,38.29,8.53,6.13,9.77,4.8,2,Bastia 0-2 Laval,2025-11-25
Montpellier,1.04,1.76,-0.72,1.0,1.59,-0.59,0.04,0.16,-0.12,1.04,1.76,-0.72,0,2,-2,-1.28,59.7,60.13,50.0,0.4,0.64,331,9,12,15,30.0,23.44,9.06,9,8,20,4,8,118.8,55.93,25.27,17.52,79.5,30.37,3,Reims 2-0 Montpellier,2025-11-24
Reims,1.76,1.04,0.72,1.59,1.0,0.59,0.16,0.04,0.12,1.76,1.04,0.72,2,0,2,1.28,40.3,39.87,42.2,0.64,0.4,152,14,15,12,23.44,30.0,11.55,8,9,18,5,20,93.6,44.07,119.0,82.48,182.23,69.63,0,Reims 2-0 Montpellier,2025-11-24
Nancy,1.62,1.84,-0.22,0.69,1.06,-0.37,0.18,0.02,0.16,0.86,1.08,-0.22,1,2,-1,-0.78,31.9,30.23,42.71,0.3,0.82,109,6,11,9,36.67,10.98,13.71,4,8,19,2,20,15.4,10.06,128.47,98.22,51.5,33.13,3,Saint-Étienne 2-1 Nancy,2025-11-22
Saint-Étienne,1.84,1.62,0.22,1.06,0.69,0.37,0.02,0.18,-0.16,1.08,0.86,0.22,2,1,1,0.78,68.1,69.77,49.36,0.82,0.3,339,15,9,11,10.98,36.67,6.4,8,4,9,4,11,137.7,89.94,2.33,1.78,103.97,66.87,0,Saint-Étienne 2-1 Nancy,2025-11-22
Guingamp,3.12,2.01,1.11,1.49,1.44,0.05,0.87,0.57,0.3,2.36,2.01,0.35,2,1,1,-0.11,52.1,48.89,44.78,0.45,0.39,195,14,17,14,37.78,35.9,9.59,5,5,18,9,14,91.7,47.39,48.73,45.35,95.43,54.33,0,Amiens SC 1-2 Guingamp,2025-11-22
Amiens SC,2.01,3.12,-1.11,1.44,1.49,-0.05,0.57,0.87,-0.3,2.01,2.36,-0.35,1,2,-1,0.11,47.9,51.11,45.59,0.39,0.45,176,7,14,17,35.9,37.78,15.32,5,5,22,8,13,101.8,52.61,58.73,54.65,80.23,45.67,0,Amiens SC 1-2 Guingamp,2025-11-22
Clermont,0.81,1.25,-0.44,0.81,1.12,-0.31,0.0,0.13,-0.13,0.81,1.25,-0.44,2,2,0,0.44,44.4,30.03,42.94,0.5,0.98,139,10,7,14,14.0,14.29,13.56,4,10,9,3,11,23.7,11.39,54.6,69.4,29.47,21.67,1,Red Star 2-2 Clermont,2025-11-22
Red Star,1.25,0.81,0.44,1.12,0.81,0.31,0.13,0.0,0.13,1.25,0.81,0.44,2,2,0,-0.44,55.6,69.97,51.38,0.98,0.5,269,17,14,7,14.29,14.0,7.64,10,4,28,2,18,184.4,88.61,24.07,30.6,106.53,78.33,1,Red Star 2-2 Clermont,2025-11-22
Le Mans,1.95,1.96,-0.01,1.08,1.77,-0.69,0.11,0.19,-0.08,1.19,1.96,-0.77,2,1,1,1.01,38.7,33.33,43.99,0.63,1.05,146,7,6,12,9.52,11.43,14.9,3,3,14,2,17,63.1,26.16,73.8,79.01,62.83,22.95,0,Pau 1-2 Le Mans,2025-11-21
Pau,1.96,1.95,0.01,1.77,1.08,0.69,0.19,0.11,0.08,1.96,1.19,0.77,1,2,-1,-1.01,61.3,66.67,49.55,1.05,0.63,308,16,12,6,11.43,9.52,12.07,3,3,34,7,8,178.1,73.84,19.6,20.99,210.93,77.05,0,Pau 1-2 Le Mans,2025-11-21
Troyes,2.14,0.73,1.41,1.93,0.67,1.26,0.21,0.06,0.15,2.14,0.73,1.41,1,0,1,-0.41,54.0,56.08,49.57,1.15,0.73,265,14,15,12,13.04,16.44,13.43,5,6,22,7,13,130.1,74.43,48.6,45.73,133.57,78.11,2,Laval 0-1 Troyes,2025-11-21
Laval,0.73,2.14,-1.41,0.67,1.93,-1.26,0.06,0.21,-0.15,0.73,2.14,-1.41,0,1,-1,0.41,46.0,43.92,43.14,0.73,1.15,167,8,12,15,16.44,13.04,12.12,6,5,16,3,13,44.7,25.57,57.67,54.27,37.43,21.89,0,Laval 0-1 Troyes,2025-11-21
Bastia,0.53,2.52,-1.99,0.53,1.57,-1.04,0.0,0.95,-0.95,0.53,2.52,-1.99,0,1,-1,0.99,47.1,31.46,35.02,0.41,1.47,111,6,3,19,7.32,12.93,9.88,4,3,10,2,13,20.9,9.15,28.13,39.36,23.7,8.2,7,Annecy 1-0 Bastia,2025-11-21
Annecy,2.52,0.53,1.99,1.57,0.53,1.04,0.95,0.0,0.95,2.52,0.53,1.99,1,0,1,-0.99,52.9,68.54,52.44,1.47,0.41,262,16,19,3,12.93,7.32,9.56,3,4,18,9,20,207.5,90.85,43.33,60.64,265.2,91.8,4,Annecy 1-0 Bastia,2025-11-21
Dunkerque,0.99,0.91,0.08,0.6,0.75,-0.15,0.39,0.16,0.23,0.99,0.91,0.08,1,1,0,-0.08,62.5,48.95,41.83,0.62,0.34,198,12,6,11,9.68,32.35,11.71,2,6,13,5,11,62.9,51.18,10.2,7.47,35.1,20.47,0,Rodez 1-1 Dunkerque,2025-11-21
Rodez,0.91,0.99,-0.08,0.75,0.6,0.15,0.16,0.39,-0.23,0.91,0.99,-0.08,1,1,0,0.08,37.5,51.05,46.58,0.34,0.62,166,9,11,6,32.35,9.68,13.97,6,2,33,6,12,60.0,48.82,126.33,92.53,136.33,79.53,1,Rodez 1-1 Dunkerque,2025-11-21
Grenoble,2.34,2.79,-0.45,0.57,1.93,-1.36,1.02,0.1,0.92,1.58,2.03,-0.45,1,3,-2,-1.55,49.5,47.86,44.59,0.43,0.72,166,11,13,22,30.23,30.56,9.33,8,4,11,6,14,78.3,38.25,49.67,56.14,83.7,44.82,5,Boulogne 3-1 Grenoble,2025-11-21
Boulogne,2.79,2.34,0.45,1.93,0.57,1.36,0.1,1.02,-0.92,2.03,1.58,0.45,3,1,2,1.55,50.5,52.14,47.28,0.72,0.43,205,10,22,13,30.56,30.23,11.29,4,8,21,6,13,126.4,61.75,38.8,43.86,103.03,55.18,1,Boulogne 3-1 Grenoble,2025-11-21
Saint-Étienne,1.35,2.59,-1.24,1.35,2.45,-1.1,0.0,0.14,-0.14,1.35,2.59,-1.24,3,2,1,2.24,42.2,28.45,38.52,0.55,1.91,103,9,7,21,12.73,10.99,16.12,3,19,1,0,14,22.4,8.84,56.67,64.99,51.5,35.5,2,Troyes 2-3 Saint-Étienne,2025-11-08
Troyes,2.59,1.35,1.24,2.45,1.35,1.1,0.14,0.0,0.14,2.59,1.35,1.24,2,3,-1,-2.24,57.8,71.55,51.36,1.91,0.55,302,16,21,7,10.99,12.73,10.59,19,3,33,6,8,231.0,91.16,30.53,35.01,93.57,64.5,4,Troyes 2-3 Saint-Étienne,2025-11-08
Pau,1.21,1.72,-0.51,1.21,1.34,-0.13,0.0,0.38,-0.38,1.21,1.72,-0.51,2,2,0,0.51,48.7,55.56,49.92,0.56,0.52,257,11,9,9,16.07,17.31,12.58,8,5,20,2,18,99.0,64.5,81.67,63.31,96.53,59.15,0,Guingamp 2-2 Pau,2025-11-08
Guingamp,1.72,1.21,0.51,1.34,1.21,0.13,0.38,0.0,0.38,1.72,1.21,0.51,2,2,0,-0.51,51.3,44.44,43.54,0.52,0.56,187,9,9,9,17.31,16.07,14.67,5,8,14,6,7,54.5,35.5,47.33,36.69,66.67,40.85,0,Guingamp 2-2 Pau,2025-11-08
Red Star,1.01,1.17,-0.16,1.01,1.07,-0.06,0.0,0.1,-0.1,1.01,1.17,-0.16,0,0,0,0.16,54.9,36.0,40.87,0.48,0.66,177,11,8,9,16.67,13.64,12.88,2,6,15,6,4,46.9,30.14,38.87,28.91,34.27,18.32,0,Le Mans 0-0 Red Star,2025-11-08
Le Mans,1.17,1.01,0.16,1.07,1.01,0.06,0.1,0.0,0.1,1.17,1.01,0.16,0,0,0,-0.16,45.1,64.0,49.69,0.66,0.48,235,10,9,8,13.64,16.67,13.42,6,2,25,5,17,108.7,69.86,95.6,71.09,152.8,81.68,0,Le Mans 0-0 Red Star,2025-11-08
Laval,1.9,1.6,0.3,1.1,1.26,-0.16,0.04,0.34,-0.3,1.14,1.6,-0.46,2,0,2,1.7,39.7,36.51,43.95,0.4,0.72,122,7,9,14,22.5,19.44,14.19,3,5,9,3,15,31.1,19.41,78.33,69.69,98.23,62.41,0,Nancy 0-2 Laval,2025-11-07
Nancy,1.6,1.9,-0.3,1.26,1.1,0.16,0.34,0.04,0.3,1.6,1.14,0.46,0,2,-2,-1.7,60.3,63.49,48.7,0.72,0.4,254,16,14,9,19.44,22.5,7.3,5,3,35,10,20,129.1,80.59,34.07,30.31,59.17,37.59,2,Nancy 0-2 Laval,2025-11-07
Rodez,1.6,1.53,0.07,1.11,1.39,-0.28,0.49,0.14,0.35,1.6,1.53,0.07,1,2,-1,-1.07,50.8,56.21,52.08,1.15,0.42,270,18,14,14,12.17,33.33,12.92,1,3,33,8,10,95.9,50.13,95.27,70.71,88.63,43.67,1,Grenoble 2-1 Rodez,2025-11-07
Grenoble,1.53,1.6,-0.07,1.39,1.11,0.28,0.14,0.49,-0.35,1.53,1.6,-0.07,2,1,1,1.07,49.2,43.79,46.58,0.42,1.15,201,7,14,14,33.33,12.17,13.87,3,1,13,5,11,95.4,49.87,39.47,29.29,114.33,56.33,0,Grenoble 2-1 Rodez,2025-11-07
Boulogne,1.57,1.23,0.34,1.31,1.23,0.08,0.26,0.0,0.26,1.57,1.23,0.34,1,1,0,-0.34,35.5,51.23,48.0,0.36,0.49,118,10,11,12,30.56,24.49,11.3,2,3,24,7,23,41.0,41.97,161.33,95.43,152.5,86.26,0,Dunkerque 1-1 Boulogne,2025-11-07
Dunkerque,1.23,1.57,-0.34,1.23,1.31,-0.08,0.0,0.26,-0.26,1.23,1.57,-0.34,1,1,0,0.34,64.5,48.77,41.15,0.49,0.36,159,7,12,11,24.49,30.56,5.97,3,2,9,3,15,56.7,58.03,7.73,4.57,24.3,13.74,0,Dunkerque 1-1 Boulogne,2025-11-07
Amiens SC,1.39,2.74,-1.35,1.39,0.91,0.48,0.0,0.31,-0.31,1.39,1.22,0.17,1,2,-1,0.35,35.5,32.09,42.33,0.45,0.76,106,5,9,17,20.0,22.37,15.07,6,7,8,4,16,44.3,22.59,77.33,75.77,63.13,39.79,0,Clermont 2-1 Amiens SC,2025-11-07
Clermont,2.74,1.39,1.35,0.91,1.39,-0.48,0.31,0.0,0.31,1.22,1.39,-0.17,2,1,1,-0.35,64.5,67.91,51.85,0.76,0.45,313,15,17,9,22.37,20.0,7.19,7,6,30,11,12,151.8,77.41,24.73,24.23,95.53,60.21,0,Clermont 2-1 Amiens SC,2025-11-07
Annecy,1.43,1.49,-0.06,1.3,0.39,0.91,0.13,1.09,-0.96,1.43,1.49,-0.06,0,1,-1,-0.94,52.4,55.07,45.71,0.3,0.44,167,5,8,14,26.67,31.82,6.91,5,3,11,3,22,73.3,56.21,43.6,60.33,97.5,56.99,3,Montpellier 1-0 Annecy,2025-11-07
Montpellier,1.49,1.43,0.06,0.39,1.3,-0.91,1.09,0.13,0.96,1.49,1.43,0.06,1,0,1,0.94,47.6,44.93,38.73,0.44,0.3,113,10,14,8,31.82,26.67,8.32,3,5,20,11,13,57.1,43.79,28.67,39.67,73.57,43.01,1,Montpellier 1-0 Annecy,2025-11-07
Reims,1.99,2.04,-0.05,1.9,2.0,-0.1,0.09,0.04,0.05,1.99,2.04,-0.05,3,1,2,2.05,53.1,47.35,41.62,0.64,0.45,144,7,9,17,14.06,37.78,7.89,4,3,11,4,15,70.9,41.32,22.6,21.9,36.93,27.22,0,Bastia 1-3 Reims,2025-11-07
Bastia,2.04,1.99,0.05,2.0,1.9,0.1,0.04,0.09,-0.05,2.04,1.99,0.05,1,3,-2,-2.05,46.9,52.65,47.84,0.45,0.64,185,7,17,9,37.78,14.06,11.12,3,4,14,2,13,100.7,58.68,80.6,78.1,98.73,72.78,9,Bastia 1-3 Reims,2025-11-07
Troyes,1.29,1.78,-0.49,1.29,1.35,-0.06,0.0,0.43,-0.43,1.29,1.78,-0.49,1,1,0,0.49,37.9,31.4,40.18,0.83,0.96,118,13,9,18,10.84,18.75,17.88,7,4,6,1,5,71.6,26.32,93.8,83.9,90.0,36.44,2,Pau 1-1 Troyes,2025-11-03
Pau,1.78,1.29,0.49,1.35,1.29,0.06,0.43,0.0,0.43,1.78,1.29,0.49,1,1,0,-0.49,62.1,68.6,49.4,0.96,0.83,309,17,18,9,18.75,10.84,12.68,4,7,27,9,14,200.4,73.68,18.0,16.1,157.0,63.56,1,Pau 1-1 Troyes,2025-11-03
Saint-Étienne,2.16,2.03,0.13,1.87,1.27,0.6,0.29,0.0,0.29,2.16,1.27,0.89,1,2,-1,-1.13,64.8,71.62,48.38,0.97,0.63,317,11,15,11,15.46,17.46,8.39,7,7,16,5,16,180.2,79.59,14.47,12.35,107.53,48.28,0,Red Star 2-1 Saint-Étienne,2025-11-01
Red Star,2.03,2.16,-0.13,1.27,1.87,-0.6,0.0,0.29,-0.29,1.27,2.16,-0.89,2,1,1,1.13,35.2,28.38,37.29,0.63,0.97,84,6,11,15,17.46,15.46,13.67,7,7,10,0,15,46.2,20.41,102.73,87.65,115.2,51.72,0,Red Star 2-1 Saint-Étienne,2025-11-01
Dunkerque,1.41,1.14,0.27,0.65,1.14,-0.49,0.0,0.0,0.0,0.65,1.14,-0.49,2,1,1,0.73,46.0,44.33,44.71,0.07,0.7,195,4,5,11,71.43,15.71,12.03,6,5,7,0,11,68.0,33.8,90.33,54.81,100.73,68.15,2,Reims 1-2 Dunkerque,2025-11-01
Reims,1.14,1.41,-0.27,1.14,0.65,0.49,0.0,0.0,0.0,1.14,0.65,0.49,1,2,-1,-0.73,54.0,55.67,44.84,0.7,0.07,216,8,11,5,15.71,71.43,10.08,5,6,14,3,20,133.2,66.2,74.47,45.19,47.07,31.85,0,Reims 1-2 Dunkerque,2025-11-01
Grenoble,2.99,2.16,0.83,1.62,1.98,-0.36,0.6,0.17,0.43,2.23,2.16,0.07,3,2,1,0.17,46.5,52.9,47.1,0.64,0.84,175,13,18,15,28.12,17.86,8.26,5,4,16,5,27,96.0,55.36,75.8,78.63,150.73,77.75,0,Amiens SC 2-3 Grenoble,2025-11-01
Amiens SC,2.16,2.99,-0.83,1.98,1.62,0.36,0.17,0.6,-0.43,2.16,2.23,-0.07,2,3,-1,-0.17,53.5,47.1,42.75,0.84,0.64,146,11,15,18,17.86,28.12,6.95,4,5,14,6,16,77.4,44.64,20.6,21.37,43.13,22.25,1,Amiens SC 2-3 Grenoble,2025-11-01
Rodez,0.68,3.32,-2.64,0.68,2.24,-1.56,0.0,0.33,-0.33,0.68,2.56,-1.88,0,2,-2,0.64,30.3,33.33,43.69,0.4,1.03,108,9,9,26,22.5,25.24,14.38,7,9,21,2,13,21.4,9.27,140.87,98.37,51.8,23.51,4,Montpellier 2-0 Rodez,2025-10-31
Montpellier,3.32,0.68,2.64,2.24,0.68,1.56,0.33,0.0,0.33,2.56,0.68,1.88,2,0,2,-0.64,69.7,66.67,47.9,1.03,0.4,290,18,26,9,25.24,22.5,5.92,9,7,27,8,14,209.5,90.73,2.33,1.63,168.5,76.49,2,Montpellier 2-0 Rodez,2025-10-31
Clermont,0.98,1.48,-0.5,0.93,1.36,-0.43,0.05,0.13,-0.08,0.98,1.48,-0.5,0,1,-1,-0.5,47.4,44.09,42.01,0.51,0.62,132,6,9,13,17.65,20.97,11.7,2,9,16,6,11,52.9,38.78,83.8,77.64,89.4,59.12,0,Bastia 1-0 Clermont,2025-10-31
Bastia,1.48,0.98,0.5,1.36,0.93,0.43,0.13,0.05,0.08,1.48,0.98,0.5,1,0,1,0.5,52.6,55.91,46.81,0.62,0.51,183,7,13,9,20.97,17.65,9.43,9,2,17,2,17,83.5,61.22,24.13,22.36,61.83,40.88,0,Bastia 1-0 Clermont,2025-10-31
Boulogne,1.41,1.4,0.01,1.41,1.06,0.35,0.0,0.34,-0.34,1.41,1.4,0.01,1,1,0,-0.01,53.2,45.96,39.89,0.63,0.5,142,4,11,7,17.46,14.0,9.46,7,6,8,1,15,36.8,43.6,23.33,26.0,27.1,21.67,1,Annecy 1-1 Boulogne,2025-10-31
Annecy,1.4,1.41,-0.01,1.06,1.41,-0.35,0.34,0.0,0.34,1.4,1.41,-0.01,1,1,0,0.01,46.8,54.04,44.65,0.5,0.63,175,8,7,11,14.0,17.46,9.36,6,7,17,6,17,47.6,56.4,66.4,74.0,97.97,78.33,6,Annecy 1-1 Boulogne,2025-10-31
Laval,1.07,1.29,-0.22,1.07,1.14,-0.07,0.0,0.16,-0.16,1.07,1.29,-0.22,0,2,-2,-1.78,49.6,48.73,46.74,0.66,0.96,210,13,13,11,19.7,11.46,10.78,4,2,21,4,21,93.1,45.98,57.27,51.23,48.87,25.66,0,Guingamp 2-0 Laval,2025-10-31
Guingamp,1.29,1.07,0.22,1.14,1.07,0.07,0.16,0.0,0.16,1.29,1.07,0.22,2,0,2,1.78,50.4,51.27,46.2,0.96,0.66,203,8,11,13,11.46,19.7,14.44,2,4,16,5,11,109.4,54.02,54.53,48.77,141.57,74.34,0,Guingamp 2-0 Laval,2025-10-31
Nancy,0.7,1.07,-0.37,0.7,0.77,-0.07,0.0,0.3,-0.3,0.7,1.07,-0.37,0,1,-1,-0.63,51.5,50.33,44.76,0.35,0.71,186,5,7,9,20.0,12.68,9.08,3,3,14,3,11,45.7,40.09,43.27,52.55,48.17,39.31,5,Le Mans 1-0 Nancy,2025-10-31
Le Mans,1.07,0.7,0.37,0.77,0.7,0.07,0.3,0.0,0.3,1.07,0.7,0.37,1,0,1,0.63,48.5,49.67,44.66,0.71,0.35,174,14,9,7,12.68,20.0,16.22,3,3,15,7,12,68.3,59.91,39.07,47.45,74.37,60.69,1,Le Mans 1-0 Nancy,2025-10-31
Guingamp,0.85,0.21,0.64,0.79,0.2,0.59,0.06,0.01,0.05,0.85,0.21,0.64,0,0,0,-0.64,59.8,57.39,42.59,0.48,0.34,206,9,6,4,12.5,11.76,10.08,3,8,17,2,15,76.7,69.47,17.53,14.19,48.1,33.95,0,Grenoble 0-0 Guingamp,2025-10-28
Grenoble,0.21,0.85,-0.64,0.2,0.79,-0.59,0.01,0.06,-0.05,0.21,0.85,-0.64,0,0,0,0.64,40.2,42.61,43.55,0.34,0.48,142,6,4,6,11.76,12.5,13.27,8,3,14,3,16,33.7,30.53,106.0,85.81,93.57,66.05,0,Grenoble 0-0 Guingamp,2025-10-28
Amiens SC,0.57,3.65,-3.08,0.57,2.89,-2.32,0.0,0.0,0.0,0.57,2.89,-2.32,1,3,-2,1.08,44.9,27.21,39.63,-0.03,1.4,107,3,4,17,-133.33,12.14,13.03,3,7,8,1,15,12.2,5.27,55.07,60.03,19.0,7.9,0,Troyes 3-1 Amiens SC,2025-10-28
Troyes,3.65,0.57,3.08,2.89,0.57,2.32,0.0,0.0,0.0,2.89,0.57,2.32,3,1,2,-1.08,55.1,72.79,50.73,1.4,-0.03,272,25,17,4,12.14,-133.33,9.0,7,3,15,4,16,219.2,94.73,36.67,39.97,221.37,92.1,6,Troyes 3-1 Amiens SC,2025-10-28
Le Mans,0.7,2.23,-1.53,0.6,2.13,-1.53,0.1,0.09,0.01,0.7,2.23,-1.53,1,1,0,1.53,47.0,49.68,45.18,0.39,0.71,157,6,6,9,15.38,12.68,9.7,2,2,15,6,18,44.2,34.18,39.27,48.48,53.63,43.2,0,Laval 1-1 Le Mans,2025-10-28
Laval,2.23,0.7,1.53,2.13,0.6,1.53,0.09,0.1,-0.01,2.23,0.7,1.53,1,1,0,-1.53,53.0,50.32,44.72,0.71,0.39,185,9,9,6,12.68,15.38,9.52,2,2,20,6,16,85.1,65.82,41.73,51.52,70.5,56.8,2,Laval 1-1 Le Mans,2025-10-28
Bastia,0.59,0.96,-0.37,0.35,0.96,-0.61,0.24,0.0,0.24,0.59,0.96,-0.37,0,2,-2,-1.63,55.9,46.55,44.87,0.36,0.55,196,8,6,9,16.67,16.36,7.59,6,2,21,4,19,55.7,38.9,24.07,20.44,32.87,16.76,0,Nancy 2-0 Bastia,2025-10-28
Nancy,0.96,0.59,0.37,0.96,0.35,0.61,0.0,0.24,-0.24,0.96,0.59,0.37,2,0,2,1.63,44.1,53.45,46.97,0.55,0.36,158,15,9,6,16.36,16.67,8.08,2,6,16,2,19,87.5,61.1,93.67,79.56,163.27,83.24,3,Nancy 2-0 Bastia,2025-10-28
Annecy,0.9,0.47,0.43,0.74,0.33,0.41,0.16,0.14,0.02,0.9,0.47,0.43,1,2,-1,-1.43,46.7,51.56,52.46,0.82,0.56,205,13,8,5,9.76,8.93,8.88,7,3,19,4,16,83.9,67.12,107.53,83.36,145.53,90.62,7,Rodez 2-1 Annecy,2025-10-28
Rodez,0.47,0.9,-0.43,0.33,0.74,-0.41,0.14,0.16,-0.02,0.47,0.9,-0.43,2,1,1,1.43,53.3,48.44,40.04,0.56,0.82,148,9,5,8,8.93,9.76,10.04,3,7,19,4,12,41.1,32.88,21.47,16.64,15.07,9.38,0,Rodez 2-1 Annecy,2025-10-28
Red Star,1.01,1.69,-0.68,0.95,1.69,-0.74,0.07,0.0,0.07,1.01,1.69,-0.68,0,3,-3,-2.32,56.7,55.19,42.4,0.49,0.55,215,8,7,10,14.29,18.18,9.55,10,5,14,3,11,70.2,53.38,57.4,32.7,64.6,37.01,0,Dunkerque 3-0 Red Star,2025-10-28
Dunkerque,1.69,1.01,0.68,1.69,0.95,0.74,0.0,0.07,-0.07,1.69,1.01,0.68,3,0,3,2.32,43.3,44.81,40.84,0.55,0.49,138,10,10,7,18.18,14.29,16.27,5,10,11,3,12,61.3,46.62,118.13,67.3,109.93,62.99,2,Dunkerque 3-0 Red Star,2025-10-28
Montpellier,2.76,2.16,0.6,2.33,2.16,0.17,0.43,0.0,0.43,2.76,2.16,0.6,1,1,0,-0.6,59.9,59.79,47.26,0.86,0.51,265,17,16,13,18.6,25.49,11.15,6,2,24,10,15,130.7,73.26,15.6,12.61,83.03,48.41,0,Clermont 1-1 Montpellier,2025-10-28
Clermont,2.16,2.76,-0.6,2.16,2.33,-0.17,0.0,0.43,-0.43,2.16,2.76,-0.6,1,1,0,0.6,40.1,40.21,45.83,0.51,0.86,160,9,13,16,25.49,18.6,12.57,2,6,19,4,11,47.7,26.74,108.07,87.39,88.5,51.59,0,Clermont 1-1 Montpellier,2025-10-28
Reims,3.32,1.2,2.12,2.44,1.2,1.24,0.11,0.0,0.11,2.56,1.2,1.36,6,2,4,1.88,58.2,46.46,39.48,0.55,0.89,171,10,15,10,27.27,11.24,10.84,2,9,12,3,8,97.5,51.15,29.4,15.44,55.4,32.69,1,Boulogne 2-6 Reims,2025-10-28
Boulogne,1.2,3.32,-2.12,1.2,2.44,-1.24,0.0,0.11,-0.11,1.2,2.56,-1.36,2,6,-4,-1.88,41.8,53.54,49.73,0.89,0.55,209,8,10,15,11.24,27.27,14.54,9,2,15,1,16,93.1,48.85,161.07,84.56,114.07,67.31,0,Boulogne 2-6 Reims,2025-10-28
Pau,1.34,3.82,-2.48,1.15,2.6,-1.45,0.2,0.46,-0.26,1.34,3.06,-1.72,0,6,-6,-3.52,44.5,62.7,47.98,1.14,0.56,215,10,11,16,9.65,28.57,15.67,4,6,21,4,12,99.5,63.05,89.0,82.71,57.89,23.1,0,Saint-Étienne 6-0 Pau,2025-10-28
Saint-Étienne,3.82,1.34,2.48,2.6,1.15,1.45,0.46,0.2,0.26,3.06,1.34,1.72,6,0,6,3.52,55.5,37.3,40.33,0.56,1.14,162,11,16,11,28.57,9.65,9.0,6,4,6,4,16,58.3,36.95,18.6,17.29,192.76,76.9,0,Saint-Étienne 6-0 Pau,2025-10-28
Saint-Étienne,0.75,2.49,-1.74,0.47,2.01,-1.54,0.27,0.48,-0.21,0.75,2.49,-1.74,0,4,-4,-2.26,56.6,37.36,33.54,0.46,0.74,124,8,6,13,13.04,17.57,18.38,2,8,8,4,5,44.9,24.72,12.27,6.55,13.43,3.61,0,Annecy 4-0 Saint-Étienne,2025-10-25
Annecy,2.49,0.75,1.74,2.01,0.47,1.54,0.48,0.27,0.21,2.49,0.75,1.74,4,0,4,2.26,43.4,62.64,50.61,0.74,0.46,241,9,13,6,17.57,13.04,17.09,8,2,14,4,19,136.7,75.28,175.2,93.45,358.08,96.39,2,Annecy 4-0 Saint-Étienne,2025-10-25
Nancy,1.31,1.31,0.0,1.31,0.78,0.53,0.0,0.54,-0.54,1.31,1.31,0.0,1,4,-3,-3.0,31.5,32.09,47.49,0.19,0.34,130,5,7,19,36.84,55.88,12.46,2,6,9,1,15,39.0,16.65,133.73,99.5,46.94,28.42,3,Montpellier 4-1 Nancy,2025-10-25
Montpellier,1.31,1.31,0.0,0.78,1.31,-0.53,0.54,0.0,0.54,1.31,1.31,0.0,4,1,3,3.0,68.5,67.91,51.31,0.34,0.19,323,15,19,7,55.88,36.84,6.11,6,2,28,9,14,195.3,83.35,0.67,0.5,118.22,71.58,2,Montpellier 4-1 Nancy,2025-10-25
Rodez,2.67,1.06,1.61,2.56,1.06,1.5,0.11,0.0,0.11,2.67,1.06,1.61,1,2,-1,-2.61,43.8,51.69,46.71,0.28,0.35,138,11,14,7,50.0,20.0,12.63,5,4,22,4,12,87.2,66.87,66.27,79.71,140.6,84.24,1,Amiens SC 2-1 Rodez,2025-10-25
Amiens SC,1.06,2.67,-1.61,1.06,2.56,-1.5,0.0,0.11,-0.11,1.06,2.67,-1.61,2,1,1,2.61,56.2,48.31,44.39,0.35,0.28,160,4,7,14,20.0,50.0,12.42,4,5,7,1,11,43.2,33.13,16.87,20.29,26.3,15.76,0,Amiens SC 2-1 Rodez,2025-10-25
Troyes,1.51,1.42,0.09,1.51,0.76,0.75,0.0,0.66,-0.66,1.51,1.42,0.09,0,0,0,-0.09,40.5,49.05,48.66,0.5,0.82,189,7,14,11,28.0,13.41,15.06,5,8,11,1,8,92.5,50.3,116.27,94.07,161.73,75.78,1,Reims 0-0 Troyes,2025-10-24
Reims,1.42,1.51,-0.09,0.76,1.51,-0.75,0.66,0.0,0.66,1.42,1.51,-0.09,0,0,0,0.09,59.5,50.95,45.35,0.82,0.5,235,15,11,14,13.41,28.0,9.93,8,5,18,7,12,91.4,49.7,7.33,5.93,51.7,24.22,0,Reims 0-0 Troyes,2025-10-24
Grenoble,1.61,1.66,-0.05,1.46,0.93,0.53,0.15,0.73,-0.58,1.61,1.66,-0.05,0,1,-1,-0.95,43.1,48.55,46.08,0.64,0.8,164,8,11,15,17.19,18.75,13.25,2,4,16,4,16,78.6,39.7,99.27,75.93,116.6,55.87,2,Red Star 1-0 Grenoble,2025-10-24
Red Star,1.66,1.61,0.05,0.93,1.46,-0.53,0.73,0.15,0.58,1.66,1.61,0.05,1,0,1,0.95,56.9,51.45,43.51,0.8,0.64,197,14,15,11,18.75,17.19,11.0,4,2,25,9,10,119.4,60.3,31.47,24.07,92.1,44.13,3,Red Star 1-0 Grenoble,2025-10-24
Clermont,0.69,1.82,-1.13,0.69,1.82,-1.13,0.0,0.0,0.0,0.69,1.82,-1.13,1,0,1,2.13,37.4,34.72,43.35,0.42,0.73,146,5,4,20,9.52,27.4,19.85,4,7,11,1,11,32.3,16.7,106.33,80.52,63.73,42.75,1,Guingamp 0-1 Clermont,2025-10-24
Guingamp,1.82,0.69,1.13,1.82,0.69,1.13,0.0,0.0,0.0,1.82,0.69,1.13,0,1,-1,-2.13,62.6,65.28,50.67,0.73,0.42,347,12,20,4,27.4,9.52,12.81,7,4,38,6,10,161.1,83.3,25.73,19.48,85.33,57.25,0,Guingamp 0-1 Clermont,2025-10-24
Boulogne,0.11,1.89,-1.78,0.09,1.34,-1.25,0.03,0.55,-0.52,0.11,1.89,-1.78,0,1,-1,0.78,33.3,31.94,44.84,0.11,1.02,126,3,4,15,36.36,14.71,12.08,3,9,11,3,20,13.3,7.59,104.67,96.2,52.8,34.23,0,Le Mans 1-0 Boulogne,2025-10-24
Le Mans,1.89,0.11,1.78,1.34,0.09,1.25,0.55,0.03,0.52,1.89,0.11,1.78,1,0,1,-0.78,66.7,68.06,49.97,1.02,0.11,299,15,15,4,14.71,36.36,6.35,9,3,39,10,11,161.9,92.41,4.13,3.8,101.47,65.77,0,Le Mans 1-0 Boulogne,2025-10-24
Dunkerque,2.97,1.32,1.65,2.78,0.96,1.82,0.19,0.36,-0.17,2.97,1.32,1.65,3,0,3,1.35,55.5,41.24,42.78,0.82,0.72,185,11,11,15,13.41,20.83,14.0,4,3,6,1,15,53.6,29.48,45.53,34.99,57.53,44.18,0,Pau 0-3 Dunkerque,2025-10-24
Pau,1.32,2.97,-1.65,0.96,2.78,-1.82,0.36,0.19,0.17,1.32,2.97,-1.65,0,3,-3,-1.35,44.5,58.76,47.43,0.72,0.82,206,9,15,11,20.83,13.41,16.03,3,4,21,8,13,128.2,70.52,84.6,65.01,72.7,55.82,0,Pau 0-3 Dunkerque,2025-10-24
Amiens SC,1.55,2.13,-0.58,0.79,1.09,-0.3,0.0,0.28,-0.28,0.79,1.37,-0.58,1,0,1,1.58,42.5,28.57,41.21,0.32,1.47,93,5,5,23,15.62,15.65,12.5,3,4,9,4,16,18.3,8.95,54.6,68.83,23.8,16.97,1,Nancy 0-1 Amiens SC,2025-10-20
Nancy,2.13,1.55,0.58,1.09,0.79,0.3,0.28,0.0,0.28,1.37,0.79,0.58,0,1,-1,-1.58,57.5,71.43,51.01,1.47,0.32,243,20,23,5,15.65,15.62,7.82,4,3,34,7,14,186.1,91.05,24.73,31.17,116.43,83.03,1,Nancy 0-1 Amiens SC,2025-10-20
Le Mans,2.79,2.56,0.23,1.97,1.8,0.17,0.06,0.0,0.06,2.03,1.8,0.23,3,2,1,0.77,27.8,35.04,44.38,1.0,0.64,93,13,14,12,14.0,18.75,12.88,3,6,7,3,24,41.1,23.63,165.67,97.49,162.47,79.82,0,Saint-Étienne 2-3 Le Mans,2025-10-18
Saint-Étienne,2.56,2.79,-0.23,1.8,1.97,-0.17,0.0,0.06,-0.06,1.8,2.03,-0.23,2,3,-1,-0.77,72.2,64.96,45.22,0.64,1.0,270,10,12,14,18.75,14.0,5.75,6,3,9,4,14,132.8,76.37,4.27,2.51,41.07,20.18,0,Saint-Étienne 2-3 Le Mans,2025-10-18
Red Star,1.26,1.19,0.07,0.71,1.19,-0.48,0.56,0.0,0.56,1.26,1.19,0.07,1,0,1,0.93,52.7,45.52,42.65,0.26,1.09,175,6,10,9,38.46,8.26,9.84,5,2,18,5,12,104.9,51.47,23.33,20.32,70.67,34.75,1,Laval 0-1 Red Star,2025-10-18
Laval,1.19,1.26,-0.07,1.19,0.71,0.48,0.0,0.56,-0.56,1.19,1.26,-0.07,0,1,-1,-0.93,47.3,54.48,45.69,1.09,0.26,191,12,9,10,8.26,38.46,10.21,2,5,16,6,22,98.9,48.53,91.47,79.68,132.7,65.25,3,Laval 0-1 Red Star,2025-10-18
Montpellier,1.56,1.25,0.31,1.48,1.11,0.37,0.08,0.14,-0.06,1.56,1.25,0.31,1,0,1,0.69,49.1,51.53,40.17,0.95,0.55,135,9,8,10,8.42,18.18,9.9,9,1,14,4,15,48.1,52.06,53.0,39.07,66.77,42.45,0,Dunkerque 0-1 Montpellier,2025-10-18
Dunkerque,1.25,1.56,-0.31,1.11,1.48,-0.37,0.14,0.08,0.06,1.25,1.56,-0.31,0,1,-1,-0.69,50.9,48.47,40.61,0.55,0.95,148,11,10,8,18.18,8.42,11.12,1,9,14,6,13,44.3,47.94,82.67,60.93,90.53,57.55,1,Dunkerque 0-1 Montpellier,2025-10-18
Pau,2.87,2.5,0.37,2.72,2.42,0.3,0.14,0.08,0.06,2.87,2.5,0.37,1,1,0,-0.37,56.0,60.79,49.21,1.68,1.02,256,25,24,12,14.29,11.76,13.31,5,7,24,5,10,163.2,72.89,27.93,26.57,128.2,61.14,0,Grenoble 1-1 Pau,2025-10-17
Grenoble,2.5,2.87,-0.37,2.42,2.72,-0.3,0.08,0.14,-0.06,2.5,2.87,-0.37,1,1,0,0.37,44.0,39.21,46.29,1.02,1.68,157,14,12,24,11.76,14.29,15.42,7,5,18,3,13,60.7,27.11,77.2,73.43,81.47,38.86,1,Grenoble 1-1 Pau,2025-10-17
Guingamp,1.24,1.23,0.01,0.9,1.21,-0.31,0.34,0.02,0.32,1.24,1.23,0.01,2,2,0,-0.01,57.1,47.21,42.32,0.88,0.55,191,7,8,8,9.09,14.55,11.17,4,7,17,2,12,76.2,48.78,35.13,24.56,63.2,39.5,2,Boulogne 2-2 Guingamp,2025-10-17
Boulogne,1.23,1.24,-0.01,1.21,0.9,0.31,0.02,0.34,-0.32,1.23,1.24,-0.01,2,2,0,0.01,42.9,52.79,46.53,0.55,0.88,181,10,8,8,14.55,9.09,13.3,7,4,15,2,14,80.0,51.22,107.93,75.44,96.8,60.5,0,Boulogne 2-2 Guingamp,2025-10-17
Bastia,1.81,0.68,1.13,1.35,0.55,0.8,0.46,0.13,0.33,1.81,0.68,1.13,0,1,-1,-2.13,64.9,62.17,49.14,0.78,0.72,260,13,17,10,21.79,13.89,7.28,3,4,25,5,12,131.6,74.18,23.53,18.24,74.23,48.55,0,Troyes 1-0 Bastia,2025-10-17
Troyes,0.68,1.81,-1.13,0.55,1.35,-0.8,0.13,0.46,-0.33,0.68,1.81,-1.13,1,0,1,2.13,35.1,37.83,40.68,0.72,0.78,99,8,10,17,13.89,21.79,18.39,4,3,11,2,11,45.8,25.82,105.47,81.76,78.67,51.45,1,Troyes 1-0 Bastia,2025-10-17
Annecy,0.55,1.02,-0.47,0.48,0.78,-0.3,0.06,0.24,-0.18,0.55,1.02,-0.47,1,0,1,1.47,26.4,39.66,51.93,0.22,0.43,125,6,9,10,40.91,23.26,17.11,6,3,12,3,18,64.6,38.09,254.8,99.95,263.23,97.2,2,Clermont 0-1 Annecy,2025-10-17
Clermont,1.02,0.55,0.47,0.78,0.48,0.3,0.24,0.06,0.18,1.02,0.55,0.47,0,1,-1,-1.47,73.6,60.34,40.55,0.43,0.22,229,6,10,9,23.26,40.91,6.24,3,6,23,6,10,105.0,61.91,0.13,0.05,7.57,2.8,0,Clermont 0-1 Annecy,2025-10-17
Reims,1.72,1.45,0.27,1.71,1.45,0.26,0.01,0.0,0.01,1.72,1.45,0.27,2,2,0,-0.27,66.1,70.52,50.75,0.97,0.7,312,22,13,13,13.4,18.57,10.58,7,3,32,10,14,221.3,88.06,19.4,17.78,179.57,76.36,2,Rodez 2-2 Reims,2025-10-17
Rodez,1.45,1.72,-0.27,1.45,1.71,-0.26,0.0,0.01,-0.01,1.45,1.72,-0.27,2,2,0,0.27,33.9,29.48,44.76,0.7,0.97,143,8,13,13,18.57,13.4,20.3,3,7,21,2,5,30.0,11.94,89.73,82.22,55.6,23.64,0,Rodez 2-2 Reims,2025-10-17
Saint-Étienne,1.47,1.45,0.02,1.47,1.27,0.2,0.0,0.18,-0.18,1.47,1.45,0.02,2,0,2,1.98,58.2,48.73,45.16,0.48,0.44,218,13,8,18,16.67,40.91,6.67,6,9,6,3,16,69.9,46.88,18.6,15.09,57.67,39.85,1,Montpellier 0-2 Saint-Étienne,2025-10-04
Montpellier,1.45,1.47,-0.02,1.27,1.47,-0.2,0.18,0.0,0.18,1.45,1.47,-0.02,0,2,-2,-1.98,41.8,51.27,46.04,0.44,0.48,176,9,18,8,40.91,16.67,9.94,9,6,31,8,18,79.2,53.12,104.67,84.91,87.03,60.15,1,Montpellier 0-2 Saint-Étienne,2025-10-04
Grenoble,1.4,2.31,-0.91,1.4,1.93,-0.53,0.0,0.38,-0.38,1.4,2.31,-0.91,4,2,2,2.91,36.5,29.63,45.54,0.32,1.03,145,3,6,21,18.75,20.39,14.9,2,8,10,0,9,22.4,9.69,91.47,85.17,78.9,45.91,0,Reims 2-4 Grenoble,2025-10-04
Reims,2.31,1.4,0.91,1.93,1.4,0.53,0.38,0.0,0.38,2.31,1.4,0.91,2,4,-2,-2.91,63.5,70.37,51.81,1.03,0.32,329,19,21,6,20.39,18.75,8.35,8,2,35,7,7,208.7,90.31,15.93,14.83,92.97,54.09,3,Reims 2-4 Grenoble,2025-10-04
Rodez,1.46,1.28,0.18,1.28,1.28,0.0,0.18,0.0,0.18,1.46,1.28,0.18,1,1,0,-0.18,34.2,35.46,41.23,0.52,0.56,93,8,7,16,13.46,28.57,10.7,4,5,12,2,19,34.9,18.43,98.0,91.65,71.37,46.26,0,Red Star 1-1 Rodez,2025-10-04
Red Star,1.28,1.46,-0.18,1.28,1.28,0.0,0.0,0.18,-0.18,1.28,1.46,-0.18,1,1,0,0.18,65.8,64.54,46.19,0.56,0.52,234,9,16,7,28.57,13.46,6.91,5,4,28,5,14,154.5,81.57,8.93,8.35,82.9,53.74,1,Red Star 1-1 Rodez,2025-10-04
Nancy,1.23,1.85,-0.62,1.16,1.59,-0.43,0.07,0.26,-0.19,1.23,1.85,-0.62,2,2,0,0.62,29.8,31.64,45.47,0.4,1.62,123,6,7,15,17.5,9.26,19.04,4,5,12,2,17,33.3,15.2,165.13,94.76,75.57,55.71,3,Guingamp 2-2 Nancy,2025-10-03
Guingamp,1.85,1.23,0.62,1.59,1.16,0.43,0.26,0.07,0.19,1.85,1.23,0.62,2,2,0,-0.62,70.2,68.36,51.89,1.62,0.4,384,16,15,7,9.26,17.5,8.57,5,4,26,5,8,185.8,84.8,9.13,5.24,60.07,44.29,1,Guingamp 2-2 Nancy,2025-10-03
Boulogne,2.01,0.37,1.64,1.99,0.37,1.62,0.02,0.0,0.02,2.01,0.37,1.64,1,0,1,-0.64,50.7,63.25,50.39,0.88,0.16,231,11,19,4,21.59,25.0,9.95,10,6,25,4,14,165.7,85.5,62.47,63.36,190.0,93.93,1,Amiens SC 0-1 Boulogne,2025-10-03
Amiens SC,0.37,2.01,-1.64,0.37,1.99,-1.62,0.0,0.02,-0.02,0.37,2.01,-1.64,0,1,-1,0.64,49.3,36.75,40.51,0.16,0.88,135,5,4,19,25.0,21.59,13.15,6,10,11,5,14,28.1,14.5,36.13,36.64,12.27,6.07,0,Amiens SC 0-1 Boulogne,2025-10-03
Dunkerque,0.59,0.4,0.19,0.48,0.33,0.15,0.11,0.07,0.04,0.59,0.4,0.19,0,0,0,-0.19,41.8,34.18,40.9,0.26,0.2,103,6,5,15,19.23,75.0,20.32,0,3,7,3,11,28.5,21.67,74.67,68.63,31.1,32.34,0,Bastia 0-0 Dunkerque,2025-10-03
Bastia,0.4,0.59,-0.19,0.33,0.48,-0.15,0.07,0.11,-0.04,0.4,0.59,-0.19,0,0,0,0.19,58.2,65.82,47.41,0.2,0.26,213,6,15,5,75.0,19.23,8.78,3,0,23,6,17,103.0,78.33,34.13,31.37,65.07,67.66,0,Bastia 0-0 Dunkerque,2025-10-03
Clermont,1.2,1.96,-0.76,1.05,1.96,-0.91,0.15,0.0,0.15,1.2,1.96,-0.76,1,3,-2,-1.24,53.3,54.06,46.52,0.55,0.64,237,8,10,7,18.18,10.94,12.7,9,3,15,6,11,79.6,54.78,52.6,44.4,32.9,14.1,0,Pau 3-1 Clermont,2025-10-03
Pau,1.96,1.2,0.76,1.96,1.05,0.91,0.0,0.15,-0.15,1.96,1.2,0.76,3,1,2,1.24,46.7,45.94,42.39,0.64,0.55,155,7,7,10,10.94,18.18,18.5,3,9,15,5,11,65.7,45.22,65.87,55.6,200.41,85.9,0,Pau 3-1 Clermont,2025-10-03
Troyes,1.05,2.86,-1.81,0.72,2.85,-2.13,0.33,0.01,0.32,1.05,2.86,-1.81,2,2,0,1.81,44.8,45.28,49.65,0.51,1.44,204,8,8,13,15.69,9.03,9.74,5,9,20,6,12,56.4,33.02,82.53,71.27,73.97,47.37,1,Le Mans 2-2 Troyes,2025-10-03
Le Mans,2.86,1.05,1.81,2.85,0.72,2.13,0.01,0.33,-0.32,2.86,1.05,1.81,2,2,0,-1.81,55.2,54.72,47.84,1.44,0.51,222,19,13,8,9.03,15.69,7.49,9,5,26,1,17,114.4,66.98,33.27,28.73,82.2,52.63,1,Le Mans 2-2 Troyes,2025-10-03
Laval,0.1,0.86,-0.76,0.1,0.5,-0.4,0.0,0.36,-0.36,0.1,0.86,-0.76,0,0,0,0.76,45.7,44.67,42.2,0.24,0.47,117,5,3,8,12.5,17.02,7.93,2,3,10,0,19,22.2,20.98,24.4,50.55,20.07,19.87,1,Annecy 0-0 Laval,2025-10-03
Annecy,0.86,0.1,0.76,0.5,0.1,0.4,0.36,0.0,0.36,0.86,0.1,0.76,0,0,0,-0.76,54.3,55.33,47.5,0.47,0.24,186,12,8,3,17.02,12.5,5.96,3,2,23,5,31,83.6,79.02,23.87,49.45,80.93,80.13,5,Annecy 0-0 Laval,2025-10-03
Red Star,0.66,1.88,-1.22,0.3,1.64,-1.34,0.36,0.24,0.12,0.66,1.88,-1.22,2,1,1,2.22,54.1,40.14,43.14,0.64,1.2,178,8,8,16,12.5,13.33,10.59,4,5,20,3,10,51.7,27.63,26.13,25.0,40.93,20.4,0,Boulogne 1-2 Red Star,2025-09-29
Boulogne,1.88,0.66,1.22,1.64,0.3,1.34,0.24,0.36,-0.12,1.88,0.66,1.22,1,2,-1,-2.22,45.9,59.86,50.09,1.2,0.64,200,18,16,8,13.33,12.5,12.61,5,4,25,7,10,135.4,72.37,78.4,75.0,159.7,79.6,0,Boulogne 1-2 Red Star,2025-09-29
Guingamp,1.37,1.17,0.2,0.88,1.11,-0.23,0.49,0.06,0.43,1.37,1.17,0.2,3,2,1,0.8,37.6,38.56,47.24,0.25,0.44,178,7,12,14,48.0,31.82,18.13,3,9,12,4,12,65.8,33.54,80.33,75.26,144.63,79.72,0,Saint-Étienne 2-3 Guingamp,2025-09-27
Saint-Étienne,1.17,1.37,-0.2,1.11,0.88,0.23,0.06,0.49,-0.43,1.17,1.37,-0.2,2,3,-1,-0.8,62.4,61.44,51.33,0.44,0.25,360,7,14,12,31.82,48.0,8.59,9,3,10,5,12,130.4,66.46,26.4,24.74,36.8,20.28,2,Saint-Étienne 2-3 Guingamp,2025-09-27
Amiens SC,0.44,3.69,-3.25,0.27,2.71,-2.44,0.17,0.99,-0.82,0.44,3.69,-3.25,2,6,-4,-0.75,39.4,37.23,40.88,0.22,1.12,126,2,6,18,27.27,16.07,19.34,4,4,8,2,13,38.2,23.07,169.33,88.38,32.04,12.86,0,Dunkerque 6-2 Amiens SC,2025-09-27
Dunkerque,3.69,0.44,3.25,2.71,0.27,2.44,0.99,0.17,0.82,3.69,0.44,3.25,6,2,4,0.75,60.6,62.77,41.32,1.12,0.22,213,16,18,6,16.07,27.27,11.0,4,4,14,5,17,127.4,76.93,22.27,11.62,217.17,87.14,0,Dunkerque 6-2 Amiens SC,2025-09-27
Montpellier,1.18,1.64,-0.46,1.07,1.37,-0.3,0.1,0.27,-0.17,1.18,1.64,-0.46,1,0,1,1.46,37.9,37.54,48.95,1.05,0.95,157,14,11,18,10.48,18.95,11.57,4,5,21,5,17,44.8,22.07,82.07,85.72,81.1,50.94,2,Laval 0-1 Montpellier,2025-09-27
Laval,1.64,1.18,0.46,1.37,1.07,0.3,0.27,0.1,0.17,1.64,1.18,0.46,0,1,-1,-1.46,62.1,62.46,49.34,0.95,1.05,256,19,18,11,18.95,10.48,6.1,5,4,29,11,13,158.2,77.93,13.67,14.28,78.1,49.06,2,Laval 0-1 Montpellier,2025-09-27
Le Mans,4.48,1.44,3.04,3.42,1.25,2.17,1.06,0.19,0.87,4.48,1.44,3.04,1,1,0,-3.04,53.0,65.33,52.07,1.63,0.6,279,28,24,8,14.72,13.33,10.19,5,4,41,13,12,194.3,87.6,40.27,47.19,173.37,87.68,0,Clermont 1-1 Le Mans,2025-09-26
Clermont,1.44,4.48,-3.04,1.25,3.42,-2.17,0.19,1.06,-0.87,1.44,4.48,-3.04,1,1,0,3.04,47.0,34.67,42.79,0.6,1.63,154,7,8,24,13.33,14.72,12.62,4,5,9,2,7,27.5,12.4,45.07,52.81,24.37,12.32,0,Clermont 1-1 Le Mans,2025-09-26
Pau,3.47,1.15,2.32,3.26,0.99,2.27,0.21,0.15,0.06,3.47,1.15,2.32,2,1,1,-1.32,57.4,58.16,50.52,1.8,0.96,252,26,23,10,12.78,10.42,20.27,3,5,43,10,8,202.3,81.7,18.0,25.12,141.43,58.8,1,Rodez 1-2 Pau,2025-09-26
Rodez,1.15,3.47,-2.32,0.99,3.26,-2.27,0.15,0.21,-0.06,1.15,3.47,-2.32,1,2,-1,1.32,42.6,41.84,51.36,0.96,1.8,204,15,10,23,10.42,12.78,14.12,5,3,26,3,11,45.3,18.3,53.67,74.88,99.1,41.2,0,Rodez 1-2 Pau,2025-09-26
Annecy,1.77,1.52,0.25,1.61,1.52,0.09,0.16,0.0,0.16,1.77,1.52,0.25,1,3,-2,-2.25,53.3,56.32,46.67,0.44,0.5,230,11,12,9,27.27,18.0,8.91,6,6,13,2,22,81.3,63.32,39.87,52.23,66.37,46.5,4,Troyes 3-1 Annecy,2025-09-26
Troyes,1.52,1.77,-0.25,1.52,1.61,-0.09,0.0,0.16,-0.16,1.52,1.77,-0.25,3,1,2,2.25,46.7,43.68,39.92,0.5,0.44,141,7,9,12,18.0,27.27,9.21,6,6,11,2,12,47.1,36.68,36.47,47.77,76.37,53.5,2,Troyes 3-1 Annecy,2025-09-26
Bastia,0.36,0.46,-0.1,0.36,0.46,-0.1,0.0,0.0,0.0,0.36,0.46,-0.1,0,0,0,0.1,38.5,31.25,38.27,0.14,1.17,86,6,4,10,28.57,8.55,12.69,2,6,10,2,9,15.9,9.29,102.27,85.13,48.03,31.82,1,Grenoble 0-0 Bastia,2025-09-26
Grenoble,0.46,0.36,0.1,0.46,0.36,0.1,0.0,0.0,0.0,0.46,0.36,0.1,0,0,0,-0.1,61.5,68.75,49.43,1.17,0.14,277,10,10,4,8.55,28.57,8.05,6,2,27,5,15,155.2,90.71,17.87,14.87,102.93,68.18,1,Grenoble 0-0 Bastia,2025-09-26
Reims,1.28,1.61,-0.33,1.22,1.36,-0.14,0.07,0.25,-0.18,1.28,1.61,-0.33,1,0,1,1.33,41.9,30.89,43.09,0.38,0.98,148,6,8,19,21.05,19.39,16.58,2,5,10,1,13,48.8,20.72,79.07,55.16,45.43,25.27,1,Nancy 0-1 Reims,2025-09-26
Nancy,1.61,1.28,0.33,1.36,1.22,0.14,0.25,0.07,0.18,1.61,1.28,0.33,0,1,-1,-1.33,58.1,69.11,50.69,0.98,0.38,291,18,19,8,19.39,21.05,10.5,5,2,29,8,10,186.7,79.28,64.27,44.84,134.33,74.73,2,Nancy 0-1 Reims,2025-09-26
Clermont,0.93,2.86,-1.93,0.9,2.86,-1.96,0.02,0.0,0.02,0.93,2.86,-1.93,1,4,-3,-1.07,46.3,21.05,40.72,0.11,1.36,183,2,7,18,63.64,13.24,17.22,4,8,3,1,8,27.6,7.39,61.13,50.08,7.61,1.44,0,Reims 4-1 Clermont,2025-09-23
Reims,2.86,0.93,1.93,2.86,0.9,1.96,0.0,0.02,-0.02,2.86,0.93,1.93,4,1,3,1.07,53.7,78.95,56.86,1.36,0.11,410,23,18,7,13.24,63.64,12.0,8,4,21,3,18,346.1,92.61,60.93,49.92,520.0,98.56,0,Reims 4-1 Clermont,2025-09-23
Boulogne,3.82,1.08,2.74,2.89,0.15,2.74,0.17,0.17,0.0,3.06,0.32,2.74,3,1,2,-0.74,45.7,62.75,49.2,0.87,0.51,213,15,25,6,28.74,11.76,11.61,5,4,14,5,16,177.4,85.04,99.67,83.52,229.6,98.54,0,Montpellier 1-3 Boulogne,2025-09-23
Montpellier,1.08,3.82,-2.74,0.15,2.89,-2.74,0.17,0.17,0.0,0.32,3.06,-2.74,1,3,-2,0.74,54.3,37.25,41.83,0.51,0.87,167,6,6,25,11.76,28.74,9.11,4,5,13,4,14,31.2,14.96,19.67,16.48,3.4,1.46,2,Montpellier 1-3 Boulogne,2025-09-23
Saint-Étienne,2.84,1.0,1.84,2.41,1.0,1.41,0.43,0.0,0.43,2.84,1.0,1.84,1,0,1,-0.84,59.4,61.14,51.51,1.13,0.64,367,25,23,9,20.35,14.06,10.85,8,5,11,9,12,252.1,79.75,35.93,23.92,199.4,70.45,0,Amiens SC 0-1 Saint-Étienne,2025-09-23
Amiens SC,1.0,2.84,-1.84,1.0,2.41,-1.41,0.0,0.43,-0.43,1.0,2.84,-1.84,0,1,-1,0.84,40.6,38.86,50.5,0.64,1.13,234,8,9,23,14.06,20.35,15.41,5,8,19,3,11,64.0,20.25,114.27,76.08,83.63,29.55,0,Amiens SC 0-1 Saint-Étienne,2025-09-23
Grenoble,1.42,0.6,0.82,1.31,0.51,0.8,0.11,0.09,0.02,1.42,0.6,0.82,0,1,-1,-1.82,68.9,66.19,49.84,0.67,0.39,265,12,11,7,16.42,17.95,6.24,7,3,17,5,10,142.5,85.79,14.27,10.52,87.13,50.38,2,Le Mans 1-0 Grenoble,2025-09-23
Le Mans,0.6,1.42,-0.82,0.51,1.31,-0.8,0.09,0.11,-0.02,0.6,1.42,-0.82,1,0,1,1.82,31.1,33.81,44.24,0.39,0.67,99,5,7,11,17.95,16.42,17.5,3,7,12,5,16,23.6,14.21,121.33,89.48,85.8,49.62,0,Le Mans 1-0 Grenoble,2025-09-23
Dunkerque,1.61,2.19,-0.58,1.47,1.4,0.07,0.14,0.78,-0.64,1.61,2.19,-0.58,1,2,-1,-0.42,58.0,62.25,49.03,0.72,0.72,246,11,14,10,19.44,13.89,8.64,5,3,20,4,15,120.5,73.66,35.13,32.13,79.1,49.06,0,Guingamp 2-1 Dunkerque,2025-09-23
Guingamp,2.19,1.61,0.58,1.4,1.47,-0.07,0.78,0.14,0.64,2.19,1.61,0.58,2,1,1,0.42,42.0,37.75,44.11,0.72,0.72,152,9,10,14,13.89,19.44,13.97,3,5,13,4,13,43.1,26.34,74.2,67.87,82.13,50.94,0,Guingamp 2-1 Dunkerque,2025-09-23
Laval,0.57,2.71,-2.14,0.57,2.52,-1.95,0.0,0.2,-0.2,0.57,2.71,-2.14,0,1,-1,1.14,50.1,50.35,44.02,1.07,0.96,185,12,5,18,4.67,18.75,17.81,1,1,15,4,18,40.0,29.56,47.93,44.03,38.77,24.77,1,Pau 1-0 Laval,2025-09-23
Pau,2.71,0.57,2.14,2.52,0.57,1.95,0.2,0.0,0.2,2.71,0.57,2.14,1,0,1,-1.14,49.9,49.65,44.34,0.96,1.07,210,11,18,5,18.75,4.67,19.04,1,1,22,4,10,95.3,70.44,60.93,55.97,117.77,75.23,0,Pau 1-0 Laval,2025-09-23
Rodez,1.91,1.67,0.24,1.48,0.74,0.74,0.43,0.16,0.27,1.91,0.91,1.0,3,2,1,0.76,41.7,42.3,46.85,0.9,0.42,140,13,11,20,12.22,47.62,10.44,6,7,26,6,16,69.0,37.64,92.0,84.5,81.03,51.2,1,Bastia 2-3 Rodez,2025-09-23
Bastia,1.67,1.91,-0.24,0.74,1.48,-0.74,0.16,0.43,-0.27,0.91,1.91,-1.0,2,3,-1,-0.76,58.3,57.7,48.22,0.42,0.9,217,12,20,11,47.62,12.22,6.47,7,6,19,7,15,114.3,62.36,16.87,15.5,77.23,48.8,2,Bastia 2-3 Rodez,2025-09-23
Nancy,1.86,1.76,0.1,1.77,1.44,0.33,0.08,0.32,-0.24,1.86,1.76,0.1,2,1,1,0.9,46.2,40.7,42.55,0.63,0.95,139,12,12,11,19.05,11.58,10.87,3,6,18,3,14,52.4,33.35,20.6,39.07,48.4,31.04,4,Annecy 1-2 Nancy,2025-09-23
Annecy,1.76,1.86,-0.1,1.44,1.77,-0.33,0.32,0.08,0.24,1.76,1.86,-0.1,1,2,-1,-0.9,53.8,59.3,51.11,0.95,0.63,231,17,11,12,11.58,19.05,8.97,6,3,19,4,15,104.7,66.65,32.13,60.93,107.53,68.96,5,Annecy 1-2 Nancy,2025-09-23
Troyes,2.28,2.41,-0.13,1.94,2.35,-0.41,0.34,0.07,0.27,2.28,2.41,-0.13,3,1,2,2.13,41.5,48.64,49.1,0.52,0.35,179,11,15,12,28.85,34.29,11.36,5,8,15,4,17,100.9,56.85,121.47,95.35,199.67,91.72,2,Red Star 1-3 Troyes,2025-09-23
Red Star,2.41,2.28,0.13,2.35,1.94,0.41,0.07,0.34,-0.27,2.41,2.28,0.13,1,3,-2,-2.13,58.5,51.36,45.61,0.35,0.52,204,8,12,15,34.29,28.85,6.07,8,5,24,2,17,76.6,43.15,5.93,4.65,18.03,8.28,0,Red Star 1-3 Troyes,2025-09-23
Reims,2.41,3.16,-0.75,1.55,2.83,-1.28,0.1,0.33,-0.23,1.65,3.16,-1.51,2,3,-1,-0.25,40.8,57.7,52.59,0.97,1.09,255,19,17,16,17.53,14.68,11.65,12,6,30,6,26,152.4,61.8,124.93,81.69,159.67,64.25,2,Saint-Étienne 3-2 Reims,2025-09-20
Saint-Étienne,3.16,2.41,0.75,2.83,1.55,1.28,0.33,0.1,0.23,3.16,1.65,1.51,3,2,1,0.25,59.2,42.3,45.25,1.09,0.97,264,13,16,17,14.68,17.53,10.79,6,12,7,1,6,94.2,38.2,28.0,18.31,88.83,35.75,1,Saint-Étienne 3-2 Reims,2025-09-20
Bastia,0.91,0.99,-0.08,0.42,0.64,-0.22,0.48,0.35,0.13,0.91,0.99,-0.08,0,2,-2,-1.92,55.7,57.37,47.76,0.42,0.52,175,12,13,8,30.95,15.38,6.1,9,6,24,9,20,104.8,63.52,9.87,14.79,52.57,30.97,1,Montpellier 2-0 Bastia,2025-09-20
Montpellier,0.99,0.91,0.08,0.64,0.42,0.22,0.35,0.48,-0.13,0.99,0.91,0.08,2,0,2,1.92,44.3,42.63,45.46,0.52,0.42,134,14,8,13,15.38,30.95,7.4,6,9,9,2,15,60.2,36.48,56.87,85.21,117.17,69.03,6,Montpellier 2-0 Bastia,2025-09-20
Guingamp,1.26,2.91,-1.65,1.11,2.91,-1.8,0.15,0.0,0.15,1.26,2.91,-1.65,2,5,-3,-1.35,56.3,45.48,44.43,0.58,0.99,246,6,9,19,15.52,19.19,10.94,8,5,18,4,11,53.6,26.4,19.13,14.54,13.91,4.01,0,Troyes 5-2 Guingamp,2025-09-20
Troyes,2.91,1.26,1.65,2.91,1.11,1.8,0.0,0.15,-0.15,2.91,1.26,1.65,5,2,3,1.35,43.7,54.52,49.65,0.99,0.58,228,13,19,9,19.19,15.52,18.28,5,8,13,1,13,149.4,73.6,112.4,85.46,333.33,95.99,3,Troyes 5-2 Guingamp,2025-09-20
Clermont,0.69,2.11,-1.42,0.69,1.76,-1.07,0.0,0.35,-0.35,0.69,2.11,-1.42,1,0,1,2.42,56.8,35.22,42.79,0.24,0.88,168,4,6,20,25.0,22.73,9.04,1,5,11,2,13,37.7,20.31,31.27,21.13,17.7,8.65,0,Rodez 0-1 Clermont,2025-09-19
Rodez,2.11,0.69,1.42,1.76,0.69,1.07,0.35,0.0,0.35,2.11,0.69,1.42,0,1,-1,-2.42,43.2,64.78,56.55,0.88,0.24,215,23,20,6,22.73,25.0,10.81,5,1,54,7,16,147.9,79.69,116.73,78.87,186.87,91.35,2,Rodez 0-1 Clermont,2025-09-19
Pau,1.85,0.74,1.11,1.85,0.74,1.11,0.0,0.0,0.0,1.85,0.74,1.11,3,0,3,1.89,53.9,40.39,38.88,0.57,0.63,135,9,10,6,17.54,9.52,9.15,4,11,10,0,11,59.7,49.92,24.8,24.43,78.03,64.92,0,Boulogne 0-3 Pau,2025-09-19
Boulogne,0.74,1.85,-1.11,0.74,1.85,-1.11,0.0,0.0,0.0,0.74,1.85,-1.11,0,3,-3,-1.89,46.1,59.61,47.13,0.63,0.57,199,8,6,10,9.52,17.54,9.98,11,4,22,6,25,59.9,50.08,76.73,75.57,42.17,35.08,1,Boulogne 0-3 Pau,2025-09-19
Red Star,1.1,0.83,0.27,1.1,0.83,0.27,0.0,0.0,0.0,1.1,0.83,0.27,1,0,1,0.73,70.0,68.82,53.26,0.65,0.93,362,11,15,4,23.08,4.3,7.14,7,2,26,4,11,188.7,83.38,3.07,1.92,73.63,51.0,0,Nancy 0-1 Red Star,2025-09-19
Nancy,0.83,1.1,-0.27,0.83,1.1,-0.27,0.0,0.0,0.0,0.83,1.1,-0.27,0,1,-1,-0.73,30.0,31.18,44.77,0.93,0.65,109,11,4,15,4.3,23.08,17.96,2,7,11,3,15,37.6,16.62,157.07,98.08,70.73,49.0,2,Nancy 0-1 Red Star,2025-09-19
Amiens SC,1.92,2.87,-0.95,1.87,1.96,-0.09,0.05,0.9,-0.85,1.92,2.87,-0.95,3,0,3,3.95,47.7,44.89,45.12,0.87,0.94,193,8,16,16,18.39,17.02,17.56,5,4,16,6,12,80.6,39.55,67.8,62.97,75.3,34.03,0,Laval 0-3 Amiens SC,2025-09-19
Laval,2.87,1.92,0.95,1.96,1.87,0.09,0.9,0.05,0.85,2.87,1.92,0.95,0,3,-3,-3.95,52.3,55.11,45.42,0.94,0.87,215,14,16,16,17.02,18.39,14.38,4,5,23,8,10,123.2,60.45,39.87,37.03,145.97,65.97,0,Laval 0-3 Amiens SC,2025-09-19
Annecy,2.04,0.49,1.55,1.09,0.39,0.7,0.96,0.11,0.85,2.04,0.49,1.55,3,1,2,0.45,48.8,64.54,50.48,0.64,0.14,217,9,12,5,18.75,35.71,10.79,8,4,26,10,18,145.5,80.97,91.0,83.13,220.0,97.1,3,Grenoble 1-3 Annecy,2025-09-19
Grenoble,0.49,2.04,-1.55,0.39,1.09,-0.7,0.11,0.96,-0.85,0.49,2.04,-1.55,1,3,-2,-0.45,51.2,35.46,37.21,0.14,0.64,126,2,5,12,35.71,18.75,11.64,4,8,15,4,8,34.2,19.03,18.47,16.87,6.57,2.9,0,Grenoble 1-3 Annecy,2025-09-19
Le Mans,1.29,2.21,-0.92,1.12,1.79,-0.67,0.17,0.43,-0.26,1.29,2.21,-0.92,2,2,0,0.92,34.4,29.29,41.76,0.23,0.85,115,3,8,15,34.78,17.65,20.87,1,8,14,3,11,23.1,10.14,131.4,90.75,44.93,24.98,1,Dunkerque 2-2 Le Mans,2025-09-19
Dunkerque,2.21,1.29,0.92,1.79,1.12,0.67,0.43,0.17,0.26,2.21,1.29,0.92,2,2,0,-0.92,65.6,70.71,49.32,0.85,0.23,305,14,15,8,17.65,34.78,9.29,8,1,21,7,12,204.6,89.86,13.4,9.25,134.93,75.02,0,Dunkerque 2-2 Le Mans,2025-09-19
Bastia,1.71,1.31,0.4,1.57,1.27,0.3,0.14,0.04,0.1,1.71,1.31,0.4,0,1,-1,-1.4,64.6,60.62,46.24,0.12,0.7,223,6,11,6,91.67,8.57,7.17,2,4,13,4,13,98.1,71.76,6.73,5.8,43.73,33.09,4,Boulogne 1-0 Bastia,2025-09-16
Boulogne,1.31,1.71,-0.4,1.27,1.57,-0.3,0.04,0.14,-0.1,1.31,1.71,-0.4,1,0,1,1.4,35.4,39.38,44.43,0.7,0.12,122,10,6,11,8.57,91.67,13.35,4,2,8,2,14,38.6,28.24,109.33,94.2,88.43,66.91,1,Boulogne 1-0 Bastia,2025-09-16
Montpellier,1.6,1.82,-0.22,1.33,1.73,-0.4,0.27,0.09,0.18,1.6,1.82,-0.22,0,1,-1,-0.78,54.8,58.3,49.73,0.85,0.47,267,20,14,11,16.47,23.4,9.05,11,1,24,6,17,106.1,58.14,61.13,46.86,102.53,50.49,3,Guingamp 1-0 Montpellier,2025-09-15
Guingamp,1.82,1.6,0.22,1.73,1.33,0.4,0.09,0.27,-0.18,1.82,1.6,0.22,1,0,1,0.78,45.2,41.7,41.03,0.47,0.85,148,8,11,14,23.4,16.47,21.48,1,11,20,5,8,76.4,41.86,69.33,53.14,100.53,49.51,0,Guingamp 1-0 Montpellier,2025-09-15
Saint-Étienne,1.86,0.73,1.13,1.79,0.72,1.07,0.08,0.01,0.07,1.86,0.73,1.13,2,1,1,-0.13,55.1,55.13,48.44,0.84,0.22,259,12,16,12,19.05,54.55,10.7,7,1,14,5,13,140.9,65.14,27.4,29.57,109.8,63.3,1,Clermont 1-2 Saint-Étienne,2025-09-13
Clermont,0.73,1.86,-1.13,0.72,1.79,-1.07,0.01,0.08,-0.07,0.73,1.86,-1.13,1,2,-1,0.13,44.9,44.87,47.46,0.22,0.84,207,6,12,16,54.55,19.05,17.12,1,7,18,2,10,75.4,34.86,65.27,70.43,63.67,36.7,2,Clermont 1-2 Saint-Étienne,2025-09-13
Reims,3.14,0.46,2.68,2.09,0.45,1.64,0.29,0.01,0.28,2.38,0.46,1.92,1,1,0,-2.68,67.5,55.06,42.0,0.91,0.26,208,18,15,6,16.48,23.08,4.6,3,7,30,7,17,137.7,67.9,0.93,0.51,56.37,23.66,0,Annecy 1-1 Reims,2025-09-13
Annecy,0.46,3.14,-2.68,0.45,2.09,-1.64,0.01,0.29,-0.28,0.46,2.38,-1.92,1,1,0,2.68,32.5,44.94,52.82,0.26,0.91,156,9,6,15,23.08,16.48,10.65,7,3,16,5,19,65.1,32.1,183.0,99.49,181.83,76.34,2,Annecy 1-1 Reims,2025-09-13
Dunkerque,1.23,0.71,0.52,1.03,0.52,0.51,0.21,0.19,0.02,1.23,0.71,0.52,0,1,-1,-1.52,68.3,72.18,49.41,0.92,0.28,305,17,13,12,14.13,42.86,6.97,4,5,23,7,14,152.7,85.26,7.4,5.42,80.43,47.1,1,Grenoble 1-0 Dunkerque,2025-09-13
Grenoble,0.71,1.23,-0.52,0.52,1.03,-0.51,0.19,0.21,-0.02,0.71,1.23,-0.52,1,0,1,1.52,31.7,27.82,40.8,0.28,0.92,83,8,12,13,42.86,14.13,15.68,5,4,16,6,20,26.4,14.74,129.2,94.58,90.33,52.9,2,Grenoble 1-0 Dunkerque,2025-09-13
Bastia,0.45,0.61,-0.16,0.44,0.61,-0.17,0.01,0.0,0.01,0.45,0.61,-0.16,0,0,0,0.16,53.3,63.6,45.74,0.26,0.34,186,8,7,4,26.92,11.76,8.11,11,3,19,3,14,95.3,75.1,50.0,49.34,110.13,69.75,1,Amiens SC 0-0 Bastia,2025-09-12
Amiens SC,0.61,0.45,0.16,0.61,0.44,0.17,0.0,0.01,-0.01,0.61,0.45,0.16,0,0,0,-0.16,46.7,36.4,38.26,0.34,0.26,110,3,4,7,11.76,26.92,12.52,3,11,12,5,14,31.6,24.9,51.33,50.66,47.77,30.25,1,Amiens SC 0-0 Bastia,2025-09-12
Red Star,3.33,1.14,2.19,2.25,1.0,1.25,0.31,0.14,0.17,2.57,1.14,1.43,3,0,3,0.81,56.3,59.11,49.3,0.97,0.29,239,11,16,13,16.49,44.83,14.83,2,5,15,2,12,120.8,64.77,53.6,51.44,160.1,74.09,0,Pau 0-3 Red Star,2025-09-12
Pau,1.14,3.33,-2.19,1.0,2.25,-1.25,0.14,0.31,-0.17,1.14,2.57,-1.43,0,3,-3,-0.81,43.7,40.89,42.29,0.29,0.97,141,9,13,16,44.83,16.49,21.7,5,2,15,2,6,65.7,35.23,50.6,48.56,56.0,25.91,0,Pau 0-3 Red Star,2025-09-12
Laval,1.21,1.65,-0.44,1.21,0.89,0.32,0.0,0.0,0.0,1.21,0.89,0.32,2,1,1,1.44,50.8,45.11,42.97,0.3,0.75,151,9,7,11,23.33,14.67,14.2,2,3,9,2,15,35.4,32.04,57.87,56.62,80.77,57.24,1,Boulogne 1-2 Laval,2025-09-12
Boulogne,1.65,1.21,0.44,0.89,1.21,-0.32,0.0,0.0,0.0,0.89,1.21,-0.32,1,2,-1,-1.44,49.2,54.89,46.02,0.75,0.3,212,10,11,7,14.67,23.33,12.78,3,2,19,3,10,75.1,67.96,44.33,43.38,60.33,42.76,2,Boulogne 1-2 Laval,2025-09-12
Rodez,2.35,2.06,0.29,2.02,1.91,0.11,0.33,0.15,0.18,2.35,2.06,0.29,1,0,1,0.71,40.5,39.04,45.55,0.86,0.97,166,15,12,19,13.95,19.59,11.23,5,5,18,3,14,47.1,22.12,82.13,73.25,81.93,39.25,1,Le Mans 0-1 Rodez,2025-09-12
Le Mans,2.06,2.35,-0.29,1.91,2.02,-0.11,0.15,0.33,-0.18,2.06,2.35,-0.29,0,1,-1,-0.71,59.5,60.96,51.13,0.97,0.86,301,16,19,12,19.59,13.95,10.34,5,5,27,5,10,165.8,77.88,30.0,26.75,126.8,60.75,0,Le Mans 0-1 Rodez,2025-09-12
Nancy,1.52,4.39,-2.87,1.52,2.44,-0.92,0.0,0.43,-0.43,1.52,2.87,-1.35,0,3,-3,-0.13,41.6,39.21,42.24,0.87,1.08,118,11,7,22,8.05,20.37,14.15,3,5,15,3,16,21.5,10.48,63.33,65.42,19.1,6.07,3,Troyes 3-0 Nancy,2025-09-12
Troyes,4.39,1.52,2.87,2.44,1.52,0.92,0.43,0.0,0.43,2.87,1.52,1.35,3,0,3,0.13,58.4,60.79,48.45,1.08,0.87,231,23,22,7,20.37,8.05,9.39,5,3,18,7,11,183.7,89.52,33.47,34.58,295.81,93.93,1,Troyes 3-0 Nancy,2025-09-12
Grenoble,1.1,2.46,-1.36,1.03,2.46,-1.43,0.07,0.01,0.06,1.1,2.46,-1.36,1,1,0,1.36,21.2,21.89,45.49,0.3,1.27,84,7,7,20,23.33,15.75,18.79,6,4,11,1,20,28.1,7.76,197.2,99.83,74.5,24.51,1,Saint-Étienne 1-1 Grenoble,2025-08-30
Saint-Étienne,2.46,1.1,1.36,2.46,1.03,1.43,0.01,0.07,-0.06,2.46,1.1,1.36,1,1,0,-1.36,78.8,78.11,52.69,1.27,0.3,471,25,20,7,15.75,23.33,5.21,4,6,18,9,12,333.9,92.24,0.33,0.17,229.43,75.49,0,Saint-Étienne 1-1 Grenoble,2025-08-30
Guingamp,1.88,1.16,0.72,1.88,0.78,1.1,0.0,0.38,-0.38,1.88,1.16,0.72,3,1,2,1.28,47.8,42.46,43.33,0.45,0.84,128,8,12,10,26.67,11.9,9.09,2,7,10,3,12,71.5,52.11,59.53,64.34,112.63,83.1,1,Bastia 1-3 Guingamp,2025-08-30
Bastia,1.16,1.88,-0.72,0.78,1.88,-1.1,0.38,0.0,0.38,1.16,1.88,-0.72,1,3,-2,-1.28,52.2,57.54,46.85,0.84,0.45,159,11,10,12,11.9,26.67,6.02,7,2,24,6,27,65.7,47.89,33.0,35.66,22.9,16.9,1,Bastia 1-3 Guingamp,2025-08-30
Le Mans,0.39,1.86,-1.47,0.39,1.72,-1.33,0.0,0.14,-0.14,0.39,1.86,-1.47,0,1,-1,0.47,44.4,42.02,45.73,0.58,0.42,168,7,5,12,8.62,28.57,15.04,4,5,19,4,15,28.3,16.8,87.6,75.56,59.83,31.31,2,Reims 1-0 Le Mans,2025-08-30
Reims,1.86,0.39,1.47,1.72,0.39,1.33,0.14,0.0,0.14,1.86,0.39,1.47,1,0,1,-0.47,55.6,57.98,46.86,0.42,0.58,240,10,12,5,28.57,8.62,11.5,5,4,17,5,10,140.2,83.2,28.33,24.44,131.27,68.69,1,Reims 1-0 Le Mans,2025-08-30
Boulogne,2.33,1.11,1.22,1.86,1.11,0.75,0.47,0.0,0.47,2.33,1.11,1.22,0,1,-1,-2.22,59.7,56.16,47.62,0.99,0.66,223,11,21,12,21.21,18.18,8.16,10,8,20,4,8,172.3,72.64,29.0,28.45,130.5,57.08,0,Rodez 1-0 Boulogne,2025-08-29
Rodez,1.11,2.33,-1.22,1.11,1.86,-0.75,0.0,0.47,-0.47,1.11,2.33,-1.22,1,0,1,2.22,40.3,43.84,48.06,0.66,0.99,147,11,12,21,18.18,21.21,10.69,8,10,20,4,15,64.9,27.36,72.93,71.55,98.13,42.92,0,Rodez 1-0 Boulogne,2025-08-29
Pau,1.6,1.93,-0.33,1.36,1.45,-0.09,0.25,0.48,-0.23,1.6,1.93,-0.33,2,2,0,0.33,54.1,37.88,44.59,0.67,0.38,189,7,15,15,22.39,39.47,12.25,3,11,18,3,8,48.9,25.98,10.33,9.52,29.1,10.51,0,Nancy 2-2 Pau,2025-08-29
Nancy,1.93,1.6,0.33,1.45,1.36,0.09,0.48,0.25,0.23,1.93,1.6,0.33,2,2,0,-0.33,45.9,62.12,54.92,0.38,0.67,221,20,15,15,39.47,22.39,10.27,11,3,28,11,17,139.3,74.02,98.13,90.48,247.8,89.49,6,Nancy 2-2 Pau,2025-08-29
Troyes,1.48,0.96,0.52,1.21,0.96,0.25,0.27,0.0,0.27,1.48,0.96,0.52,0,2,-2,-2.52,53.6,66.67,46.09,0.69,0.26,229,11,11,6,15.94,23.08,11.75,8,6,29,11,13,173.6,77.05,59.53,49.42,152.87,75.12,0,Dunkerque 2-0 Troyes,2025-08-29
Dunkerque,0.96,1.48,-0.52,0.96,1.21,-0.25,0.0,0.27,-0.27,0.96,1.48,-0.52,2,0,2,2.52,46.4,33.33,40.6,0.26,0.69,142,4,6,11,23.08,15.94,13.37,6,8,7,2,14,51.7,22.95,60.93,50.58,50.63,24.88,0,Dunkerque 2-0 Troyes,2025-08-29
Annecy,0.53,1.31,-0.78,0.24,0.5,-0.26,0.29,0.05,0.24,0.53,0.55,-0.02,0,1,-1,-0.22,61.2,51.17,43.66,0.36,0.46,187,9,5,5,13.89,10.87,7.51,5,6,13,4,16,58.6,57.0,10.4,11.07,27.67,19.68,6,Red Star 1-0 Annecy,2025-08-29
Red Star,1.31,0.53,0.78,0.5,0.24,0.26,0.05,0.29,-0.24,0.55,0.53,0.02,1,0,1,0.22,38.8,48.83,45.67,0.46,0.36,138,9,5,5,10.87,13.89,12.41,6,5,5,2,14,44.2,43.0,83.53,88.93,112.9,80.32,0,Red Star 1-0 Annecy,2025-08-29
Clermont,0.59,0.99,-0.4,0.44,0.6,-0.16,0.14,0.39,-0.25,0.59,0.99,-0.4,0,0,0,0.4,50.7,43.33,46.57,0.36,0.46,217,6,11,10,30.56,21.74,16.76,3,5,15,5,5,92.1,43.46,57.4,48.48,45.7,37.25,0,Laval 0-0 Clermont,2025-08-29
Laval,0.99,0.59,0.4,0.6,0.44,0.16,0.39,0.14,0.25,0.99,0.59,0.4,0,0,0,-0.4,49.3,56.67,50.02,0.46,0.36,251,14,10,11,21.74,30.56,12.09,5,3,32,13,12,119.8,56.54,61.0,51.52,77.0,62.75,1,Laval 0-0 Clermont,2025-08-29
Amiens SC,0.79,3.32,-2.53,0.78,2.7,-1.92,0.01,0.62,-0.61,0.79,3.32,-2.53,1,1,0,2.53,40.0,29.92,40.21,0.58,0.85,101,7,6,20,10.34,23.53,13.97,1,5,11,1,16,26.3,13.64,97.67,84.83,65.83,42.7,0,Montpellier 1-1 Amiens SC,2025-08-29
Montpellier,3.32,0.79,2.53,2.7,0.78,1.92,0.62,0.01,0.61,3.32,0.79,2.53,1,1,0,-2.53,60.0,70.08,49.64,0.85,0.58,255,18,20,6,23.53,10.34,8.26,5,1,23,3,18,166.5,86.36,17.47,15.17,88.33,57.3,1,Montpellier 1-1 Amiens SC,2025-08-29
Reims,0.44,1.03,-0.59,0.31,0.81,-0.5,0.12,0.23,-0.11,0.44,1.03,-0.59,0,2,-2,-1.41,61.4,65.52,46.41,0.5,0.38,223,13,7,8,14.0,21.05,8.71,5,1,13,4,16,122.5,72.7,26.67,23.61,67.1,35.2,1,Pau 2-0 Reims,2025-08-25
Pau,1.03,0.44,0.59,0.81,0.31,0.5,0.23,0.12,0.11,1.03,0.44,0.59,2,0,2,1.41,38.6,34.48,38.42,0.38,0.5,103,5,8,7,21.05,14.0,26.12,1,5,10,5,7,46.0,27.3,86.27,76.39,123.5,64.8,0,Pau 2-0 Reims,2025-08-25
Saint-Étienne,1.26,0.56,0.7,1.12,0.46,0.66,0.14,0.1,0.04,1.26,0.56,0.7,1,0,1,0.3,70.7,72.04,51.79,0.65,0.26,427,13,11,4,16.92,15.38,6.66,6,10,10,5,12,266.9,92.71,6.0,3.03,137.37,66.6,1,Boulogne 0-1 Saint-Étienne,2025-08-23
Boulogne,0.56,1.26,-0.7,0.46,1.12,-0.66,0.1,0.14,-0.04,0.56,1.26,-0.7,0,1,-1,-0.3,29.3,27.96,44.45,0.26,0.65,124,5,4,11,15.38,16.92,15.5,10,6,18,3,14,21.0,7.29,191.93,96.97,68.9,33.4,2,Boulogne 0-1 Saint-Étienne,2025-08-23
Montpellier,0.74,1.38,-0.64,0.64,1.02,-0.38,0.1,0.37,-0.27,0.74,1.38,-0.64,0,1,-1,-0.36,40.6,33.47,39.96,0.38,0.78,117,13,7,14,18.42,17.95,18.11,4,4,16,4,11,22.9,13.85,85.07,68.9,40.97,21.02,2,Troyes 1-0 Montpellier,2025-08-23
Troyes,1.38,0.74,0.64,1.02,0.64,0.38,0.37,0.1,0.27,1.38,0.74,0.64,1,0,1,0.36,59.4,66.53,46.78,0.78,0.38,250,8,14,7,17.95,18.42,13.44,4,4,22,6,14,142.5,86.15,38.4,31.1,153.9,78.98,1,Troyes 1-0 Montpellier,2025-08-23
Red Star,2.36,1.28,1.08,1.48,1.28,0.2,0.12,0.0,0.12,1.6,1.28,0.32,4,0,4,2.92,44.7,37.46,42.3,0.7,0.59,138,10,13,12,18.57,20.34,8.16,7,8,12,2,19,61.3,36.73,55.8,66.17,121.93,71.22,0,Guingamp 0-4 Red Star,2025-08-23
Guingamp,1.28,2.36,-1.08,1.28,1.48,-0.2,0.0,0.12,-0.12,1.28,1.6,-0.32,0,4,-4,-2.92,55.3,62.54,48.03,0.59,0.7,224,15,12,13,20.34,18.57,7.83,8,7,30,8,16,105.6,63.27,28.53,33.83,49.27,28.78,0,Guingamp 0-4 Red Star,2025-08-23
Nancy,2.01,1.75,0.26,1.39,1.53,-0.14,0.62,0.22,0.4,2.01,1.75,0.26,3,1,2,1.74,32.3,46.85,47.77,0.2,0.94,119,8,18,12,90.0,12.77,9.62,12,3,12,6,21,68.1,50.59,140.2,94.22,186.67,86.65,1,Dunkerque 1-3 Nancy,2025-08-22
Dunkerque,1.75,2.01,-0.26,1.53,1.39,0.14,0.22,0.62,-0.4,1.75,2.01,-0.26,1,3,-2,-1.74,67.7,53.15,40.86,0.94,0.2,177,12,12,18,12.77,90.0,7.93,3,12,20,6,9,66.5,49.41,8.6,5.78,28.77,13.35,0,Dunkerque 1-3 Nancy,2025-08-22
Grenoble,1.79,2.22,-0.43,1.43,2.21,-0.78,0.36,0.01,0.35,1.79,2.22,-0.43,1,2,-1,-0.57,40.6,42.61,47.97,0.96,1.1,185,21,13,14,13.54,12.73,24.0,4,1,22,3,9,75.5,36.63,85.93,77.0,86.17,56.7,2,Clermont 2-1 Grenoble,2025-08-22
Clermont,2.22,1.79,0.43,2.21,1.43,0.78,0.01,0.36,-0.35,2.22,1.79,0.43,2,1,1,0.57,59.4,57.39,50.51,1.1,0.96,309,14,14,13,12.73,13.54,15.0,1,4,25,5,7,130.6,63.37,25.67,23.0,65.8,43.3,0,Clermont 2-1 Grenoble,2025-08-22
Annecy,0.8,1.5,-0.7,0.8,1.41,-0.61,0.0,0.09,-0.09,0.8,1.5,-0.7,1,0,1,1.7,35.1,39.29,47.72,0.39,1.09,135,9,9,10,23.08,9.17,10.64,7,2,10,3,14,30.6,19.62,138.53,97.11,124.57,74.75,6,Amiens SC 0-1 Annecy,2025-08-22
Amiens SC,1.5,0.8,0.7,1.41,0.8,0.61,0.09,0.0,0.09,1.5,0.8,0.7,0,1,-1,-1.7,64.9,60.71,43.99,1.09,0.39,222,12,10,9,9.17,23.08,7.66,2,7,32,5,13,125.4,80.38,4.13,2.89,42.07,25.25,1,Amiens SC 0-1 Annecy,2025-08-22
Bastia,1.04,1.97,-0.93,0.93,1.15,-0.22,0.11,0.06,0.05,1.04,1.21,-0.17,0,1,-1,-0.07,47.7,45.14,45.26,0.36,0.7,149,6,13,13,36.11,18.57,11.28,1,2,21,5,11,43.0,34.02,33.93,49.51,40.17,33.09,3,Le Mans 1-0 Bastia,2025-08-22
Le Mans,1.97,1.04,0.93,1.15,0.93,0.22,0.06,0.11,-0.05,1.21,1.04,0.17,1,0,1,0.07,52.3,54.86,47.9,0.7,0.36,175,11,13,13,18.57,36.11,12.26,2,1,29,9,17,83.4,65.98,34.6,50.49,81.23,66.91,1,Le Mans 1-0 Bastia,2025-08-22
Laval,1.16,3.51,-2.35,1.07,3.37,-2.3,0.09,0.14,-0.05,1.16,3.51,-2.35,1,1,0,2.35,57.8,50.3,47.61,0.59,0.56,220,11,8,22,13.56,39.29,9.65,3,2,29,9,14,48.8,27.85,18.47,17.42,25.97,12.19,0,Rodez 1-1 Laval,2025-08-22
Rodez,3.51,1.16,2.35,3.37,1.07,2.3,0.14,0.09,0.05,3.51,1.16,2.35,1,1,0,-2.35,42.2,49.7,50.21,0.56,0.59,179,14,22,8,39.29,13.56,14.11,2,3,26,5,13,126.4,72.15,87.53,82.58,187.13,87.81,2,Rodez 1-1 Laval,2025-08-22
Montpellier,1.98,0.96,1.02,1.88,0.76,1.12,0.1,0.2,-0.1,1.98,0.96,1.02,2,1,1,-0.02,46.1,49.16,46.75,0.84,0.65,174,12,12,11,14.29,16.92,12.37,4,5,15,9,14,79.5,47.1,63.33,69.34,83.63,66.52,3,Le Mans 1-2 Montpellier,2025-08-18
Le Mans,0.96,1.98,-1.02,0.76,1.88,-1.12,0.2,0.1,0.1,0.96,1.98,-1.02,1,2,-1,0.02,53.9,50.84,45.74,0.65,0.84,187,9,11,12,16.92,14.29,8.85,5,4,15,5,10,89.3,52.9,28.0,30.66,42.1,33.48,2,Le Mans 1-2 Montpellier,2025-08-18
Rodez,0.81,3.43,-2.62,0.81,3.32,-2.51,0.0,0.1,-0.1,0.81,3.43,-2.62,0,4,-4,-1.38,31.5,46.02,51.27,0.89,0.66,161,13,5,19,5.62,28.79,16.65,6,4,27,5,14,45.3,20.29,160.6,96.13,61.37,23.83,0,Saint-Étienne 4-0 Rodez,2025-08-16
Saint-Étienne,3.43,0.81,2.62,3.32,0.81,2.51,0.1,0.0,0.1,3.43,0.81,2.62,4,0,4,1.38,68.5,53.98,44.92,0.66,0.89,277,13,19,5,28.79,5.62,7.48,4,6,5,5,13,178.0,79.71,6.47,3.87,196.18,76.17,0,Saint-Étienne 4-0 Rodez,2025-08-16
Dunkerque,0.41,1.23,-0.82,0.27,1.03,-0.76,0.14,0.21,-0.07,0.41,1.23,-0.82,2,2,0,0.82,62.0,54.94,38.33,0.25,0.36,173,2,5,8,20.0,22.22,7.67,7,4,20,5,9,59.4,43.04,0.87,0.54,16.07,7.18,0,Annecy 2-2 Dunkerque,2025-08-16
Annecy,1.23,0.41,0.82,1.03,0.27,0.76,0.21,0.14,0.07,1.23,0.41,0.82,2,2,0,-0.82,38.0,45.06,41.58,0.36,0.25,108,9,8,5,22.22,20.0,13.88,4,7,8,3,21,78.6,56.96,161.67,99.46,207.9,92.82,3,Annecy 2-2 Dunkerque,2025-08-16
Guingamp,1.02,2.23,-1.21,0.86,2.08,-1.22,0.16,0.15,0.01,1.02,2.23,-1.21,0,1,-1,0.21,44.6,40.52,46.96,0.86,1.52,195,11,8,16,9.3,10.53,16.76,1,7,19,3,12,69.4,25.23,86.33,76.67,56.57,22.68,0,Reims 1-0 Guingamp,2025-08-16
Reims,2.23,1.02,1.21,2.08,0.86,1.22,0.15,0.16,-0.01,2.23,1.02,1.21,1,0,1,-0.21,55.4,59.48,48.36,1.52,0.86,258,18,16,8,10.53,9.3,11.52,7,1,17,4,9,205.7,74.77,26.27,23.33,192.9,77.32,0,Reims 1-0 Guingamp,2025-08-16
Laval,0.7,1.71,-1.01,0.5,1.63,-1.13,0.2,0.07,0.13,0.7,1.71,-1.01,1,1,0,1.01,59.8,47.41,45.17,0.64,0.95,202,9,7,14,10.94,14.74,10.25,3,4,16,4,9,42.1,30.14,21.0,18.36,28.67,16.94,0,Grenoble 1-1 Laval,2025-08-15
Grenoble,1.71,0.7,1.01,1.63,0.5,1.13,0.07,0.2,-0.13,1.71,0.7,1.01,1,1,0,-1.01,40.2,52.59,48.8,0.95,0.64,167,10,14,7,14.74,10.94,18.62,4,3,29,7,16,97.6,69.86,93.4,81.64,140.57,83.06,0,Grenoble 1-1 Laval,2025-08-15
Amiens SC,2.37,2.13,0.24,2.14,1.79,0.35,0.23,0.34,-0.11,2.37,2.13,0.24,3,1,2,1.76,33.1,30.69,49.15,1.01,1.05,149,14,10,26,9.9,24.76,21.76,5,5,13,2,11,23.5,10.53,135.53,93.47,86.37,56.17,0,Red Star 1-3 Amiens SC,2025-08-15
Red Star,2.13,2.37,-0.24,1.79,2.14,-0.35,0.34,0.23,0.11,2.13,2.37,-0.24,1,3,-2,-1.76,66.9,69.31,54.81,1.05,1.01,398,22,26,10,24.76,9.9,7.68,5,5,47,13,10,199.7,89.47,9.47,6.53,67.4,43.83,0,Red Star 1-3 Amiens SC,2025-08-15
Boulogne,0.91,0.47,0.44,0.74,0.47,0.27,0.17,0.01,0.16,0.91,0.47,0.44,0,1,-1,-1.44,46.2,38.16,39.82,0.32,0.29,118,4,10,7,31.25,24.14,7.67,4,5,11,2,16,41.4,35.78,68.0,58.48,71.13,40.11,0,Nancy 1-0 Boulogne,2025-08-15
Nancy,0.47,0.91,-0.44,0.47,0.74,-0.27,0.01,0.17,-0.16,0.47,0.91,-0.44,1,0,1,1.44,53.8,61.84,45.65,0.29,0.32,178,6,7,10,24.14,31.25,7.41,5,4,9,4,23,74.3,64.22,48.27,41.52,106.2,59.89,3,Nancy 1-0 Boulogne,2025-08-15
Troyes,1.27,0.43,0.84,1.21,0.27,0.94,0.06,0.16,-0.1,1.27,0.43,0.84,0,0,0,-0.84,47.2,55.97,48.41,0.88,0.52,202,17,11,4,12.5,7.69,14.13,7,0,14,3,12,107.9,68.86,81.2,70.04,135.37,81.96,1,Clermont 0-0 Troyes,2025-08-15
Clermont,0.43,1.27,-0.84,0.27,1.21,-0.94,0.16,0.06,0.1,0.43,1.27,-0.84,0,0,0,0.84,52.8,44.03,43.39,0.52,0.88,193,6,4,11,7.69,12.5,13.15,0,7,17,3,12,48.8,31.14,34.73,29.96,29.8,18.04,0,Clermont 0-0 Troyes,2025-08-15
Pau,1.56,2.25,-0.69,1.48,2.04,-0.56,0.08,0.21,-0.13,1.56,2.25,-0.69,1,1,0,0.69,56.6,52.17,42.85,0.55,0.33,174,8,9,13,16.36,39.39,12.7,4,8,26,11,6,77.7,57.26,20.13,26.79,54.07,40.72,0,Bastia 1-1 Pau,2025-08-15
Bastia,2.25,1.56,0.69,2.04,1.48,0.56,0.21,0.08,0.13,2.25,1.56,0.69,1,1,0,-0.69,43.4,47.83,45.07,0.33,0.55,130,11,13,9,39.39,16.36,8.86,8,4,15,6,13,58.0,42.74,55.0,73.21,78.73,59.28,2,Bastia 1-1 Pau,2025-08-15
Reims,2.08,2.02,0.06,2.08,1.66,0.42,0.0,0.35,-0.35,2.08,2.02,0.06,2,2,0,-0.06,62.4,61.03,47.29,0.96,1.1,260,11,10,11,10.42,10.0,9.42,6,6,19,7,16,112.7,61.86,18.13,15.6,82.9,56.0,0,Amiens SC 2-2 Reims,2025-08-11
Amiens SC,2.02,2.08,-0.06,1.66,2.08,-0.42,0.35,0.0,0.35,2.02,2.08,-0.06,2,2,0,0.06,37.6,38.97,46.2,1.1,0.96,147,11,11,10,10.0,10.42,16.4,6,6,19,8,7,69.5,38.14,98.07,84.4,65.13,44.0,1,Amiens SC 2-2 Reims,2025-08-11
Saint-Étienne,1.51,2.05,-0.54,1.39,0.89,0.5,0.12,0.4,-0.28,1.51,1.29,0.22,3,3,0,0.54,53.8,56.97,46.54,1.09,0.45,250,12,10,10,9.17,22.22,13.45,6,3,15,7,16,124.1,64.94,46.73,37.93,104.87,63.42,1,Laval 3-3 Saint-Étienne,2025-08-09
Laval,2.05,1.51,0.54,0.89,1.39,-0.5,0.4,0.12,0.28,1.29,1.51,-0.22,3,3,0,-0.54,46.2,43.03,45.66,0.45,1.09,199,11,10,10,22.22,9.17,14.19,3,6,11,4,11,67.0,35.06,76.47,62.07,60.5,36.58,0,Laval 3-3 Saint-Étienne,2025-08-09
Red Star,0.8,0.36,0.44,0.67,0.36,0.31,0.13,0.0,0.13,0.8,0.36,0.44,1,1,0,-0.44,49.4,57.81,43.94,0.39,0.26,166,10,7,6,17.95,23.08,10.22,5,6,12,2,10,79.7,62.66,50.6,49.8,80.57,64.8,1,Montpellier 1-1 Red Star,2025-08-09
Montpellier,0.36,0.8,-0.44,0.36,0.67,-0.31,0.0,0.13,-0.13,0.36,0.8,-0.44,1,1,0,0.44,50.6,42.19,42.07,0.26,0.39,157,6,6,7,23.08,17.95,10.38,6,5,8,1,16,47.5,37.34,51.0,50.2,43.77,35.2,1,Montpellier 1-1 Red Star,2025-08-09
Clermont,0.81,2.45,-1.64,0.05,2.32,-2.27,0.0,0.13,-0.13,0.05,2.45,-2.4,2,2,0,1.64,42.5,22.87,37.34,0.1,0.86,87,1,6,15,60.0,17.44,15.33,2,15,5,2,9,18.9,7.81,64.87,62.33,19.3,10.26,0,Dunkerque 2-2 Clermont,2025-08-09
Dunkerque,2.45,0.81,1.64,2.32,0.05,2.27,0.13,0.0,0.13,2.45,0.05,2.4,2,2,0,-1.64,57.5,77.13,51.84,0.86,0.1,296,21,15,6,17.44,60.0,7.87,15,2,28,9,17,223.1,92.19,39.2,37.67,168.83,89.74,1,Dunkerque 2-2 Clermont,2025-08-09
Nancy,1.95,2.63,-0.68,1.34,2.41,-1.07,0.61,0.22,0.39,1.95,2.63,-0.68,0,0,0,0.68,47.8,47.73,49.34,0.83,1.13,179,12,12,11,14.46,9.73,16.5,2,4,27,9,11,100.9,49.9,61.0,83.94,116.77,63.26,1,Rodez 0-0 Nancy,2025-08-09
Rodez,2.63,1.95,0.68,2.41,1.34,1.07,0.22,0.61,-0.39,2.63,1.95,0.68,0,0,0,-0.68,52.2,52.27,47.03,1.13,0.83,188,11,11,12,9.73,14.46,9.25,4,2,25,4,14,101.3,50.1,11.67,16.06,67.83,36.74,0,Rodez 0-0 Nancy,2025-08-09
Annecy,0.63,1.85,-1.22,0.34,1.07,-0.73,0.29,0.02,0.27,0.63,1.09,-0.46,0,2,-2,-0.78,41.7,37.93,38.29,0.53,0.59,93,3,4,9,7.55,15.25,10.67,6,2,9,5,18,31.4,25.8,82.6,77.63,44.5,31.26,1,Pau 2-0 Annecy,2025-08-09
Pau,1.85,0.63,1.22,1.07,0.34,0.73,0.02,0.29,-0.27,1.09,0.63,0.46,2,0,2,0.78,58.3,62.07,44.84,0.59,0.53,210,4,9,4,15.25,7.55,8.45,2,6,25,5,20,90.3,74.2,23.8,22.37,97.87,68.74,0,Pau 2-0 Annecy,2025-08-09
Grenoble,0.42,2.91,-2.49,0.42,2.89,-2.47,0.0,0.01,-0.01,0.42,2.91,-2.49,1,2,-1,1.49,39.4,33.33,42.87,0.41,1.45,124,9,5,21,12.2,14.48,17.19,1,4,3,1,14,37.5,16.9,89.53,75.96,37.63,21.25,0,Troyes 2-1 Grenoble,2025-08-09
Troyes,2.91,0.42,2.49,2.89,0.42,2.47,0.01,0.0,0.01,2.91,0.42,2.49,2,1,1,-1.49,60.6,66.67,48.35,1.45,0.41,271,18,21,5,14.48,12.2,10.48,4,1,29,3,12,184.4,83.1,28.33,24.04,139.43,78.75,0,Troyes 2-1 Grenoble,2025-08-09
Le Mans,2.02,2.16,-0.14,1.91,1.69,0.22,0.1,0.47,-0.37,2.02,2.16,-0.14,3,3,0,0.14,38.4,38.43,43.56,0.96,0.68,131,11,10,14,10.42,20.59,10.35,6,4,20,5,22,54.0,26.69,81.2,71.15,73.37,54.24,1,Guingamp 3-3 Le Mans,2025-08-09
Guingamp,2.16,2.02,0.14,1.69,1.91,-0.22,0.47,0.1,0.37,2.16,2.02,0.14,3,3,0,-0.14,61.6,61.57,47.38,0.68,0.96,250,13,14,10,20.59,10.42,7.49,4,6,29,10,16,148.3,73.31,32.93,28.85,61.9,45.76,1,Guingamp 3-3 Le Mans,2025-08-09
