Team,xG,xGA,xGD,Open Play xG,Open Play xGA,Open Play xGD,Set Piece xG,Set Piece xGA,Set Piece xGD,npxG,npxGA,npxGD,Goals,Goals Conceded,GD,GD-xGD,Possession,Field Tilt,Avg Pass Height,xT,xT Against,Passes in Opposition Half,Passes into Box,Shots,Shots Faced,Shots per 1.0 xT,Shots Faced per 1.0 xT Against,PPDA,High Recoveries,High Recoveries Against,Crosses,Corners,Fouls,On-Ball Pressure,On-Ball Pressure Share,Off-Ball Pressure,Off-Ball Pressure Share,Game Control,Game Control Share,Throw-Ins into the Box,Match,Date
Rio Ave,0.57,1.61,-1.04,0.57,1.61,-1.04,0.00,0.00,0.00,0.57,1.61,-1.04,0,2,-2,-0.96,44.60,46.34,42.53,0.38,0.45,150,9,5,11,13.16,24.44,13.62,1,10,16,5,13,63.5,39.94,61.6,63.37,59.4,43.58,0,Vitória Guimarães 2-0 Rio Ave,2026-04-25
Vitória Guimarães,1.61,0.57,1.04,1.61,0.57,1.04,0.00,0.00,0.00,1.61,0.57,1.04,2,0,2,0.96,55.40,53.66,47.34,0.45,0.38,238,9,11,5,24.44,13.16,11.29,10,1,20,3,7,95.5,60.06,35.6,36.63,76.9,56.42,0,Vitória Guimarães 2-0 Rio Ave,2026-04-25
Moreirense,0.78,4.05,-3.27,0.49,3.45,-2.96,0.28,0.60,-0.32,0.78,4.05,-3.27,1,4,-3,0.27,42.60,41.46,42.07,0.43,0.98,131,8,8,18,18.6,18.37,15.21,2,10,7,2,14,57.9,29.51,74.47,59.48,59.8,27.73,0,Benfica 4-1 Moreirense,2026-04-25
Benfica,4.05,0.78,3.27,3.45,0.49,2.96,0.60,0.28,0.32,4.05,0.78,3.27,4,1,3,-0.27,57.40,58.54,46.61,0.98,0.43,233,18,18,8,18.37,18.6,7.36,10,2,15,9,13,138.3,70.49,50.73,40.52,155.82,72.27,0,Benfica 4-1 Moreirense,2026-04-25
Nacional,1.95,1.94,0.01,1.63,1.69,-0.06,0.32,0.25,0.07,1.95,1.94,0.01,2,0,2,1.99,37.70,39.51,49.02,0.18,1.0,151,7,18,22,100.0,22.0,11.12,4,7,19,7,15,38.9,18.65,85.53,94.9,78.9,39.22,2,Tondela 0-2 Nacional,2026-04-25
Tondela,1.94,1.95,-0.01,1.69,1.63,0.06,0.25,0.32,-0.07,1.94,1.95,-0.01,0,2,-2,-1.99,62.30,60.49,48.73,1.0,0.18,245,16,22,18,22.0,100.0,6.32,7,4,24,8,16,169.7,81.35,4.6,5.1,122.27,60.78,3,Tondela 0-2 Nacional,2026-04-25
Arouca,1.37,1.04,0.33,1.3,0.61,0.69,0.07,0.42,-0.35,1.37,1.04,0.33,1,2,-1,-1.33,64.6,63.53,48.31,0.46,0.99,308,7,14,7,30.43,7.07,7.29,6,0,17,3,12,122.0,76.15,11.13,8.19,39.47,30.95,2,Alverca 2-1 Arouca,2026-04-24
Alverca,1.04,1.37,-0.33,0.61,1.3,-0.69,0.42,0.07,0.35,1.04,1.37,-0.33,2,1,1,1.33,35.4,36.47,47.14,0.99,0.46,149,9,7,14,7.07,30.43,36.43,0,6,16,6,8,38.2,23.85,124.73,91.81,88.07,69.05,1,Alverca 2-1 Arouca,2026-04-24
Sporting Braga,0.34,0.67,-0.33,0.19,0.61,-0.42,0.15,0.06,0.09,0.34,0.67,-0.33,1,0,1,1.33,68.5,64.71,49.67,0.3,0.43,398,8,8,7,26.67,16.28,11.88,3,5,12,5,9,126.0,75.9,8.93,4.76,33.63,26.0,0,Casa Pia 0-1 Sporting Braga,2026-04-23
Casa Pia,0.67,0.34,0.33,0.61,0.19,0.42,0.06,0.15,-0.09,0.67,0.34,0.33,0,1,-1,-1.33,31.5,35.29,45.82,0.43,0.3,149,5,7,8,16.28,26.67,23.04,5,3,15,4,9,40.0,24.1,178.8,95.24,95.7,74.0,3,Casa Pia 0-1 Sporting Braga,2026-04-23
Estoril,0.5,1.26,-0.76,0.5,1.12,-0.62,0.0,0.15,-0.15,0.5,1.26,-0.76,0,1,-1,-0.24,57.0,49.8,41.78,0.41,0.65,179,5,4,11,9.76,16.92,7.54,9,6,10,1,12,36.6,29.49,21.93,19.65,10.1,5.97,2,Moreirense 1-0 Estoril,2026-04-20
Moreirense,1.26,0.5,0.76,1.12,0.5,0.62,0.15,0.0,0.15,1.26,0.5,0.76,1,0,1,0.24,43.0,50.2,45.65,0.65,0.41,190,11,11,4,16.92,9.76,14.43,6,9,7,5,14,87.5,70.51,89.67,80.35,159.13,94.03,0,Moreirense 1-0 Estoril,2026-04-20
Famalicão,0.67,1.96,-1.29,0.5,0.77,-0.27,0.16,0.43,-0.27,0.67,1.2,-0.53,2,2,0,1.29,32.0,23.33,39.94,0.31,0.5,123,7,6,10,19.35,20.0,22.12,2,6,8,2,11,55.4,16.18,167.0,80.29,106.63,37.95,3,Sporting Braga 2-2 Famalicão,2026-04-19
Sporting Braga,1.96,0.67,1.29,0.77,0.5,0.27,0.43,0.16,0.27,1.2,0.67,0.53,2,2,0,-1.29,68.0,76.67,53.77,0.5,0.31,470,15,10,6,20.0,19.35,11.11,6,2,17,5,10,287.1,83.82,41.0,19.71,174.33,62.05,1,Sporting Braga 2-2 Famalicão,2026-04-19
Tondela,0.08,4.06,-3.98,0.06,2.26,-2.2,0.02,1.04,-1.02,0.08,3.3,-3.22,0,2,-2,1.98,39.7,33.33,41.68,0.08,0.96,149,2,5,22,62.5,22.92,21.58,3,7,7,3,11,31.8,12.27,49.93,61.85,16.27,5.97,1,Porto 2-0 Tondela,2026-04-19
Porto,4.06,0.08,3.98,2.26,0.06,2.2,1.04,0.02,1.02,3.3,0.08,3.22,2,0,2,-1.98,60.3,66.67,50.87,0.96,0.08,283,21,22,5,22.92,62.5,8.83,7,3,27,8,12,227.4,87.73,30.8,38.15,256.3,94.03,1,Porto 2-0 Tondela,2026-04-19
Benfica,2.83,2.09,0.74,1.7,1.26,0.44,0.37,0.07,0.3,2.07,1.33,0.74,2,1,1,0.26,38.6,44.08,52.63,0.64,0.8,181,10,14,19,21.88,23.75,16.25,2,5,16,8,8,88.2,37.36,104.07,89.2,140.93,70.08,0,Sporting CP 1-2 Benfica,2026-04-19
Sporting CP,2.09,2.83,-0.74,1.26,1.7,-0.44,0.07,0.37,-0.3,1.33,2.07,-0.74,1,2,-1,-0.26,61.4,55.92,49.9,0.8,0.64,279,10,19,14,23.75,21.88,7.4,5,2,13,3,13,147.9,62.64,12.6,10.8,60.17,29.92,0,Sporting CP 1-2 Benfica,2026-04-19
Estrela,1.57,1.29,0.28,1.24,1.26,-0.02,0.33,0.03,0.3,1.57,1.29,0.28,0,1,-1,-1.28,50.6,50.63,45.23,0.65,0.39,171,11,15,11,23.08,28.21,10.74,4,7,19,3,11,87.4,52.68,45.8,52.0,90.37,48.12,3,Arouca 1-0 Estrela,2026-04-19
Arouca,1.29,1.57,-0.28,1.26,1.24,0.02,0.03,0.33,-0.3,1.29,1.57,-0.28,1,0,1,1.28,49.4,49.37,45.72,0.39,0.65,170,5,11,15,28.21,23.08,11.67,7,4,12,4,15,78.5,47.32,42.27,48.0,97.43,51.88,2,Arouca 1-0 Estrela,2026-04-19
Vitória Guimarães,0.89,1.28,-0.39,0.84,0.6,0.24,0.05,0.68,-0.63,0.89,1.28,-0.39,1,0,1,1.39,48.2,51.28,46.7,0.35,0.41,168,5,11,12,31.43,29.27,8.72,6,2,12,3,16,69.9,47.91,49.53,57.55,65.87,58.63,0,Gil Vicente 0-1 Vitória Guimarães,2026-04-18
Gil Vicente,1.28,0.89,0.39,0.6,0.84,-0.24,0.68,0.05,0.63,1.28,0.89,0.39,0,1,-1,-1.39,51.8,48.72,40.81,0.41,0.35,138,9,12,11,29.27,31.43,9.38,2,6,19,10,11,76.0,52.09,36.53,42.45,46.47,41.37,4,Gil Vicente 0-1 Vitória Guimarães,2026-04-18
Santa Clara,0.31,1.97,-1.66,0.23,1.64,-1.41,0.08,0.33,-0.25,0.31,1.97,-1.66,0,0,0,1.66,66.5,58.15,45.18,0.35,0.51,197,5,5,10,14.29,19.61,7.96,0,8,25,6,12,51.4,55.93,2.67,2.43,21.47,15.71,5,Casa Pia 0-0 Santa Clara,2026-04-18
Casa Pia,1.97,0.31,1.66,1.64,0.23,1.41,0.33,0.08,0.25,1.97,0.31,1.66,0,0,0,-1.66,33.5,41.85,49.04,0.51,0.35,113,9,10,5,19.61,14.29,9.85,8,0,18,4,20,40.5,44.07,107.33,97.57,115.23,84.29,7,Casa Pia 0-0 Santa Clara,2026-04-18
Alverca,0.47,1.33,-0.86,0.33,1.19,-0.86,0.13,0.14,-0.01,0.47,1.33,-0.86,0,1,-1,-0.14,51.1,53.62,50.52,0.4,0.41,221,15,8,10,20.0,24.39,10.83,3,7,24,8,15,115.4,51.49,24.27,41.51,106.3,47.53,4,Nacional 1-0 Alverca,2026-04-18
Nacional,1.33,0.47,0.86,1.19,0.33,0.86,0.14,0.13,0.01,1.33,0.47,0.86,1,0,1,0.14,48.9,46.38,48.73,0.41,0.4,207,6,10,8,24.39,20.0,9.62,7,3,14,4,15,108.7,48.51,34.2,58.49,117.33,52.47,0,Nacional 1-0 Alverca,2026-04-18
AVS,1.2,2.38,-1.18,0.65,1.98,-1.33,0.54,0.39,0.15,1.2,2.38,-1.18,2,2,0,1.18,34.8,37.68,44.79,0.37,0.81,119,10,13,20,35.14,24.69,11.72,5,4,14,9,11,30.1,16.71,101.2,96.32,62.93,39.72,4,Rio Ave 2-2 AVS,2026-04-17
Rio Ave,2.38,1.2,1.18,1.98,0.65,1.33,0.39,0.54,-0.15,2.38,1.2,1.18,2,2,0,-1.18,65.2,62.32,49.76,0.81,0.37,266,11,20,13,24.69,35.14,7.47,4,5,21,4,9,150.0,83.29,3.87,3.68,95.5,60.28,0,Rio Ave 2-2 AVS,2026-04-17
Gil Vicente,1.97,2.18,-0.21,1.08,1.42,-0.34,0.13,0.0,0.13,1.21,1.42,-0.21,2,2,0,0.21,48.0,50.7,45.09,0.54,0.23,170,13,14,10,25.93,43.48,12.45,2,3,17,5,11,121.5,64.08,63.2,65.02,160.77,67.43,5,Tondela 2-2 Gil Vicente,2026-04-13
Tondela,2.18,1.97,0.21,1.42,1.08,0.34,0.0,0.13,-0.13,1.42,1.21,0.21,2,2,0,-0.21,52.0,49.3,46.01,0.23,0.54,189,5,10,14,43.48,25.93,11.41,3,2,10,5,15,68.1,35.92,34.0,34.98,77.67,32.57,0,Tondela 2-2 Gil Vicente,2026-04-13
Porto,3.06,0.72,2.34,2.07,0.66,1.41,1.0,0.06,0.94,3.06,0.72,2.34,3,1,2,-0.34,44.8,46.73,47.65,1.2,0.48,180,18,21,8,17.5,16.67,8.38,8,6,21,8,15,112.3,57.24,69.4,68.76,137.87,69.29,3,Estoril 1-3 Porto,2026-04-12
Estoril,0.72,3.06,-2.34,0.66,2.07,-1.41,0.06,1.0,-0.94,0.72,3.06,-2.34,1,3,-2,0.34,55.2,53.27,49.12,0.48,1.2,238,8,8,21,16.67,17.5,9.03,6,8,16,1,13,83.9,42.76,31.53,31.24,61.1,30.71,0,Estoril 1-3 Porto,2026-04-12
Nacional,0.33,4.34,-4.01,0.18,3.09,-2.91,0.15,0.5,-0.35,0.33,3.58,-3.25,0,2,-2,2.01,41.5,25.17,40.62,0.2,1.38,116,2,7,24,35.0,17.39,11.77,5,9,5,1,18,24.2,8.89,77.87,76.54,5.2,1.44,1,Benfica 2-0 Nacional,2026-04-12
Benfica,4.34,0.33,4.01,3.09,0.18,2.91,0.5,0.15,0.35,3.58,0.33,3.25,2,0,2,-2.01,58.5,74.83,51.65,1.38,0.2,282,25,24,7,17.39,35.0,7.86,9,5,27,15,13,248.1,91.11,23.87,23.46,356.07,98.56,0,Benfica 2-0 Nacional,2026-04-12
Arouca,1.07,0.91,0.16,0.24,0.91,-0.67,0.07,0.0,0.07,0.31,0.91,-0.6,0,1,-1,-1.16,38.0,41.73,44.41,0.52,0.28,171,8,9,6,17.31,21.43,19.86,5,1,18,5,12,64.0,35.81,142.33,73.44,97.33,61.72,4,Sporting Braga 1-0 Arouca,2026-04-12
Sporting Braga,0.91,1.07,-0.16,0.91,0.24,0.67,0.0,0.07,-0.07,0.91,0.31,0.6,1,0,1,1.16,62.0,58.27,44.33,0.28,0.52,263,8,6,9,21.43,17.31,14.08,1,5,6,6,9,114.7,64.19,51.47,26.56,60.37,38.28,1,Sporting Braga 1-0 Arouca,2026-04-12
Casa Pia,0.7,2.32,-1.62,0.48,1.86,-1.38,0.22,0.45,-0.23,0.7,2.32,-1.62,1,3,-2,-0.38,39.9,50.37,50.13,0.32,0.94,142,16,15,11,46.88,11.7,10.62,6,3,20,11,15,88.1,51.13,94.07,88.41,159.73,67.18,8,Alverca 3-1 Casa Pia,2026-04-12
Alverca,2.32,0.7,1.62,1.86,0.48,1.38,0.45,0.22,0.23,2.32,0.7,1.62,3,1,2,0.38,60.1,49.63,45.81,0.94,0.32,179,10,11,15,11.7,46.88,7.54,3,6,23,9,10,84.2,48.87,12.33,11.59,78.03,32.82,4,Alverca 3-1 Casa Pia,2026-04-12
Sporting CP,0.97,0.95,0.02,0.86,0.83,0.03,0.11,0.12,-0.01,0.97,0.95,0.02,1,0,1,0.98,66.4,65.22,52.57,0.7,0.33,370,15,10,9,14.29,27.27,8.13,3,1,16,13,16,155.5,76.0,13.93,10.38,84.5,56.52,0,Estrela 0-1 Sporting CP,2026-04-11
Estrela,0.95,0.97,-0.02,0.83,0.86,-0.03,0.12,0.11,0.01,0.95,0.97,-0.02,0,1,-1,-0.98,33.6,34.78,49.82,0.33,0.7,153,6,9,10,27.27,14.29,17.07,1,3,11,4,14,49.1,24.0,120.33,89.62,65.0,43.48,1,Estrela 0-1 Sporting CP,2026-04-11
Rio Ave,0.24,0.71,-0.47,0.14,0.68,-0.54,0.1,0.03,0.07,0.24,0.71,-0.47,2,0,2,2.47,45.7,41.37,42.24,0.5,0.65,140,11,5,13,10.0,20.0,8.56,7,5,14,3,12,45.0,29.01,43.8,48.38,52.73,30.84,2,Santa Clara 0-2 Rio Ave,2026-04-11
Santa Clara,0.71,0.24,0.47,0.68,0.14,0.54,0.03,0.1,-0.07,0.71,0.24,0.47,0,2,-2,-2.47,54.3,58.63,47.02,0.65,0.5,186,8,13,5,20.0,10.0,6.89,5,7,15,3,18,110.1,70.99,46.73,51.62,118.27,69.16,7,Santa Clara 0-2 Rio Ave,2026-04-11
Vitória Guimarães,2.58,0.91,1.67,2.2,0.67,1.53,0.39,0.24,0.15,2.58,0.91,1.67,1,1,0,-1.67,60.5,60.55,52.59,1.41,0.35,267,26,14,17,9.93,48.57,6.64,5,4,23,4,9,148.0,70.34,16.67,20.53,107.83,61.47,2,AVS 1-1 Vitória Guimarães,2026-04-11
AVS,0.91,2.58,-1.67,0.67,2.2,-1.53,0.24,0.39,-0.15,0.91,2.58,-1.67,1,1,0,1.67,39.5,39.45,45.85,0.35,1.41,133,9,17,14,48.57,9.93,14.08,4,5,14,5,16,62.4,29.66,64.53,79.47,67.6,38.53,4,AVS 1-1 Vitória Guimarães,2026-04-11
Moreirense,0.37,2.44,-2.07,0.37,1.58,-1.21,0.0,0.86,-0.86,0.37,2.44,-2.07,1,1,0,2.07,36.8,18.81,35.05,0.39,0.84,69,2,2,18,5.13,21.43,15.27,1,4,4,0,15,12.6,4.69,71.67,62.32,25.2,12.01,0,Famalicão 1-1 Moreirense,2026-04-10
Famalicão,2.44,0.37,2.07,1.58,0.37,1.21,0.86,0.0,0.86,2.44,0.37,2.07,1,1,0,-2.07,63.2,81.19,52.68,0.84,0.39,311,25,18,2,21.43,5.13,9.81,4,1,44,13,15,255.8,95.31,43.33,37.68,184.57,87.99,4,Famalicão 1-1 Moreirense,2026-04-10
Benfica,2.38,0.62,1.76,2.33,0.55,1.78,0.05,0.07,-0.02,2.38,0.62,1.76,1,1,0,-1.76,77.4,77.48,53.75,1.3,0.18,368,27,18,8,13.85,44.44,4.81,2,0,29,12,10,250.1,96.16,0.2,0.12,124.67,73.46,0,Casa Pia 1-1 Benfica,2026-04-06
Casa Pia,0.62,2.38,-1.76,0.55,2.33,-1.78,0.07,0.05,0.02,0.62,2.38,-1.76,1,1,0,1.76,22.6,22.52,47.53,0.18,1.3,86,3,8,18,44.44,13.85,17.67,0,2,10,3,19,10.0,3.84,160.67,99.88,45.03,26.54,2,Casa Pia 1-1 Benfica,2026-04-06
Estoril,1.05,1.75,-0.7,1.04,1.57,-0.53,0.01,0.18,-0.17,1.05,1.75,-0.7,2,3,-1,-0.3,53.5,48.25,43.14,0.87,1.2,169,13,12,12,13.79,10.0,10.13,5,3,14,3,18,78.9,49.22,40.87,42.37,75.8,44.66,0,Arouca 3-2 Estoril,2026-04-06
Arouca,1.75,1.05,0.7,1.57,1.04,0.53,0.18,0.01,0.17,1.75,1.05,0.7,3,2,1,0.3,46.5,51.75,43.28,1.2,0.87,173,15,12,12,10.0,13.79,11.21,3,5,13,3,13,81.4,50.78,55.6,57.63,93.93,55.34,1,Arouca 3-2 Estoril,2026-04-06
Famalicão,1.92,1.11,0.81,1.83,0.93,0.9,0.08,0.18,-0.1,1.92,1.11,0.81,2,2,0,-0.81,48.6,40.15,40.08,0.43,0.57,146,8,11,8,25.58,14.04,9.68,4,4,14,3,14,77.0,41.09,33.87,30.79,49.03,26.64,3,Porto 2-2 Famalicão,2026-04-04
Porto,1.11,1.92,-0.81,0.93,1.83,-0.9,0.18,0.08,0.1,1.11,1.92,-0.81,2,2,0,0.81,51.4,59.85,52.93,0.57,0.43,275,11,8,11,14.04,25.58,9.66,4,4,17,4,20,110.4,58.91,76.13,69.21,135.0,73.36,2,Porto 2-2 Famalicão,2026-04-04
Sporting Braga,1.63,0.53,1.1,1.09,0.43,0.66,0.55,0.1,0.45,1.63,0.53,1.1,1,0,1,-0.1,59.9,63.37,49.28,0.58,0.27,361,19,10,12,17.24,44.44,12.0,4,2,14,9,14,159.0,64.58,55.73,35.53,121.67,64.91,1,Moreirense 0-1 Sporting Braga,2026-04-04
Moreirense,0.53,1.63,-1.1,0.43,1.09,-0.66,0.1,0.55,-0.45,0.53,1.63,-1.1,0,1,-1,0.1,40.1,36.63,43.84,0.27,0.58,179,11,12,10,44.44,17.24,22.62,2,4,18,4,9,87.2,35.42,101.13,64.47,65.77,35.09,0,Moreirense 0-1 Sporting Braga,2026-04-04
Alverca,1.27,2.04,-0.77,1.27,1.82,-0.55,0.0,0.22,-0.22,1.27,2.04,-0.77,2,1,1,1.77,47.6,40.85,46.15,0.63,0.73,192,16,14,18,22.22,24.66,12.29,8,4,17,4,6,96.1,41.33,76.6,60.47,124.8,67.29,1,Rio Ave 1-2 Alverca,2026-04-04
Rio Ave,2.04,1.27,0.77,1.82,1.27,0.55,0.22,0.0,0.22,2.04,1.27,0.77,1,2,-1,-1.77,52.4,59.15,50.72,0.73,0.63,272,11,18,14,24.66,22.22,18.26,4,8,24,8,7,136.4,58.67,50.07,39.53,60.67,32.71,1,Rio Ave 1-2 Alverca,2026-04-04
Estrela,0.81,1.26,-0.45,0.7,1.17,-0.47,0.1,0.09,0.01,0.81,1.26,-0.45,0,2,-2,-1.55,51.7,45.71,44.13,0.41,0.37,152,10,11,16,26.83,43.24,8.52,4,6,18,6,8,51.2,32.55,35.2,46.85,42.03,21.32,2,Nacional 2-0 Estrela,2026-04-04
Nacional,1.26,0.81,0.45,1.17,0.7,0.47,0.09,0.1,-0.01,1.26,0.81,0.45,2,0,2,1.55,48.3,54.29,47.58,0.37,0.41,158,9,16,11,43.24,26.83,9.38,6,4,12,5,14,106.1,67.45,39.93,53.15,155.1,78.68,0,Nacional 2-0 Estrela,2026-04-04
Santa Clara,0.82,3.67,-2.85,0.82,2.66,-1.84,0.0,0.25,-0.25,0.82,2.91,-2.09,2,4,-2,0.85,29.1,27.45,45.61,0.2,1.34,98,5,7,22,35.0,16.42,12.55,4,6,13,5,22,15.2,5.94,122.6,94.11,24.9,11.11,2,Sporting CP 4-2 Santa Clara,2026-04-03
Sporting CP,3.67,0.82,2.85,2.66,0.82,1.84,0.25,0.0,0.25,2.91,0.82,2.09,4,2,2,-0.85,70.9,72.55,52.94,1.34,0.2,329,21,22,7,16.42,35.0,4.29,6,4,25,9,12,240.6,94.06,7.67,5.89,199.3,88.89,0,Sporting CP 4-2 Santa Clara,2026-04-03
Tondela,0.08,2.81,-2.73,0.08,1.24,-1.16,0.0,0.06,-0.06,0.08,1.29,-1.21,0,5,-5,-2.27,48.4,40.4,42.85,0.18,0.54,146,2,3,12,16.67,22.22,10.97,5,5,8,1,17,29.1,19.81,40.67,54.03,19.13,7.25,2,Vitória Guimarães 5-0 Tondela,2026-04-03
Vitória Guimarães,2.81,0.08,2.73,1.24,0.08,1.16,0.06,0.0,0.06,1.29,0.08,1.21,5,0,5,2.27,51.6,59.6,45.39,0.54,0.18,159,13,12,3,22.22,16.67,8.07,5,5,15,3,14,117.8,80.19,34.6,45.97,244.65,92.75,0,Vitória Guimarães 5-0 Tondela,2026-04-03
AVS,0.4,2.12,-1.72,0.4,2.08,-1.68,0.0,0.04,-0.04,0.4,2.12,-1.72,0,3,-3,-1.28,41.0,39.0,40.39,0.44,0.95,109,8,11,16,25.0,16.84,10.82,11,3,10,1,15,52.9,26.83,76.33,66.76,45.12,17.35,6,Gil Vicente 3-0 AVS,2026-04-03
Gil Vicente,2.12,0.4,1.72,2.08,0.4,1.68,0.04,0.0,0.04,2.12,0.4,1.72,3,0,3,1.28,59.0,61.0,44.77,0.95,0.44,187,18,16,11,16.84,25.0,12.52,3,11,18,3,8,144.3,73.17,38.0,33.24,214.96,82.65,4,Gil Vicente 3-0 AVS,2026-04-03
Porto,1.31,1.14,0.17,1.15,0.38,0.77,0.16,0.0,0.16,1.31,0.38,0.93,2,1,1,0.83,38.9,39.22,41.83,0.14,0.06,133,6,12,6,85.71,100.0,14.66,5,6,13,5,15,66.7,38.44,98.67,86.14,104.0,66.16,1,Sporting Braga 1-2 Porto,2026-03-22
Sporting Braga,1.14,1.31,-0.17,0.38,1.15,-0.77,0.0,0.16,-0.16,0.38,1.31,-0.93,1,2,-1,-0.83,61.1,60.78,43.97,0.06,0.14,232,3,6,12,100.0,85.71,9.4,6,5,10,3,12,106.8,61.56,15.87,13.86,53.2,33.84,0,Sporting Braga 1-2 Porto,2026-03-22
Sporting CP,2.69,0.86,1.83,2.69,0.84,1.85,0.0,0.02,-0.02,2.69,0.86,1.83,4,1,3,1.17,68.6,70.48,49.36,0.6,0.58,374,13,15,12,25.0,20.69,10.52,6,3,9,1,9,217.2,79.65,7.47,3.95,90.5,67.74,0,Alverca 1-4 Sporting CP,2026-03-22
Alverca,0.86,2.69,-1.83,0.84,2.69,-1.85,0.02,0.0,0.02,0.86,2.69,-1.83,1,4,-3,-1.17,31.4,29.52,45.65,0.58,0.6,153,5,12,15,20.69,25.0,21.0,3,6,12,3,13,55.5,20.35,181.87,96.05,43.1,32.26,0,Alverca 1-4 Sporting CP,2026-03-22
Rio Ave,2.33,1.22,1.11,1.55,1.15,0.4,0.02,0.07,-0.05,1.57,1.22,0.35,2,1,1,-0.11,45.0,44.6,47.57,0.39,1.27,193,12,13,13,33.33,10.24,9.94,5,7,18,7,11,75.7,36.52,54.87,57.31,80.13,41.9,2,Estoril 1-2 Rio Ave,2026-03-22
Estoril,1.22,2.33,-1.11,1.15,1.55,-0.4,0.07,0.02,0.05,1.22,1.57,-0.35,1,2,-1,0.11,55.0,55.4,49.78,1.27,0.39,250,21,13,13,10.24,33.33,9.35,7,5,29,11,16,131.6,63.48,40.87,42.69,111.13,58.1,2,Estoril 1-2 Rio Ave,2026-03-22
AVS,0.91,0.98,-0.07,0.76,0.98,-0.22,0.15,0.0,0.15,0.91,0.98,-0.07,0,0,0,0.07,41.3,38.28,46.74,0.59,1.26,158,15,9,14,15.25,11.11,13.07,1,6,21,6,15,46.0,27.03,99.2,85.72,82.93,51.38,7,Tondela 0-0 AVS,2026-03-21
Tondela,0.98,0.91,0.07,0.98,0.76,0.22,0.0,0.15,-0.15,0.98,0.91,0.07,0,0,0,-0.07,58.7,61.72,47.03,1.26,0.59,221,15,14,9,11.11,15.25,7.5,6,1,30,7,12,124.2,72.97,16.53,14.28,78.47,48.62,1,Tondela 0-0 AVS,2026-03-21
Vitória Guimarães,0.86,2.12,-1.26,0.57,2.11,-1.54,0.29,0.02,0.27,0.86,2.12,-1.26,0,3,-3,-1.74,51.2,48.55,44.92,0.31,0.88,198,6,16,13,51.61,14.77,12.03,1,8,20,8,15,80.0,50.35,43.53,42.57,61.8,34.38,0,Benfica 3-0 Vitória Guimarães,2026-03-21
Benfica,2.12,0.86,1.26,2.11,0.57,1.54,0.02,0.29,-0.27,2.12,0.86,1.26,3,0,3,1.74,48.8,51.45,45.63,0.88,0.31,195,11,13,16,14.77,51.61,9.81,8,1,10,4,15,78.9,49.65,58.73,57.43,117.93,65.62,0,Benfica 3-0 Vitória Guimarães,2026-03-21
Gil Vicente,0.61,0.48,0.13,0.46,0.39,0.07,0.15,0.08,0.07,0.61,0.48,0.13,0,1,-1,-1.13,46.0,48.12,46.18,0.44,0.31,153,7,8,7,18.18,22.58,9.5,3,4,17,6,17,49.0,51.52,71.67,77.78,91.3,71.05,3,Santa Clara 1-0 Gil Vicente,2026-03-21
Santa Clara,0.48,0.61,-0.13,0.39,0.46,-0.07,0.08,0.15,-0.07,0.48,0.61,-0.13,1,0,1,1.13,54.0,51.88,42.48,0.31,0.44,140,11,7,8,22.58,18.18,7.26,4,3,15,6,15,46.1,48.48,20.47,22.22,37.2,28.95,2,Santa Clara 1-0 Gil Vicente,2026-03-21
Nacional,0.45,2.24,-1.79,0.39,2.11,-1.72,0.07,0.13,-0.06,0.45,2.24,-1.79,0,1,-1,0.79,46.2,50.0,47.61,0.25,0.99,190,6,9,14,36.0,14.14,9.74,9,8,20,6,18,66.2,41.3,45.67,55.65,66.57,42.44,0,Famalicão 1-0 Nacional,2026-03-21
Famalicão,2.24,0.45,1.79,2.11,0.39,1.72,0.13,0.07,0.06,2.24,0.45,1.79,1,0,1,-0.79,53.8,50.0,47.5,0.99,0.25,223,13,14,9,14.14,36.0,9.69,8,9,21,7,13,94.1,58.7,36.4,44.35,90.3,57.56,3,Famalicão 1-0 Nacional,2026-03-21
Arouca,1.85,0.69,1.16,1.79,0.65,1.14,0.06,0.04,0.02,1.85,0.69,1.16,1,0,1,-0.16,51.1,46.15,40.45,0.29,0.28,156,6,14,7,48.28,25.0,14.88,4,3,24,7,12,81.0,59.52,75.93,50.26,127.6,58.99,0,Moreirense 0-1 Arouca,2026-03-21
Moreirense,0.69,1.85,-1.16,0.65,1.79,-1.14,0.04,0.06,-0.02,0.69,1.85,-1.16,0,1,-1,0.16,48.9,53.85,41.29,0.28,0.29,157,8,7,14,25.0,48.28,15.18,3,4,22,3,11,55.1,40.48,75.13,49.74,88.7,41.01,3,Moreirense 0-1 Arouca,2026-03-21
Casa Pia,0.42,5.06,-4.64,0.42,3.61,-3.19,0.0,0.7,-0.7,0.42,4.3,-3.88,0,4,-4,0.64,47.4,43.83,45.71,0.61,1.29,160,6,8,23,13.11,17.83,7.53,4,5,12,1,20,36.3,20.61,43.27,58.63,19.68,7.68,3,Estrela 4-0 Casa Pia,2026-03-20
Estrela,5.06,0.42,4.64,3.61,0.42,3.19,0.7,0.0,0.7,4.3,0.42,3.88,4,0,4,-0.64,52.6,56.17,46.51,1.29,0.61,182,15,23,8,17.83,13.11,6.51,5,4,9,6,18,139.8,79.39,30.53,41.37,236.61,92.32,1,Estrela 4-0 Casa Pia,2026-03-20
Moreirense,0.18,2.15,-1.97,0.18,2.15,-1.97,0.0,0.0,0.0,0.18,2.15,-1.97,0,3,-3,-1.03,42.6,30.2,37.5,0.04,0.98,119,3,3,17,75.0,17.35,14.34,5,11,4,1,15,29.3,15.28,70.67,48.4,13.6,4.42,0,Porto 3-0 Moreirense,2026-03-15
Porto,2.15,0.18,1.97,2.15,0.18,1.97,0.0,0.0,0.0,2.15,0.18,1.97,3,0,3,1.03,57.4,69.8,47.98,0.98,0.04,250,15,17,3,17.35,75.0,8.81,11,5,11,4,14,162.4,84.72,75.33,51.6,293.87,95.58,2,Porto 3-0 Moreirense,2026-03-15
Estrela,1.37,2.27,-0.9,1.06,1.96,-0.9,0.31,0.31,0.0,1.37,2.27,-0.9,1,2,-1,-0.1,55.7,50.0,47.22,0.87,1.29,233,11,11,18,12.64,13.95,9.66,2,7,18,4,12,86.2,40.28,24.6,28.47,68.73,27.85,0,Rio Ave 2-1 Estrela,2026-03-15
Rio Ave,2.27,1.37,0.9,1.96,1.06,0.9,0.31,0.31,0.0,2.27,1.37,0.9,2,1,1,0.1,44.3,50.0,45.56,1.29,0.87,174,17,18,11,13.95,12.64,12.29,7,2,25,10,16,127.8,59.72,61.8,71.53,178.1,72.15,3,Rio Ave 2-1 Estrela,2026-03-15
Santa Clara,1.34,0.42,0.92,1.03,0.31,0.72,0.32,0.12,0.2,1.34,0.42,0.92,1,0,1,0.08,54.7,51.87,47.33,0.36,0.64,192,8,12,10,33.33,15.62,8.26,5,4,24,6,10,94.3,62.62,25.6,36.43,85.83,58.54,7,AVS 0-1 Santa Clara,2026-03-15
AVS,0.42,1.34,-0.92,0.31,1.03,-0.72,0.12,0.32,-0.2,0.42,1.34,-0.92,0,1,-1,-0.08,45.3,48.13,45.68,0.64,0.36,151,8,10,12,15.62,33.33,9.97,4,5,15,4,16,56.3,37.38,44.67,63.57,60.8,41.46,2,AVS 0-1 Santa Clara,2026-03-15
Estoril,1.79,1.17,0.62,1.33,0.68,0.65,0.45,0.48,-0.03,1.79,1.17,0.62,1,0,1,0.38,45.0,36.91,44.36,0.4,1.27,129,9,11,16,27.5,12.6,10.53,4,6,9,4,13,58.9,32.81,57.53,68.22,81.7,54.33,2,Nacional 0-1 Estoril,2026-03-15
Nacional,1.17,1.79,-0.62,0.68,1.33,-0.65,0.48,0.45,0.03,1.17,1.79,-0.62,0,1,-1,-0.38,55.0,63.09,48.67,1.27,0.4,219,22,16,11,12.6,27.5,7.8,6,4,32,5,16,120.6,67.19,26.8,31.78,68.67,45.67,7,Nacional 0-1 Estoril,2026-03-15
Benfica,2.72,2.57,0.15,1.63,1.81,-0.18,1.09,0.0,1.09,2.72,1.81,0.91,2,1,1,0.85,60.8,70.4,47.58,1.05,1.09,230,25,22,12,20.95,11.01,7.54,4,1,33,15,11,204.4,82.09,31.93,27.61,181.63,69.39,0,Arouca 1-2 Benfica,2026-03-14
Arouca,2.57,2.72,-0.15,1.81,1.63,0.18,0.0,1.09,-1.09,1.81,2.72,-0.91,1,2,-1,-0.85,39.2,29.6,38.65,1.09,1.05,85,10,12,22,11.01,20.95,14.5,1,4,11,2,17,44.6,17.91,83.73,72.39,80.13,30.61,0,Arouca 1-2 Benfica,2026-03-14
Alverca,2.0,1.08,0.92,1.76,1.06,0.7,0.25,0.02,0.23,2.0,1.08,0.92,2,2,0,-0.92,49.4,42.86,40.54,0.8,0.46,125,10,17,10,21.25,21.74,12.24,1,5,15,7,8,54.7,38.23,41.07,45.7,50.0,31.86,2,Gil Vicente 2-2 Alverca,2026-03-14
Gil Vicente,1.08,2.0,-0.92,1.06,1.76,-0.7,0.02,0.25,-0.23,1.08,2.0,-0.92,2,2,0,0.92,50.6,57.14,46.26,0.46,0.8,188,7,10,17,21.74,21.25,12.03,5,1,10,3,15,88.4,61.77,48.8,54.3,106.93,68.14,2,Gil Vicente 2-2 Alverca,2026-03-14
Famalicão,1.6,0.59,1.01,1.36,0.46,0.9,0.24,0.13,0.11,1.6,0.59,1.01,2,1,1,-0.01,55.2,53.65,44.61,0.77,0.32,181,17,13,12,16.88,37.5,9.68,3,4,23,11,13,104.9,51.47,23.13,25.66,93.93,45.46,1,Vitória Guimarães 1-2 Famalicão,2026-03-14
Vitória Guimarães,0.59,1.6,-1.01,0.46,1.36,-0.9,0.13,0.24,-0.11,0.59,1.6,-1.01,1,2,-1,0.01,44.8,46.35,44.67,0.32,0.77,170,9,12,13,37.5,16.88,8.3,4,3,16,3,22,98.9,48.53,67.0,74.34,112.7,54.54,2,Vitória Guimarães 1-2 Famalicão,2026-03-14
Rio Ave,1.29,0.72,0.57,0.53,0.69,-0.16,0.0,0.02,-0.02,0.53,0.72,-0.19,1,0,1,0.43,52.4,61.95,49.25,0.3,0.34,238,9,9,6,30.0,17.65,11.21,6,5,9,2,14,139.4,77.53,56.33,51.02,154.27,77.19,1,Tondela 0-1 Rio Ave,2026-03-09
Tondela,0.72,1.29,-0.57,0.69,0.53,0.16,0.02,0.0,0.02,0.72,0.53,0.19,0,1,-1,-0.43,47.6,38.05,39.83,0.34,0.3,146,8,6,9,17.65,30.0,10.14,5,6,16,3,15,40.4,22.47,54.07,48.98,45.6,22.81,5,Tondela 0-1 Rio Ave,2026-03-09
Vitória Guimarães,1.4,0.96,0.44,1.32,0.96,0.36,0.08,0.0,0.08,1.4,0.96,0.44,0,2,-2,-2.44,60.7,55.45,47.65,0.63,0.6,231,9,14,6,22.22,10.0,5.91,3,7,19,4,15,94.5,70.58,20.4,25.48,52.93,29.85,2,Santa Clara 2-0 Vitória Guimarães,2026-03-08
Santa Clara,0.96,1.4,-0.44,0.96,1.32,-0.36,0.0,0.08,-0.08,0.96,1.4,-0.44,2,0,2,2.44,39.3,44.55,45.53,0.6,0.63,134,11,6,14,10.0,22.22,8.8,7,3,10,2,26,39.4,29.42,59.67,74.52,124.37,70.15,2,Santa Clara 2-0 Vitória Guimarães,2026-03-08
Porto,2.56,1.77,0.79,2.53,1.68,0.85,0.03,0.09,-0.06,2.56,1.77,0.79,2,2,0,-0.79,40.9,30.62,40.62,0.52,0.56,122,6,14,20,26.92,35.71,9.05,8,8,7,2,17,24.5,14.16,61.27,68.38,70.23,47.93,1,Benfica 2-2 Porto,2026-03-08
Benfica,1.77,2.56,-0.79,1.68,2.53,-0.85,0.09,0.03,0.06,1.77,2.56,-0.79,2,2,0,0.79,59.1,69.38,51.12,0.56,0.52,259,14,20,14,35.71,26.92,6.58,8,8,31,8,11,148.5,85.84,28.33,31.62,76.3,52.07,0,Benfica 2-2 Porto,2026-03-08
Gil Vicente,2.4,2.05,0.35,1.61,2.05,-0.44,0.04,0.0,0.04,1.64,2.05,-0.41,2,2,0,-0.35,52.7,72.66,53.56,0.55,0.26,254,12,19,9,34.55,34.62,8.16,11,3,25,8,17,168.0,89.08,71.0,64.74,204.13,94.27,3,Estrela 2-2 Gil Vicente,2026-03-08
Estrela,2.05,2.4,-0.35,2.05,1.61,0.44,0.0,0.04,-0.04,2.05,1.64,0.41,2,2,0,0.35,47.3,27.34,37.85,0.26,0.55,102,5,9,19,34.62,34.55,8.97,3,11,5,0,16,20.6,10.92,38.67,35.26,12.4,5.73,3,Estrela 2-2 Gil Vicente,2026-03-08
Casa Pia,1.44,0.64,0.8,1.43,0.37,1.06,0.01,0.27,-0.26,1.44,0.64,0.8,0,0,0,-0.8,36.9,43.36,45.09,0.61,0.41,122,9,9,9,14.75,21.95,16.55,4,6,23,5,12,51.5,33.14,131.73,93.92,144.27,66.26,2,Estoril 0-0 Casa Pia,2026-03-07
Estoril,0.64,1.44,-0.8,0.37,1.43,-1.06,0.27,0.01,0.26,0.64,1.44,-0.8,0,0,0,0.8,63.1,56.64,46.14,0.41,0.61,248,5,9,9,21.95,14.75,10.58,6,4,12,4,10,103.9,66.86,8.53,6.08,73.47,33.74,0,Estoril 0-0 Casa Pia,2026-03-07
Sporting CP,1.96,1.37,0.59,0.83,0.47,0.36,0.37,0.15,0.22,1.2,0.61,0.59,2,2,0,-0.59,34.7,28.06,42.19,0.16,0.32,139,9,14,10,87.5,31.25,18.46,2,6,8,5,13,61.8,23.7,135.33,88.03,115.27,63.58,0,Sporting Braga 2-2 Sporting CP,2026-03-07
Sporting Braga,1.37,1.96,-0.59,0.47,0.83,-0.36,0.15,0.37,-0.22,0.61,1.2,-0.59,2,2,0,0.59,65.3,71.94,50.11,0.32,0.16,362,16,10,14,31.25,87.5,8.94,6,2,16,6,17,199.0,76.3,18.4,11.97,66.03,36.42,1,Sporting Braga 2-2 Sporting CP,2026-03-07
Nacional,2.15,1.58,0.57,2.01,1.5,0.51,0.14,0.09,0.05,2.15,1.58,0.57,1,1,0,-0.57,53.9,66.32,49.22,0.65,0.51,254,13,20,7,30.77,13.73,9.18,10,5,30,7,13,156.1,75.63,37.27,42.97,140.0,74.51,6,Moreirense 1-1 Nacional,2026-03-07
Moreirense,1.58,2.15,-0.57,1.5,2.01,-0.51,0.09,0.14,-0.05,1.58,2.15,-0.57,1,1,0,0.57,46.1,33.68,40.05,0.51,0.65,114,8,7,20,13.73,30.77,12.66,5,10,15,4,13,50.3,24.37,49.47,57.03,47.9,25.49,0,Moreirense 1-1 Nacional,2026-03-07
AVS,0.93,1.13,-0.2,0.93,0.92,0.01,0.0,0.21,-0.21,0.93,1.13,-0.2,0,0,0,0.2,30.7,29.58,45.13,0.13,0.73,104,4,12,17,92.31,23.29,14.37,8,7,8,0,13,19.6,11.83,111.4,98.18,71.83,44.66,5,Alverca 0-0 AVS,2026-03-07
Alverca,1.13,0.93,0.2,0.92,0.93,-0.01,0.21,0.0,0.21,1.13,0.93,0.2,0,0,0,-0.2,69.3,70.42,48.77,0.73,0.13,273,12,17,12,23.29,92.31,6.66,7,8,39,8,7,146.1,88.17,2.07,1.82,89.0,55.34,5,Alverca 0-0 AVS,2026-03-07
Arouca,0.51,0.98,-0.47,0.51,0.67,-0.16,0.0,0.31,-0.31,0.51,0.98,-0.47,0,1,-1,-0.53,45.8,36.7,37.08,0.75,0.84,112,8,10,12,13.33,14.29,12.77,7,8,7,1,16,42.0,27.15,45.53,38.63,52.7,25.57,3,Famalicão 1-0 Arouca,2026-03-06
Famalicão,0.98,0.51,0.47,0.67,0.51,0.16,0.31,0.0,0.31,0.98,0.51,0.47,1,0,1,0.53,54.2,63.3,46.57,0.84,0.75,202,19,12,10,14.29,13.33,10.08,8,7,29,5,12,112.7,72.85,72.33,61.37,153.4,74.43,2,Famalicão 1-0 Arouca,2026-03-06
Benfica,2.06,0.88,1.18,1.18,0.64,0.54,0.88,0.25,0.63,2.06,0.88,1.18,2,1,1,-0.18,50.9,61.15,48.38,1.09,0.79,200,18,11,13,10.09,16.46,10.66,7,5,12,3,12,134.8,60.42,49.8,57.37,146.77,68.35,2,Gil Vicente 1-2 Benfica,2026-03-02
Gil Vicente,0.88,2.06,-1.18,0.64,1.18,-0.54,0.25,0.88,-0.63,0.88,2.06,-1.18,1,2,-1,0.18,49.1,38.85,43.26,0.79,1.09,155,14,13,11,16.46,10.09,10.9,5,7,16,5,16,88.3,39.58,37.0,42.63,67.97,31.65,6,Gil Vicente 1-2 Benfica,2026-03-02
Famalicão,1.13,1.41,-0.28,1.08,1.28,-0.2,0.04,0.14,-0.1,1.13,1.41,-0.28,0,0,0,0.28,54.1,52.0,42.35,0.71,0.63,155,19,10,16,14.08,25.4,5.98,6,5,17,5,15,72.1,54.79,25.87,32.28,66.4,44.68,2,Rio Ave 0-0 Famalicão,2026-03-01
Rio Ave,1.41,1.13,0.28,1.28,1.08,0.2,0.14,0.04,0.1,1.41,1.13,0.28,0,0,0,-0.28,45.9,48.0,43.87,0.63,0.71,128,12,16,10,25.4,14.08,8.27,5,6,20,5,19,59.5,45.21,54.27,67.72,82.2,55.32,0,Rio Ave 0-0 Famalicão,2026-03-01
Moreirense,1.76,1.14,0.62,0.83,0.38,0.45,0.17,0.0,0.17,1.0,0.38,0.62,1,1,0,-0.62,63.5,53.54,41.29,0.68,0.6,179,13,12,7,17.65,11.67,7.28,4,3,25,7,12,112.6,67.59,14.4,10.34,85.63,36.57,1,Casa Pia 1-1 Moreirense,2026-03-01
Casa Pia,1.14,1.76,-0.62,0.38,0.83,-0.45,0.0,0.17,-0.17,0.38,1.0,-0.62,1,1,0,0.62,36.5,46.46,44.96,0.6,0.68,138,11,7,12,11.67,17.65,12.58,3,4,14,1,22,54.0,32.41,124.87,89.66,148.5,63.43,3,Casa Pia 1-1 Moreirense,2026-03-01
Santa Clara,1.91,1.37,0.54,1.02,0.56,0.46,0.12,0.05,0.07,1.15,0.61,0.54,2,2,0,-0.54,58.4,58.27,49.23,0.66,0.34,204,14,17,11,25.76,32.35,7.21,4,2,28,7,15,86.7,68.92,18.27,31.53,70.9,57.83,11,Tondela 2-2 Santa Clara,2026-03-01
Tondela,1.37,1.91,-0.54,0.56,1.02,-0.46,0.05,0.12,-0.07,0.61,1.15,-0.54,2,2,0,0.54,41.6,41.73,44.72,0.34,0.66,111,11,11,17,32.35,25.76,9.66,2,4,11,4,15,39.1,31.08,39.67,68.47,51.7,42.17,1,Tondela 2-2 Santa Clara,2026-03-01
Alverca,2.03,1.56,0.47,1.86,1.56,0.3,0.17,0.0,0.17,2.03,1.56,0.47,1,1,0,-0.47,47.3,44.65,44.62,0.7,0.31,182,12,11,15,15.71,48.39,12.76,3,7,27,11,5,71.8,36.52,45.87,59.57,69.8,36.67,0,Vitória Guimarães 1-1 Alverca,2026-02-28
Vitória Guimarães,1.56,2.03,-0.47,1.56,1.86,-0.3,0.0,0.17,-0.17,1.56,2.03,-0.47,1,1,0,0.47,52.7,55.35,51.38,0.31,0.7,270,7,15,11,48.39,15.71,10.24,7,3,18,0,16,124.8,63.48,31.13,40.43,120.57,63.33,3,Vitória Guimarães 1-1 Alverca,2026-02-28
Sporting Braga,2.9,1.36,1.54,1.43,1.13,0.3,0.71,0.23,0.48,2.14,1.36,0.78,2,1,1,-0.54,62.6,61.7,45.96,0.9,0.6,249,23,20,14,22.22,23.33,9.03,4,5,20,6,15,186.1,84.86,35.6,24.14,139.37,75.21,0,Nacional 1-2 Sporting Braga,2026-02-28
Nacional,1.36,2.9,-1.54,1.13,1.43,-0.3,0.23,0.71,-0.48,1.36,2.14,-0.78,1,2,-1,0.54,37.4,38.3,44.06,0.6,0.9,150,11,14,20,23.33,22.22,16.66,5,4,10,3,15,33.2,15.14,111.87,75.86,45.93,24.79,3,Nacional 1-2 Sporting Braga,2026-02-28
Estrela,0.97,1.02,-0.05,0.49,0.99,-0.5,0.48,0.03,0.45,0.97,1.02,-0.05,0,0,0,0.05,58.0,46.84,47.33,0.84,0.79,205,10,16,11,19.05,13.92,8.03,3,7,31,9,9,81.9,48.69,8.47,10.25,42.77,27.49,1,AVS 0-0 Estrela,2026-02-28
AVS,1.02,0.97,0.05,0.99,0.49,0.5,0.03,0.48,-0.45,1.02,0.97,0.05,0,0,0,-0.05,42.0,53.16,49.35,0.79,0.84,161,16,11,16,13.92,19.05,11.61,7,3,20,7,17,86.3,51.31,74.13,89.75,112.83,72.51,7,AVS 0-0 Estrela,2026-02-28
Estoril,0.85,3.16,-2.31,0.85,2.91,-2.06,0.0,0.25,-0.25,0.85,3.16,-2.31,0,3,-3,-0.69,47.2,47.37,49.53,0.55,0.66,243,8,7,14,12.73,21.21,13.06,8,6,10,1,16,98.1,46.87,103.47,77.29,74.17,31.31,1,Sporting CP 3-0 Estoril,2026-02-27
Sporting CP,3.16,0.85,2.31,2.91,0.85,2.06,0.25,0.0,0.25,3.16,0.85,2.31,3,0,3,0.69,52.8,52.63,46.16,0.66,0.55,254,10,14,7,21.21,12.73,11.45,6,8,14,4,9,111.2,53.13,30.4,22.71,162.73,68.69,0,Sporting CP 3-0 Estoril,2026-02-27
Arouca,0.39,3.46,-3.07,0.39,2.7,-2.31,0.0,0.0,0.0,0.39,2.7,-2.31,1,3,-2,1.07,42.8,22.48,34.57,0.26,1.13,79,4,7,20,26.92,17.7,13.0,3,10,8,1,14,28.6,14.35,58.8,51.94,30.47,13.11,0,Porto 3-1 Arouca,2026-02-27
Porto,3.46,0.39,3.07,2.7,0.39,2.31,0.0,0.0,0.0,2.7,0.39,2.31,3,1,2,-1.07,57.2,77.52,48.48,1.13,0.26,245,13,20,7,17.7,26.92,8.11,10,3,22,5,11,170.7,85.65,54.4,48.06,201.97,86.89,2,Porto 3-1 Arouca,2026-02-27
Casa Pia,0.54,3.05,-2.51,0.43,2.31,-1.88,0.11,0.73,-0.62,0.54,3.05,-2.51,0,2,-2,0.51,38.7,38.51,43.66,0.44,1.09,116,10,7,24,15.91,22.02,10.03,6,7,23,7,17,29.4,13.26,77.13,78.66,25.17,12.71,3,Famalicão 2-0 Casa Pia,2026-02-23
Famalicão,3.05,0.54,2.51,2.31,0.43,1.88,0.73,0.11,0.62,3.05,0.54,2.51,2,0,2,-0.51,61.3,61.49,48.04,1.09,0.44,229,20,24,7,22.02,15.91,6.03,7,6,25,7,17,192.4,86.74,20.93,21.34,172.83,87.29,3,Famalicão 2-0 Casa Pia,2026-02-23
Rio Ave,0.43,2.62,-2.19,0.43,2.37,-1.94,0.0,0.26,-0.26,0.43,2.62,-2.19,0,1,-1,1.19,44.8,26.92,37.95,0.21,1.24,125,2,6,16,28.57,12.9,9.02,6,6,5,1,16,31.6,14.52,27.73,29.11,24.1,8.57,0,Porto 1-0 Rio Ave,2026-02-22
Porto,2.62,0.43,2.19,2.37,0.43,1.94,0.26,0.0,0.26,2.62,0.43,2.19,1,0,1,-1.19,55.2,73.08,49.5,1.24,0.21,265,10,16,6,12.9,28.57,9.14,6,6,28,10,14,186.0,85.48,67.53,70.89,257.0,91.43,0,Porto 1-0 Rio Ave,2026-02-22
Gil Vicente,2.76,1.88,0.88,1.89,1.63,0.26,0.11,0.25,-0.14,2.0,1.88,0.12,1,3,-2,-2.88,52.1,48.2,45.64,0.62,1.36,176,17,12,10,19.35,7.35,8.97,6,7,15,4,8,104.0,49.93,27.0,38.28,79.03,44.43,6,Estoril 3-1 Gil Vicente,2026-02-22
Estoril,1.88,2.76,-0.88,1.63,1.89,-0.26,0.25,0.11,0.14,1.88,2.0,-0.12,3,1,2,2.88,47.9,51.8,48.1,1.36,0.62,174,15,10,12,7.35,19.35,9.35,7,6,14,1,13,104.3,50.07,43.53,61.72,98.83,55.57,4,Estoril 3-1 Gil Vicente,2026-02-22
Vitória Guimarães,1.19,2.36,-1.17,1.19,1.6,-0.41,0.0,0.0,0.0,1.19,1.6,-0.41,2,3,-1,0.17,54.1,50.0,39.21,0.68,0.31,143,12,10,7,14.71,22.58,9.38,5,7,9,2,10,67.7,47.71,39.07,28.74,28.22,11.08,1,Sporting Braga 3-2 Vitória Guimarães,2026-02-21
Sporting Braga,2.36,1.19,1.17,1.6,1.19,0.41,0.0,0.0,0.0,1.6,1.19,0.41,3,2,1,-0.17,45.9,50.0,41.23,0.31,0.68,142,8,7,10,22.58,14.71,11.28,7,5,5,0,17,74.2,52.29,96.87,71.26,226.42,88.92,0,Sporting Braga 3-2 Vitória Guimarães,2026-02-21
Sporting CP,1.67,0.51,1.16,1.39,0.36,1.03,0.28,0.15,0.13,1.67,0.51,1.16,3,0,3,1.84,62.7,71.38,48.33,1.01,0.28,309,20,15,6,14.85,21.43,10.55,8,5,20,8,14,169.5,79.47,26.4,15.05,108.73,59.56,0,Moreirense 0-3 Sporting CP,2026-02-21
Moreirense,0.51,1.67,-1.16,0.36,1.39,-1.03,0.15,0.28,-0.13,0.51,1.67,-1.16,0,3,-3,-1.84,37.3,28.62,40.72,0.28,1.01,127,9,6,15,21.43,14.85,16.1,5,8,10,1,12,43.8,20.53,149.0,84.95,73.83,40.44,1,Moreirense 0-3 Sporting CP,2026-02-21
AVS,0.15,3.45,-3.3,0.09,3.24,-3.15,0.06,0.21,-0.15,0.15,3.45,-3.3,0,3,-3,0.3,35.7,26.34,44.71,0.15,2.17,124,3,3,22,20.0,10.14,14.92,7,3,14,1,14,4.3,1.45,80.8,77.79,4.64,0.98,2,Benfica 3-0 AVS,2026-02-21
Benfica,3.45,0.15,3.3,3.24,0.09,3.15,0.21,0.06,0.15,3.45,0.15,3.3,3,0,3,-0.3,64.3,73.66,56.91,2.17,0.15,361,28,22,3,10.14,20.0,11.61,3,7,31,10,7,292.2,98.55,23.07,22.21,469.63,99.02,1,Benfica 3-0 AVS,2026-02-21
Nacional,1.63,1.91,-0.28,1.42,1.9,-0.48,0.2,0.01,0.19,1.63,1.91,-0.28,0,3,-3,-2.72,39.1,53.14,46.35,0.84,0.65,141,13,15,10,17.86,15.38,12.7,1,3,11,1,13,84.8,53.74,91.2,86.96,104.17,55.74,4,Arouca 3-0 Nacional,2026-02-21
Arouca,1.91,1.63,0.28,1.9,1.42,0.48,0.01,0.2,-0.19,1.91,1.63,0.28,3,0,3,2.72,60.9,46.86,41.96,0.65,0.84,159,10,10,15,15.38,17.86,9.5,3,1,15,4,13,73.0,46.26,13.67,13.04,82.73,44.26,2,Arouca 3-0 Nacional,2026-02-21
Santa Clara,0.7,1.73,-1.03,0.66,0.74,-0.08,0.04,0.24,-0.2,0.7,0.97,-0.27,1,1,0,1.03,55.2,56.23,49.73,0.58,0.26,218,9,16,7,27.59,26.92,9.33,1,2,22,2,14,101.0,72.71,30.73,38.19,90.07,57.54,2,Alverca 1-1 Santa Clara,2026-02-21
Alverca,1.73,0.7,1.03,0.74,0.66,0.08,0.24,0.04,0.2,0.97,0.7,0.27,1,1,0,-1.03,44.8,43.77,45.34,0.26,0.58,154,7,7,16,26.92,27.59,11.94,2,1,11,5,16,37.9,27.29,49.73,61.81,66.47,42.46,2,Alverca 1-1 Santa Clara,2026-02-21
Tondela,1.44,1.26,0.18,0.68,1.13,-0.45,0.0,0.12,-0.12,0.68,1.26,-0.58,2,0,2,1.82,33.3,32.67,45.82,0.35,1.2,113,11,11,15,31.43,12.5,13.48,6,5,13,3,17,49.9,24.39,123.2,90.72,108.53,77.05,2,Estrela 0-2 Tondela,2026-02-20
Estrela,1.26,1.44,-0.18,1.13,0.68,0.45,0.12,0.0,0.12,1.26,0.68,0.58,0,2,-2,-1.82,66.7,67.33,51.21,1.2,0.35,293,16,15,11,12.5,31.43,8.0,5,6,30,5,12,154.7,75.61,12.6,9.28,32.33,22.95,3,Estrela 0-2 Tondela,2026-02-20
Moreirense,0.84,1.84,-1.0,0.84,1.61,-0.77,0.0,0.24,-0.24,0.84,1.84,-1.0,2,1,1,2.0,40.3,25.19,37.39,0.39,0.54,107,6,6,18,15.38,33.33,11.46,2,11,4,1,24,17.9,9.89,75.07,61.77,49.03,27.58,0,Rio Ave 1-2 Moreirense,2026-02-16
Rio Ave,1.84,0.84,1.0,1.61,0.84,0.77,0.24,0.0,0.24,1.84,0.84,1.0,1,2,-1,-2.0,59.7,74.81,49.37,0.54,0.39,289,17,18,6,33.33,15.38,6.2,11,2,31,7,17,163.0,90.11,46.47,38.23,128.73,72.42,0,Rio Ave 1-2 Moreirense,2026-02-16
Famalicão,0.41,2.66,-2.25,0.41,2.34,-1.93,0.0,0.31,-0.31,0.41,2.66,-2.25,0,1,-1,1.25,30.1,17.61,39.8,0.08,1.23,75,3,2,22,25.0,17.89,14.0,2,6,7,1,19,2.7,0.81,137.13,89.48,12.43,5.25,4,Sporting CP 1-0 Famalicão,2026-02-15
Sporting CP,2.66,0.41,2.25,2.34,0.41,1.93,0.31,0.0,0.31,2.66,0.41,2.25,1,0,1,-1.25,69.9,82.39,54.85,1.23,0.08,381,28,22,2,17.89,25.0,5.0,6,2,30,14,17,329.9,99.19,16.13,10.52,224.33,94.75,0,Sporting CP 1-0 Famalicão,2026-02-15
Estoril,1.04,1.22,-0.18,0.84,1.15,-0.31,0.19,0.07,0.12,1.04,1.22,-0.18,0,3,-3,-2.82,70.9,72.14,52.37,1.06,0.26,369,17,12,15,11.32,57.69,8.23,3,9,35,9,10,206.3,85.85,1.67,1.38,113.3,60.96,0,AVS 3-0 Estoril,2026-02-15
AVS,1.22,1.04,0.18,1.15,0.84,0.31,0.07,0.19,-0.12,1.22,1.04,0.18,3,0,3,2.82,29.1,27.86,44.4,0.26,1.06,107,6,15,12,57.69,11.32,14.67,9,3,16,9,9,34.0,14.15,119.13,98.62,72.57,39.04,2,AVS 3-0 Estoril,2026-02-15
Porto,0.55,0.93,-0.38,0.29,0.64,-0.35,0.27,0.29,-0.02,0.55,0.93,-0.38,1,0,1,1.38,53.0,55.51,49.6,0.24,0.59,183,14,8,9,33.33,15.25,10.3,5,9,24,8,11,99.4,62.01,33.07,53.51,105.9,65.75,5,Nacional 0-1 Porto,2026-02-15
Nacional,0.93,0.55,0.38,0.64,0.29,0.35,0.29,0.27,0.02,0.93,0.55,0.38,0,1,-1,-1.38,47.0,44.49,46.38,0.59,0.24,147,9,9,8,15.25,33.33,8.79,9,5,22,5,13,60.9,37.99,28.73,46.49,55.17,34.25,5,Nacional 0-1 Porto,2026-02-15
Sporting Braga,0.55,1.66,-1.11,0.39,1.38,-0.99,0.16,0.27,-0.11,0.55,1.66,-1.11,1,2,-1,0.11,49.7,51.8,45.9,0.31,0.4,193,13,11,15,35.48,37.5,9.92,4,3,19,6,18,106.9,49.35,40.6,39.73,96.37,47.58,0,Gil Vicente 2-1 Sporting Braga,2026-02-14
Gil Vicente,1.66,0.55,1.11,1.38,0.39,0.99,0.27,0.16,0.11,1.66,0.55,1.11,2,1,1,-0.11,50.3,48.2,45.58,0.4,0.31,185,10,15,11,37.5,35.48,12.32,3,4,23,5,7,109.7,50.65,61.6,60.27,106.17,52.42,6,Gil Vicente 2-1 Sporting Braga,2026-02-14
Estrela,1.08,2.11,-1.03,1.04,1.18,-0.14,0.05,0.93,-0.88,1.08,2.11,-1.03,1,2,-1,0.03,46.3,21.64,36.7,0.31,1.02,103,5,6,20,19.35,19.61,10.94,1,9,8,2,18,13.6,6.09,31.8,37.24,11.67,5.31,0,Vitória Guimarães 2-1 Estrela,2026-02-14
Vitória Guimarães,2.11,1.08,1.03,1.18,1.04,0.14,0.93,0.05,0.88,2.11,1.08,1.03,2,1,1,-0.03,53.7,78.36,53.54,1.02,0.31,266,21,20,6,19.61,19.35,7.07,9,1,30,9,13,209.6,93.91,53.6,62.76,208.27,94.69,3,Vitória Guimarães 2-1 Estrela,2026-02-14
Arouca,0.98,2.46,-1.48,0.98,1.67,-0.69,0.0,0.03,-0.03,0.98,1.7,-0.72,2,3,-1,0.48,69.0,61.05,49.31,0.6,0.55,269,8,9,11,15.0,20.0,5.45,5,3,23,3,8,91.8,60.36,14.93,10.61,27.54,16.15,7,Casa Pia 3-2 Arouca,2026-02-14
Casa Pia,2.46,0.98,1.48,1.67,0.98,0.69,0.03,0.0,0.03,1.7,0.98,0.72,3,2,1,-0.48,31.0,38.95,48.71,0.55,0.6,116,8,11,9,20.0,15.0,15.89,3,5,15,2,21,60.3,39.64,125.73,89.39,142.99,83.85,1,Casa Pia 3-2 Arouca,2026-02-14
Alverca,0.93,1.6,-0.67,0.66,1.35,-0.69,0.28,0.25,0.03,0.93,1.6,-0.67,1,1,0,0.67,40.6,38.4,48.6,0.45,1.94,152,12,10,18,22.22,9.28,16.0,3,6,16,5,10,49.4,22.45,88.2,81.57,75.5,48.89,1,Tondela 1-1 Alverca,2026-02-13
Tondela,1.6,0.93,0.67,1.35,0.66,0.69,0.25,0.28,-0.03,1.6,0.93,0.67,1,1,0,-0.67,59.4,61.6,52.37,1.94,0.45,299,27,18,10,9.28,22.22,6.85,6,3,48,11,14,170.6,77.55,19.93,18.43,78.93,51.11,3,Tondela 1-1 Alverca,2026-02-13
Benfica,2.62,0.29,2.33,2.57,0.15,2.42,0.06,0.14,-0.08,2.62,0.29,2.33,2,1,1,-1.33,47.7,50.0,48.61,1.64,0.21,198,20,12,9,7.32,42.86,9.82,6,8,17,7,5,115.4,69.56,66.07,71.4,150.63,71.47,0,Santa Clara 1-2 Benfica,2026-02-13
Santa Clara,0.29,2.62,-2.33,0.15,2.57,-2.42,0.14,0.06,0.08,0.29,2.62,-2.33,1,2,-1,1.33,52.3,50.0,44.76,0.21,1.64,189,3,9,12,42.86,7.32,7.67,8,6,12,1,23,50.5,30.44,26.47,28.6,60.13,28.53,1,Santa Clara 1-2 Benfica,2026-02-13
Sporting CP,1.53,0.87,0.66,0.56,0.87,-0.31,0.21,0.0,0.21,0.77,0.87,-0.1,1,1,0,-0.66,55.1,57.31,46.96,0.33,0.27,234,6,11,8,33.33,29.63,11.5,1,5,23,8,12,133.3,60.23,50.93,38.74,90.97,54.07,0,Porto 1-1 Sporting CP,2026-02-09
Porto,0.87,1.53,-0.66,0.87,0.56,0.31,0.0,0.21,-0.21,0.87,0.77,0.1,1,1,0,0.66,44.9,42.69,48.2,0.27,0.33,189,9,8,11,29.63,33.33,12.71,5,1,9,1,14,88.0,39.77,80.53,61.26,77.27,45.93,2,Porto 1-1 Sporting CP,2026-02-09
AVS,0.55,2.41,-1.86,0.54,2.15,-1.61,0.01,0.26,-0.25,0.55,2.41,-1.86,1,3,-2,-0.14,34.7,27.52,37.15,0.23,0.88,81,7,7,14,30.43,15.91,15.92,3,5,12,2,14,4.8,2.43,104.47,85.81,19.77,9.83,6,Famalicão 3-1 AVS,2026-02-09
Famalicão,2.41,0.55,1.86,2.15,0.54,1.61,0.26,0.01,0.25,2.41,0.55,1.86,3,1,2,0.14,65.3,72.48,49.68,0.88,0.23,285,14,14,7,15.91,30.43,8.09,5,3,29,7,9,192.5,97.57,17.27,14.19,181.3,90.17,2,Famalicão 3-1 AVS,2026-02-09
Alverca,0.78,2.73,-1.95,0.53,2.41,-1.88,0.24,0.32,-0.08,0.78,2.73,-1.95,1,2,-1,0.95,37.1,25.15,41.61,0.5,1.3,100,6,6,29,12.0,22.31,11.5,5,8,6,1,18,7.9,3.08,52.4,78.21,15.87,6.31,0,Benfica 2-1 Alverca,2026-02-08
Benfica,2.73,0.78,1.95,2.41,0.53,1.88,0.32,0.24,0.08,2.73,0.78,1.95,2,1,1,-0.95,62.9,74.85,55.22,1.3,0.5,323,28,29,6,22.31,12.0,6.58,8,5,36,9,11,248.7,96.92,14.6,21.79,235.67,93.69,1,Benfica 2-1 Alverca,2026-02-08
Rio Ave,0.16,2.87,-2.71,0.14,2.84,-2.7,0.01,0.04,-0.03,0.16,2.87,-2.71,0,3,-3,-0.29,36.8,15.97,33.14,0.1,0.74,80,1,7,15,70.0,20.27,23.05,4,13,12,1,8,15.2,4.68,84.27,53.86,9.0,2.07,0,Sporting Braga 3-0 Rio Ave,2026-02-08
Sporting Braga,2.87,0.16,2.71,2.84,0.14,2.7,0.04,0.01,0.03,2.87,0.16,2.71,3,0,3,0.29,63.2,84.03,55.4,0.74,0.1,470,22,15,7,20.27,70.0,8.54,13,4,28,9,14,309.6,95.32,72.2,46.14,425.77,97.93,1,Sporting Braga 3-0 Rio Ave,2026-02-08
Casa Pia,0.95,1.15,-0.2,0.91,0.65,0.26,0.04,0.5,-0.46,0.95,1.15,-0.2,0,0,0,0.2,32.3,31.34,47.41,0.6,0.83,110,7,9,21,15.0,25.3,11.13,7,1,14,1,11,35.7,17.38,91.6,90.81,61.07,35.14,1,Nacional 0-0 Casa Pia,2026-02-08
Nacional,1.15,0.95,0.2,0.65,0.91,-0.26,0.5,0.04,0.46,1.15,0.95,0.2,0,0,0,-0.2,67.7,68.66,51.01,0.83,0.6,320,19,21,9,25.3,15.0,5.97,1,7,35,12,15,169.7,82.62,9.27,9.19,112.73,64.86,3,Nacional 0-0 Casa Pia,2026-02-08
Vitória Guimarães,1.65,1.83,-0.18,1.33,1.61,-0.28,0.32,0.22,0.1,1.65,1.83,-0.18,2,3,-1,-0.82,49.4,57.09,47.85,0.56,0.41,192,9,14,10,25.0,24.39,9.95,2,7,23,6,15,118.0,61.39,58.47,66.04,137.77,74.17,3,Arouca 3-2 Vitória Guimarães,2026-02-07
Arouca,1.83,1.65,0.18,1.61,1.33,0.28,0.22,0.32,-0.1,1.83,1.65,0.18,3,2,1,0.82,50.6,42.91,41.31,0.41,0.56,135,6,10,14,24.39,25.0,6.89,7,2,13,1,19,74.2,38.61,30.07,33.96,47.97,25.83,1,Arouca 3-2 Vitória Guimarães,2026-02-07
Tondela,1.45,1.56,-0.11,1.43,1.23,0.2,0.02,0.32,-0.3,1.45,1.56,-0.11,2,2,0,0.11,32.4,22.74,41.4,0.33,0.73,116,5,6,15,18.18,20.55,22.29,2,6,10,4,8,13.0,5.28,128.27,91.19,38.63,28.11,2,Estoril 2-2 Tondela,2026-02-07
Estoril,1.56,1.45,0.11,1.23,1.43,-0.2,0.32,0.02,0.3,1.56,1.45,0.11,2,2,0,-0.11,67.6,77.26,52.7,0.73,0.33,405,9,15,6,20.55,18.18,10.37,6,2,16,5,8,233.0,94.72,12.4,8.81,98.77,71.89,0,Estoril 2-2 Tondela,2026-02-07
Santa Clara,1.99,1.14,0.85,1.78,1.12,0.66,0.21,0.02,0.19,1.99,1.14,0.85,0,1,-1,-1.85,54.9,58.63,48.53,1.06,0.67,225,21,17,12,16.04,17.91,9.73,8,7,26,6,9,117.7,68.19,43.6,46.58,90.27,68.37,0,Estrela 1-0 Santa Clara,2026-02-07
Estrela,1.14,1.99,-0.85,1.12,1.78,-0.66,0.02,0.21,-0.19,1.14,1.99,-0.85,1,0,1,1.85,45.1,41.37,45.9,0.67,1.06,156,8,12,17,17.91,16.04,9.63,7,8,15,3,15,54.9,31.81,50.0,53.42,41.77,31.63,3,Estrela 1-0 Santa Clara,2026-02-07
Gil Vicente,2.28,0.16,2.12,1.34,0.16,1.18,0.17,0.0,0.17,1.52,0.16,1.36,2,1,1,-1.12,58.4,73.03,50.39,1.31,0.16,275,11,15,3,11.45,18.75,9.32,6,4,34,6,15,235.9,87.6,67.27,46.46,221.0,90.55,3,Moreirense 1-2 Gil Vicente,2026-02-07
Moreirense,0.16,2.28,-2.12,0.16,1.34,-1.18,0.0,0.17,-0.17,0.16,1.52,-1.36,1,2,-1,1.12,41.6,26.97,36.4,0.16,1.31,101,9,3,15,18.75,11.45,11.16,4,6,7,3,18,33.4,12.4,77.53,53.54,23.07,9.45,1,Moreirense 1-2 Gil Vicente,2026-02-07
Porto,2.8,0.82,1.98,1.92,0.82,1.1,0.88,0.0,0.88,2.8,0.82,1.98,1,2,-1,-2.98,68.9,74.03,56.93,1.27,0.43,441,22,15,6,11.81,13.95,6.13,5,0,39,10,14,243.8,85.33,4.4,3.76,147.77,65.01,0,Casa Pia 2-1 Porto,2026-02-02
Casa Pia,0.82,2.8,-1.98,0.82,1.92,-1.1,0.0,0.88,-0.88,0.82,2.8,-1.98,2,1,1,2.98,31.1,25.97,43.5,0.43,1.27,98,3,6,15,13.95,11.81,18.5,0,5,7,0,14,41.9,14.67,112.6,96.24,79.53,34.99,0,Casa Pia 2-1 Porto,2026-02-02
Sporting Braga,3.61,0.87,2.74,3.45,0.87,2.58,0.15,0.0,0.15,3.61,0.87,2.74,4,0,4,1.26,66.4,72.05,48.4,1.12,0.46,353,17,10,8,8.93,17.39,11.56,9,5,12,4,6,210.6,89.16,4.93,3.24,128.77,76.72,0,AVS 0-4 Sporting Braga,2026-02-02
AVS,0.87,3.61,-2.74,0.87,3.45,-2.58,0.0,0.15,-0.15,0.87,3.61,-2.74,0,4,-4,-1.26,33.6,27.95,43.04,0.46,1.12,132,5,8,10,17.39,8.93,35.93,5,9,14,1,3,25.6,10.84,147.13,96.76,39.07,23.28,2,AVS 0-4 Sporting Braga,2026-02-02
Benfica,3.27,0.49,2.78,3.12,0.49,2.63,0.15,0.0,0.15,3.27,0.49,2.78,0,0,0,-2.78,75.9,79.86,57.09,1.66,0.39,428,32,23,6,13.86,15.38,5.21,7,2,41,13,5,354.4,97.31,0.8,0.53,225.5,87.95,0,Tondela 0-0 Benfica,2026-02-01
Tondela,0.49,3.27,-2.78,0.49,3.12,-2.63,0.0,0.15,-0.15,0.49,3.27,-2.78,0,0,0,2.78,24.1,20.14,44.9,0.39,1.66,86,7,6,23,15.38,13.86,14.21,2,7,16,1,19,9.8,2.69,150.8,99.47,30.9,12.05,2,Tondela 0-0 Benfica,2026-02-01
Nacional,1.33,2.18,-0.85,1.33,1.95,-0.62,0.0,0.23,-0.23,1.33,2.18,-0.85,1,2,-1,-0.15,38.0,28.97,42.56,0.25,0.79,144,4,5,16,20.0,20.25,13.15,5,6,10,0,15,18.9,9.01,61.2,63.31,33.13,15.56,2,Sporting CP 2-1 Nacional,2026-02-01
Sporting CP,2.18,1.33,0.85,1.95,1.33,0.62,0.23,0.0,0.23,2.18,1.33,0.85,2,1,1,0.15,62.0,71.03,50.71,0.79,0.25,272,17,16,5,20.25,20.0,9.79,6,5,33,11,12,190.8,90.99,35.47,36.69,179.8,84.44,0,Sporting CP 2-1 Nacional,2026-02-01
Famalicão,0.18,3.41,-3.23,0.18,1.8,-1.62,0.0,0.86,-0.86,0.18,2.65,-2.47,0,5,-5,-1.77,43.8,31.19,36.05,0.12,0.79,96,2,4,17,33.33,21.52,11.6,11,7,8,1,10,1.5,1.0,49.8,44.49,9.03,3.27,1,Gil Vicente 5-0 Famalicão,2026-02-01
Gil Vicente,3.41,0.18,3.23,1.8,0.18,1.62,0.86,0.0,0.86,2.65,0.18,2.47,5,0,5,1.77,56.2,68.81,44.94,0.79,0.12,175,12,17,4,21.52,33.33,9.78,7,11,15,3,19,148.0,99.0,62.13,55.51,267.36,96.73,1,Gil Vicente 5-0 Famalicão,2026-02-01
Estrela,0.96,0.99,-0.03,0.2,0.57,-0.37,0.0,0.42,-0.42,0.2,0.99,-0.79,1,1,0,0.03,41.7,33.57,42.81,0.49,0.77,116,7,5,8,10.2,10.39,8.43,3,6,12,2,17,33.2,21.97,37.67,66.79,49.37,30.57,2,Alverca 1-1 Estrela,2026-01-31
Alverca,0.99,0.96,0.03,0.57,0.2,0.37,0.42,0.0,0.42,0.99,0.2,0.79,1,1,0,-0.03,58.3,66.43,49.66,0.77,0.49,230,13,8,5,10.39,10.2,7.13,6,3,28,9,17,117.9,78.03,18.73,33.21,112.13,69.43,2,Alverca 1-1 Estrela,2026-01-31
Arouca,2.34,0.64,1.7,1.58,0.27,1.31,0.77,0.37,0.4,2.34,0.64,1.7,3,0,3,1.3,48.6,51.67,43.63,0.4,0.31,156,9,18,8,45.0,25.81,10.76,7,4,21,5,15,114.0,65.44,80.13,64.28,164.7,81.29,1,Rio Ave 0-3 Arouca,2026-01-31
Rio Ave,0.64,2.34,-1.7,0.27,1.58,-1.31,0.37,0.77,-0.4,0.64,2.34,-1.7,0,3,-3,-1.3,51.4,48.33,42.8,0.31,0.4,168,8,8,18,25.81,45.0,10.94,4,7,9,5,11,60.2,34.56,44.53,35.72,37.9,18.71,1,Rio Ave 0-3 Arouca,2026-01-31
Estoril,2.48,1.77,0.71,0.92,0.73,0.19,0.04,1.04,-1.0,0.96,1.77,-0.81,4,2,2,1.29,47.2,51.71,51.83,0.49,1.14,175,9,11,14,22.45,12.28,9.22,3,5,14,5,11,82.2,53.03,45.27,71.4,103.77,72.62,0,Santa Clara 2-4 Estoril,2026-01-31
Santa Clara,1.77,2.48,-0.71,0.73,0.92,-0.19,1.04,0.04,1.0,1.77,0.96,0.81,2,4,-2,-1.29,52.8,48.29,46.41,1.14,0.49,153,12,14,11,12.28,22.45,7.26,5,3,25,6,16,72.8,46.97,18.13,28.6,39.13,27.38,1,Santa Clara 2-4 Estoril,2026-01-31
Moreirense,0.78,1.72,-0.94,0.78,0.87,-0.09,0.0,0.09,-0.09,0.78,0.96,-0.18,0,1,-1,-0.06,57.5,50.0,40.91,0.54,0.52,159,7,10,14,18.52,26.92,10.93,5,11,15,5,12,71.6,48.71,22.87,18.36,52.1,26.43,0,Vitória Guimarães 1-0 Moreirense,2026-01-30
Vitória Guimarães,1.72,0.78,0.94,0.87,0.78,0.09,0.09,0.0,0.09,0.96,0.78,0.18,1,0,1,0.06,42.5,50.0,45.02,0.52,0.54,154,10,14,10,26.92,18.52,8.25,11,5,17,5,19,75.4,51.29,101.67,81.64,145.0,73.57,0,Vitória Guimarães 1-0 Moreirense,2026-01-30
Gil Vicente,0.53,2.65,-2.12,0.48,1.73,-1.25,0.05,0.16,-0.11,0.53,1.89,-1.36,0,3,-3,-0.88,42.8,44.09,42.72,0.29,0.72,129,4,11,14,37.93,19.44,13.06,7,4,6,3,8,64.3,38.07,72.67,75.02,84.87,41.75,2,Porto 3-0 Gil Vicente,2026-01-26
Porto,2.65,0.53,2.12,1.73,0.48,1.25,0.16,0.05,0.11,1.89,0.53,1.36,3,0,3,0.88,57.2,55.91,43.03,0.72,0.29,175,15,14,11,19.44,37.93,11.04,4,7,13,11,13,104.6,61.93,24.2,24.98,118.4,58.25,3,Porto 3-0 Gil Vicente,2026-01-26
Alverca,0.59,3.38,-2.79,0.59,2.18,-1.59,0.0,0.44,-0.44,0.59,2.62,-2.03,0,5,-5,-2.21,32.3,15.24,36.49,0.1,0.78,79,2,3,17,30.0,21.79,24.52,4,6,3,0,11,2.8,0.84,183.93,92.96,11.33,1.89,0,Sporting Braga 5-0 Alverca,2026-01-25
Sporting Braga,3.38,0.59,2.79,2.18,0.59,1.59,0.44,0.0,0.44,2.62,0.59,2.03,5,0,5,2.21,67.7,84.76,49.69,0.78,0.1,398,16,17,3,21.79,30.0,8.61,6,4,16,7,9,331.7,99.16,13.93,7.04,588.34,98.11,0,Sporting Braga 5-0 Alverca,2026-01-25
Estrela,0.2,2.91,-2.71,0.2,2.04,-1.84,0.0,0.11,-0.11,0.2,2.15,-1.95,0,4,-4,-1.29,33.7,24.24,40.11,0.13,0.74,83,3,3,15,23.08,20.27,9.54,1,9,7,1,24,6.9,3.01,67.87,89.78,7.77,2.63,1,Benfica 4-0 Estrela,2026-01-25
Benfica,2.91,0.2,2.71,2.04,0.2,1.84,0.11,0.0,0.11,2.15,0.2,1.95,4,0,4,1.29,66.3,75.76,51.61,0.74,0.13,269,16,15,3,20.27,23.08,5.11,9,1,28,6,10,222.4,96.99,7.73,10.22,287.8,97.37,0,Benfica 4-0 Estrela,2026-01-25
Tondela,0.12,0.8,-0.68,0.12,0.79,-0.67,0.0,0.01,-0.01,0.12,0.8,-0.68,0,3,-3,-2.32,39.8,42.48,43.33,0.2,0.32,125,6,2,9,10.0,28.12,12.25,5,7,21,4,20,42.8,30.88,103.67,89.73,67.86,42.11,1,Famalicão 3-0 Tondela,2026-01-25
Famalicão,0.8,0.12,0.68,0.79,0.12,0.67,0.01,0.0,0.01,0.8,0.12,0.68,3,0,3,2.32,60.2,57.52,42.56,0.32,0.2,186,4,9,2,28.12,10.0,9.52,7,5,10,3,9,95.8,69.12,11.87,10.27,93.3,57.89,3,Famalicão 3-0 Tondela,2026-01-25
Rio Ave,0.91,1.59,-0.68,0.61,1.13,-0.52,0.3,0.46,-0.16,0.91,1.59,-0.68,0,4,-4,-3.32,53.4,43.32,41.93,0.49,0.66,141,11,11,14,22.45,21.21,11.08,2,14,18,5,6,59.7,41.46,12.07,13.69,37.9,15.79,0,Nacional 4-0 Rio Ave,2026-01-25
Nacional,1.59,0.91,0.68,1.13,0.61,0.52,0.46,0.3,0.16,1.59,0.91,0.68,4,0,4,3.32,46.6,56.68,50.02,0.66,0.49,202,15,14,11,21.21,22.45,8.8,14,2,17,5,18,84.3,58.54,76.07,86.31,202.13,84.21,1,Nacional 4-0 Rio Ave,2026-01-25
Vitória Guimarães,2.15,2.89,-0.74,2.11,2.64,-0.53,0.04,0.25,-0.21,2.15,2.89,-0.74,2,4,-2,-1.26,45.2,48.96,51.63,1.72,0.53,207,20,13,16,7.56,30.19,11.0,4,1,21,2,19,76.9,47.73,88.27,80.88,112.3,67.84,2,Estoril 4-2 Vitória Guimarães,2026-01-24
Estoril,2.89,2.15,0.74,2.64,2.11,0.53,0.25,0.04,0.21,2.89,2.15,0.74,4,2,2,1.26,54.8,51.04,45.55,0.53,1.72,191,12,16,13,30.19,7.56,11.67,1,4,15,4,9,84.2,52.27,20.87,19.12,53.23,32.16,0,Estoril 4-2 Vitória Guimarães,2026-01-24
Sporting CP,1.29,1.35,-0.06,1.19,0.96,0.23,0.1,0.38,-0.28,1.29,1.35,-0.06,2,1,1,1.06,64.3,72.51,51.72,1.44,0.3,352,27,15,11,10.42,36.67,10.0,4,3,24,7,12,217.8,87.19,12.13,9.86,152.6,72.0,0,Arouca 1-2 Sporting CP,2026-01-24
Arouca,1.35,1.29,0.06,0.96,1.19,-0.23,0.38,0.1,0.28,1.35,1.29,0.06,1,2,-1,-1.06,35.7,27.49,40.97,0.3,1.44,114,6,11,15,36.67,10.42,17.07,3,4,12,4,11,32.0,12.81,110.87,90.14,59.33,28.0,1,Arouca 1-2 Sporting CP,2026-01-24
Santa Clara,0.37,0.18,0.19,0.37,0.15,0.22,0.0,0.03,-0.03,0.37,0.18,0.19,0,1,-1,-1.19,50.2,60.16,46.83,0.3,0.38,175,7,8,3,26.67,7.89,8.73,10,2,16,5,22,72.6,66.18,55.93,51.31,93.03,62.99,1,Moreirense 1-0 Santa Clara,2026-01-24
Moreirense,0.18,0.37,-0.19,0.15,0.37,-0.22,0.03,0.0,0.03,0.18,0.37,-0.19,1,0,1,1.19,49.8,39.84,41.19,0.38,0.3,120,2,3,8,7.89,26.67,9.71,2,10,14,5,13,37.1,33.82,53.07,48.69,54.67,37.01,1,Moreirense 1-0 Santa Clara,2026-01-24
AVS,3.46,1.76,1.7,0.97,1.76,-0.79,0.97,0.0,0.97,1.94,1.76,0.18,3,3,0,-1.7,57.9,63.14,55.1,1.26,1.38,196,26,27,9,21.43,6.52,7.15,3,3,36,11,13,152.5,73.42,11.2,39.16,134.83,62.16,9,Casa Pia 3-3 AVS,2026-01-23
Casa Pia,1.76,3.46,-1.7,1.76,0.97,0.79,0.0,0.97,-0.97,1.76,1.94,-0.18,3,3,0,1.7,42.1,36.86,48.41,1.38,1.26,104,7,9,27,6.52,21.43,8.59,3,3,17,2,15,55.2,26.58,17.4,60.84,82.07,37.84,2,Casa Pia 3-3 AVS,2026-01-23
Estoril,2.35,0.27,2.08,1.42,0.24,1.18,0.17,0.03,0.14,1.59,0.27,1.32,5,0,5,2.92,59.8,53.41,46.9,1.28,0.18,244,20,11,6,8.59,33.33,8.32,8,5,14,4,12,101.2,69.89,27.2,24.55,98.33,77.51,0,Estrela 0-5 Estoril,2026-01-19
Estrela,0.27,2.35,-2.08,0.24,1.42,-1.18,0.03,0.17,-0.14,0.27,1.59,-1.32,0,5,-5,-2.92,40.2,46.59,45.73,0.18,1.28,158,4,6,11,33.33,8.59,16.07,5,8,12,1,16,43.6,30.11,83.6,75.45,28.53,22.49,1,Estrela 0-5 Estoril,2026-01-19
Porto,2.83,1.94,0.89,1.31,1.59,-0.28,0.0,0.35,-0.35,1.31,1.94,-0.63,1,0,1,0.11,50.1,42.24,45.12,0.55,1.4,163,8,12,20,21.82,14.29,6.64,8,9,12,1,15,62.1,32.89,45.33,51.28,52.83,33.27,1,Vitória Guimarães 0-1 Porto,2026-01-18
Vitória Guimarães,1.94,2.83,-0.89,1.59,1.31,0.28,0.35,0.0,0.35,1.94,1.31,0.63,0,1,-1,-0.11,49.9,57.76,49.41,1.4,0.55,201,15,20,12,14.29,21.82,10.0,9,8,26,6,19,126.7,67.11,43.07,48.72,105.97,66.73,2,Vitória Guimarães 0-1 Porto,2026-01-18
Sporting Braga,1.76,1.59,0.17,0.6,0.83,-0.23,0.4,0.0,0.4,1.0,0.83,0.17,1,0,1,0.83,65.3,65.59,51.2,0.58,0.52,333,11,11,7,18.97,13.46,7.97,3,4,18,5,14,201.2,76.39,16.53,16.16,144.77,67.01,0,Tondela 0-1 Sporting Braga,2026-01-18
Tondela,1.59,1.76,-0.17,0.83,0.6,0.23,0.0,0.4,-0.4,0.83,1.0,-0.17,0,1,-1,-0.83,34.7,34.41,44.37,0.52,0.58,138,8,7,11,13.46,18.97,13.18,4,3,15,1,19,62.2,23.61,85.73,83.84,71.27,32.99,1,Tondela 0-1 Sporting Braga,2026-01-18
Famalicão,1.81,1.2,0.61,1.74,0.6,1.14,0.07,0.6,-0.53,1.81,1.2,0.61,1,0,1,0.39,49.1,55.86,49.12,1.23,0.35,209,15,7,15,5.69,42.86,7.91,3,4,17,2,18,87.5,58.65,60.73,67.28,108.83,73.6,0,Santa Clara 0-1 Famalicão,2026-01-18
Santa Clara,1.2,1.81,-0.61,0.6,1.74,-1.14,0.6,0.07,0.53,1.2,1.81,-0.61,0,1,-1,-0.39,50.9,44.14,44.39,0.35,1.23,165,8,15,7,42.86,5.69,9.7,4,3,23,9,17,61.7,41.35,29.53,32.72,39.03,26.4,2,Santa Clara 0-1 Famalicão,2026-01-18
Benfica,2.98,0.24,2.74,1.94,0.19,1.75,1.04,0.05,0.99,2.98,0.24,2.74,2,0,2,-0.74,62.6,78.19,54.8,0.87,0.21,382,29,25,7,28.74,33.33,8.32,9,3,23,11,8,305.8,92.89,45.33,37.32,281.2,90.48,0,Rio Ave 0-2 Benfica,2026-01-17
Rio Ave,0.24,2.98,-2.74,0.19,1.94,-1.75,0.05,1.04,-0.99,0.24,2.98,-2.74,0,2,-2,0.74,37.4,21.81,39.15,0.21,0.87,107,3,7,25,33.33,28.74,20.0,3,9,11,3,12,23.4,7.11,76.13,62.68,29.6,9.52,0,Rio Ave 0-2 Benfica,2026-01-17
Moreirense,2.47,3.14,-0.67,2.47,2.38,0.09,0.0,0.0,0.0,2.47,2.38,0.09,1,2,-1,-0.33,58.2,58.77,51.4,1.0,1.0,309,12,10,15,10.0,15.0,12.08,2,3,20,0,6,119.0,58.36,22.0,23.04,79.03,43.95,0,Alverca 2-1 Moreirense,2026-01-17
Alverca,3.14,2.47,0.67,2.38,2.47,-0.09,0.0,0.0,0.0,2.38,2.47,-0.09,2,1,1,0.33,41.8,41.23,49.63,1.0,1.0,214,14,15,10,15.0,10.0,14.9,3,2,22,4,16,84.9,41.64,73.47,76.96,100.8,56.05,0,Alverca 2-1 Moreirense,2026-01-17
Arouca,1.72,1.24,0.48,1.43,1.24,0.19,0.29,0.0,0.29,1.72,1.24,0.48,1,0,1,0.52,63.2,73.37,55.27,1.62,0.32,415,19,18,12,11.11,37.5,10.19,7,4,31,3,12,300.7,85.65,18.73,15.99,237.67,83.8,1,AVS 0-1 Arouca,2026-01-17
AVS,1.24,1.72,-0.48,1.24,1.43,-0.19,0.0,0.29,-0.29,1.24,1.72,-0.48,0,1,-1,-0.52,36.8,26.63,41.56,0.32,1.62,130,7,12,18,37.5,11.11,16.3,4,7,15,2,11,50.4,14.35,98.4,84.01,45.93,16.2,1,AVS 0-1 Arouca,2026-01-17
Nacional,1.48,1.45,0.03,0.93,1.19,-0.26,0.55,0.27,0.28,1.48,1.45,0.03,1,2,-1,-1.03,46.0,38.93,43.05,0.37,0.49,123,7,13,16,35.14,32.65,8.46,5,3,16,5,18,57.1,32.13,53.47,68.38,68.03,36.89,2,Gil Vicente 2-1 Nacional,2026-01-17
Gil Vicente,1.45,1.48,-0.03,1.19,0.93,0.26,0.27,0.55,-0.28,1.45,1.48,-0.03,2,1,1,1.03,54.0,61.07,46.94,0.49,0.37,181,21,16,13,32.65,35.14,11.15,3,5,13,7,7,120.6,67.87,24.73,31.62,116.4,63.11,5,Gil Vicente 2-1 Nacional,2026-01-17
Casa Pia,0.31,2.67,-2.36,0.28,2.67,-2.39,0.03,0.0,0.03,0.31,2.67,-2.36,0,3,-3,-0.64,39.8,37.72,45.94,0.15,1.27,151,8,6,16,40.0,12.6,20.05,4,4,15,6,12,26.4,13.79,86.73,81.72,29.52,11.4,4,Sporting CP 3-0 Casa Pia,2026-01-16
Sporting CP,2.67,0.31,2.36,2.67,0.28,2.39,0.0,0.03,-0.03,2.67,0.31,2.36,3,0,3,0.64,60.2,62.28,51.9,1.27,0.15,296,12,16,6,12.6,40.0,9.85,4,4,15,4,12,165.0,86.21,19.4,18.28,229.54,88.6,0,Sporting CP 3-0 Casa Pia,2026-01-16
Tondela,0.69,0.48,0.21,0.5,0.18,0.32,0.19,0.3,-0.11,0.69,0.48,0.21,0,1,-1,-1.21,42.3,48.36,44.71,0.56,0.24,170,9,8,7,14.29,29.17,17.24,4,0,17,2,13,62.8,43.25,88.6,76.86,104.47,58.07,4,Moreirense 1-0 Tondela,2026-01-11
Moreirense,0.48,0.69,-0.21,0.18,0.5,-0.32,0.3,0.19,0.11,0.48,0.69,-0.21,1,0,1,1.21,57.7,51.64,42.67,0.24,0.56,197,10,7,8,29.17,14.29,22.06,0,4,15,4,7,82.4,56.75,26.67,23.14,75.43,41.93,0,Moreirense 1-0 Tondela,2026-01-11
Santa Clara,2.75,2.22,0.53,2.36,1.42,0.94,0.39,0.04,0.35,2.75,1.46,1.29,3,3,0,-0.53,54.3,57.42,50.94,1.27,0.35,241,17,22,13,17.32,37.14,9.81,3,5,35,8,11,137.5,60.41,42.67,43.66,120.17,62.84,1,Nacional 3-3 Santa Clara,2026-01-11
Nacional,2.22,2.75,-0.53,1.42,2.36,-0.94,0.04,0.39,-0.35,1.46,2.75,-1.29,3,3,0,0.53,45.7,42.58,48.04,0.35,1.27,177,12,13,22,37.14,17.32,10.06,5,3,13,2,14,90.1,39.59,55.07,56.34,71.07,37.16,8,Nacional 3-3 Santa Clara,2026-01-11
Famalicão,1.46,2.39,-0.93,1.4,0.87,0.53,0.06,0.0,0.06,1.46,0.87,0.59,0,1,-1,-0.07,56.5,62.94,49.38,0.48,0.46,271,12,14,10,29.17,21.74,9.34,8,3,28,4,22,142.4,70.74,27.6,29.76,125.1,61.25,5,Alverca 1-0 Famalicão,2026-01-04
Alverca,2.39,1.46,0.93,0.87,1.4,-0.53,0.0,0.06,-0.06,0.87,1.46,-0.59,1,0,1,0.07,43.5,37.06,43.83,0.46,0.48,161,6,10,14,21.74,29.17,11.94,3,8,16,3,14,58.9,29.26,65.13,70.24,79.13,38.75,2,Alverca 1-0 Famalicão,2026-01-04
Porto,1.06,0.32,0.74,1.06,0.28,0.78,0.0,0.04,-0.04,1.06,0.32,0.74,1,0,1,0.26,56.0,59.57,48.41,0.97,0.18,230,16,8,12,8.25,66.67,6.86,5,5,16,7,22,117.3,70.11,19.47,19.75,66.47,60.59,2,Santa Clara 0-1 Porto,2026-01-04
Santa Clara,0.32,1.06,-0.74,0.28,1.06,-0.78,0.04,0.0,0.04,0.32,1.06,-0.74,0,1,-1,-0.26,44.0,40.43,45.71,0.18,0.97,172,2,12,8,66.67,8.25,7.84,5,5,16,2,20,50.0,29.89,79.13,80.25,43.23,39.41,4,Santa Clara 0-1 Porto,2026-01-04
Casa Pia,2.97,3.25,-0.28,2.87,3.22,-0.35,0.1,0.03,0.07,2.97,3.25,-0.28,1,3,-2,-1.72,48.0,48.98,45.59,0.76,0.58,151,14,15,12,19.74,20.69,8.24,2,5,14,4,23,73.7,54.35,48.53,57.23,73.97,47.42,1,Rio Ave 3-1 Casa Pia,2026-01-04
Rio Ave,3.25,2.97,0.28,3.22,2.87,0.35,0.03,0.1,-0.07,3.25,2.97,0.28,3,1,2,1.72,52.0,51.02,46.68,0.58,0.76,179,4,12,15,20.69,19.74,7.17,5,2,18,9,10,61.9,45.65,36.27,42.77,82.03,52.58,1,Rio Ave 3-1 Casa Pia,2026-01-04
Moreirense,2.02,0.53,1.49,1.97,0.53,1.44,0.06,0.0,0.06,2.02,0.53,1.49,2,0,2,0.51,59.2,53.88,42.83,1.1,0.38,197,13,12,9,10.91,23.68,9.37,5,9,17,4,11,80.0,57.8,21.93,16.56,44.63,39.86,0,AVS 0-2 Moreirense,2026-01-03
AVS,0.53,2.02,-1.49,0.53,1.97,-1.44,0.0,0.06,-0.06,0.53,2.02,-1.49,0,2,-2,-0.51,40.8,46.12,44.36,0.38,1.1,146,14,9,12,23.68,10.91,11.23,9,5,13,2,23,58.4,42.2,110.53,83.44,67.33,60.14,5,AVS 0-2 Moreirense,2026-01-03
Sporting Braga,3.37,1.05,2.32,2.47,0.76,1.71,0.14,0.29,-0.15,2.61,1.05,1.56,3,3,0,-2.32,57.4,70.88,50.95,0.9,0.29,274,13,10,11,11.11,37.93,10.73,5,3,20,7,8,198.5,82.13,34.13,32.0,162.6,82.41,1,Estrela 3-3 Sporting Braga,2026-01-03
Estrela,1.05,3.37,-2.32,0.76,2.47,-1.71,0.29,0.14,0.15,1.05,2.61,-1.56,3,3,0,2.32,42.6,29.12,42.67,0.29,0.9,146,6,11,10,37.93,11.11,15.64,3,5,13,5,14,43.2,17.87,72.53,68.0,34.7,17.59,1,Estrela 3-3 Sporting Braga,2026-01-03
Estoril,0.96,3.56,-2.6,0.9,2.29,-1.39,0.05,0.51,-0.46,0.96,2.8,-1.84,1,3,-2,0.6,48.6,38.29,46.75,0.53,0.44,173,7,9,20,16.98,45.45,10.34,5,10,9,3,15,35.6,20.0,44.2,46.79,26.43,13.04,1,Benfica 3-1 Estoril,2026-01-03
Benfica,3.56,0.96,2.6,2.29,0.9,1.39,0.51,0.05,0.46,2.8,0.96,1.84,3,1,2,-0.6,51.4,61.71,52.09,0.44,0.53,237,13,20,9,45.45,16.98,9.76,10,5,17,7,12,142.4,80.0,50.27,53.21,176.23,86.96,1,Benfica 3-1 Estoril,2026-01-03
Arouca,1.14,0.89,0.25,0.9,0.31,0.59,0.23,0.58,-0.35,1.14,0.89,0.25,1,3,-2,-2.25,69.9,67.72,47.32,0.79,0.18,296,13,11,5,13.92,27.78,8.88,3,5,30,9,7,127.8,85.43,7.87,5.44,31.77,27.05,4,Tondela 3-1 Arouca,2026-01-03
Tondela,0.89,1.14,-0.25,0.31,0.9,-0.59,0.58,0.23,0.35,0.89,1.14,-0.25,3,1,2,2.25,30.1,32.28,42.71,0.18,0.79,95,5,5,11,27.78,13.92,16.93,5,3,10,2,12,21.8,14.57,136.93,94.56,85.67,72.95,2,Tondela 3-1 Arouca,2026-01-03
Nacional,1.74,1.66,0.08,1.63,1.66,-0.03,0.11,0.0,0.11,1.74,1.66,0.08,1,2,-1,-1.08,42.8,42.96,46.84,0.37,0.61,138,12,14,9,37.84,14.75,7.45,7,3,9,3,18,69.6,41.6,35.93,64.55,68.0,42.61,2,Vitória Guimarães 2-1 Nacional,2026-01-02
Vitória Guimarães,1.66,1.74,-0.08,1.66,1.63,0.03,0.0,0.11,-0.11,1.66,1.74,-0.08,2,1,1,1.08,57.2,57.04,49.29,0.61,0.37,196,13,9,14,14.75,37.84,6.12,3,7,16,2,20,97.7,58.4,19.73,35.45,91.6,57.39,2,Vitória Guimarães 2-1 Nacional,2026-01-02
Sporting CP,1.93,1.25,0.68,1.57,1.14,0.43,0.36,0.11,0.25,1.93,1.25,0.68,1,1,0,-0.68,63.0,47.76,42.26,0.76,0.99,181,12,14,19,18.42,19.19,6.12,9,6,22,7,14,60.2,39.24,5.47,4.04,24.67,12.84,0,Gil Vicente 1-1 Sporting CP,2026-01-02
Gil Vicente,1.25,1.93,-0.68,1.14,1.57,-0.43,0.11,0.36,-0.25,1.25,1.93,-0.68,1,1,0,0.68,37.0,52.24,50.23,0.99,0.76,147,10,19,14,19.19,18.42,10.29,6,9,23,8,17,93.2,60.76,129.8,95.96,167.5,87.16,2,Gil Vicente 1-1 Sporting CP,2026-01-02
AVS,0.3,2.86,-2.56,0.3,1.84,-1.54,0.0,0.26,-0.26,0.3,2.1,-1.8,0,2,-2,0.56,30.3,26.14,43.97,0.27,1.02,105,2,7,18,25.93,17.65,19.83,4,9,6,0,7,9.2,4.28,131.27,96.14,15.8,8.6,1,Porto 2-0 AVS,2025-12-29
Porto,2.86,0.3,2.56,1.84,0.3,1.54,0.26,0.0,0.26,2.1,0.3,1.8,2,0,2,-0.56,69.7,73.86,53.58,1.02,0.27,382,19,18,7,17.65,25.93,8.07,9,4,29,7,8,205.8,95.72,5.27,3.86,167.9,91.4,0,Porto 2-0 AVS,2025-12-29
Rio Ave,0.19,4.46,-4.27,0.19,3.65,-3.46,0.0,0.81,-0.81,0.19,4.46,-4.27,0,4,-4,0.27,40.8,22.95,38.89,0.03,1.49,113,5,5,23,166.67,15.44,20.55,2,13,3,1,6,25.3,8.15,92.73,75.93,10.63,2.79,0,Sporting CP 4-0 Rio Ave,2025-12-28
Sporting CP,4.46,0.19,4.27,3.65,0.19,3.46,0.81,0.0,0.81,4.46,0.19,4.27,4,0,4,-0.27,59.2,77.05,54.89,1.49,0.03,409,24,23,5,15.44,166.67,9.38,13,2,23,8,13,285.1,91.85,29.4,24.07,370.13,97.21,0,Sporting CP 4-0 Rio Ave,2025-12-28
Benfica,1.57,2.09,-0.52,1.1,0.55,0.55,0.46,0.78,-0.32,1.57,1.33,0.24,2,2,0,0.52,50.9,55.08,47.14,0.5,0.33,223,14,14,11,28.0,33.33,14.1,4,6,14,5,9,154.4,59.34,60.67,58.48,152.43,64.14,0,Sporting Braga 2-2 Benfica,2025-12-28
Sporting Braga,2.09,1.57,0.52,0.55,1.1,-0.55,0.78,0.46,0.32,1.33,1.57,-0.24,2,2,0,-0.52,49.1,44.92,46.16,0.33,0.5,212,7,11,14,33.33,28.0,11.16,6,4,10,1,14,105.8,40.66,43.07,41.52,85.23,35.86,1,Sporting Braga 2-2 Benfica,2025-12-28
Gil Vicente,2.16,1.2,0.96,2.01,1.2,0.81,0.15,0.0,0.15,2.16,1.2,0.96,2,2,0,-0.96,55.3,57.32,45.91,0.26,0.37,172,12,17,9,65.38,24.32,9.71,5,5,24,8,5,108.3,69.29,28.13,40.62,90.1,52.47,4,Arouca 2-2 Gil Vicente,2025-12-28
Arouca,1.2,2.16,-0.96,1.2,2.01,-0.81,0.0,0.15,-0.15,1.2,2.16,-0.96,2,2,0,0.96,44.7,42.68,44.9,0.37,0.26,134,6,9,17,24.32,65.38,10.4,5,5,11,4,13,48.0,30.71,41.13,59.38,81.63,47.53,0,Arouca 2-2 Gil Vicente,2025-12-28
Vitória Guimarães,1.43,0.44,0.99,1.06,0.27,0.79,0.37,0.16,0.21,1.43,0.44,0.99,0,0,0,-0.99,56.5,58.3,49.02,0.39,0.17,192,8,13,5,33.33,29.41,7.08,2,0,26,3,11,99.7,68.19,36.4,49.37,101.57,67.32,10,Casa Pia 0-0 Vitória Guimarães,2025-12-28
Casa Pia,0.44,1.43,-0.99,0.27,1.06,-0.79,0.16,0.37,-0.21,0.44,1.43,-0.99,0,0,0,0.99,43.5,41.7,44.25,0.17,0.39,126,7,5,13,29.41,33.33,10.35,0,2,13,2,23,46.5,31.81,37.33,50.63,49.3,32.68,1,Casa Pia 0-0 Vitória Guimarães,2025-12-28
Alverca,1.12,1.46,-0.34,1.11,1.15,-0.04,0.01,0.31,-0.3,1.12,1.46,-0.34,1,4,-3,-2.66,36.1,36.49,45.13,0.59,0.42,148,13,11,11,18.64,26.19,22.91,1,18,18,7,11,45.2,28.06,133.13,90.32,109.5,73.77,1,Estoril 4-1 Alverca,2025-12-27
Estoril,1.46,1.12,0.34,1.15,1.11,0.04,0.31,0.01,0.3,1.46,1.12,0.34,4,1,3,2.66,63.9,63.51,46.47,0.42,0.59,265,12,11,11,26.19,18.64,6.27,18,1,12,3,12,115.9,71.94,14.27,9.68,38.93,26.23,3,Estoril 4-1 Alverca,2025-12-27
Estrela,0.99,2.98,-1.99,0.99,2.51,-1.52,0.0,0.47,-0.47,0.99,2.98,-1.99,3,2,1,2.99,39.1,29.94,42.03,0.31,2.69,108,7,6,23,19.35,8.55,12.5,4,12,9,4,16,20.1,8.63,49.93,65.76,61.87,49.81,0,Famalicão 2-3 Estrela,2025-12-27
Famalicão,2.98,0.99,1.99,2.51,0.99,1.52,0.47,0.0,0.47,2.98,0.99,1.99,2,3,-1,-2.99,60.9,70.06,51.71,2.69,0.31,278,29,23,6,8.55,19.35,4.87,12,4,39,9,18,212.8,91.37,26.0,34.24,62.33,50.19,5,Famalicão 2-3 Estrela,2025-12-27
Sporting CP,3.85,1.35,2.5,3.68,1.33,2.35,0.17,0.02,0.15,3.85,1.35,2.5,4,1,3,0.5,55.8,41.98,40.28,0.73,0.77,145,12,17,17,23.29,22.08,7.65,3,5,14,5,14,70.2,40.72,9.33,7.41,28.07,17.17,0,Vitória Guimarães 1-4 Sporting CP,2025-12-23
Vitória Guimarães,1.35,3.85,-2.5,1.33,3.68,-2.35,0.02,0.17,-0.15,1.35,3.85,-2.5,1,4,-3,-0.5,44.2,58.02,50.42,0.77,0.73,176,7,17,17,22.08,23.29,9.61,5,3,23,2,21,102.2,59.28,116.6,92.59,135.43,82.83,2,Vitória Guimarães 1-4 Sporting CP,2025-12-23
Famalicão,0.27,1.15,-0.88,0.27,0.36,-0.09,0.0,0.03,-0.03,0.27,0.39,-0.12,0,1,-1,-0.12,45.8,44.59,44.79,0.18,0.36,194,7,4,9,22.22,25.0,11.55,7,12,13,2,21,47.6,32.08,45.4,52.71,37.27,25.59,2,Benfica 1-0 Famalicão,2025-12-22
Benfica,1.15,0.27,0.88,0.36,0.27,0.09,0.03,0.0,0.03,0.39,0.27,0.12,1,0,1,0.12,54.2,55.41,48.22,0.36,0.18,263,10,9,4,25.0,22.22,8.0,12,7,15,5,11,100.8,67.92,40.73,47.29,108.4,74.41,0,Benfica 1-0 Famalicão,2025-12-22
Porto,1.45,0.81,0.64,1.4,0.62,0.78,0.04,0.19,-0.15,1.45,0.81,0.64,3,0,3,2.36,60.2,59.82,48.76,1.12,0.65,258,17,14,8,12.5,12.31,7.11,9,3,17,1,12,173.6,67.95,23.8,22.58,143.43,72.53,1,Alverca 0-3 Porto,2025-12-22
Alverca,0.81,1.45,-0.64,0.62,1.4,-0.78,0.19,0.04,0.15,0.81,1.45,-0.64,0,3,-3,-2.36,39.8,40.18,46.52,0.65,1.12,151,7,8,14,12.31,12.5,18.73,3,9,19,4,8,81.9,32.05,81.6,77.42,54.33,27.47,1,Alverca 0-3 Porto,2025-12-22
Arouca,0.23,0.67,-0.44,0.14,0.5,-0.36,0.09,0.17,-0.08,0.23,0.67,-0.44,0,0,0,0.44,48.2,46.75,41.52,0.21,0.61,144,6,8,9,38.1,14.75,10.39,1,4,18,4,14,59.8,42.38,75.07,61.87,85.5,52.23,1,Santa Clara 0-0 Arouca,2025-12-21
Santa Clara,0.67,0.23,0.44,0.5,0.14,0.36,0.17,0.09,0.08,0.67,0.23,0.44,0,0,0,-0.44,51.8,53.25,41.7,0.61,0.21,163,10,9,8,14.75,38.1,10.5,4,1,12,2,15,81.3,57.62,46.27,38.13,78.2,47.77,2,Santa Clara 0-0 Arouca,2025-12-21
Casa Pia,1.75,2.2,-0.45,1.38,0.64,0.74,0.38,0.81,-0.43,1.75,1.44,0.31,2,1,1,1.45,53.7,49.0,43.44,0.77,0.25,142,8,12,11,15.58,44.0,9.13,5,5,20,4,16,79.5,52.34,24.47,31.34,63.3,46.98,2,Tondela 1-2 Casa Pia,2025-12-21
Tondela,2.2,1.75,0.45,0.64,1.38,-0.74,0.81,0.38,0.43,1.44,1.75,-0.31,1,2,-1,-1.45,46.3,51.0,48.65,0.25,0.77,172,9,11,12,44.0,15.58,11.27,5,5,20,6,10,72.4,47.66,53.6,68.66,71.43,53.02,3,Tondela 1-2 Casa Pia,2025-12-21
Nacional,1.99,1.2,0.79,1.92,0.96,0.96,0.07,0.23,-0.16,1.99,1.2,0.79,2,2,0,-0.79,63.3,57.31,49.7,0.72,0.41,260,11,19,16,26.39,39.02,7.59,5,1,27,2,11,103.1,60.36,4.67,4.11,47.63,26.9,4,AVS 2-2 Nacional,2025-12-21
AVS,1.2,1.99,-0.79,0.96,1.92,-0.96,0.23,0.07,0.16,1.2,1.99,-0.79,2,2,0,0.79,36.7,42.69,49.65,0.41,0.72,139,11,16,19,39.02,26.39,14.93,1,5,27,9,10,67.7,39.64,108.87,95.89,129.43,73.1,1,AVS 2-2 Nacional,2025-12-21
Moreirense,0.81,1.14,-0.33,0.68,1.07,-0.39,0.13,0.07,0.06,0.81,1.14,-0.33,0,0,0,0.33,51.1,59.07,46.34,0.41,0.58,192,15,16,13,39.02,22.41,9.51,6,5,24,7,19,108.4,66.1,43.93,44.74,107.2,62.35,3,Estrela 0-0 Moreirense,2025-12-20
Estrela,1.14,0.81,0.33,1.07,0.68,0.39,0.07,0.13,-0.06,1.14,0.81,0.33,0,0,0,-0.33,48.9,40.93,46.5,0.58,0.41,180,7,13,16,22.41,39.02,9.14,5,6,22,3,15,55.6,33.9,54.27,55.26,64.73,37.65,1,Estrela 0-0 Moreirense,2025-12-20
Rio Ave,0.29,1.46,-1.17,0.29,1.36,-1.07,0.0,0.1,-0.1,0.29,1.46,-1.17,2,2,0,1.17,45.1,28.4,35.13,0.12,0.78,81,2,4,23,33.33,29.49,11.15,4,10,12,1,16,21.3,11.0,29.67,32.55,10.1,4.61,0,Gil Vicente 2-2 Rio Ave,2025-12-20
Gil Vicente,1.46,0.29,1.17,1.36,0.29,1.07,0.1,0.0,0.1,1.46,0.29,1.17,2,2,0,-1.17,54.9,71.6,53.18,0.78,0.12,228,17,23,4,29.49,33.33,7.19,10,4,30,10,16,172.4,89.0,61.47,67.45,209.0,95.39,4,Gil Vicente 2-2 Rio Ave,2025-12-20
Sporting Braga,3.21,2.3,0.91,3.17,2.13,1.04,0.04,0.17,-0.13,3.21,2.3,0.91,0,1,-1,-1.91,67.3,71.9,55.48,1.42,0.81,475,17,12,13,8.45,16.05,9.63,5,1,19,5,8,249.0,85.57,13.13,8.91,128.1,68.15,0,Estoril 1-0 Sporting Braga,2025-12-19
Estoril,2.3,3.21,-0.91,2.13,3.17,-1.04,0.17,0.04,0.13,2.3,3.21,-0.91,1,0,1,1.91,32.7,28.1,46.79,0.81,1.42,155,9,13,12,16.05,8.45,23.5,1,5,13,9,12,42.0,14.43,134.2,91.09,59.87,31.85,1,Estoril 1-0 Sporting Braga,2025-12-19
Estrela,0.28,2.94,-2.66,0.28,1.55,-1.27,0.0,0.63,-0.63,0.28,2.18,-1.9,1,3,-2,0.66,35.2,22.46,36.53,0.3,1.04,84,4,6,21,20.0,20.19,12.84,3,14,5,0,17,16.7,7.79,75.47,86.41,28.13,13.45,0,Porto 3-1 Estrela,2025-12-15
Porto,2.94,0.28,2.66,1.55,0.28,1.27,0.63,0.0,0.63,2.18,0.28,1.9,3,1,2,-0.66,64.8,77.54,48.25,1.04,0.3,249,16,21,6,20.19,20.0,4.79,14,3,23,4,13,197.7,92.21,11.87,13.59,181.03,86.55,1,Porto 3-1 Estrela,2025-12-15
Santa Clara,0.37,1.29,-0.92,0.34,1.29,-0.95,0.03,0.0,0.03,0.37,1.29,-0.92,0,1,-1,-0.08,32.8,25.0,41.5,0.16,0.44,143,4,5,6,31.25,13.64,19.87,4,7,8,1,15,36.3,13.8,150.6,75.6,51.47,23.35,1,Sporting Braga 1-0 Santa Clara,2025-12-15
Sporting Braga,1.29,0.37,0.92,1.29,0.34,0.95,0.0,0.03,-0.03,1.29,0.37,0.92,1,0,1,0.08,67.2,75.0,51.33,0.44,0.16,443,10,6,5,13.64,31.25,9.26,7,4,15,5,10,226.7,86.2,48.6,24.4,168.97,76.65,0,Sporting Braga 1-0 Santa Clara,2025-12-15
Tondela,4.28,2.99,1.29,2.64,2.19,0.45,0.12,0.04,0.08,2.76,2.23,0.53,1,3,-2,-3.29,55.6,63.16,52.71,0.94,0.68,216,17,21,8,22.34,11.76,12.0,1,1,35,10,17,172.1,87.76,35.53,47.34,168.3,89.76,3,Nacional 3-1 Tondela,2025-12-15
Nacional,2.99,4.28,-1.29,2.19,2.64,-0.45,0.04,0.12,-0.08,2.23,2.76,-0.53,3,1,2,3.29,44.4,36.84,46.94,0.68,0.94,140,13,8,21,11.76,22.34,12.43,1,1,16,3,11,24.0,12.24,39.53,52.66,19.2,10.24,2,Nacional 3-1 Tondela,2025-12-15
Alverca,0.32,1.52,-1.2,0.17,1.35,-1.18,0.15,0.18,-0.03,0.32,1.52,-1.2,0,1,-1,0.2,32.3,24.93,40.7,0.12,1.0,94,2,5,18,41.67,18.0,20.58,2,10,11,5,11,6.4,2.81,131.4,94.44,21.87,14.1,1,Arouca 1-0 Alverca,2025-12-14
Arouca,1.52,0.32,1.2,1.35,0.17,1.18,0.18,0.15,0.03,1.52,0.32,1.2,1,0,1,-0.2,67.7,75.07,53.62,1.0,0.12,412,16,18,5,18.0,41.67,6.73,10,2,42,8,15,221.4,97.19,7.73,5.56,133.2,85.9,2,Arouca 1-0 Alverca,2025-12-14
Benfica,1.21,0.55,0.66,1.08,0.27,0.81,0.13,0.27,-0.14,1.21,0.55,0.66,4,0,4,3.34,47.3,52.71,45.73,0.41,0.0,215,14,10,10,24.39,inf,9.92,8,5,8,4,15,103.3,53.75,109.47,62.06,181.73,74.02,1,Moreirense 0-4 Benfica,2025-12-14
Moreirense,0.55,1.21,-0.66,0.27,1.08,-0.81,0.27,0.13,0.14,0.55,1.21,-0.66,0,4,-4,-3.34,52.7,47.29,39.74,0.0,0.41,175,4,10,10,inf,24.39,10.22,5,8,14,4,19,88.9,46.25,66.93,37.94,63.8,25.98,0,Moreirense 0-4 Benfica,2025-12-14
Estoril,1.09,3.52,-2.43,1.09,3.49,-2.4,0.0,0.02,-0.02,1.09,3.52,-2.43,0,4,-4,-1.57,45.8,43.97,45.55,0.33,1.0,171,7,10,20,30.3,20.0,11.36,4,5,22,9,18,40.0,26.79,45.87,61.7,9.13,4.39,1,Famalicão 4-0 Estoril,2025-12-14
Famalicão,3.52,1.09,2.43,3.49,1.09,2.4,0.02,0.0,0.02,3.52,1.09,2.43,4,0,4,1.57,54.2,56.03,45.91,1.0,0.33,195,16,20,10,20.0,30.3,10.19,5,4,16,4,10,109.3,73.21,28.47,38.3,199.07,95.61,1,Famalicão 4-0 Estoril,2025-12-14
AVS,0.66,2.91,-2.25,0.66,1.88,-1.22,0.0,1.03,-1.03,0.66,2.91,-2.25,0,6,-6,-3.75,33.2,26.02,43.12,0.38,1.0,108,11,7,24,18.42,24.0,19.57,0,3,7,1,9,21.5,8.73,85.67,88.92,17.05,4.6,1,Sporting CP 6-0 AVS,2025-12-13
Sporting CP,2.91,0.66,2.25,1.88,0.66,1.22,1.03,0.0,1.03,2.91,0.66,2.25,6,0,6,3.75,66.8,73.98,54.87,1.0,0.38,361,19,24,7,24.0,18.42,8.0,3,0,24,8,11,224.9,91.27,10.67,11.08,353.39,95.4,0,Sporting CP 6-0 AVS,2025-12-13
Vitória Guimarães,2.11,0.52,1.59,2.06,0.35,1.71,0.05,0.17,-0.12,2.11,0.52,1.59,1,0,1,-0.59,57.2,75.81,51.65,0.99,0.08,284,15,16,8,16.16,100.0,9.86,5,3,29,6,15,200.3,88.32,50.87,41.51,182.6,90.31,2,Rio Ave 0-1 Vitória Guimarães,2025-12-13
Rio Ave,0.52,2.11,-1.59,0.35,2.06,-1.71,0.17,0.05,0.12,0.52,2.11,-1.59,0,1,-1,0.59,42.8,24.19,37.25,0.08,0.99,100,3,8,16,100.0,16.16,13.86,3,5,14,6,15,26.5,11.68,71.67,58.49,19.6,9.69,0,Rio Ave 0-1 Vitória Guimarães,2025-12-13
Gil Vicente,0.81,0.25,0.56,0.81,0.25,0.56,0.0,0.0,0.0,0.81,0.25,0.56,1,1,0,-0.56,66.7,76.98,52.01,0.76,0.23,308,18,11,3,14.47,13.04,8.61,1,1,35,8,8,165.3,95.38,16.53,22.69,132.57,92.94,7,Casa Pia 1-1 Gil Vicente,2025-12-13
Casa Pia,0.25,0.81,-0.56,0.25,0.81,-0.56,0.0,0.0,0.0,0.25,0.81,-0.56,1,1,0,0.56,33.3,23.02,36.81,0.23,0.76,74,8,3,11,13.04,14.47,15.72,1,1,6,1,19,8.0,4.62,56.33,77.31,10.07,7.06,0,Casa Pia 1-1 Gil Vicente,2025-12-13
Gil Vicente,0.35,0.48,-0.13,0.35,0.29,0.06,0.0,0.19,-0.19,0.35,0.48,-0.13,0,0,0,0.13,48.3,49.78,41.37,0.3,0.2,127,7,6,10,20.0,50.0,10.23,1,0,15,4,17,51.4,41.15,28.2,35.16,45.93,33.34,2,Vitória Guimarães 0-0 Gil Vicente,2025-12-08
Vitória Guimarães,0.48,0.35,0.13,0.29,0.35,-0.06,0.19,0.0,0.19,0.48,0.35,0.13,0,0,0,-0.13,51.7,50.22,45.82,0.2,0.3,155,8,10,6,50.0,20.0,8.71,0,1,25,8,15,73.5,58.85,52.0,64.84,91.83,66.66,3,Vitória Guimarães 0-0 Gil Vicente,2025-12-08
Porto,2.58,0.66,1.92,1.71,0.62,1.09,0.87,0.04,0.83,2.58,0.66,1.92,2,0,2,0.08,73.9,67.27,45.76,0.36,0.29,279,16,11,11,30.56,37.93,7.46,4,5,20,4,10,137.3,77.01,1.73,0.98,65.87,35.79,1,Tondela 0-2 Porto,2025-12-07
Tondela,0.66,2.58,-1.92,0.62,1.71,-1.09,0.04,0.87,-0.83,0.66,2.58,-1.92,0,2,-2,-0.08,26.1,32.73,43.59,0.29,0.36,94,11,11,11,37.93,30.56,23.44,5,4,10,2,9,41.0,22.99,174.33,99.02,118.17,64.21,4,Tondela 0-2 Porto,2025-12-07
Arouca,0.72,2.84,-2.12,0.63,1.96,-1.33,0.08,0.88,-0.8,0.72,2.84,-2.12,1,3,-2,0.12,38.5,46.63,45.74,0.47,0.74,121,10,9,24,19.15,32.43,13.16,5,2,17,3,14,37.8,23.05,92.6,91.68,60.47,29.93,2,Estrela 3-1 Arouca,2025-12-07
Estrela,2.84,0.72,2.12,1.96,0.63,1.33,0.88,0.08,0.8,2.84,0.72,2.12,3,1,2,-0.12,61.5,53.37,44.32,0.74,0.47,169,15,24,9,32.43,19.15,7.29,2,5,17,5,12,126.2,76.95,8.4,8.32,141.57,70.07,1,Estrela 3-1 Arouca,2025-12-07
Nacional,1.31,2.12,-0.81,1.21,0.37,0.84,0.09,0.99,-0.9,1.31,1.36,-0.05,0,1,-1,-0.19,50.5,53.4,48.29,1.25,0.59,213,20,17,10,13.6,16.95,9.53,1,1,14,2,19,90.3,58.87,50.73,56.33,109.9,60.65,3,Alverca 1-0 Nacional,2025-12-07
Alverca,2.12,1.31,0.81,0.37,1.21,-0.84,0.99,0.09,0.9,1.36,1.31,0.05,1,0,1,0.19,49.5,46.6,46.23,0.59,1.25,191,9,10,17,16.95,13.6,12.5,1,1,18,2,10,63.1,41.13,39.33,43.67,71.3,39.35,0,Alverca 1-0 Nacional,2025-12-07
Moreirense,2.44,1.43,1.01,1.77,1.43,0.34,0.67,0.0,0.67,2.44,1.43,1.01,3,3,0,-1.01,55.5,55.26,42.68,1.04,0.29,201,14,8,9,7.69,31.03,12.52,1,4,15,5,14,105.2,66.29,26.93,22.45,67.1,43.55,0,Estoril 3-3 Moreirense,2025-12-07
Estoril,1.43,2.44,-1.01,1.43,1.77,-0.34,0.0,0.67,-0.67,1.43,2.44,-1.01,3,3,0,1.01,44.5,44.74,47.2,0.29,1.04,177,10,9,8,31.03,7.69,11.18,4,1,16,1,16,53.5,33.71,93.0,77.55,86.97,56.45,1,Estoril 3-3 Moreirense,2025-12-07
Sporting Braga,3.34,1.96,1.38,2.8,1.87,0.93,0.53,0.09,0.44,3.34,1.96,1.38,2,1,1,-0.38,56.4,60.14,44.83,0.64,1.0,203,18,22,7,34.38,7.0,8.33,7,5,27,9,19,198.6,77.82,50.4,44.11,198.4,79.21,1,Famalicão 1-2 Sporting Braga,2025-12-06
Famalicão,1.96,3.34,-1.38,1.87,2.8,-0.93,0.09,0.53,-0.44,1.96,3.34,-1.38,1,2,-1,0.38,43.6,39.86,43.7,1.0,0.64,146,12,7,22,7.0,34.38,15.38,5,7,17,3,10,56.6,22.18,63.87,55.89,52.07,20.79,0,Famalicão 1-2 Sporting Braga,2025-12-06
Rio Ave,2.43,1.77,0.66,1.31,1.43,-0.12,0.36,0.35,0.01,1.67,1.77,-0.1,2,1,1,0.34,64.7,72.91,50.01,1.12,0.67,233,14,17,9,15.18,13.43,7.45,2,4,33,11,16,200.6,86.28,26.0,28.34,164.93,85.95,0,AVS 1-2 Rio Ave,2025-12-06
AVS,1.77,2.43,-0.66,1.43,1.31,0.12,0.35,0.36,-0.01,1.77,1.67,0.1,1,2,-1,-0.34,35.3,27.09,41.38,0.67,1.12,84,7,9,17,13.43,15.18,10.32,4,2,9,3,16,31.9,13.72,65.73,71.66,26.97,14.05,1,AVS 1-2 Rio Ave,2025-12-06
Casa Pia,0.27,1.51,-1.24,0.27,1.33,-1.06,0.0,0.18,-0.18,0.27,1.51,-1.24,0,1,-1,0.24,56.1,46.76,39.27,0.23,0.7,126,9,5,11,21.74,15.71,7.88,3,9,13,7,12,35.2,25.69,13.73,13.79,27.5,12.58,5,Santa Clara 1-0 Casa Pia,2025-12-06
Santa Clara,1.51,0.27,1.24,1.33,0.27,1.06,0.18,0.0,0.18,1.51,0.27,1.24,1,0,1,-0.24,43.9,53.24,47.46,0.7,0.23,152,14,11,5,15.71,21.74,8.67,9,3,16,7,23,101.8,74.31,85.8,86.21,191.17,87.42,4,Santa Clara 1-0 Casa Pia,2025-12-06
Sporting CP,0.75,1.5,-0.75,0.75,1.45,-0.7,0.0,0.05,-0.05,0.75,1.5,-0.75,1,1,0,0.75,59.0,47.86,41.78,0.17,0.81,190,4,5,10,29.41,12.35,6.93,4,10,9,2,20,83.9,39.58,27.4,19.44,75.1,27.16,0,Benfica 1-1 Sporting CP,2025-12-05
Benfica,1.5,0.75,0.75,1.45,0.75,0.7,0.05,0.0,0.05,1.5,0.75,0.75,1,1,0,-0.75,41.0,52.14,47.36,0.81,0.17,163,8,10,5,12.35,29.41,8.79,10,4,13,3,15,128.1,60.42,113.53,80.56,201.43,72.84,2,Benfica 1-1 Sporting CP,2025-12-05
Sporting Braga,2.84,0.09,2.75,1.52,0.09,1.43,0.56,0.0,0.56,2.08,0.09,1.99,4,0,4,1.25,83.9,94.04,55.04,1.14,0.02,611,25,20,3,17.54,150.0,6.5,6,1,20,6,9,427.5,100.0,0.6,0.23,196.33,85.67,0,Arouca 0-4 Sporting Braga,2025-12-01
Arouca,0.09,2.84,-2.75,0.09,1.52,-1.43,0.0,0.56,-0.56,0.09,2.08,-1.99,0,4,-4,-1.25,16.1,5.96,34.75,0.02,1.14,31,0,3,20,150.0,17.54,39.5,1,6,0,0,11,0.0,0.0,262.6,99.77,32.83,14.33,0,Arouca 0-4 Sporting Braga,2025-12-01
Estoril,1.45,2.4,-0.95,1.45,1.65,-0.2,0.0,0.75,-0.75,1.45,2.4,-0.95,0,1,-1,-0.05,51.9,59.39,49.09,0.69,0.66,247,11,11,12,15.94,18.18,9.98,7,7,13,4,11,106.0,66.62,81.6,71.45,125.77,71.98,1,Porto 1-0 Estoril,2025-11-30
Porto,2.4,1.45,0.95,1.65,1.45,0.2,0.75,0.0,0.75,2.4,1.45,0.95,1,0,1,0.05,48.1,40.61,41.19,0.66,0.69,164,8,12,11,18.18,15.94,11.22,7,7,12,5,14,53.1,33.38,32.6,28.55,48.97,28.02,0,Porto 1-0 Estoril,2025-11-30
Estrela,0.19,2.38,-2.19,0.19,2.32,-2.13,0.0,0.06,-0.06,0.19,2.38,-2.19,0,4,-4,-1.81,37.3,21.31,36.81,0.18,0.59,96,7,5,19,27.78,32.2,15.0,4,9,6,1,12,7.8,3.53,73.13,81.26,0.0,0.0,2,Sporting CP 4-0 Estrela,2025-11-30
Sporting CP,2.38,0.19,2.19,2.32,0.19,2.13,0.06,0.0,0.06,2.38,0.19,2.19,4,0,4,1.81,62.7,78.69,49.36,0.59,0.18,317,14,19,5,32.2,27.78,9.91,9,4,13,5,12,213.0,96.47,16.87,18.74,432.38,100.0,1,Sporting CP 4-0 Estrela,2025-11-30
Santa Clara,1.01,2.05,-1.04,0.22,1.0,-0.78,0.04,0.29,-0.25,0.25,1.29,-1.04,1,1,0,1.04,42.4,56.07,46.14,0.11,0.56,145,3,9,9,81.82,16.07,10.7,6,3,22,5,15,62.8,51.22,73.8,73.21,111.5,63.28,0,Rio Ave 1-1 Santa Clara,2025-11-30
Rio Ave,2.05,1.01,1.04,1.0,0.22,0.78,0.29,0.04,0.25,1.29,0.25,1.04,1,1,0,-1.04,57.6,43.93,42.92,0.56,0.11,176,7,9,9,16.07,81.82,9.79,3,6,7,1,10,59.8,48.78,27.0,26.79,64.7,36.72,0,Rio Ave 1-1 Santa Clara,2025-11-30
Tondela,0.9,1.18,-0.28,0.14,1.14,-1.0,0.0,0.04,-0.04,0.14,1.18,-1.04,1,0,1,1.28,35.2,22.5,39.4,0.22,0.73,85,4,5,15,22.73,20.55,12.48,2,5,8,3,20,38.7,17.51,69.6,79.33,49.4,32.71,0,Gil Vicente 0-1 Tondela,2025-11-29
Gil Vicente,1.18,0.9,0.28,1.14,0.14,1.0,0.04,0.0,0.04,1.18,0.14,1.04,0,1,-1,-1.28,64.8,77.5,52.25,0.73,0.22,289,13,15,5,20.55,22.73,7.76,5,2,41,12,10,182.3,82.49,18.13,20.67,101.63,67.29,4,Gil Vicente 0-1 Tondela,2025-11-29
Benfica,3.23,0.38,2.85,2.58,0.36,2.22,0.65,0.02,0.63,3.23,0.38,2.85,2,1,1,-1.85,70.1,78.91,58.78,2.17,0.19,458,28,30,6,13.82,31.58,8.96,5,3,36,11,8,376.7,99.24,15.07,12.8,291.43,97.68,1,Nacional 1-2 Benfica,2025-11-29
Nacional,0.38,3.23,-2.85,0.36,2.58,-2.22,0.02,0.65,-0.63,0.38,3.23,-2.85,1,2,-1,1.85,29.9,21.09,44.11,0.19,2.17,103,3,6,30,31.58,13.82,22.06,3,5,7,2,10,2.9,0.76,102.67,87.2,6.93,2.32,1,Nacional 1-2 Benfica,2025-11-29
Famalicão,2.29,1.44,0.85,2.15,1.41,0.74,0.14,0.02,0.12,2.29,1.44,0.85,2,2,0,-0.85,51.0,70.83,50.22,1.64,0.29,221,27,17,11,10.37,37.93,7.82,10,4,27,4,22,156.2,80.06,64.6,69.46,179.1,93.92,4,Moreirense 2-2 Famalicão,2025-11-29
Moreirense,1.44,2.29,-0.85,1.41,2.15,-0.74,0.02,0.14,-0.12,1.44,2.29,-0.85,2,2,0,0.85,49.0,29.17,37.14,0.29,1.64,97,8,11,17,37.93,10.37,10.47,4,10,13,5,17,38.9,19.94,28.4,30.54,11.6,6.08,0,Moreirense 2-2 Famalicão,2025-11-29
Alverca,1.57,0.37,1.2,1.37,0.35,1.02,0.19,0.03,0.16,1.57,0.37,1.2,2,0,2,0.8,47.8,56.48,51.38,0.85,0.25,260,9,10,5,11.76,20.0,13.38,2,0,18,4,17,143.1,70.04,63.2,56.83,139.3,80.33,0,Casa Pia 0-2 Alverca,2025-11-29
Casa Pia,0.37,1.57,-1.2,0.35,1.37,-1.02,0.03,0.19,-0.16,0.37,1.57,-1.2,0,2,-2,-0.8,52.2,43.52,41.75,0.25,0.85,160,7,5,10,20.0,11.76,11.35,0,2,20,6,9,61.2,29.96,48.0,43.17,34.1,19.67,0,Casa Pia 0-2 Alverca,2025-11-29
AVS,1.06,1.59,-0.53,1.02,1.33,-0.31,0.03,0.26,-0.23,1.06,1.59,-0.53,0,4,-4,-3.47,54.0,39.34,39.49,0.65,0.47,111,10,9,11,13.85,23.4,12.0,1,6,13,3,14,44.4,34.26,20.87,19.98,13.97,5.27,1,Vitória Guimarães 4-0 AVS,2025-11-28
Vitória Guimarães,1.59,1.06,0.53,1.33,1.02,0.31,0.26,0.03,0.23,1.59,1.06,0.53,4,0,4,3.47,46.0,60.66,44.72,0.47,0.65,156,7,11,9,23.4,13.85,9.95,6,1,20,7,11,85.2,65.74,83.6,80.02,251.36,94.73,1,Vitória Guimarães 4-0 AVS,2025-11-28
Casa Pia,1.51,2.35,-0.84,0.68,0.98,-0.3,0.07,0.61,-0.54,0.75,1.59,-0.84,2,2,0,0.84,34.3,13.6,36.26,0.14,0.75,84,4,8,19,57.14,25.33,30.38,0,8,6,2,8,22.6,7.48,95.47,71.35,13.96,4.21,0,Benfica 2-2 Casa Pia,2025-11-09
Benfica,2.35,1.51,0.84,0.98,0.68,0.3,0.61,0.07,0.54,1.59,0.75,0.84,2,2,0,-0.84,65.7,86.4,57.21,0.75,0.14,408,17,19,8,25.33,57.14,10.78,8,0,18,6,8,279.5,92.52,38.33,28.65,317.69,95.79,2,Benfica 2-2 Casa Pia,2025-11-09
Moreirense,1.16,2.52,-1.36,0.88,1.5,-0.62,0.28,0.26,0.02,1.16,1.76,-0.6,1,2,-1,0.36,47.5,45.54,45.58,0.79,0.04,197,13,11,11,13.92,275.0,13.9,2,5,23,3,15,79.1,40.4,65.67,59.92,89.13,35.26,0,Sporting Braga 2-1 Moreirense,2025-11-09
Sporting Braga,2.52,1.16,1.36,1.5,0.88,0.62,0.26,0.28,-0.02,1.76,1.16,0.6,2,1,1,-0.36,52.5,54.46,45.74,0.04,0.79,223,12,11,11,275.0,13.92,8.47,5,2,17,5,13,116.7,59.6,43.93,40.08,163.67,64.74,0,Sporting Braga 2-1 Moreirense,2025-11-09
Porto,2.3,0.48,1.82,2.18,0.48,1.7,0.11,0.0,0.11,2.3,0.48,1.82,1,0,1,-0.82,54.1,56.16,46.66,1.02,0.36,200,19,19,8,18.63,22.22,7.47,13,4,16,4,13,145.8,70.71,54.93,55.3,158.23,79.1,2,Famalicão 0-1 Porto,2025-11-09
Famalicão,0.48,2.3,-1.82,0.48,2.18,-1.7,0.0,0.11,-0.11,0.48,2.3,-1.82,0,1,-1,0.82,45.9,43.84,43.59,0.36,1.02,166,5,8,19,22.22,18.63,8.84,4,13,13,2,24,60.4,29.29,44.4,44.7,41.8,20.9,1,Famalicão 0-1 Porto,2025-11-09
Nacional,1.92,2.33,-0.41,1.34,1.27,0.07,0.58,0.3,0.28,1.92,1.57,0.35,1,1,0,0.41,38.6,50.0,48.4,0.58,0.52,150,14,17,14,29.31,26.92,9.35,6,2,18,6,15,70.1,58.22,74.4,88.57,126.57,78.35,4,Estrela 1-1 Nacional,2025-11-09
Estrela,2.33,1.92,0.41,1.27,1.34,-0.07,0.3,0.58,-0.28,1.57,1.92,-0.35,1,1,0,-0.41,61.4,50.0,40.87,0.52,0.58,144,7,14,17,26.92,29.31,8.86,2,6,21,2,12,50.3,41.78,9.6,11.43,34.97,21.65,2,Estrela 1-1 Nacional,2025-11-09
Gil Vicente,2.45,2.41,0.04,1.43,1.65,-0.22,0.26,0.0,0.26,1.69,1.65,0.04,1,1,0,-0.04,55.5,57.14,43.59,0.42,0.64,191,12,12,16,28.57,25.0,7.09,6,6,14,4,19,97.4,49.52,40.13,29.77,90.53,43.32,6,AVS 1-1 Gil Vicente,2025-11-09
AVS,2.41,2.45,-0.04,1.65,1.43,0.22,0.0,0.26,-0.26,1.65,1.69,-0.04,1,1,0,0.04,44.5,42.86,43.3,0.64,0.42,134,12,16,12,25.0,28.57,9.89,6,6,20,1,12,99.3,50.48,94.67,70.23,118.47,56.68,1,AVS 1-1 Gil Vicente,2025-11-09
Sporting CP,2.37,0.56,1.81,2.17,0.56,1.61,0.19,0.0,0.19,2.37,0.56,1.81,2,1,1,-0.81,72.6,80.62,55.94,1.39,0.52,478,17,21,5,15.11,9.62,6.84,5,3,34,12,12,326.3,97.43,2.6,1.77,193.0,91.21,0,Santa Clara 1-2 Sporting CP,2025-11-08
Santa Clara,0.56,2.37,-1.81,0.56,2.17,-1.61,0.0,0.19,-0.19,0.56,2.37,-1.81,1,2,-1,0.81,27.4,19.38,41.43,0.52,1.39,90,3,5,21,9.62,15.11,18.46,3,5,12,2,11,8.6,2.57,144.4,98.23,18.6,8.79,0,Santa Clara 1-2 Sporting CP,2025-11-08
Vitória Guimarães,1.78,2.06,-0.28,0.96,2.05,-1.09,0.07,0.01,0.06,1.02,2.06,-1.04,1,0,1,1.28,50.4,48.29,43.88,0.6,1.07,167,14,11,15,18.33,14.02,11.86,2,3,17,3,11,82.4,53.54,38.73,40.8,62.83,48.32,5,Tondela 0-1 Vitória Guimarães,2025-11-08
Tondela,2.06,1.78,0.28,2.05,0.96,1.09,0.01,0.07,-0.06,2.06,1.02,1.04,0,1,-1,-1.28,49.6,51.71,44.08,1.07,0.6,171,12,15,11,14.02,18.33,12.32,3,2,22,4,14,71.5,46.46,56.2,59.2,67.2,51.68,1,Tondela 0-1 Vitória Guimarães,2025-11-08
Rio Ave,0.72,2.21,-1.49,0.72,1.9,-1.18,0.0,0.31,-0.31,0.72,2.21,-1.49,1,1,0,1.49,43.6,29.21,41.01,0.21,0.51,120,4,11,15,52.38,29.41,11.06,2,3,9,3,16,29.0,13.52,58.53,56.75,34.23,19.45,0,Alverca 1-1 Rio Ave,2025-11-08
Alverca,2.21,0.72,1.49,1.9,0.72,1.18,0.31,0.0,0.31,2.21,0.72,1.49,1,1,0,-1.49,56.4,70.79,49.57,0.51,0.21,267,17,15,11,29.41,52.38,9.58,3,2,26,9,15,185.5,86.48,44.6,43.25,141.8,80.55,0,Alverca 1-1 Rio Ave,2025-11-08
Arouca,1.4,2.34,-0.94,1.28,1.4,-0.12,0.12,0.94,-0.82,1.4,2.34,-0.94,3,4,-1,-0.06,53.2,37.19,41.42,0.4,0.74,166,7,10,20,25.0,27.03,11.66,3,8,11,2,13,33.7,16.96,21.73,18.97,25.3,16.59,0,Estoril 4-3 Arouca,2025-11-07
Estoril,2.34,1.4,0.94,1.4,1.28,0.12,0.94,0.12,0.82,2.34,1.4,0.94,4,3,1,0.06,46.8,62.81,49.66,0.74,0.4,202,21,20,10,27.03,25.0,11.65,8,3,30,10,9,165.0,83.04,92.8,81.03,127.17,83.41,1,Estoril 4-3 Arouca,2025-11-07
Santa Clara,1.24,0.6,0.64,1.24,0.53,0.71,0.0,0.07,-0.07,1.24,0.6,0.64,0,1,-1,-1.64,62.7,70.08,44.2,0.88,0.28,231,10,15,9,17.05,32.14,10.1,4,6,23,0,14,135.5,77.38,30.2,20.6,71.87,49.55,1,Gil Vicente 1-0 Santa Clara,2025-11-03
Gil Vicente,0.6,1.24,-0.64,0.53,1.24,-0.71,0.07,0.0,0.07,0.6,1.24,-0.64,1,0,1,1.64,37.3,29.92,38.94,0.28,0.88,94,6,9,15,32.14,17.05,14.0,6,4,5,2,16,39.6,22.62,116.4,79.4,73.17,50.45,2,Gil Vicente 1-0 Santa Clara,2025-11-03
Sporting Braga,1.02,0.93,0.09,0.79,0.93,-0.14,0.24,0.0,0.24,1.02,0.93,0.09,1,2,-1,-1.09,68.7,75.14,49.01,0.39,0.3,379,16,10,9,25.64,30.0,7.97,5,4,16,3,13,238.4,89.86,10.27,5.25,113.2,58.66,0,Porto 2-1 Sporting Braga,2025-11-02
Porto,0.93,1.02,-0.09,0.93,0.79,0.14,0.0,0.24,-0.24,0.93,1.02,-0.09,2,1,1,1.09,31.3,24.86,40.44,0.3,0.39,115,4,9,10,30.0,25.64,14.42,4,5,5,2,15,26.9,10.14,185.53,94.75,79.77,41.34,0,Porto 2-1 Sporting Braga,2025-11-02
Moreirense,1.03,1.11,-0.08,1.03,0.71,0.32,0.0,0.4,-0.4,1.03,1.11,-0.08,2,0,2,2.08,42.1,34.67,41.35,0.32,0.62,143,13,6,11,18.75,17.74,16.59,4,11,8,2,11,54.3,27.42,75.53,69.85,96.0,65.77,2,Arouca 0-2 Moreirense,2025-11-02
Arouca,1.11,1.03,0.08,0.71,1.03,-0.32,0.4,0.0,0.4,1.11,1.03,0.08,0,2,-2,-2.08,57.9,65.33,49.34,0.62,0.32,310,14,11,6,17.74,18.75,8.5,11,4,32,5,11,143.7,72.58,32.6,30.15,49.97,34.23,1,Arouca 0-2 Moreirense,2025-11-02
Tondela,1.85,1.28,0.57,0.62,1.17,-0.55,0.47,0.11,0.36,1.09,1.28,-0.19,2,2,0,-0.57,44.5,41.79,45.9,0.67,0.46,129,6,10,15,14.93,32.61,8.02,3,4,15,3,17,55.2,35.38,41.4,70.81,64.47,49.52,0,AVS 2-2 Tondela,2025-11-02
AVS,1.28,1.85,-0.57,1.17,0.62,0.55,0.11,0.47,-0.36,1.28,1.09,0.19,2,2,0,0.57,55.5,58.21,49.66,0.46,0.67,210,11,15,10,32.61,14.93,9.1,4,3,17,5,18,100.8,64.62,17.07,29.19,65.73,50.48,3,AVS 2-2 Tondela,2025-11-02
Benfica,2.52,0.69,1.83,2.22,0.62,1.6,0.3,0.07,0.23,2.52,0.69,1.83,3,0,3,1.17,65.8,75.08,51.47,1.75,0.15,329,20,24,10,13.71,66.67,7.91,12,3,17,6,11,228.9,91.3,17.67,12.64,153.13,81.21,0,Vitória Guimarães 0-3 Benfica,2025-11-01
Vitória Guimarães,0.69,2.52,-1.83,0.62,2.22,-1.6,0.07,0.3,-0.23,0.69,2.52,-1.83,0,3,-3,-1.17,34.2,24.92,39.73,0.15,1.75,95,5,10,24,66.67,13.71,18.33,3,12,7,3,12,21.8,8.7,122.07,87.36,35.43,18.79,0,Vitória Guimarães 0-3 Benfica,2025-11-01
Estoril,3.8,0.38,3.42,2.64,0.38,2.26,0.4,0.0,0.4,3.04,0.38,2.66,4,0,4,0.58,59.4,80.07,52.12,1.55,0.16,332,26,24,2,15.48,12.5,13.71,6,3,30,6,14,276.6,98.02,48.67,44.46,287.37,97.03,0,Rio Ave 0-4 Estoril,2025-11-01
Rio Ave,0.38,3.8,-3.42,0.38,2.64,-2.26,0.0,0.4,-0.4,0.38,3.04,-2.66,0,4,-4,-0.58,40.6,19.93,38.06,0.16,1.55,129,1,2,24,12.5,15.48,16.8,3,6,2,0,10,5.6,1.98,60.8,55.54,8.8,2.97,0,Rio Ave 0-4 Estoril,2025-11-01
Estrela,2.2,1.51,0.69,0.6,1.38,-0.78,0.07,0.13,-0.06,0.68,1.51,-0.83,5,3,2,1.31,43.9,35.29,39.4,0.49,0.32,91,4,12,10,24.49,31.25,9.63,2,6,8,2,21,49.4,42.26,50.33,55.59,69.23,55.19,0,Casa Pia 3-5 Estrela,2025-11-01
Casa Pia,1.51,2.2,-0.69,1.38,0.6,0.78,0.13,0.07,0.06,1.51,0.68,0.83,3,5,-2,-1.31,56.1,64.71,48.13,0.32,0.49,200,12,10,12,31.25,24.49,6.64,6,2,34,5,20,67.5,57.74,40.2,44.41,56.2,44.81,3,Casa Pia 3-5 Estrela,2025-11-01
Famalicão,2.16,0.61,1.55,1.93,0.58,1.35,0.23,0.03,0.2,2.16,0.61,1.55,1,0,1,-0.55,56.7,57.48,46.7,0.71,0.3,174,16,20,8,28.17,26.67,7.17,3,4,24,10,18,165.1,77.51,28.33,40.51,160.8,78.95,3,Nacional 0-1 Famalicão,2025-11-01
Nacional,0.61,2.16,-1.55,0.58,1.93,-1.35,0.03,0.23,-0.2,0.61,2.16,-1.55,0,1,-1,0.55,43.3,42.52,49.06,0.3,0.71,139,6,8,20,26.67,28.17,9.24,4,3,19,3,15,47.9,22.49,41.6,59.49,42.87,21.05,2,Nacional 0-1 Famalicão,2025-11-01
Alverca,0.3,3.67,-3.37,0.3,3.15,-2.85,0.0,0.52,-0.52,0.3,3.67,-3.37,0,2,-2,1.37,33.5,21.72,40.26,0.29,1.42,111,2,8,27,27.59,19.01,30.47,1,6,4,0,10,10.0,2.83,93.67,86.41,10.77,3.31,1,Sporting CP 2-0 Alverca,2025-10-31
Sporting CP,3.67,0.3,3.37,3.15,0.3,2.85,0.52,0.0,0.52,3.67,0.3,3.37,2,0,2,-1.37,66.5,78.28,54.34,1.42,0.29,417,23,27,8,19.01,27.59,10.52,6,1,28,10,9,343.3,97.17,14.73,13.59,314.33,96.69,0,Sporting CP 2-0 Alverca,2025-10-31
Porto,2.54,0.48,2.06,1.18,0.48,0.7,0.61,0.0,0.61,1.78,0.48,1.3,2,1,1,-1.06,61.0,72.82,52.44,0.88,0.29,281,16,16,8,18.18,27.59,8.22,7,4,24,7,13,179.6,88.47,34.8,29.31,147.83,77.36,4,Moreirense 1-2 Porto,2025-10-27
Moreirense,0.48,2.54,-2.06,0.48,1.18,-0.7,0.0,0.61,-0.61,0.48,1.78,-1.3,1,2,-1,1.06,39.0,27.18,38.49,0.29,0.88,83,3,8,16,27.59,18.18,15.8,4,7,11,2,15,23.4,11.53,83.93,70.69,43.27,22.64,0,Moreirense 1-2 Porto,2025-10-27
Casa Pia,0.34,3.11,-2.77,0.34,2.31,-1.97,0.0,0.05,-0.05,0.34,2.35,-2.01,0,4,-4,-1.23,40.0,30.93,34.92,0.27,0.26,95,4,3,15,11.11,57.69,14.94,5,5,8,2,16,24.6,12.63,67.93,65.36,12.27,3.25,1,Sporting Braga 4-0 Casa Pia,2025-10-26
Sporting Braga,3.11,0.34,2.77,2.31,0.34,1.97,0.05,0.0,0.05,2.35,0.34,2.01,4,0,4,1.23,60.0,69.07,47.5,0.26,0.27,262,11,15,3,57.69,11.11,9.64,5,5,8,4,16,170.2,87.37,36.0,34.64,365.38,96.75,0,Sporting Braga 4-0 Casa Pia,2025-10-26
Sporting CP,4.19,0.73,3.46,3.72,0.73,2.99,0.47,0.0,0.47,4.19,0.73,3.46,3,0,3,-0.46,65.7,63.56,50.57,1.13,0.55,321,22,29,9,25.66,16.36,8.59,3,7,24,9,12,217.8,85.08,8.13,6.54,161.47,81.8,0,Tondela 0-3 Sporting CP,2025-10-26
Tondela,0.73,4.19,-3.46,0.73,3.72,-2.99,0.0,0.47,-0.47,0.73,4.19,-3.46,0,3,-3,0.46,34.3,36.44,49.01,0.55,1.13,163,5,9,29,16.36,25.66,12.11,7,3,19,2,12,38.2,14.92,116.2,93.46,35.93,18.2,2,Tondela 0-3 Sporting CP,2025-10-26
Vitória Guimarães,0.89,2.12,-1.23,0.85,2.12,-1.27,0.04,0.0,0.04,0.89,2.12,-1.23,0,2,-2,-0.77,49.9,49.61,44.99,0.72,0.72,170,10,13,15,18.06,20.83,7.47,7,3,21,4,14,75.9,46.03,53.8,55.62,62.97,44.23,4,Famalicão 2-0 Vitória Guimarães,2025-10-26
Famalicão,2.12,0.89,1.23,2.12,0.85,1.27,0.0,0.04,-0.04,2.12,0.89,1.23,2,0,2,0.77,50.1,50.39,43.18,0.72,0.72,140,9,15,13,20.83,18.06,8.97,3,7,18,5,20,89.0,53.97,42.93,44.38,79.4,55.77,1,Famalicão 2-0 Vitória Guimarães,2025-10-26
Nacional,1.52,1.91,-0.39,0.8,0.58,0.22,0.73,0.57,0.16,1.52,1.15,0.37,1,1,0,0.39,40.8,39.69,43.38,0.31,0.49,115,12,9,13,29.03,26.53,9.03,4,5,18,5,15,41.5,29.64,58.73,83.19,68.4,51.07,1,Estoril 1-1 Nacional,2025-10-26
Estoril,1.91,1.52,0.39,0.58,0.8,-0.22,0.57,0.73,-0.16,1.15,1.52,-0.37,1,1,0,-0.39,59.2,60.31,46.37,0.49,0.31,177,9,13,9,26.53,29.03,6.56,5,4,24,6,13,98.5,70.36,11.87,16.81,65.53,48.93,3,Estoril 1-1 Nacional,2025-10-26
Arouca,0.5,4.23,-3.73,0.5,1.48,-0.98,0.0,0.47,-0.47,0.5,1.95,-1.45,0,5,-5,-1.27,47.7,38.69,41.01,0.25,0.86,146,2,5,17,20.0,19.77,11.75,1,7,10,1,18,23.3,13.05,63.87,51.07,4.2,1.18,1,Benfica 5-0 Arouca,2025-10-25
Benfica,4.23,0.5,3.73,1.48,0.5,0.98,0.47,0.0,0.47,1.95,0.5,1.45,5,0,5,1.27,52.3,61.31,47.3,0.86,0.25,211,18,17,5,19.77,20.0,8.66,7,1,18,9,13,155.3,86.95,61.2,48.93,352.34,98.82,0,Benfica 5-0 Arouca,2025-10-25
Rio Ave,0.74,1.12,-0.38,0.74,0.93,-0.19,0.0,0.19,-0.19,0.74,1.12,-0.38,2,1,1,1.38,43.8,33.77,40.88,0.41,0.73,121,7,8,16,19.51,21.92,9.58,5,5,9,5,20,38.6,22.88,62.47,53.79,66.07,30.93,1,Estrela 1-2 Rio Ave,2025-10-25
Estrela,1.12,0.74,0.38,0.93,0.74,0.19,0.19,0.0,0.19,1.12,0.74,0.38,1,2,-1,-1.38,56.2,66.23,44.88,0.73,0.41,192,18,16,8,21.92,19.51,7.44,5,5,25,4,16,130.1,77.12,53.67,46.21,147.57,69.07,1,Estrela 1-2 Rio Ave,2025-10-25
AVS,0.36,2.56,-2.2,0.25,1.42,-1.17,0.1,0.38,-0.28,0.36,1.8,-1.44,0,2,-2,0.2,40.7,41.41,49.87,0.54,0.49,177,10,7,20,12.96,40.82,13.17,3,6,23,4,15,52.0,20.02,115.0,80.91,67.77,32.43,0,Santa Clara 2-0 AVS,2025-10-25
Santa Clara,2.56,0.36,2.2,1.42,0.25,1.17,0.38,0.1,0.28,1.8,0.36,1.44,2,0,2,-0.2,59.3,58.59,47.82,0.49,0.54,246,12,20,7,40.82,12.96,8.06,6,3,20,8,10,207.7,79.98,27.13,19.09,141.2,67.57,0,Santa Clara 2-0 AVS,2025-10-25
Gil Vicente,1.65,1.62,0.03,1.6,0.86,0.74,0.05,0.0,0.05,1.65,0.86,0.79,4,0,4,3.97,44.2,47.33,47.85,0.55,0.94,163,7,12,6,21.82,6.38,10.18,6,7,10,4,18,83.3,50.7,68.13,72.59,169.7,91.73,3,Alverca 0-4 Gil Vicente,2025-10-24
Alverca,1.62,1.65,-0.03,0.86,1.6,-0.74,0.0,0.05,-0.05,0.86,1.65,-0.79,0,4,-4,-3.97,55.8,52.67,46.02,0.94,0.55,178,11,6,12,6.38,21.82,7.27,7,6,18,1,12,81.0,49.3,25.73,27.41,15.3,8.27,0,Alverca 0-4 Gil Vicente,2025-10-24
Benfica,0.23,1.08,-0.85,0.07,1.04,-0.97,0.16,0.05,0.11,0.23,1.08,-0.85,0,0,0,0.85,47.8,39.25,43.82,0.13,0.7,167,4,4,8,30.77,11.43,13.18,1,8,8,3,6,34.8,23.4,54.6,43.84,21.9,15.84,1,Porto 0-0 Benfica,2025-10-05
Porto,1.08,0.23,0.85,1.04,0.07,0.97,0.05,0.16,-0.11,1.08,0.23,0.85,0,0,0,-0.85,52.2,60.75,47.57,0.7,0.13,211,14,8,4,11.43,30.77,12.27,8,1,17,3,16,113.9,76.6,69.93,56.16,116.33,84.16,3,Porto 0-0 Benfica,2025-10-05
Sporting Braga,1.71,2.08,-0.37,0.87,2.08,-1.21,0.08,0.0,0.08,0.95,2.08,-1.13,1,1,0,0.37,55.7,64.96,46.64,0.93,0.87,263,14,11,13,11.83,14.94,9.69,5,3,13,5,12,121.0,70.84,46.8,37.34,121.77,54.59,1,Sporting CP 1-1 Sporting Braga,2025-10-05
Sporting CP,2.08,1.71,0.37,2.08,0.87,1.21,0.0,0.08,-0.08,2.08,0.95,1.13,1,1,0,-0.37,44.3,35.04,39.79,0.87,0.93,133,9,13,11,14.94,11.83,11.97,3,5,10,1,19,49.8,29.16,78.53,62.66,101.3,45.41,0,Sporting CP 1-1 Sporting Braga,2025-10-05
Tondela,1.42,2.54,-1.12,1.28,2.4,-1.12,0.14,0.14,0.0,1.42,2.54,-1.12,0,3,-3,-1.88,52.8,65.89,50.57,1.0,0.3,235,14,13,13,13.0,43.33,9.11,5,2,33,7,15,132.3,66.95,67.87,67.55,101.48,57.83,1,Rio Ave 3-0 Tondela,2025-10-05
Rio Ave,2.54,1.42,1.12,2.4,1.28,1.12,0.14,0.14,0.0,2.54,1.42,1.12,3,0,3,1.88,47.2,34.11,40.76,0.3,1.0,139,11,13,13,43.33,13.0,12.07,2,5,13,6,15,65.3,33.05,32.6,32.45,73.99,42.17,0,Rio Ave 3-0 Tondela,2025-10-05
Famalicão,2.23,0.78,1.45,2.04,0.62,1.42,0.19,0.15,0.04,2.23,0.78,1.45,1,1,0,-1.45,53.9,62.75,47.46,1.53,0.33,181,25,14,7,9.15,21.21,8.08,8,2,35,11,12,146.8,81.83,40.87,45.18,134.57,80.26,3,Arouca 1-1 Famalicão,2025-10-05
Arouca,0.78,2.23,-1.45,0.62,2.04,-1.42,0.15,0.19,-0.04,0.78,2.23,-1.45,1,1,0,1.45,46.1,37.25,36.21,0.33,1.53,92,3,7,14,21.21,9.15,8.49,2,8,13,4,22,32.6,18.17,49.6,54.82,33.1,19.74,1,Arouca 1-1 Famalicão,2025-10-05
Santa Clara,2.01,1.65,0.36,1.83,0.82,1.01,0.17,0.83,-0.66,2.01,1.65,0.36,1,2,-1,-1.36,48.3,30.79,40.13,0.46,1.09,143,6,13,14,28.26,12.84,13.16,0,7,11,3,11,67.6,27.84,33.47,38.71,58.5,30.53,1,Vitória Guimarães 2-1 Santa Clara,2025-10-04
Vitória Guimarães,1.65,2.01,-0.36,0.82,1.83,-1.01,0.83,0.17,0.66,1.65,2.01,-0.36,2,1,1,1.36,51.7,69.21,54.13,1.09,0.46,283,16,14,13,12.84,28.26,9.32,7,0,30,9,17,175.2,72.16,53.0,61.29,133.13,69.47,4,Vitória Guimarães 2-1 Santa Clara,2025-10-04
Alverca,2.0,0.72,1.28,1.59,0.72,0.87,0.41,0.0,0.41,2.0,0.72,1.28,3,1,2,0.72,50.3,45.09,45.61,0.64,0.68,189,9,12,5,18.75,7.35,11.36,4,4,16,5,6,93.2,49.73,35.67,42.7,89.57,51.55,0,AVS 1-3 Alverca,2025-10-04
AVS,0.72,2.0,-1.28,0.72,1.59,-0.87,0.0,0.41,-0.41,0.72,2.0,-1.28,1,3,-2,-0.72,49.7,54.91,48.82,0.68,0.64,220,9,5,12,7.35,18.75,14.25,4,4,24,0,16,94.2,50.27,47.87,57.3,84.17,48.45,0,AVS 1-3 Alverca,2025-10-04
Moreirense,1.68,2.87,-1.19,1.68,1.35,0.33,0.0,0.0,0.0,1.68,1.35,0.33,2,3,-1,0.19,42.0,35.59,40.47,0.59,0.27,101,14,10,17,16.95,62.96,10.45,6,4,12,4,16,33.0,21.55,56.53,54.85,44.0,28.1,4,Nacional 3-2 Moreirense,2025-10-04
Nacional,2.87,1.68,1.19,1.35,1.68,-0.33,0.0,0.0,0.0,1.35,1.68,-0.33,3,2,1,-0.19,58.0,64.41,48.24,0.27,0.59,181,11,17,10,62.96,16.95,7.58,4,6,18,2,12,120.1,78.45,46.53,45.15,112.6,71.9,5,Nacional 3-2 Moreirense,2025-10-04
Estrela,1.29,2.83,-1.54,0.97,1.3,-0.33,0.32,0.01,0.31,1.29,1.31,-0.02,0,2,-2,-0.46,56.1,46.89,43.99,0.88,0.36,177,12,15,15,17.05,41.67,8.0,3,7,28,7,15,104.6,47.48,15.47,15.64,52.87,22.84,0,Gil Vicente 2-0 Estrela,2025-10-04
Gil Vicente,2.83,1.29,1.54,1.3,0.97,0.33,0.01,0.32,-0.31,1.31,1.29,0.02,2,0,2,0.46,43.9,53.11,48.57,0.36,0.88,162,13,15,15,41.67,17.05,11.39,7,3,14,5,12,115.7,52.52,83.47,84.36,178.6,77.16,4,Gil Vicente 2-0 Estrela,2025-10-04
Estoril,1.35,2.12,-0.77,0.75,1.41,-0.66,0.6,0.71,-0.11,1.35,2.12,-0.77,2,2,0,0.77,49.5,47.37,43.77,0.16,0.86,155,7,10,11,62.5,12.79,16.0,2,6,17,7,12,59.6,43.86,61.87,62.2,78.3,51.17,3,Casa Pia 2-2 Estoril,2025-10-03
Casa Pia,2.12,1.35,0.77,1.41,0.75,0.66,0.71,0.6,0.11,2.12,1.35,0.77,2,2,0,-0.77,50.5,52.63,46.36,0.86,0.16,206,12,11,10,12.79,62.5,9.1,6,2,25,6,14,76.3,56.14,37.6,37.8,74.73,48.83,3,Casa Pia 2-2 Estoril,2025-10-03
Porto,2.99,1.1,1.89,2.97,0.92,2.05,0.02,0.19,-0.17,2.99,1.1,1.89,4,0,4,2.11,52.4,52.75,44.52,0.62,0.67,152,13,16,13,25.81,19.4,9.97,4,1,23,8,8,102.1,61.84,44.87,45.08,117.43,79.91,1,Arouca 0-4 Porto,2025-09-29
Arouca,1.1,2.99,-1.89,0.92,2.97,-2.05,0.19,0.02,0.17,1.1,2.99,-1.89,0,4,-4,-2.11,47.6,47.25,45.53,0.67,0.62,178,12,13,16,19.4,25.81,15.39,1,4,19,5,13,63.0,38.16,54.67,54.92,29.53,20.09,0,Arouca 0-4 Porto,2025-09-29
Rio Ave,0.75,3.49,-2.74,0.75,3.07,-2.32,0.0,0.42,-0.42,0.75,3.49,-2.74,0,0,0,2.74,42.5,18.93,33.65,0.35,1.83,71,2,5,28,14.29,15.3,10.34,3,10,17,6,15,6.1,1.86,38.33,37.07,10.47,2.88,0,Famalicão 0-0 Rio Ave,2025-09-28
Famalicão,3.49,0.75,2.74,3.07,0.75,2.32,0.42,0.0,0.42,3.49,0.75,2.74,0,0,0,-2.74,57.5,81.07,57.39,1.83,0.35,347,26,28,5,15.3,14.29,7.6,10,3,32,11,19,321.6,98.14,65.07,62.93,352.7,97.12,4,Famalicão 0-0 Rio Ave,2025-09-28
Nacional,1.9,0.75,1.15,1.86,0.69,1.17,0.03,0.06,-0.03,1.9,0.75,1.15,1,0,1,-0.15,39.8,42.98,45.55,0.32,0.93,186,6,13,9,40.62,9.68,25.0,3,10,14,3,7,54.3,36.66,104.73,79.75,125.17,79.27,2,Sporting Braga 0-1 Nacional,2025-09-28
Sporting Braga,0.75,1.9,-1.15,0.69,1.86,-1.17,0.06,0.03,0.03,0.75,1.9,-1.15,0,1,-1,0.15,60.2,57.02,46.65,0.93,0.32,286,15,9,13,9.68,40.62,11.65,10,3,26,6,4,93.8,63.34,26.6,20.25,32.73,20.73,1,Sporting Braga 0-1 Nacional,2025-09-28
Vitória Guimarães,1.5,2.04,-0.54,1.47,1.25,0.22,0.04,0.03,0.01,1.5,1.28,0.22,0,2,-2,-1.46,57.8,71.17,52.84,1.35,0.32,256,18,19,11,14.07,34.38,9.35,4,4,33,5,17,182.2,83.35,30.93,46.72,161.1,83.63,2,Alverca 2-0 Vitória Guimarães,2025-09-28
Alverca,2.04,1.5,0.54,1.25,1.47,-0.22,0.03,0.04,-0.01,1.28,1.5,-0.22,2,0,2,1.46,42.2,28.83,42.29,0.32,1.35,110,3,11,19,34.38,14.07,7.78,4,4,7,1,15,36.4,16.65,35.27,53.28,31.53,16.37,0,Alverca 2-0 Vitória Guimarães,2025-09-28
Sporting CP,1.66,0.38,1.28,1.44,0.29,1.15,0.21,0.09,0.12,1.66,0.38,1.28,1,0,1,-0.28,62.3,64.86,48.22,0.76,0.08,330,10,9,7,11.84,87.5,9.97,3,6,16,9,12,124.8,81.78,10.27,6.08,66.4,42.11,0,Estoril 0-1 Sporting CP,2025-09-27
Estoril,0.38,1.66,-1.28,0.29,1.44,-1.15,0.09,0.21,-0.12,0.38,1.66,-1.28,0,1,-1,0.28,37.7,35.14,48.19,0.08,0.76,167,6,7,9,87.5,11.84,14.26,6,3,8,3,13,27.8,18.22,158.67,93.92,91.3,57.89,2,Estoril 0-1 Sporting CP,2025-09-27
AVS,1.0,2.12,-1.12,0.73,1.59,-0.86,0.27,0.54,-0.27,1.0,2.12,-1.12,0,3,-3,-1.88,46.0,53.02,45.98,0.4,1.01,175,6,11,11,27.5,10.89,9.88,7,3,17,6,20,54.8,51.41,85.53,75.42,48.17,28.53,0,Estrela 3-0 AVS,2025-09-27
Estrela,2.12,1.0,1.12,1.59,0.73,0.86,0.54,0.27,0.27,2.12,1.0,1.12,3,0,3,1.88,54.0,46.98,40.71,1.01,0.4,163,13,11,11,10.89,27.5,10.69,3,7,18,6,11,51.8,48.59,27.87,24.58,120.69,71.47,1,Estrela 3-0 AVS,2025-09-27
Tondela,0.79,2.08,-1.29,0.46,1.31,-0.85,0.32,0.01,0.31,0.79,1.32,-0.53,2,1,1,2.29,46.3,40.93,40.9,0.25,0.8,127,6,11,11,44.0,13.75,7.44,5,4,14,4,25,58.2,40.81,83.33,60.82,106.3,59.21,2,Santa Clara 1-2 Tondela,2025-09-27
Santa Clara,2.08,0.79,1.29,1.31,0.46,0.85,0.01,0.32,-0.31,1.32,0.79,0.53,1,2,-1,-2.29,53.7,59.07,47.81,0.8,0.25,195,11,11,11,13.75,44.0,7.44,4,5,20,3,13,84.4,59.19,53.67,39.18,73.23,40.79,1,Santa Clara 1-2 Tondela,2025-09-27
Casa Pia,2.12,1.64,0.48,1.84,1.53,0.31,0.28,0.11,0.17,2.12,1.64,0.48,1,2,-1,-1.48,45.3,51.64,46.69,0.63,0.24,167,14,20,12,31.75,50.0,10.71,3,3,24,8,15,95.6,56.67,69.6,66.08,125.73,62.37,4,Moreirense 2-1 Casa Pia,2025-09-27
Moreirense,1.64,2.12,-0.48,1.53,1.84,-0.31,0.11,0.28,-0.17,1.64,2.12,-0.48,2,1,1,1.48,54.7,48.36,44.03,0.24,0.63,167,9,12,20,50.0,31.75,9.5,3,3,16,6,13,73.1,43.33,35.73,33.92,75.87,37.63,3,Moreirense 2-1 Casa Pia,2025-09-27
Gil Vicente,2.54,1.55,0.99,2.24,0.79,1.45,0.29,0.0,0.29,2.54,0.79,1.75,1,2,-1,-1.99,53.0,54.18,46.8,1.14,0.22,193,12,16,10,14.04,45.45,6.53,8,5,23,7,20,66.7,51.79,48.87,50.76,77.87,45.07,2,Benfica 2-1 Gil Vicente,2025-09-26
Benfica,1.55,2.54,-0.99,0.79,2.24,-1.45,0.0,0.29,-0.29,0.79,2.54,-1.75,2,1,1,1.99,47.0,45.82,45.02,0.22,1.14,144,3,10,16,45.45,14.04,9.0,5,8,8,0,14,62.1,48.21,47.4,49.24,94.9,54.93,0,Benfica 2-1 Gil Vicente,2025-09-26
Rio Ave,0.35,2.76,-2.41,0.35,2.44,-2.09,0.0,0.32,-0.32,0.35,2.76,-2.41,1,1,0,2.41,31.5,19.14,38.69,0.2,1.47,84,5,4,19,20.0,12.93,14.7,1,10,6,2,17,11.3,3.44,65.33,82.84,14.53,5.07,1,Benfica 1-1 Rio Ave,2025-09-23
Benfica,2.76,0.35,2.41,2.44,0.35,2.09,0.32,0.0,0.32,2.76,0.35,2.41,1,1,0,-2.41,68.5,80.86,58.34,1.47,0.2,422,25,19,4,12.93,20.0,4.88,10,1,38,11,16,317.2,96.56,13.53,17.16,272.13,94.93,0,Benfica 1-1 Rio Ave,2025-09-23
Moreirense,0.21,5.38,-5.17,0.15,3.79,-3.64,0.05,0.07,-0.02,0.21,3.86,-3.65,0,3,-3,2.17,39.6,22.07,38.41,0.32,1.25,109,6,4,25,12.5,20.0,13.52,1,13,15,4,18,17.9,6.24,83.33,72.42,22.0,8.41,0,Sporting CP 3-0 Moreirense,2025-09-22
Sporting CP,5.38,0.21,5.17,3.79,0.15,3.64,0.07,0.05,0.02,3.86,0.21,3.65,3,0,3,-2.17,60.4,77.93,54.47,1.25,0.32,379,17,25,4,20.0,12.5,7.35,13,1,20,6,16,268.8,93.76,31.73,27.58,239.63,91.59,0,Sporting CP 3-0 Moreirense,2025-09-22
Famalicão,2.04,1.16,0.88,1.88,0.34,1.54,0.16,0.05,0.11,2.04,0.4,1.64,1,1,0,-0.88,47.2,52.28,48.47,0.99,-0.01,162,17,11,10,11.11,-1000.0,9.31,4,3,13,3,21,101.9,67.48,47.73,76.42,121.07,85.66,6,Casa Pia 1-1 Famalicão,2025-09-21
Casa Pia,1.16,2.04,-0.88,0.34,1.88,-1.54,0.05,0.16,-0.11,0.4,2.04,-1.64,1,1,0,0.88,52.8,47.72,41.13,-0.01,0.99,129,9,10,11,-1000.0,11.11,7.13,3,4,18,5,18,49.1,32.52,14.73,23.58,20.27,14.34,6,Casa Pia 1-1 Famalicão,2025-09-21
Estoril,0.77,2.86,-2.09,0.77,1.97,-1.2,0.0,0.13,-0.13,0.77,2.1,-1.33,0,2,-2,0.09,48.0,41.15,45.16,0.31,0.79,128,9,7,16,22.58,20.25,8.24,6,7,9,0,13,42.4,26.55,25.6,36.78,29.77,16.35,1,Gil Vicente 2-0 Estoril,2025-09-21
Gil Vicente,2.86,0.77,2.09,1.97,0.77,1.2,0.13,0.0,0.13,2.1,0.77,1.33,2,0,2,-0.09,52.0,58.85,48.6,0.79,0.31,182,10,16,7,20.25,22.58,7.97,7,6,17,4,16,117.3,73.45,44.0,63.22,152.27,83.65,9,Gil Vicente 2-0 Estoril,2025-09-21
Estrela,1.25,2.36,-1.11,1.25,2.19,-0.94,0.0,0.17,-0.17,1.25,2.36,-1.11,0,0,0,1.11,45.8,35.35,41.56,0.93,0.93,125,9,8,17,8.6,18.28,10.1,3,7,20,2,13,40.9,20.54,35.53,48.63,31.7,17.35,2,Tondela 0-0 Estrela,2025-09-21
Tondela,2.36,1.25,1.11,2.19,1.25,0.94,0.17,0.0,0.17,2.36,1.25,1.11,0,0,0,-1.11,54.2,64.65,52.21,0.93,0.93,237,18,17,8,18.28,8.6,7.0,7,3,30,5,16,158.2,79.46,37.53,51.37,151.0,82.65,4,Tondela 0-0 Estrela,2025-09-21
Sporting Braga,1.77,1.44,0.33,1.23,0.61,0.62,0.54,0.07,0.47,1.77,0.68,1.09,1,1,0,-0.33,61.9,72.14,52.19,0.67,0.41,341,16,17,11,25.37,26.83,9.5,5,2,24,5,15,227.6,90.0,32.53,28.79,204.1,80.73,0,Vitória Guimarães 1-1 Sporting Braga,2025-09-20
Vitória Guimarães,1.44,1.77,-0.33,0.61,1.23,-0.62,0.07,0.54,-0.47,0.68,1.77,-1.09,1,1,0,0.33,38.1,27.86,39.51,0.41,0.67,123,7,11,17,26.83,25.37,18.57,2,5,16,3,14,25.3,10.0,80.47,71.21,48.73,19.27,2,Vitória Guimarães 1-1 Sporting Braga,2025-09-20
Benfica,3.28,1.36,1.92,2.37,1.36,1.01,0.15,0.0,0.15,2.52,1.36,1.16,3,0,3,1.08,62.6,63.48,50.14,0.79,0.65,280,17,19,8,24.05,12.31,6.95,7,2,10,1,11,182.3,75.05,15.33,9.93,115.17,58.82,0,AVS 0-3 Benfica,2025-09-20
AVS,1.36,3.28,-1.92,1.36,2.37,-1.01,0.0,0.15,-0.15,1.36,2.52,-1.16,0,3,-3,-1.08,37.4,36.52,46.31,0.65,0.79,139,9,8,19,12.31,24.05,16.73,2,7,17,2,17,60.6,24.95,139.0,90.07,80.63,41.18,4,AVS 0-3 Benfica,2025-09-20
Arouca,1.15,2.86,-1.71,0.68,1.34,-0.66,0.48,0.0,0.48,1.15,1.34,-0.19,2,1,1,2.71,41.2,35.88,43.72,0.55,0.95,100,11,10,15,18.18,15.79,14.19,1,4,12,5,18,52.5,31.93,68.07,82.61,74.63,50.21,0,Nacional 1-2 Arouca,2025-09-20
Nacional,2.86,1.15,1.71,1.34,0.68,0.66,0.0,0.48,-0.48,1.34,1.15,0.19,1,2,-1,-2.71,58.8,64.12,48.3,0.95,0.55,182,19,15,10,15.79,18.18,7.32,4,1,23,3,10,111.9,68.07,14.33,17.39,74.0,49.79,4,Nacional 1-2 Arouca,2025-09-20
Alverca,0.34,1.91,-1.57,0.34,0.92,-0.58,0.0,0.22,-0.22,0.34,1.15,-0.81,1,2,-1,0.57,44.8,38.93,43.99,0.48,0.41,123,5,3,14,6.25,34.15,10.0,2,3,10,0,21,25.2,16.0,56.53,64.24,27.53,20.01,1,Santa Clara 2-1 Alverca,2025-09-20
Santa Clara,1.91,0.34,1.57,0.92,0.34,0.58,0.22,0.0,0.22,1.15,0.34,0.81,2,1,1,-0.57,55.2,61.07,47.79,0.41,0.48,203,10,14,3,34.15,6.25,7.67,3,2,23,7,16,132.3,84.0,31.47,35.76,110.07,79.99,1,Santa Clara 2-1 Alverca,2025-09-20
Porto,3.13,0.49,2.64,2.66,0.49,2.17,0.47,0.0,0.47,3.13,0.49,2.64,3,0,3,0.36,52.0,57.18,49.44,0.57,0.12,260,16,19,7,33.33,58.33,11.15,4,6,17,10,18,173.1,69.74,74.2,50.5,224.5,88.55,0,Rio Ave 0-3 Porto,2025-09-19
Rio Ave,0.49,3.13,-2.64,0.49,2.66,-2.17,0.0,0.47,-0.47,0.49,3.13,-2.64,0,3,-3,-0.36,48.0,42.82,48.54,0.12,0.57,244,6,7,19,58.33,33.33,10.74,6,4,11,2,11,75.1,30.26,72.73,49.5,29.03,11.45,0,Rio Ave 0-3 Porto,2025-09-19
Gil Vicente,1.64,2.42,-0.78,1.37,1.27,0.1,0.27,1.14,-0.87,1.64,2.42,-0.78,1,0,1,1.78,36.5,29.78,40.88,0.67,0.72,115,7,12,11,17.91,15.28,14.71,1,7,10,7,12,68.7,25.59,114.07,82.14,99.93,48.28,2,Sporting Braga 0-1 Gil Vicente,2025-09-14
Sporting Braga,2.42,1.64,0.78,1.27,1.37,-0.1,1.14,0.27,0.87,2.42,1.64,0.78,0,1,-1,-1.78,63.5,70.22,50.31,0.72,0.67,306,16,11,12,15.28,17.91,8.62,7,1,25,5,7,199.8,74.41,24.8,17.86,107.07,51.72,1,Sporting Braga 0-1 Gil Vicente,2025-09-14
Casa Pia,1.78,0.52,1.26,1.63,0.44,1.19,0.15,0.08,0.07,1.78,0.52,1.26,2,0,2,0.74,34.0,39.25,45.89,0.7,0.37,117,12,9,8,12.86,21.62,8.84,9,4,17,6,21,57.7,39.71,114.93,92.05,155.43,84.91,2,Arouca 0-2 Casa Pia,2025-09-14
Arouca,0.52,1.78,-1.26,0.44,1.63,-1.19,0.08,0.15,-0.07,0.52,1.78,-1.26,0,2,-2,-0.74,66.0,60.75,48.0,0.37,0.7,231,6,8,9,21.62,12.86,5.46,4,9,30,7,18,87.6,60.29,9.93,7.95,27.63,15.09,0,Arouca 0-2 Casa Pia,2025-09-14
Vitória Guimarães,2.09,0.72,1.37,2.09,0.72,1.37,0.0,0.0,0.0,2.09,0.72,1.37,2,0,2,0.63,41.3,53.81,50.75,0.93,0.61,159,13,14,10,15.05,16.39,9.72,12,1,14,2,11,108.6,64.53,79.47,92.19,162.1,90.32,8,Estrela 0-2 Vitória Guimarães,2025-09-14
Estrela,0.72,2.09,-1.37,0.72,2.09,-1.37,0.0,0.0,0.0,0.72,2.09,-1.37,0,2,-2,-0.63,58.7,46.19,42.52,0.61,0.93,141,9,10,14,16.39,15.05,10.14,1,12,20,3,10,59.7,35.47,6.73,7.81,17.37,9.68,2,Estrela 0-2 Vitória Guimarães,2025-09-14
Sporting CP,1.82,0.96,0.86,1.8,0.68,1.12,0.02,0.28,-0.26,1.82,0.96,0.86,2,1,1,0.14,56.4,45.77,42.38,0.66,0.46,162,11,9,9,13.64,19.57,7.42,5,5,13,4,17,63.8,47.15,12.27,11.56,46.93,26.66,1,Famalicão 1-2 Sporting CP,2025-09-13
Famalicão,0.96,1.82,-0.86,0.68,1.8,-1.12,0.28,0.02,0.26,0.96,1.82,-0.86,1,2,-1,-0.14,43.6,54.23,47.05,0.46,0.66,166,9,9,9,19.57,13.64,8.33,5,5,17,5,22,71.5,52.85,93.87,88.44,129.13,73.34,5,Famalicão 1-2 Sporting CP,2025-09-13
Nacional,0.08,1.95,-1.87,0.07,1.17,-1.1,0.01,0.01,0.0,0.08,1.19,-1.11,0,1,-1,0.87,31.9,25.35,41.98,0.14,0.65,95,2,5,11,35.71,16.92,14.43,8,8,11,5,14,20.9,10.23,111.13,94.55,57.57,28.43,2,Porto 1-0 Nacional,2025-09-13
Porto,1.95,0.08,1.87,1.17,0.07,1.1,0.01,0.01,0.0,1.19,0.08,1.11,1,0,1,-0.87,68.1,74.65,49.13,0.65,0.14,290,17,11,5,16.92,35.71,7.03,8,8,17,5,6,183.4,89.77,6.4,5.45,144.93,71.57,2,Porto 1-0 Nacional,2025-09-13
AVS,1.22,2.6,-1.38,1.17,2.49,-1.32,0.05,0.11,-0.06,1.22,2.6,-1.38,1,3,-2,-0.62,51.3,59.61,48.11,0.51,1.06,228,7,12,15,23.53,14.15,11.29,4,3,27,5,11,79.4,52.0,54.47,53.82,41.7,25.56,2,Estoril 3-1 AVS,2025-09-13
Estoril,2.6,1.22,1.38,2.49,1.17,1.32,0.11,0.05,0.06,2.6,1.22,1.38,3,1,2,0.62,48.7,40.39,43.79,1.06,0.51,146,17,15,12,14.15,23.53,11.44,3,4,3,1,11,73.3,48.0,46.73,46.18,121.43,74.44,0,Estoril 3-1 AVS,2025-09-13
Rio Ave,1.76,1.8,-0.04,1.75,1.52,0.23,0.01,0.28,-0.27,1.76,1.8,-0.04,1,3,-2,-1.96,45.5,38.57,40.6,0.43,0.57,138,10,15,15,34.88,26.32,13.35,2,10,21,3,13,50.5,27.73,73.67,54.17,55.16,21.74,0,Moreirense 3-1 Rio Ave,2025-09-13
Moreirense,1.8,1.76,0.04,1.52,1.75,-0.23,0.28,0.01,0.27,1.8,1.76,0.04,3,1,2,1.96,54.5,61.43,46.08,0.57,0.43,231,17,15,15,26.32,34.88,12.29,10,2,16,7,12,131.6,72.27,62.33,45.83,198.58,78.26,3,Moreirense 3-1 Rio Ave,2025-09-13
Santa Clara,1.51,1.84,-0.33,1.43,1.73,-0.3,0.07,0.11,-0.04,1.51,1.84,-0.33,1,1,0,0.33,23.0,11.35,40.78,0.06,1.32,69,3,9,19,150.0,14.39,30.13,1,5,7,5,11,1.3,0.29,162.8,98.91,3.4,0.97,0,Benfica 1-1 Santa Clara,2025-09-12
Benfica,1.84,1.51,0.33,1.73,1.43,0.3,0.11,0.07,0.04,1.84,1.51,0.33,1,1,0,-0.33,77.0,88.65,61.4,1.32,0.06,615,23,19,9,14.39,150.0,6.87,5,1,39,4,8,454.8,99.71,1.8,1.09,345.9,99.03,1,Benfica 1-1 Santa Clara,2025-09-12
Tondela,2.17,1.71,0.46,0.62,1.63,-1.01,0.79,0.07,0.72,1.41,1.71,-0.3,0,1,-1,-1.46,51.7,64.87,50.04,0.68,0.54,218,11,14,13,20.59,24.07,8.22,6,1,32,6,15,102.5,71.73,50.2,59.25,137.43,75.55,6,Alverca 1-0 Tondela,2025-09-12
Alverca,1.71,2.17,-0.46,1.63,0.62,1.01,0.07,0.79,-0.72,1.71,1.41,0.3,1,0,1,1.46,48.3,35.13,42.69,0.54,0.68,135,4,13,14,24.07,20.59,9.75,1,6,16,5,13,40.4,28.27,34.53,40.75,44.47,24.45,0,Alverca 1-0 Tondela,2025-09-12
Santa Clara,2.07,1.37,0.7,1.01,1.03,-0.02,0.3,0.34,-0.04,1.31,1.37,-0.06,1,0,1,0.3,40.0,41.88,47.03,0.3,0.76,138,8,16,15,53.33,19.74,15.11,2,2,20,7,11,82.7,39.63,82.0,72.52,111.97,57.75,0,Estoril 0-1 Santa Clara,2025-09-06
Estoril,1.37,2.07,-0.7,1.03,1.01,0.02,0.34,0.3,0.04,1.37,1.31,0.06,0,1,-1,-0.3,60.0,58.12,49.04,0.76,0.3,238,9,15,16,19.74,53.33,8.84,2,2,17,5,16,126.0,60.37,31.07,27.48,81.93,42.25,2,Estoril 0-1 Santa Clara,2025-09-06
Sporting Braga,2.94,1.25,1.69,2.81,0.49,2.32,0.14,0.0,0.14,2.94,0.49,2.45,2,2,0,-1.69,71.5,84.07,54.13,0.98,0.18,428,20,20,5,20.41,27.78,7.47,8,0,30,7,12,321.5,96.23,11.8,8.13,219.57,86.33,0,Rio Ave 2-2 Sporting Braga,2025-08-31
Rio Ave,1.25,2.94,-1.69,0.49,2.81,-2.32,0.0,0.14,-0.14,0.49,2.94,-2.45,2,2,0,1.69,28.5,15.93,35.22,0.18,0.98,69,2,5,20,27.78,20.41,25.15,0,8,4,1,13,12.6,3.77,133.4,91.87,34.77,13.67,0,Rio Ave 2-2 Sporting Braga,2025-08-31
Estrela,0.19,1.26,-1.07,0.19,1.15,-0.96,0.0,0.11,-0.11,0.19,1.26,-1.07,0,0,0,1.07,44.7,30.61,39.29,0.33,0.6,124,3,3,13,9.09,21.67,15.42,0,5,6,0,11,20.8,12.97,56.13,54.25,21.47,14.04,2,Santa Clara 0-0 Estrela,2025-08-31
Santa Clara,1.26,0.19,1.07,1.15,0.19,0.96,0.11,0.0,0.11,1.26,0.19,1.07,0,0,0,-1.07,55.3,69.39,49.47,0.6,0.33,239,8,13,3,21.67,9.09,9.8,5,0,28,8,13,139.6,87.03,47.33,45.75,131.47,85.96,1,Santa Clara 0-0 Estrela,2025-08-31
Benfica,1.26,1.43,-0.17,1.26,1.17,0.09,0.0,0.26,-0.26,1.26,1.43,-0.17,2,1,1,1.17,53.3,62.83,55.54,0.59,0.38,327,10,6,11,10.17,28.95,9.89,11,2,12,2,18,194.2,63.69,77.53,53.2,180.43,87.07,0,Alverca 1-2 Benfica,2025-08-31
Alverca,1.43,1.26,0.17,1.17,1.26,-0.09,0.26,0.0,0.26,1.43,1.26,0.17,1,2,-1,-1.17,46.7,37.17,44.75,0.38,0.59,185,8,11,6,28.95,10.17,11.23,2,11,22,5,12,110.7,36.31,68.2,46.8,26.8,12.93,1,Alverca 1-2 Benfica,2025-08-31
Estoril,2.1,2.66,-0.56,1.8,1.86,-0.06,0.3,0.04,0.26,2.1,1.9,0.2,2,2,0,0.56,48.8,52.36,47.47,0.74,0.75,158,14,21,14,28.38,18.67,15.0,1,2,11,4,11,101.7,64.78,39.8,60.74,113.43,72.53,5,Tondela 2-2 Estoril,2025-08-31
Tondela,2.66,2.1,0.56,1.86,1.8,0.06,0.04,0.3,-0.26,1.9,2.1,-0.2,2,2,0,-0.56,51.2,47.64,46.67,0.75,0.74,177,9,14,21,18.67,28.38,9.62,2,1,23,3,8,55.3,35.22,25.73,39.26,42.97,27.47,1,Tondela 2-2 Estoril,2025-08-31
Porto,1.48,1.6,-0.12,1.48,1.59,-0.11,0.0,0.01,-0.01,1.48,1.6,-0.12,2,1,1,1.12,41.1,34.19,42.51,0.67,0.39,131,10,14,21,20.9,53.85,11.26,5,6,7,3,15,39.9,20.71,79.07,74.17,85.63,49.95,2,Sporting CP 1-2 Porto,2025-08-30
Sporting CP,1.6,1.48,0.12,1.59,1.48,0.11,0.01,0.0,0.01,1.6,1.48,0.12,1,2,-1,-1.12,58.9,65.81,46.99,0.39,0.67,229,10,21,14,53.85,20.9,9.24,6,5,23,5,8,152.8,79.29,27.53,25.83,85.8,50.05,2,Sporting CP 1-2 Porto,2025-08-30
Arouca,0.52,0.76,-0.24,0.46,0.68,-0.22,0.06,0.08,-0.02,0.52,0.76,-0.24,1,1,0,0.24,45.9,34.39,36.77,0.4,0.57,98,7,9,12,22.5,21.05,11.5,1,6,10,2,17,46.1,31.53,46.87,41.6,55.63,30.2,0,Vitória Guimarães 1-1 Arouca,2025-08-30
Vitória Guimarães,0.76,0.52,0.24,0.68,0.46,0.22,0.08,0.06,0.02,0.76,0.52,0.24,1,1,0,-0.24,54.1,65.61,43.89,0.57,0.4,178,11,12,9,21.05,22.5,8.61,6,1,18,2,15,100.1,68.47,65.8,58.4,128.57,69.8,4,Vitória Guimarães 1-1 Arouca,2025-08-30
Famalicão,1.27,0.78,0.49,1.16,0.59,0.57,0.11,0.19,-0.08,1.27,0.78,0.49,1,0,1,0.51,54.8,57.74,54.34,0.85,0.65,254,24,11,13,12.94,20.0,6.85,5,2,24,9,18,149.7,64.36,57.53,53.4,140.57,71.17,5,AVS 0-1 Famalicão,2025-08-30
AVS,0.78,1.27,-0.49,0.59,1.16,-0.57,0.19,0.11,0.08,0.78,1.27,-0.49,0,1,-1,-0.51,45.2,42.26,46.6,0.65,0.85,155,13,13,11,20.0,12.94,7.84,2,5,24,5,16,82.9,35.64,50.2,46.6,56.93,28.83,3,AVS 0-1 Famalicão,2025-08-30
Nacional,1.12,0.71,0.41,1.12,0.61,0.51,0.0,0.1,-0.1,1.12,0.71,0.41,2,0,2,1.59,39.2,37.12,42.45,0.41,0.42,110,9,9,9,21.95,21.43,12.75,4,5,11,3,22,45.3,30.69,90.67,86.79,113.67,77.45,3,Casa Pia 0-2 Nacional,2025-08-30
Casa Pia,0.71,1.12,-0.41,0.61,1.12,-0.51,0.1,0.0,0.1,0.71,1.12,-0.41,0,2,-2,-1.59,60.8,62.88,45.37,0.42,0.41,204,6,9,9,21.43,21.95,6.02,5,4,20,2,13,102.3,69.31,13.8,13.21,33.1,22.55,1,Casa Pia 0-2 Nacional,2025-08-30
Moreirense,0.84,1.34,-0.5,0.82,1.33,-0.51,0.02,0.01,0.01,0.84,1.34,-0.5,0,2,-2,-1.5,53.7,42.41,40.03,0.71,0.56,151,10,10,12,14.08,21.43,9.88,5,4,15,3,12,75.5,43.87,31.73,26.52,50.93,26.07,0,Gil Vicente 2-0 Moreirense,2025-08-29
Gil Vicente,1.34,0.84,0.5,1.33,0.82,0.51,0.01,0.02,-0.01,1.34,0.84,0.5,2,0,2,1.5,46.3,57.59,43.11,0.56,0.71,168,9,12,10,21.43,14.08,12.28,4,5,21,4,18,96.6,56.13,87.93,73.48,144.4,73.93,4,Gil Vicente 2-0 Moreirense,2025-08-29
Alverca,1.21,3.09,-1.88,1.09,1.98,-0.89,0.12,0.35,-0.23,1.21,2.33,-1.12,2,2,0,1.88,44.2,39.71,47.08,0.3,0.46,116,6,6,19,20.0,41.3,6.35,5,5,12,2,24,20.0,15.43,52.13,82.93,44.97,35.79,0,Estrela 2-2 Alverca,2025-08-25
Estrela,3.09,1.21,1.88,1.98,1.09,0.89,0.35,0.12,0.23,2.33,1.21,1.12,2,2,0,-1.88,55.8,60.29,44.79,0.46,0.3,141,13,19,6,41.3,20.0,5.92,5,5,19,6,18,109.6,84.57,10.73,17.07,80.67,64.21,5,Estrela 2-2 Alverca,2025-08-25
AVS,0.75,3.07,-2.32,0.75,2.09,-1.34,0.0,0.21,-0.21,0.75,2.31,-1.56,2,2,0,2.32,24.9,16.63,39.03,0.1,0.83,76,5,4,21,40.0,25.3,21.45,0,13,7,3,12,8.7,2.27,146.4,96.95,21.47,10.78,1,Sporting Braga 2-2 AVS,2025-08-24
Sporting Braga,3.07,0.75,2.32,2.09,0.75,1.34,0.21,0.0,0.21,2.31,0.75,1.56,2,2,0,-2.32,75.1,83.37,57.61,0.83,0.1,494,28,21,4,25.3,40.0,5.31,13,0,37,11,9,374.2,97.73,4.6,3.05,177.67,89.22,0,Sporting Braga 2-2 AVS,2025-08-24
Casa Pia,0.33,2.87,-2.54,0.31,1.8,-1.49,0.02,1.07,-1.05,0.33,2.87,-2.54,0,4,-4,-1.46,35.4,26.03,37.43,0.16,0.87,90,3,7,20,43.75,22.99,22.45,0,6,5,2,8,20.2,9.45,85.33,85.97,10.11,3.38,2,Porto 4-0 Casa Pia,2025-08-24
Porto,2.87,0.33,2.54,1.8,0.31,1.49,1.07,0.02,1.05,2.87,0.33,2.54,4,0,4,1.46,64.6,73.97,49.01,0.87,0.16,293,15,20,7,22.99,43.75,10.93,6,0,18,7,11,193.6,90.55,13.93,14.03,289.11,96.62,3,Porto 4-0 Casa Pia,2025-08-24
Gil Vicente,1.89,1.01,0.88,0.95,0.97,-0.02,0.94,0.04,0.9,1.89,1.01,0.88,0,0,0,-0.88,54.3,52.31,42.61,0.49,0.31,175,15,20,11,40.82,35.48,8.35,4,1,20,9,18,115.7,65.55,30.27,30.58,85.37,55.33,4,Famalicão 0-0 Gil Vicente,2025-08-24
Famalicão,1.01,1.89,-0.88,0.97,0.95,0.02,0.04,0.94,-0.9,1.01,1.89,-0.88,0,0,0,0.88,45.7,47.69,44.05,0.31,0.49,144,9,11,20,35.48,40.82,10.57,1,4,14,2,17,60.8,34.45,68.73,69.42,68.93,44.67,5,Famalicão 0-0 Gil Vicente,2025-08-24
Tondela,0.86,3.93,-3.07,0.8,3.5,-2.7,0.06,0.43,-0.37,0.86,3.93,-3.07,0,3,-3,0.07,34.7,35.4,47.52,0.33,1.17,148,9,9,21,27.27,17.95,16.48,2,2,21,2,12,51.6,21.27,133.67,96.39,60.27,23.71,4,Benfica 3-0 Tondela,2025-08-23
Benfica,3.93,0.86,3.07,3.5,0.8,2.7,0.43,0.06,0.37,3.93,0.86,3.07,3,0,3,-0.07,65.3,64.6,48.37,1.17,0.33,290,28,21,9,17.95,27.27,10.48,2,2,26,13,10,191.0,78.73,5.0,3.61,193.9,76.29,0,Benfica 3-0 Tondela,2025-08-23
Rio Ave,2.09,1.25,0.84,2.09,1.09,1.0,0.0,0.16,-0.16,2.09,1.25,0.84,3,3,0,-0.84,44.3,40.98,43.92,0.57,0.34,138,12,15,14,26.32,41.18,11.29,3,6,9,2,17,90.9,46.78,80.27,68.18,90.4,64.43,0,Arouca 3-3 Rio Ave,2025-08-23
Arouca,1.25,2.09,-0.84,1.09,2.09,-1.0,0.16,0.0,0.16,1.25,2.09,-0.84,3,3,0,0.84,55.7,59.02,45.73,0.34,0.57,224,5,14,15,41.18,26.32,9.83,6,3,24,4,13,103.4,53.22,37.47,31.82,49.9,35.57,0,Arouca 3-3 Rio Ave,2025-08-23
Sporting CP,3.71,0.44,3.27,3.34,0.14,3.2,0.36,0.3,0.06,3.71,0.44,3.27,4,1,3,-0.27,72.6,75.0,55.11,1.78,0.42,331,26,27,3,15.17,7.14,6.75,5,2,22,13,7,283.6,95.46,2.0,1.56,183.93,86.45,0,Nacional 1-4 Sporting CP,2025-08-23
Nacional,0.44,3.71,-3.27,0.14,3.34,-3.2,0.3,0.36,-0.06,0.44,3.71,-3.27,1,4,-3,0.27,27.4,25.0,47.99,0.42,1.78,90,4,3,27,7.14,15.17,15.48,2,5,10,3,18,13.5,4.54,126.0,98.44,28.83,13.55,2,Nacional 1-4 Sporting CP,2025-08-23
Vitória Guimarães,0.5,1.5,-1.0,0.44,1.32,-0.88,0.06,0.18,-0.12,0.5,1.5,-1.0,0,2,-2,-1.0,51.5,59.35,47.42,0.76,1.06,189,11,11,10,14.47,9.43,8.32,6,1,28,7,17,75.6,57.32,59.6,65.16,82.33,49.15,2,Moreirense 2-0 Vitória Guimarães,2025-08-23
Moreirense,1.5,0.5,1.0,1.32,0.44,0.88,0.18,0.06,0.12,1.5,0.5,1.0,2,0,2,1.0,48.5,40.65,39.42,1.06,0.76,131,8,10,11,9.43,14.47,11.28,1,6,15,3,17,56.3,42.68,31.87,34.84,85.17,50.85,0,Moreirense 2-0 Vitória Guimarães,2025-08-23
Porto,2.18,1.72,0.46,1.82,1.61,0.21,0.36,0.11,0.25,2.18,1.72,0.46,2,0,2,1.54,58.5,55.51,39.85,0.86,0.42,163,13,15,14,17.44,33.33,10.0,5,4,14,5,20,114.9,61.02,20.07,16.46,101.77,50.52,3,Gil Vicente 0-2 Porto,2025-08-18
Gil Vicente,1.72,2.18,-0.46,1.61,1.82,-0.21,0.11,0.36,-0.25,1.72,2.18,-0.46,0,2,-2,-1.54,41.5,44.49,43.15,0.42,0.86,148,9,14,15,33.33,17.44,12.91,4,5,15,1,9,73.4,38.98,101.87,83.54,99.67,49.48,0,Gil Vicente 0-2 Porto,2025-08-18
Arouca,0.23,3.05,-2.82,0.23,2.19,-1.96,0.0,0.1,-0.1,0.23,2.29,-2.06,0,6,-6,-3.18,42.9,26.32,37.8,0.03,1.15,127,2,7,19,233.33,16.52,22.8,4,10,7,1,7,24.1,9.32,94.33,58.16,7.33,1.55,0,Sporting CP 6-0 Arouca,2025-08-17
Sporting CP,3.05,0.23,2.82,2.19,0.23,1.96,0.1,0.0,0.1,2.29,0.23,2.06,6,0,6,3.18,57.1,73.68,52.8,1.15,0.03,358,13,19,7,16.52,233.33,13.0,10,4,10,6,7,234.4,90.68,67.87,41.84,464.88,98.45,0,Sporting CP 6-0 Arouca,2025-08-17
Moreirense,1.2,1.17,0.03,1.2,1.0,0.2,0.0,0.17,-0.17,1.2,1.17,0.03,1,0,1,0.97,42.3,33.33,40.98,0.46,0.48,125,7,5,12,10.87,25.0,9.88,2,7,8,0,18,30.6,19.33,74.2,68.24,61.03,46.91,0,Santa Clara 0-1 Moreirense,2025-08-17
Santa Clara,1.17,1.2,-0.03,1.0,1.2,-0.2,0.17,0.0,0.17,1.17,1.2,-0.03,0,1,-1,-0.97,57.7,66.67,48.23,0.48,0.46,254,12,12,5,25.0,10.87,7.69,7,2,19,3,20,127.7,80.67,34.53,31.76,69.07,53.09,1,Santa Clara 0-1 Moreirense,2025-08-17
Sporting Braga,1.94,2.59,-0.65,1.08,2.55,-1.47,0.1,0.04,0.06,1.18,2.59,-1.41,3,0,3,3.65,65.5,58.46,46.49,0.3,0.68,273,13,12,12,40.0,17.65,9.89,4,3,12,5,6,129.4,64.54,13.93,10.52,87.63,54.87,1,Alverca 0-3 Sporting Braga,2025-08-17
Alverca,2.59,1.94,0.65,2.55,1.08,1.47,0.04,0.1,-0.06,2.59,1.18,1.41,0,3,-3,-3.65,34.5,41.54,41.69,0.68,0.3,111,6,12,12,17.65,40.0,23.86,3,4,11,1,15,71.1,35.46,118.47,89.48,72.07,45.13,1,Alverca 0-3 Sporting Braga,2025-08-17
Nacional,1.68,2.18,-0.5,1.62,2.02,-0.4,0.06,0.16,-0.1,1.68,2.18,-0.5,1,1,0,0.5,38.7,57.51,51.39,0.94,0.62,160,16,13,20,13.83,32.26,9.81,3,0,26,6,18,56.8,46.67,96.67,91.08,111.57,66.79,5,Rio Ave 1-1 Nacional,2025-08-17
Rio Ave,2.18,1.68,0.5,2.02,1.62,0.4,0.16,0.06,0.1,2.18,1.68,0.5,1,1,0,-0.5,61.3,42.49,41.79,0.62,0.94,160,8,20,13,32.26,13.83,5.4,0,3,15,6,16,64.9,53.33,9.47,8.92,55.47,33.21,0,Rio Ave 1-1 Nacional,2025-08-17
Benfica,2.52,1.21,1.31,1.68,1.16,0.52,0.08,0.05,0.03,1.76,1.21,0.55,1,0,1,-0.31,56.8,59.83,50.59,0.73,0.56,211,15,14,15,19.18,26.79,6.62,3,5,10,4,23,115.6,67.13,21.8,28.19,105.4,58.71,0,Estrela 0-1 Benfica,2025-08-16
Estrela,1.21,2.52,-1.31,1.16,1.68,-0.52,0.05,0.08,-0.03,1.21,1.76,-0.55,0,1,-1,0.31,43.2,40.17,43.98,0.56,0.73,117,5,15,14,26.79,19.18,9.64,5,3,9,5,14,56.6,32.87,55.53,71.81,74.13,41.29,3,Estrela 0-1 Benfica,2025-08-16
Estoril,1.26,2.24,-0.98,1.26,1.4,-0.14,0.0,0.08,-0.08,1.26,1.48,-0.22,2,3,-1,-0.02,45.5,43.24,48.61,0.7,0.38,171,14,12,16,17.14,42.11,9.74,2,2,11,2,17,77.1,35.66,79.33,65.1,94.96,39.77,4,Vitória Guimarães 3-2 Estoril,2025-08-16
Vitória Guimarães,2.24,1.26,0.98,1.4,1.26,0.14,0.08,0.0,0.08,1.48,1.26,0.22,3,2,1,0.02,54.5,56.76,52.19,0.38,0.7,248,10,16,12,42.11,17.14,7.15,2,2,25,4,18,139.1,64.34,42.53,34.9,143.82,60.23,1,Vitória Guimarães 3-2 Estoril,2025-08-16
Famalicão,1.49,1.44,0.05,1.18,1.42,-0.24,0.31,0.02,0.29,1.49,1.44,0.05,1,0,1,0.95,50.9,51.21,47.43,0.88,0.91,180,17,14,15,15.91,16.48,7.42,7,3,24,7,19,72.4,52.73,41.47,54.8,86.23,58.3,2,Tondela 0-1 Famalicão,2025-08-16
Tondela,1.44,1.49,-0.05,1.42,1.18,0.24,0.02,0.31,-0.29,1.44,1.49,-0.05,0,1,-1,-0.95,49.1,48.79,47.92,0.91,0.88,183,11,15,14,16.48,15.91,7.95,3,7,24,2,17,64.9,47.27,34.2,45.2,61.67,41.7,7,Tondela 0-1 Famalicão,2025-08-16
Casa Pia,1.78,1.49,0.29,1.78,0.73,1.05,0.0,0.0,0.0,1.78,0.73,1.05,2,0,2,1.71,48.2,46.34,43.83,0.37,0.38,128,8,10,10,27.03,26.32,6.98,6,8,18,3,20,61.4,48.58,51.27,64.14,96.03,65.34,2,AVS 0-2 Casa Pia,2025-08-15
AVS,1.49,1.78,-0.29,0.73,1.78,-1.05,0.0,0.0,0.0,0.73,1.78,-1.05,0,2,-2,-1.71,51.8,53.66,44.9,0.38,0.37,149,8,10,10,26.32,27.03,5.7,8,6,15,1,20,65.0,51.42,28.67,35.86,50.93,34.66,3,AVS 0-2 Casa Pia,2025-08-15
Vitória Guimarães,0.99,2.21,-1.22,0.86,2.0,-1.14,0.13,0.2,-0.07,0.99,2.21,-1.22,0,3,-3,-1.78,51.5,51.8,43.35,0.15,0.54,185,5,10,17,66.67,31.48,12.32,3,4,13,4,9,67.2,42.37,39.4,34.08,40.72,18.33,0,Porto 3-0 Vitória Guimarães,2025-08-11
Porto,2.21,0.99,1.22,2.0,0.86,1.14,0.2,0.13,0.07,2.21,0.99,1.22,3,0,3,1.78,48.5,48.2,45.19,0.54,0.15,169,12,17,10,31.48,66.67,10.88,4,3,12,7,18,91.4,57.63,76.2,65.92,181.47,81.67,1,Porto 3-0 Vitória Guimarães,2025-08-11
Estrela,1.32,1.01,0.31,1.12,0.95,0.17,0.2,0.06,0.14,1.32,1.01,0.31,1,1,0,-0.31,34.6,33.2,40.93,0.59,0.26,103,10,9,8,15.25,30.77,14.52,3,8,15,4,16,40.8,26.98,81.4,84.5,73.5,44.24,2,Estoril 1-1 Estrela,2025-08-11
Estoril,1.01,1.32,-0.31,0.95,1.12,-0.17,0.06,0.2,-0.14,1.01,1.32,-0.31,1,1,0,0.31,65.4,66.8,48.9,0.26,0.59,269,12,8,9,30.77,15.25,5.98,8,3,17,4,13,110.4,73.02,14.93,15.5,92.63,55.76,3,Estoril 1-1 Estrela,2025-08-11
Alverca,1.01,1.26,-0.25,0.18,0.93,-0.75,0.07,0.33,-0.26,0.25,1.26,-1.01,1,2,-1,-0.75,42.7,35.62,40.57,0.22,0.49,132,5,7,10,31.82,20.41,13.87,4,6,9,2,5,37.3,19.23,68.87,66.48,56.83,27.33,1,Moreirense 2-1 Alverca,2025-08-10
Moreirense,1.26,1.01,0.25,0.93,0.18,0.75,0.33,0.07,0.26,1.26,0.25,1.01,2,1,1,0.75,57.3,64.38,49.16,0.49,0.22,267,10,10,7,20.41,31.82,11.23,6,4,23,6,15,156.7,80.77,34.73,33.52,151.1,72.67,0,Moreirense 2-1 Alverca,2025-08-10
Tondela,0.56,1.7,-1.14,0.55,0.73,-0.18,0.01,0.21,-0.2,0.56,0.94,-0.38,0,3,-3,-1.86,31.8,39.72,42.77,0.12,0.34,112,2,7,8,58.33,23.53,12.76,8,3,16,3,9,26.4,21.15,163.67,97.92,82.37,40.82,1,Sporting Braga 3-0 Tondela,2025-08-10
Sporting Braga,1.7,0.56,1.14,0.73,0.55,0.18,0.21,0.01,0.2,0.94,0.56,0.38,3,0,3,1.86,68.2,60.28,41.98,0.34,0.12,215,14,8,7,23.53,58.33,10.48,3,8,8,5,10,98.4,78.85,3.47,2.08,119.4,59.18,0,Sporting Braga 3-0 Tondela,2025-08-10
Santa Clara,0.56,1.35,-0.79,0.51,1.35,-0.84,0.05,0.0,0.05,0.56,1.35,-0.79,0,3,-3,-2.21,53.6,42.15,42.9,0.26,0.54,151,7,7,6,26.92,11.11,7.95,2,9,16,3,15,42.3,32.71,31.07,28.36,7.66,3.5,1,Famalicão 3-0 Santa Clara,2025-08-10
Famalicão,1.35,0.56,0.79,1.35,0.51,0.84,0.0,0.05,-0.05,1.35,0.56,0.79,3,0,3,2.21,46.4,57.85,49.19,0.54,0.26,205,7,6,7,11.11,26.92,9.33,9,2,10,2,20,87.0,67.29,78.47,71.64,210.93,96.5,0,Famalicão 3-0 Santa Clara,2025-08-10
AVS,1.53,1.57,-0.04,1.39,1.57,-0.18,0.14,0.0,0.14,1.53,1.57,-0.04,1,3,-2,-1.96,46.3,45.85,41.75,0.6,0.56,126,14,15,9,25.0,16.07,10.72,6,7,26,5,17,77.0,49.33,58.73,67.25,54.12,34.33,1,Arouca 3-1 AVS,2025-08-09
Arouca,1.57,1.53,0.04,1.57,1.39,0.18,0.0,0.14,-0.14,1.57,1.53,0.04,3,1,2,1.96,53.7,54.15,43.52,0.56,0.6,203,4,9,15,16.07,25.0,10.44,7,6,21,4,13,79.1,50.67,28.6,32.75,103.52,65.67,0,Arouca 3-1 AVS,2025-08-09
Gil Vicente,1.39,1.52,-0.13,1.22,1.23,-0.01,0.18,0.29,-0.11,1.39,1.52,-0.13,2,0,2,2.13,41.1,38.5,38.97,0.24,0.57,75,4,12,15,50.0,26.32,8.12,0,5,15,6,16,40.0,29.83,49.53,74.45,66.9,54.05,5,Nacional 0-2 Gil Vicente,2025-08-09
Nacional,1.52,1.39,0.13,1.23,1.22,0.01,0.29,0.18,0.11,1.52,1.39,0.13,0,2,-2,-2.13,58.9,61.5,46.16,0.57,0.24,162,18,15,12,26.32,50.0,4.76,5,0,32,14,21,94.1,70.17,17.0,25.55,56.87,45.95,5,Nacional 0-2 Gil Vicente,2025-08-09
Sporting CP,3.72,0.69,3.03,3.3,0.69,2.61,0.42,0.0,0.42,3.72,0.69,3.03,2,0,2,-1.03,67.1,71.0,52.02,0.52,0.39,338,24,27,7,51.92,17.95,8.81,5,3,23,9,11,256.7,91.81,5.6,5.37,201.57,86.53,0,Casa Pia 0-2 Sporting CP,2025-08-08
Casa Pia,0.69,3.72,-3.03,0.69,3.3,-2.61,0.0,0.42,-0.42,0.69,3.72,-3.03,0,2,-2,1.03,32.9,29.0,41.66,0.39,0.52,111,6,7,27,17.95,51.92,15.71,3,5,7,2,14,22.9,8.19,98.6,94.63,31.37,13.47,2,Casa Pia 0-2 Sporting CP,2025-08-08
