Team,xG,xGA,xGD,Open Play xG,Open Play xGA,Open Play xGD,Set Piece xG,Set Piece xGA,Set Piece xGD,npxG,npxGA,npxGD,Goals,Goals Conceded,GD,GD-xGD,Possession,Field Tilt,Avg Pass Height,xT,xT Against,Passes in Opposition Half,Passes into Box,Shots,Shots Faced,Shots per 1.0 xT,Shots Faced per 1.0 xT Against,PPDA,High Recoveries,High Recoveries Against,Crosses,Corners,Fouls,On-Ball Pressure,On-Ball Pressure Share,Off-Ball Pressure,Off-Ball Pressure Share,Game Control,Game Control Share,Throw-Ins into the Box,Match,Date
Universitatea Cluj,1.23,1.88,-0.65,1.04,1.12,-0.08,0.19,0.00,0.19,1.23,1.12,0.11,0,1,-1,-0.35,54.70,48.69,47.59,0.84,0.6,206,14,12,15,14.29,25.0,9.71,4,3,22,2,12,84.3,40.3,10.73,12.8,52.33,24.65,4,CFR Cluj 1-0 Universitatea Cluj,2026-04-25
CFR Cluj,1.88,1.23,0.65,1.12,1.04,0.08,0.00,0.19,-0.19,1.12,1.23,-0.11,1,0,1,0.35,45.30,51.31,53.41,0.6,0.84,206,17,15,12,25.0,14.29,11.45,3,4,20,7,14,124.9,59.7,73.07,87.2,159.97,75.35,0,CFR Cluj 1-0 Universitatea Cluj,2026-04-25
Oţelul Galați,1.56,0.86,0.70,0.71,0.78,-0.07,0.09,0.08,0.01,0.80,0.86,-0.06,1,1,0,-0.70,45.70,57.51,49.62,0.33,0.73,161,8,8,6,24.24,8.22,8.32,6,3,14,4,19,83.9,64.74,74.87,74.42,112.83,88.89,2,Botoșani 1-1 Oţelul Galați,2026-04-25
Botoșani,0.86,1.56,-0.70,0.78,0.71,0.07,0.08,0.09,-0.01,0.86,0.80,0.06,1,1,0,0.70,54.30,42.49,42.97,0.73,0.33,141,7,6,8,8.22,24.24,7.31,3,6,15,5,13,45.7,35.26,25.73,25.58,14.1,11.11,1,Botoșani 1-1 Oţelul Galați,2026-04-25
Petrolul 52,1.02,4.01,-2.99,0.16,2.91,-2.75,0.86,0.34,0.52,1.02,3.25,-2.23,1,3,-2,0.99,33.9,28.95,42.02,0.24,1.35,110,6,7,21,29.17,15.56,17.33,2,8,9,6,19,29.5,12.54,84.07,89.25,19.34,6.56,1,FCSB 3-1 Petrolul 52,2026-04-24
FCSB,4.01,1.02,2.99,2.91,0.16,2.75,0.34,0.86,-0.52,3.25,1.02,2.23,3,1,2,-0.99,66.1,71.05,49.4,1.35,0.24,286,27,21,7,15.56,29.17,7.24,8,2,17,7,10,205.8,87.46,10.13,10.75,275.42,93.44,0,FCSB 3-1 Petrolul 52,2026-04-24
Csikszereda,0.83,0.79,0.04,0.78,0.72,0.06,0.05,0.07,-0.02,0.83,0.79,0.04,0,0,0,-0.04,49.5,43.99,47.66,0.46,0.55,188,10,13,14,28.26,25.45,13.17,5,1,18,3,11,95.4,44.54,29.8,35.68,67.43,37.01,0,Hermannstadt 0-0 Csikszereda,2026-04-24
Hermannstadt,0.79,0.83,-0.04,0.72,0.78,-0.06,0.07,0.05,0.02,0.79,0.83,-0.04,0,0,0,0.04,50.5,56.01,51.7,0.55,0.46,221,11,14,13,25.45,28.26,10.71,1,5,19,6,10,118.8,55.46,53.73,64.32,114.77,62.99,2,Hermannstadt 0-0 Csikszereda,2026-04-24
FCSB,2.45,1.0,1.45,2.45,1.0,1.45,0.0,0.0,0.0,2.45,1.0,1.45,3,2,1,-0.45,59.3,63.76,51.4,1.27,0.28,296,24,22,6,17.32,21.43,11.54,6,4,22,4,7,199.0,88.25,16.6,14.38,158.4,75.07,0,FCV Farul Constanţa 2-3 FCSB,2026-04-20
FCV Farul Constanţa,1.0,2.45,-1.45,1.0,2.45,-1.45,0.0,0.0,0.0,1.0,2.45,-1.45,2,3,-1,0.45,40.7,36.24,45.83,0.28,1.27,161,5,6,22,21.43,17.32,16.65,4,6,14,4,14,26.5,11.75,98.8,85.62,52.6,24.93,1,FCV Farul Constanţa 2-3 FCSB,2026-04-20
Metaloglobus,2.29,3.45,-1.16,1.97,2.16,-0.19,0.32,0.53,-0.21,2.29,2.69,-0.4,2,3,-1,0.16,33.1,30.66,43.74,0.72,0.8,130,6,7,16,9.72,20.0,16.42,5,4,14,3,9,33.3,17.3,145.73,94.02,66.83,40.07,0,Botoșani 3-2 Metaloglobus,2026-04-20
Botoșani,3.45,2.29,1.16,2.16,1.97,0.19,0.53,0.32,0.21,2.69,2.29,0.4,3,2,1,-0.16,66.9,69.34,48.36,0.8,0.72,299,21,16,7,20.0,9.72,9.9,4,5,14,6,8,159.2,82.7,9.27,5.98,99.97,59.93,0,Botoșani 3-2 Metaloglobus,2026-04-20
Rapid Bucureşti,0.95,1.18,-0.23,0.95,1.01,-0.06,0.0,0.17,-0.17,0.95,1.18,-0.23,0,1,-1,-0.77,51.6,39.64,40.41,0.38,0.52,157,7,6,14,15.79,26.92,14.35,3,11,7,0,12,60.7,27.34,31.47,24.13,28.9,12.27,3,Universitatea Craiova 1-0 Rapid Bucureşti,2026-04-19
Universitatea Craiova,1.18,0.95,0.23,1.01,0.95,0.06,0.17,0.0,0.17,1.18,0.95,0.23,1,0,1,0.77,48.4,60.36,50.66,0.52,0.38,240,7,14,6,26.92,15.79,14.19,11,3,24,4,10,161.3,72.66,98.93,75.87,206.67,87.73,0,Universitatea Craiova 1-0 Rapid Bucureşti,2026-04-19
Hermannstadt,1.08,1.12,-0.04,0.09,0.9,-0.81,0.23,0.23,0.0,0.32,1.12,-0.8,1,1,0,0.04,49.1,47.4,51.41,0.59,0.55,214,8,8,18,13.56,32.73,18.35,4,5,27,9,9,64.6,33.39,62.07,71.62,71.7,39.56,0,Petrolul 52 1-1 Hermannstadt,2026-04-19
Petrolul 52,1.12,1.08,0.04,0.9,0.09,0.81,0.23,0.23,0.0,1.12,0.32,0.8,1,1,0,-0.04,50.9,52.6,51.25,0.55,0.59,233,12,18,8,32.73,13.56,12.23,5,4,32,8,5,128.9,66.61,24.6,28.38,109.53,60.44,2,Petrolul 52 1-1 Hermannstadt,2026-04-19
Universitatea Cluj,0.72,0.61,0.11,0.67,0.45,0.22,0.05,0.16,-0.11,0.72,0.61,0.11,1,2,-1,-1.11,45.2,42.38,48.31,0.57,0.64,203,12,11,10,19.3,15.62,13.59,5,2,13,4,10,76.0,36.19,74.73,66.17,98.5,43.86,0,Dinamo Bucureşti 2-1 Universitatea Cluj,2026-04-18
Dinamo Bucureşti,0.61,0.72,-0.11,0.45,0.67,-0.22,0.16,0.05,0.11,0.61,0.72,-0.11,2,1,1,1.11,54.8,57.62,48.37,0.64,0.57,249,11,10,11,15.62,19.3,13.23,2,5,17,4,10,134.0,63.81,38.2,33.83,126.07,56.14,0,Dinamo Bucureşti 2-1 Universitatea Cluj,2026-04-18
Unirea Slobozia,2.81,3.58,-0.77,2.62,3.19,-0.57,0.19,0.39,-0.2,2.81,3.58,-0.77,2,3,-1,-0.23,55.7,48.78,45.1,0.65,0.94,164,10,16,26,24.62,27.66,11.6,2,2,22,4,7,64.5,33.89,15.53,15.86,38.53,17.02,0,Csikszereda 3-2 Unirea Slobozia,2026-04-18
Csikszereda,3.58,2.81,0.77,3.19,2.62,0.57,0.39,0.19,0.2,3.58,2.81,0.77,3,2,1,0.23,44.3,51.22,51.18,0.94,0.65,160,17,26,16,27.66,24.62,16.0,2,2,17,7,14,125.8,66.11,82.4,84.14,187.9,82.98,4,Csikszereda 3-2 Unirea Slobozia,2026-04-18
CFR Cluj,0.65,0.7,-0.05,0.61,0.51,0.1,0.04,0.2,-0.16,0.65,0.7,-0.05,1,0,1,1.05,51.7,50.14,48.72,0.64,0.52,206,10,11,10,17.19,19.23,10.97,1,5,16,1,13,100.7,56.13,31.67,43.42,88.23,53.78,1,Argeș 0-1 CFR Cluj,2026-04-17
Argeș,0.7,0.65,0.05,0.51,0.61,-0.1,0.2,0.04,0.16,0.7,0.65,0.05,0,1,-1,-1.05,48.3,49.86,50.33,0.52,0.64,221,18,10,11,19.23,17.19,10.38,5,1,16,4,11,78.7,43.87,41.27,56.58,75.83,46.22,12,Argeș 0-1 CFR Cluj,2026-04-17
UTA Arad,0.71,3.15,-2.44,0.32,1.65,-1.33,0.4,0.74,-0.34,0.71,2.39,-1.68,0,1,-1,1.44,38.2,44.19,45.36,0.45,0.9,110,18,11,17,24.44,18.89,11.65,5,5,15,3,7,34.3,22.14,89.67,85.4,57.0,33.85,4,Oţelul Galați 1-0 UTA Arad,2026-04-17
Oţelul Galați,3.15,0.71,2.44,1.65,0.32,1.33,0.74,0.4,0.34,2.39,0.71,1.68,1,0,1,-1.44,61.8,55.81,49.19,0.9,0.45,238,15,17,11,18.89,24.44,7.16,5,5,19,8,19,120.6,77.86,15.33,14.6,111.37,66.15,1,Oţelul Galați 1-0 UTA Arad,2026-04-17
Universitatea Craiova,1.4,2.14,-0.74,1.1,2.14,-1.04,0.3,0.0,0.3,1.4,2.14,-0.74,0,4,-4,-3.26,63.9,79.19,49.74,0.52,0.61,288,11,23,9,44.23,14.75,6.84,7,3,24,5,7,165.1,89.29,14.6,16.78,106.94,60.92,0,Universitatea Cluj 4-0 Universitatea Craiova,2026-04-13
Universitatea Cluj,2.14,1.4,0.74,2.14,1.1,1.04,0.0,0.3,-0.3,2.14,1.4,0.74,4,0,4,3.26,36.1,20.81,36.4,0.61,0.52,82,5,9,23,14.75,44.23,15.47,3,7,11,4,15,19.8,10.71,72.4,83.22,68.59,39.08,0,Universitatea Cluj 4-0 Universitatea Craiova,2026-04-13
Argeș,0.3,0.34,-0.04,0.23,0.21,0.02,0.07,0.13,-0.06,0.3,0.34,-0.04,0,0,0,0.04,36.9,37.35,42.22,0.11,0.59,124,3,6,12,54.55,20.34,16.64,6,3,11,5,11,16.5,9.53,79.13,85.15,28.43,21.6,2,Rapid Bucureşti 0-0 Argeș,2026-04-13
Rapid Bucureşti,0.34,0.3,0.04,0.21,0.23,-0.02,0.13,0.07,0.06,0.34,0.3,0.04,0,0,0,-0.04,63.1,62.65,48.68,0.59,0.11,288,12,12,6,20.34,54.55,15.1,3,6,33,9,7,156.6,90.47,13.8,14.85,103.2,78.4,4,Rapid Bucureşti 0-0 Argeș,2026-04-13
Csikszereda,1.29,1.5,-0.21,0.45,1.36,-0.91,0.08,0.14,-0.06,0.53,1.5,-0.97,1,0,1,1.21,38.5,36.84,47.47,0.41,0.87,135,8,8,12,19.51,13.79,10.91,3,5,10,2,13,32.6,20.5,90.27,83.79,72.43,60.13,3,Metaloglobus 0-1 Csikszereda,2026-04-13
Metaloglobus,1.5,1.29,0.21,1.36,0.45,0.91,0.14,0.08,0.06,1.5,0.53,0.97,0,1,-1,-1.21,61.5,63.16,50.65,0.87,0.41,255,16,12,8,13.79,19.51,7.32,5,3,34,8,14,126.4,79.5,17.47,16.21,48.03,39.87,2,Metaloglobus 0-1 Csikszereda,2026-04-13
Dinamo Bucureşti,2.46,1.88,0.58,2.29,1.85,0.44,0.17,0.03,0.14,2.46,1.88,0.58,1,1,0,-0.58,55.8,48.45,49.06,0.83,0.76,264,15,15,14,18.07,18.42,9.58,3,7,17,2,12,153.4,51.88,27.87,25.24,104.03,43.14,0,CFR Cluj 1-1 Dinamo Bucureşti,2026-04-12
CFR Cluj,1.88,2.46,-0.58,1.85,2.29,-0.44,0.03,0.17,-0.14,1.88,2.46,-0.58,1,1,0,0.58,44.2,51.55,52.04,0.76,0.83,235,18,14,15,18.42,18.07,12.23,7,3,21,4,14,142.3,48.12,82.53,74.76,137.1,56.86,2,CFR Cluj 1-1 Dinamo Bucureşti,2026-04-12
Petrolul 52,2.64,0.58,2.06,2.48,0.58,1.9,0.16,0.0,0.16,2.64,0.58,2.06,2,1,1,-1.06,67.3,69.28,54.55,1.15,0.76,308,23,22,6,19.13,7.89,6.75,2,0,35,7,18,253.0,86.23,9.93,8.58,172.43,75.56,3,Unirea Slobozia 1-2 Petrolul 52,2026-04-12
Unirea Slobozia,0.58,2.64,-2.06,0.58,2.48,-1.9,0.0,0.16,-0.16,0.58,2.64,-2.06,1,2,-1,1.06,32.7,30.72,46.1,0.76,1.15,114,7,6,22,7.89,19.13,17.09,0,2,14,1,9,40.4,13.77,105.87,91.42,55.77,24.44,0,Unirea Slobozia 1-2 Petrolul 52,2026-04-12
Oţelul Galați,0.29,1.66,-1.37,0.27,0.62,-0.35,0.03,0.28,-0.25,0.29,0.9,-0.61,0,4,-4,-2.63,42.6,43.78,46.08,0.14,0.33,162,4,8,10,57.14,30.3,13.12,4,10,14,3,7,37.6,32.33,85.93,83.32,10.09,5.09,0,FCSB 4-0 Oţelul Galați,2026-04-11
FCSB,1.66,0.29,1.37,0.62,0.27,0.35,0.28,0.03,0.25,0.9,0.29,0.61,4,0,4,2.63,57.4,56.22,43.76,0.33,0.14,196,9,10,8,30.3,57.14,7.62,10,4,15,6,18,78.7,67.67,17.2,16.68,187.98,94.91,0,FCSB 4-0 Oţelul Galați,2026-04-11
Botoșani,1.68,2.36,-0.68,0.9,2.12,-1.22,0.02,0.24,-0.22,0.92,2.36,-1.44,1,3,-2,-1.32,58.9,53.33,43.63,0.53,0.67,180,11,15,10,28.3,14.93,8.97,1,4,7,1,9,126.6,64.23,25.2,21.89,88.6,44.53,2,UTA Arad 3-1 Botoșani,2026-04-11
UTA Arad,2.36,1.68,0.68,2.12,0.9,1.22,0.24,0.02,0.22,2.36,0.92,1.44,3,1,2,1.32,41.1,46.67,47.19,0.67,0.53,168,13,10,15,14.93,28.3,10.69,4,1,24,5,21,70.5,35.77,89.93,78.11,110.37,55.47,1,UTA Arad 3-1 Botoșani,2026-04-11
FCV Farul Constanţa,1.44,2.47,-1.03,1.09,2.02,-0.93,0.35,0.45,-0.1,1.44,2.47,-1.03,0,1,-1,0.03,47.9,45.41,45.79,0.96,1.11,177,12,15,19,15.62,17.12,10.16,6,1,22,8,14,56.3,30.66,56.2,65.71,62.6,36.95,1,Hermannstadt 1-0 FCV Farul Constanţa,2026-04-10
Hermannstadt,2.47,1.44,1.03,2.02,1.09,0.93,0.45,0.35,0.1,2.47,1.44,1.03,1,0,1,-0.03,52.1,54.59,52.16,1.11,0.96,258,16,19,15,17.12,15.62,12.14,1,6,30,6,12,127.3,69.34,29.33,34.29,106.83,63.05,0,Hermannstadt 1-0 FCV Farul Constanţa,2026-04-10
CFR Cluj,0.84,0.71,0.13,0.5,0.64,-0.14,0.34,0.06,0.28,0.84,0.71,0.13,0,2,-2,-2.13,43.4,40.27,44.95,0.59,0.38,138,11,10,9,16.95,23.68,13.89,2,7,10,6,17,60.7,39.62,53.73,72.87,65.13,39.4,0,Universitatea Craiova 2-0 CFR Cluj,2026-04-06
Universitatea Craiova,0.71,0.84,-0.13,0.64,0.5,0.14,0.06,0.34,-0.28,0.71,0.84,-0.13,2,0,2,2.13,56.6,59.73,50.54,0.38,0.59,242,10,9,10,23.68,16.95,6.91,7,2,36,6,10,92.5,60.38,20.0,27.13,100.17,60.6,0,Universitatea Craiova 2-0 CFR Cluj,2026-04-06
Csikszereda,0.63,1.81,-1.18,0.57,1.69,-1.12,0.06,0.12,-0.06,0.63,1.81,-1.18,0,2,-2,-0.82,54.3,40.48,43.41,0.68,0.45,162,7,9,16,13.24,35.56,7.78,2,9,17,2,18,38.2,27.44,30.27,25.81,37.3,16.83,0,Petrolul 52 2-0 Csikszereda,2026-04-06
Petrolul 52,1.81,0.63,1.18,1.69,0.57,1.12,0.12,0.06,0.06,1.81,0.63,1.18,2,0,2,0.82,45.7,59.52,49.29,0.45,0.68,180,8,16,9,35.56,13.24,9.44,9,2,16,3,15,101.0,72.56,87.0,74.19,184.3,83.17,5,Petrolul 52 2-0 Csikszereda,2026-04-06
Universitatea Cluj,2.12,0.88,1.24,1.84,0.88,0.96,0.27,0.0,0.27,2.12,0.88,1.24,2,1,1,-0.24,51.8,61.19,49.53,1.16,0.47,208,18,18,13,15.52,27.66,12.89,6,7,28,8,9,155.2,77.41,35.87,47.36,140.43,78.65,4,Rapid Bucureşti 1-2 Universitatea Cluj,2026-04-05
Rapid Bucureşti,0.88,2.12,-1.24,0.88,1.84,-0.96,0.0,0.27,-0.27,0.88,2.12,-1.24,1,2,-1,0.24,48.2,38.81,44.57,0.47,1.16,171,12,13,18,27.66,15.52,12.19,7,6,16,6,11,45.3,22.59,39.87,52.64,38.13,21.35,0,Rapid Bucureşti 1-2 Universitatea Cluj,2026-04-05
Unirea Slobozia,0.43,2.52,-2.09,0.43,2.05,-1.62,0.0,0.47,-0.47,0.43,2.52,-2.09,1,0,1,3.09,34.1,37.78,42.83,0.34,1.25,111,6,8,26,23.53,20.8,15.87,2,2,14,2,17,36.1,15.8,97.0,97.26,81.4,42.75,2,FCV Farul Constanţa 0-1 Unirea Slobozia,2026-04-05
FCV Farul Constanţa,2.52,0.43,2.09,2.05,0.43,1.62,0.47,0.0,0.47,2.52,0.43,2.09,0,1,-1,-3.09,65.9,62.22,47.55,1.25,0.34,302,18,26,8,20.8,23.53,13.74,2,2,28,11,4,192.4,84.2,2.73,2.74,109.03,57.25,1,FCV Farul Constanţa 0-1 Unirea Slobozia,2026-04-05
Metaloglobus,0.84,3.62,-2.78,0.62,2.1,-1.48,0.22,0.76,-0.54,0.84,2.86,-2.02,1,5,-4,-1.22,42.2,31.1,43.26,0.16,1.25,136,10,5,23,31.25,18.4,16.43,3,4,12,7,10,29.7,12.05,75.53,84.74,19.82,6.33,0,UTA Arad 5-1 Metaloglobus,2026-04-05
UTA Arad,3.62,0.84,2.78,2.1,0.62,1.48,0.76,0.22,0.54,2.86,0.84,2.02,5,1,4,1.22,57.8,68.9,51.4,1.25,0.16,285,17,23,5,18.4,31.25,8.78,4,3,35,9,10,216.8,87.95,13.6,15.26,293.47,93.67,1,UTA Arad 5-1 Metaloglobus,2026-04-05
Dinamo Bucureşti,2.58,2.06,0.52,2.48,1.23,1.25,0.1,0.07,0.03,2.58,1.3,1.28,1,1,0,-0.52,65.0,57.59,49.05,0.61,1.05,243,14,16,12,26.23,11.43,11.56,3,3,17,7,10,149.0,71.29,6.27,6.2,92.6,47.41,2,Argeș 1-1 Dinamo Bucureşti,2026-04-04
Argeș,2.06,2.58,-0.52,1.23,2.48,-1.25,0.07,0.1,-0.03,1.3,2.58,-1.28,1,1,0,0.52,35.0,42.41,48.48,1.05,0.61,132,17,12,16,11.43,26.23,12.65,3,3,20,6,11,60.0,28.71,94.87,93.8,102.7,52.59,3,Argeș 1-1 Dinamo Bucureşti,2026-04-04
Hermannstadt,1.26,1.42,-0.16,0.74,0.73,0.01,0.52,0.69,-0.17,1.26,1.42,-0.16,0,2,-2,-1.84,50.4,53.36,51.51,0.83,0.37,204,17,11,15,13.25,40.54,8.89,5,5,19,4,13,92.0,58.23,39.6,62.07,81.47,45.61,4,Oţelul Galați 2-0 Hermannstadt,2026-04-04
Oţelul Galați,1.42,1.26,0.16,0.73,0.74,-0.01,0.69,0.52,0.17,1.42,1.26,0.16,2,0,2,1.84,49.6,46.64,47.18,0.37,0.83,164,10,15,11,40.54,13.25,7.49,5,5,11,5,16,66.0,41.77,24.2,37.93,97.17,54.39,2,Oţelul Galați 2-0 Hermannstadt,2026-04-04
FCSB,0.93,2.8,-1.87,0.17,2.77,-2.6,0.0,0.03,-0.03,0.17,2.8,-2.63,2,3,-1,0.87,42.0,36.09,43.8,0.4,0.55,142,7,6,20,15.0,36.36,12.78,1,8,15,0,13,28.3,14.22,61.27,63.25,48.4,27.88,0,Botoșani 3-2 FCSB,2026-04-03
Botoșani,2.8,0.93,1.87,2.77,0.17,2.6,0.03,0.0,0.03,2.8,0.17,2.63,3,2,1,-0.87,58.0,63.91,50.73,0.55,0.4,270,15,20,6,36.36,15.0,8.07,8,1,16,2,16,170.7,85.78,35.6,36.75,125.23,72.12,0,Botoșani 3-2 FCSB,2026-04-03
Oţelul Galați,1.16,1.39,-0.23,1.09,0.52,0.57,0.07,0.1,-0.03,1.16,0.63,0.53,1,2,-1,-0.77,66.5,63.57,48.17,0.62,0.16,245,9,11,11,17.74,68.75,6.29,5,2,23,5,20,88.8,81.02,4.2,4.27,43.93,36.35,1,Unirea Slobozia 2-1 Oţelul Galați,2026-03-23
Unirea Slobozia,1.39,1.16,0.23,0.52,1.09,-0.57,0.1,0.07,0.03,0.63,1.16,-0.53,2,1,1,0.77,33.5,36.43,41.11,0.16,0.62,83,4,11,11,68.75,17.74,12.41,2,5,14,5,9,20.8,18.98,94.2,95.73,76.93,63.65,1,Unirea Slobozia 2-1 Oţelul Galați,2026-03-23
Botoșani,0.58,3.63,-3.05,0.58,3.4,-2.82,0.0,0.23,-0.23,0.58,3.63,-3.05,0,3,-3,0.05,55.6,34.15,39.15,0.48,1.46,132,8,5,24,10.42,16.44,17.53,1,6,6,2,8,19.3,8.96,11.87,10.36,16.13,4.43,0,Hermannstadt 3-0 Botoșani,2026-03-22
Hermannstadt,3.63,0.58,3.05,3.4,0.58,2.82,0.23,0.0,0.23,3.63,0.58,3.05,3,0,3,-0.05,44.4,65.85,54.87,1.46,0.48,237,22,24,5,16.44,10.42,17.08,6,1,32,11,6,196.1,91.04,102.73,89.64,347.64,95.57,0,Hermannstadt 3-0 Botoșani,2026-03-22
Universitatea Cluj,1.32,0.32,1.0,1.32,0.32,1.0,0.0,0.0,0.0,1.32,0.32,1.0,1,0,1,0.0,55.5,45.8,43.99,0.18,0.25,156,5,8,8,44.44,32.0,7.37,3,4,13,3,14,55.4,47.59,20.93,24.22,39.6,29.52,1,Argeș 0-1 Universitatea Cluj,2026-03-21
Argeș,0.32,1.32,-1.0,0.32,1.32,-1.0,0.0,0.0,0.0,0.32,1.32,-1.0,0,1,-1,0.0,44.5,54.2,49.07,0.25,0.18,168,8,8,8,32.0,44.44,11.61,4,3,19,4,14,61.0,52.41,65.47,75.78,94.53,70.48,5,Argeș 0-1 Universitatea Cluj,2026-03-21
FCV Farul Constanţa,1.96,1.38,0.58,1.8,1.31,0.49,0.16,0.07,0.09,1.96,1.38,0.58,1,1,0,-0.58,50.1,48.47,46.06,0.91,1.19,177,11,13,17,14.29,14.29,10.0,5,4,21,6,11,94.6,47.97,33.87,36.87,89.87,43.13,1,Csikszereda 1-1 FCV Farul Constanţa,2026-03-21
Csikszereda,1.38,1.96,-0.58,1.31,1.8,-0.49,0.07,0.16,-0.09,1.38,1.96,-0.58,1,1,0,0.58,49.9,51.53,47.83,1.19,0.91,200,15,17,13,14.29,14.29,11.3,4,5,18,5,13,102.6,52.03,58.0,63.13,118.5,56.87,2,Csikszereda 1-1 FCV Farul Constanţa,2026-03-21
Petrolul 52,1.04,1.76,-0.72,0.98,1.0,-0.02,0.06,0.0,0.06,1.04,1.0,0.04,0,1,-1,-0.28,56.7,60.45,49.98,1.18,0.36,237,13,12,12,10.17,33.33,10.31,6,6,26,7,14,93.6,70.27,22.73,25.83,71.07,53.05,3,Metaloglobus 1-0 Petrolul 52,2026-03-21
Metaloglobus,1.76,1.04,0.72,1.0,0.98,0.02,0.0,0.06,-0.06,1.0,1.04,-0.04,1,0,1,0.28,43.3,39.55,46.85,0.36,1.18,156,7,12,12,33.33,10.17,12.2,6,6,11,4,5,39.6,29.73,65.27,74.17,62.9,46.95,2,Metaloglobus 1-0 Petrolul 52,2026-03-21
Rapid Bucureşti,1.03,3.59,-2.56,0.83,1.84,-1.01,0.2,1.75,-1.55,1.03,3.59,-2.56,0,1,-1,1.56,51.9,51.8,49.05,0.74,0.47,222,12,11,18,14.86,38.3,11.06,9,6,22,5,11,105.3,43.78,52.67,57.75,104.13,45.57,0,CFR Cluj 1-0 Rapid Bucureşti,2026-03-20
CFR Cluj,3.59,1.03,2.56,1.84,0.83,1.01,1.75,0.2,1.55,3.59,1.03,2.56,1,0,1,-1.56,48.1,48.2,46.81,0.47,0.74,202,12,18,11,38.3,14.86,11.44,6,9,12,4,12,135.2,56.22,38.53,42.25,124.4,54.43,1,CFR Cluj 1-0 Rapid Bucureşti,2026-03-20
UTA Arad,1.01,1.79,-0.78,0.97,1.73,-0.76,0.04,0.05,-0.01,1.01,1.79,-0.78,0,1,-1,-0.22,35.0,32.25,46.66,0.28,1.36,145,7,10,13,35.71,9.56,15.03,3,5,15,3,13,21.0,10.77,96.73,85.96,47.77,25.59,2,FCSB 1-0 UTA Arad,2026-03-20
FCSB,1.79,1.01,0.78,1.73,0.97,0.76,0.05,0.04,0.01,1.79,1.01,0.78,1,0,1,0.22,65.0,67.75,50.25,1.36,0.28,314,26,13,10,9.56,35.71,8.3,5,3,31,8,13,174.0,89.23,15.8,14.04,138.93,74.41,0,FCSB 1-0 UTA Arad,2026-03-20
Universitatea Craiova,0.98,0.77,0.21,0.98,0.77,0.21,0.0,0.0,0.0,0.98,0.77,0.21,1,0,1,0.79,37.1,28.16,41.39,0.12,1.15,109,1,8,8,66.67,6.96,12.09,6,3,2,1,15,27.2,14.2,101.8,79.95,63.33,43.92,0,Dinamo Bucureşti 0-1 Universitatea Craiova,2026-03-19
Dinamo Bucureşti,0.77,0.98,-0.21,0.77,0.98,-0.21,0.0,0.0,0.0,0.77,0.98,-0.21,0,1,-1,-0.79,62.9,71.84,49.79,1.15,0.12,288,10,8,8,6.96,66.67,7.25,3,6,17,2,16,164.4,85.8,25.53,20.05,80.87,56.08,1,Dinamo Bucureşti 0-1 Universitatea Craiova,2026-03-19
Metaloglobus,0.16,2.96,-2.8,0.15,2.76,-2.61,0.01,0.2,-0.19,0.16,2.96,-2.8,0,0,0,2.8,26.8,20.68,41.27,0.29,1.98,89,5,4,27,13.79,13.64,27.42,2,9,10,5,13,11.1,3.13,131.67,92.86,23.77,9.2,0,FCSB 0-0 Metaloglobus,2026-03-15
FCSB,2.96,0.16,2.8,2.76,0.15,2.61,0.2,0.01,0.19,2.96,0.16,2.8,0,0,0,-2.8,73.2,79.32,56.35,1.98,0.29,483,42,27,4,13.64,13.79,8.69,9,2,47,14,4,343.4,96.87,10.13,7.14,234.53,90.8,1,FCSB 0-0 Metaloglobus,2026-03-15
Petrolul 52,1.35,0.83,0.52,1.14,0.83,0.31,0.21,0.0,0.21,1.35,0.83,0.52,0,2,-2,-2.52,58.2,59.81,49.07,1.06,0.25,226,13,17,9,16.04,36.0,8.5,5,5,28,8,17,119.2,87.45,25.2,34.05,87.43,66.84,1,FCV Farul Constanţa 2-0 Petrolul 52,2026-03-15
FCV Farul Constanţa,0.83,1.35,-0.52,0.83,1.14,-0.31,0.0,0.21,-0.21,0.83,1.35,-0.52,2,0,2,2.52,41.8,40.19,45.12,0.25,1.06,133,4,9,17,36.0,16.04,12.75,5,5,11,0,10,17.1,12.55,48.8,65.95,43.37,33.16,0,FCV Farul Constanţa 2-0 Petrolul 52,2026-03-15
Dinamo Bucureşti,1.04,1.35,-0.31,0.28,0.56,-0.28,0.0,0.78,-0.78,0.28,1.35,-1.07,2,3,-1,-0.69,47.2,39.49,40.55,0.24,0.72,113,1,5,12,20.83,16.67,9.32,2,1,10,2,18,41.1,28.27,50.27,53.51,47.63,36.62,0,Rapid Bucureşti 3-2 Dinamo Bucureşti,2026-03-14
Rapid Bucureşti,1.35,1.04,0.31,0.56,0.28,0.28,0.78,0.0,0.78,1.35,0.28,1.07,3,2,1,0.69,52.8,60.51,44.66,0.72,0.24,174,11,12,5,16.67,20.83,8.59,1,2,18,7,14,104.3,71.73,43.67,46.49,82.43,63.38,0,Rapid Bucureşti 3-2 Dinamo Bucureşti,2026-03-14
Csikszereda,2.04,2.93,-0.89,2.04,1.49,0.55,0.0,0.68,-0.68,2.04,2.17,-0.13,3,2,1,1.89,34.1,39.13,48.0,0.47,0.72,127,5,8,21,17.02,29.17,16.58,1,1,6,1,15,43.8,25.54,106.67,93.62,101.17,70.53,3,Oţelul Galați 2-3 Csikszereda,2026-03-14
Oţelul Galați,2.93,2.04,0.89,1.49,2.04,-0.55,0.68,0.0,0.68,2.17,2.04,0.13,2,3,-1,-1.89,65.9,60.87,48.1,0.72,0.47,263,20,21,8,29.17,17.02,7.96,1,1,27,6,7,127.7,74.46,7.27,6.38,42.27,29.47,1,Oţelul Galați 2-3 Csikszereda,2026-03-14
CFR Cluj,1.05,1.57,-0.52,0.91,1.29,-0.38,0.14,0.28,-0.14,1.05,1.57,-0.52,1,2,-1,-0.48,40.0,40.79,47.28,0.53,0.76,164,10,14,12,26.42,15.79,14.23,6,8,23,4,9,42.9,26.73,98.87,87.23,90.27,53.03,0,Universitatea Cluj 2-1 CFR Cluj,2026-03-16
Universitatea Cluj,1.57,1.05,0.52,1.29,0.91,0.38,0.28,0.14,0.14,1.57,1.05,0.52,2,1,1,0.48,60.0,59.21,49.69,0.76,0.53,257,11,12,14,15.79,26.42,10.78,8,6,26,7,10,117.6,73.27,14.47,12.77,79.97,46.97,0,Universitatea Cluj 2-1 CFR Cluj,2026-03-16
Unirea Slobozia,1.31,1.14,0.17,1.31,0.36,0.95,0.0,0.77,-0.77,1.31,1.14,0.17,2,3,-1,-1.17,28.8,26.85,42.77,0.33,0.47,85,3,7,12,21.21,25.53,17.82,4,3,11,2,18,11.8,7.72,139.0,95.91,72.87,42.3,0,Botoșani 3-2 Unirea Slobozia,2026-03-16
Botoșani,1.14,1.31,-0.17,0.36,1.31,-0.95,0.77,0.0,0.77,1.14,1.31,-0.17,3,2,1,1.17,71.2,73.15,48.96,0.47,0.33,311,7,12,7,25.53,21.21,6.11,3,4,27,9,12,141.1,92.28,5.93,4.09,99.4,57.7,0,Botoșani 3-2 Unirea Slobozia,2026-03-16
Argeș,0.26,0.61,-0.35,0.19,0.5,-0.31,0.07,0.12,-0.05,0.26,0.61,-0.35,1,0,1,1.35,29.3,38.58,47.27,0.16,0.88,116,5,5,12,31.25,13.64,12.62,8,2,11,8,17,24.1,16.12,135.47,97.78,106.57,73.73,3,Universitatea Craiova 0-1 Argeș,2026-03-13
Universitatea Craiova,0.61,0.26,0.35,0.5,0.19,0.31,0.12,0.07,0.05,0.61,0.26,0.35,0,1,-1,-1.35,70.7,61.42,45.77,0.88,0.16,248,17,12,5,13.64,31.25,6.26,2,8,25,5,7,125.4,83.88,3.07,2.22,37.97,26.27,0,Universitatea Craiova 0-1 Argeș,2026-03-13
Hermannstadt,2.66,0.78,1.88,1.9,0.43,1.47,0.0,0.36,-0.36,1.9,0.78,1.12,2,3,-1,-2.88,59.1,57.78,49.01,0.82,0.33,228,12,14,9,17.07,27.27,7.49,2,5,24,3,14,125.2,78.79,20.87,26.42,104.93,67.38,0,UTA Arad 3-2 Hermannstadt,2026-03-13
UTA Arad,0.78,2.66,-1.88,0.43,1.9,-1.47,0.36,0.0,0.36,0.78,1.9,-1.12,3,2,1,2.88,40.9,42.22,48.57,0.33,0.82,146,9,9,14,27.27,17.07,12.03,5,2,12,4,12,33.7,21.21,58.13,73.58,50.8,32.62,1,UTA Arad 3-2 Hermannstadt,2026-03-13
Dinamo Bucureşti,2.1,0.74,1.36,0.86,0.73,0.13,0.47,0.01,0.46,1.34,0.74,0.6,0,2,-2,-3.36,64.6,65.71,49.08,0.92,0.3,290,14,13,12,14.13,40.0,7.97,9,9,24,3,5,158.6,80.18,4.2,4.1,78.17,41.58,0,CFR Cluj 2-0 Dinamo Bucureşti,2026-03-09
CFR Cluj,0.74,2.1,-1.36,0.73,0.86,-0.13,0.01,0.47,-0.46,0.74,1.34,-0.6,2,0,2,3.36,35.4,34.29,41.66,0.3,0.92,118,7,12,13,40.0,14.13,15.37,9,9,9,2,16,39.2,19.82,98.13,95.9,109.83,58.42,1,CFR Cluj 2-0 Dinamo Bucureşti,2026-03-09
Universitatea Craiova,0.61,0.85,-0.24,0.54,0.49,0.05,0.07,0.36,-0.29,0.61,0.85,-0.24,1,1,0,0.24,65.6,63.87,47.64,0.47,0.33,259,10,13,12,27.66,36.36,6.92,8,2,20,2,14,120.6,69.39,13.07,11.35,78.9,44.46,0,Rapid Bucureşti 1-1 Universitatea Craiova,2026-03-08
Rapid Bucureşti,0.85,0.61,0.24,0.49,0.54,-0.05,0.36,0.07,0.29,0.85,0.61,0.24,1,1,0,-0.24,34.4,36.13,41.51,0.33,0.47,106,5,12,13,36.36,27.66,15.12,2,8,13,3,13,53.2,30.61,102.13,88.65,98.57,55.54,1,Rapid Bucureşti 1-1 Universitatea Craiova,2026-03-08
Unirea Slobozia,0.31,1.09,-0.78,0.31,1.07,-0.76,0.0,0.02,-0.02,0.31,1.09,-0.78,0,0,0,0.78,34.0,28.06,43.51,0.22,1.02,104,4,7,11,31.82,10.78,20.42,4,6,12,2,5,15.3,7.71,77.47,95.56,28.8,19.01,2,Argeș 0-0 Unirea Slobozia,2026-03-08
Argeș,1.09,0.31,0.78,1.07,0.31,0.76,0.02,0.0,0.02,1.09,0.31,0.78,0,0,0,-0.78,66.0,71.94,52.06,1.02,0.22,276,26,11,7,10.78,31.82,11.19,6,4,33,5,9,183.1,92.29,3.6,4.44,122.73,80.99,4,Argeș 0-0 Unirea Slobozia,2026-03-08
Hermannstadt,2.27,0.22,2.05,1.55,0.22,1.33,0.72,0.0,0.72,2.27,0.22,2.05,2,0,2,-0.05,55.4,54.18,50.33,0.83,0.46,213,15,16,3,19.28,6.52,10.44,3,4,25,5,17,139.2,82.76,30.53,33.36,104.1,85.35,1,Oţelul Galați 0-2 Hermannstadt,2026-03-08
Oţelul Galați,0.22,2.27,-2.05,0.22,1.55,-1.33,0.0,0.72,-0.72,0.22,2.27,-2.05,0,2,-2,0.05,44.6,45.82,48.87,0.46,0.83,163,10,3,16,6.52,19.28,10.87,4,3,10,2,8,29.0,17.24,61.0,66.64,17.87,14.65,2,Oţelul Galați 0-2 Hermannstadt,2026-03-08
Universitatea Cluj,2.13,0.7,1.43,2.13,0.58,1.55,0.0,0.12,-0.12,2.13,0.7,1.43,3,1,2,0.57,42.7,30.17,40.93,0.61,1.02,150,7,10,11,16.39,10.78,14.28,3,8,4,3,8,25.2,16.58,43.8,59.89,116.1,77.49,0,FCSB 1-3 Universitatea Cluj,2026-03-07
FCSB,0.7,2.13,-1.43,0.58,2.13,-1.55,0.12,0.0,0.12,0.7,2.13,-1.43,1,3,-2,-0.57,57.3,69.83,52.35,1.02,0.61,302,19,11,10,10.78,16.39,9.81,8,3,29,10,9,126.8,83.42,29.33,40.11,33.73,22.51,0,FCSB 1-3 Universitatea Cluj,2026-03-07
Petrolul 52,0.85,1.22,-0.37,0.79,0.84,-0.05,0.06,0.38,-0.32,0.85,1.22,-0.37,1,0,1,1.37,39.9,34.75,42.94,0.61,0.8,116,9,7,16,11.48,20.0,11.3,1,7,19,6,13,30.6,15.77,67.27,91.56,66.87,44.62,2,Botoșani 0-1 Petrolul 52,2026-03-07
Botoșani,1.22,0.85,0.37,0.84,0.79,0.05,0.38,0.06,0.32,1.22,0.85,0.37,0,1,-1,-1.37,60.1,65.25,52.34,0.8,0.61,280,16,16,7,20.0,11.48,8.94,7,1,24,7,14,163.5,84.23,6.2,8.44,83.0,55.38,0,Botoșani 0-1 Petrolul 52,2026-03-07
UTA Arad,2.73,1.65,1.08,2.21,0.87,1.34,0.52,0.79,-0.27,2.73,1.65,1.08,2,2,0,-1.08,54.2,53.85,46.93,1.34,1.06,188,29,19,10,14.18,9.43,11.52,1,4,27,6,11,121.6,72.64,19.33,23.96,92.03,58.9,2,Metaloglobus 2-2 UTA Arad,2026-03-07
Metaloglobus,1.65,2.73,-1.08,0.87,2.21,-1.34,0.79,0.52,0.27,1.65,2.73,-1.08,2,2,0,1.08,45.8,46.15,48.43,1.06,1.34,163,17,10,19,9.43,14.18,14.54,4,1,19,7,13,45.8,27.36,61.33,76.04,64.23,41.1,0,Metaloglobus 2-2 UTA Arad,2026-03-07
FCV Farul Constanţa,0.64,2.46,-1.82,0.6,1.36,-0.76,0.04,0.34,-0.3,0.64,1.7,-1.06,0,1,-1,0.82,55.2,54.01,46.04,0.82,0.71,181,15,4,9,4.88,12.68,18.56,5,4,27,5,9,72.5,47.29,42.47,43.34,61.1,40.31,0,Csikszereda 1-0 FCV Farul Constanţa,2026-03-06
Csikszereda,2.46,0.64,1.82,1.36,0.6,0.76,0.34,0.04,0.3,1.7,0.64,1.06,1,0,1,-0.82,44.8,45.99,44.15,0.71,0.82,156,10,9,4,12.68,4.88,15.04,4,5,14,4,7,80.8,52.71,55.53,56.66,90.47,59.69,1,Csikszereda 1-0 FCV Farul Constanţa,2026-03-06
Rapid Bucureşti,2.77,1.06,1.71,2.74,0.74,2.0,0.03,0.32,-0.29,2.77,1.06,1.71,2,1,1,-0.71,54.5,61.05,50.83,0.92,0.36,272,13,22,8,23.91,22.22,14.52,7,2,28,5,9,186.4,81.58,48.67,46.92,192.5,82.62,0,Unirea Slobozia 1-2 Rapid Bucureşti,2026-03-02
Unirea Slobozia,1.06,2.77,-1.71,0.74,2.74,-2.0,0.32,0.03,0.29,1.06,2.77,-1.71,1,2,-1,0.71,45.5,38.95,42.47,0.36,0.92,153,9,8,22,22.22,23.91,16.72,2,7,19,4,5,42.1,18.42,55.07,53.08,40.5,17.38,1,Unirea Slobozia 1-2 Rapid Bucureşti,2026-03-02
FCSB,3.45,1.28,2.17,2.55,1.28,1.27,0.9,0.0,0.9,3.45,1.28,2.17,4,2,2,-0.17,67.5,73.35,50.24,1.52,0.37,392,19,23,8,15.13,21.62,10.27,8,2,14,4,7,246.5,84.01,8.93,6.1,169.5,74.34,2,UTA Arad 2-4 FCSB,2026-03-01
UTA Arad,1.28,3.45,-2.17,1.28,2.55,-1.27,0.0,0.9,-0.9,1.28,3.45,-2.17,2,4,-2,0.17,32.5,26.65,41.59,0.37,1.52,120,7,8,23,21.62,15.13,22.46,2,8,9,1,13,46.9,15.99,137.53,93.9,58.5,25.66,2,UTA Arad 2-4 FCSB,2026-03-01
Argeș,1.04,1.5,-0.46,0.95,1.5,-0.55,0.09,0.0,0.09,1.04,1.5,-0.46,1,0,1,1.46,36.7,37.5,46.76,0.21,0.44,146,3,10,11,47.62,25.0,19.38,2,6,18,3,11,46.5,26.29,103.27,94.74,105.27,58.1,0,Dinamo Bucureşti 0-1 Argeș,2026-03-01
Dinamo Bucureşti,1.5,1.04,0.46,1.5,0.95,0.55,0.0,0.09,-0.09,1.5,1.04,0.46,0,1,-1,-1.46,63.3,62.5,46.68,0.44,0.21,252,11,11,10,25.0,47.62,7.64,6,2,20,4,12,130.4,73.71,5.73,5.26,75.93,41.9,2,Dinamo Bucureşti 0-1 Argeș,2026-03-01
Csikszereda,1.08,1.03,0.05,0.32,0.83,-0.51,0.0,0.2,-0.2,0.32,1.03,-0.71,1,1,0,-0.05,34.2,28.43,45.06,0.58,0.88,113,7,6,13,10.34,14.77,8.53,1,6,9,1,20,44.3,18.71,78.73,81.28,62.43,29.38,2,Petrolul 52 1-1 Csikszereda,2026-03-01
Petrolul 52,1.03,1.08,-0.05,0.83,0.32,0.51,0.2,0.0,0.2,1.03,0.32,0.71,1,1,0,0.05,65.8,71.57,52.81,0.88,0.58,316,27,13,6,14.77,10.34,5.85,6,1,35,10,16,192.5,81.29,18.13,18.72,150.03,70.62,5,Petrolul 52 1-1 Csikszereda,2026-03-01
CFR Cluj,0.63,0.4,0.23,0.46,0.38,0.08,0.17,0.03,0.14,0.63,0.4,0.23,2,1,1,0.77,35.7,36.61,45.03,0.26,0.54,143,5,12,10,46.15,18.52,15.31,5,5,9,1,14,47.6,29.24,122.87,89.9,135.7,88.39,1,FCV Farul Constanţa 1-2 CFR Cluj,2026-02-28
FCV Farul Constanţa,0.4,0.63,-0.23,0.38,0.46,-0.08,0.03,0.17,-0.14,0.4,0.63,-0.23,1,2,-1,-0.77,64.3,63.39,50.34,0.54,0.26,322,8,10,12,18.52,46.15,9.83,5,5,25,2,9,115.2,70.76,13.8,10.1,17.83,11.61,2,FCV Farul Constanţa 1-2 CFR Cluj,2026-02-28
Metaloglobus,0.29,1.28,-0.99,0.29,0.5,-0.21,0.0,0.78,-0.78,0.29,1.28,-0.99,1,2,-1,-0.01,29.5,26.37,42.12,0.23,0.68,114,6,3,14,13.04,20.59,17.24,5,3,11,1,7,7.5,2.95,103.93,92.09,35.47,21.84,0,Universitatea Craiova 2-1 Metaloglobus,2026-02-28
Universitatea Craiova,1.28,0.29,0.99,0.5,0.29,0.21,0.78,0.0,0.78,1.28,0.29,0.99,2,1,1,0.01,70.5,73.63,52.67,0.68,0.23,433,16,14,3,20.59,13.04,12.59,3,5,37,12,11,246.7,97.05,8.93,7.91,126.97,78.16,0,Universitatea Craiova 2-1 Metaloglobus,2026-02-28
Oţelul Galați,0.92,3.03,-2.11,0.41,2.15,-1.74,0.51,0.88,-0.37,0.92,3.03,-2.11,0,4,-4,-1.89,42.8,50.23,44.47,0.33,0.7,154,5,10,19,30.3,27.14,11.79,10,8,17,4,15,45.7,32.21,100.4,80.53,35.56,19.64,3,Universitatea Cluj 4-0 Oţelul Galați,2026-02-27
Universitatea Cluj,3.03,0.92,2.11,2.15,0.41,1.74,0.88,0.51,0.37,3.03,0.92,2.11,4,0,4,1.89,57.2,49.77,43.66,0.7,0.33,194,18,19,10,27.14,30.3,10.5,8,10,19,5,7,96.2,67.79,24.27,19.47,145.54,80.36,1,Universitatea Cluj 4-0 Oţelul Galați,2026-02-27
Botoșani,1.2,3.01,-1.81,1.12,2.29,-1.17,0.08,0.72,-0.64,1.2,3.01,-1.81,1,3,-2,-0.19,54.8,39.12,43.6,0.44,0.79,189,5,12,11,27.27,13.92,6.72,1,5,13,4,10,32.8,23.43,8.13,7.36,5.8,2.26,0,Hermannstadt 3-1 Botoșani,2026-02-27
Hermannstadt,3.01,1.2,1.81,2.29,1.12,1.17,0.72,0.08,0.64,3.01,1.2,1.81,3,1,2,0.19,45.2,60.88,54.74,0.79,0.44,235,15,11,12,13.92,27.27,11.82,5,1,27,10,19,107.2,76.57,102.4,92.64,251.26,97.74,0,Hermannstadt 3-1 Botoșani,2026-02-27
Metaloglobus,0.32,7.04,-6.72,0.25,6.27,-6.02,0.07,0.76,-0.69,0.32,7.04,-6.72,1,4,-3,3.72,32.3,30.1,45.98,0.31,2.11,125,6,9,29,29.03,13.74,31.56,2,6,13,2,7,23.7,8.71,113.73,90.31,28.2,8.57,1,FCSB 4-1 Metaloglobus,2026-02-23
FCSB,7.04,0.32,6.72,6.27,0.25,6.02,0.76,0.07,0.69,7.04,0.32,6.72,4,1,3,-3.72,67.7,69.9,52.87,2.11,0.31,374,33,29,9,13.74,29.03,9.0,6,2,27,9,6,248.5,91.29,12.2,9.69,300.67,91.43,0,FCSB 4-1 Metaloglobus,2026-02-23
Hermannstadt,1.41,1.02,0.39,1.28,0.62,0.66,0.13,0.4,-0.27,1.41,1.02,0.39,1,2,-1,-1.39,57.7,64.31,51.28,0.64,0.57,238,20,12,13,18.75,22.81,7.7,7,5,25,8,13,153.3,73.53,25.4,33.9,122.93,64.9,1,Csikszereda 2-1 Hermannstadt,2026-02-23
Csikszereda,1.02,1.41,-0.39,0.62,1.28,-0.66,0.4,0.13,0.27,1.02,1.41,-0.39,2,1,1,1.39,42.3,35.69,44.18,0.57,0.64,122,9,13,12,22.81,18.75,14.08,5,7,13,6,10,55.2,26.47,49.53,66.1,66.47,35.1,2,Csikszereda 2-1 Hermannstadt,2026-02-23
Universitatea Craiova,2.6,0.11,2.49,1.75,0.11,1.64,0.86,0.0,0.86,2.6,0.11,2.49,3,0,3,0.51,55.0,60.17,47.93,0.8,0.24,244,16,17,4,21.25,16.67,12.53,6,4,26,6,15,117.9,89.18,47.4,55.12,162.5,92.65,1,Unirea Slobozia 0-3 Universitatea Craiova,2026-02-22
Unirea Slobozia,0.11,2.6,-2.49,0.11,1.75,-1.64,0.0,0.86,-0.86,0.11,2.6,-2.49,0,3,-3,-0.51,45.0,39.83,37.16,0.24,0.8,109,3,4,17,16.67,21.25,16.07,4,6,11,2,8,14.3,10.82,38.6,44.88,12.9,7.35,0,Unirea Slobozia 0-3 Universitatea Craiova,2026-02-22
FCV Farul Constanţa,0.64,1.43,-0.79,0.64,0.53,0.11,0.0,0.9,-0.9,0.64,1.43,-0.79,0,1,-1,-0.21,57.8,46.48,46.67,0.88,0.66,216,7,4,13,4.55,19.7,8.34,7,8,20,1,9,60.4,33.52,4.87,4.58,18.47,9.13,1,Argeș 1-0 FCV Farul Constanţa,2026-02-22
Argeș,1.43,0.64,0.79,0.53,0.64,-0.11,0.9,0.0,0.9,1.43,0.64,0.79,1,0,1,0.21,42.2,53.52,50.97,0.66,0.88,171,11,13,4,19.7,4.55,13.82,8,7,21,8,9,119.8,66.48,101.4,95.42,183.9,90.87,2,Argeș 1-0 FCV Farul Constanţa,2026-02-22
Dinamo Bucureşti,1.03,1.47,-0.44,0.94,0.98,-0.04,0.09,0.48,-0.39,1.03,1.47,-0.44,1,2,-1,-0.56,73.5,76.98,50.65,0.36,-0.07,349,13,13,10,36.11,-142.86,4.5,9,3,23,8,11,168.5,81.72,0.07,0.05,56.97,33.55,0,Rapid Bucureşti 2-1 Dinamo Bucureşti,2026-02-21
Rapid Bucureşti,1.47,1.03,0.44,0.98,0.94,0.04,0.48,0.09,0.39,1.47,1.03,0.44,2,1,1,0.56,26.5,23.02,41.9,-0.07,0.36,74,7,10,13,-142.86,36.11,21.39,3,9,10,7,13,37.7,18.28,151.6,99.95,112.83,66.45,0,Rapid Bucureşti 2-1 Dinamo Bucureşti,2026-02-21
Petrolul 52,0.89,1.95,-1.06,0.76,1.82,-1.06,0.12,0.13,-0.01,0.89,1.95,-1.06,1,2,-1,0.06,34.9,29.46,44.79,0.57,1.18,124,10,9,26,15.79,22.03,16.88,4,6,11,3,10,27.6,10.09,103.47,79.26,41.43,17.95,0,CFR Cluj 2-1 Petrolul 52,2026-02-21
CFR Cluj,1.95,0.89,1.06,1.82,0.76,1.06,0.13,0.12,0.01,1.95,0.89,1.06,2,1,1,-0.06,65.1,70.54,53.12,1.18,0.57,337,24,26,9,22.03,15.79,11.12,6,4,30,6,8,246.0,89.91,27.07,20.74,189.43,82.05,0,CFR Cluj 2-1 Petrolul 52,2026-02-21
Universitatea Cluj,1.8,2.11,-0.31,1.5,1.9,-0.4,0.31,0.21,0.1,1.8,2.11,-0.31,3,1,2,2.31,31.1,26.5,43.93,0.55,1.17,105,7,10,20,18.18,17.09,14.07,2,8,10,3,15,35.3,11.86,88.4,99.03,66.77,45.15,2,Botoșani 1-3 Universitatea Cluj,2026-02-20
Botoșani,2.11,1.8,0.31,1.9,1.5,0.4,0.21,0.31,-0.1,2.11,1.8,0.31,1,3,-2,-2.31,68.9,73.5,54.01,1.17,0.55,333,22,20,10,17.09,18.18,6.47,8,2,25,9,9,262.4,88.14,0.87,0.97,81.13,54.85,1,Botoșani 1-3 Universitatea Cluj,2026-02-20
UTA Arad,1.01,2.21,-1.2,0.86,1.19,-0.33,0.15,0.26,-0.11,1.01,1.45,-0.44,2,2,0,1.2,44.7,53.63,51.3,0.46,0.85,177,11,14,18,30.43,21.18,8.38,7,7,29,11,18,84.3,48.64,61.27,85.33,134.4,73.54,1,Oţelul Galați 2-2 UTA Arad,2026-02-20
Oţelul Galați,2.21,1.01,1.2,1.19,0.86,0.33,0.26,0.15,0.11,1.45,1.01,0.44,2,2,0,-1.2,55.3,46.37,45.52,0.85,0.46,177,15,18,14,21.18,30.43,5.5,7,7,24,5,11,89.0,51.36,10.53,14.67,48.37,26.46,3,Oţelul Galați 2-2 UTA Arad,2026-02-20
Unirea Slobozia,1.08,5.12,-4.04,1.08,3.14,-2.06,0.0,1.98,-1.98,1.08,5.12,-4.04,0,1,-1,3.04,28.7,24.15,40.77,0.42,1.07,97,2,7,31,16.67,28.97,18.07,2,5,5,2,10,7.3,2.26,128.6,90.77,22.93,9.15,1,Dinamo Bucureşti 1-0 Unirea Slobozia,2026-02-16
Dinamo Bucureşti,5.12,1.08,4.04,3.14,1.08,2.06,1.98,0.0,1.98,5.12,1.08,4.04,1,0,1,-3.04,71.3,75.85,51.64,1.07,0.42,353,20,31,7,28.97,16.67,9.28,5,2,35,14,8,315.8,97.74,13.07,9.23,227.8,90.85,2,Dinamo Bucureşti 1-0 Unirea Slobozia,2026-02-16
CFR Cluj,2.05,2.61,-0.56,1.15,1.03,0.12,0.14,0.83,-0.69,1.29,1.85,-0.56,1,0,1,1.56,48.7,50.87,48.16,0.61,0.53,186,12,15,12,24.59,22.64,10.0,3,2,10,4,16,92.9,52.81,32.27,40.92,88.7,53.33,2,Hermannstadt 0-1 CFR Cluj,2026-02-16
Hermannstadt,2.61,2.05,0.56,1.03,1.15,-0.12,0.83,0.14,0.69,1.85,1.29,0.56,0,1,-1,-1.56,51.3,49.13,46.69,0.53,0.61,192,8,12,15,22.64,24.59,9.67,2,3,22,6,14,83.0,47.19,46.6,59.08,77.63,46.67,3,Hermannstadt 0-1 CFR Cluj,2026-02-16
FCSB,1.24,1.08,0.16,1.06,1.05,0.01,0.18,0.02,0.16,1.24,1.08,0.16,0,1,-1,-1.16,58.3,60.07,48.83,0.82,0.64,221,13,13,11,15.85,17.19,10.84,4,3,24,5,10,125.8,65.11,24.33,25.12,84.77,45.96,0,Universitatea Craiova 1-0 FCSB,2026-02-15
Universitatea Craiova,1.08,1.24,-0.16,1.05,1.06,-0.01,0.02,0.18,-0.16,1.08,1.24,-0.16,1,0,1,1.16,41.7,39.93,45.42,0.64,0.82,140,8,11,13,17.19,15.85,12.4,3,4,11,3,13,67.4,34.89,72.53,74.88,99.67,54.04,0,Universitatea Craiova 1-0 FCSB,2026-02-15
Rapid Bucureşti,1.91,2.49,-0.58,1.83,1.46,0.37,0.08,0.26,-0.18,1.91,1.73,0.18,1,3,-2,-1.42,58.5,67.32,53.18,0.88,0.44,284,15,14,13,15.91,29.55,10.37,5,10,34,7,9,163.0,75.99,36.87,41.15,117.33,63.75,4,FCV Farul Constanţa 3-1 Rapid Bucureşti,2026-02-15
FCV Farul Constanţa,2.49,1.91,0.58,1.46,1.83,-0.37,0.26,0.08,0.18,1.73,1.91,-0.18,3,1,2,1.42,41.5,32.68,42.16,0.44,0.88,127,5,13,14,29.55,15.91,9.58,10,5,21,5,7,51.5,24.01,52.73,58.85,66.73,36.25,0,FCV Farul Constanţa 3-1 Rapid Bucureşti,2026-02-15
Botoșani,1.05,3.16,-2.11,0.85,2.35,-1.5,0.2,0.05,0.15,1.05,2.4,-1.35,1,2,-1,1.11,62.2,68.27,51.53,0.71,1.12,288,11,19,18,26.76,16.07,7.85,7,8,24,8,12,185.3,75.63,13.4,15.3,138.73,61.34,2,UTA Arad 2-1 Botoșani,2026-02-15
UTA Arad,3.16,1.05,2.11,2.35,0.85,1.5,0.05,0.2,-0.15,2.4,1.05,1.35,2,1,1,-1.11,37.8,31.73,44.64,1.12,0.71,127,16,18,19,16.07,26.76,11.52,8,7,14,4,11,59.7,24.37,74.2,84.7,87.43,38.66,0,UTA Arad 2-1 Botoșani,2026-02-15
Csikszereda,2.36,3.19,-0.83,1.6,2.43,-0.83,0.0,0.0,0.0,1.6,2.43,-0.83,1,4,-3,-2.17,30.3,45.49,46.33,0.76,0.74,111,7,14,12,18.42,16.22,21.62,5,3,17,2,7,59.3,38.28,165.73,94.2,58.22,31.05,0,Universitatea Cluj 4-1 Csikszereda,2026-02-14
Universitatea Cluj,3.19,2.36,0.83,2.43,1.6,0.83,0.0,0.0,0.0,2.43,1.6,0.83,4,1,3,2.17,69.7,54.51,43.29,0.74,0.76,215,12,12,14,16.22,18.42,11.58,3,5,11,0,13,95.6,61.72,10.2,5.8,129.28,68.95,2,Universitatea Cluj 4-1 Csikszereda,2026-02-14
Oţelul Galați,1.82,0.71,1.11,0.99,0.6,0.39,0.07,0.11,-0.04,1.06,0.71,0.35,1,0,1,-0.11,47.4,43.29,45.95,0.61,0.62,168,11,16,8,26.23,12.9,11.77,10,4,24,3,7,89.7,50.74,55.8,68.27,120.17,70.91,5,Metaloglobus 0-1 Oţelul Galați,2026-02-14
Metaloglobus,0.71,1.82,-1.11,0.6,0.99,-0.39,0.11,0.07,0.04,0.71,1.06,-0.35,0,1,-1,0.11,52.6,56.71,48.77,0.62,0.61,224,14,8,16,12.9,26.23,15.35,4,10,18,4,6,87.1,49.26,25.93,31.73,49.3,29.09,2,Metaloglobus 0-1 Oţelul Galați,2026-02-14
Argeș,1.06,1.3,-0.24,0.95,0.57,0.38,0.11,0.73,-0.62,1.06,1.3,-0.24,1,2,-1,-0.76,43.8,38.91,47.37,0.29,0.87,161,4,8,15,27.59,17.24,12.67,2,1,15,3,13,37.9,19.35,73.2,76.31,49.23,33.81,1,Petrolul 52 2-1 Argeș,2026-02-13
Petrolul 52,1.3,1.06,0.24,0.57,0.95,-0.38,0.73,0.11,0.62,1.3,1.06,0.24,2,1,1,0.76,56.2,61.09,50.6,0.87,0.29,238,18,15,8,17.24,27.59,11.52,1,2,36,10,14,158.0,80.65,22.73,23.69,96.37,66.19,1,Petrolul 52 2-1 Argeș,2026-02-13
Universitatea Craiova,0.6,0.45,0.15,0.53,0.45,0.08,0.06,0.0,0.06,0.6,0.45,0.15,1,1,0,-0.15,57.3,57.02,45.71,0.8,0.34,213,17,11,4,13.75,11.76,7.31,11,5,19,2,14,118.0,70.03,19.2,26.42,93.9,60.36,0,Dinamo Bucureşti 1-1 Universitatea Craiova,2026-02-09
Dinamo Bucureşti,0.45,0.6,-0.15,0.45,0.53,-0.08,0.0,0.06,-0.06,0.45,0.6,-0.15,1,1,0,0.15,42.7,42.98,43.17,0.34,0.8,142,4,4,11,11.76,13.75,9.89,5,11,9,0,15,50.5,29.97,53.47,73.58,61.67,39.64,0,Dinamo Bucureşti 1-1 Universitatea Craiova,2026-02-09
FCSB,4.81,1.0,3.81,3.99,0.96,3.03,0.83,0.03,0.8,4.81,1.0,3.81,4,1,3,-0.81,54.7,58.23,48.2,1.46,0.23,189,17,25,10,17.12,43.48,6.9,9,7,17,9,16,134.0,76.66,36.87,37.75,117.3,79.46,0,Oţelul Galați 1-4 FCSB,2026-02-08
Oţelul Galați,1.0,4.81,-3.81,0.96,3.99,-3.03,0.03,0.83,-0.8,1.0,4.81,-3.81,1,4,-3,0.81,45.3,41.77,46.98,0.23,1.46,158,3,10,25,43.48,17.12,10.87,7,9,14,3,12,40.8,23.34,60.8,62.25,30.33,20.54,0,Oţelul Galați 1-4 FCSB,2026-02-08
Metaloglobus,1.13,3.49,-2.36,1.13,2.64,-1.51,0.0,0.85,-0.85,1.13,3.49,-2.36,0,3,-3,-0.64,38.1,36.48,45.69,0.4,0.85,141,9,12,17,30.0,20.0,16.74,3,7,19,3,10,38.0,20.95,85.4,83.02,65.67,42.23,3,Botoșani 3-0 Metaloglobus,2026-02-08
Botoșani,3.49,1.13,2.36,2.64,1.13,1.51,0.85,0.0,0.85,3.49,1.13,2.36,3,0,3,0.64,61.9,63.52,48.46,0.85,0.4,268,19,17,12,20.0,30.0,7.36,7,3,16,6,11,143.4,79.05,17.47,16.98,89.83,57.77,2,Botoșani 3-0 Metaloglobus,2026-02-08
Universitatea Cluj,2.39,1.91,0.48,1.54,1.91,-0.37,0.85,0.0,0.85,2.39,1.91,0.48,2,3,-1,-1.48,69.2,61.4,47.49,0.64,0.45,273,13,20,12,31.25,26.67,7.46,5,8,26,8,11,151.4,76.31,3.4,2.52,83.03,32.27,4,CFR Cluj 3-2 Universitatea Cluj,2026-02-07
CFR Cluj,1.91,2.39,-0.48,1.91,1.54,0.37,0.0,0.85,-0.85,1.91,2.39,-0.48,3,2,1,1.48,30.8,38.6,47.93,0.45,0.64,123,3,12,20,26.67,31.25,15.18,8,5,5,2,11,47.0,23.69,131.6,97.48,174.23,67.73,0,CFR Cluj 3-2 Universitatea Cluj,2026-02-07
UTA Arad,2.75,0.25,2.5,2.59,0.25,2.34,0.15,0.0,0.15,2.75,0.25,2.5,0,2,-2,-4.5,64.5,69.59,53.34,1.44,0.3,288,23,22,6,15.28,20.0,7.41,3,5,48,10,11,184.4,94.56,10.4,13.66,109.03,72.37,2,Csikszereda 2-0 UTA Arad,2026-02-07
Csikszereda,0.25,2.75,-2.5,0.25,2.59,-2.34,0.0,0.15,-0.15,0.25,2.75,-2.5,2,0,2,4.5,35.5,30.41,41.91,0.3,1.44,95,2,6,22,20.0,15.28,13.85,5,3,8,0,13,10.6,5.44,65.73,86.34,41.63,27.63,0,Csikszereda 2-0 UTA Arad,2026-02-07
FCV Farul Constanţa,0.79,3.83,-3.04,0.79,3.6,-2.81,0.0,0.23,-0.23,0.79,3.83,-3.04,1,2,-1,2.04,57.5,55.12,46.68,0.62,1.08,207,6,10,19,16.13,17.59,7.94,4,2,21,4,15,88.1,45.55,8.87,11.46,68.63,33.21,0,Unirea Slobozia 2-1 FCV Farul Constanţa,2026-02-07
Unirea Slobozia,3.83,0.79,3.04,3.6,0.79,2.81,0.23,0.0,0.23,3.83,0.79,3.04,2,1,1,-2.04,42.5,44.88,46.1,1.08,0.62,138,22,19,10,17.59,16.13,10.7,2,4,24,5,13,105.3,54.45,68.53,88.54,138.0,66.79,1,Unirea Slobozia 2-1 FCV Farul Constanţa,2026-02-07
Petrolul 52,1.04,1.24,-0.2,0.23,0.83,-0.6,0.8,0.41,0.39,1.04,1.24,-0.2,1,1,0,0.2,30.9,21.15,43.35,0.5,0.51,95,7,6,18,12.0,35.29,13.0,0,6,6,3,19,20.6,7.12,107.47,93.94,43.23,18.6,1,Rapid Bucureşti 1-1 Petrolul 52,2026-02-06
Rapid Bucureşti,1.24,1.04,0.2,0.83,0.23,0.6,0.41,0.8,-0.39,1.24,1.04,0.2,1,1,0,-0.2,69.1,78.85,56.89,0.51,0.5,422,12,18,6,35.29,12.0,6.21,6,0,40,8,13,268.6,92.88,6.93,6.06,189.2,81.4,1,Rapid Bucureşti 1-1 Petrolul 52,2026-02-06
Hermannstadt,0.47,1.18,-0.71,0.26,1.11,-0.85,0.21,0.07,0.14,0.47,1.18,-0.71,1,3,-2,-1.29,36.7,40.51,48.88,0.2,0.54,127,6,5,14,25.0,25.93,15.72,5,8,17,2,8,42.8,25.27,99.53,89.72,67.2,36.36,0,Argeș 3-1 Hermannstadt,2026-02-06
Argeș,1.18,0.47,0.71,1.11,0.26,0.85,0.07,0.21,-0.14,1.18,0.47,0.71,3,1,2,1.29,63.3,59.49,46.44,0.54,0.2,200,10,14,5,25.93,25.0,8.07,8,5,9,4,8,126.6,74.73,11.4,10.28,117.63,63.64,4,Argeș 3-1 Hermannstadt,2026-02-06
Botoșani,1.43,2.89,-1.46,1.24,2.68,-1.44,0.19,0.21,-0.02,1.43,2.89,-1.46,1,2,-1,0.46,43.9,33.56,46.18,0.58,1.2,141,14,8,24,13.79,20.0,10.0,5,1,8,3,14,16.1,6.9,33.07,48.53,17.83,6.66,2,FCSB 2-1 Botoșani,2026-02-05
FCSB,2.89,1.43,1.46,2.68,1.24,1.44,0.21,0.19,0.02,2.89,1.43,1.46,2,1,1,-0.46,56.1,66.44,54.74,1.2,0.58,230,32,24,8,20.0,13.79,9.27,1,5,28,6,7,217.1,93.1,35.07,51.47,249.83,93.34,5,FCSB 2-1 Botoșani,2026-02-05
Oţelul Galați,0.11,1.66,-1.55,0.11,1.46,-1.35,0.0,0.21,-0.21,0.11,1.66,-1.55,0,1,-1,0.55,51.8,43.18,41.79,0.19,1.0,166,4,2,14,10.53,14.0,10.14,8,6,15,2,9,28.6,16.57,31.13,35.38,27.8,13.29,0,Universitatea Craiova 1-0 Oţelul Galați,2026-02-05
Universitatea Craiova,1.66,0.11,1.55,1.46,0.11,1.35,0.21,0.0,0.21,1.66,0.11,1.55,1,0,1,-0.55,48.2,56.82,48.72,1.0,0.19,220,15,14,2,14.0,10.53,11.23,6,8,20,3,18,144.0,83.43,56.87,64.62,181.43,86.71,0,Universitatea Craiova 1-0 Oţelul Galați,2026-02-05
Dinamo Bucureşti,3.07,2.02,1.05,1.47,1.26,0.21,1.61,0.0,1.61,3.07,1.26,1.81,3,2,1,-0.05,61.3,53.67,45.82,0.84,0.43,214,16,23,9,27.38,20.93,6.45,8,3,20,10,12,156.7,80.32,7.4,6.87,107.73,54.54,0,FCV Farul Constanţa 2-3 Dinamo Bucureşti,2026-02-04
FCV Farul Constanţa,2.02,3.07,-1.05,1.26,1.47,-0.21,0.0,1.61,-1.61,1.26,3.07,-1.81,2,3,-1,0.05,38.7,46.33,45.93,0.43,0.84,143,8,9,23,20.93,27.38,12.11,3,8,8,4,16,38.4,19.68,100.27,93.13,89.8,45.46,1,FCV Farul Constanţa 2-3 Dinamo Bucureşti,2026-02-04
CFR Cluj,1.09,0.42,0.67,0.96,0.42,0.54,0.13,0.0,0.13,1.09,0.42,0.67,1,0,1,0.33,45.8,39.3,46.57,0.64,0.6,158,15,12,7,18.75,11.67,14.33,3,3,6,2,11,98.9,45.16,42.2,58.61,114.8,50.35,0,UTA Arad 0-1 CFR Cluj,2026-02-04
UTA Arad,0.42,1.09,-0.67,0.42,0.96,-0.54,0.0,0.13,-0.13,0.42,1.09,-0.67,0,1,-1,-0.33,54.2,60.7,49.97,0.6,0.64,234,10,7,12,11.67,18.75,10.12,3,3,27,2,13,120.1,54.84,29.8,41.39,113.2,49.65,5,UTA Arad 0-1 CFR Cluj,2026-02-04
Csikszereda,1.94,0.71,1.23,1.34,0.65,0.69,0.6,0.06,0.54,1.94,0.71,1.23,1,0,1,-0.23,34.4,37.19,49.01,0.6,0.7,122,10,15,17,25.0,24.29,9.42,4,8,16,5,18,61.6,31.92,94.67,99.65,119.27,72.5,1,Metaloglobus 0-1 Csikszereda,2026-02-04
Metaloglobus,0.71,1.94,-1.23,0.65,1.34,-0.69,0.06,0.6,-0.54,0.71,1.94,-1.23,0,1,-1,0.23,65.6,62.81,50.34,0.7,0.6,258,16,17,15,24.29,25.0,4.55,8,4,28,8,13,131.4,68.08,0.33,0.35,45.23,27.5,2,Metaloglobus 0-1 Csikszereda,2026-02-04
Rapid Bucureşti,2.26,0.41,1.85,1.43,0.41,1.02,0.07,0.0,0.07,1.5,0.41,1.09,3,0,3,1.15,53.5,46.35,45.53,0.68,0.22,184,10,12,6,17.65,27.27,12.36,7,10,11,2,7,74.1,53.35,40.27,33.65,112.43,52.98,1,Hermannstadt 0-3 Rapid Bucureşti,2026-02-03
Hermannstadt,0.41,2.26,-1.85,0.41,1.43,-1.02,0.0,0.07,-0.07,0.41,1.5,-1.09,0,3,-3,-1.15,46.5,53.65,51.2,0.22,0.68,223,8,6,12,27.27,17.65,12.53,10,7,18,5,14,64.8,46.65,79.4,66.35,99.77,47.02,2,Hermannstadt 0-3 Rapid Bucureşti,2026-02-03
Argeș,1.52,1.85,-0.33,0.79,1.79,-1.0,0.73,0.06,0.67,1.52,1.85,-0.33,1,3,-2,-1.67,58.9,69.69,49.21,0.94,0.49,246,19,12,11,12.77,22.45,8.53,6,5,24,6,15,107.6,72.31,38.2,35.33,75.97,54.24,4,Universitatea Cluj 3-1 Argeș,2026-02-03
Universitatea Cluj,1.85,1.52,0.33,1.79,0.79,1.0,0.06,0.73,-0.67,1.85,1.52,0.33,3,1,2,1.67,41.1,30.31,43.15,0.49,0.94,119,6,11,12,22.45,12.77,13.14,5,6,5,2,10,41.2,27.69,69.93,64.67,64.1,45.76,0,Universitatea Cluj 3-1 Argeș,2026-02-03
Unirea Slobozia,0.78,2.66,-1.88,0.65,1.59,-0.94,0.12,1.07,-0.95,0.78,2.66,-1.88,0,1,-1,0.88,34.0,23.82,42.34,0.22,1.42,101,3,8,28,36.36,19.72,18.68,4,7,7,3,7,22.8,7.0,98.93,94.1,33.13,13.04,1,Petrolul 52 1-0 Unirea Slobozia,2026-02-03
Petrolul 52,2.66,0.78,1.88,1.59,0.65,0.94,1.07,0.12,0.95,2.66,0.78,1.88,1,0,1,-0.88,66.0,76.18,51.88,1.42,0.22,312,19,28,8,19.72,36.36,10.07,7,4,43,14,6,303.0,93.0,6.2,5.9,221.0,86.96,2,Petrolul 52 1-0 Unirea Slobozia,2026-02-03
Oţelul Galați,0.35,3.36,-3.01,0.35,3.29,-2.94,0.0,0.07,-0.07,0.35,3.36,-3.01,0,0,0,3.01,51.7,44.72,46.98,0.73,0.86,191,11,7,26,9.59,30.23,7.42,6,7,25,2,16,42.7,22.34,14.87,34.15,34.3,18.23,0,Botoșani 0-0 Oţelul Galați,2026-02-02
Botoșani,3.36,0.35,3.01,3.29,0.35,2.94,0.07,0.0,0.07,3.36,0.35,3.01,0,0,0,-3.01,48.3,55.28,51.01,0.86,0.73,220,20,26,7,30.23,9.59,8.72,7,6,11,2,13,148.4,77.66,28.67,65.85,153.8,81.77,2,Botoșani 0-0 Oţelul Galați,2026-02-02
Csikszereda,0.56,3.44,-2.88,0.45,2.63,-2.18,0.12,0.06,0.06,0.56,2.68,-2.12,0,1,-1,1.88,34.4,23.48,43.17,0.22,1.4,112,3,14,22,63.64,15.71,11.15,1,10,10,2,18,25.2,8.63,78.2,82.95,38.87,12.75,1,FCSB 1-0 Csikszereda,2026-02-01
FCSB,3.44,0.56,2.88,2.63,0.45,2.18,0.06,0.12,-0.06,2.68,0.56,2.12,1,0,1,-1.88,65.6,76.52,56.61,1.4,0.22,366,29,22,14,15.71,63.64,5.54,10,1,19,5,12,266.9,91.37,16.07,17.05,265.93,87.25,1,FCSB 1-0 Csikszereda,2026-02-01
Universitatea Craiova,3.66,1.31,2.35,3.24,0.8,2.44,0.42,0.51,-0.09,3.66,1.31,2.35,1,4,-3,-5.35,70.3,80.57,51.88,0.81,0.12,352,15,28,7,34.57,58.33,8.24,6,5,34,13,7,274.1,89.52,0.53,0.4,157.92,63.27,0,FCV Farul Constanţa 4-1 Universitatea Craiova,2026-02-01
FCV Farul Constanţa,1.31,3.66,-2.35,0.8,3.24,-2.44,0.51,0.42,0.09,1.31,3.66,-2.35,4,1,3,5.35,29.7,19.43,40.71,0.12,0.81,75,4,7,28,58.33,34.57,17.54,5,6,3,2,14,32.1,10.48,131.73,99.6,91.68,36.73,1,FCV Farul Constanţa 4-1 Universitatea Craiova,2026-02-01
Universitatea Cluj,2.71,1.06,1.65,0.96,1.0,-0.04,0.98,0.06,0.92,1.95,1.06,0.89,2,0,2,0.35,50.7,34.02,38.93,0.45,0.72,127,6,12,16,26.67,22.22,10.86,6,16,11,3,12,79.5,38.33,19.0,17.13,66.0,29.54,2,Rapid Bucureşti 0-2 Universitatea Cluj,2026-01-31
Rapid Bucureşti,1.06,2.71,-1.65,1.0,0.96,0.04,0.06,0.98,-0.92,1.06,1.95,-0.89,0,2,-2,-0.35,49.3,65.98,50.37,0.72,0.45,222,17,16,12,22.22,26.67,8.21,16,6,38,10,17,127.9,61.67,91.93,82.87,157.43,70.46,0,Rapid Bucureşti 0-2 Universitatea Cluj,2026-01-31
UTA Arad,0.81,0.47,0.34,0.76,0.4,0.36,0.05,0.07,-0.02,0.81,0.47,0.34,1,0,1,0.66,52.4,39.67,43.42,0.69,0.43,134,8,14,7,20.29,16.28,7.09,3,5,13,2,13,58.5,43.37,7.13,11.83,53.23,33.93,1,Argeș 0-1 UTA Arad,2026-01-31
Argeș,0.47,0.81,-0.34,0.4,0.76,-0.36,0.07,0.05,0.02,0.47,0.81,-0.34,0,1,-1,-0.66,47.6,60.33,52.9,0.43,0.69,185,8,7,14,16.28,20.29,9.69,5,3,24,4,10,76.4,56.63,53.13,88.17,103.63,66.07,4,Argeș 0-1 UTA Arad,2026-01-31
Hermannstadt,2.99,2.23,0.76,2.63,2.06,0.57,0.36,0.17,0.19,2.99,2.23,0.76,3,2,1,0.24,43.1,54.44,50.7,0.83,0.61,174,13,18,11,21.69,18.03,11.29,4,3,16,4,19,107.2,69.61,74.27,92.84,170.47,89.58,1,Unirea Slobozia 2-3 Hermannstadt,2026-01-31
Unirea Slobozia,2.23,2.99,-0.76,2.06,2.63,-0.57,0.17,0.36,-0.19,2.23,2.99,-0.76,2,3,-1,-0.24,56.9,45.56,42.7,0.61,0.83,146,12,11,18,18.03,21.69,7.94,3,4,13,3,9,46.8,30.39,5.73,7.16,19.83,10.42,3,Unirea Slobozia 2-3 Hermannstadt,2026-01-31
Petrolul 52,1.92,2.25,-0.33,1.76,1.93,-0.17,0.16,0.32,-0.16,1.92,2.25,-0.33,1,1,0,0.33,26.5,18.37,42.36,0.21,1.34,77,8,7,21,33.33,15.67,29.82,0,8,10,3,12,13.0,4.22,129.8,98.93,28.2,12.58,1,Dinamo Bucureşti 1-1 Petrolul 52,2026-01-30
Dinamo Bucureşti,2.25,1.92,0.33,1.93,1.76,0.17,0.32,0.16,0.16,2.25,1.92,0.33,1,1,0,-0.33,73.5,81.63,53.27,1.34,0.21,390,21,21,7,15.67,33.33,7.41,8,0,25,8,5,295.2,95.78,1.4,1.07,196.0,87.42,0,Dinamo Bucureşti 1-1 Petrolul 52,2026-01-30
Metaloglobus,0.93,4.96,-4.03,0.93,3.81,-2.88,0.0,0.39,-0.39,0.93,4.2,-3.27,2,4,-2,2.03,40.5,38.51,47.18,0.67,1.42,159,7,9,24,13.43,16.9,22.76,1,12,10,1,7,42.8,20.56,63.47,76.34,49.5,28.73,2,CFR Cluj 4-2 Metaloglobus,2026-01-30
CFR Cluj,4.96,0.93,4.03,3.81,0.93,2.88,0.39,0.0,0.39,4.2,0.93,3.27,4,2,2,-2.03,59.5,61.49,51.85,1.42,0.67,296,22,24,9,16.9,13.43,7.66,12,1,31,9,9,165.4,79.44,19.67,23.66,122.8,71.27,0,CFR Cluj 4-2 Metaloglobus,2026-01-30
Rapid Bucureşti,4.64,0.88,3.76,3.13,0.74,2.39,0.75,0.14,0.61,3.88,0.88,3.0,2,1,1,-2.76,52.8,48.31,45.56,1.2,0.38,178,23,20,14,16.67,36.84,8.53,4,3,17,5,15,109.5,63.96,40.07,42.03,111.17,58.47,3,UTA Arad 1-2 Rapid Bucureşti,2026-01-26
UTA Arad,0.88,4.64,-3.76,0.74,3.13,-2.39,0.14,0.75,-0.61,0.88,3.88,-3.0,1,2,-1,2.76,47.2,51.69,46.25,0.38,1.2,166,9,14,20,36.84,16.67,11.34,3,4,18,2,16,61.7,36.04,55.27,57.97,78.97,41.53,2,UTA Arad 1-2 Rapid Bucureşti,2026-01-26
Csikszereda,0.71,2.86,-2.15,0.69,1.9,-1.21,0.01,0.2,-0.19,0.71,2.1,-1.39,0,3,-3,-0.85,33.5,38.77,44.17,0.45,0.86,123,8,11,23,24.44,26.74,13.4,4,3,9,3,17,51.2,24.17,131.13,94.11,32.2,13.65,0,Oţelul Galați 3-0 Csikszereda,2026-01-26
Oţelul Galați,2.86,0.71,2.15,1.9,0.69,1.21,0.2,0.01,0.19,2.1,0.71,1.39,3,0,3,0.85,66.5,61.23,48.55,0.86,0.45,301,16,23,11,26.74,24.44,6.67,3,4,24,5,17,160.6,75.83,8.2,5.89,203.62,86.35,2,Oţelul Galați 3-0 Csikszereda,2026-01-26
CFR Cluj,2.05,2.28,-0.23,2.02,2.18,-0.16,0.03,0.1,-0.07,2.05,2.28,-0.23,4,1,3,3.23,38.5,31.13,46.16,0.26,0.97,136,7,11,19,42.31,19.59,12.69,3,7,7,3,12,44.6,19.49,78.33,75.9,76.17,46.06,0,FCSB 1-4 CFR Cluj,2026-01-25
FCSB,2.28,2.05,0.23,2.18,2.02,0.16,0.1,0.03,0.07,2.28,2.05,0.23,1,4,-3,-3.23,61.5,68.87,51.38,0.97,0.26,309,16,19,11,19.59,42.31,8.22,7,3,30,9,10,184.2,80.51,24.87,24.1,89.2,53.94,0,FCSB 1-4 CFR Cluj,2026-01-25
FCV Farul Constanţa,1.19,1.99,-0.8,0.9,1.48,-0.58,0.29,0.51,-0.22,1.19,1.99,-0.8,1,0,1,1.8,43.2,32.0,43.56,0.41,1.2,119,5,6,19,14.63,15.83,8.28,4,7,14,3,24,35.6,17.07,29.6,51.57,32.17,20.67,0,Petrolul 52 0-1 FCV Farul Constanţa,2026-01-25
Petrolul 52,1.99,1.19,0.8,1.48,0.9,0.58,0.51,0.29,0.22,1.99,1.19,0.8,0,1,-1,-1.8,56.8,68.0,52.63,1.2,0.41,253,22,19,6,15.83,14.63,6.4,7,4,33,8,14,173.0,82.93,27.8,48.43,123.47,79.33,6,Petrolul 52 0-1 FCV Farul Constanţa,2026-01-25
Botoșani,0.93,1.63,-0.7,0.92,1.46,-0.54,0.01,0.17,-0.16,0.93,1.63,-0.7,0,2,-2,-1.3,38.3,47.0,44.89,0.35,0.93,136,5,8,10,22.86,10.75,12.05,8,7,8,4,12,57.4,40.31,99.2,85.91,78.43,68.12,0,Universitatea Craiova 2-0 Botoșani,2026-01-24
Universitatea Craiova,1.63,0.93,0.7,1.46,0.92,0.54,0.17,0.01,0.16,1.63,0.93,0.7,2,0,2,1.3,61.7,53.0,41.93,0.93,0.35,159,13,10,8,10.75,22.86,6.47,7,8,14,3,14,85.0,59.69,16.27,14.09,36.7,31.88,0,Universitatea Craiova 2-0 Botoșani,2026-01-24
Unirea Slobozia,0.57,0.78,-0.21,0.11,0.77,-0.66,0.46,0.01,0.45,0.57,0.78,-0.21,0,1,-1,-0.79,47.0,50.22,43.3,0.51,0.38,156,12,4,10,7.84,26.32,13.03,7,4,24,4,13,57.7,43.58,55.0,48.96,53.03,34.5,1,Universitatea Cluj 1-0 Unirea Slobozia,2026-01-24
Universitatea Cluj,0.78,0.57,0.21,0.77,0.11,0.66,0.01,0.46,-0.45,0.78,0.57,0.21,1,0,1,0.79,53.0,49.78,43.84,0.38,0.51,184,9,10,4,26.32,7.84,9.34,4,7,18,7,13,74.7,56.42,57.33,51.04,100.67,65.5,1,Universitatea Cluj 1-0 Unirea Slobozia,2026-01-24
Dinamo Bucureşti,1.52,1.62,-0.1,1.36,1.6,-0.24,0.15,0.02,0.13,1.52,1.62,-0.1,2,1,1,1.1,73.4,60.7,46.57,0.45,0.67,290,9,10,9,22.22,13.43,5.91,4,6,19,8,13,89.6,67.62,3.93,2.2,21.27,13.44,0,Hermannstadt 1-2 Dinamo Bucureşti,2026-01-23
Hermannstadt,1.62,1.52,0.1,1.6,1.36,0.24,0.02,0.15,-0.13,1.62,1.52,0.1,1,2,-1,-1.1,26.6,39.3,50.1,0.67,0.45,114,12,9,10,13.43,22.22,22.23,6,4,9,1,11,42.9,32.38,174.6,97.8,137.03,86.56,1,Hermannstadt 1-2 Dinamo Bucureşti,2026-01-23
Argeș,1.55,0.3,1.25,1.55,0.11,1.44,0.0,0.18,-0.18,1.55,0.3,1.25,2,0,2,0.75,51.6,58.74,51.87,0.3,0.33,195,6,14,4,46.67,12.12,8.03,6,4,20,3,12,68.7,71.79,37.87,53.44,83.2,78.1,3,Metaloglobus 0-2 Argeș,2026-01-23
Metaloglobus,0.3,1.55,-1.25,0.11,1.55,-1.44,0.18,0.0,0.18,0.3,1.55,-1.25,0,2,-2,-0.75,48.4,41.26,47.71,0.33,0.3,161,7,4,14,12.12,46.67,9.37,4,6,20,6,14,27.0,28.21,33.0,46.56,23.33,21.9,2,Metaloglobus 0-2 Argeș,2026-01-23
Universitatea Craiova,3.51,0.67,2.84,1.92,0.53,1.39,0.07,0.15,-0.08,1.99,0.67,1.32,4,0,4,1.16,53.0,43.44,46.86,0.86,0.58,248,11,15,8,17.44,13.79,10.89,7,7,8,1,11,99.7,54.6,49.0,44.74,118.33,87.72,0,Petrolul 52 0-4 Universitatea Craiova,2026-01-19
Petrolul 52,0.67,3.51,-2.84,0.53,1.92,-1.39,0.15,0.07,0.08,0.67,1.99,-1.32,0,4,-4,-1.16,47.0,56.56,49.14,0.58,0.86,255,15,8,15,13.79,17.44,12.21,7,7,23,3,14,82.9,45.4,60.53,55.26,16.57,12.28,3,Petrolul 52 0-4 Universitatea Craiova,2026-01-19
Universitatea Cluj,1.16,3.82,-2.66,1.16,3.72,-2.56,0.0,0.09,-0.09,1.16,3.82,-2.66,0,1,-1,1.66,47.7,31.44,40.06,0.39,1.16,150,6,10,25,25.64,21.55,14.52,4,12,3,0,10,36.3,14.47,69.6,50.93,32.83,12.24,3,Dinamo Bucureşti 1-0 Universitatea Cluj,2026-01-18
Dinamo Bucureşti,3.82,1.16,2.66,3.72,1.16,2.56,0.09,0.0,0.09,3.82,1.16,2.66,1,0,1,-1.66,52.3,68.56,48.55,1.16,0.39,252,21,25,10,21.55,25.64,9.62,12,4,22,6,10,214.6,85.53,67.07,49.07,235.4,87.76,0,Dinamo Bucureşti 1-0 Universitatea Cluj,2026-01-18
Oţelul Galați,1.24,0.67,0.57,1.15,0.57,0.58,0.09,0.1,-0.01,1.24,0.67,0.57,0,1,-1,-1.57,58.4,49.67,48.32,0.79,0.55,248,11,15,9,18.99,16.36,6.0,3,8,22,2,15,92.4,65.58,12.8,12.56,31.57,23.72,1,CFR Cluj 1-0 Oţelul Galați,2026-01-18
CFR Cluj,0.67,1.24,-0.57,0.57,1.15,-0.58,0.1,0.09,0.01,0.67,1.24,-0.57,1,0,1,1.57,41.6,50.33,52.98,0.55,0.79,195,7,9,15,16.36,18.99,9.75,8,3,13,4,16,48.5,34.42,89.13,87.44,101.5,76.28,0,CFR Cluj 1-0 Oţelul Galați,2026-01-18
Botoșani,1.64,1.42,0.22,1.29,1.38,-0.09,0.35,0.05,0.3,1.64,1.42,0.22,0,1,-1,-1.22,59.7,65.41,54.59,1.04,0.22,275,17,17,10,16.35,45.45,7.69,5,2,24,8,17,165.7,81.27,10.13,19.58,138.83,71.92,3,Csikszereda 1-0 Botoșani,2026-01-18
Csikszereda,1.42,1.64,-0.22,1.38,1.29,0.09,0.05,0.35,-0.3,1.42,1.64,-0.22,1,0,1,1.22,40.3,34.59,44.56,0.22,1.04,122,9,10,17,45.45,16.35,9.97,2,5,14,4,12,38.2,18.73,41.6,80.42,54.2,28.08,0,Csikszereda 1-0 Botoșani,2026-01-18
Metaloglobus,0.34,1.94,-1.6,0.34,1.8,-1.46,0.0,0.14,-0.14,0.34,1.94,-1.6,0,1,-1,0.6,37.7,30.47,43.65,0.31,1.52,149,3,8,17,25.81,11.18,19.36,6,12,11,0,12,24.1,10.02,87.73,79.47,53.7,22.17,2,Rapid Bucureşti 1-0 Metaloglobus,2026-01-17
Rapid Bucureşti,1.94,0.34,1.6,1.8,0.34,1.46,0.14,0.0,0.14,1.94,0.34,1.6,1,0,1,-0.6,62.3,69.53,50.07,1.52,0.31,327,21,17,8,11.18,25.81,9.14,12,6,26,5,8,216.5,89.98,22.67,20.53,188.53,77.83,1,Rapid Bucureşti 1-0 Metaloglobus,2026-01-17
Hermannstadt,1.03,1.27,-0.24,1.03,1.27,-0.24,0.0,0.0,0.0,1.03,1.27,-0.24,1,1,0,0.24,37.4,41.64,44.78,0.41,0.91,144,7,11,12,26.83,13.19,15.17,7,8,7,1,10,66.4,38.6,124.53,97.44,142.03,77.4,2,FCV Farul Constanţa 1-1 Hermannstadt,2026-01-17
FCV Farul Constanţa,1.27,1.03,0.24,1.27,1.03,0.24,0.0,0.0,0.0,1.27,1.03,0.24,1,1,0,-0.24,62.6,58.36,46.53,0.91,0.41,299,11,12,11,13.19,26.83,8.45,8,7,16,6,9,105.6,61.4,3.27,2.56,41.47,22.6,1,FCV Farul Constanţa 1-1 Hermannstadt,2026-01-17
UTA Arad,2.04,1.71,0.33,1.66,0.82,0.84,0.38,0.89,-0.51,2.04,1.71,0.33,3,1,2,1.67,54.7,54.9,44.25,0.43,0.64,202,8,9,8,20.93,12.5,10.69,4,4,12,5,15,81.7,67.19,32.13,24.05,77.33,46.75,1,Unirea Slobozia 1-3 UTA Arad,2026-01-17
Unirea Slobozia,1.71,2.04,-0.33,0.82,1.66,-0.84,0.89,0.38,0.51,1.71,2.04,-0.33,1,3,-2,-1.67,45.3,45.1,45.39,0.64,0.43,163,7,8,9,12.5,20.93,15.21,4,4,19,7,10,39.9,32.81,101.47,75.95,88.07,53.25,0,Unirea Slobozia 1-3 UTA Arad,2026-01-17
FCSB,1.01,0.91,0.1,0.82,0.91,-0.09,0.19,0.0,0.19,1.01,0.91,0.1,0,1,-1,-1.1,67.6,63.46,49.02,0.7,0.34,267,14,11,7,15.71,20.59,6.44,6,10,34,9,12,126.5,73.04,7.4,7.67,73.2,42.75,2,Argeș 1-0 FCSB,2026-01-16
Argeș,0.91,1.01,-0.1,0.91,0.82,0.09,0.0,0.19,-0.19,0.91,1.01,-0.1,1,0,1,1.1,32.4,36.54,50.8,0.34,0.7,131,5,7,11,20.59,15.71,10.45,10,6,10,4,15,46.7,26.96,89.13,92.33,98.03,57.25,4,Argeș 1-0 FCSB,2026-01-16
Csikszereda,0.11,2.69,-2.58,0.11,2.69,-2.58,0.0,0.0,0.0,0.11,2.69,-2.58,0,5,-5,-2.42,27.0,20.78,35.73,0.13,0.9,52,2,2,17,15.38,18.89,40.33,0,13,5,1,12,3.7,1.81,150.67,95.93,4.8,1.68,0,Universitatea Craiova 5-0 Csikszereda,2025-12-22
Universitatea Craiova,2.69,0.11,2.58,2.69,0.11,2.58,0.0,0.0,0.0,2.69,0.11,2.58,5,0,5,2.42,73.0,79.22,50.41,0.9,0.13,353,18,17,2,18.89,15.38,6.58,13,0,18,3,6,200.4,98.19,6.4,4.07,281.06,98.32,0,Universitatea Craiova 5-0 Csikszereda,2025-12-22
Rapid Bucureşti,1.06,1.36,-0.3,0.3,0.5,-0.2,0.0,0.1,-0.1,0.3,0.6,-0.3,1,2,-1,-0.7,50.5,49.6,46.25,0.6,0.47,194,6,9,12,15.0,25.53,12.17,5,4,14,2,13,86.2,50.2,41.2,45.41,78.97,41.92,3,FCSB 2-1 Rapid Bucureşti,2025-12-21
FCSB,1.36,1.06,0.3,0.5,0.3,0.2,0.1,0.0,0.1,0.6,0.3,0.3,2,1,1,0.7,49.5,50.4,44.93,0.47,0.6,162,15,12,9,25.53,15.0,8.39,4,5,14,6,14,85.5,49.8,49.53,54.59,109.43,58.08,2,FCSB 2-1 Rapid Bucureşti,2025-12-21
FCV Farul Constanţa,0.41,1.3,-0.89,0.34,1.07,-0.73,0.07,0.22,-0.15,0.41,1.3,-0.89,0,1,-1,-0.11,53.5,49.28,42.21,0.27,0.19,178,9,6,16,22.22,84.21,10.67,4,3,17,6,9,67.9,45.72,33.87,31.75,47.83,27.86,0,Universitatea Cluj 1-0 FCV Farul Constanţa,2025-12-21
Universitatea Cluj,1.3,0.41,0.89,1.07,0.34,0.73,0.22,0.07,0.15,1.3,0.41,0.89,1,0,1,0.11,46.5,50.72,46.01,0.19,0.27,186,12,16,6,84.21,22.22,15.21,3,4,14,6,11,80.6,54.28,72.8,68.25,123.87,72.14,1,Universitatea Cluj 1-0 FCV Farul Constanţa,2025-12-21
Petrolul 52,1.67,1.94,-0.27,1.55,1.59,-0.04,0.13,0.35,-0.22,1.67,1.94,-0.27,1,1,0,0.27,43.9,35.03,43.68,0.24,0.97,130,8,9,17,37.5,17.53,13.81,3,6,14,5,17,33.9,18.63,34.8,57.55,43.43,29.86,1,Hermannstadt 1-1 Petrolul 52,2025-12-21
Hermannstadt,1.94,1.67,0.27,1.59,1.55,0.04,0.35,0.13,0.22,1.94,1.67,0.27,1,1,0,-0.27,56.1,64.97,50.48,0.97,0.24,251,19,17,9,17.53,37.5,7.92,6,3,28,3,12,148.1,81.37,25.67,42.45,102.0,70.14,2,Hermannstadt 1-1 Petrolul 52,2025-12-21
Dinamo Bucureşti,0.57,2.42,-1.85,0.57,2.41,-1.84,0.0,0.02,-0.02,0.57,2.42,-1.85,0,2,-2,-0.15,69.0,62.24,43.86,0.56,1.03,269,16,7,16,12.5,15.53,7.42,5,4,13,3,8,95.1,57.39,0.33,0.16,23.73,8.86,0,UTA Arad 2-0 Dinamo Bucureşti,2025-12-20
UTA Arad,2.42,0.57,1.85,2.41,0.57,1.84,0.02,0.0,0.02,2.42,0.57,1.85,2,0,2,0.15,31.0,37.76,45.74,1.03,0.56,137,14,16,7,15.53,12.5,15.97,4,5,15,5,15,70.6,42.61,208.53,99.84,244.2,91.14,0,UTA Arad 2-0 Dinamo Bucureşti,2025-12-20
Argeș,1.31,1.71,-0.4,0.51,1.62,-1.11,0.8,0.09,0.71,1.31,1.71,-0.4,1,2,-1,-0.6,35.9,39.76,53.32,0.6,1.02,171,10,12,23,20.0,22.55,11.33,4,3,21,7,17,48.3,21.01,108.13,92.53,77.17,33.51,0,Oţelul Galați 2-1 Argeș,2025-12-20
Oţelul Galați,1.71,1.31,0.4,1.62,0.51,1.11,0.09,0.8,-0.71,1.71,1.31,0.4,2,1,1,0.6,64.1,60.24,50.56,1.02,0.6,285,17,23,12,22.55,20.0,5.95,3,4,23,4,13,181.6,78.99,8.73,7.47,153.13,66.49,1,Oţelul Galați 2-1 Argeș,2025-12-20
Unirea Slobozia,2.73,2.92,-0.19,1.97,2.11,-0.14,0.0,0.04,-0.04,1.97,2.16,-0.19,3,2,1,1.19,35.8,38.71,46.69,0.4,0.93,110,10,12,13,30.0,13.98,11.47,4,3,13,3,13,44.3,30.12,87.0,95.6,127.67,78.89,1,Metaloglobus 2-3 Unirea Slobozia,2025-12-20
Metaloglobus,2.92,2.73,0.19,2.11,1.97,0.14,0.04,0.0,0.04,2.16,1.97,0.19,2,3,-1,-1.19,64.2,61.29,48.15,0.93,0.4,216,14,13,12,13.98,30.0,6.87,3,4,27,7,16,102.8,69.88,4.0,4.4,34.17,21.11,1,Metaloglobus 2-3 Unirea Slobozia,2025-12-20
CFR Cluj,0.06,1.68,-1.62,0.06,0.64,-0.58,0.0,1.03,-1.03,0.06,1.68,-1.62,1,0,1,2.62,27.0,30.71,49.03,0.07,0.56,79,0,2,17,28.57,30.36,12.5,5,2,6,2,14,23.3,14.09,110.33,100.0,71.07,65.2,0,Botoșani 0-1 CFR Cluj,2025-12-19
Botoșani,1.68,0.06,1.62,0.64,0.06,0.58,1.03,0.0,1.03,1.68,0.06,1.62,0,1,-1,-2.62,73.0,69.29,49.67,0.56,0.07,223,9,17,2,30.36,28.57,4.68,2,5,19,6,9,142.1,85.91,0.0,0.0,37.93,34.8,0,Botoșani 0-1 CFR Cluj,2025-12-19
FCSB,3.56,0.33,3.23,3.23,0.33,2.9,0.33,0.0,0.33,3.56,0.33,3.23,2,0,2,-1.23,72.9,81.62,53.23,1.94,0.31,392,37,21,6,10.82,19.35,7.45,7,1,28,6,9,332.1,98.63,6.33,4.67,241.13,88.24,0,Unirea Slobozia 0-2 FCSB,2025-12-15
Unirea Slobozia,0.33,3.56,-3.23,0.33,3.23,-2.9,0.0,0.33,-0.33,0.33,3.56,-3.23,0,2,-2,1.23,27.1,18.38,38.38,0.31,1.94,74,3,6,21,19.35,10.82,28.5,1,7,6,0,12,4.6,1.37,129.13,95.33,32.13,11.76,0,Unirea Slobozia 0-2 FCSB,2025-12-15
UTA Arad,2.39,1.69,0.7,1.63,1.43,0.2,0.0,0.27,-0.27,1.63,1.69,-0.06,1,1,0,-0.7,46.6,53.57,45.83,1.1,0.67,174,15,14,18,12.73,26.87,9.93,7,9,23,2,14,96.4,59.88,70.47,73.81,121.73,67.74,0,FCV Farul Constanţa 1-1 UTA Arad,2025-12-15
FCV Farul Constanţa,1.69,2.39,-0.7,1.43,1.63,-0.2,0.27,0.0,0.27,1.69,1.63,0.06,1,1,0,0.7,53.4,46.43,43.86,0.67,1.1,191,9,18,14,26.87,12.73,7.84,9,7,15,5,16,64.6,40.12,25.0,26.19,57.97,32.26,0,FCV Farul Constanţa 1-1 UTA Arad,2025-12-15
Universitatea Craiova,1.65,0.73,0.92,0.8,0.73,0.07,0.85,0.0,0.85,1.65,0.73,0.92,2,0,2,1.08,55.6,44.23,45.81,0.52,0.44,215,10,11,9,21.15,20.45,10.09,1,8,20,5,12,79.8,48.81,41.67,35.8,84.5,63.74,0,Hermannstadt 0-2 Universitatea Craiova,2025-12-14
Hermannstadt,0.73,1.65,-0.92,0.73,0.8,-0.07,0.0,0.85,-0.85,0.73,1.65,-0.92,0,2,-2,-1.08,44.4,55.77,52.23,0.44,0.52,241,9,9,11,20.45,21.15,13.26,8,1,22,0,12,83.7,51.19,74.73,64.2,48.07,36.26,0,Hermannstadt 0-2 Universitatea Craiova,2025-12-14
Metaloglobus,0.91,4.51,-3.6,0.58,4.51,-3.93,0.32,0.0,0.32,0.91,4.51,-3.6,0,4,-4,-0.4,41.0,35.18,46.39,0.29,0.99,156,11,13,18,44.83,18.18,15.11,3,9,16,8,4,45.4,19.59,79.2,84.5,45.69,18.8,5,Dinamo Bucureşti 4-0 Metaloglobus,2025-12-14
Dinamo Bucureşti,4.51,0.91,3.6,4.51,0.58,3.93,0.0,0.32,-0.32,4.51,0.91,3.6,4,0,4,0.4,59.0,64.82,51.3,0.99,0.29,277,15,18,13,18.18,44.83,8.5,9,3,21,4,7,186.4,80.41,14.53,15.5,197.34,81.2,0,Dinamo Bucureşti 4-0 Metaloglobus,2025-12-14
Universitatea Cluj,0.34,0.51,-0.17,0.3,0.45,-0.15,0.04,0.06,-0.02,0.34,0.51,-0.17,1,0,1,1.17,49.4,47.79,44.67,0.46,0.66,167,8,8,11,17.39,16.67,10.21,3,6,15,5,22,61.7,51.76,49.8,55.5,69.93,60.55,2,Petrolul 52 0-1 Universitatea Cluj,2025-12-14
Petrolul 52,0.51,0.34,0.17,0.45,0.3,0.15,0.06,0.04,0.02,0.51,0.34,0.17,0,1,-1,-1.17,50.6,52.21,49.31,0.66,0.46,219,13,11,8,16.67,17.39,7.68,6,3,25,3,10,57.5,48.24,39.93,44.5,45.57,39.45,2,Petrolul 52 0-1 Universitatea Cluj,2025-12-14
Oţelul Galați,1.35,1.08,0.27,1.16,1.05,0.11,0.19,0.02,0.17,1.35,1.08,0.27,2,0,2,1.73,47.2,37.5,41.39,0.66,0.77,161,5,12,13,18.18,16.88,13.62,6,7,11,2,10,65.8,31.86,45.2,46.28,71.9,43.32,0,Rapid Bucureşti 0-2 Oţelul Galați,2025-12-13
Rapid Bucureşti,1.08,1.35,-0.27,1.05,1.16,-0.11,0.02,0.19,-0.17,1.08,1.35,-0.27,0,2,-2,-1.73,52.8,62.5,48.22,0.77,0.66,255,19,13,12,16.88,18.18,10.68,7,6,25,3,22,140.7,68.14,52.47,53.72,94.07,56.68,1,Rapid Bucureşti 0-2 Oţelul Galați,2025-12-13
Botoșani,1.72,0.78,0.94,1.72,0.78,0.94,0.0,0.0,0.0,1.72,0.78,0.94,0,0,0,-0.94,61.1,52.68,50.15,0.66,0.65,223,7,15,9,22.73,13.85,4.69,9,4,14,6,13,96.4,68.86,4.33,6.19,72.63,47.25,1,Argeș 0-0 Botoșani,2025-12-13
Argeș,0.78,1.72,-0.94,0.78,1.72,-0.94,0.0,0.0,0.0,0.78,1.72,-0.94,0,0,0,0.94,38.9,47.32,53.68,0.65,0.66,144,18,9,15,13.85,22.73,8.36,4,9,24,4,13,43.6,31.14,65.6,93.81,81.1,52.75,5,Argeș 0-0 Botoșani,2025-12-13
Csikszereda,0.62,2.3,-1.68,0.62,1.28,-0.66,0.0,0.26,-0.26,0.62,1.54,-0.92,1,3,-2,-0.32,44.7,34.95,43.43,0.24,0.36,162,5,8,15,33.33,41.67,12.52,5,2,18,2,13,48.5,21.42,48.47,49.22,23.53,8.9,0,CFR Cluj 3-1 Csikszereda,2025-12-12
CFR Cluj,2.3,0.62,1.68,1.28,0.62,0.66,0.26,0.0,0.26,1.54,0.62,0.92,3,1,2,0.32,55.3,65.05,48.9,0.36,0.24,264,12,15,8,41.67,33.33,13.96,2,5,8,5,8,177.9,78.58,50.0,50.78,241.0,91.1,1,CFR Cluj 3-1 Csikszereda,2025-12-12
Rapid Bucureşti,1.15,0.84,0.31,1.1,0.79,0.31,0.05,0.05,0.0,1.15,0.84,0.31,0,0,0,-0.31,46.8,36.08,43.37,0.59,0.71,127,8,8,15,13.56,21.13,7.65,4,4,8,1,16,33.9,22.54,29.87,40.07,22.17,15.64,1,Botoșani 0-0 Rapid Bucureşti,2025-12-08
Botoșani,0.84,1.15,-0.31,0.79,1.1,-0.31,0.05,0.05,0.0,0.84,1.15,-0.31,0,0,0,0.31,53.2,63.92,54.83,0.71,0.59,233,10,15,8,21.13,13.56,5.86,4,4,19,7,22,116.5,77.46,44.67,59.93,119.57,84.36,0,Botoșani 0-0 Rapid Bucureşti,2025-12-08
Petrolul 52,0.43,1.1,-0.67,0.43,0.77,-0.34,0.0,0.33,-0.33,0.43,1.1,-0.67,0,1,-1,-0.33,44.9,35.8,45.78,0.38,1.53,182,4,7,16,18.42,10.46,15.22,4,8,15,1,14,46.7,24.2,59.53,71.9,52.77,31.25,0,UTA Arad 1-0 Petrolul 52,2025-12-08
UTA Arad,1.1,0.43,0.67,0.77,0.43,0.34,0.33,0.0,0.33,1.1,0.43,0.67,1,0,1,0.33,55.1,64.2,50.57,1.53,0.38,276,22,16,7,10.46,18.42,11.24,8,4,40,7,8,146.3,75.8,23.27,28.1,116.1,68.75,0,UTA Arad 1-0 Petrolul 52,2025-12-08
CFR Cluj,0.62,3.07,-2.45,0.58,2.44,-1.86,0.04,0.64,-0.6,0.62,3.07,-2.45,1,1,0,2.45,38.8,26.74,39.69,0.18,0.88,98,4,5,19,27.78,21.59,32.53,2,6,7,3,8,23.5,10.58,88.07,89.08,40.63,22.0,1,Universitatea Craiova 1-1 CFR Cluj,2025-12-07
Universitatea Craiova,3.07,0.62,2.45,2.44,0.58,1.86,0.64,0.04,0.6,3.07,0.62,2.45,1,1,0,-2.45,61.2,73.26,49.86,0.88,0.18,325,18,19,5,21.59,27.78,11.0,6,2,20,8,6,198.7,89.42,10.8,10.92,144.07,78.0,1,Universitatea Craiova 1-1 CFR Cluj,2025-12-07
FCV Farul Constanţa,1.8,2.25,-0.45,1.13,1.53,-0.4,0.68,0.73,-0.05,1.8,2.25,-0.45,1,2,-1,-0.55,59.9,59.49,48.99,1.1,0.65,273,21,18,16,16.36,24.62,7.2,11,1,37,10,10,116.6,68.23,11.53,11.28,64.97,29.85,0,Metaloglobus 2-1 FCV Farul Constanţa,2025-12-07
Metaloglobus,2.25,1.8,0.45,1.53,1.13,0.4,0.73,0.68,0.05,2.25,1.8,0.45,2,1,1,0.55,40.1,40.51,45.0,0.65,1.1,142,12,16,18,24.62,16.36,12.7,1,11,16,6,15,54.3,31.77,90.73,88.72,152.67,70.15,2,Metaloglobus 2-1 FCV Farul Constanţa,2025-12-07
Hermannstadt,0.27,1.5,-1.23,0.27,1.5,-1.23,0.0,0.0,0.0,0.27,1.5,-1.23,0,3,-3,-1.77,49.2,55.88,48.59,0.5,0.44,229,6,7,11,14.0,25.0,12.66,3,5,11,2,4,68.0,51.44,59.27,73.59,78.34,43.69,1,Universitatea Cluj 3-0 Hermannstadt,2025-12-07
Universitatea Cluj,1.5,0.27,1.23,1.5,0.27,1.23,0.0,0.0,0.0,1.5,0.27,1.23,3,0,3,1.77,50.8,44.12,42.41,0.44,0.5,175,3,11,7,25.0,14.0,14.64,5,3,9,2,12,64.2,48.56,21.27,26.41,100.98,56.31,1,Universitatea Cluj 3-0 Hermannstadt,2025-12-07
Dinamo Bucureşti,0.66,0.55,0.11,0.52,0.5,0.02,0.14,0.05,0.09,0.66,0.55,0.11,0,0,0,-0.11,49.1,51.31,47.06,0.56,0.5,237,8,8,5,14.29,10.0,11.92,3,6,12,1,18,97.5,53.63,49.0,46.05,81.83,51.51,0,FCSB 0-0 Dinamo Bucureşti,2025-12-06
FCSB,0.55,0.66,-0.11,0.5,0.52,-0.02,0.05,0.14,-0.09,0.55,0.66,-0.11,0,0,0,0.11,50.9,48.69,46.64,0.5,0.56,231,7,5,8,10.0,14.29,11.14,6,3,18,4,11,84.3,46.37,57.4,53.95,77.03,48.49,0,FCSB 0-0 Dinamo Bucureşti,2025-12-06
Argeș,1.83,0.44,1.39,1.06,0.44,0.62,0.01,0.0,0.01,1.07,0.44,0.63,2,0,2,0.61,48.8,51.62,48.91,0.45,0.3,176,10,14,7,31.11,23.33,10.52,1,1,21,4,17,119.9,68.91,57.2,64.36,118.87,72.09,2,Csikszereda 0-2 Argeș,2025-12-06
Csikszereda,0.44,1.83,-1.39,0.44,1.06,-0.62,0.0,0.01,-0.01,0.44,1.07,-0.63,0,2,-2,-0.61,51.2,48.38,46.27,0.3,0.45,159,7,7,14,23.33,31.11,10.23,1,1,14,2,13,54.1,31.09,31.67,35.64,46.03,27.91,1,Csikszereda 0-2 Argeș,2025-12-06
Unirea Slobozia,0.72,2.47,-1.75,0.39,2.14,-1.75,0.32,0.34,-0.02,0.72,2.47,-1.75,0,3,-3,-1.25,37.8,43.42,49.21,0.3,1.36,157,9,10,13,33.33,9.56,13.03,2,6,34,9,16,61.5,28.43,113.67,87.26,65.27,25.37,0,Oţelul Galați 3-0 Unirea Slobozia,2025-12-05
Oţelul Galați,2.47,0.72,1.75,2.14,0.39,1.75,0.34,0.32,0.02,2.47,0.72,1.75,3,0,3,1.25,62.2,56.58,47.59,1.36,0.3,232,15,13,10,9.56,33.33,7.15,6,2,17,3,11,154.8,71.57,16.6,12.74,192.01,74.63,2,Oţelul Galați 3-0 Unirea Slobozia,2025-12-05
Universitatea Craiova,1.76,0.28,1.48,1.38,0.23,1.15,0.38,0.05,0.33,1.76,0.28,1.48,0,0,0,-1.48,59.6,72.26,48.96,0.84,0.23,314,13,18,4,21.43,17.39,9.78,12,1,25,10,12,190.4,89.56,44.53,39.81,166.0,88.96,0,Universitatea Cluj 0-0 Universitatea Craiova,2025-12-01
Universitatea Cluj,0.28,1.76,-1.48,0.23,1.38,-1.15,0.05,0.38,-0.33,0.28,1.76,-1.48,0,0,0,1.48,40.4,27.74,35.78,0.23,0.84,98,3,4,18,17.39,21.43,21.54,1,12,16,4,7,22.2,10.44,67.33,60.19,20.6,11.04,0,Universitatea Cluj 0-0 Universitatea Craiova,2025-12-01
Metaloglobus,1.24,2.16,-0.92,1.24,1.58,-0.34,0.0,0.59,-0.59,1.24,2.16,-0.92,1,4,-3,-2.08,50.1,45.29,45.25,0.52,0.69,168,5,11,17,21.15,24.64,10.74,3,8,18,5,5,45.9,32.65,42.27,56.91,35.93,24.98,1,Petrolul 52 4-1 Metaloglobus,2025-12-01
Petrolul 52,2.16,1.24,0.92,1.58,1.24,0.34,0.59,0.0,0.59,2.16,1.24,0.92,4,1,3,2.08,49.9,54.71,50.52,0.69,0.52,198,8,17,11,24.64,21.15,8.46,8,3,18,5,17,94.7,67.35,32.0,43.09,107.93,75.02,4,Petrolul 52 4-1 Metaloglobus,2025-12-01
FCSB,2.21,2.46,-0.25,2.21,1.57,0.64,0.0,0.12,-0.12,2.21,1.7,0.51,2,1,1,1.25,45.6,39.8,43.44,0.48,0.82,147,11,11,12,22.92,14.63,10.21,7,7,8,1,15,28.0,21.76,55.13,63.32,65.4,51.42,0,FCV Farul Constanţa 1-2 FCSB,2025-11-30
FCV Farul Constanţa,2.46,2.21,0.25,1.57,2.21,-0.64,0.12,0.0,0.12,1.7,2.21,-0.51,1,2,-1,-1.25,54.4,60.2,46.93,0.82,0.48,228,13,12,11,14.63,22.92,8.4,7,7,22,3,16,100.7,78.24,31.93,36.68,61.8,48.58,0,FCV Farul Constanţa 1-2 FCSB,2025-11-30
Botoșani,0.5,0.41,0.09,0.5,0.41,0.09,0.0,0.0,0.0,0.5,0.41,0.09,1,0,1,0.91,56.9,50.16,46.24,0.4,0.35,215,10,5,9,12.5,25.71,6.47,9,7,9,6,25,75.8,55.9,17.53,23.95,80.07,53.64,1,Unirea Slobozia 0-1 Botoșani,2025-11-30
Unirea Slobozia,0.41,0.5,-0.09,0.41,0.5,-0.09,0.0,0.0,0.0,0.41,0.5,-0.09,0,1,-1,-0.91,43.1,49.84,46.03,0.35,0.4,153,8,9,5,25.71,12.5,8.49,7,9,16,2,17,59.8,44.1,55.67,76.05,69.2,46.36,0,Unirea Slobozia 0-1 Botoșani,2025-11-30
UTA Arad,1.8,0.4,1.4,1.72,0.24,1.48,0.08,0.16,-0.08,1.8,0.4,1.4,2,1,1,-0.4,61.7,65.55,48.53,0.71,0.47,281,10,16,7,22.54,14.89,7.46,6,2,21,2,20,184.6,81.94,18.73,13.32,118.5,64.64,0,Hermannstadt 1-2 UTA Arad,2025-11-30
Hermannstadt,0.4,1.8,-1.4,0.24,1.72,-1.48,0.16,0.08,0.08,0.4,1.8,-1.4,1,2,-1,0.4,38.3,34.45,44.33,0.47,0.71,137,12,7,16,14.89,22.54,17.56,2,6,26,8,8,40.7,18.06,121.87,86.68,64.83,35.36,0,Hermannstadt 1-2 UTA Arad,2025-11-30
Oţelul Galați,0.9,0.4,0.5,0.9,0.38,0.52,0.0,0.01,-0.01,0.9,0.4,0.5,0,1,-1,-1.5,49.8,50.55,46.13,0.36,0.32,198,6,9,5,25.0,15.62,10.37,7,6,19,4,11,76.1,49.9,50.93,50.26,82.47,42.31,0,Dinamo Bucureşti 1-0 Oţelul Galați,2025-11-29
Dinamo Bucureşti,0.4,0.9,-0.5,0.38,0.9,-0.52,0.01,0.0,0.01,0.4,0.9,-0.5,1,0,1,1.5,50.2,49.45,45.91,0.32,0.36,194,4,5,9,15.62,25.0,9.33,6,7,10,3,15,76.4,50.1,50.4,49.74,112.43,57.69,0,Dinamo Bucureşti 1-0 Oţelul Galați,2025-11-29
CFR Cluj,1.77,1.55,0.22,1.74,0.79,0.95,0.03,0.0,0.03,1.77,0.79,0.98,0,3,-3,-3.22,61.0,59.69,50.68,0.63,0.39,239,12,12,10,19.05,25.64,9.16,1,6,16,4,13,121.1,63.7,12.2,13.81,68.7,32.35,0,Argeș 3-0 CFR Cluj,2025-11-29
Argeș,1.55,1.77,-0.22,0.79,1.74,-0.95,0.0,0.03,-0.03,0.79,1.77,-0.98,3,0,3,3.22,39.0,40.31,50.68,0.39,0.63,150,10,10,12,25.64,19.05,11.19,6,1,12,2,13,69.0,36.3,76.13,86.19,143.64,67.65,1,Argeș 3-0 CFR Cluj,2025-11-29
Csikszereda,1.61,3.39,-1.78,0.85,3.16,-2.31,0.0,0.23,-0.23,0.85,3.39,-2.54,1,4,-3,-1.22,43.8,39.13,43.05,0.37,1.08,128,9,14,17,37.84,15.74,11.09,4,8,10,0,15,68.9,31.19,62.73,66.88,84.36,29.01,0,Rapid Bucureşti 4-1 Csikszereda,2025-11-28
Rapid Bucureşti,3.39,1.61,1.78,3.16,0.85,2.31,0.23,0.0,0.23,3.39,0.85,2.54,4,1,3,1.22,56.2,60.87,44.18,1.08,0.37,174,14,17,14,15.74,37.84,6.49,8,4,20,7,18,152.0,68.81,31.07,33.12,206.4,70.99,3,Rapid Bucureşti 4-1 Csikszereda,2025-11-28
Dinamo Bucureşti,2.26,0.96,1.3,1.83,0.81,1.02,0.43,0.15,0.28,2.26,0.96,1.3,1,1,0,-1.3,54.7,40.13,42.13,0.57,0.71,179,20,15,13,26.32,18.31,8.28,1,6,20,7,16,129.6,56.13,13.13,11.52,79.63,33.36,0,Botoșani 1-1 Dinamo Bucureşti,2025-11-24
Botoșani,0.96,2.26,-1.3,0.81,1.83,-1.02,0.15,0.43,-0.28,0.96,2.26,-1.3,1,1,0,1.3,45.3,59.87,51.46,0.71,0.57,228,12,13,15,18.31,26.32,10.05,6,1,10,2,17,101.3,43.87,100.87,88.48,159.07,66.64,2,Botoșani 1-1 Dinamo Bucureşti,2025-11-24
Hermannstadt,1.57,1.46,0.11,0.67,0.53,0.14,0.14,0.17,-0.03,0.81,0.7,0.11,1,1,0,-0.11,49.8,50.57,45.85,0.25,0.26,176,9,14,15,56.0,57.69,10.17,7,1,20,8,10,63.7,47.29,49.53,65.81,70.33,53.22,0,Metaloglobus 1-1 Hermannstadt,2025-11-24
Metaloglobus,1.46,1.57,-0.11,0.53,0.67,-0.14,0.17,0.14,0.03,0.7,0.81,-0.11,1,1,0,0.11,50.2,49.43,47.3,0.26,0.25,197,6,15,14,57.69,56.0,11.83,1,7,14,5,17,71.0,52.71,25.73,34.19,61.83,46.78,2,Metaloglobus 1-1 Hermannstadt,2025-11-24
Rapid Bucureşti,1.59,2.89,-1.3,1.29,2.66,-1.37,0.3,0.24,0.06,1.59,2.89,-1.3,0,3,-3,-1.7,62.3,60.23,50.6,0.84,0.6,303,10,13,16,15.48,26.67,8.42,5,2,26,3,10,146.5,66.93,10.13,7.59,68.89,34.2,0,CFR Cluj 3-0 Rapid Bucureşti,2025-11-23
CFR Cluj,2.89,1.59,1.3,2.66,1.29,1.37,0.24,0.3,-0.06,2.89,1.59,1.3,3,0,3,1.7,37.7,39.77,48.52,0.6,0.84,156,9,16,13,26.67,15.48,17.0,2,5,13,6,10,72.4,33.07,123.4,92.41,132.57,65.8,0,CFR Cluj 3-0 Rapid Bucureşti,2025-11-23
FCV Farul Constanţa,2.2,2.48,-0.28,1.01,1.56,-0.55,0.43,0.17,0.26,1.44,1.72,-0.28,2,2,0,0.28,47.2,45.73,44.54,0.38,1.32,154,16,14,18,36.84,13.64,9.44,2,5,17,5,19,63.0,36.29,55.8,51.35,65.8,37.65,1,Oţelul Galați 2-2 FCV Farul Constanţa,2025-11-23
Oţelul Galați,2.48,2.2,0.28,1.56,1.01,0.55,0.17,0.43,-0.26,1.72,1.44,0.28,2,2,0,-0.28,52.8,54.27,48.7,1.32,0.38,211,12,18,14,13.64,36.84,7.72,5,2,16,3,15,110.6,63.71,52.87,48.65,108.97,62.35,0,Oţelul Galați 2-2 FCV Farul Constanţa,2025-11-23
Petrolul 52,0.59,2.85,-2.26,0.59,2.42,-1.83,0.0,0.43,-0.43,0.59,2.85,-2.26,1,1,0,2.26,34.1,23.92,41.99,0.16,2.44,109,5,7,24,43.75,9.84,12.32,4,13,7,3,15,7.4,3.0,89.07,87.67,27.27,12.01,1,FCSB 1-1 Petrolul 52,2025-11-22
FCSB,2.85,0.59,2.26,2.42,0.59,1.83,0.43,0.0,0.43,2.85,0.59,2.26,1,1,0,-2.26,65.9,76.08,51.11,2.44,0.16,304,31,24,7,9.84,43.75,6.34,13,4,26,9,10,239.0,97.0,12.53,12.33,199.83,87.99,0,FCSB 1-1 Petrolul 52,2025-11-22
Universitatea Cluj,1.79,1.29,0.5,1.66,1.16,0.5,0.13,0.14,-0.01,1.79,1.29,0.5,2,0,2,1.5,48.7,46.76,44.13,0.39,1.18,164,10,16,15,41.03,12.71,21.82,3,5,13,5,9,79.9,43.52,58.53,63.76,94.63,62.59,4,UTA Arad 0-2 Universitatea Cluj,2025-11-22
UTA Arad,1.29,1.79,-0.5,1.16,1.66,-0.5,0.14,0.13,0.01,1.29,1.79,-0.5,0,2,-2,-1.5,51.3,53.24,45.11,1.18,0.39,194,19,15,16,12.71,41.03,13.37,5,3,29,9,4,103.7,56.48,33.27,36.24,56.57,37.41,0,UTA Arad 0-2 Universitatea Cluj,2025-11-22
Universitatea Craiova,2.71,1.31,1.4,2.71,0.74,1.97,0.0,0.57,-0.57,2.71,1.31,1.4,2,1,1,-0.4,55.2,40.96,44.77,0.72,0.48,169,13,10,11,13.89,22.92,7.47,2,4,12,0,17,78.7,44.02,24.13,23.32,52.87,33.95,1,Argeș 1-2 Universitatea Craiova,2025-11-21
Argeș,1.31,2.71,-1.4,0.74,2.71,-1.97,0.57,0.0,0.57,1.31,2.71,-1.4,1,2,-1,0.4,44.8,59.04,49.63,0.48,0.72,177,9,11,10,22.92,13.89,10.69,4,2,32,13,14,100.1,55.98,79.33,76.68,102.87,66.05,4,Argeș 1-2 Universitatea Craiova,2025-11-21
Unirea Slobozia,2.28,1.44,0.84,1.92,1.21,0.71,0.36,0.23,0.13,2.28,1.44,0.84,1,2,-1,-1.84,49.8,53.88,47.74,0.53,0.66,168,12,17,15,32.08,22.73,7.41,4,2,25,6,16,113.6,60.3,41.53,62.42,117.33,63.14,1,Csikszereda 2-1 Unirea Slobozia,2025-11-21
Csikszereda,1.44,2.28,-0.84,1.21,1.92,-0.71,0.23,0.36,-0.13,1.44,2.28,-0.84,2,1,1,1.84,50.2,46.12,43.17,0.66,0.53,131,9,15,17,22.73,32.08,8.35,2,4,19,8,15,74.8,39.7,25.0,37.58,68.5,36.86,1,Csikszereda 2-1 Unirea Slobozia,2025-11-21
FCSB,3.15,1.54,1.61,2.87,1.44,1.43,0.28,0.09,0.19,3.15,1.54,1.61,3,3,0,-1.61,65.5,60.13,46.71,1.02,1.09,257,12,19,9,18.63,8.26,7.81,3,3,21,3,17,151.2,74.48,6.0,4.26,80.67,44.5,1,Hermannstadt 3-3 FCSB,2025-11-09
Hermannstadt,1.54,3.15,-1.61,1.44,2.87,-1.43,0.09,0.28,-0.19,1.54,3.15,-1.61,3,3,0,1.61,34.5,39.87,46.91,1.09,1.02,142,13,9,19,8.26,18.63,16.13,3,3,14,5,6,51.8,25.52,134.87,95.74,100.63,55.5,0,Hermannstadt 3-3 FCSB,2025-11-09
UTA Arad,0.3,2.49,-2.19,0.13,1.36,-1.23,0.17,1.13,-0.96,0.3,2.49,-2.19,2,1,1,3.19,28.8,20.32,40.55,0.08,1.36,71,1,5,23,62.5,16.91,18.83,1,7,7,1,6,2.0,0.75,119.07,95.87,19.3,11.33,0,Universitatea Craiova 1-2 UTA Arad,2025-11-09
Universitatea Craiova,2.49,0.3,2.19,1.36,0.13,1.23,1.13,0.17,0.96,2.49,0.3,2.19,1,2,-1,-3.19,71.2,79.68,52.56,1.36,0.08,346,24,23,5,16.91,62.5,6.64,7,1,42,15,12,265.6,99.25,5.13,4.13,150.97,88.67,1,Universitatea Craiova 1-2 UTA Arad,2025-11-09
CFR Cluj,0.74,0.56,0.18,0.57,0.35,0.22,0.18,0.21,-0.03,0.74,0.56,0.18,1,0,1,0.82,50.5,47.18,44.69,0.41,0.52,174,5,10,11,24.39,21.15,7.86,4,11,15,4,11,70.4,45.57,29.47,28.39,77.3,41.34,0,Unirea Slobozia 0-1 CFR Cluj,2025-11-09
Unirea Slobozia,0.56,0.74,-0.18,0.35,0.57,-0.22,0.21,0.18,0.03,0.56,0.74,-0.18,0,1,-1,-0.82,49.5,52.82,49.39,0.52,0.41,207,9,11,10,21.15,24.39,7.64,11,4,27,9,16,84.1,54.43,74.33,71.61,109.67,58.66,0,Unirea Slobozia 0-1 CFR Cluj,2025-11-09
Argeș,1.0,0.84,0.16,0.79,0.77,0.02,0.2,0.07,0.13,1.0,0.84,0.16,0,2,-2,-2.16,42.1,59.73,52.66,0.61,0.28,227,12,10,8,16.39,28.57,13.87,9,4,24,7,8,107.2,61.86,106.6,87.66,126.83,79.99,3,Rapid Bucureşti 2-0 Argeș,2025-11-08
Rapid Bucureşti,0.84,1.0,-0.16,0.77,0.79,-0.02,0.07,0.2,-0.13,0.84,1.0,-0.16,2,0,2,2.16,57.9,40.27,41.89,0.28,0.61,167,9,8,10,28.57,16.39,14.5,4,9,12,6,12,66.1,38.14,15.0,12.34,31.73,20.01,0,Rapid Bucureşti 2-0 Argeș,2025-11-08
Csikszereda,0.53,4.35,-3.82,0.48,2.99,-2.51,0.05,0.6,-0.55,0.53,3.59,-3.06,0,4,-4,-0.18,39.7,35.97,44.31,0.16,1.09,121,5,6,22,37.5,20.18,16.33,2,3,9,2,11,7.0,3.72,77.73,70.71,1.97,0.76,0,Dinamo Bucureşti 4-0 Csikszereda,2025-11-08
Dinamo Bucureşti,4.35,0.53,3.82,2.99,0.48,2.51,0.6,0.05,0.55,3.59,0.53,3.06,4,0,4,0.18,60.3,64.03,50.13,1.09,0.16,241,17,22,6,20.18,37.5,9.5,3,2,17,9,10,181.3,96.28,32.2,29.29,257.94,99.24,1,Dinamo Bucureşti 4-0 Csikszereda,2025-11-08
Oţelul Galați,1.36,1.51,-0.15,1.23,0.96,0.27,0.13,0.55,-0.42,1.36,1.51,-0.15,0,0,0,0.15,51.4,49.15,48.39,0.84,0.35,203,14,14,14,16.67,40.0,10.06,7,8,25,4,12,107.4,50.42,27.53,36.39,73.97,44.36,0,Petrolul 52 0-0 Oţelul Galați,2025-11-08
Petrolul 52,1.51,1.36,0.15,0.96,1.23,-0.27,0.55,0.13,0.42,1.51,1.36,0.15,0,0,0,-0.15,48.6,50.85,47.22,0.35,0.84,206,11,14,14,40.0,16.67,11.48,8,7,29,11,12,105.6,49.58,48.13,63.61,92.77,55.64,1,Petrolul 52 0-0 Oţelul Galați,2025-11-08
Botoșani,1.14,2.2,-1.06,0.72,1.37,-0.65,0.42,0.08,0.34,1.14,1.44,-0.3,0,2,-2,-0.94,39.2,42.51,42.79,0.37,0.63,132,13,13,16,35.14,25.4,17.63,3,3,14,4,8,73.2,36.91,111.0,71.03,65.73,26.51,3,FCV Farul Constanţa 2-0 Botoșani,2025-11-07
FCV Farul Constanţa,2.2,1.14,1.06,1.37,0.72,0.65,0.08,0.42,-0.34,1.44,1.14,0.3,2,0,2,0.94,60.8,57.49,45.1,0.63,0.37,222,10,16,13,25.4,35.14,9.87,3,3,17,4,12,125.1,63.09,45.27,28.97,182.2,73.49,0,FCV Farul Constanţa 2-0 Botoșani,2025-11-07
Metaloglobus,0.69,2.7,-2.01,0.66,1.66,-1.0,0.03,1.04,-1.01,0.69,2.7,-2.01,1,3,-2,0.01,50.8,60.34,49.7,0.35,0.74,257,7,8,14,22.86,18.92,11.05,8,3,15,2,10,129.4,58.68,47.27,42.46,73.18,33.36,1,Universitatea Cluj 3-1 Metaloglobus,2025-11-07
Universitatea Cluj,2.7,0.69,2.01,1.66,0.66,1.0,1.04,0.03,1.01,2.7,0.69,2.01,3,1,2,-0.01,49.2,39.66,43.6,0.74,0.35,176,14,14,8,18.92,22.86,17.55,3,8,15,7,4,91.1,41.32,64.07,57.54,146.21,66.64,1,Universitatea Cluj 3-1 Metaloglobus,2025-11-07
Botoșani,1.55,0.85,0.7,0.79,0.52,0.27,0.0,0.34,-0.34,0.79,0.85,-0.06,0,0,0,-0.7,54.1,53.36,46.86,0.78,0.47,209,9,12,7,15.38,14.89,9.03,8,7,7,0,11,99.9,57.55,20.2,20.51,64.9,40.14,1,Petrolul 52 0-0 Botoșani,2025-11-03
Petrolul 52,0.85,1.55,-0.7,0.52,0.79,-0.27,0.34,0.0,0.34,0.85,0.79,0.06,0,0,0,0.7,45.9,46.64,44.87,0.47,0.78,165,13,7,12,14.89,15.38,11.0,7,8,22,6,12,73.7,42.45,78.27,79.49,96.77,59.86,2,Petrolul 52 0-0 Botoșani,2025-11-03
Csikszereda,0.51,2.47,-1.96,0.51,1.66,-1.15,0.0,0.05,-0.05,0.51,1.71,-1.2,0,3,-3,-1.04,40.6,47.04,47.71,0.46,1.05,175,5,10,11,21.74,10.48,23.74,3,4,12,3,8,46.8,33.86,140.07,96.02,61.57,39.72,0,FCV Farul Constanţa 3-0 Csikszereda,2025-11-03
FCV Farul Constanţa,2.47,0.51,1.96,1.66,0.51,1.15,0.05,0.0,0.05,1.71,0.51,1.2,3,0,3,1.04,59.4,52.96,41.24,1.05,0.46,182,13,11,10,10.48,21.74,9.09,4,3,11,4,11,91.4,66.14,5.8,3.98,93.44,60.28,1,FCV Farul Constanţa 3-0 Csikszereda,2025-11-03
Rapid Bucureşti,1.14,2.9,-1.76,1.14,1.86,-0.72,0.0,0.28,-0.28,1.14,2.14,-1.0,2,2,0,1.76,37.5,22.33,36.69,0.33,1.52,96,7,6,21,18.18,13.82,22.47,0,7,9,4,12,10.7,4.52,62.47,61.49,13.23,7.23,0,Universitatea Craiova 2-2 Rapid Bucureşti,2025-11-02
Universitatea Craiova,2.9,1.14,1.76,1.86,1.14,0.72,0.28,0.0,0.28,2.14,1.14,1.0,2,2,0,-1.76,62.5,77.67,54.49,1.52,0.33,315,29,21,6,13.82,18.18,6.41,7,0,32,9,19,226.0,95.48,39.13,38.51,169.7,92.77,0,Universitatea Craiova 2-2 Rapid Bucureşti,2025-11-02
Oţelul Galați,3.51,0.87,2.64,1.64,0.43,1.21,1.11,0.43,0.68,2.75,0.87,1.88,3,1,2,-0.64,71.6,70.38,48.33,1.3,0.2,331,23,20,8,15.38,40.0,8.87,3,1,34,10,8,230.0,86.14,1.27,0.73,135.93,58.83,1,Hermannstadt 1-3 Oţelul Galați,2025-11-02
Hermannstadt,0.87,3.51,-2.64,0.43,1.64,-1.21,0.43,1.11,-0.68,0.87,2.75,-1.88,1,3,-2,0.64,28.4,29.62,49.06,0.2,1.3,127,8,8,20,40.0,15.38,21.87,1,3,15,6,11,37.0,13.86,173.27,99.27,95.13,41.17,2,Hermannstadt 1-3 Oţelul Galați,2025-11-02
Metaloglobus,1.1,1.59,-0.49,0.82,1.01,-0.19,0.27,0.58,-0.31,1.1,1.59,-0.49,0,2,-2,-1.51,41.6,44.22,46.64,0.45,0.6,146,11,9,14,20.0,23.33,13.59,2,6,15,3,15,72.6,41.51,61.33,80.91,89.3,49.23,3,UTA Arad 2-0 Metaloglobus,2025-11-02
UTA Arad,1.59,1.1,0.49,1.01,0.82,0.19,0.58,0.27,0.31,1.59,1.1,0.49,2,0,2,1.51,58.4,55.78,47.71,0.6,0.45,233,16,14,9,23.33,20.0,9.79,6,2,28,4,10,102.3,58.49,14.47,19.09,92.1,50.77,1,UTA Arad 2-0 Metaloglobus,2025-11-02
FCSB,2.32,0.78,1.54,2.13,0.48,1.65,0.2,0.31,-0.11,2.32,0.78,1.54,2,0,2,0.46,63.1,70.37,52.08,1.29,0.42,357,19,31,7,24.03,16.67,8.72,6,3,24,9,12,267.8,85.75,20.0,21.46,236.53,84.97,1,Universitatea Cluj 0-2 FCSB,2025-11-01
Universitatea Cluj,0.78,2.32,-1.54,0.48,2.13,-1.65,0.31,0.2,0.11,0.78,2.32,-1.54,0,2,-2,-0.46,36.9,29.63,43.05,0.42,1.29,148,11,7,31,16.67,24.03,20.17,3,6,12,4,7,44.5,14.25,73.2,78.54,41.83,15.03,2,Universitatea Cluj 0-2 FCSB,2025-11-01
Argeș,1.63,0.21,1.42,1.63,0.21,1.42,0.0,0.0,0.0,1.63,0.21,1.42,1,0,1,-0.42,42.3,53.57,44.67,0.56,0.33,149,12,10,9,17.86,27.27,11.07,3,4,18,5,12,74.6,66.43,81.6,71.12,123.43,85.24,2,Unirea Slobozia 0-1 Argeș,2025-11-01
Unirea Slobozia,0.21,1.63,-1.42,0.21,1.63,-1.42,0.0,0.0,0.0,0.21,1.63,-1.42,0,1,-1,0.42,57.7,46.43,42.7,0.33,0.56,168,3,9,10,27.27,17.86,8.47,4,3,14,3,18,37.7,33.57,33.13,28.88,21.37,14.76,0,Unirea Slobozia 0-1 Argeș,2025-11-01
CFR Cluj,1.7,2.35,-0.65,1.68,1.6,0.08,0.01,0.75,-0.74,1.7,2.35,-0.65,1,2,-1,-0.35,39.0,39.87,46.22,0.62,0.9,140,13,12,15,19.35,16.67,13.82,7,3,10,4,11,75.6,31.7,103.07,92.19,122.4,55.57,0,Dinamo Bucureşti 2-1 CFR Cluj,2025-10-31
Dinamo Bucureşti,2.35,1.7,0.65,1.6,1.68,-0.08,0.75,0.01,0.74,2.35,1.7,0.65,2,1,1,0.35,61.0,60.13,48.78,0.9,0.62,282,15,15,12,16.67,19.35,11.42,3,7,22,5,7,162.9,68.3,8.73,7.81,97.87,44.43,0,Dinamo Bucureşti 2-1 CFR Cluj,2025-10-31
Unirea Slobozia,0.99,1.86,-0.87,0.99,1.49,-0.5,0.0,0.37,-0.37,0.99,1.86,-0.87,1,4,-3,-2.13,40.1,36.88,42.91,0.32,0.94,153,4,7,20,21.88,21.28,25.9,3,9,8,0,7,49.6,25.03,104.47,72.78,23.41,8.06,0,Rapid Bucureşti 4-1 Unirea Slobozia,2025-10-27
Rapid Bucureşti,1.86,0.99,0.87,1.49,0.99,0.5,0.37,0.0,0.37,1.86,0.99,0.87,4,1,3,2.13,59.9,63.12,45.03,0.94,0.32,256,9,20,7,21.28,21.88,12.03,9,3,24,8,18,148.6,74.97,39.07,27.22,266.99,91.94,1,Rapid Bucureşti 4-1 Unirea Slobozia,2025-10-27
Hermannstadt,1.64,1.95,-0.31,1.34,1.65,-0.31,0.3,0.3,0.0,1.64,1.95,-0.31,0,2,-2,-1.69,42.4,41.38,46.04,0.63,0.61,173,11,11,14,17.46,22.95,16.12,2,11,17,4,11,46.9,27.83,89.2,71.66,43.4,19.19,2,Botoșani 2-0 Hermannstadt,2025-10-27
Botoșani,1.95,1.64,0.31,1.65,1.34,0.31,0.3,0.3,0.0,1.95,1.64,0.31,2,0,2,1.69,57.6,58.62,48.38,0.61,0.63,232,13,14,11,22.95,17.46,8.03,11,2,10,5,8,121.6,72.17,35.27,28.34,182.77,80.81,1,Botoșani 2-0 Hermannstadt,2025-10-27
UTA Arad,0.95,4.96,-4.01,0.94,2.77,-1.83,0.01,0.67,-0.66,0.95,3.44,-2.49,0,4,-4,0.01,32.4,34.84,42.61,0.17,0.73,118,4,11,26,64.71,35.62,14.43,11,8,9,3,8,26.7,14.3,114.93,91.36,40.16,15.63,0,FCSB 4-0 UTA Arad,2025-10-26
FCSB,4.96,0.95,4.01,2.77,0.94,1.83,0.67,0.01,0.66,3.44,0.95,2.49,4,0,4,-0.01,67.6,65.16,45.35,0.73,0.17,237,15,26,11,35.62,64.71,6.97,8,11,9,6,14,160.0,85.7,10.87,8.64,216.71,84.37,0,FCSB 4-0 UTA Arad,2025-10-26
Universitatea Craiova,1.54,0.08,1.46,1.44,0.07,1.37,0.1,0.01,0.09,1.54,0.08,1.46,0,0,0,-1.46,69.5,75.84,50.13,1.05,0.08,358,20,18,3,17.14,37.5,10.11,5,1,38,8,6,252.5,94.43,11.4,8.02,156.43,80.41,2,Metaloglobus 0-0 Universitatea Craiova,2025-10-26
Metaloglobus,0.08,1.54,-1.46,0.07,1.44,-1.37,0.01,0.1,-0.09,0.08,1.54,-1.46,0,0,0,1.46,30.5,24.16,43.29,0.08,1.05,126,2,3,18,37.5,17.14,29.1,1,5,11,3,11,14.9,5.57,130.67,91.98,38.1,19.59,2,Metaloglobus 0-0 Universitatea Craiova,2025-10-26
FCV Farul Constanţa,1.34,2.24,-0.9,1.2,1.58,-0.38,0.14,0.66,-0.52,1.34,2.24,-0.9,2,0,2,2.9,40.7,22.06,37.88,0.5,1.71,107,13,13,22,26.0,12.87,13.82,1,3,8,4,10,45.5,14.3,35.73,37.32,53.47,28.67,1,CFR Cluj 0-2 FCV Farul Constanţa,2025-10-25
CFR Cluj,2.24,1.34,0.9,1.58,1.2,0.38,0.66,0.14,0.52,2.24,1.34,0.9,0,2,-2,-2.9,59.3,77.94,55.99,1.71,0.5,394,18,22,13,12.87,26.0,13.33,3,1,31,5,9,272.7,85.7,60.0,62.68,133.03,71.33,1,CFR Cluj 0-2 FCV Farul Constanţa,2025-10-25
Universitatea Cluj,1.7,0.81,0.89,1.25,0.58,0.67,0.46,0.23,0.23,1.7,0.81,0.89,2,1,1,0.11,42.4,44.01,46.73,0.36,0.46,144,11,12,11,33.33,23.91,13.96,4,2,20,6,14,78.2,46.83,60.27,71.46,100.03,62.34,1,Oţelul Galați 1-2 Universitatea Cluj,2025-10-25
Oţelul Galați,0.81,1.7,-0.89,0.58,1.25,-0.67,0.23,0.46,-0.23,0.81,1.7,-0.89,1,2,-1,-0.11,57.6,55.99,48.54,0.46,0.36,213,7,11,12,23.91,33.33,10.88,2,4,26,6,9,88.8,53.17,24.07,28.54,60.43,37.66,1,Oţelul Galați 1-2 Universitatea Cluj,2025-10-25
Dinamo Bucureşti,0.82,0.6,0.22,0.66,0.34,0.32,0.16,0.26,-0.1,0.82,0.6,0.22,1,1,0,-0.22,66.3,56.52,43.89,0.64,0.47,223,7,8,6,12.5,12.77,7.21,6,6,16,3,9,79.2,61.11,2.0,1.28,31.47,17.16,1,Argeș 1-1 Dinamo Bucureşti,2025-10-24
Argeș,0.6,0.82,-0.22,0.34,0.66,-0.32,0.26,0.16,0.1,0.6,0.82,-0.22,1,1,0,0.22,33.7,43.48,44.63,0.47,0.64,124,9,6,8,12.77,12.5,13.37,6,6,11,3,19,50.4,38.89,153.73,98.72,151.9,82.84,1,Argeș 1-1 Dinamo Bucureşti,2025-10-24
Petrolul 52,2.01,2.42,-0.41,1.15,1.51,-0.36,0.09,0.15,-0.06,1.25,1.66,-0.41,1,1,0,0.41,43.0,39.18,44.18,0.6,0.91,122,9,11,16,18.33,17.58,12.16,2,8,20,9,15,40.2,27.61,58.53,77.9,51.8,45.09,0,Csikszereda 1-1 Petrolul 52,2025-10-24
Csikszereda,2.42,2.01,0.41,1.51,1.15,0.36,0.15,0.09,0.06,1.66,1.25,0.41,1,1,0,-0.41,57.0,60.82,47.77,0.91,0.6,197,14,16,11,17.58,18.33,8.03,8,2,24,2,14,105.4,72.39,16.6,22.1,63.07,54.91,0,Csikszereda 1-1 Petrolul 52,2025-10-24
CFR Cluj,0.96,0.9,0.06,0.96,0.9,0.06,0.0,0.0,0.0,0.96,0.9,0.06,0,1,-1,-1.06,56.8,51.44,46.91,0.85,0.21,208,10,8,10,9.41,47.62,6.81,6,6,14,4,16,91.1,66.11,34.4,37.53,70.93,57.51,1,Petrolul 52 1-0 CFR Cluj,2025-10-20
Petrolul 52,0.9,0.96,-0.06,0.9,0.96,-0.06,0.0,0.0,0.0,0.9,0.96,-0.06,1,0,1,1.06,43.2,48.56,46.11,0.21,0.85,161,2,10,8,47.62,9.41,10.9,6,6,9,0,19,46.7,33.89,57.27,62.47,52.4,42.49,3,Petrolul 52 1-0 CFR Cluj,2025-10-20
Csikszereda,0.95,1.35,-0.4,0.95,1.0,-0.05,0.0,0.35,-0.35,0.95,1.35,-0.4,2,0,2,2.4,39.0,27.22,41.14,0.05,0.96,123,3,5,17,100.0,17.71,14.14,2,4,6,1,14,15.1,6.57,69.87,78.38,34.3,22.04,0,Hermannstadt 0-2 Csikszereda,2025-10-20
Hermannstadt,1.35,0.95,0.4,1.0,0.95,0.05,0.35,0.0,0.35,1.35,0.95,0.4,0,2,-2,-2.4,61.0,72.78,52.96,0.96,0.05,356,20,17,5,17.71,100.0,8.12,4,2,36,4,12,214.8,93.43,19.27,21.62,121.3,77.96,3,Hermannstadt 0-2 Csikszereda,2025-10-20
Rapid Bucureşti,1.22,3.2,-1.98,1.09,2.97,-1.88,0.13,0.23,-0.1,1.22,3.2,-1.98,2,0,2,3.98,39.3,33.79,41.83,0.46,1.01,129,4,7,20,15.22,19.8,20.1,1,6,11,6,8,42.1,16.71,75.8,70.58,56.63,22.66,1,Dinamo Bucureşti 0-2 Rapid Bucureşti,2025-10-19
Dinamo Bucureşti,3.2,1.22,1.98,2.97,1.09,1.88,0.23,0.13,0.1,3.2,1.22,1.98,0,2,-2,-3.98,60.7,66.21,49.49,1.01,0.46,281,18,20,7,19.8,15.22,12.23,6,1,32,11,6,209.9,83.29,31.6,29.42,193.23,77.34,0,Dinamo Bucureşti 0-2 Rapid Bucureşti,2025-10-19
Oţelul Galați,3.35,0.92,2.43,2.35,0.6,1.75,0.24,0.31,-0.07,2.59,0.92,1.67,4,0,4,1.57,53.5,45.08,44.8,0.94,0.35,163,11,10,12,10.64,34.29,8.03,3,6,14,4,19,83.2,53.82,31.47,40.66,98.03,61.8,1,UTA Arad 0-4 Oţelul Galați,2025-10-19
UTA Arad,0.92,3.35,-2.43,0.6,2.35,-1.75,0.31,0.24,0.07,0.92,2.59,-1.67,0,4,-4,-1.57,46.5,54.92,46.98,0.35,0.94,176,13,12,10,34.29,10.64,10.36,6,3,18,4,17,71.4,46.18,45.93,59.34,60.6,38.2,1,UTA Arad 0-4 Oţelul Galați,2025-10-19
FCSB,2.73,1.38,1.35,1.58,0.62,0.96,0.39,0.0,0.39,1.97,0.62,1.35,1,2,-1,-2.35,71.4,76.23,50.42,0.96,0.26,339,15,16,5,16.67,19.23,6.4,5,0,42,12,8,181.7,88.33,2.73,1.78,84.97,53.09,0,Metaloglobus 2-1 FCSB,2025-10-18
Metaloglobus,1.38,2.73,-1.35,0.62,1.58,-0.96,0.0,0.39,-0.39,0.62,1.97,-1.35,2,1,1,2.35,28.6,23.77,41.56,0.26,0.96,77,7,5,16,19.23,16.67,24.2,0,5,2,0,17,24.0,11.67,150.53,98.22,75.07,46.91,0,Metaloglobus 2-1 FCSB,2025-10-18
Unirea Slobozia,1.12,2.68,-1.56,1.12,2.18,-1.06,0.0,0.5,-0.5,1.12,2.68,-1.56,1,3,-2,-0.44,35.4,20.32,38.62,0.22,1.14,97,2,7,22,31.82,19.3,22.6,1,12,11,4,7,15.0,5.13,120.33,90.52,32.17,12.15,0,Universitatea Craiova 3-1 Unirea Slobozia,2025-10-18
Universitatea Craiova,2.68,1.12,1.56,2.18,1.12,1.06,0.5,0.0,0.5,2.68,1.12,1.56,3,1,2,0.44,64.6,79.68,52.65,1.14,0.22,346,24,22,7,19.3,31.82,7.4,12,1,38,11,13,277.5,94.87,12.6,9.48,232.7,87.85,0,Universitatea Craiova 3-1 Unirea Slobozia,2025-10-18
Botoșani,2.67,1.24,1.43,2.67,1.07,1.6,0.0,0.17,-0.17,2.67,1.24,1.43,2,0,2,0.57,51.0,54.3,45.65,0.92,0.46,183,13,21,11,22.83,23.91,11.39,4,6,10,5,13,112.1,67.65,48.13,61.29,138.63,75.21,1,Universitatea Cluj 0-2 Botoșani,2025-10-18
Universitatea Cluj,1.24,2.67,-1.43,1.07,2.67,-1.6,0.17,0.0,0.17,1.24,2.67,-1.43,0,2,-2,-0.57,49.0,45.7,43.29,0.46,0.92,155,15,11,21,23.91,22.83,11.97,6,4,10,5,13,53.6,32.35,30.4,38.71,45.7,24.79,3,Universitatea Cluj 0-2 Botoșani,2025-10-18
Argeș,2.15,0.94,1.21,2.15,0.57,1.58,0.0,0.36,-0.36,2.15,0.94,1.21,0,0,0,-1.21,44.8,48.88,45.19,0.27,0.61,153,6,11,11,40.74,18.03,9.07,5,1,16,3,14,79.4,45.53,64.33,61.07,66.33,53.09,0,FCV Farul Constanţa 0-0 Argeș,2025-10-17
FCV Farul Constanţa,0.94,2.15,-1.21,0.57,2.15,-1.58,0.36,0.0,0.36,0.94,2.15,-1.21,0,0,0,1.21,55.2,51.12,47.06,0.61,0.27,218,10,11,11,18.03,40.74,9.29,1,5,18,3,18,95.0,54.47,41.0,38.93,58.6,46.91,0,FCV Farul Constanţa 0-0 Argeș,2025-10-17
CFR Cluj,2.96,2.7,0.26,2.4,1.94,0.46,0.56,0.0,0.56,2.96,1.94,1.02,2,2,0,-0.26,59.9,64.48,53.6,1.65,0.56,358,21,21,15,12.73,26.79,12.88,9,3,33,8,13,217.2,76.78,47.6,40.13,200.7,81.99,0,Csikszereda 2-2 CFR Cluj,2025-10-16
Csikszereda,2.7,2.96,-0.26,1.94,2.4,-0.46,0.0,0.56,-0.56,1.94,2.96,-1.02,2,2,0,0.26,40.1,35.52,45.31,0.56,1.65,178,10,15,21,26.79,12.73,21.5,3,9,13,1,7,65.7,23.22,71.0,59.87,44.1,18.01,0,Csikszereda 2-2 CFR Cluj,2025-10-16
UTA Arad,1.1,2.05,-0.95,0.95,1.2,-0.25,0.15,0.09,0.06,1.1,1.29,-0.19,1,2,-1,-0.05,40.3,41.84,45.73,0.59,0.5,112,6,12,10,20.34,20.0,7.7,4,4,18,5,17,36.6,26.77,27.53,62.2,38.67,27.91,1,Botoșani 2-1 UTA Arad,2025-10-06
Botoșani,2.05,1.1,0.95,1.2,0.95,0.25,0.09,0.15,-0.06,1.29,1.1,0.19,2,1,1,0.05,59.7,58.16,49.66,0.5,0.59,193,10,10,12,20.0,20.34,6.14,4,4,16,4,12,100.1,73.23,16.73,37.8,99.87,72.09,1,Botoșani 2-1 UTA Arad,2025-10-06
Metaloglobus,1.29,2.24,-0.95,0.26,1.98,-1.72,0.27,0.25,0.02,0.53,2.24,-1.71,0,4,-4,-3.05,50.3,46.56,44.67,0.37,0.86,154,5,10,18,27.03,20.93,6.43,7,10,12,5,16,64.0,34.45,28.27,49.47,43.09,17.82,1,Oţelul Galați 4-0 Metaloglobus,2025-10-06
Oţelul Galați,2.24,1.29,0.95,1.98,0.26,1.72,0.25,0.27,-0.02,2.24,0.53,1.71,4,0,4,3.05,49.7,53.44,47.89,0.86,0.37,193,14,18,10,20.93,27.03,6.02,10,7,22,4,19,121.8,65.55,28.87,50.53,198.75,82.18,0,Oţelul Galați 4-0 Metaloglobus,2025-10-06
Universitatea Craiova,1.31,2.58,-1.27,1.27,0.8,0.47,0.04,0.25,-0.21,1.31,1.06,0.25,0,1,-1,0.27,57.7,48.51,46.12,0.52,0.36,194,9,10,11,19.23,30.56,6.34,4,8,14,1,17,58.2,42.79,19.67,19.02,40.27,21.64,2,FCSB 1-0 Universitatea Craiova,2025-10-05
FCSB,2.58,1.31,1.27,0.8,1.27,-0.47,0.25,0.04,0.21,1.06,1.31,-0.25,1,0,1,-0.27,42.3,51.49,46.77,0.36,0.52,142,12,11,10,30.56,19.23,10.41,8,4,20,10,15,77.8,57.21,83.73,80.98,145.83,78.36,4,FCSB 1-0 Universitatea Craiova,2025-10-05
Hermannstadt,0.35,2.27,-1.92,0.29,2.06,-1.77,0.06,0.21,-0.15,0.35,2.27,-1.92,1,2,-1,0.92,45.9,40.7,44.47,0.64,0.94,205,9,6,18,9.38,19.15,12.22,10,7,14,2,13,37.1,20.49,41.4,42.42,23.97,13.48,1,CFR Cluj 2-1 Hermannstadt,2025-10-05
CFR Cluj,2.27,0.35,1.92,2.06,0.29,1.77,0.21,0.06,0.15,2.27,0.35,1.92,2,1,1,-0.92,54.1,59.3,49.57,0.94,0.64,290,15,18,6,19.15,9.38,11.05,7,10,19,8,4,144.0,79.51,56.2,57.58,153.87,86.52,1,CFR Cluj 2-1 Hermannstadt,2025-10-05
FCV Farul Constanţa,1.9,1.19,0.71,1.69,1.1,0.59,0.21,0.09,0.12,1.9,1.19,0.71,1,3,-2,-2.71,47.8,65.19,51.41,0.9,0.49,225,19,19,15,21.11,30.61,11.5,9,4,19,8,11,126.6,78.29,64.2,79.0,173.43,85.34,0,Rapid Bucureşti 3-1 FCV Farul Constanţa,2025-10-04
Rapid Bucureşti,1.19,1.9,-0.71,1.1,1.69,-0.59,0.09,0.21,-0.12,1.19,1.9,-0.71,3,1,2,2.71,52.2,34.81,38.37,0.49,0.9,126,5,15,19,30.61,21.11,14.95,4,9,11,2,7,35.1,21.71,17.07,21.0,29.8,14.66,0,Rapid Bucureşti 3-1 FCV Farul Constanţa,2025-10-04
Petrolul 52,0.97,1.59,-0.62,0.62,1.18,-0.56,0.35,0.42,-0.07,0.97,1.59,-0.62,1,0,1,1.62,40.0,35.77,43.56,0.35,0.86,108,6,7,16,20.0,18.6,15.96,1,8,9,3,20,56.3,29.69,87.73,89.22,98.2,57.07,0,Argeș 0-1 Petrolul 52,2025-10-04
Argeș,1.59,0.97,0.62,1.18,0.62,0.56,0.42,0.35,0.07,1.59,0.97,0.62,0,1,-1,-1.62,60.0,64.23,48.0,0.86,0.35,232,14,16,7,18.6,20.0,5.91,8,1,24,7,8,133.3,70.31,10.6,10.78,73.87,42.93,3,Argeș 0-1 Petrolul 52,2025-10-04
Universitatea Cluj,1.83,1.47,0.36,1.52,1.19,0.33,0.31,0.28,0.03,1.83,1.47,0.36,1,2,-1,-1.36,71.6,73.01,52.63,1.27,0.56,349,18,20,12,15.75,21.43,6.17,9,4,44,8,8,181.5,87.13,4.6,3.81,88.13,53.62,0,Csikszereda 2-1 Universitatea Cluj,2025-10-04
Csikszereda,1.47,1.83,-0.36,1.19,1.52,-0.33,0.28,0.31,-0.03,1.47,1.83,-0.36,2,1,1,1.36,28.4,26.99,38.7,0.56,1.27,69,10,12,20,21.43,15.75,18.22,4,9,7,3,11,26.8,12.87,116.07,96.19,76.23,46.38,0,Csikszereda 2-1 Universitatea Cluj,2025-10-04
Dinamo Bucureşti,1.74,0.46,1.28,1.37,0.46,0.91,0.37,0.0,0.37,1.74,0.46,1.28,1,0,1,-0.28,48.0,49.34,50.36,0.31,0.35,122,18,15,5,48.39,14.29,6.09,3,6,21,9,15,85.9,69.72,17.93,63.9,99.3,74.44,4,Unirea Slobozia 0-1 Dinamo Bucureşti,2025-10-03
Unirea Slobozia,0.46,1.74,-1.28,0.46,1.37,-0.91,0.0,0.37,-0.37,0.46,1.74,-1.28,0,1,-1,0.28,52.0,50.66,51.82,0.35,0.31,140,7,5,15,14.29,48.39,5.0,6,3,26,7,22,37.3,30.28,10.13,36.1,34.1,25.56,2,Unirea Slobozia 0-1 Dinamo Bucureşti,2025-10-03
CFR Cluj,0.93,1.02,-0.09,0.85,0.83,0.02,0.08,0.19,-0.11,0.93,1.02,-0.09,2,2,0,0.09,51.0,47.93,48.22,0.15,0.88,223,4,8,11,53.33,12.5,13.37,1,8,22,7,11,61.7,40.97,54.2,61.31,82.83,52.14,0,Universitatea Cluj 2-2 CFR Cluj,2025-09-29
Universitatea Cluj,1.02,0.93,0.09,0.83,0.85,-0.02,0.19,0.08,0.11,1.02,0.93,0.09,2,2,0,-0.09,49.0,52.07,49.34,0.88,0.15,232,15,11,8,12.5,53.33,10.69,8,1,21,4,13,88.9,59.03,34.2,38.69,76.03,47.86,2,Universitatea Cluj 2-2 CFR Cluj,2025-09-29
Botoșani,2.68,1.2,1.48,2.19,1.08,1.11,0.5,0.12,0.38,2.68,1.2,1.48,2,0,2,0.52,53.5,58.37,43.93,0.6,0.48,181,19,20,5,33.33,10.42,12.96,1,3,14,11,13,121.5,78.24,36.33,34.1,120.83,72.43,2,Metaloglobus 0-2 Botoșani,2025-09-29
Metaloglobus,1.2,2.68,-1.48,1.08,2.19,-1.11,0.12,0.5,-0.38,1.2,2.68,-1.48,0,2,-2,-0.52,46.5,41.63,43.15,0.48,0.6,132,8,5,20,10.42,33.33,13.63,3,1,27,4,12,33.8,21.76,70.2,65.9,46.0,27.57,0,Metaloglobus 0-2 Botoșani,2025-09-29
Oţelul Galați,1.92,2.66,-0.74,1.59,1.81,-0.22,0.33,0.09,0.24,1.92,1.9,0.02,0,1,-1,-0.26,47.0,54.77,47.16,0.78,0.57,194,12,17,15,21.79,26.32,12.09,4,0,20,4,14,99.8,53.51,80.73,71.23,136.27,59.38,2,FCSB 1-0 Oţelul Galați,2025-09-28
FCSB,2.66,1.92,0.74,1.81,1.59,0.22,0.09,0.33,-0.24,1.9,1.92,-0.02,1,0,1,0.26,53.0,45.23,44.18,0.57,0.78,190,16,15,17,26.32,21.79,10.44,0,4,12,4,16,86.7,46.49,32.6,28.77,93.23,40.62,0,FCSB 1-0 Oţelul Galați,2025-09-28
Unirea Slobozia,1.24,4.15,-2.91,0.72,2.62,-1.9,0.52,0.77,-0.25,1.24,3.39,-2.15,1,1,0,2.91,39.0,36.79,47.09,0.71,0.85,148,10,14,33,19.72,38.82,15.85,2,8,18,4,12,50.8,20.37,94.67,89.25,67.87,32.51,1,FCV Farul Constanţa 1-1 Unirea Slobozia,2025-09-28
FCV Farul Constanţa,4.15,1.24,2.91,2.62,0.72,1.9,0.77,0.52,0.25,3.39,1.24,2.15,1,1,0,-2.91,61.0,63.21,47.94,0.85,0.71,263,21,33,14,38.82,19.72,7.69,8,2,30,11,14,198.6,79.63,11.4,10.75,140.9,67.49,2,FCV Farul Constanţa 1-1 Unirea Slobozia,2025-09-28
Rapid Bucureşti,1.15,0.88,0.27,1.15,0.88,0.27,0.0,0.0,0.0,1.15,0.88,0.27,1,0,1,0.73,55.0,37.23,43.07,0.29,0.6,204,1,8,10,27.59,16.67,9.89,4,4,7,2,13,49.3,28.33,29.0,20.13,22.0,13.43,0,Petrolul 52 0-1 Rapid Bucureşti,2025-09-27
Petrolul 52,0.88,1.15,-0.27,0.88,1.15,-0.27,0.0,0.0,0.0,0.88,1.15,-0.27,0,1,-1,-0.73,45.0,62.77,50.01,0.6,0.29,225,8,10,8,16.67,27.59,13.78,4,4,25,1,17,124.7,71.67,115.07,79.87,141.87,86.57,3,Petrolul 52 0-1 Rapid Bucureşti,2025-09-27
Csikszereda,1.37,2.82,-1.45,1.36,2.06,-0.7,0.01,0.76,-0.75,1.37,2.82,-1.45,0,0,0,1.45,55.6,47.72,47.45,1.07,0.59,239,8,13,19,12.15,32.2,10.25,8,3,18,3,11,65.9,41.97,23.0,23.11,33.53,23.0,1,UTA Arad 0-0 Csikszereda,2025-09-27
UTA Arad,2.82,1.37,1.45,2.06,1.36,0.7,0.76,0.01,0.75,2.82,1.37,1.45,0,0,0,-1.45,44.4,52.28,51.58,0.59,1.07,217,13,19,13,32.2,12.15,16.32,3,8,28,6,8,91.1,58.03,76.53,76.89,112.27,77.0,2,UTA Arad 0-0 Csikszereda,2025-09-27
Dinamo Bucureşti,2.7,1.77,0.93,2.64,1.36,1.28,0.07,0.4,-0.33,2.7,1.77,0.93,2,2,0,-0.93,57.8,64.68,47.72,1.6,0.58,253,18,16,15,10.0,25.86,7.66,7,8,26,5,16,157.1,69.09,28.6,27.93,133.13,58.48,1,Universitatea Craiova 2-2 Dinamo Bucureşti,2025-09-26
Universitatea Craiova,1.77,2.7,-0.93,1.36,2.64,-1.28,0.4,0.07,0.33,1.77,2.7,-0.93,2,2,0,0.93,42.2,35.32,44.04,0.58,1.6,142,9,15,16,25.86,10.0,10.85,8,7,9,3,15,70.3,30.91,73.8,72.07,94.53,41.52,0,Universitatea Craiova 2-2 Dinamo Bucureşti,2025-09-26
Argeș,0.71,1.46,-0.75,0.71,1.2,-0.49,0.0,0.26,-0.26,0.71,1.46,-0.75,1,0,1,1.75,32.8,31.34,43.75,0.39,0.96,110,4,6,10,15.38,10.42,13.26,2,0,7,0,18,19.8,10.41,100.53,90.52,40.7,36.02,2,Hermannstadt 0-1 Argeș,2025-09-26
Hermannstadt,1.46,0.71,0.75,1.2,0.71,0.49,0.26,0.0,0.26,1.46,0.71,0.75,0,1,-1,-1.75,67.2,68.66,50.86,0.96,0.39,334,13,10,6,10.42,15.38,7.56,0,2,31,5,12,170.4,89.59,10.53,9.48,72.3,63.98,0,Hermannstadt 0-1 Argeș,2025-09-26
FCV Farul Constanţa,0.92,0.55,0.37,0.48,0.36,0.12,0.44,0.19,0.25,0.92,0.55,0.37,1,1,0,-0.37,46.1,49.64,48.18,0.57,0.44,204,14,13,9,22.81,20.45,8.29,7,1,12,6,16,92.7,49.97,69.27,66.77,105.23,53.21,1,Dinamo Bucureşti 1-1 FCV Farul Constanţa,2025-09-22
Dinamo Bucureşti,0.55,0.92,-0.37,0.36,0.48,-0.12,0.19,0.44,-0.25,0.55,0.92,-0.37,1,1,0,0.37,53.9,50.36,44.64,0.44,0.57,186,11,9,13,20.45,22.81,8.68,1,7,20,8,15,92.8,50.03,34.47,33.23,92.53,46.79,1,Dinamo Bucureşti 1-1 FCV Farul Constanţa,2025-09-22
Metaloglobus,1.9,1.47,0.43,1.64,1.3,0.34,0.26,0.16,0.1,1.9,1.47,0.43,2,2,0,-0.43,56.3,54.75,48.07,0.51,0.84,224,11,19,16,37.25,19.05,13.95,2,4,23,7,10,114.0,54.18,29.07,28.37,81.93,41.15,0,Csikszereda 2-2 Metaloglobus,2025-09-22
Csikszereda,1.47,1.9,-0.43,1.3,1.64,-0.34,0.16,0.26,-0.1,1.47,1.9,-0.43,2,2,0,0.43,43.7,45.25,44.59,0.84,0.51,167,13,16,19,19.05,37.25,16.7,4,2,29,3,6,96.4,45.82,73.4,71.63,117.17,58.85,2,Csikszereda 2-2 Metaloglobus,2025-09-22
Hermannstadt,2.39,1.47,0.92,2.27,1.36,0.91,0.11,0.1,0.01,2.39,1.47,0.92,2,1,1,0.08,36.6,41.87,52.47,0.85,0.51,179,8,13,17,15.29,33.33,14.23,4,1,21,3,12,81.3,35.36,110.2,92.29,133.8,56.5,0,Rapid Bucureşti 1-2 Hermannstadt,2025-09-21
Rapid Bucureşti,1.47,2.39,-0.92,1.36,2.27,-0.91,0.1,0.11,-0.01,1.47,2.39,-0.92,1,2,-1,-0.08,63.4,58.13,46.5,0.51,0.85,241,14,17,13,33.33,15.29,7.53,1,4,20,6,14,148.6,64.64,9.2,7.71,103.0,43.5,2,Rapid Bucureşti 1-2 Hermannstadt,2025-09-21
UTA Arad,1.06,1.38,-0.32,0.8,1.38,-0.58,0.27,0.0,0.27,1.06,1.38,-0.32,1,1,0,0.32,45.2,43.17,42.61,0.49,1.44,145,9,14,14,28.57,9.72,11.18,7,4,15,6,10,53.3,28.92,31.93,39.01,34.13,14.43,0,CFR Cluj 1-1 UTA Arad,2025-09-21
CFR Cluj,1.38,1.06,0.32,1.38,0.8,0.58,0.0,0.27,-0.27,1.38,1.06,0.32,1,1,0,-0.32,54.8,56.83,48.61,1.44,0.49,226,17,14,14,9.72,28.57,10.26,4,7,18,3,13,131.0,71.08,49.93,60.99,202.4,85.57,1,CFR Cluj 1-1 UTA Arad,2025-09-21
Petrolul 52,0.95,1.71,-0.76,0.94,1.44,-0.5,0.01,0.27,-0.26,0.95,1.71,-0.76,0,1,-1,-0.24,51.8,56.59,51.38,0.74,0.4,225,16,15,15,20.27,37.5,10.6,5,3,25,4,19,109.7,56.2,32.47,42.61,92.77,53.13,2,Unirea Slobozia 1-0 Petrolul 52,2025-09-21
Unirea Slobozia,1.71,0.95,0.76,1.44,0.94,0.5,0.27,0.01,0.26,1.71,0.95,0.76,1,0,1,0.24,48.2,43.41,46.92,0.4,0.74,173,6,15,15,37.5,20.27,15.5,3,5,14,3,6,85.5,43.8,43.73,57.39,81.83,46.87,0,Unirea Slobozia 1-0 Petrolul 52,2025-09-21
Universitatea Craiova,1.19,0.78,0.41,1.04,0.34,0.7,0.15,0.44,-0.29,1.19,0.78,0.41,0,1,-1,-1.41,58.0,60.42,50.47,0.94,0.56,263,13,16,9,17.02,16.07,10.67,5,7,23,6,12,138.1,67.4,24.0,25.57,110.4,52.73,0,Oţelul Galați 1-0 Universitatea Craiova,2025-09-20
Oţelul Galați,0.78,1.19,-0.41,0.34,1.04,-0.7,0.44,0.15,0.29,0.78,1.19,-0.41,1,0,1,1.41,42.0,39.58,43.75,0.56,0.94,150,7,9,16,16.07,17.02,11.06,7,5,21,3,16,66.8,32.6,69.87,74.43,98.97,47.27,1,Oţelul Galați 1-0 Universitatea Craiova,2025-09-20
Universitatea Cluj,1.67,1.93,-0.26,0.75,1.85,-1.1,0.93,0.08,0.85,1.67,1.93,-0.26,0,1,-1,-0.74,67.7,63.75,47.33,0.63,0.77,246,12,19,11,30.16,14.29,10.65,0,8,35,17,8,149.9,69.21,13.13,10.26,83.6,43.39,3,Argeș 1-0 Universitatea Cluj,2025-09-20
Argeș,1.93,1.67,0.26,1.85,0.75,1.1,0.08,0.93,-0.85,1.93,1.67,0.26,1,0,1,0.74,32.3,36.25,49.39,0.77,0.63,118,11,11,19,14.29,30.16,14.69,8,0,17,6,8,66.7,30.79,114.8,89.74,109.07,56.61,4,Argeș 1-0 Universitatea Cluj,2025-09-20
FCSB,0.88,3.59,-2.71,0.75,2.03,-1.28,0.12,1.56,-1.44,0.88,3.59,-2.71,1,3,-2,0.71,58.9,50.19,43.53,1.02,0.8,159,21,11,18,10.78,22.5,6.82,2,7,21,6,14,49.4,37.28,4.47,5.23,39.7,20.41,1,Botoșani 3-1 FCSB,2025-09-19
Botoșani,3.59,0.88,2.71,2.03,0.75,1.28,1.56,0.12,1.44,3.59,0.88,2.71,3,1,2,-0.71,41.1,49.81,50.4,0.8,1.02,155,15,18,11,22.5,10.78,9.26,7,2,12,7,20,83.1,62.72,81.07,94.77,154.8,79.59,2,Botoșani 3-1 FCSB,2025-09-19
Dinamo Bucureşti,1.64,1.45,0.19,1.38,1.23,0.15,0.26,0.21,0.05,1.64,1.45,0.19,3,0,3,2.81,58.1,52.44,44.34,0.41,0.57,193,9,9,15,21.95,26.32,8.42,5,7,17,4,8,61.9,45.99,16.47,14.41,28.43,25.05,0,Petrolul 52 0-3 Dinamo Bucureşti,2025-09-15
Petrolul 52,1.45,1.64,-0.19,1.23,1.38,-0.15,0.21,0.26,-0.05,1.45,1.64,-0.19,0,3,-3,-2.81,41.9,47.56,45.95,0.57,0.41,153,8,15,9,26.32,21.95,10.07,7,5,11,3,25,72.7,54.01,97.8,85.59,85.07,74.95,2,Petrolul 52 0-3 Dinamo Bucureşti,2025-09-15
Unirea Slobozia,0.7,2.84,-2.14,0.3,1.92,-1.62,0.4,0.91,-0.51,0.7,2.84,-2.14,2,0,2,4.14,40.7,29.53,43.53,0.11,1.22,139,0,3,22,27.27,18.03,12.92,1,6,6,2,9,7.8,3.05,65.13,73.73,12.93,7.41,0,Hermannstadt 0-2 Unirea Slobozia,2025-09-15
Hermannstadt,2.84,0.7,2.14,1.92,0.3,1.62,0.91,0.4,0.51,2.84,0.7,2.14,0,2,-2,-4.14,59.3,70.47,56.91,1.22,0.11,345,28,22,3,18.03,27.27,11.3,6,1,49,10,13,248.1,96.95,23.2,26.27,161.6,92.59,3,Hermannstadt 0-2 Unirea Slobozia,2025-09-15
FCSB,2.72,1.53,1.19,2.15,1.53,0.62,0.57,0.0,0.57,2.72,1.53,1.19,1,1,0,-1.19,56.4,56.13,46.12,0.92,0.57,184,22,22,11,23.91,19.3,8.97,5,1,24,9,10,116.7,78.16,36.0,36.71,134.4,69.87,0,Csikszereda 1-1 FCSB,2025-09-14
Csikszereda,1.53,2.72,-1.19,1.53,2.15,-0.62,0.0,0.57,-0.57,1.53,2.72,-1.19,1,1,0,1.19,43.6,43.87,44.67,0.57,0.92,159,7,11,22,19.3,23.91,14.64,1,5,9,5,13,32.6,21.84,62.07,63.29,57.97,30.13,0,Csikszereda 1-1 FCSB,2025-09-14
FCV Farul Constanţa,1.27,1.96,-0.69,1.18,1.83,-0.65,0.09,0.12,-0.03,1.27,1.96,-0.69,0,2,-2,-1.31,46.0,41.46,41.65,1.0,0.75,146,11,18,15,18.0,20.0,13.97,3,6,18,7,15,67.5,38.66,37.0,56.86,55.6,31.98,0,Universitatea Craiova 2-0 FCV Farul Constanţa,2025-09-14
Universitatea Craiova,1.96,1.27,0.69,1.83,1.18,0.65,0.12,0.09,0.03,1.96,1.27,0.69,2,0,2,1.31,54.0,58.54,47.91,0.75,1.0,248,11,15,18,20.0,18.0,9.92,6,3,17,4,7,107.1,61.34,28.07,43.14,118.27,68.02,0,Universitatea Craiova 2-0 FCV Farul Constanţa,2025-09-14
Botoșani,0.96,2.59,-1.63,0.78,1.66,-0.88,0.18,0.17,0.01,0.96,1.83,-0.87,1,0,1,2.63,39.4,41.48,44.57,0.4,1.22,98,7,10,20,25.0,16.39,7.55,4,6,10,3,22,48.8,25.5,61.67,84.94,78.13,46.39,0,Oţelul Galați 0-1 Botoșani,2025-09-14
Oţelul Galați,2.59,0.96,1.63,1.66,0.78,0.88,0.17,0.18,-0.01,1.83,0.96,0.87,0,1,-1,-2.63,60.6,58.52,46.71,1.22,0.4,179,19,20,10,16.39,25.0,4.89,6,4,29,8,16,142.6,74.5,10.93,15.06,90.3,53.61,5,Oţelul Galați 0-1 Botoșani,2025-09-14
CFR Cluj,2.79,1.3,1.49,1.25,0.49,0.76,0.02,0.06,-0.04,1.27,0.54,0.73,1,1,0,-1.49,52.3,65.81,50.8,0.79,0.42,289,15,16,9,20.25,21.43,11.38,12,4,28,7,7,156.4,83.59,84.87,73.2,195.1,90.24,2,Metaloglobus 1-1 CFR Cluj,2025-09-13
Metaloglobus,1.3,2.79,-1.49,0.49,1.25,-0.76,0.06,0.02,0.04,0.54,1.27,-0.73,1,1,0,1.49,47.7,34.19,39.81,0.42,0.79,142,7,9,16,21.43,20.25,18.09,4,12,10,2,12,30.7,16.41,31.07,26.8,21.1,9.76,3,Metaloglobus 1-1 CFR Cluj,2025-09-13
Argeș,0.93,3.11,-2.18,0.93,1.35,-0.42,0.0,1.0,-1.0,0.93,2.35,-1.42,3,3,0,2.18,39.8,44.92,52.04,0.46,0.9,136,11,11,16,23.91,17.78,7.54,2,5,8,1,18,51.0,30.97,52.93,86.21,90.6,56.83,2,UTA Arad 3-3 Argeș,2025-09-13
UTA Arad,3.11,0.93,2.18,1.35,0.93,0.42,1.0,0.0,1.0,2.35,0.93,1.42,3,3,0,-2.18,60.2,55.08,46.91,0.9,0.46,192,15,16,11,17.78,23.91,5.2,5,2,24,10,18,113.7,69.03,8.47,13.79,68.83,43.17,3,UTA Arad 3-3 Argeș,2025-09-13
Rapid Bucureşti,0.79,0.77,0.02,0.79,0.77,0.02,0.0,0.0,0.0,0.79,0.77,0.02,0,0,0,-0.02,42.8,42.91,44.11,0.29,0.23,154,4,7,8,24.14,34.78,18.72,1,9,14,2,10,61.3,43.69,87.2,73.28,84.57,64.34,0,Universitatea Cluj 0-0 Rapid Bucureşti,2025-09-12
Universitatea Cluj,0.77,0.79,-0.02,0.77,0.79,-0.02,0.0,0.0,0.0,0.77,0.79,-0.02,0,0,0,0.02,57.2,57.09,43.72,0.23,0.29,209,11,8,7,34.78,24.14,9.51,9,1,15,7,12,79.0,56.31,31.8,26.72,46.87,35.66,6,Universitatea Cluj 0-0 Rapid Bucureşti,2025-09-12
Petrolul 52,1.61,2.87,-1.26,1.46,1.47,-0.01,0.16,0.63,-0.47,1.61,2.11,-0.5,1,2,-1,0.26,50.6,46.21,42.52,1.06,0.98,150,14,13,15,12.26,15.31,10.38,3,7,11,2,10,68.2,40.79,35.47,41.34,54.77,34.08,4,FCV Farul Constanţa 2-1 Petrolul 52,2025-09-01
FCV Farul Constanţa,2.87,1.61,1.26,1.47,1.46,0.01,0.63,0.16,0.47,2.11,1.61,0.5,2,1,1,-0.26,49.4,53.79,48.59,0.98,1.06,185,16,15,13,15.31,12.26,10.59,7,3,19,9,9,99.0,59.21,50.33,58.66,105.93,65.92,0,FCV Farul Constanţa 2-1 Petrolul 52,2025-09-01
Oţelul Galați,1.14,1.65,-0.51,0.85,1.61,-0.76,0.29,0.04,0.25,1.14,1.65,-0.51,1,1,0,0.51,60.2,54.9,47.02,0.79,0.86,216,16,14,15,17.72,17.44,6.37,4,5,23,4,20,99.6,62.13,11.0,13.12,78.0,45.76,2,Csikszereda 1-1 Oţelul Galați,2025-09-01
Csikszereda,1.65,1.14,0.51,1.61,0.85,0.76,0.04,0.29,-0.25,1.65,1.14,0.51,1,1,0,-0.51,39.8,45.1,44.16,0.86,0.79,124,10,15,14,17.44,17.72,11.11,5,4,16,7,12,60.7,37.87,72.87,86.88,92.47,54.24,0,Csikszereda 1-1 Oţelul Galați,2025-09-01
FCSB,2.58,0.97,1.61,1.74,0.86,0.88,0.08,0.12,-0.04,1.82,0.97,0.85,2,2,0,-1.61,61.9,72.64,52.44,1.27,0.28,330,18,22,11,17.32,39.29,11.12,4,3,29,6,9,228.4,87.28,8.47,9.6,164.97,72.96,0,CFR Cluj 2-2 FCSB,2025-08-31
CFR Cluj,0.97,2.58,-1.61,0.86,1.74,-0.88,0.12,0.08,0.04,0.97,1.82,-0.85,2,2,0,1.61,38.1,27.36,45.93,0.28,1.27,146,9,11,22,39.29,17.32,16.21,3,4,6,1,12,33.3,12.72,79.73,90.4,61.13,27.04,1,CFR Cluj 2-2 FCSB,2025-08-31
Universitatea Craiova,1.77,1.74,0.03,1.62,1.72,-0.1,0.14,0.01,0.13,1.77,1.74,0.03,1,1,0,-0.03,63.1,48.36,41.27,0.72,0.4,151,12,13,11,18.06,27.5,7.48,3,6,20,8,9,82.8,49.52,1.87,1.88,34.6,21.29,1,Botoșani 1-1 Universitatea Craiova,2025-08-31
Botoșani,1.74,1.77,-0.03,1.72,1.62,0.1,0.01,0.14,-0.13,1.74,1.77,-0.03,1,1,0,0.03,36.9,51.64,48.66,0.4,0.72,142,10,11,13,27.5,18.06,16.04,6,3,13,4,9,84.4,50.48,97.6,98.12,127.93,78.71,0,Botoșani 1-1 Universitatea Craiova,2025-08-31
Metaloglobus,1.37,2.2,-0.83,1.09,1.44,-0.35,0.28,0.0,0.28,1.37,1.44,-0.07,1,2,-1,-0.17,61.9,46.76,45.0,0.39,0.6,215,8,12,18,30.77,30.0,7.43,0,7,17,3,17,73.9,50.27,12.93,11.39,35.8,18.27,3,Argeș 2-1 Metaloglobus,2025-08-31
Argeș,2.2,1.37,0.83,1.44,1.09,0.35,0.0,0.28,-0.28,1.44,1.37,0.07,2,1,1,0.17,38.1,53.24,49.52,0.6,0.39,144,15,18,12,30.0,30.77,15.54,7,0,16,4,10,73.1,49.73,100.6,88.61,160.13,81.73,3,Argeș 2-1 Metaloglobus,2025-08-31
Hermannstadt,1.02,1.86,-0.84,0.76,1.08,-0.32,0.26,0.78,-0.52,1.02,1.86,-0.84,0,2,-2,-1.16,36.3,31.41,45.64,0.34,0.62,151,9,12,17,35.29,27.42,12.17,4,4,25,9,9,46.3,19.38,106.27,87.58,80.6,28.29,0,Dinamo Bucureşti 2-0 Hermannstadt,2025-08-30
Dinamo Bucureşti,1.86,1.02,0.84,1.08,0.76,0.32,0.78,0.26,0.52,1.86,1.02,0.84,2,0,2,1.16,63.7,68.59,49.26,0.62,0.34,311,13,17,12,27.42,35.29,8.6,4,4,13,5,15,192.6,80.62,15.07,12.42,204.27,71.71,0,Dinamo Bucureşti 2-0 Hermannstadt,2025-08-30
Universitatea Cluj,1.09,0.55,0.54,1.07,0.55,0.52,0.02,0.0,0.02,1.09,0.55,0.54,1,0,1,0.46,64.7,64.54,49.67,0.81,0.2,289,23,12,13,14.81,65.0,7.08,10,1,21,4,14,147.3,78.31,11.07,8.6,69.7,55.61,4,Unirea Slobozia 0-1 Universitatea Cluj,2025-08-30
Unirea Slobozia,0.55,1.09,-0.54,0.55,1.07,-0.52,0.0,0.02,-0.02,0.55,1.09,-0.54,0,1,-1,-0.46,35.3,35.46,45.09,0.2,0.81,124,5,13,12,65.0,14.81,20.17,1,10,12,2,8,40.8,21.69,117.6,91.4,55.63,44.39,0,Unirea Slobozia 0-1 Universitatea Cluj,2025-08-30
UTA Arad,0.89,1.82,-0.93,0.52,1.75,-1.23,0.36,0.07,0.29,0.89,1.82,-0.93,0,2,-2,-1.07,50.0,54.82,47.32,0.39,0.98,209,11,8,11,20.51,11.22,11.25,6,5,22,4,10,80.4,50.76,43.67,48.7,42.53,25.34,2,Rapid Bucureşti 2-0 UTA Arad,2025-08-29
Rapid Bucureşti,1.82,0.89,0.93,1.75,0.52,1.23,0.07,0.36,-0.29,1.82,0.89,0.93,2,0,2,1.07,50.0,45.18,42.78,0.98,0.39,164,14,11,8,11.22,20.51,11.06,5,6,16,5,12,78.0,49.24,46.0,51.3,125.33,74.66,1,Rapid Bucureşti 2-0 UTA Arad,2025-08-29
FCV Farul Constanţa,1.23,1.98,-0.75,1.01,1.76,-0.75,0.22,0.22,0.0,1.23,1.98,-0.75,0,1,-1,-0.25,60.1,58.75,45.94,1.01,0.74,268,17,14,8,13.86,10.81,8.71,6,5,19,6,15,98.7,71.78,10.13,8.68,44.77,28.88,0,Hermannstadt 1-0 FCV Farul Constanţa,2025-08-25
Hermannstadt,1.98,1.23,0.75,1.76,1.01,0.75,0.22,0.22,0.0,1.98,1.23,0.75,1,0,1,0.25,39.9,41.25,44.99,0.74,1.01,171,10,8,14,10.81,13.86,14.88,5,6,14,2,13,38.8,28.22,106.53,91.32,110.27,71.12,1,Hermannstadt 1-0 FCV Farul Constanţa,2025-08-25
Argeș,1.25,1.51,-0.26,1.13,1.02,0.11,0.11,0.49,-0.38,1.25,1.51,-0.26,2,0,2,2.26,29.6,31.16,46.26,0.36,0.92,119,8,13,16,36.11,17.39,18.04,7,5,15,12,14,33.0,17.68,109.0,90.13,77.67,46.13,0,FCSB 0-2 Argeș,2025-08-24
FCSB,1.51,1.25,0.26,1.02,1.13,-0.11,0.49,0.11,0.38,1.51,1.25,0.26,0,2,-2,-2.26,70.4,68.84,51.65,0.92,0.36,337,19,16,13,17.39,36.11,8.62,5,7,36,11,5,153.6,82.32,11.93,9.87,90.7,53.87,0,FCSB 0-2 Argeș,2025-08-24
Petrolul 52,0.75,1.44,-0.69,0.26,1.41,-1.15,0.49,0.03,0.46,0.75,1.44,-0.69,0,2,-2,-1.31,39.2,43.34,43.91,0.15,0.55,165,11,10,18,66.67,32.73,19.32,5,13,13,4,12,68.8,31.55,86.6,88.19,81.1,43.91,2,Universitatea Craiova 2-0 Petrolul 52,2025-08-24
Universitatea Craiova,1.44,0.75,0.69,1.41,0.26,1.15,0.03,0.49,-0.46,1.44,0.75,0.69,2,0,2,1.31,60.8,56.66,46.98,0.55,0.15,271,8,18,10,32.73,66.67,10.45,13,5,15,5,6,149.3,68.45,11.6,11.81,103.6,56.09,0,Universitatea Craiova 2-0 Petrolul 52,2025-08-24
CFR Cluj,1.15,2.68,-1.53,1.03,2.49,-1.46,0.12,0.19,-0.07,1.15,2.68,-1.53,1,4,-3,-1.47,40.2,45.7,46.21,0.37,1.17,150,7,14,10,37.84,8.55,16.92,7,4,14,5,4,74.0,43.68,83.07,83.51,71.66,33.49,5,Oţelul Galați 4-1 CFR Cluj,2025-08-24
Oţelul Galați,2.68,1.15,1.53,2.49,1.03,1.46,0.19,0.12,0.07,2.68,1.15,1.53,4,1,3,1.47,59.8,54.3,46.79,1.17,0.37,218,13,10,14,8.55,37.84,9.24,4,7,21,3,14,95.4,56.32,16.4,16.49,142.31,66.51,0,Oţelul Galați 4-1 CFR Cluj,2025-08-24
Dinamo Bucureşti,0.92,0.12,0.8,0.7,0.09,0.61,0.22,0.03,0.19,0.92,0.12,0.8,1,0,1,0.2,52.2,48.41,46.46,0.45,0.24,205,21,9,5,20.0,20.83,13.76,4,5,14,5,10,118.1,62.72,28.2,26.57,107.1,50.2,2,Universitatea Cluj 0-1 Dinamo Bucureşti,2025-08-23
Universitatea Cluj,0.12,0.92,-0.8,0.09,0.7,-0.61,0.03,0.22,-0.19,0.12,0.92,-0.8,0,1,-1,-0.2,47.8,51.59,48.5,0.24,0.45,202,4,5,9,20.83,20.0,17.45,5,4,20,4,11,70.2,37.28,77.93,73.43,106.23,49.8,3,Universitatea Cluj 0-1 Dinamo Bucureşti,2025-08-23
Csikszereda,1.25,1.91,-0.66,1.25,1.13,0.12,0.0,0.02,-0.02,1.25,1.15,0.1,1,3,-2,-1.34,43.7,39.3,43.75,0.71,0.31,116,9,9,14,12.68,45.16,8.5,1,5,8,1,12,45.9,29.22,49.07,79.66,41.54,28.02,0,Botoșani 3-1 Csikszereda,2025-08-23
Botoșani,1.91,1.25,0.66,1.13,1.25,-0.12,0.02,0.0,0.02,1.15,1.25,-0.1,3,1,2,1.34,56.3,60.7,49.83,0.31,0.71,202,12,14,9,45.16,12.68,5.2,5,1,15,5,26,111.2,70.78,12.53,20.34,106.73,71.98,2,Botoșani 3-1 Csikszereda,2025-08-23
Rapid Bucureşti,2.84,1.02,1.82,2.76,0.82,1.94,0.08,0.2,-0.12,2.84,1.02,1.82,2,1,1,-0.82,43.5,39.37,45.67,0.42,0.63,172,14,17,13,40.48,20.63,13.21,4,4,17,4,10,89.1,44.31,56.47,55.29,103.27,64.41,0,Metaloglobus 1-2 Rapid Bucureşti,2025-08-22
Metaloglobus,1.02,2.84,-1.82,0.82,2.76,-1.94,0.2,0.08,0.12,1.02,2.84,-1.82,1,2,-1,0.82,56.5,60.63,53.74,0.63,0.42,320,14,13,17,20.63,40.48,8.1,4,4,28,9,19,112.0,55.69,45.67,44.71,57.07,35.59,4,Metaloglobus 1-2 Rapid Bucureşti,2025-08-22
Unirea Slobozia,1.9,2.07,-0.17,1.44,1.24,0.2,0.47,0.08,0.39,1.9,1.31,0.59,1,1,0,0.17,44.4,55.45,48.51,0.84,0.38,187,13,16,15,19.05,39.47,16.54,4,4,21,4,9,141.6,64.42,76.47,64.18,141.47,70.3,2,UTA Arad 1-1 Unirea Slobozia,2025-08-22
UTA Arad,2.07,1.9,0.17,1.24,1.44,-0.2,0.08,0.47,-0.39,1.31,1.9,-0.59,1,1,0,-0.17,55.6,44.55,46.87,0.38,0.84,217,13,15,16,39.47,19.05,12.88,4,4,24,7,6,78.2,35.58,42.67,35.82,59.77,29.7,2,UTA Arad 1-1 Unirea Slobozia,2025-08-22
Universitatea Cluj,1.92,1.42,0.5,1.73,1.14,0.59,0.2,0.29,-0.09,1.92,1.42,0.5,1,0,1,0.5,36.6,26.54,39.69,0.4,0.92,102,11,10,25,25.0,27.17,18.5,2,7,10,3,6,21.6,7.87,81.47,77.89,30.6,20.44,2,FCV Farul Constanţa 0-1 Universitatea Cluj,2025-08-18
FCV Farul Constanţa,1.42,1.92,-0.5,1.14,1.73,-0.59,0.29,0.2,0.09,1.42,1.92,-0.5,0,1,-1,-0.5,63.4,73.46,55.57,0.92,0.4,350,24,25,10,27.17,25.0,8.45,7,2,26,6,7,252.7,92.13,23.13,22.11,119.07,79.56,0,FCV Farul Constanţa 0-1 Universitatea Cluj,2025-08-18
Oţelul Galați,0.69,1.79,-1.1,0.51,0.78,-0.27,0.18,0.25,-0.07,0.69,1.03,-0.34,0,2,-2,-0.9,55.4,50.18,47.31,0.8,0.42,181,12,10,13,12.5,30.95,10.0,2,5,23,9,9,82.0,48.66,15.73,21.53,56.23,31.91,5,Argeș 2-0 Oţelul Galați,2025-08-18
Argeș,1.79,0.69,1.1,0.78,0.51,0.27,0.25,0.18,0.07,1.03,0.69,0.34,2,0,2,0.9,44.6,49.82,48.16,0.42,0.8,154,9,13,10,30.95,12.5,9.15,5,2,16,3,12,86.5,51.34,57.33,78.47,119.97,68.09,4,Argeș 2-0 Oţelul Galați,2025-08-18
FCSB,0.79,2.13,-1.34,0.43,1.8,-1.37,0.36,0.33,0.03,0.79,2.13,-1.34,2,2,0,1.34,41.8,33.46,44.44,0.34,0.61,138,7,13,13,38.24,21.31,11.14,4,3,10,4,12,43.0,25.58,57.93,64.51,67.6,53.34,0,Rapid Bucureşti 2-2 FCSB,2025-08-17
Rapid Bucureşti,2.13,0.79,1.34,1.8,0.43,1.37,0.33,0.36,-0.03,2.13,0.79,1.34,2,2,0,-1.34,58.2,66.54,51.29,0.61,0.34,275,18,13,13,21.31,38.24,11.89,3,4,25,11,9,125.1,74.42,31.87,35.49,59.13,46.66,1,Rapid Bucureşti 2-2 FCSB,2025-08-17
Botoșani,1.07,4.88,-3.81,1.03,3.96,-2.93,0.04,0.92,-0.88,1.07,4.88,-3.81,3,3,0,3.81,46.8,36.92,44.53,0.7,1.72,149,5,8,30,11.43,17.44,8.33,1,2,8,1,15,20.3,9.15,27.8,41.54,14.47,6.1,1,CFR Cluj 3-3 Botoșani,2025-08-17
CFR Cluj,4.88,1.07,3.81,3.96,1.03,2.93,0.92,0.04,0.88,4.88,1.07,3.81,3,3,0,-3.81,53.2,63.08,51.04,1.72,0.7,226,28,30,8,17.44,11.43,10.6,2,1,31,12,7,201.6,90.85,39.13,58.46,222.6,93.9,3,CFR Cluj 3-3 Botoșani,2025-08-17
Universitatea Craiova,1.49,0.5,0.99,1.49,0.4,1.09,0.0,0.1,-0.1,1.49,0.5,0.99,2,1,1,0.01,56.5,53.49,46.05,0.84,0.55,232,13,12,10,14.29,18.18,11.64,8,3,19,4,10,129.4,63.49,29.27,27.29,138.33,72.84,2,Csikszereda 1-2 Universitatea Craiova,2025-08-17
Csikszereda,0.5,1.49,-0.99,0.4,1.49,-1.09,0.1,0.0,0.1,0.5,1.49,-0.99,1,2,-1,-0.01,43.5,46.51,46.67,0.55,0.84,182,7,10,12,18.18,14.29,13.45,3,8,26,8,13,74.4,36.51,78.0,72.71,51.57,27.16,1,Csikszereda 1-2 Universitatea Craiova,2025-08-17
Hermannstadt,1.1,2.48,-1.38,0.67,1.72,-1.05,0.43,0.0,0.43,1.1,1.72,-0.62,1,1,0,1.38,54.9,66.1,51.42,0.48,0.52,268,15,12,15,25.0,28.85,11.77,5,4,27,10,10,147.5,71.6,60.2,56.3,158.63,69.94,1,Petrolul 52 1-1 Hermannstadt,2025-08-16
Petrolul 52,2.48,1.1,1.38,1.72,0.67,1.05,0.0,0.43,-0.43,1.72,1.1,0.62,1,1,0,-1.38,45.1,33.9,44.36,0.52,0.48,165,14,15,12,28.85,25.0,10.82,4,5,8,1,10,58.5,28.4,46.73,43.7,68.17,30.06,4,Petrolul 52 1-1 Hermannstadt,2025-08-16
UTA Arad,1.46,2.2,-0.74,1.46,1.82,-0.36,0.0,0.37,-0.37,1.46,2.2,-0.74,1,1,0,0.74,39.4,32.72,43.02,0.59,1.04,145,11,12,17,20.34,16.35,24.06,1,2,16,3,8,43.9,16.21,83.07,73.81,56.2,26.29,1,Dinamo Bucureşti 1-1 UTA Arad,2025-08-15
Dinamo Bucureşti,2.2,1.46,0.74,1.82,1.46,0.36,0.37,0.0,0.37,2.2,1.46,0.74,1,1,0,-0.74,60.6,67.28,50.66,1.04,0.59,293,31,17,12,16.35,20.34,13.58,2,1,28,6,10,226.9,83.79,29.47,26.19,157.6,73.71,0,Dinamo Bucureşti 1-1 UTA Arad,2025-08-15
Metaloglobus,2.1,1.9,0.2,2.1,0.79,1.31,0.0,0.35,-0.35,2.1,1.14,0.96,1,2,-1,-1.2,54.3,46.84,45.74,0.72,0.63,188,9,9,13,12.5,20.63,10.61,4,2,19,2,14,44.1,31.1,23.4,25.34,26.73,13.05,2,Unirea Slobozia 2-1 Metaloglobus,2025-08-15
Unirea Slobozia,1.9,2.1,-0.2,0.79,2.1,-1.31,0.35,0.0,0.35,1.14,2.1,-0.96,2,1,1,1.2,45.7,53.16,50.22,0.63,0.72,195,16,13,9,20.63,12.5,13.66,2,4,23,5,7,97.7,68.9,68.93,74.66,178.08,86.95,1,Unirea Slobozia 2-1 Metaloglobus,2025-08-15
Rapid Bucureşti,1.5,1.36,0.14,0.84,1.17,-0.33,0.66,0.19,0.47,1.5,1.36,0.14,1,1,0,-0.14,58.0,60.19,49.88,0.98,0.49,249,16,18,20,18.37,40.82,7.55,8,3,21,13,9,167.2,71.21,20.47,30.89,136.6,66.49,1,Oţelul Galați 1-1 Rapid Bucureşti,2025-08-11
Oţelul Galați,1.36,1.5,-0.14,1.17,0.84,0.33,0.19,0.66,-0.47,1.36,1.5,-0.14,1,1,0,0.14,42.0,39.81,45.98,0.49,0.98,154,8,20,18,40.82,18.37,12.13,3,8,14,2,13,67.6,28.79,45.8,69.11,68.83,33.51,2,Oţelul Galați 1-1 Rapid Bucureşti,2025-08-11
Argeș,2.06,1.81,0.25,1.73,1.69,0.04,0.33,0.12,0.21,2.06,1.81,0.25,1,3,-2,-2.25,51.0,55.63,52.73,1.12,0.83,185,15,16,14,14.29,16.87,8.48,4,1,24,6,10,110.8,63.64,31.07,54.63,96.37,53.99,4,Botoșani 3-1 Argeș,2025-08-11
Botoșani,1.81,2.06,-0.25,1.69,1.73,-0.04,0.12,0.33,-0.21,1.81,2.06,-0.25,3,1,2,2.25,49.0,44.37,46.27,0.83,1.12,132,10,14,16,16.87,14.29,10.82,1,4,11,4,13,63.3,36.36,25.8,45.37,82.13,46.01,1,Botoșani 3-1 Argeș,2025-08-11
Unirea Slobozia,0.77,3.35,-2.58,0.6,2.73,-2.13,0.17,0.63,-0.46,0.77,3.35,-2.58,1,0,1,3.58,30.8,27.81,46.26,0.22,1.7,117,3,8,35,36.36,20.59,16.52,3,6,5,1,14,3.4,1.21,100.53,93.2,32.47,17.27,0,FCSB 0-1 Unirea Slobozia,2025-08-10
FCSB,3.35,0.77,2.58,2.73,0.6,2.13,0.63,0.17,0.46,3.35,0.77,2.58,0,1,-1,-3.58,69.2,72.19,50.73,1.7,0.22,323,31,35,8,20.59,36.36,7.06,6,3,29,6,9,277.1,98.79,7.33,6.8,155.57,82.73,0,FCSB 0-1 Unirea Slobozia,2025-08-10
Hermannstadt,1.58,1.11,0.47,1.24,1.11,0.13,0.34,0.0,0.34,1.58,1.11,0.47,0,1,-1,-1.47,46.5,52.21,46.97,0.62,0.46,208,11,12,12,19.35,26.09,16.89,8,3,24,10,8,79.3,50.51,58.0,67.39,87.43,52.44,0,Universitatea Craiova 1-0 Hermannstadt,2025-08-10
Universitatea Craiova,1.11,1.58,-0.47,1.11,1.24,-0.13,0.0,0.34,-0.34,1.11,1.58,-0.47,1,0,1,1.47,53.5,47.79,43.06,0.46,0.62,170,7,12,12,26.09,19.35,14.5,3,8,7,2,9,77.7,49.49,28.07,32.61,79.3,47.56,0,Universitatea Craiova 1-0 Hermannstadt,2025-08-10
Petrolul 52,0.34,0.74,-0.4,0.34,0.7,-0.36,0.0,0.04,-0.04,0.34,0.74,-0.4,1,1,0,0.4,33.9,34.62,45.73,0.27,1.19,132,4,6,7,22.22,5.88,14.61,4,5,12,2,14,36.5,23.04,148.53,93.85,111.6,59.9,1,Universitatea Cluj 1-1 Petrolul 52,2025-08-09
Universitatea Cluj,0.74,0.34,0.4,0.7,0.34,0.36,0.04,0.0,0.04,0.74,0.34,0.4,1,1,0,-0.4,66.1,65.38,46.72,1.19,0.27,287,8,7,6,5.88,22.22,6.52,5,4,16,3,12,121.9,76.96,9.73,6.15,74.7,40.1,5,Universitatea Cluj 1-1 Petrolul 52,2025-08-09
FCV Farul Constanţa,4.22,2.65,1.57,3.78,2.42,1.36,0.44,0.23,0.21,4.22,2.65,1.57,1,2,-1,-2.57,58.2,56.7,48.52,1.69,0.54,223,33,24,16,14.2,29.63,7.66,6,5,36,11,17,154.9,68.57,33.13,25.82,131.07,49.4,2,UTA Arad 2-1 FCV Farul Constanţa,2025-08-09
UTA Arad,2.65,4.22,-1.57,2.42,3.78,-1.36,0.23,0.44,-0.21,2.65,4.22,-1.57,2,1,1,2.57,41.8,43.3,48.13,0.54,1.69,160,10,16,24,29.63,14.2,10.68,5,6,13,3,6,71.0,31.43,95.2,74.18,134.23,50.6,3,UTA Arad 2-1 FCV Farul Constanţa,2025-08-09
Dinamo Bucureşti,0.76,0.9,-0.14,0.59,0.89,-0.3,0.18,0.01,0.17,0.76,0.9,-0.14,1,0,1,1.14,49.2,40.62,45.38,0.35,0.61,201,10,13,14,37.14,22.95,22.47,3,8,16,9,6,106.6,38.51,42.6,47.12,98.2,48.78,0,Metaloglobus 0-1 Dinamo Bucureşti,2025-08-08
Metaloglobus,0.9,0.76,0.14,0.89,0.59,0.3,0.01,0.18,-0.17,0.9,0.76,0.14,0,1,-1,-1.14,50.8,59.38,52.05,0.61,0.35,276,12,14,13,22.95,37.14,20.44,8,3,25,6,4,170.2,61.49,47.8,52.88,103.1,51.22,6,Metaloglobus 0-1 Dinamo Bucureşti,2025-08-08
Botoșani,0.55,1.56,-1.01,0.55,1.35,-0.8,0.0,0.21,-0.21,0.55,1.56,-1.01,1,2,-1,0.01,44.0,47.27,45.92,0.45,0.79,147,8,14,11,31.11,13.92,10.6,8,2,11,2,13,74.3,48.34,65.67,74.62,94.77,53.51,2,Rapid Bucureşti 2-1 Botoșani,2025-08-04
Rapid Bucureşti,1.56,0.55,1.01,1.35,0.55,0.8,0.21,0.0,0.21,1.56,0.55,1.01,2,1,1,-0.01,56.0,52.73,44.78,0.79,0.45,191,16,11,14,13.92,31.11,9.1,2,8,22,5,10,79.4,51.66,22.33,25.37,82.33,46.49,0,Rapid Bucureşti 2-1 Botoșani,2025-08-04
Oţelul Galați,1.37,1.99,-0.62,0.81,1.6,-0.79,0.56,0.39,0.17,1.37,1.99,-0.62,0,0,0,0.62,52.8,43.82,45.6,0.76,0.67,198,15,8,22,10.53,32.84,8.48,5,7,22,3,14,57.6,32.67,18.13,15.43,21.83,11.73,2,Unirea Slobozia 0-0 Oţelul Galați,2025-08-04
Unirea Slobozia,1.99,1.37,0.62,1.6,0.81,0.79,0.39,0.56,-0.17,1.99,1.37,0.62,0,0,0,-0.62,47.2,56.18,50.31,0.67,0.76,192,11,22,8,32.84,10.53,9.7,7,5,23,4,15,118.7,67.33,99.4,84.57,164.2,88.27,3,Unirea Slobozia 0-0 Oţelul Galați,2025-08-04
Universitatea Craiova,0.89,2.61,-1.72,0.89,1.68,-0.79,0.0,0.93,-0.93,0.89,2.61,-1.72,3,2,1,2.72,46.7,26.71,40.98,0.23,0.73,124,5,7,24,30.43,32.88,12.23,0,11,5,1,16,30.1,11.41,44.73,43.01,26.97,15.16,0,CFR Cluj 2-3 Universitatea Craiova,2025-08-03
CFR Cluj,2.61,0.89,1.72,1.68,0.89,0.79,0.93,0.0,0.93,2.61,0.89,1.72,2,3,-1,-2.72,53.3,73.29,54.59,0.73,0.23,281,26,24,7,32.88,30.43,8.31,11,0,34,9,15,233.7,88.59,59.27,56.99,150.9,84.84,2,CFR Cluj 2-3 Universitatea Craiova,2025-08-03
Universitatea Cluj,1.78,2.69,-0.91,1.6,2.44,-0.84,0.18,0.25,-0.07,1.78,2.69,-0.91,2,2,0,0.91,72.1,63.82,48.41,1.0,0.7,395,15,12,16,12.0,22.86,8.89,5,8,24,5,11,159.8,70.27,3.4,1.72,83.3,31.49,0,Hermannstadt 2-2 Universitatea Cluj,2025-08-03
Hermannstadt,2.69,1.78,0.91,2.44,1.6,0.84,0.25,0.18,0.07,2.69,1.78,0.91,2,2,0,-0.91,27.9,36.18,48.84,0.7,1.0,162,7,16,12,22.86,12.0,22.72,8,5,13,2,8,67.6,29.73,194.53,98.28,181.23,68.51,2,Hermannstadt 2-2 Universitatea Cluj,2025-08-03
FCSB,2.35,3.15,-0.8,0.83,1.34,-0.51,0.0,0.29,-0.29,0.83,1.63,-0.8,3,4,-1,-0.2,43.2,41.01,48.9,0.42,0.61,164,8,10,13,23.81,21.31,8.46,5,0,8,2,16,74.1,35.04,56.67,67.63,79.7,39.15,0,Dinamo Bucureşti 4-3 FCSB,2025-08-02
Dinamo Bucureşti,3.15,2.35,0.8,1.34,0.83,0.51,0.29,0.0,0.29,1.63,0.83,0.8,4,3,1,0.2,56.8,58.99,49.74,0.61,0.42,212,13,13,10,21.31,23.81,7.91,0,5,21,5,17,137.4,64.96,27.13,32.37,123.87,60.85,1,Dinamo Bucureşti 4-3 FCSB,2025-08-02
Csikszereda,0.39,1.73,-1.34,0.39,1.57,-1.18,0.0,0.16,-0.16,0.39,1.73,-1.34,1,3,-2,-0.66,58.9,43.75,44.6,0.28,0.76,175,2,4,13,14.29,17.11,10.58,3,6,8,0,11,38.2,25.25,37.07,27.27,5.73,2.8,0,Argeș 3-1 Csikszereda,2025-08-02
Argeș,1.73,0.39,1.34,1.57,0.39,1.18,0.16,0.0,0.16,1.73,0.39,1.34,3,1,2,0.66,41.1,56.25,50.87,0.76,0.28,164,12,13,4,17.11,14.29,11.0,6,3,19,2,18,113.1,74.75,98.87,72.73,199.27,97.2,1,Argeș 3-1 Csikszereda,2025-08-02
UTA Arad,1.8,2.59,-0.79,1.69,2.52,-0.83,0.12,0.07,0.05,1.8,2.59,-0.79,2,1,1,1.79,37.6,31.27,43.77,0.49,1.11,120,3,9,24,18.37,21.62,17.9,2,8,9,3,10,29.7,14.35,59.73,75.17,37.33,22.35,1,Petrolul 52 1-2 UTA Arad,2025-08-01
Petrolul 52,2.59,1.8,0.79,2.52,1.69,0.83,0.07,0.12,-0.05,2.59,1.8,0.79,1,2,-1,-1.79,62.4,68.73,50.44,1.11,0.49,254,17,24,9,21.62,18.37,7.11,8,2,30,6,10,177.2,85.65,19.73,24.83,129.73,77.65,6,Petrolul 52 1-2 UTA Arad,2025-08-01
Metaloglobus,1.14,2.07,-0.93,0.89,1.89,-1.0,0.25,0.18,0.07,1.14,2.07,-0.93,1,2,-1,-0.07,41.3,39.47,44.06,0.6,0.84,142,8,10,20,16.67,23.81,14.6,6,5,14,3,14,40.8,22.09,61.47,76.46,45.5,26.27,4,FCV Farul Constanţa 2-1 Metaloglobus,2025-08-01
FCV Farul Constanţa,2.07,1.14,0.93,1.89,0.89,1.0,0.18,0.25,-0.07,2.07,1.14,0.93,2,1,1,0.07,58.7,60.53,46.75,0.84,0.6,206,19,20,10,23.81,16.67,7.5,5,6,17,5,11,143.9,77.91,18.93,23.54,127.67,73.73,3,FCV Farul Constanţa 2-1 Metaloglobus,2025-08-01
Universitatea Cluj,1.16,3.07,-1.91,0.78,1.36,-0.58,0.39,0.95,-0.56,1.16,2.31,-1.15,1,2,-1,0.91,38.4,30.68,44.6,0.52,1.07,135,12,12,24,23.08,22.43,20.35,4,9,15,5,14,34.6,14.81,73.93,71.32,68.03,32.97,1,Universitatea Craiova 2-1 Universitatea Cluj,2025-07-28
Universitatea Craiova,3.07,1.16,1.91,1.36,0.78,0.58,0.95,0.39,0.56,2.31,1.16,1.15,2,1,1,-0.91,61.6,69.32,53.12,1.07,0.52,334,25,24,12,22.43,23.08,7.08,9,4,26,7,7,199.1,85.19,29.73,28.68,138.33,67.03,1,Universitatea Craiova 2-1 Universitatea Cluj,2025-07-28
Unirea Slobozia,0.56,2.22,-1.66,0.56,1.89,-1.33,0.0,0.33,-0.33,0.56,2.22,-1.66,0,4,-4,-2.34,48.7,50.62,45.0,0.35,0.6,143,5,8,7,22.86,11.67,12.93,6,3,17,4,7,60.2,51.59,63.8,79.95,35.9,32.17,0,Botoșani 4-0 Unirea Slobozia,2025-07-28
Botoșani,2.22,0.56,1.66,1.89,0.56,1.33,0.33,0.0,0.33,2.22,0.56,1.66,4,0,4,2.34,51.3,49.38,41.05,0.6,0.35,133,7,7,8,11.67,22.86,12.73,3,6,8,2,14,56.5,48.41,16.0,20.05,75.68,67.83,0,Botoșani 4-0 Unirea Slobozia,2025-07-28
Dinamo Bucureşti,3.12,1.47,1.65,2.97,1.29,1.68,0.14,0.18,-0.04,3.12,1.47,1.65,1,2,-1,-2.65,63.6,59.55,47.61,1.96,0.75,256,21,16,11,8.16,14.67,9.76,3,5,24,3,6,184.1,80.5,4.33,3.67,118.4,53.87,0,Oţelul Galați 2-1 Dinamo Bucureşti,2025-07-27
Oţelul Galați,1.47,3.12,-1.65,1.29,2.97,-1.68,0.18,0.14,0.04,1.47,3.12,-1.65,2,1,1,2.65,36.4,40.45,47.3,0.75,1.96,148,7,11,16,14.67,8.16,18.96,5,3,18,8,12,44.6,19.5,113.53,96.33,101.4,46.13,2,Oţelul Galați 2-1 Dinamo Bucureşti,2025-07-27
Argeș,1.21,1.21,0.0,0.97,0.72,0.25,0.24,0.48,-0.24,1.21,1.21,0.0,2,0,2,2.0,37.1,40.4,48.99,0.63,0.93,125,7,11,12,17.46,12.9,13.96,2,4,15,4,9,53.9,34.84,95.27,98.89,116.93,83.25,0,CFR Cluj 0-2 Argeș,2025-07-27
CFR Cluj,1.21,1.21,0.0,0.72,0.97,-0.25,0.48,0.24,0.24,1.21,1.21,0.0,0,2,-2,-2.0,62.9,59.6,46.45,0.93,0.63,199,17,12,11,12.9,17.46,9.12,4,2,28,8,13,100.8,65.16,1.07,1.11,23.53,16.75,3,CFR Cluj 0-2 Argeș,2025-07-27
FCV Farul Constanţa,3.02,0.65,2.37,1.58,0.65,0.93,0.68,0.0,0.68,2.26,0.65,1.61,2,1,1,-1.37,44.8,50.18,46.61,0.51,0.33,188,13,21,8,41.18,24.24,10.24,7,4,26,8,12,111.6,61.59,90.4,73.66,130.43,72.95,0,FCSB 1-2 FCV Farul Constanţa,2025-07-26
FCSB,0.65,3.02,-2.37,0.65,1.58,-0.93,0.0,0.68,-0.68,0.65,2.26,-1.61,1,2,-1,1.37,55.2,49.82,44.29,0.33,0.51,201,2,8,21,24.24,41.18,9.53,4,7,13,2,17,69.6,38.41,32.33,26.34,48.37,27.05,0,FCSB 1-2 FCV Farul Constanţa,2025-07-26
Hermannstadt,0.94,1.23,-0.29,0.88,0.74,0.14,0.06,0.49,-0.43,0.94,1.23,-0.29,0,1,-1,-0.71,49.0,55.91,47.31,0.58,0.47,217,10,10,10,17.24,21.28,13.35,3,7,19,5,5,111.5,53.45,84.27,65.87,108.5,61.3,2,UTA Arad 1-0 Hermannstadt,2025-07-26
UTA Arad,1.23,0.94,0.29,0.74,0.88,-0.14,0.49,0.06,0.43,1.23,0.94,0.29,1,0,1,0.71,51.0,44.09,42.27,0.47,0.58,173,9,10,10,21.28,17.24,9.63,7,3,11,5,13,97.1,46.55,43.67,34.13,68.5,38.7,0,UTA Arad 1-0 Hermannstadt,2025-07-26
Rapid Bucureşti,3.64,1.68,1.96,3.44,1.68,1.76,0.2,0.01,0.19,3.64,1.68,1.96,2,0,2,0.04,62.0,57.83,49.86,0.96,0.51,340,21,15,17,15.62,33.33,14.18,3,3,14,3,10,159.9,61.81,24.0,19.07,112.27,67.51,1,Csikszereda 0-2 Rapid Bucureşti,2025-07-25
Csikszereda,1.68,3.64,-1.96,1.68,3.44,-1.76,0.01,0.2,-0.19,1.68,3.64,-1.96,0,2,-2,-0.04,38.0,42.17,45.69,0.51,0.96,170,15,17,15,33.33,15.62,21.79,3,3,22,5,9,98.8,38.19,101.87,80.93,54.03,32.49,0,Csikszereda 0-2 Rapid Bucureşti,2025-07-25
Petrolul 52,2.47,1.63,0.84,1.71,0.81,0.9,0.0,0.83,-0.83,1.71,1.63,0.08,3,0,3,2.16,40.0,36.49,44.84,0.51,0.95,114,4,10,17,19.61,17.89,12.26,3,4,7,0,14,41.6,24.69,62.8,80.44,122.97,76.1,4,Metaloglobus 0-3 Petrolul 52,2025-07-25
Metaloglobus,1.63,2.47,-0.84,0.81,1.71,-0.9,0.83,0.0,0.83,1.63,1.71,-0.08,0,3,-3,-2.16,60.0,63.51,51.27,0.95,0.51,235,10,17,10,17.89,19.61,6.83,4,3,29,10,13,126.9,75.31,15.27,19.56,38.63,23.9,1,Metaloglobus 0-3 Petrolul 52,2025-07-25
Botoșani,0.97,1.24,-0.27,0.97,0.92,0.05,0.0,0.31,-0.31,0.97,1.24,-0.27,0,0,0,0.27,44.5,45.56,45.47,0.32,0.93,142,12,7,12,21.88,12.9,9.03,2,1,12,5,20,35.7,27.02,61.53,69.45,49.23,39.48,1,Dinamo Bucureşti 0-0 Botoșani,2025-07-21
Dinamo Bucureşti,1.24,0.97,0.27,0.92,0.97,-0.05,0.31,0.0,0.31,1.24,0.97,0.27,0,0,0,-0.27,55.5,54.44,48.76,0.93,0.32,196,19,12,7,12.9,21.88,8.72,1,2,25,7,10,96.4,72.98,27.07,30.55,75.47,60.52,0,Dinamo Bucureşti 0-0 Botoșani,2025-07-21
Csikszereda,1.54,3.62,-2.08,0.78,2.48,-1.7,0.0,0.38,-0.38,0.78,2.86,-2.08,1,6,-5,-2.92,40.2,35.15,41.69,0.75,0.55,113,11,15,20,20.0,36.36,24.47,1,2,9,1,6,47.1,24.61,71.47,69.7,29.02,14.7,1,Unirea Slobozia 6-1 Csikszereda,2025-07-21
Unirea Slobozia,3.62,1.54,2.08,2.48,0.78,1.7,0.38,0.0,0.38,2.86,0.78,2.08,6,1,5,2.92,59.8,64.85,49.7,0.55,0.75,265,10,20,15,36.36,20.0,13.13,2,1,18,2,11,144.3,75.39,31.07,30.3,168.4,85.3,1,Unirea Slobozia 6-1 Csikszereda,2025-07-21
CFR Cluj,1.68,1.49,0.19,1.5,1.45,0.05,0.17,0.03,0.14,1.68,1.49,0.19,1,1,0,-0.19,42.3,45.45,48.14,0.76,0.73,184,12,15,24,19.74,32.88,15.11,1,5,11,4,15,84.6,38.25,90.4,85.44,115.3,61.13,2,Rapid Bucureşti 1-1 CFR Cluj,2025-07-20
Rapid Bucureşti,1.49,1.68,-0.19,1.45,1.5,-0.05,0.03,0.17,-0.14,1.49,1.68,-0.19,1,1,0,0.19,57.7,54.55,46.23,0.73,0.76,220,7,24,15,32.88,19.74,13.35,5,1,20,5,6,136.6,61.75,15.4,14.56,73.3,38.87,2,Rapid Bucureşti 1-1 CFR Cluj,2025-07-20
Oţelul Galați,3.39,1.59,1.8,2.83,1.59,1.24,0.56,0.0,0.56,3.39,1.59,1.8,2,3,-1,-2.8,49.9,57.19,49.6,0.86,0.59,190,13,20,9,23.26,15.25,10.22,9,4,25,7,9,149.9,69.95,52.93,62.52,140.43,56.66,0,FCV Farul Constanţa 3-2 Oţelul Galați,2025-07-20
FCV Farul Constanţa,1.59,3.39,-1.8,1.59,2.83,-1.24,0.0,0.56,-0.56,1.59,3.39,-1.8,3,2,1,2.8,50.1,42.81,43.54,0.59,0.86,152,12,9,20,15.25,23.26,11.77,4,9,9,5,8,64.4,30.05,31.73,37.48,107.4,43.34,3,FCV Farul Constanţa 3-2 Oţelul Galați,2025-07-20
FCSB,1.52,1.04,0.48,1.36,0.87,0.49,0.16,0.17,-0.01,1.52,1.04,0.48,1,0,1,0.52,52.0,47.57,47.98,0.68,0.42,171,12,13,13,19.12,30.95,7.64,3,8,15,6,15,91.9,46.51,25.2,38.77,79.7,44.83,1,Petrolul 52 0-1 FCSB,2025-07-19
Petrolul 52,1.04,1.52,-0.48,0.87,1.36,-0.49,0.17,0.16,0.01,1.04,1.52,-0.48,0,1,-1,-0.52,48.0,52.43,47.77,0.42,0.68,158,10,13,13,30.95,19.12,7.5,8,3,22,5,19,105.7,53.49,39.8,61.23,98.1,55.17,1,Petrolul 52 0-1 FCSB,2025-07-19
UTA Arad,1.85,2.89,-1.04,1.7,2.69,-0.99,0.15,0.19,-0.04,1.85,2.89,-1.04,1,1,0,1.04,31.3,27.76,41.7,0.45,1.41,121,6,15,25,33.33,17.73,17.39,8,6,10,2,9,23.5,8.85,107.93,94.18,59.83,27.41,0,Universitatea Cluj 1-1 UTA Arad,2025-07-19
Universitatea Cluj,2.89,1.85,1.04,2.69,1.7,0.99,0.19,0.15,0.04,2.89,1.85,1.04,1,1,0,-1.04,68.7,72.24,49.99,1.41,0.45,332,22,25,15,17.73,33.33,9.15,6,8,24,4,8,241.9,91.15,6.67,5.82,158.47,72.59,3,Universitatea Cluj 1-1 UTA Arad,2025-07-19
Argeș,0.93,0.96,-0.03,0.74,0.96,-0.22,0.19,0.0,0.19,0.93,0.96,-0.03,1,3,-2,-1.97,36.4,57.08,52.52,0.29,0.27,159,16,11,9,37.93,33.33,8.82,3,4,22,4,20,87.3,62.22,133.67,93.48,196.93,88.42,3,Universitatea Craiova 3-1 Argeș,2025-07-18
Universitatea Craiova,0.96,0.93,0.03,0.96,0.74,0.22,0.0,0.19,-0.19,0.96,0.93,0.03,3,1,2,1.97,63.6,42.92,42.53,0.27,0.29,187,4,9,11,33.33,37.93,4.58,4,3,6,1,13,53.0,37.78,9.33,6.52,25.8,11.58,1,Universitatea Craiova 3-1 Argeș,2025-07-18
Metaloglobus,1.47,1.98,-0.51,1.28,1.89,-0.61,0.18,0.1,0.08,1.47,1.98,-0.51,2,2,0,0.51,48.9,44.51,46.67,0.3,0.66,203,12,10,15,33.33,22.73,15.43,3,6,17,3,12,109.4,37.54,46.2,46.14,69.57,24.95,0,Hermannstadt 2-2 Metaloglobus,2025-07-18
Hermannstadt,1.98,1.47,0.51,1.89,1.28,0.61,0.1,0.18,-0.08,1.98,1.47,0.51,2,2,0,-0.51,51.1,55.49,50.4,0.66,0.3,259,11,15,10,22.73,33.33,12.4,6,3,19,5,8,182.0,62.46,53.93,53.86,209.3,75.05,1,Hermannstadt 2-2 Metaloglobus,2025-07-18
Dinamo Bucureşti,1.93,0.32,1.61,1.67,0.32,1.35,0.26,0.0,0.26,1.93,0.32,1.61,2,2,0,-1.61,72.3,72.67,50.61,0.72,0.12,349,14,17,6,23.61,50.0,6.08,7,3,33,9,11,187.5,96.7,2.87,1.78,87.33,69.0,0,Csikszereda 2-2 Dinamo Bucureşti,2025-07-14
Csikszereda,0.32,1.93,-1.61,0.32,1.67,-1.35,0.0,0.26,-0.26,0.32,1.93,-1.61,2,2,0,1.61,27.7,27.33,39.41,0.12,0.72,87,3,6,17,50.0,23.61,32.62,3,7,5,0,13,6.4,3.3,158.27,98.22,39.23,31.0,2,Csikszereda 2-2 Dinamo Bucureşti,2025-07-14
FCV Farul Constanţa,1.6,1.37,0.23,1.45,1.28,0.17,0.14,0.09,0.05,1.6,1.37,0.23,1,1,0,-0.23,46.4,36.51,41.51,0.6,0.37,108,6,14,11,23.33,29.73,9.15,4,8,13,6,17,56.4,43.86,69.33,70.13,73.43,59.52,3,Botoșani 1-1 FCV Farul Constanţa,2025-07-14
Botoșani,1.37,1.6,-0.23,1.28,1.45,-0.17,0.09,0.14,-0.05,1.37,1.6,-0.23,1,1,0,0.23,53.6,63.49,45.59,0.37,0.6,176,6,11,14,29.73,23.33,7.61,8,4,19,7,13,72.2,56.14,29.53,29.87,49.93,40.48,1,Botoșani 1-1 FCV Farul Constanţa,2025-07-14
Unirea Slobozia,0.96,1.84,-0.88,0.85,1.48,-0.63,0.11,0.37,-0.26,0.96,1.84,-0.88,1,2,-1,-0.12,40.8,42.09,46.39,0.12,0.87,148,4,12,10,100.0,11.49,12.5,4,2,13,2,16,51.0,29.95,89.0,78.02,61.17,43.76,0,CFR Cluj 2-1 Unirea Slobozia,2025-07-13
CFR Cluj,1.84,0.96,0.88,1.48,0.85,0.63,0.37,0.11,0.26,1.84,0.96,0.88,2,1,1,0.12,59.2,57.91,46.29,0.87,0.12,206,10,10,12,11.49,100.0,7.57,2,4,17,5,14,119.3,70.05,25.07,21.98,78.63,56.24,1,CFR Cluj 2-1 Unirea Slobozia,2025-07-13
Petrolul 52,0.73,1.45,-0.72,0.73,1.38,-0.65,0.0,0.07,-0.07,0.73,1.45,-0.72,0,0,0,0.72,48.8,44.6,43.2,0.45,0.66,147,8,6,12,13.33,18.18,9.91,3,5,14,3,19,41.1,30.63,26.33,29.24,27.8,19.17,5,Oţelul Galați 0-0 Petrolul 52,2025-07-13
Oţelul Galați,1.45,0.73,0.72,1.38,0.73,0.65,0.07,0.0,0.07,1.45,0.73,0.72,0,0,0,-0.72,51.2,55.4,48.43,0.66,0.45,188,12,12,6,18.18,13.33,9.85,5,3,19,4,9,93.1,69.37,63.73,70.76,117.2,80.83,1,Oţelul Galați 0-0 Petrolul 52,2025-07-13
Hermannstadt,0.81,2.91,-2.1,0.81,2.72,-1.91,0.0,0.19,-0.19,0.81,2.91,-2.1,1,1,0,2.1,35.3,34.06,48.2,0.4,1.33,161,6,8,24,20.0,18.05,23.6,6,9,9,1,8,40.8,15.98,108.07,91.74,64.43,35.16,1,FCSB 1-1 Hermannstadt,2025-07-12
FCSB,2.91,0.81,2.1,2.72,0.81,1.91,0.19,0.0,0.19,2.91,0.81,2.1,1,1,0,-2.1,64.7,65.94,51.19,1.33,0.4,364,16,24,8,18.05,20.0,7.16,9,6,36,13,9,214.5,84.02,9.73,8.26,118.8,64.84,0,FCSB 1-1 Hermannstadt,2025-07-12
Universitatea Craiova,2.3,2.52,-0.22,1.44,1.51,-0.07,0.09,0.25,-0.16,1.54,1.76,-0.22,3,3,0,0.22,52.1,42.9,45.8,0.68,0.87,182,13,13,21,19.12,24.14,8.3,4,0,12,3,12,86.6,34.78,22.87,28.17,84.3,59.0,1,UTA Arad 3-3 Universitatea Craiova,2025-07-12
UTA Arad,2.52,2.3,0.22,1.51,1.44,0.07,0.25,0.09,0.16,1.76,1.54,0.22,3,3,0,-0.22,47.9,57.1,52.23,0.87,0.68,220,13,21,13,24.14,19.12,12.0,0,4,32,4,11,162.4,65.22,58.33,71.83,58.57,41.0,2,UTA Arad 3-3 Universitatea Craiova,2025-07-12
Rapid Bucureşti,0.55,1.23,-0.68,0.55,1.01,-0.46,0.0,0.22,-0.22,0.55,1.23,-0.68,2,0,2,2.68,52.7,48.29,46.31,0.25,0.64,183,8,9,13,36.0,20.31,7.7,1,5,11,1,16,64.4,40.68,30.8,36.64,82.0,52.17,2,Argeș 0-2 Rapid Bucureşti,2025-07-11
Argeș,1.23,0.55,0.68,1.01,0.55,0.46,0.22,0.0,0.22,1.23,0.55,0.68,0,2,-2,-2.68,47.3,51.71,46.44,0.64,0.25,155,11,13,9,20.31,36.0,5.85,5,1,22,7,23,93.9,59.32,53.27,63.36,75.17,47.83,2,Argeș 0-2 Rapid Bucureşti,2025-07-11
Universitatea Cluj,2.16,0.61,1.55,1.96,0.49,1.47,0.2,0.12,0.08,2.16,0.61,1.55,4,1,3,1.45,56.9,56.83,49.14,0.46,0.38,271,17,15,12,32.61,31.58,14.5,2,5,18,7,9,143.4,71.31,24.27,30.67,164.87,80.37,1,Metaloglobus 1-4 Universitatea Cluj,2025-07-11
Metaloglobus,0.61,2.16,-1.55,0.49,1.96,-1.47,0.12,0.2,-0.08,0.61,2.16,-1.55,1,4,-3,-1.45,43.1,43.17,45.51,0.38,0.46,181,10,12,15,31.58,32.61,12.83,5,2,14,1,8,57.7,28.69,54.87,69.33,40.27,19.63,2,Metaloglobus 1-4 Universitatea Cluj,2025-07-11
