Team,xG,xGA,xGD,Open Play xG,Open Play xGA,Open Play xGD,Set Piece xG,Set Piece xGA,Set Piece xGD,npxG,npxGA,npxGD,Goals,Goals Conceded,GD,GD-xGD,Possession,Field Tilt,Avg Pass Height,xT,xT Against,Passes in Opposition Half,Passes into Box,Shots,Shots Faced,Shots per 1.0 xT,Shots Faced per 1.0 xT Against,PPDA,High Recoveries,High Recoveries Against,Crosses,Corners,Fouls,On-Ball Pressure,On-Ball Pressure Share,Off-Ball Pressure,Off-Ball Pressure Share,Game Control,Game Control Share,Throw-Ins into the Box,Match,Date
Al Riyadh,3.24,2.19,1.05,2.36,0.59,1.77,0.13,0.84,-0.71,2.48,1.43,1.05,1,2,-1,-2.05,54.40,54.22,46.07,0.88,0.9,188,11,18,14,20.45,15.56,9.16,6,4,20,6,12,104.1,60.28,32.2,40.11,93.47,58.13,1,Al Hazem 2-1 Al Riyadh,2026-04-24
Al Hazem,2.19,3.24,-1.05,0.59,2.36,-1.77,0.84,0.13,0.71,1.43,2.48,-1.05,2,1,1,2.05,45.60,45.78,49.19,0.9,0.88,172,9,14,18,15.56,20.45,13.68,4,6,18,7,9,68.6,39.72,48.07,59.89,67.33,41.87,0,Al Hazem 2-1 Al Riyadh,2026-04-24
Al Khaleej,0.66,1.42,-0.76,0.66,0.79,-0.13,0.00,0.64,-0.64,0.66,1.42,-0.76,0,1,-1,-0.24,55.10,49.68,48.47,0.56,0.51,191,15,8,13,14.29,25.49,7.71,3,4,29,2,14,56.1,37.47,40.6,43.07,62.13,32.59,0,Al Fateh 1-0 Al Khaleej,2026-04-24
Al Fateh,1.42,0.66,0.76,0.79,0.66,0.13,0.64,0.00,0.64,1.42,0.66,0.76,1,0,1,0.24,44.90,50.32,52.58,0.51,0.56,190,8,13,8,25.49,14.29,10.23,4,3,17,3,13,93.6,62.53,53.67,56.93,128.5,67.41,1,Al Fateh 1-0 Al Khaleej,2026-04-24
Al Okhdood,0.77,1.71,-0.94,0.72,1.34,-0.62,0.05,0.37,-0.32,0.77,1.71,-0.94,0,2,-2,-1.06,52.3,53.16,49.12,0.62,0.55,223,9,14,14,22.58,25.45,13.81,4,6,14,4,10,115.7,59.03,47.8,43.74,81.23,48.47,0,Damac 2-0 Al Okhdood,2026-04-23
Damac,1.71,0.77,0.94,1.34,0.72,0.62,0.37,0.05,0.32,1.71,0.77,0.94,2,0,2,1.06,47.7,46.84,44.49,0.55,0.62,172,10,14,14,25.45,22.58,8.71,6,4,18,4,18,80.3,40.97,61.47,56.26,86.37,51.53,0,Damac 2-0 Al Okhdood,2026-04-23
Al Taawoun,1.44,1.16,0.28,1.38,1.14,0.24,0.06,0.02,0.04,1.44,1.16,0.28,2,1,1,0.72,52.5,52.73,49.07,0.56,0.77,230,6,17,8,30.36,10.39,10.27,6,10,8,2,10,137.6,64.45,28.93,27.21,76.77,46.3,1,Al Najma 1-2 Al Taawoun,2026-04-23
Al Najma,1.16,1.44,-0.28,1.14,1.38,-0.24,0.02,0.06,-0.04,1.16,1.44,-0.28,1,2,-1,-0.72,47.5,47.27,52.38,0.77,0.56,255,9,8,17,10.39,30.36,11.42,10,6,17,5,14,75.9,35.55,77.4,72.79,89.03,53.7,0,Al Najma 1-2 Al Taawoun,2026-04-23
Al Ettifaq,1.17,3.27,-2.1,1.17,3.01,-1.84,0.0,0.26,-0.26,1.17,3.27,-2.1,0,1,-1,1.1,44.3,28.38,41.37,0.39,0.74,108,4,7,20,17.95,27.03,23.62,1,5,7,0,6,22.5,9.08,37.07,46.45,18.03,6.15,0,Al Nassr 1-0 Al Ettifaq,2026-04-15
Al Nassr,3.27,1.17,2.1,3.01,1.17,1.84,0.26,0.0,0.26,3.27,1.17,2.1,1,0,1,-1.1,55.7,71.62,55.47,0.74,0.39,299,20,20,7,27.03,17.95,10.12,5,1,23,9,14,225.2,90.92,42.73,53.55,275.2,93.85,1,Al Nassr 1-0 Al Ettifaq,2026-04-15
Al Shabab,2.84,3.5,-0.66,2.84,3.22,-0.38,0.0,0.28,-0.28,2.84,3.5,-0.66,2,2,0,0.66,35.8,20.33,42.42,0.71,2.04,126,11,12,26,16.9,12.75,19.74,3,12,6,4,8,15.9,5.09,91.67,81.27,33.47,11.83,0,Al-Qadsiah 2-2 Al Shabab,2026-04-14
Al-Qadsiah,3.5,2.84,0.66,3.22,2.84,0.38,0.28,0.0,0.28,3.5,2.84,0.66,2,2,0,-0.66,64.2,79.67,58.46,2.04,0.71,430,42,26,12,12.75,16.9,7.97,12,3,35,13,8,296.4,94.91,21.13,18.73,249.43,88.17,1,Al-Qadsiah 2-2 Al Shabab,2026-04-14
Al Nassr,4.08,0.16,3.92,3.58,0.1,3.48,0.5,0.06,0.44,4.08,0.16,3.92,2,0,2,-1.92,63.9,69.82,48.56,1.02,0.3,276,17,20,5,19.61,16.67,8.43,6,3,14,6,13,190.7,96.56,5.87,5.7,151.3,87.57,0,Al Okhdood 0-2 Al Nassr,2026-04-11
Al Okhdood,0.16,4.08,-3.92,0.1,3.58,-3.48,0.06,0.5,-0.44,0.16,4.08,-3.92,0,2,-2,1.92,36.1,30.18,41.9,0.3,1.02,109,5,5,20,16.67,19.61,18.04,3,6,9,2,6,6.8,3.44,97.13,94.3,21.47,12.43,1,Al Okhdood 0-2 Al Nassr,2026-04-11
Al Fayha,1.71,1.95,-0.24,1.1,1.94,-0.84,0.61,0.02,0.59,1.71,1.95,-0.24,0,2,-2,-1.76,54.8,55.13,44.96,0.71,0.22,197,17,15,16,21.13,72.73,12.71,3,6,25,10,13,106.3,52.47,26.6,24.17,79.3,33.05,5,Al Hazem 2-0 Al Fayha,2026-04-11
Al Hazem,1.95,1.71,0.24,1.94,1.1,0.84,0.02,0.61,-0.59,1.95,1.71,0.24,2,0,2,1.76,45.2,44.87,47.55,0.22,0.71,163,5,16,15,72.73,21.13,15.5,6,3,8,2,8,96.3,47.53,83.47,75.83,160.67,66.95,0,Al Hazem 2-0 Al Fayha,2026-04-11
Al Kholood,1.02,2.18,-1.16,0.26,1.2,-0.94,0.0,0.98,-0.98,0.26,2.18,-1.92,2,1,1,2.16,40.9,35.31,43.43,0.08,0.98,158,3,6,17,75.0,17.35,11.97,5,5,5,0,20,30.5,15.75,102.87,75.42,69.37,45.49,1,Al Taawoun 1-2 Al Kholood,2026-04-11
Al Taawoun,2.18,1.02,1.16,1.2,0.26,0.94,0.98,0.0,0.98,2.18,0.26,1.92,1,2,-1,-2.16,59.1,64.69,52.35,0.98,0.08,310,14,17,6,17.35,75.0,7.69,5,5,24,3,18,163.1,84.25,33.53,24.58,83.13,54.51,3,Al Taawoun 1-2 Al Kholood,2026-04-11
NEOM,3.37,0.55,2.82,2.64,0.55,2.09,0.73,0.0,0.73,3.37,0.55,2.82,1,2,-1,-3.82,76.3,86.02,61.45,1.4,0.18,463,37,33,6,23.57,33.33,4.91,10,2,68,22,7,417.5,98.03,4.33,4.74,342.67,93.42,2,Al Najma 2-1 NEOM,2026-04-11
Al Najma,0.55,3.37,-2.82,0.55,2.64,-2.09,0.0,0.73,-0.73,0.55,3.37,-2.82,2,1,1,3.82,23.7,13.98,43.76,0.18,1.4,64,5,6,33,33.33,23.57,23.29,2,10,4,3,12,8.4,1.97,87.07,95.26,24.13,6.58,0,Al Najma 2-1 NEOM,2026-04-11
Al Riyadh,2.68,2.04,0.64,2.31,1.78,0.53,0.37,0.26,0.11,2.68,2.04,0.64,3,2,1,0.36,48.4,50.92,47.21,1.07,0.87,158,19,19,13,17.76,14.94,12.63,4,2,24,7,11,124.2,69.58,63.53,66.92,127.43,74.61,1,Al Ettifaq 2-3 Al Riyadh,2026-04-09
Al Ettifaq,2.04,2.68,-0.64,1.78,2.31,-0.53,0.26,0.37,-0.11,2.04,2.68,-0.64,2,3,-1,-0.36,51.6,49.08,45.82,0.87,1.07,174,11,13,19,14.94,17.76,17.59,2,4,17,6,12,54.3,30.42,31.4,33.08,43.37,25.39,0,Al Ettifaq 2-3 Al Riyadh,2026-04-09
Al-Qadsiah,1.49,0.29,1.2,1.49,0.23,1.26,0.0,0.06,-0.06,1.49,0.29,1.2,1,1,0,-1.2,69.1,87.72,61.43,1.76,0.09,499,35,16,6,9.09,66.67,10.54,7,0,43,12,7,391.9,99.8,12.67,13.8,330.2,98.93,1,Damac 1-1 Al-Qadsiah,2026-04-09
Damac,0.29,1.49,-1.2,0.23,1.49,-1.26,0.06,0.0,0.06,0.29,1.49,-1.2,1,1,0,1.2,30.9,12.28,36.9,0.09,1.76,76,4,6,16,66.67,9.09,25.93,0,7,9,3,5,0.8,0.2,79.13,86.2,3.57,1.07,0,Damac 1-1 Al-Qadsiah,2026-04-09
NEOM,3.67,2.28,1.39,3.28,1.36,1.92,0.4,0.92,-0.52,3.67,2.28,1.39,4,3,1,-0.39,43.9,36.43,41.16,0.92,0.82,128,15,19,11,20.65,13.41,11.16,7,6,9,3,14,54.4,36.34,51.67,49.97,69.93,48.89,7,Al Ittihad 3-4 NEOM,2026-04-08
Al Ittihad,2.28,3.67,-1.39,1.36,3.28,-1.92,0.92,0.4,0.52,2.28,3.67,-1.39,3,4,-1,0.39,56.1,63.57,50.22,0.82,0.92,247,15,11,19,13.41,20.65,9.33,6,7,23,6,13,95.3,63.66,51.73,50.03,73.1,51.11,0,Al Ittihad 3-4 NEOM,2026-04-08
Al Kholood,0.86,3.77,-2.91,0.36,2.99,-2.63,0.5,0.02,0.48,0.86,3.01,-2.15,0,6,-6,-3.09,42.8,42.22,48.57,0.24,0.64,206,8,9,16,37.5,25.0,21.7,5,9,14,8,7,73.3,32.3,80.93,81.48,27.66,6.87,0,Al Hilal 6-0 Al Kholood,2026-04-08
Al Hilal,3.77,0.86,2.91,2.99,0.36,2.63,0.02,0.5,-0.48,3.01,0.86,2.15,6,0,6,3.09,57.2,57.78,48.82,0.64,0.24,288,12,16,9,25.0,37.5,10.29,9,5,14,3,10,153.6,67.7,18.4,18.52,374.9,93.13,0,Al Hilal 6-0 Al Kholood,2026-04-08
Al Ahli,1.97,1.95,0.02,1.66,1.95,-0.29,0.31,0.0,0.31,1.97,1.95,0.02,1,1,0,-0.02,57.3,67.03,49.88,0.72,0.38,238,17,11,7,15.28,18.42,15.3,4,3,19,5,10,146.3,77.82,38.93,40.75,137.67,76.74,3,Al Fayha 1-1 Al Ahli,2026-04-08
Al Fayha,1.95,1.97,-0.02,1.95,1.66,0.29,0.0,0.31,-0.31,1.95,1.97,-0.02,1,1,0,0.02,42.7,32.97,41.62,0.38,0.72,124,4,7,11,18.42,15.28,14.12,3,4,7,2,5,41.7,22.18,56.6,59.25,41.73,23.26,1,Al Fayha 1-1 Al Ahli,2026-04-08
Al-Qadsiah,2.8,1.38,1.42,2.78,0.55,2.23,0.01,0.07,-0.06,2.8,0.62,2.18,2,3,-1,-2.42,55.9,63.42,49.51,0.83,0.55,233,17,15,11,18.07,20.0,10.81,6,1,23,7,11,142.5,82.37,45.87,61.65,139.3,84.24,1,Al Ettifaq 3-2 Al-Qadsiah,2026-04-05
Al Ettifaq,1.38,2.8,-1.42,0.55,2.78,-2.23,0.07,0.01,0.06,0.62,2.8,-2.18,3,2,1,2.42,44.1,36.58,41.25,0.55,0.83,126,7,11,15,20.0,18.07,16.54,1,6,8,4,13,30.5,17.63,28.53,38.35,26.07,15.76,0,Al Ettifaq 3-2 Al-Qadsiah,2026-04-05
Al Shabab,2.84,1.78,1.06,2.53,0.97,1.56,0.31,0.05,0.26,2.84,1.02,1.82,1,1,0,-1.06,57.9,63.97,55.1,1.49,0.35,284,29,19,10,12.75,28.57,6.16,11,6,24,9,11,186.9,88.08,40.07,52.45,201.33,86.84,2,Al Riyadh 1-1 Al Shabab,2026-04-05
Al Riyadh,1.78,2.84,-1.06,0.97,2.53,-1.56,0.05,0.31,-0.26,1.02,2.84,-1.82,1,1,0,1.06,42.1,36.03,44.93,0.35,1.49,148,10,10,19,28.57,12.75,10.28,6,11,22,2,16,25.3,11.92,36.33,47.55,30.5,13.16,2,Al Riyadh 1-1 Al Shabab,2026-04-05
Al Fateh,1.22,0.71,0.51,1.21,0.45,0.76,0.01,0.26,-0.25,1.22,0.71,0.51,0,1,-1,-1.51,60.6,56.16,45.87,0.52,0.21,205,12,10,11,19.23,52.38,6.15,1,5,25,7,17,105.5,59.71,11.8,14.48,65.53,38.38,1,Al Okhdood 1-0 Al Fateh,2026-04-05
Al Okhdood,0.71,1.22,-0.51,0.45,1.21,-0.76,0.26,0.01,0.25,0.71,1.22,-0.51,1,0,1,1.51,39.4,43.84,45.02,0.21,0.52,126,6,11,10,52.38,19.23,9.73,5,1,11,5,19,71.2,40.29,69.67,85.52,105.2,61.62,0,Al Okhdood 1-0 Al Fateh,2026-04-05
Al Taawoun,0.83,2.54,-1.71,0.78,2.45,-1.67,0.05,0.09,-0.04,0.83,2.54,-1.71,2,2,0,1.71,40.7,20.1,41.95,0.66,0.81,133,9,6,24,9.09,29.63,26.73,2,5,12,5,6,4.6,1.43,61.0,64.12,12.07,3.83,3,Al Hilal 2-2 Al Taawoun,2026-04-04
Al Hilal,2.54,0.83,1.71,2.45,0.78,1.67,0.09,0.05,0.04,2.54,0.83,1.71,2,2,0,-1.71,59.3,79.9,60.9,0.81,0.66,418,16,24,6,29.63,9.09,15.71,5,2,34,7,5,316.2,98.57,34.13,35.88,303.3,96.17,5,Al Hilal 2-2 Al Taawoun,2026-04-04
Al Fayha,1.14,2.38,-1.24,0.95,2.31,-1.36,0.19,0.08,0.11,1.14,2.38,-1.24,0,1,-1,0.24,42.7,39.73,47.09,0.63,0.58,162,13,17,15,26.98,25.86,13.69,1,9,19,6,12,51.1,32.82,58.4,71.11,68.2,42.27,1,NEOM 1-0 Al Fayha,2026-04-04
NEOM,2.38,1.14,1.24,2.31,0.95,1.36,0.08,0.19,-0.11,2.38,1.14,1.24,1,0,1,-0.24,57.3,60.27,51.51,0.58,0.63,272,9,15,17,25.86,26.98,8.65,9,1,20,5,10,104.6,67.18,23.73,28.89,93.13,57.73,1,NEOM 1-0 Al Fayha,2026-04-04
Damac,0.6,1.74,-1.14,0.36,1.71,-1.35,0.24,0.03,0.21,0.6,1.74,-1.14,0,3,-3,-1.86,50.5,43.79,49.11,0.27,1.26,227,8,12,11,44.44,8.73,13.54,3,3,17,7,7,74.6,41.19,57.73,55.55,47.8,37.18,0,Al Ahli 3-0 Damac,2026-04-04
Al Ahli,1.74,0.6,1.14,1.71,0.36,1.35,0.03,0.24,-0.21,1.74,0.6,1.14,3,0,3,1.86,49.5,56.21,50.47,1.26,0.27,226,18,11,12,8.73,44.44,10.91,3,3,15,5,18,106.5,58.81,46.2,44.45,80.77,62.82,1,Al Ahli 3-0 Damac,2026-04-04
Al Najma,0.88,4.97,-4.09,0.81,3.6,-2.79,0.06,0.61,-0.55,0.88,4.21,-3.33,2,5,-3,1.09,36.0,27.34,41.92,0.22,1.59,90,10,6,24,27.27,15.09,14.07,2,5,9,3,12,13.5,5.21,68.0,88.77,26.71,10.4,2,Al Nassr 5-2 Al Najma,2026-04-03
Al Nassr,4.97,0.88,4.09,3.6,0.81,2.79,0.61,0.06,0.55,4.21,0.88,3.33,5,2,3,-1.09,64.0,72.66,52.14,1.59,0.22,273,26,24,6,15.09,27.27,7.94,5,2,14,4,9,245.6,94.79,8.6,11.23,230.09,89.6,0,Al Nassr 5-2 Al Najma,2026-04-03
Al Hazem,1.51,2.01,-0.5,1.46,1.86,-0.4,0.05,0.15,-0.1,1.51,2.01,-0.5,0,1,-1,-0.5,46.3,51.12,52.25,0.71,0.71,204,11,20,12,28.17,16.9,10.56,4,8,17,9,20,141.6,59.77,66.47,61.78,148.8,63.65,0,Al Ittihad 1-0 Al Hazem,2026-04-03
Al Ittihad,2.01,1.51,0.5,1.86,1.46,0.4,0.15,0.05,0.1,2.01,1.51,0.5,1,0,1,0.5,53.7,48.88,45.41,0.71,0.71,178,17,12,20,16.9,28.17,8.24,8,4,22,5,8,95.3,40.23,41.13,38.22,84.97,36.35,0,Al Ittihad 1-0 Al Hazem,2026-04-03
Al Khaleej,1.78,0.88,0.9,0.78,0.6,0.18,0.24,0.28,-0.04,1.02,0.88,0.14,2,2,0,-0.9,55.5,57.72,52.6,0.59,0.66,282,18,16,6,27.12,9.09,11.5,2,7,32,7,11,170.4,73.67,64.0,51.53,162.13,67.42,0,Al Kholood 2-2 Al Khaleej,2026-04-03
Al Kholood,0.88,1.78,-0.9,0.6,0.78,-0.18,0.28,0.24,0.04,0.88,1.02,-0.14,2,2,0,0.9,44.5,42.28,47.02,0.66,0.59,192,10,6,16,9.09,27.12,13.85,7,2,8,2,12,60.9,26.33,60.2,48.47,78.33,32.58,1,Al Kholood 2-2 Al Khaleej,2026-04-03
Al Nassr,3.56,1.24,2.32,3.48,0.94,2.54,0.08,0.3,-0.22,3.56,1.24,2.32,5,0,5,2.68,55.3,77.78,53.98,1.28,1.0,220,27,22,9,17.19,9.0,8.16,3,3,17,8,18,208.2,89.55,37.33,55.22,230.5,95.67,0,Al Khaleej 0-5 Al Nassr,2026-03-14
Al Khaleej,1.24,3.56,-2.32,0.94,3.48,-2.54,0.3,0.08,0.22,1.24,3.56,-2.32,0,5,-5,-2.68,44.7,22.22,40.53,1.0,1.28,100,7,9,22,9.0,17.19,11.38,3,3,13,2,11,24.3,10.45,30.27,44.78,10.43,4.33,0,Al Khaleej 0-5 Al Nassr,2026-03-14
Al Hilal,1.77,1.05,0.72,1.45,0.91,0.54,0.33,0.14,0.19,1.77,1.05,0.72,1,0,1,0.28,55.2,64.41,49.19,1.19,0.51,254,19,17,12,14.29,23.53,8.51,6,4,23,7,17,161.3,78.64,36.53,42.78,161.87,78.55,4,Al Fateh 0-1 Al Hilal,2026-03-14
Al Fateh,1.05,1.77,-0.72,0.91,1.45,-0.54,0.14,0.33,-0.19,1.05,1.77,-0.72,0,1,-1,-0.28,44.8,35.59,44.85,0.51,1.19,150,9,12,17,23.53,14.29,14.08,4,6,18,3,6,43.8,21.36,48.87,57.22,44.2,21.45,0,Al Fateh 0-1 Al Hilal,2026-03-14
Al Okhdood,0.47,3.89,-3.42,0.4,2.64,-2.24,0.07,0.49,-0.42,0.47,3.13,-2.66,0,2,-2,1.42,45.9,43.25,48.62,0.28,1.25,177,10,4,27,14.29,21.6,11.61,5,4,21,4,11,24.1,12.61,37.47,49.96,12.17,4.95,0,Al Shabab 2-0 Al Okhdood,2026-03-14
Al Shabab,3.89,0.47,3.42,2.64,0.4,2.24,0.49,0.07,0.42,3.13,0.47,2.66,2,0,2,-1.42,54.1,56.75,50.38,1.25,0.28,237,18,27,4,21.6,14.29,7.92,4,5,20,9,13,167.0,87.39,37.53,50.04,233.8,95.05,0,Al Shabab 2-0 Al Okhdood,2026-03-14
Al Ettifaq,0.89,1.48,-0.59,0.85,1.42,-0.57,0.04,0.07,-0.03,0.89,1.48,-0.59,0,1,-1,-0.41,64.2,73.74,49.25,0.86,0.67,286,15,12,9,13.95,13.43,8.06,4,2,27,7,11,156.4,87.82,9.07,7.6,92.47,56.56,0,Al Fayha 1-0 Al Ettifaq,2026-03-13
Al Fayha,1.48,0.89,0.59,1.42,0.85,0.57,0.07,0.04,0.03,1.48,0.89,0.59,1,0,1,0.41,35.8,26.26,40.03,0.67,0.86,94,8,9,12,13.43,13.95,16.78,2,4,10,1,12,21.7,12.18,110.33,92.4,71.03,43.44,1,Al Fayha 1-0 Al Ettifaq,2026-03-13
Al Ahli,1.25,0.99,0.26,0.91,0.91,0.0,0.33,0.08,0.25,1.25,0.99,0.26,2,3,-1,-1.26,35.9,37.61,41.34,0.63,0.6,100,6,12,10,19.05,16.67,10.83,5,2,6,4,20,48.3,27.41,88.4,90.83,101.1,66.41,2,Al-Qadsiah 3-2 Al Ahli,2026-03-13
Al-Qadsiah,0.99,1.25,-0.26,0.91,0.91,0.0,0.08,0.33,-0.25,0.99,1.25,-0.26,3,2,1,1.26,64.1,62.39,44.23,0.6,0.63,200,13,10,12,16.67,19.05,6.21,2,5,19,5,17,127.9,72.59,8.93,9.17,51.13,33.59,1,Al-Qadsiah 3-2 Al Ahli,2026-03-13
Al Ittihad,1.56,3.8,-2.24,1.29,2.49,-1.2,0.27,0.55,-0.28,1.56,3.04,-1.48,1,3,-2,0.24,70.9,76.55,51.43,1.11,0.26,397,18,14,12,12.61,46.15,10.7,7,1,28,10,6,230.8,81.07,14.4,8.96,121.43,65.72,0,Al Riyadh 3-1 Al Ittihad,2026-03-13
Al Riyadh,3.8,1.56,2.24,2.49,1.29,1.2,0.55,0.27,0.28,3.04,1.56,1.48,3,1,2,-0.24,29.1,23.45,43.47,0.26,1.11,110,5,12,14,46.15,12.61,38.07,1,7,13,4,3,53.9,18.93,146.4,91.04,63.33,34.28,1,Al Riyadh 3-1 Al Ittihad,2026-03-13
Damac,1.6,0.88,0.72,1.44,0.83,0.61,0.16,0.05,0.11,1.6,0.88,0.72,3,1,2,1.28,57.4,56.89,53.12,0.83,0.6,297,10,16,13,19.28,21.67,10.42,7,1,15,4,14,120.7,71.55,10.67,11.51,66.7,56.38,0,Al Najma 1-3 Damac,2026-03-12
Al Najma,0.88,1.6,-0.72,0.83,1.44,-0.61,0.05,0.16,-0.11,0.88,1.6,-0.72,1,3,-2,-1.28,42.6,43.11,47.76,0.6,0.83,160,20,13,16,21.67,19.28,20.94,1,7,30,8,6,48.0,28.45,82.07,88.49,51.6,43.62,3,Al Najma 1-3 Damac,2026-03-12
Al Taawoun,0.93,1.62,-0.69,0.85,1.61,-0.76,0.08,0.02,0.06,0.93,1.62,-0.69,2,2,0,0.69,55.8,59.44,48.71,0.54,0.65,263,18,14,17,25.93,26.15,14.74,2,2,20,2,8,130.3,64.57,25.8,26.82,103.1,47.73,7,NEOM 2-2 Al Taawoun,2026-03-12
NEOM,1.62,0.93,0.69,1.61,0.85,0.76,0.02,0.08,-0.06,1.62,0.93,0.69,2,2,0,-0.69,44.2,40.56,46.0,0.65,0.54,170,12,17,14,26.15,25.93,17.87,2,2,14,5,11,71.5,35.43,70.4,73.18,112.9,52.27,0,NEOM 2-2 Al Taawoun,2026-03-12
Al Kholood,0.7,2.37,-1.67,0.52,1.61,-1.09,0.18,0.0,0.18,0.7,1.61,-0.91,1,2,-1,0.67,55.0,52.71,47.1,0.52,0.52,205,14,7,11,13.46,21.15,11.04,3,6,25,5,6,75.6,50.81,24.47,31.67,64.87,38.8,0,Al Hazem 2-1 Al Kholood,2026-03-12
Al Hazem,2.37,0.7,1.67,1.61,0.52,1.09,0.0,0.18,-0.18,1.61,0.7,0.91,2,1,1,-0.67,45.0,47.29,46.57,0.52,0.52,155,11,11,7,21.15,13.46,10.03,6,3,15,6,12,73.2,49.19,52.8,68.33,102.3,61.2,0,Al Hazem 2-1 Al Kholood,2026-03-12
Al Fayha,2.91,0.24,2.67,2.32,0.24,2.08,0.59,0.0,0.59,2.91,0.24,2.67,5,0,5,2.33,47.1,35.4,39.82,0.9,0.45,137,18,18,8,20.0,17.78,19.86,1,6,16,5,8,63.2,43.89,53.47,50.57,140.23,83.0,2,Al Okhdood 0-5 Al Fayha,2026-03-07
Al Okhdood,0.24,2.91,-2.67,0.24,2.32,-2.08,0.0,0.59,-0.59,0.24,2.91,-2.67,0,5,-5,-2.33,52.9,64.6,50.02,0.45,0.9,270,12,8,18,17.78,20.0,24.88,6,1,17,3,4,80.8,56.11,52.27,49.43,28.73,17.0,0,Al Okhdood 0-5 Al Fayha,2026-03-07
NEOM,0.89,3.6,-2.71,0.89,3.54,-2.65,0.0,0.06,-0.06,0.89,3.6,-2.71,0,1,-1,1.71,43.1,25.76,37.72,0.28,1.48,96,6,6,25,21.43,16.89,11.59,2,10,8,1,12,4.2,1.46,40.27,48.09,3.6,1.24,3,Al Nassr 1-0 NEOM,2026-03-07
Al Nassr,3.6,0.89,2.71,3.54,0.89,2.65,0.06,0.0,0.06,3.6,0.89,2.71,1,0,1,-1.71,56.9,74.24,55.05,1.48,0.28,284,29,25,6,16.89,21.43,8.1,10,2,26,8,15,283.4,98.54,43.47,51.91,286.2,98.76,0,Al Nassr 1-0 NEOM,2026-03-07
Al Shabab,2.67,0.65,2.02,1.76,0.65,1.11,0.15,0.0,0.15,1.91,0.65,1.26,1,1,0,-2.02,59.7,70.72,54.23,1.08,0.34,307,21,18,6,16.67,17.65,12.58,5,1,22,6,10,207.6,95.76,28.73,32.45,200.77,85.73,0,Al Ettifaq 1-1 Al Shabab,2026-03-07
Al Ettifaq,0.65,2.67,-2.02,0.65,1.76,-1.11,0.0,0.15,-0.15,0.65,1.91,-1.26,1,1,0,2.02,40.3,29.28,41.54,0.34,1.08,124,3,6,18,17.65,16.67,13.58,1,5,9,1,13,9.2,4.24,59.8,67.55,33.43,14.27,0,Al Ettifaq 1-1 Al Shabab,2026-03-07
Al-Qadsiah,3.42,1.4,2.02,3.1,1.4,1.7,0.33,0.0,0.33,3.42,1.4,2.02,4,1,3,0.98,60.6,66.58,53.42,1.26,0.6,385,15,17,8,13.49,13.33,10.73,14,5,17,7,10,203.8,82.11,36.33,36.24,218.5,90.97,0,Al Kholood 1-4 Al-Qadsiah,2026-03-07
Al Kholood,1.4,3.42,-2.02,1.4,3.1,-1.7,0.0,0.33,-0.33,1.4,3.42,-2.02,1,4,-3,-0.98,39.4,33.42,42.39,0.6,1.26,165,8,8,17,13.33,13.49,21.26,5,14,15,4,7,44.4,17.89,63.93,63.76,21.7,9.03,0,Al Kholood 1-4 Al-Qadsiah,2026-03-07
Al Fateh,1.99,2.65,-0.66,1.99,1.75,0.24,0.0,0.14,-0.14,1.99,1.89,0.1,2,3,-1,-0.34,43.9,52.2,48.0,0.9,0.6,209,11,8,15,8.89,25.0,12.23,6,6,24,2,15,75.2,43.59,99.73,75.94,119.33,60.53,0,Al Taawoun 3-2 Al Fateh,2026-03-06
Al Taawoun,2.65,1.99,0.66,1.75,1.99,-0.24,0.14,0.0,0.14,1.89,1.99,-0.1,3,2,1,0.34,56.1,47.8,44.33,0.6,0.9,212,10,15,8,25.0,8.89,10.48,6,6,11,5,15,97.3,56.41,31.6,24.06,77.8,39.47,2,Al Taawoun 3-2 Al Fateh,2026-03-06
Al Ittihad,1.13,2.47,-1.34,0.37,2.45,-2.08,0.0,0.02,-0.02,0.37,2.47,-2.1,1,3,-2,-0.66,55.0,47.95,44.48,0.48,0.69,134,5,8,12,16.67,17.39,6.81,3,7,18,4,18,56.2,40.99,41.93,47.43,49.0,32.99,0,Al Ahli 3-1 Al Ittihad,2026-03-06
Al Ahli,2.47,1.13,1.34,2.45,0.37,2.08,0.02,0.0,0.02,2.47,0.37,2.1,3,1,2,0.66,45.0,52.05,47.43,0.69,0.48,130,16,12,8,17.39,16.67,6.97,7,3,13,2,15,80.9,59.01,46.47,52.57,99.53,67.01,2,Al Ahli 3-1 Al Ittihad,2026-03-06
Al Hazem,0.7,1.72,-1.02,0.65,0.93,-0.28,0.06,0.03,0.03,0.7,0.96,-0.26,1,2,-1,0.02,45.3,55.33,49.98,0.59,0.82,204,10,10,12,16.95,14.63,10.08,6,7,18,5,16,102.6,55.43,54.33,63.17,122.2,60.28,0,Al Khaleej 2-1 Al Hazem,2026-03-06
Al Khaleej,1.72,0.7,1.02,0.93,0.65,0.28,0.03,0.06,-0.03,0.96,0.7,0.26,2,1,1,-0.02,54.7,44.67,45.71,0.82,0.59,180,10,12,10,14.63,16.95,8.7,7,6,17,4,13,82.5,44.57,31.67,36.83,80.53,39.72,0,Al Khaleej 2-1 Al Hazem,2026-03-06
Al Najma,0.02,2.89,-2.87,0.02,2.54,-2.52,0.0,0.34,-0.34,0.02,2.89,-2.87,0,4,-4,-1.13,38.2,14.22,41.04,0.09,1.35,110,0,1,21,11.11,15.56,22.2,1,6,5,1,6,1.5,0.38,63.47,65.98,2.4,0.53,0,Al Hilal 4-0 Al Najma,2026-03-06
Al Hilal,2.89,0.02,2.87,2.54,0.02,2.52,0.34,0.0,0.34,2.89,0.02,2.87,4,0,4,1.13,61.8,85.78,62.69,1.35,0.09,487,21,21,1,15.56,11.11,9.74,6,1,23,9,12,394.0,99.62,32.73,34.02,452.33,99.47,1,Al Hilal 4-0 Al Najma,2026-03-06
Al Riyadh,0.76,1.04,-0.28,0.64,0.84,-0.2,0.11,0.19,-0.08,0.76,1.04,-0.28,0,3,-3,-2.72,51.8,61.69,50.09,0.51,0.34,234,12,15,14,29.41,41.18,15.62,6,3,31,9,5,135.5,63.35,42.47,45.5,86.58,45.34,2,Damac 3-0 Al Riyadh,2026-03-05
Damac,1.04,0.76,0.28,0.84,0.64,0.2,0.19,0.11,0.08,1.04,0.76,0.28,3,0,3,2.72,48.2,38.31,43.88,0.34,0.51,162,10,14,15,41.18,29.41,16.19,3,6,15,6,12,78.4,36.65,50.87,54.5,104.38,54.66,1,Damac 3-0 Al Riyadh,2026-03-05
Al Okhdood,2.06,1.81,0.25,1.26,1.78,-0.52,0.04,0.03,0.01,1.3,1.81,-0.51,3,1,2,1.75,37.0,43.25,49.87,0.53,1.13,136,4,5,16,9.43,14.16,10.79,3,1,13,2,18,51.3,27.29,76.6,78.16,84.97,52.57,0,Al Najma 1-3 Al Okhdood,2026-02-28
Al Najma,1.81,2.06,-0.25,1.78,1.26,0.52,0.03,0.04,-0.01,1.81,1.3,0.51,1,3,-2,-1.75,63.0,56.75,53.13,1.13,0.53,276,13,16,5,14.16,9.43,6.73,1,3,29,3,15,136.7,72.71,21.4,21.84,76.67,47.43,3,Al Najma 1-3 Al Okhdood,2026-02-28
Al Kholood,0.91,1.23,-0.32,0.65,0.82,-0.17,0.26,0.41,-0.15,0.91,1.23,-0.32,2,1,1,1.32,40.0,36.59,43.59,0.65,0.92,154,8,10,11,15.38,11.96,29.12,1,6,11,3,9,60.6,33.41,93.0,73.85,104.53,61.74,0,NEOM 1-2 Al Kholood,2026-02-28
NEOM,1.23,0.91,0.32,0.82,0.65,0.17,0.41,0.26,0.15,1.23,0.91,0.32,1,2,-1,-1.32,60.0,63.41,47.94,0.92,0.65,270,14,11,10,11.96,15.38,9.94,6,1,16,6,9,120.8,66.59,32.93,26.15,64.77,38.26,2,NEOM 1-2 Al Kholood,2026-02-28
Al Nassr,3.56,0.17,3.39,2.76,0.17,2.59,0.04,0.0,0.04,2.8,0.17,2.63,3,1,2,-1.39,66.5,81.42,55.22,1.3,0.13,306,27,20,5,15.38,38.46,6.7,9,5,24,5,13,304.0,98.03,13.0,16.46,260.83,97.59,0,Al Fayha 1-3 Al Nassr,2026-02-28
Al Fayha,0.17,3.56,-3.39,0.17,2.76,-2.59,0.0,0.04,-0.04,0.17,2.8,-2.63,1,3,-2,1.39,33.5,18.58,37.56,0.13,1.3,73,4,5,20,38.46,15.38,16.27,5,9,9,3,13,6.1,1.97,66.0,83.54,6.43,2.41,4,Al Fayha 1-3 Al Nassr,2026-02-28
Al Taawoun,0.11,2.34,-2.23,0.11,1.35,-1.24,0.0,0.23,-0.23,0.11,1.58,-1.47,1,1,0,2.23,35.9,23.16,42.27,0.13,1.25,112,3,2,15,15.38,12.0,12.64,1,8,5,0,15,9.6,3.44,79.67,77.05,4.7,2.61,4,Al-Qadsiah 1-1 Al Taawoun,2026-02-28
Al-Qadsiah,2.34,0.11,2.23,1.35,0.11,1.24,0.23,0.0,0.23,1.58,0.11,1.47,1,1,0,-2.23,64.1,76.84,59.82,1.25,0.13,375,19,15,2,12.0,15.38,5.98,8,1,52,14,18,269.6,96.56,23.73,22.95,175.27,97.39,0,Al-Qadsiah 1-1 Al Taawoun,2026-02-28
Al Ettifaq,1.72,1.87,-0.15,1.63,1.11,0.52,0.1,0.0,0.1,1.72,1.11,0.61,1,3,-2,-1.85,52.4,42.4,41.26,0.48,0.85,157,6,8,16,16.67,18.82,12.46,3,8,18,3,11,45.1,24.51,37.4,33.55,29.53,13.14,2,Al Hazem 3-1 Al Ettifaq,2026-02-27
Al Hazem,1.87,1.72,0.15,1.11,1.63,-0.52,0.0,0.1,-0.1,1.11,1.72,-0.61,3,1,2,1.85,47.6,57.6,49.89,0.85,0.48,211,13,16,8,18.82,16.67,9.38,8,3,15,3,12,138.9,75.49,74.07,66.45,195.17,86.86,0,Al Hazem 3-1 Al Ettifaq,2026-02-27
Al Khaleej,0.73,1.49,-0.76,0.43,0.77,-0.34,0.31,0.73,-0.42,0.73,1.49,-0.76,0,1,-1,-0.24,51.6,49.84,48.71,0.15,0.4,234,11,10,12,66.67,30.0,11.38,2,6,19,7,12,83.0,45.78,74.8,55.16,58.17,45.75,0,Al Ittihad 1-0 Al Khaleej,2026-02-27
Al Ittihad,1.49,0.73,0.76,0.77,0.43,0.34,0.73,0.31,0.42,1.49,0.73,0.76,1,0,1,0.24,48.4,50.16,49.81,0.4,0.15,219,9,12,10,30.0,66.67,11.38,6,2,19,6,12,98.3,54.22,60.8,44.84,68.97,54.25,0,Al Ittihad 1-0 Al Khaleej,2026-02-27
Al Hilal,2.33,1.36,0.97,2.33,1.36,0.97,0.0,0.0,0.0,2.33,1.36,0.97,5,3,2,1.03,51.6,44.72,49.5,0.57,0.91,223,13,15,12,26.32,13.19,14.24,5,9,13,4,8,106.2,49.63,25.8,32.55,108.97,43.99,2,Al Shabab 3-5 Al Hilal,2026-02-27
Al Shabab,1.36,2.33,-0.97,1.36,2.33,-0.97,0.0,0.0,0.0,1.36,2.33,-0.97,3,5,-2,-1.03,48.4,55.28,51.89,0.91,0.57,226,18,12,15,13.19,26.32,10.72,9,5,13,2,11,107.8,50.37,53.47,67.45,138.73,56.01,0,Al Shabab 3-5 Al Hilal,2026-02-27
Damac,0.52,2.32,-1.8,0.38,0.8,-0.42,0.13,0.0,0.13,0.52,0.8,-0.28,1,1,0,1.8,49.8,52.21,45.98,0.35,1.01,177,8,6,9,17.14,8.91,8.57,5,3,17,4,17,47.7,43.13,42.6,49.38,61.23,53.37,2,Al Fateh 1-1 Damac,2026-02-26
Al Fateh,2.32,0.52,1.8,0.8,0.38,0.42,0.0,0.13,-0.13,0.8,0.52,0.28,1,1,0,-1.8,50.2,47.79,48.83,1.01,0.35,184,13,9,6,8.91,17.14,6.8,3,5,23,3,20,62.9,56.87,43.67,50.62,53.5,46.63,0,Al Fateh 1-1 Damac,2026-02-26
Al Ahli,1.53,1.78,-0.25,1.46,1.78,-0.32,0.07,0.0,0.07,1.53,1.78,-0.25,1,0,1,1.25,53.2,66.79,54.5,1.11,0.39,228,20,16,13,14.41,33.33,8.05,6,3,22,6,15,130.3,80.48,53.73,49.63,131.83,77.2,1,Al Riyadh 0-1 Al Ahli,2026-02-26
Al Riyadh,1.78,1.53,0.25,1.78,1.46,0.32,0.0,0.07,-0.07,1.78,1.53,0.25,0,1,-1,-1.25,46.8,33.21,39.73,0.39,1.11,115,4,13,16,33.33,14.41,11.16,3,6,8,0,12,31.6,19.52,54.53,50.37,38.93,22.8,2,Al Riyadh 0-1 Al Ahli,2026-02-26
NEOM,1.9,0.65,1.25,1.9,0.63,1.27,0.0,0.02,-0.02,1.9,0.65,1.25,1,1,0,-1.25,56.5,53.01,46.61,0.74,0.28,224,14,14,9,18.92,32.14,12.6,1,8,13,3,13,123.4,66.27,42.73,37.57,108.6,63.74,5,Al Fayha 1-1 NEOM,2026-02-25
Al Fayha,0.65,1.9,-1.25,0.63,1.9,-1.27,0.02,0.0,0.02,0.65,1.9,-1.25,1,1,0,1.25,43.5,46.99,44.48,0.28,0.74,149,12,9,14,32.14,18.92,12.88,8,1,19,7,8,62.8,33.73,71.0,62.43,61.77,36.26,3,Al Fayha 1-1 NEOM,2026-02-25
Al Nassr,2.61,0.26,2.35,1.7,0.11,1.59,0.15,0.15,0.0,1.85,0.26,1.59,5,0,5,2.65,57.0,65.91,51.18,1.18,0.22,281,17,16,3,13.56,13.64,10.48,6,6,16,9,15,174.6,88.41,54.2,55.12,248.93,98.74,2,Al Najma 0-5 Al Nassr,2026-02-25
Al Najma,0.26,2.61,-2.35,0.11,1.7,-1.59,0.15,0.15,0.0,0.26,1.85,-1.59,0,5,-5,-2.65,43.0,34.09,40.93,0.22,1.18,137,6,3,16,13.64,13.56,23.62,6,6,6,2,8,22.9,11.59,44.13,44.88,3.17,1.26,2,Al Najma 0-5 Al Nassr,2026-02-25
Al Kholood,2.01,1.84,0.17,1.91,0.71,1.2,0.11,1.12,-1.01,2.01,1.84,0.17,3,2,1,0.83,42.3,38.55,49.36,0.59,0.8,195,10,13,16,22.03,20.0,22.94,3,5,18,4,10,55.1,27.9,53.87,52.13,50.13,25.89,0,Al Khaleej 2-3 Al Kholood,2026-02-24
Al Khaleej,1.84,2.01,-0.17,0.71,1.91,-1.2,1.12,0.11,1.01,1.84,2.01,-0.17,2,3,-1,-0.83,57.7,61.45,51.37,0.8,0.59,262,20,16,13,20.0,22.03,9.67,5,3,27,9,8,142.4,72.1,49.47,47.87,143.53,74.11,1,Al Khaleej 2-3 Al Kholood,2026-02-24
Al Ittihad,0.73,1.21,-0.48,0.69,1.15,-0.46,0.04,0.06,-0.02,0.73,1.21,-0.48,1,1,0,0.48,62.7,61.41,47.38,0.57,0.66,269,4,10,13,17.54,19.7,8.9,5,11,12,2,16,126.4,63.04,9.0,5.93,59.63,29.93,0,Al Hazem 1-1 Al Ittihad,2026-02-24
Al Hazem,1.21,0.73,0.48,1.15,0.69,0.46,0.06,0.04,0.02,1.21,0.73,0.48,1,1,0,-0.48,37.3,38.59,45.45,0.66,0.57,126,12,13,10,19.7,17.54,11.0,11,5,14,3,11,74.1,36.96,142.8,94.07,139.63,70.07,0,Al Hazem 1-1 Al Ittihad,2026-02-24
Al Hilal,1.9,1.26,0.64,0.72,0.5,0.22,0.42,0.0,0.42,1.14,0.5,0.64,1,1,0,-0.64,63.1,72.87,55.83,0.78,0.17,392,17,20,6,25.64,35.29,7.79,6,4,25,8,12,272.6,86.79,24.47,20.84,206.47,85.39,3,Al Taawoun 1-1 Al Hilal,2026-02-24
Al Taawoun,1.26,1.9,-0.64,0.5,0.72,-0.22,0.0,0.42,-0.42,0.5,1.14,-0.64,1,1,0,0.64,36.9,27.13,45.88,0.17,0.78,137,7,6,20,35.29,25.64,20.89,4,6,8,1,7,41.5,13.21,92.93,79.16,35.33,14.61,0,Al Taawoun 1-1 Al Hilal,2026-02-24
Al Okhdood,0.66,3.52,-2.86,0.2,2.61,-2.41,0.46,0.14,0.32,0.66,2.76,-2.1,1,2,-1,1.86,49.7,46.44,47.38,0.28,0.71,158,7,10,26,35.71,36.62,9.26,3,9,16,3,11,33.6,25.19,28.2,48.62,26.93,19.34,0,Al Fateh 2-1 Al Okhdood,2026-02-23
Al Fateh,3.52,0.66,2.86,2.61,0.2,2.41,0.14,0.46,-0.32,2.76,0.66,2.1,2,1,1,-1.86,50.3,53.56,47.54,0.71,0.28,168,16,26,10,36.62,35.71,6.24,9,3,14,7,18,99.8,74.81,29.8,51.38,112.33,80.66,3,Al Fateh 2-1 Al Okhdood,2026-02-23
Al Riyadh,2.81,3.66,-0.85,1.87,2.51,-0.64,0.94,0.39,0.55,2.81,2.9,-0.09,1,3,-2,-1.15,54.2,65.83,51.66,0.83,0.74,248,20,25,15,30.12,20.27,11.97,9,3,32,9,9,136.1,81.25,36.27,52.57,90.69,56.68,2,Al Shabab 3-1 Al Riyadh,2026-02-23
Al Shabab,3.66,2.81,0.85,2.51,1.87,0.64,0.39,0.94,-0.55,2.9,2.81,0.09,3,1,2,1.15,45.8,34.17,42.13,0.74,0.83,127,11,15,25,20.27,30.12,18.89,3,9,14,5,7,31.4,18.75,32.73,47.43,69.32,43.32,1,Al Shabab 3-1 Al Riyadh,2026-02-23
Al Ettifaq,0.22,4.94,-4.72,0.22,4.86,-4.64,0.0,0.08,-0.08,0.22,4.94,-4.72,0,4,-4,0.72,38.9,22.78,35.75,0.37,1.76,85,3,2,22,5.41,12.5,17.79,0,14,12,0,11,3.2,1.12,53.07,55.4,0.0,0.0,0,Al-Qadsiah 4-0 Al Ettifaq,2026-02-23
Al-Qadsiah,4.94,0.22,4.72,4.86,0.22,4.64,0.08,0.0,0.08,4.94,0.22,4.72,4,0,4,-0.72,61.1,77.22,53.9,1.76,0.37,365,30,22,2,12.5,5.41,6.82,14,0,19,3,17,283.7,98.88,42.73,44.6,494.34,100.0,1,Al-Qadsiah 4-0 Al Ettifaq,2026-02-23
Al Ahli,1.47,0.74,0.73,1.44,0.72,0.72,0.03,0.01,0.02,1.47,0.74,0.73,1,0,1,0.27,40.7,46.96,46.88,0.3,0.45,117,9,4,13,13.33,28.89,8.21,1,6,11,3,22,47.9,30.28,69.2,78.28,72.1,56.07,1,Damac 0-1 Al Ahli,2026-02-23
Damac,0.74,1.47,-0.73,0.72,1.44,-0.72,0.01,0.03,-0.02,0.74,1.47,-0.73,0,1,-1,-0.27,59.3,53.04,44.39,0.45,0.3,167,11,13,4,28.89,13.33,5.89,6,1,16,5,11,110.3,69.72,19.2,21.72,56.5,43.93,0,Damac 0-1 Al Ahli,2026-02-23
NEOM,1.84,0.24,1.6,0.8,0.22,0.58,0.27,0.01,0.26,1.08,0.24,0.84,1,0,1,-0.6,59.6,65.37,55.31,1.2,0.21,318,21,14,3,11.67,14.29,8.73,4,5,25,7,13,226.3,84.38,18.53,18.47,162.87,81.64,2,Al Khaleej 0-1 NEOM,2026-02-21
Al Khaleej,0.24,1.84,-1.6,0.22,0.8,-0.58,0.01,0.27,-0.26,0.24,1.08,-0.84,0,1,-1,0.6,40.4,34.63,47.46,0.21,1.2,158,4,3,14,14.29,11.67,12.62,5,4,17,4,11,41.9,15.62,81.8,81.53,36.63,18.36,1,Al Khaleej 0-1 NEOM,2026-02-21
Al Hazem,0.49,3.78,-3.29,0.44,3.78,-3.34,0.05,0.0,0.05,0.49,3.78,-3.29,0,4,-4,-0.71,43.8,26.41,44.53,0.46,1.38,138,5,6,16,13.04,11.59,11.44,4,7,12,5,7,31.7,12.14,46.8,64.4,16.33,4.54,2,Al Nassr 4-0 Al Hazem,2026-02-21
Al Nassr,3.78,0.49,3.29,3.78,0.44,3.34,0.0,0.05,-0.05,3.78,0.49,3.29,4,0,4,0.71,56.2,73.59,52.67,1.38,0.46,242,19,16,6,11.59,13.04,6.6,7,4,14,3,13,229.4,87.86,25.87,35.6,343.44,95.46,1,Al Nassr 4-0 Al Hazem,2026-02-21
Al Ittihad,0.68,2.53,-1.85,0.54,2.37,-1.83,0.14,0.15,-0.01,0.68,2.53,-1.85,1,1,0,1.85,38.0,17.87,37.37,0.39,1.43,121,4,7,21,17.95,14.69,22.94,0,10,7,3,7,5.7,1.6,44.0,51.64,5.63,1.38,0,Al Hilal 1-1 Al Ittihad,2026-02-21
Al Hilal,2.53,0.68,1.85,2.37,0.54,1.83,0.15,0.14,0.01,2.53,0.68,1.85,1,1,0,-1.85,62.0,82.13,58.81,1.43,0.39,470,29,21,7,14.69,17.95,9.82,10,0,23,4,11,351.3,98.4,41.2,48.36,400.93,98.62,1,Al Hilal 1-1 Al Ittihad,2026-02-21
Al Shabab,1.3,2.32,-1.02,1.19,2.25,-1.06,0.11,0.07,0.04,1.3,2.32,-1.02,3,1,2,3.02,50.9,43.87,42.41,1.04,1.12,141,11,9,18,8.65,16.07,15.1,1,7,14,7,13,44.2,28.78,34.6,37.77,49.2,31.58,0,Damac 1-3 Al Shabab,2026-02-20
Damac,2.32,1.3,1.02,2.25,1.19,1.06,0.07,0.11,-0.04,2.32,1.3,1.02,1,3,-2,-3.02,49.1,56.13,48.53,1.12,1.04,191,19,18,9,16.07,8.65,12.43,7,1,28,6,8,109.4,71.22,57.0,62.23,106.6,68.42,1,Damac 1-3 Al Shabab,2026-02-20
Al Fayha,0.84,2.5,-1.66,0.84,1.5,-0.66,0.0,1.0,-1.0,0.84,2.5,-1.66,3,2,1,2.66,36.0,25.17,39.71,0.28,0.77,93,7,6,14,21.43,18.18,20.36,5,6,9,3,13,21.0,10.0,81.47,85.69,43.83,30.59,1,Al Taawoun 2-3 Al Fayha,2026-02-20
Al Taawoun,2.5,0.84,1.66,1.5,0.84,0.66,1.0,0.0,1.0,2.5,0.84,1.66,2,3,-1,-2.66,64.0,74.83,50.71,0.77,0.28,311,18,14,6,18.18,21.43,8.62,6,5,26,6,10,189.1,90.0,13.6,14.31,99.47,69.41,6,Al Taawoun 2-3 Al Fayha,2026-02-20
Al-Qadsiah,4.47,1.2,3.27,4.05,1.19,2.86,0.42,0.01,0.41,4.47,1.2,3.27,4,2,2,-1.27,61.6,72.84,53.75,1.74,0.81,374,20,22,7,12.64,8.64,9.8,7,1,28,7,17,222.4,94.24,22.93,25.25,201.17,90.02,0,Al Okhdood 2-4 Al-Qadsiah,2026-02-20
Al Okhdood,1.2,4.47,-3.27,1.19,4.05,-2.86,0.01,0.42,-0.41,1.2,4.47,-3.27,2,4,-2,1.27,38.4,27.16,39.88,0.81,1.74,106,6,7,22,8.64,12.64,22.14,1,7,8,1,6,13.6,5.76,67.87,74.75,22.3,9.98,0,Al Okhdood 2-4 Al-Qadsiah,2026-02-20
Al Fateh,2.25,2.41,-0.16,2.04,2.04,0.0,0.2,0.37,-0.17,2.25,2.41,-0.16,3,4,-1,-0.84,48.4,55.94,51.06,0.73,0.26,201,15,15,14,20.55,53.85,6.22,8,4,28,7,18,106.8,65.76,34.87,58.05,123.23,70.86,0,Al Ettifaq 4-3 Al Fateh,2026-02-19
Al Ettifaq,2.41,2.25,0.16,2.04,2.04,0.0,0.37,0.2,0.17,2.41,2.25,0.16,4,3,1,0.84,51.6,44.06,43.8,0.26,0.73,153,5,14,15,53.85,20.55,6.44,4,8,9,4,17,55.6,34.24,25.2,41.95,50.67,29.14,0,Al Ettifaq 4-3 Al Fateh,2026-02-19
Al Riyadh,1.41,0.74,0.67,1.22,0.71,0.51,0.19,0.03,0.16,1.41,0.74,0.67,2,0,2,1.33,41.2,40.37,48.56,0.21,0.98,185,3,10,13,47.62,13.27,12.15,4,2,13,2,13,46.7,22.6,63.67,66.36,102.33,67.61,2,Al Kholood 0-2 Al Riyadh,2026-02-19
Al Kholood,0.74,1.41,-0.67,0.71,1.22,-0.51,0.03,0.19,-0.16,0.74,1.41,-0.67,0,2,-2,-1.33,58.8,59.63,49.3,0.98,0.21,278,16,13,10,13.27,47.62,9.12,2,4,25,8,16,159.9,77.4,32.27,33.64,49.03,32.39,0,Al Kholood 0-2 Al Riyadh,2026-02-19
Al Nassr,2.23,1.31,0.92,1.38,0.6,0.78,0.85,0.71,0.14,2.23,1.31,0.92,2,0,2,1.08,50.0,50.18,48.5,1.02,0.46,173,17,16,11,15.69,23.91,11.04,2,4,11,4,17,117.1,64.91,32.2,43.63,125.7,74.03,1,Al Fateh 0-2 Al Nassr,2026-02-14
Al Fateh,1.31,2.23,-0.92,0.6,1.38,-0.78,0.71,0.85,-0.14,1.31,2.23,-0.92,0,2,-2,-1.08,50.0,49.82,47.6,0.46,1.02,178,6,11,16,23.91,15.69,6.85,4,2,25,8,10,63.3,35.09,41.6,56.37,44.1,25.97,1,Al Fateh 0-2 Al Nassr,2026-02-14
Al Kholood,3.04,0.93,2.11,1.7,0.93,0.77,0.58,0.0,0.58,2.28,0.93,1.35,1,2,-1,-3.11,60.2,67.58,53.93,1.17,0.3,311,22,21,8,17.95,26.67,7.17,9,3,22,6,10,196.3,83.53,14.6,18.39,147.4,63.09,0,Al Najma 2-1 Al Kholood,2026-02-14
Al Najma,0.93,3.04,-2.11,0.93,1.7,-0.77,0.0,0.58,-0.58,0.93,2.28,-1.35,2,1,1,3.11,39.8,32.42,47.4,0.3,1.17,159,7,8,21,26.67,17.95,14.22,3,9,3,3,11,38.7,16.47,64.8,81.61,86.23,36.91,0,Al Najma 2-1 Al Kholood,2026-02-14
Al Khaleej,0.86,2.01,-1.15,0.66,1.95,-1.29,0.2,0.06,0.14,0.86,2.01,-1.15,1,1,0,1.15,56.5,51.4,46.29,0.96,0.89,205,14,9,11,9.38,12.36,10.81,6,3,20,2,10,84.7,51.52,17.13,15.52,35.17,22.84,1,Al Riyadh 1-1 Al Khaleej,2026-02-14
Al Riyadh,2.01,0.86,1.15,1.95,0.66,1.29,0.06,0.2,-0.14,2.01,0.86,1.15,1,1,0,-1.15,43.5,48.6,48.85,0.89,0.96,185,10,11,9,12.36,9.38,15.0,3,6,26,6,15,79.7,48.48,93.27,84.48,118.8,77.16,1,Al Riyadh 1-1 Al Khaleej,2026-02-14
Al Fayha,0.74,0.99,-0.25,0.64,0.49,0.15,0.1,0.5,-0.4,0.74,0.99,-0.25,1,2,-1,-0.75,37.5,30.69,41.04,0.7,0.47,130,7,11,15,15.71,31.91,12.78,5,1,8,1,11,33.8,16.05,83.53,77.11,41.3,22.35,2,Al Ittihad 2-1 Al Fayha,2026-02-13
Al Ittihad,0.99,0.74,0.25,0.49,0.64,-0.15,0.5,0.1,0.4,0.99,0.74,0.25,2,1,1,0.75,62.5,69.31,51.56,0.47,0.7,330,17,15,11,31.91,15.71,10.13,1,5,17,7,13,176.8,83.95,24.8,22.89,143.47,77.65,0,Al Ittihad 2-1 Al Fayha,2026-02-13
Al Ettifaq,0.98,3.15,-2.17,0.77,2.8,-2.03,0.2,0.35,-0.15,0.98,3.15,-2.17,0,2,-2,0.17,40.7,38.62,46.73,0.64,1.26,188,12,10,17,15.62,13.49,20.67,5,9,15,5,5,63.1,24.17,84.0,72.75,38.47,12.45,1,Al Hilal 2-0 Al Ettifaq,2026-02-13
Al Hilal,3.15,0.98,2.17,2.8,0.77,2.03,0.35,0.2,0.15,3.15,0.98,2.17,2,0,2,-0.17,59.3,61.38,52.75,1.26,0.64,361,23,17,10,13.49,15.62,12.04,9,5,20,7,11,198.0,75.83,31.47,27.25,270.47,87.55,1,Al Hilal 2-0 Al Ettifaq,2026-02-13
Al Ahli,4.23,2.19,2.04,3.33,1.43,1.9,0.15,0.0,0.15,3.47,1.43,2.04,5,2,3,0.96,43.3,42.67,44.82,1.56,0.29,108,17,15,6,9.62,20.69,10.59,6,3,15,5,16,78.6,54.7,80.4,76.33,166.67,93.08,3,Al Shabab 2-5 Al Ahli,2026-02-13
Al Shabab,2.19,4.23,-2.04,1.43,3.33,-1.9,0.0,0.15,-0.15,1.43,3.47,-2.04,2,5,-3,-0.96,56.7,57.33,47.61,0.29,1.56,164,9,6,15,20.69,9.62,9.44,3,6,13,4,11,65.1,45.3,24.93,23.67,12.4,6.92,1,Al Shabab 2-5 Al Ahli,2026-02-13
NEOM,0.6,1.14,-0.54,0.57,0.8,-0.23,0.03,0.34,-0.31,0.6,1.14,-0.54,0,1,-1,-0.46,37.4,34.04,44.41,0.49,0.84,138,8,9,10,18.37,11.9,14.4,3,10,7,2,12,45.6,21.43,89.73,80.36,64.37,35.19,1,Al-Qadsiah 1-0 NEOM,2026-02-12
Al-Qadsiah,1.14,0.6,0.54,0.8,0.57,0.23,0.34,0.03,0.31,1.14,0.6,0.54,1,0,1,0.46,62.6,65.96,52.66,0.84,0.49,314,25,10,9,11.9,18.37,7.23,10,3,30,10,17,167.2,78.57,21.93,19.64,118.57,64.81,2,Al-Qadsiah 1-0 NEOM,2026-02-12
Al Okhdood,0.83,2.17,-1.34,0.81,1.98,-1.17,0.03,0.19,-0.16,0.83,2.17,-1.34,1,2,-1,0.34,53.2,39.74,45.17,0.61,1.13,163,9,8,20,13.11,17.7,9.17,3,4,20,5,8,38.4,16.51,11.67,14.23,21.57,8.49,0,Al Hazem 2-1 Al Okhdood,2026-02-12
Al Hazem,2.17,0.83,1.34,1.98,0.81,1.17,0.19,0.03,0.16,2.17,0.83,1.34,2,1,1,-0.34,46.8,60.26,53.92,1.13,0.61,204,24,20,8,17.7,13.11,11.14,4,3,30,12,13,194.2,83.49,70.33,85.77,232.53,91.51,2,Al Hazem 2-1 Al Okhdood,2026-02-12
Al Taawoun,0.54,0.65,-0.11,0.51,0.63,-0.12,0.03,0.02,0.01,0.54,0.65,-0.11,1,2,-1,-0.89,55.6,47.76,41.58,0.74,0.64,146,6,5,10,6.76,15.62,8.09,5,5,13,3,16,35.4,30.76,10.67,11.68,17.23,12.28,2,Damac 2-1 Al Taawoun,2026-02-12
Damac,0.65,0.54,0.11,0.63,0.51,0.12,0.02,0.03,-0.01,0.65,0.54,0.11,2,1,1,0.89,44.4,52.24,48.51,0.64,0.74,174,11,10,5,15.62,6.76,8.88,5,5,15,4,20,79.7,69.24,80.67,88.32,123.13,87.72,1,Damac 2-1 Al Taawoun,2026-02-12
Al Fateh,0.71,2.03,-1.32,0.71,1.64,-0.93,0.0,0.39,-0.39,0.71,2.03,-1.32,1,1,0,1.32,31.9,29.27,45.63,0.54,0.91,116,7,5,20,9.26,21.98,11.56,7,5,13,1,14,10.6,4.34,95.13,89.8,29.1,15.02,0,Al-Qadsiah 1-1 Al Fateh,2026-02-07
Al-Qadsiah,2.03,0.71,1.32,1.64,0.71,0.93,0.39,0.0,0.39,2.03,0.71,1.32,1,1,0,-1.32,68.1,70.73,53.02,0.91,0.54,339,21,20,5,21.98,9.26,7.12,5,7,27,12,10,233.5,95.66,10.8,10.2,164.67,84.98,3,Al-Qadsiah 1-1 Al Fateh,2026-02-07
Al Khaleej,1.51,1.26,0.25,1.45,1.26,0.19,0.06,0.0,0.06,1.51,1.26,0.25,1,1,0,-0.25,38.6,23.35,40.78,0.53,1.2,110,5,9,20,16.98,16.67,13.3,6,8,19,9,22,18.8,7.34,62.47,65.85,33.37,15.2,0,Al Taawoun 1-1 Al Khaleej,2026-02-07
Al Taawoun,1.26,1.51,-0.25,1.26,1.45,-0.19,0.0,0.06,-0.06,1.26,1.51,-0.25,1,1,0,0.25,61.4,76.65,54.31,1.2,0.53,324,23,20,9,16.67,16.98,6.74,8,6,28,5,9,237.2,92.66,32.4,34.15,186.2,84.8,3,Al Taawoun 1-1 Al Khaleej,2026-02-07
Al Shabab,0.78,0.99,-0.21,0.74,0.99,-0.25,0.03,0.0,0.03,0.78,0.99,-0.21,0,1,-1,-0.79,56.7,58.25,49.55,0.68,0.57,256,15,8,6,11.76,10.53,8.71,10,9,18,3,12,112.2,62.75,46.87,38.63,115.87,53.63,2,Al Kholood 1-0 Al Shabab,2026-02-07
Al Kholood,0.99,0.78,0.21,0.99,0.74,0.25,0.0,0.03,-0.03,0.99,0.78,0.21,1,0,1,0.79,43.3,41.75,45.31,0.57,0.68,157,4,6,8,10.53,11.76,12.71,9,10,14,5,11,66.6,37.25,74.47,61.37,100.17,46.37,0,Al Kholood 1-0 Al Shabab,2026-02-07
Al Ittihad,0.17,2.32,-2.15,0.12,1.43,-1.31,0.06,0.12,-0.06,0.17,1.56,-1.39,0,2,-2,0.15,48.9,36.43,45.27,0.26,0.83,151,3,5,16,19.23,19.28,11.62,3,3,16,6,8,40.4,19.77,34.33,48.95,40.4,19.33,0,Al Nassr 2-0 Al Ittihad,2026-02-06
Al Nassr,2.32,0.17,2.15,1.43,0.12,1.31,0.12,0.06,0.06,1.56,0.17,1.39,2,0,2,-0.15,51.1,63.57,52.03,0.83,0.26,218,21,16,5,19.28,19.23,7.47,3,3,16,7,18,163.9,80.23,35.8,51.05,168.57,80.67,2,Al Nassr 2-0 Al Ittihad,2026-02-06
Damac,0.94,2.07,-1.13,0.89,1.98,-1.09,0.05,0.08,-0.03,0.94,2.07,-1.13,0,2,-2,-0.87,58.1,66.26,50.61,0.79,1.17,256,12,15,12,18.99,10.26,8.2,6,5,32,5,14,139.6,75.95,38.07,40.33,109.33,59.86,0,Al Ettifaq 2-0 Damac,2026-02-06
Al Ettifaq,2.07,0.94,1.13,1.98,0.89,1.09,0.08,0.05,0.03,2.07,0.94,1.13,2,0,2,0.87,41.9,33.74,42.37,1.17,0.79,128,16,12,15,10.26,18.99,14.04,5,6,16,2,13,44.2,24.05,56.33,59.67,73.3,40.14,1,Al Ettifaq 2-0 Damac,2026-02-06
Al Riyadh,1.83,0.5,1.33,1.79,0.5,1.29,0.03,0.0,0.03,1.83,0.5,1.33,0,1,-1,-2.33,37.3,38.49,42.86,0.5,0.52,126,9,13,7,26.0,13.46,22.36,1,5,20,2,12,52.9,36.46,79.53,86.32,77.77,52.58,0,NEOM 1-0 Al Riyadh,2026-02-06
NEOM,0.5,1.83,-1.33,0.5,1.79,-1.29,0.0,0.03,-0.03,0.5,1.83,-1.33,1,0,1,2.33,62.7,61.51,51.49,0.52,0.5,318,11,7,13,13.46,26.0,10.85,5,1,10,3,10,92.2,63.54,12.6,13.68,70.13,47.42,2,NEOM 1-0 Al Riyadh,2026-02-06
Al Hilal,6.9,1.07,5.83,6.9,0.98,5.92,0.0,0.09,-0.09,6.9,1.07,5.83,6,0,6,0.17,63.4,75.14,55.95,2.2,0.36,398,24,19,10,8.64,27.78,12.08,5,0,16,4,12,267.3,88.01,26.27,20.38,225.4,87.97,4,Al Okhdood 0-6 Al Hilal,2026-02-05
Al Okhdood,1.07,6.9,-5.83,0.98,6.9,-5.92,0.09,0.0,0.09,1.07,6.9,-5.83,0,6,-6,-0.17,36.6,24.86,43.37,0.36,2.2,143,4,10,19,27.78,8.64,34.0,0,5,14,5,4,36.4,11.99,102.6,79.62,30.83,12.03,0,Al Okhdood 0-6 Al Hilal,2026-02-05
Al Hazem,0.25,2.69,-2.44,0.25,1.43,-1.18,0.0,1.26,-1.26,0.25,2.69,-2.44,0,2,-2,0.44,47.1,34.38,43.77,0.23,0.91,149,4,7,18,30.43,19.78,9.22,3,6,6,2,7,28.3,14.86,39.53,48.53,22.97,12.11,1,Al Ahli 2-0 Al Hazem,2026-02-05
Al Ahli,2.69,0.25,2.44,1.43,0.25,1.18,1.26,0.0,1.26,2.69,0.25,2.44,2,0,2,-0.44,52.9,65.62,53.28,0.91,0.23,236,21,18,7,19.78,30.43,8.03,6,3,28,13,13,162.2,85.14,41.93,51.47,166.77,87.89,0,Al Ahli 2-0 Al Hazem,2026-02-05
Al Najma,0.65,2.29,-1.64,0.61,1.8,-1.19,0.03,0.49,-0.46,0.65,2.29,-1.64,0,3,-3,-1.36,51.6,60.08,47.52,0.08,0.9,212,6,7,13,87.5,14.44,7.73,3,1,24,4,14,81.8,57.65,43.87,51.69,50.6,31.74,0,Al Fayha 3-0 Al Najma,2026-02-05
Al Fayha,2.29,0.65,1.64,1.8,0.61,1.19,0.49,0.03,0.46,2.29,0.65,1.64,3,0,3,1.36,48.4,39.92,41.81,0.9,0.08,142,6,13,7,14.44,87.5,12.93,1,3,10,3,15,60.1,42.35,41.0,48.31,108.84,68.26,1,Al Fayha 3-0 Al Najma,2026-02-05
Al Taawoun,1.94,1.84,0.1,1.92,1.81,0.11,0.02,0.03,-0.01,1.94,1.84,0.1,0,1,-1,-1.1,54.9,59.3,52.1,0.62,0.79,260,13,17,11,27.42,13.92,12.58,2,7,23,5,8,150.6,70.84,36.87,36.62,123.37,64.81,0,Al Ettifaq 1-0 Al Taawoun,2026-02-03
Al Ettifaq,1.84,1.94,-0.1,1.81,1.92,-0.11,0.03,0.02,0.01,1.84,1.94,-0.1,1,0,1,1.1,45.1,40.7,47.0,0.79,0.62,162,12,11,17,13.92,27.42,12.56,7,2,13,2,15,62.0,29.16,63.8,63.38,67.0,35.19,1,Al Ettifaq 1-0 Al Taawoun,2026-02-03
Al-Qadsiah,1.97,1.56,0.41,1.56,1.17,0.39,0.41,0.4,0.01,1.97,1.56,0.41,1,0,1,0.59,60.0,66.42,48.14,1.31,0.44,282,19,18,10,13.74,22.73,10.74,4,7,21,9,13,166.6,80.1,27.47,30.91,140.63,77.02,0,Al Khaleej 0-1 Al-Qadsiah,2026-02-03
Al Khaleej,1.56,1.97,-0.41,1.17,1.56,-0.39,0.4,0.41,-0.01,1.56,1.97,-0.41,0,1,-1,-0.59,40.0,33.58,39.24,0.44,1.31,110,7,10,18,22.73,13.74,14.97,7,4,17,5,12,41.4,19.9,61.4,69.09,41.97,22.98,0,Al Khaleej 0-1 Al-Qadsiah,2026-02-03
Al Kholood,1.33,1.91,-0.58,1.03,1.46,-0.43,0.3,0.45,-0.15,1.33,1.91,-0.58,0,0,0,0.58,52.4,52.51,43.14,0.82,0.52,170,15,14,17,17.07,32.69,14.3,2,2,15,5,9,92.9,56.96,25.6,29.0,86.07,46.15,0,Damac 0-0 Al Kholood,2026-02-03
Damac,1.91,1.33,0.58,1.46,1.03,0.43,0.45,0.3,0.15,1.91,1.33,0.58,0,0,0,-0.58,47.6,47.49,44.3,0.52,0.82,164,9,17,14,32.69,17.07,12.9,2,2,18,5,10,70.2,43.04,62.67,71.0,100.43,53.85,0,Damac 0-0 Al Kholood,2026-02-03
NEOM,2.67,1.05,1.62,1.51,1.05,0.46,0.39,0.0,0.39,1.91,1.05,0.86,1,1,0,-1.62,67.9,69.59,57.86,0.94,0.1,358,18,19,7,20.21,70.0,6.68,5,2,31,7,12,212.4,91.28,4.2,5.61,155.33,75.79,2,Al Okhdood 1-1 NEOM,2026-02-02
Al Okhdood,1.05,2.67,-1.62,1.05,1.51,-0.46,0.0,0.39,-0.39,1.05,1.91,-0.86,1,1,0,1.62,32.1,30.41,49.78,0.1,0.94,132,4,7,19,70.0,20.21,17.1,2,5,8,1,10,20.3,8.72,70.6,94.39,49.63,24.21,0,Al Okhdood 1-1 NEOM,2026-02-02
Al Ahli,0.7,0.18,0.52,0.17,0.11,0.06,0.53,0.07,0.46,0.7,0.18,0.52,0,0,0,-0.52,45.4,45.38,46.51,0.4,0.47,142,12,8,6,20.0,12.77,12.81,4,1,14,4,12,61.2,47.04,61.4,67.52,93.97,57.38,3,Al Hilal 0-0 Al Ahli,2026-02-02
Al Hilal,0.18,0.7,-0.52,0.11,0.17,-0.06,0.07,0.53,-0.46,0.18,0.7,-0.52,0,0,0,0.52,54.6,54.62,43.92,0.47,0.4,158,9,6,8,12.77,20.0,9.45,1,4,17,3,10,68.9,52.96,29.53,32.48,69.8,42.62,1,Al Hilal 0-0 Al Ahli,2026-02-02
Al Nassr,1.52,0.62,0.9,1.01,0.42,0.59,0.51,0.2,0.31,1.52,0.62,0.9,1,0,1,0.1,63.4,67.14,55.09,1.02,0.24,302,23,13,5,12.75,20.83,8.46,6,6,19,7,13,227.0,83.15,24.07,28.47,199.73,83.97,0,Al Riyadh 0-1 Al Nassr,2026-02-02
Al Riyadh,0.62,1.52,-0.9,0.42,1.01,-0.59,0.2,0.51,-0.31,0.62,1.52,-0.9,0,1,-1,-0.1,36.6,32.86,42.68,0.24,1.02,121,5,5,13,20.83,12.75,13.56,6,6,15,7,10,46.0,16.85,60.47,71.53,38.13,16.03,3,Al Riyadh 0-1 Al Nassr,2026-02-02
Al Najma,0.86,1.74,-0.88,0.86,1.51,-0.65,0.0,0.23,-0.23,0.86,1.74,-0.88,0,1,-1,-0.12,45.3,31.72,43.83,0.47,1.05,158,8,9,14,19.15,13.33,19.76,2,4,12,2,5,50.6,23.31,58.33,64.77,40.63,17.61,0,Al Ittihad 1-0 Al Najma,2026-02-01
Al Ittihad,1.74,0.86,0.88,1.51,0.86,0.65,0.23,0.0,0.23,1.74,0.86,0.88,1,0,1,0.12,54.7,68.28,53.84,1.05,0.47,291,16,14,9,13.33,19.15,13.19,4,2,28,10,8,166.5,76.69,31.73,35.23,190.13,82.39,0,Al Ittihad 1-0 Al Najma,2026-02-01
Al Hazem,1.51,1.87,-0.36,0.69,1.65,-0.96,0.06,0.21,-0.15,0.75,1.87,-1.12,1,1,0,0.36,40.4,42.24,47.86,0.43,1.36,142,7,10,13,23.26,9.56,9.0,3,3,12,3,26,60.7,36.09,65.2,91.06,97.6,64.55,0,Al Fateh 1-1 Al Hazem,2026-02-01
Al Fateh,1.87,1.51,0.36,1.65,0.69,0.96,0.21,0.06,0.15,1.87,0.75,1.12,1,1,0,-0.36,59.6,57.76,50.12,1.36,0.43,227,11,13,10,9.56,23.26,5.87,3,3,36,8,14,107.5,63.91,6.4,8.94,53.6,35.45,2,Al Fateh 1-1 Al Hazem,2026-02-01
Al Fayha,0.83,1.94,-1.11,0.83,1.31,-0.48,0.0,0.64,-0.64,0.83,1.94,-1.11,0,1,-1,0.11,46.4,40.0,44.38,0.67,1.03,153,8,13,16,19.4,15.53,11.96,1,11,23,4,9,51.0,25.34,33.07,38.42,40.6,17.32,1,Al Shabab 1-0 Al Fayha,2026-02-01
Al Shabab,1.94,0.83,1.11,1.31,0.83,0.48,0.64,0.0,0.64,1.94,0.83,1.11,1,0,1,-0.11,53.6,60.0,52.62,1.03,0.67,244,25,16,13,15.53,19.4,10.57,11,1,19,12,9,150.3,74.66,53.0,61.58,193.83,82.68,0,Al Shabab 1-0 Al Fayha,2026-02-01
Damac,1.22,2.47,-1.25,1.2,1.3,-0.1,0.02,0.41,-0.39,1.22,1.71,-0.49,0,3,-3,-1.75,52.6,60.13,52.59,0.88,0.4,246,19,15,14,17.05,35.0,11.43,3,7,25,3,9,145.8,72.54,46.2,60.37,113.34,63.87,1,NEOM 3-0 Damac,2026-01-30
NEOM,2.47,1.22,1.25,1.3,1.2,0.1,0.41,0.02,0.39,1.71,1.22,0.49,3,0,3,1.75,47.4,39.87,47.35,0.4,0.88,205,10,14,15,35.0,17.05,8.27,7,3,19,8,19,55.2,27.46,30.33,39.63,64.11,36.13,3,NEOM 3-0 Damac,2026-01-30
Al Nassr,4.28,0.39,3.89,3.39,0.39,3.0,0.13,0.0,0.13,3.52,0.39,3.13,3,0,3,-0.89,65.3,72.4,54.25,0.96,0.11,337,33,20,5,20.83,45.45,8.86,8,1,21,7,8,288.1,87.94,11.73,13.02,246.1,81.73,0,Al Kholood 0-3 Al Nassr,2026-01-30
Al Kholood,0.39,4.28,-3.89,0.39,3.39,-3.0,0.0,0.13,-0.13,0.39,3.52,-3.13,0,3,-3,0.89,34.7,27.6,41.51,0.11,0.96,94,3,5,20,45.45,20.83,27.14,1,8,9,2,9,39.5,12.06,78.33,86.98,55.0,18.27,0,Al Kholood 0-3 Al Nassr,2026-01-30
Al Okhdood,2.91,3.15,-0.24,1.85,3.04,-1.19,0.3,0.11,0.19,2.15,3.15,-1.0,0,1,-1,-0.76,37.7,45.52,49.52,0.67,0.77,156,8,18,12,26.87,15.58,14.07,5,3,17,3,14,84.2,48.59,109.27,79.18,131.03,64.57,3,Al Taawoun 1-0 Al Okhdood,2026-01-30
Al Taawoun,3.15,2.91,0.24,3.04,1.85,1.19,0.11,0.3,-0.19,3.15,2.15,1.0,1,0,1,0.76,62.3,54.48,47.41,0.77,0.67,215,16,12,18,15.58,26.87,6.56,3,5,20,12,11,89.1,51.41,28.73,20.82,71.9,35.43,0,Al Taawoun 1-0 Al Okhdood,2026-01-30
Al Shabab,3.11,0.36,2.75,2.21,0.36,1.85,0.14,0.0,0.14,2.35,0.36,1.99,4,0,4,1.25,54.9,57.61,47.81,0.9,0.24,226,15,17,4,18.89,16.67,9.82,6,5,23,7,11,150.1,80.31,33.47,31.59,126.23,75.51,1,Al Hazem 0-4 Al Shabab,2026-01-29
Al Hazem,0.36,3.11,-2.75,0.36,2.21,-1.85,0.0,0.14,-0.14,0.36,2.35,-1.99,0,4,-4,-1.25,45.1,42.39,46.52,0.24,0.9,178,1,4,17,16.67,18.89,16.21,5,6,14,3,12,36.8,19.69,72.47,68.41,40.93,24.49,0,Al Hazem 0-4 Al Shabab,2026-01-29
Al Hilal,3.6,1.18,2.42,1.4,0.97,0.43,1.44,0.21,1.23,2.84,1.18,1.66,2,2,0,-2.42,56.0,57.75,48.26,0.89,0.54,219,11,19,7,21.35,12.96,8.03,4,2,27,7,10,123.2,77.44,25.13,28.6,103.07,64.85,3,Al-Qadsiah 2-2 Al Hilal,2026-01-29
Al-Qadsiah,1.18,3.6,-2.42,0.97,1.4,-0.43,0.21,1.44,-1.23,1.18,2.84,-1.66,2,2,0,2.42,44.0,42.25,46.07,0.54,0.89,157,8,7,19,12.96,21.35,10.81,2,4,10,4,17,35.9,22.56,62.73,71.4,55.87,35.15,1,Al-Qadsiah 2-2 Al Hilal,2026-01-29
Al Ittihad,3.26,1.2,2.06,2.42,0.44,1.98,0.08,0.0,0.08,2.5,0.44,2.06,2,2,0,-2.06,61.9,60.13,50.52,0.73,0.16,262,17,19,9,26.03,56.25,7.87,8,7,16,8,8,185.1,83.3,16.2,18.9,158.33,77.77,1,Al Fateh 2-2 Al Ittihad,2026-01-29
Al Fateh,1.2,3.26,-2.06,0.44,2.42,-1.98,0.0,0.08,-0.08,0.44,2.5,-2.06,2,2,0,2.06,38.1,39.87,46.92,0.16,0.73,130,3,9,19,56.25,26.03,10.24,7,8,22,6,11,37.1,16.7,69.53,81.1,45.27,22.23,1,Al Fateh 2-2 Al Ittihad,2026-01-29
Al Khaleej,1.5,0.87,0.63,0.6,0.87,-0.27,0.9,0.0,0.9,1.5,0.87,0.63,1,3,-2,-2.63,64.9,78.11,55.9,0.9,0.44,381,20,19,7,21.11,15.91,8.43,9,1,32,13,11,263.6,93.21,34.33,28.26,219.23,87.04,0,Al Fayha 3-1 Al Khaleej,2026-01-28
Al Fayha,0.87,1.5,-0.63,0.87,0.6,0.27,0.0,0.9,-0.9,0.87,1.5,-0.63,3,1,2,2.63,35.1,21.89,40.15,0.44,0.9,107,6,7,19,15.91,21.11,16.16,1,9,8,3,10,19.2,6.79,87.13,71.74,32.63,12.96,0,Al Fayha 3-1 Al Khaleej,2026-01-28
Al Ettifaq,0.37,4.37,-4.0,0.27,2.64,-2.37,0.1,0.22,-0.12,0.37,2.85,-2.48,0,4,-4,0.0,47.5,44.23,48.25,0.09,1.34,174,5,5,15,55.56,11.19,12.15,1,5,14,4,15,56.9,27.17,61.87,54.49,21.32,7.63,0,Al Ahli 4-0 Al Ettifaq,2026-01-28
Al Ahli,4.37,0.37,4.0,2.64,0.27,2.37,0.22,0.1,0.12,2.85,0.37,2.48,4,0,4,0.0,52.5,55.77,50.08,1.34,0.09,217,16,15,5,11.19,55.56,7.55,5,1,14,6,14,152.5,72.83,51.67,45.51,258.26,92.37,0,Al Ahli 4-0 Al Ettifaq,2026-01-28
Al Riyadh,0.64,2.32,-1.68,0.45,2.29,-1.84,0.2,0.02,0.18,0.64,2.32,-1.68,1,1,0,1.68,32.1,27.04,42.47,0.25,0.78,108,3,5,14,20.0,17.95,19.22,1,1,12,2,11,12.9,6.65,124.87,96.3,39.03,39.31,2,Al Najma 1-1 Al Riyadh,2026-01-28
Al Najma,2.32,0.64,1.68,2.29,0.45,1.84,0.02,0.2,-0.18,2.32,0.64,1.68,1,1,0,-1.68,67.9,72.96,50.87,0.78,0.25,308,15,14,5,17.95,20.0,9.73,1,1,41,11,9,181.2,93.35,4.8,3.7,60.27,60.69,0,Al Najma 1-1 Al Riyadh,2026-01-28
Al Taawoun,0.09,1.36,-1.27,0.09,1.19,-1.1,0.0,0.17,-0.17,0.09,1.36,-1.27,0,1,-1,0.27,42.0,29.97,41.49,0.18,1.19,124,4,3,21,16.67,17.65,10.76,2,3,8,0,15,19.8,7.63,54.0,62.79,24.0,11.51,0,Al Nassr 1-0 Al Taawoun,2026-01-26
Al Nassr,1.36,0.09,1.27,1.19,0.09,1.1,0.17,0.0,0.17,1.36,0.09,1.27,1,0,1,-0.27,58.0,70.03,55.16,1.19,0.18,324,23,21,3,17.65,16.67,6.55,3,2,24,8,24,239.7,92.37,32.0,37.21,184.5,88.49,1,Al Nassr 1-0 Al Taawoun,2026-01-26
Al Okhdood,0.66,1.59,-0.93,0.66,1.19,-0.53,0.0,0.4,-0.4,0.66,1.59,-0.93,1,2,-1,-0.07,28.4,14.93,39.52,0.59,0.79,71,6,6,18,10.17,22.78,19.91,0,6,9,0,10,4.0,1.28,119.53,93.68,8.77,2.76,0,Al Ittihad 2-1 Al Okhdood,2026-01-26
Al Ittihad,1.59,0.66,0.93,1.19,0.66,0.53,0.4,0.0,0.4,1.59,0.66,0.93,2,1,1,0.07,71.6,85.07,58.9,0.79,0.59,481,21,18,6,22.78,10.17,6.69,6,0,28,10,15,308.3,98.72,8.07,6.32,309.27,97.24,0,Al Ittihad 2-1 Al Okhdood,2026-01-26
Damac,0.89,1.97,-1.08,0.49,0.89,-0.4,0.39,0.33,0.06,0.89,1.21,-0.32,1,2,-1,0.08,42.4,27.97,38.27,0.37,1.01,112,6,10,9,27.03,8.91,12.4,6,5,14,3,14,33.6,19.07,58.13,78.63,47.2,38.83,0,Al Hazem 2-1 Damac,2026-01-26
Al Hazem,1.97,0.89,1.08,0.89,0.49,0.4,0.33,0.39,-0.06,1.21,0.89,0.32,2,1,1,-0.08,57.6,72.03,49.0,1.01,0.37,247,10,9,10,8.91,27.03,9.97,5,6,23,5,10,142.6,80.93,15.8,21.37,74.37,61.17,0,Al Hazem 2-1 Damac,2026-01-26
Al Fateh,0.82,1.33,-0.51,0.42,1.33,-0.91,0.4,0.0,0.4,0.82,1.33,-0.51,0,2,-2,-1.49,43.8,38.83,44.33,0.5,0.42,138,7,8,14,16.0,33.33,13.19,3,3,20,8,12,58.1,32.86,49.4,62.06,66.5,36.33,0,Al Fayha 2-0 Al Fateh,2026-01-25
Al Fayha,1.33,0.82,0.51,1.33,0.42,0.91,0.0,0.4,-0.4,1.33,0.82,0.51,2,0,2,1.49,56.2,61.17,48.47,0.42,0.5,217,8,14,8,33.33,16.0,11.68,3,3,25,4,8,118.7,67.14,30.2,37.94,116.53,63.67,1,Al Fayha 2-0 Al Fateh,2026-01-25
Al Hilal,2.25,0.67,1.58,2.2,0.18,2.02,0.06,0.49,-0.43,2.25,0.67,1.58,1,1,0,-1.58,64.9,69.43,53.23,0.85,0.16,373,17,13,4,15.29,25.0,9.93,3,3,24,6,8,202.4,86.46,21.2,14.67,115.2,76.66,0,Al Riyadh 1-1 Al Hilal,2026-01-25
Al Riyadh,0.67,2.25,-1.58,0.18,2.2,-2.02,0.49,0.06,0.43,0.67,2.25,-1.58,1,1,0,1.58,35.1,30.57,45.49,0.16,0.85,151,5,4,13,25.0,15.29,19.79,3,3,8,2,12,31.7,13.54,123.27,85.33,35.07,23.34,1,Al Riyadh 1-1 Al Hilal,2026-01-25
Al-Qadsiah,2.48,1.5,0.98,2.48,1.44,1.04,0.0,0.05,-0.05,2.48,1.5,0.98,3,1,2,1.02,64.0,67.65,54.44,1.2,0.35,429,18,16,10,13.33,28.57,8.12,10,1,15,3,14,207.7,84.95,18.27,14.21,124.13,61.95,0,Al Najma 1-3 Al-Qadsiah,2026-01-25
Al Najma,1.5,2.48,-0.98,1.44,2.48,-1.04,0.05,0.0,0.05,1.5,2.48,-0.98,1,3,-2,-1.02,36.0,32.35,43.15,0.35,1.2,141,10,10,16,28.57,13.33,25.7,1,10,16,4,10,36.8,15.05,110.27,85.79,76.23,38.05,0,Al Najma 1-3 Al-Qadsiah,2026-01-25
Al Ahli,2.01,1.01,1.0,0.87,0.54,0.33,0.38,0.47,-0.09,1.25,1.01,0.24,3,0,3,2.0,47.6,61.46,49.23,0.56,0.13,163,14,10,10,17.86,76.92,7.0,12,5,17,6,19,67.6,61.57,55.93,66.48,104.03,79.82,1,NEOM 0-3 Al Ahli,2026-01-24
NEOM,1.01,2.01,-1.0,0.54,0.87,-0.33,0.47,0.38,0.09,1.01,1.25,-0.24,0,3,-3,-2.0,52.4,38.54,43.21,0.13,0.56,127,4,10,10,76.92,17.86,7.33,5,12,14,1,11,42.2,38.43,28.2,33.52,26.3,20.18,2,NEOM 0-3 Al Ahli,2026-01-24
Al Ettifaq,1.77,0.57,1.2,1.68,0.57,1.11,0.09,0.0,0.09,1.77,0.57,1.2,2,1,1,-0.2,55.7,51.45,44.25,0.69,0.45,175,9,10,6,14.49,13.33,9.55,4,8,15,6,18,92.1,61.07,32.53,31.91,78.77,47.42,1,Al Kholood 1-2 Al Ettifaq,2026-01-24
Al Kholood,0.57,1.77,-1.2,0.57,1.68,-1.11,0.0,0.09,-0.09,0.57,1.77,-1.2,1,2,-1,0.2,44.3,48.55,44.62,0.45,0.69,147,12,6,10,13.33,14.49,9.78,8,4,14,5,12,58.7,38.93,69.4,68.09,87.33,52.58,0,Al Kholood 1-2 Al Ettifaq,2026-01-24
Al Shabab,1.37,0.66,0.71,1.04,0.56,0.48,0.34,0.1,0.24,1.37,0.66,0.71,0,0,0,-0.71,46.7,47.62,46.22,0.52,0.56,193,11,14,7,26.92,12.5,15.92,3,6,11,1,11,100.2,56.55,69.73,58.89,92.33,65.76,1,Al Khaleej 0-0 Al Shabab,2026-01-24
Al Khaleej,0.66,1.37,-0.71,0.56,1.04,-0.48,0.1,0.34,-0.24,0.66,1.37,-0.71,0,0,0,0.71,53.3,52.38,47.83,0.56,0.52,224,15,7,14,12.5,26.92,10.09,6,3,27,7,12,77.0,43.45,48.67,41.11,48.07,34.24,0,Al Khaleej 0-0 Al Shabab,2026-01-24
Al Ittihad,1.69,2.56,-0.87,0.84,2.52,-1.68,0.09,0.04,0.05,0.93,2.56,-1.63,1,2,-1,-0.13,43.8,38.12,45.07,0.51,0.84,181,7,9,10,17.65,11.9,12.82,2,15,13,3,9,65.7,30.54,49.4,57.09,57.5,30.02,0,Al-Qadsiah 2-1 Al Ittihad,2026-01-22
Al-Qadsiah,2.56,1.69,0.87,2.52,0.84,1.68,0.04,0.09,-0.05,2.56,0.93,1.63,2,1,1,0.13,56.2,61.88,50.36,0.84,0.51,320,14,10,9,11.9,17.65,8.71,15,2,16,5,14,149.4,69.46,37.13,42.91,134.03,69.98,0,Al-Qadsiah 2-1 Al Ittihad,2026-01-22
Al Fayha,0.97,2.53,-1.56,0.95,2.25,-1.3,0.02,0.28,-0.26,0.97,2.53,-1.56,1,4,-3,-1.44,34.5,22.54,41.75,0.55,0.86,143,6,9,20,16.36,23.26,53.7,2,10,6,1,5,30.7,10.37,105.2,81.42,65.67,28.96,3,Al Hilal 4-1 Al Fayha,2026-01-22
Al Hilal,2.53,0.97,1.56,2.25,0.95,1.3,0.28,0.02,0.26,2.53,0.97,1.56,4,1,3,1.44,65.5,77.46,52.51,0.86,0.55,428,24,20,9,23.26,16.36,12.7,10,2,23,7,5,265.4,89.63,24.0,18.58,161.07,71.04,2,Al Hilal 4-1 Al Fayha,2026-01-22
Al Hazem,1.67,1.51,0.16,1.59,0.88,0.71,0.08,0.63,-0.55,1.67,1.51,0.16,2,2,0,-0.16,44.6,41.79,47.45,0.96,0.69,194,8,11,5,11.46,7.25,15.81,4,4,11,1,9,78.1,47.62,97.53,92.89,119.0,78.69,0,Al Taawoun 2-2 Al Hazem,2026-01-22
Al Taawoun,1.51,1.67,-0.16,0.88,1.59,-0.71,0.63,0.08,0.55,1.51,1.67,-0.16,2,2,0,0.16,55.4,58.21,46.77,0.69,0.96,256,9,5,11,7.25,11.46,11.26,4,4,22,7,9,85.9,52.38,7.47,7.11,32.23,21.31,0,Al Taawoun 2-2 Al Hazem,2026-01-22
Al Nassr,2.17,0.91,1.26,2.17,0.87,1.3,0.0,0.04,-0.04,2.17,0.91,1.26,2,1,1,-0.26,60.5,69.59,54.48,0.72,0.52,339,14,14,8,19.44,15.38,12.28,3,2,20,6,11,226.8,81.67,34.27,40.13,225.4,90.32,0,Damac 1-2 Al Nassr,2026-01-21
Damac,0.91,2.17,-1.26,0.87,2.17,-1.3,0.04,0.0,0.04,0.91,2.17,-1.26,1,2,-1,0.26,39.5,30.41,44.8,0.52,0.72,144,8,8,14,15.38,19.44,22.06,2,3,12,3,6,50.9,18.33,51.13,59.87,24.17,9.68,1,Damac 1-2 Al Nassr,2026-01-21
NEOM,0.88,0.6,0.28,0.88,0.55,0.33,0.0,0.05,-0.05,0.88,0.6,0.28,0,0,0,-0.28,50.7,55.79,46.17,0.28,0.26,166,9,7,8,25.0,30.77,8.57,7,5,17,4,14,51.4,50.54,50.53,65.17,75.33,59.77,4,Al Ettifaq 0-0 NEOM,2026-01-21
Al Ettifaq,0.6,0.88,-0.28,0.55,0.88,-0.33,0.05,0.0,0.05,0.6,0.88,-0.28,0,0,0,0.28,49.3,44.21,43.32,0.26,0.28,155,9,8,7,30.77,25.0,8.34,5,7,13,4,16,50.3,49.46,27.0,34.83,50.7,40.23,1,Al Ettifaq 0-0 NEOM,2026-01-21
Al Riyadh,1.35,1.2,0.15,1.2,0.79,0.41,0.15,0.42,-0.27,1.35,1.2,0.15,2,2,0,-0.15,48.2,59.38,54.04,0.91,0.38,216,11,19,9,20.88,23.68,12.88,1,1,27,4,13,136.3,67.54,82.93,57.3,146.57,80.89,3,Al Okhdood 2-2 Al Riyadh,2026-01-21
Al Okhdood,1.2,1.35,-0.15,0.79,1.2,-0.41,0.42,0.15,0.27,1.2,1.35,-0.15,2,2,0,0.15,51.8,40.62,46.27,0.38,0.91,185,8,9,19,23.68,20.88,12.52,1,1,16,5,11,65.5,32.46,61.8,42.7,34.63,19.11,2,Al Okhdood 2-2 Al Riyadh,2026-01-21
Al Khaleej,0.46,3.02,-2.56,0.46,2.29,-1.83,0.0,0.73,-0.73,0.46,3.02,-2.56,1,4,-3,-0.44,51.7,48.33,43.33,0.19,0.98,126,2,5,16,26.32,16.33,7.53,2,4,8,0,17,43.9,29.52,39.4,56.72,49.23,31.08,0,Al Ahli 4-1 Al Khaleej,2026-01-20
Al Ahli,3.02,0.46,2.56,2.29,0.46,1.83,0.73,0.0,0.73,3.02,0.46,2.56,4,1,3,0.44,48.3,51.67,46.66,0.98,0.19,145,15,16,5,16.33,26.32,7.33,4,2,19,10,15,104.8,70.48,30.07,43.28,109.19,68.92,0,Al Ahli 4-1 Al Khaleej,2026-01-20
Al Kholood,3.28,1.65,1.63,3.28,0.66,2.62,0.0,0.23,-0.23,3.28,0.89,2.39,5,2,3,1.37,41.9,29.9,43.42,0.77,0.76,120,10,11,21,14.29,27.63,8.37,3,6,6,2,19,51.3,23.73,51.07,82.11,113.1,68.6,0,Al Fateh 2-5 Al Kholood,2026-01-20
Al Fateh,1.65,3.28,-1.63,0.66,3.28,-2.62,0.23,0.0,0.23,0.89,3.28,-2.39,2,5,-3,-1.37,58.1,70.1,54.37,0.76,0.77,258,12,21,11,27.63,14.29,6.7,6,3,21,7,11,164.9,76.27,11.13,17.89,51.77,31.4,0,Al Fateh 2-5 Al Kholood,2026-01-20
Al Najma,0.69,1.84,-1.15,0.68,1.78,-1.1,0.01,0.06,-0.05,0.69,1.84,-1.15,0,0,0,1.15,42.3,33.03,46.08,0.28,1.09,159,5,8,19,28.57,17.43,14.12,5,12,14,5,12,32.2,14.71,32.13,52.85,31.9,14.85,0,Al Shabab 0-0 Al Najma,2026-01-20
Al Shabab,1.84,0.69,1.15,1.78,0.68,1.1,0.06,0.01,0.05,1.84,0.69,1.15,0,0,0,-1.15,57.7,66.97,53.32,1.09,0.28,284,19,19,8,17.43,28.57,7.12,12,5,15,9,8,186.7,85.29,28.67,47.15,182.93,85.15,0,Al Shabab 0-0 Al Najma,2026-01-20
Al Taawoun,3.15,1.41,1.74,1.6,1.37,0.23,0.03,0.04,-0.01,1.63,1.41,0.22,3,1,2,0.26,40.2,25.0,43.5,0.28,1.5,130,7,12,22,42.86,14.67,15.15,1,3,5,2,13,29.8,9.77,51.13,46.82,30.83,22.15,0,Al Riyadh 1-3 Al Taawoun,2026-01-18
Al Riyadh,1.41,3.15,-1.74,1.37,1.6,-0.23,0.04,0.03,0.01,1.41,1.63,-0.22,1,3,-2,-0.26,59.8,75.0,59.14,1.5,0.28,387,19,22,12,14.67,42.86,9.38,3,1,55,8,16,275.1,90.23,58.07,53.18,108.37,77.85,1,Al Riyadh 1-3 Al Taawoun,2026-01-18
Al Hilal,3.1,0.89,2.21,2.15,0.79,1.36,0.18,0.1,0.08,2.34,0.89,1.45,2,1,1,-1.21,58.8,63.75,52.14,0.88,0.37,261,22,16,12,18.18,32.43,7.94,9,5,20,7,11,148.8,71.78,24.67,26.79,133.27,62.4,3,NEOM 1-2 Al Hilal,2026-01-18
NEOM,0.89,3.1,-2.21,0.79,2.15,-1.36,0.1,0.18,-0.08,0.89,2.34,-1.45,1,2,-1,1.21,41.2,36.25,46.68,0.37,0.88,156,9,12,16,32.43,18.18,15.32,5,9,17,5,9,58.5,28.22,67.4,73.21,80.3,37.6,1,NEOM 1-2 Al Hilal,2026-01-18
Al-Qadsiah,2.95,0.67,2.28,2.85,0.55,2.3,0.1,0.12,-0.02,2.95,0.67,2.28,5,1,4,1.72,64.6,67.01,50.46,1.36,0.37,368,14,16,13,11.76,35.14,11.0,4,6,19,3,6,209.1,80.39,9.53,7.64,130.4,69.62,0,Al Hazem 1-5 Al-Qadsiah,2026-01-18
Al Hazem,0.67,2.95,-2.28,0.55,2.85,-2.3,0.12,0.1,0.02,0.67,2.95,-2.28,1,5,-4,-1.72,35.4,32.99,45.44,0.37,1.36,162,11,13,16,35.14,11.76,17.47,6,4,10,2,12,51.0,19.61,115.13,92.36,56.9,30.38,0,Al Hazem 1-5 Al-Qadsiah,2026-01-18
Al Shabab,1.1,1.28,-0.18,1.1,0.78,0.32,0.0,0.5,-0.5,1.1,1.28,-0.18,2,3,-1,-0.82,40.7,34.39,41.68,0.49,0.83,116,7,8,15,16.33,18.07,16.09,5,7,13,5,12,53.9,22.6,77.93,76.06,63.77,29.22,2,Al Nassr 3-2 Al Shabab,2026-01-17
Al Nassr,1.28,1.1,0.18,0.78,1.1,-0.32,0.5,0.0,0.5,1.28,1.1,0.18,3,2,1,0.82,59.3,65.61,49.66,0.83,0.49,240,12,15,8,18.07,16.33,9.41,7,5,15,7,12,184.6,77.4,24.53,23.94,154.47,70.78,0,Al Nassr 3-2 Al Shabab,2026-01-17
Al Ahli,1.39,1.44,-0.05,1.11,1.42,-0.31,0.28,0.02,0.26,1.39,1.44,-0.05,1,0,1,1.05,54.9,65.78,51.5,0.88,0.32,242,26,14,14,15.91,43.75,7.12,10,7,28,8,18,154.8,77.71,26.53,42.11,149.63,78.38,1,Al Kholood 0-1 Al Ahli,2026-01-17
Al Kholood,1.44,1.39,0.05,1.42,1.11,0.31,0.02,0.28,-0.26,1.44,1.39,0.05,0,1,-1,-1.05,45.1,34.22,41.59,0.32,0.88,139,2,14,14,43.75,15.91,9.62,7,10,18,3,9,44.4,22.29,36.47,57.89,41.27,21.62,0,Al Kholood 0-1 Al Ahli,2026-01-17
Damac,0.96,1.94,-0.98,0.24,0.96,-0.72,0.72,0.22,0.5,0.96,1.18,-0.22,1,1,0,0.98,47.0,38.71,40.98,0.19,0.76,144,5,6,9,31.58,11.84,16.62,3,5,12,7,10,41.5,28.6,49.67,51.34,53.17,31.4,0,Al Fayha 1-1 Damac,2026-01-17
Al Fayha,1.94,0.96,0.98,0.96,0.24,0.72,0.22,0.72,-0.5,1.18,0.96,0.22,1,1,0,-0.98,53.0,61.29,46.2,0.76,0.19,205,10,9,6,11.84,31.58,10.46,5,3,25,5,11,103.6,71.4,47.07,48.66,116.17,68.6,1,Al Fayha 1-1 Damac,2026-01-17
Al Ettifaq,0.81,1.61,-0.8,0.81,1.52,-0.71,0.0,0.09,-0.09,0.81,1.61,-0.8,1,0,1,1.8,35.7,22.73,40.88,0.21,0.89,82,4,6,17,28.57,19.1,14.87,0,6,7,1,13,20.7,9.15,75.13,79.82,27.27,17.84,0,Al Ittihad 0-1 Al Ettifaq,2026-01-16
Al Ittihad,1.61,0.81,0.8,1.52,0.81,0.71,0.09,0.0,0.09,1.61,0.81,0.8,0,1,-1,-1.8,64.3,77.27,55.16,0.89,0.21,321,16,17,6,19.1,28.57,8.19,6,0,38,10,12,205.5,90.85,19.0,20.18,125.63,82.16,0,Al Ittihad 0-1 Al Ettifaq,2026-01-16
Al Okhdood,0.23,3.26,-3.03,0.19,2.25,-2.06,0.04,1.01,-0.97,0.23,3.26,-3.03,1,4,-3,0.03,38.7,33.22,43.5,0.24,0.74,134,3,7,15,29.17,20.27,21.5,1,10,12,2,11,34.1,16.64,88.53,76.76,34.33,14.04,1,Al Khaleej 4-1 Al Okhdood,2026-01-16
Al Khaleej,3.26,0.23,3.03,2.25,0.19,2.06,1.01,0.04,0.97,3.26,0.23,3.03,4,1,3,-0.03,61.3,66.78,50.24,0.74,0.24,309,15,15,7,20.27,29.17,7.78,10,1,19,4,16,170.8,83.36,26.8,23.24,210.2,85.96,0,Al Khaleej 4-1 Al Okhdood,2026-01-16
Al Fateh,1.16,2.22,-1.06,0.97,2.18,-1.21,0.19,0.04,0.15,1.16,2.22,-1.06,1,1,0,1.06,36.4,35.62,45.89,0.64,0.57,132,14,14,16,21.88,28.07,10.78,10,3,18,9,10,55.6,25.69,75.87,93.67,94.67,54.16,0,Al Najma 1-1 Al Fateh,2026-01-16
Al Najma,2.22,1.16,1.06,2.18,0.97,1.21,0.04,0.19,-0.15,2.22,1.16,1.06,1,1,0,-1.06,63.6,64.38,49.16,0.57,0.64,259,12,16,14,28.07,21.88,8.62,3,10,29,9,10,160.8,74.31,5.13,6.33,80.13,45.84,0,Al Najma 1-1 Al Fateh,2026-01-16
Al Taawoun,1.13,1.83,-0.7,0.37,0.98,-0.61,0.0,0.09,-0.09,0.37,1.07,-0.7,1,2,-1,-0.3,51.9,44.02,44.97,0.23,1.0,172,5,5,11,21.74,11.0,9.81,7,6,5,1,12,36.0,29.34,30.73,38.22,33.17,27.2,0,Al Ahli 2-1 Al Taawoun,2026-01-14
Al Ahli,1.83,1.13,0.7,0.98,0.37,0.61,0.09,0.0,0.09,1.07,0.37,0.7,2,1,1,0.3,48.1,55.98,50.45,1.0,0.23,217,15,11,5,11.0,21.74,8.54,6,7,18,7,18,86.7,70.66,49.67,61.78,88.8,72.8,0,Al Ahli 2-1 Al Taawoun,2026-01-14
NEOM,2.13,3.06,-0.93,1.98,2.19,-0.21,0.15,0.11,0.04,2.13,2.3,-0.17,2,3,-1,-0.07,58.1,44.09,46.75,0.77,0.69,216,8,11,19,14.29,27.54,7.44,10,16,17,4,11,81.1,37.02,31.87,28.54,59.1,25.39,1,Al Shabab 3-2 NEOM,2026-01-14
Al Shabab,3.06,2.13,0.93,2.19,1.98,0.21,0.11,0.15,-0.04,2.3,2.13,0.17,3,2,1,0.07,41.9,55.91,50.79,0.69,0.77,197,8,19,11,27.54,14.29,9.77,16,10,12,2,13,138.0,62.98,79.8,71.46,173.63,74.61,0,Al Shabab 3-2 NEOM,2026-01-14
Al Fayha,0.83,3.06,-2.23,0.83,0.97,-0.14,0.0,1.33,-1.33,0.83,2.3,-1.47,0,5,-5,-2.77,28.5,15.09,34.34,0.3,0.92,61,3,3,17,10.0,18.48,37.2,0,11,9,3,6,4.8,1.5,162.33,95.38,13.4,4.12,0,Al-Qadsiah 5-0 Al Fayha,2026-01-14
Al-Qadsiah,3.06,0.83,2.23,0.97,0.83,0.14,1.33,0.0,1.33,2.3,0.83,1.47,5,0,5,2.77,71.5,84.91,55.08,0.92,0.3,491,24,17,3,18.48,10.0,8.09,11,0,23,9,11,315.2,98.5,7.87,4.62,311.98,95.88,0,Al-Qadsiah 5-0 Al Fayha,2026-01-14
Al Ittihad,1.45,1.69,-0.24,1.33,1.69,-0.36,0.12,0.0,0.12,1.45,1.69,-0.24,1,1,0,0.24,67.1,70.0,54.17,1.18,0.35,378,16,17,8,14.41,22.86,10.2,6,3,48,12,12,207.5,90.65,6.07,4.97,112.23,75.65,1,Damac 1-1 Al Ittihad,2026-01-13
Damac,1.69,1.45,0.24,1.69,1.33,0.36,0.0,0.12,-0.12,1.69,1.45,0.24,1,1,0,-0.24,32.9,30.0,47.67,0.35,1.18,142,4,8,17,22.86,14.41,23.63,3,6,7,1,6,21.4,9.35,116.07,95.03,36.13,24.35,0,Damac 1-1 Al Ittihad,2026-01-13
Al Riyadh,1.5,3.61,-2.11,0.81,3.6,-2.79,0.69,0.01,0.68,1.5,3.61,-2.11,1,3,-2,0.11,53.3,63.89,49.5,0.72,0.45,194,13,18,11,25.0,24.44,6.9,4,5,33,9,21,107.6,79.53,44.33,57.38,76.22,71.99,0,Al Fateh 3-1 Al Riyadh,2026-01-13
Al Fateh,3.61,1.5,2.11,3.6,0.81,2.79,0.01,0.69,-0.68,3.61,1.5,2.11,3,1,2,-0.11,46.7,36.11,42.59,0.45,0.72,109,4,11,18,24.44,25.0,5.66,5,4,15,7,16,27.7,20.47,32.93,42.62,29.66,28.01,1,Al Fateh 3-1 Al Riyadh,2026-01-13
Al Kholood,1.23,1.1,0.13,1.16,1.06,0.1,0.07,0.03,0.04,1.23,1.1,0.13,0,1,-1,-1.13,58.4,64.88,51.29,0.84,0.72,339,10,12,10,14.29,13.89,14.4,6,4,21,5,5,143.7,79.7,33.6,29.17,115.3,60.78,0,Al Okhdood 1-0 Al Kholood,2026-01-13
Al Okhdood,1.1,1.23,-0.13,1.06,1.16,-0.1,0.03,0.07,-0.04,1.1,1.23,-0.13,1,0,1,1.13,41.6,35.12,43.98,0.72,0.84,166,9,10,12,13.89,14.29,26.41,4,6,15,2,7,36.6,20.3,81.6,70.83,74.4,39.22,1,Al Okhdood 1-0 Al Kholood,2026-01-13
Al Nassr,0.59,2.23,-1.64,0.59,0.35,0.24,0.0,0.37,-0.37,0.59,0.71,-0.12,1,3,-2,-0.36,48.0,52.41,48.48,0.38,0.65,194,6,9,8,23.68,12.31,24.71,2,1,18,4,11,105.7,54.54,62.4,52.79,88.57,57.95,0,Al Hilal 3-1 Al Nassr,2026-01-12
Al Hilal,2.23,0.59,1.64,0.35,0.59,-0.24,0.37,0.0,0.37,0.71,0.59,0.12,3,1,2,0.36,52.0,47.59,49.85,0.65,0.38,230,9,8,9,12.31,23.68,13.17,1,2,12,5,7,88.1,45.46,55.8,47.21,64.27,42.05,0,Al Hilal 3-1 Al Nassr,2026-01-12
Al Khaleej,2.97,1.8,1.17,2.0,1.69,0.31,0.21,0.11,0.1,2.21,1.8,0.41,2,1,1,-0.17,51.5,53.47,51.06,0.58,1.21,210,9,16,9,27.59,7.44,9.03,9,2,24,7,9,100.6,71.15,40.73,45.63,95.93,59.86,0,Al Ettifaq 1-2 Al Khaleej,2026-01-12
Al Ettifaq,1.8,2.97,-1.17,1.69,2.0,-0.31,0.11,0.21,-0.1,1.8,2.21,-0.41,1,2,-1,0.17,48.5,46.53,49.34,1.21,0.58,183,12,9,16,7.44,27.59,10.31,2,9,16,3,12,40.8,28.85,48.53,54.37,64.33,40.14,1,Al Ettifaq 1-2 Al Khaleej,2026-01-12
Al Najma,0.97,3.07,-2.1,0.97,1.96,-0.99,0.0,0.34,-0.34,0.97,2.31,-1.34,2,3,-1,1.1,39.5,33.05,44.49,0.32,1.96,119,3,6,25,18.75,12.76,9.85,2,4,6,3,15,22.9,9.35,73.0,79.63,50.67,31.3,0,Al Hazem 3-2 Al Najma,2026-01-12
Al Hazem,3.07,0.97,2.1,1.96,0.97,0.99,0.34,0.0,0.34,2.31,0.97,1.34,3,2,1,-1.1,60.5,66.95,54.4,1.96,0.32,303,19,25,6,12.76,18.75,8.7,4,2,34,8,16,222.1,90.65,18.67,20.37,111.23,68.7,0,Al Hazem 3-2 Al Najma,2026-01-12
Al Ahli,1.65,0.65,1.0,0.78,0.49,0.29,0.86,0.16,0.7,1.65,0.65,1.0,1,0,1,0.0,48.8,54.11,51.01,0.95,0.26,198,19,12,5,12.63,19.23,8.37,4,4,18,6,20,92.9,69.17,49.4,55.63,101.67,81.18,1,Al Okhdood 0-1 Al Ahli,2026-01-10
Al Okhdood,0.65,1.65,-1.0,0.49,0.78,-0.29,0.16,0.86,-0.7,0.65,1.65,-1.0,0,1,-1,0.0,51.2,45.89,47.89,0.26,0.95,188,6,5,12,19.23,12.63,10.07,4,4,14,3,10,41.4,30.83,39.4,44.37,23.57,18.82,2,Al Okhdood 0-1 Al Ahli,2026-01-10
Al Fayha,1.03,1.82,-0.79,0.32,0.77,-0.45,0.71,0.29,0.42,1.03,1.06,-0.03,1,1,0,0.79,40.7,21.48,37.86,0.45,0.82,76,6,8,17,17.78,20.73,11.62,2,4,6,3,11,38.8,16.57,48.93,60.86,52.1,27.4,0,Al Riyadh 1-1 Al Fayha,2026-01-10
Al Riyadh,1.82,1.03,0.79,0.77,0.32,0.45,0.29,0.71,-0.42,1.06,1.03,0.03,1,1,0,-0.79,59.3,78.52,53.43,0.82,0.45,278,23,17,8,20.73,17.78,9.18,4,2,50,13,16,195.3,83.43,31.47,39.14,138.03,72.6,1,Al Riyadh 1-1 Al Fayha,2026-01-10
Al Fateh,0.57,1.3,-0.73,0.52,0.6,-0.08,0.05,0.7,-0.65,0.57,1.3,-0.73,1,0,1,1.73,42.9,42.13,48.01,0.22,1.0,138,6,8,13,36.36,13.0,9.22,7,8,10,3,12,40.3,27.97,67.73,76.51,79.47,53.99,0,NEOM 0-1 Al Fateh,2026-01-10
NEOM,1.3,0.57,0.73,0.6,0.52,0.08,0.7,0.05,0.65,1.3,0.57,0.73,0,1,-1,-1.73,57.1,57.87,46.47,1.0,0.22,196,13,13,8,13.0,36.36,5.98,8,7,23,10,13,103.8,72.03,20.8,23.49,67.73,46.01,5,NEOM 0-1 Al Fateh,2026-01-10
Al Ittihad,4.68,0.21,4.47,3.26,0.21,3.05,0.66,0.0,0.66,3.92,0.21,3.71,4,0,4,-0.47,71.6,82.4,56.38,2.08,0.08,464,31,24,5,11.54,62.5,6.53,8,3,24,12,12,325.9,97.66,10.27,7.02,247.83,95.6,1,Al Kholood 0-4 Al Ittihad,2026-01-09
Al Kholood,0.21,4.68,-4.47,0.21,3.26,-3.05,0.0,0.66,-0.66,0.21,3.92,-3.71,0,4,-4,0.47,28.4,17.6,40.39,0.08,2.08,94,0,5,24,62.5,11.54,25.79,3,8,7,1,5,7.8,2.34,135.93,92.98,11.4,4.4,0,Al Kholood 0-4 Al Ittihad,2026-01-09
Al Shabab,0.66,2.85,-2.19,0.52,1.99,-1.47,0.14,0.1,0.04,0.66,2.09,-1.43,0,2,-2,0.19,29.7,23.48,43.02,0.3,1.13,97,4,10,19,33.33,16.81,15.62,8,5,8,3,8,9.5,3.84,158.87,98.1,16.97,6.35,1,Al Taawoun 2-0 Al Shabab,2026-01-09
Al Taawoun,2.85,0.66,2.19,1.99,0.52,1.47,0.1,0.14,-0.04,2.09,0.66,1.43,2,0,2,-0.19,70.3,76.52,52.5,1.13,0.3,369,14,19,10,16.81,33.33,9.25,5,8,22,7,11,238.0,96.16,3.07,1.9,250.27,93.65,0,Al Taawoun 2-0 Al Shabab,2026-01-09
Damac,0.14,5.7,-5.56,0.14,4.8,-4.66,0.0,0.89,-0.89,0.14,5.7,-5.56,0,4,-4,1.56,34.1,26.36,46.25,0.26,0.93,134,4,3,18,11.54,19.35,16.32,4,7,11,2,8,12.9,5.96,166.93,96.46,32.67,11.0,0,Al Khaleej 4-0 Damac,2026-01-09
Al Khaleej,5.7,0.14,5.56,4.8,0.14,4.66,0.89,0.0,0.89,5.7,0.14,5.56,4,0,4,-1.56,65.9,73.64,53.35,0.93,0.26,377,14,18,3,19.35,11.54,9.78,7,4,24,9,11,203.4,94.04,6.13,3.54,264.24,89.0,0,Al Khaleej 4-0 Damac,2026-01-09
Al Ettifaq,3.16,1.52,1.64,3.02,0.55,2.47,0.13,0.21,-0.08,3.16,0.76,2.4,4,3,1,-0.64,48.2,56.86,50.48,1.12,0.46,256,21,17,16,15.18,34.78,13.69,10,2,13,4,14,106.7,56.54,72.6,66.65,125.73,68.04,1,Al Najma 3-4 Al Ettifaq,2026-01-08
Al Najma,1.52,3.16,-1.64,0.55,3.02,-2.47,0.21,0.13,0.08,0.76,3.16,-2.4,3,4,-1,0.64,51.8,43.14,45.46,0.46,1.12,210,7,16,17,34.78,15.18,19.05,2,10,8,2,5,82.0,43.46,36.33,33.35,59.07,31.96,0,Al Najma 3-4 Al Ettifaq,2026-01-08
Al-Qadsiah,1.96,2.95,-0.99,1.89,2.16,-0.27,0.06,0.03,0.03,1.96,2.19,-0.23,2,1,1,1.99,44.8,38.78,46.74,0.47,1.43,194,9,7,16,14.89,11.19,12.84,4,2,11,1,17,60.0,27.68,41.33,50.2,58.77,33.2,0,Al Nassr 1-2 Al-Qadsiah,2026-01-08
Al Nassr,2.95,1.96,0.99,2.16,1.89,0.27,0.03,0.06,-0.03,2.19,1.96,0.23,1,2,-1,-1.99,55.2,61.22,49.4,1.43,0.47,255,16,16,7,11.19,14.89,10.5,2,4,24,4,9,156.8,72.32,41.0,49.8,118.23,66.8,1,Al Nassr 1-2 Al-Qadsiah,2026-01-08
Al Hazem,0.18,3.39,-3.21,0.14,3.37,-3.23,0.05,0.01,0.04,0.18,3.39,-3.21,0,3,-3,0.21,39.9,34.1,46.15,0.24,1.61,175,4,6,14,25.0,8.7,18.38,7,7,4,2,7,43.0,17.52,57.47,64.91,37.63,11.85,0,Al Hilal 3-0 Al Hazem,2026-01-08
Al Hilal,3.39,0.18,3.21,3.37,0.14,3.23,0.01,0.05,-0.04,3.39,0.18,3.21,3,0,3,-0.21,60.1,65.9,53.73,1.61,0.24,318,27,14,6,8.7,25.0,12.12,7,7,26,7,10,202.5,82.48,31.07,35.09,279.82,88.15,2,Al Hilal 3-0 Al Hazem,2026-01-08
Al Hilal,2.58,0.31,2.27,2.11,0.18,1.93,0.47,0.13,0.34,2.58,0.31,2.27,2,0,2,-0.27,61.0,71.34,52.78,0.92,0.16,338,15,16,8,17.39,50.0,14.61,3,3,26,9,8,170.9,88.69,28.33,21.13,122.5,88.9,1,Damac 0-2 Al Hilal,2026-01-04
Damac,0.31,2.58,-2.27,0.18,2.11,-1.93,0.13,0.47,-0.34,0.31,2.58,-2.27,0,2,-2,0.27,39.0,28.66,43.91,0.16,0.92,157,3,8,16,50.0,17.39,22.05,3,3,7,2,8,21.8,11.31,105.73,78.87,15.3,11.1,1,Damac 0-2 Al Hilal,2026-01-04
Al Riyadh,0.81,2.5,-1.69,0.81,1.56,-0.75,0.0,0.19,-0.19,0.81,1.74,-0.93,0,4,-4,-2.31,38.9,44.99,49.13,0.36,0.91,202,8,12,15,33.33,16.48,13.26,6,4,26,4,20,81.2,36.17,95.93,87.21,49.54,16.44,0,Al-Qadsiah 4-0 Al Riyadh,2026-01-04
Al-Qadsiah,2.5,0.81,1.69,1.56,0.81,0.75,0.19,0.0,0.19,1.74,0.81,0.93,4,0,4,2.31,61.1,55.01,47.55,0.91,0.36,281,19,15,12,16.48,33.33,9.0,4,6,16,9,12,143.3,63.83,14.07,12.79,251.87,83.56,2,Al-Qadsiah 4-0 Al Riyadh,2026-01-04
NEOM,2.72,1.78,0.94,2.52,0.92,1.6,0.2,0.09,0.11,2.72,1.02,1.7,2,1,1,0.06,46.8,44.94,45.48,0.7,0.88,150,9,10,12,14.29,13.64,9.54,3,6,14,3,11,48.2,34.18,38.13,53.36,57.33,42.67,1,Al Hazem 1-2 NEOM,2026-01-04
Al Hazem,1.78,2.72,-0.94,0.92,2.52,-1.6,0.09,0.2,-0.11,1.02,2.72,-1.7,1,2,-1,-0.06,53.2,55.06,45.52,0.88,0.7,175,17,12,10,13.64,14.29,8.32,6,3,12,2,14,92.8,65.82,33.33,46.64,77.03,57.33,0,Al Hazem 1-2 NEOM,2026-01-04
Al Taawoun,1.16,4.27,-3.11,1.16,4.03,-2.87,0.0,0.24,-0.24,1.16,4.27,-3.11,0,1,-1,2.11,36.7,25.5,41.91,0.29,1.39,118,8,7,19,24.14,13.67,17.68,1,9,9,1,5,24.2,8.27,86.33,75.6,32.0,11.72,0,Al Ittihad 1-0 Al Taawoun,2026-01-03
Al Ittihad,4.27,1.16,3.11,4.03,1.16,2.87,0.24,0.0,0.24,4.27,1.16,3.11,1,0,1,-2.11,63.3,74.5,53.63,1.39,0.29,362,22,19,7,13.67,24.14,10.6,9,1,21,7,17,268.4,91.73,27.87,24.4,241.13,88.28,0,Al Ittihad 1-0 Al Taawoun,2026-01-03
Al Kholood,1.71,1.74,-0.03,1.53,1.64,-0.11,0.18,0.1,0.08,1.71,1.74,-0.03,5,0,5,5.03,50.4,52.51,47.39,0.48,0.74,193,14,16,13,33.33,17.57,14.83,2,3,13,6,11,106.8,60.07,45.07,55.92,132.87,70.01,0,Al Fayha 0-5 Al Kholood,2026-01-03
Al Fayha,1.74,1.71,0.03,1.64,1.53,0.11,0.1,0.18,-0.08,1.74,1.71,0.03,0,5,-5,-5.03,49.6,47.49,48.28,0.74,0.48,194,8,13,16,17.57,33.33,12.67,3,2,18,4,10,71.0,39.93,35.53,44.08,56.93,29.99,3,Al Fayha 0-5 Al Kholood,2026-01-03
Al Shabab,0.72,2.78,-2.06,0.68,2.45,-1.77,0.04,0.32,-0.28,0.72,2.78,-2.06,0,2,-2,0.06,42.5,49.31,48.89,0.42,0.84,146,11,11,13,26.19,15.48,8.7,6,3,21,9,20,64.6,38.54,76.33,75.08,73.27,42.47,3,Al Fateh 2-0 Al Shabab,2026-01-03
Al Fateh,2.78,0.72,2.06,2.45,0.68,1.77,0.32,0.04,0.28,2.78,0.72,2.06,2,0,2,-0.06,57.5,50.69,46.96,0.84,0.42,174,13,13,11,15.48,26.19,4.93,3,6,13,6,19,103.0,61.46,25.33,24.92,99.27,57.53,0,Al Fateh 2-0 Al Shabab,2026-01-03
Al Nassr,1.49,4.62,-3.13,1.22,4.44,-3.22,0.27,0.18,0.09,1.49,4.62,-3.13,2,3,-1,2.13,69.4,71.25,53.93,1.02,1.14,289,16,20,17,19.61,14.91,5.59,5,5,23,4,15,204.2,84.35,3.13,3.53,143.9,65.64,1,Al Ahli 3-2 Al Nassr,2026-01-02
Al Ahli,4.62,1.49,3.13,4.44,1.22,3.22,0.18,0.27,-0.09,4.62,1.49,3.13,3,2,1,-2.13,30.6,28.75,44.6,1.14,1.02,85,14,17,20,14.91,19.61,8.62,5,5,10,3,20,37.9,15.65,85.53,96.47,75.33,34.36,2,Al Ahli 3-2 Al Nassr,2026-01-02
Al Okhdood,0.36,2.36,-2.0,0.13,1.16,-1.03,0.23,0.44,-0.21,0.36,1.6,-1.24,0,2,-2,0.0,36.4,29.13,41.74,0.13,0.73,96,3,7,15,53.85,20.55,28.07,2,8,10,3,11,12.8,8.0,78.53,80.68,20.4,12.84,1,Al Ettifaq 2-0 Al Okhdood,2026-01-02
Al Ettifaq,2.36,0.36,2.0,1.16,0.13,1.03,0.44,0.23,0.21,1.6,0.36,1.24,2,0,2,0.0,63.6,70.87,48.93,0.73,0.13,264,21,15,7,20.55,53.85,8.03,8,2,20,8,11,147.3,92.0,18.8,19.32,138.43,87.16,0,Al Ettifaq 2-0 Al Okhdood,2026-01-02
Al Khaleej,2.75,1.5,1.25,2.24,1.22,1.02,0.51,0.27,0.24,2.75,1.5,1.25,2,2,0,-1.25,48.7,49.3,48.62,0.82,0.46,199,16,16,13,19.51,28.26,10.46,2,1,15,5,16,88.4,49.8,52.73,61.65,100.9,55.51,1,Al Najma 2-2 Al Khaleej,2026-01-02
Al Najma,1.5,2.75,-1.25,1.22,2.24,-1.02,0.27,0.51,-0.24,1.5,2.75,-1.25,2,2,0,1.25,51.3,50.7,46.71,0.46,0.82,209,7,13,16,28.26,19.51,12.61,1,2,16,5,9,89.1,50.2,32.8,38.35,80.87,44.49,0,Al Najma 2-2 Al Khaleej,2026-01-02
Al Hilal,3.21,1.14,2.07,3.07,0.38,2.69,0.14,0.0,0.14,3.21,0.38,2.83,3,1,2,-0.07,63.9,74.39,54.5,1.27,0.22,349,23,24,11,18.9,50.0,10.18,5,5,23,10,10,269.1,97.71,21.07,20.54,248.17,89.53,0,Al Kholood 1-3 Al Hilal,2025-12-31
Al Kholood,1.14,3.21,-2.07,0.38,3.07,-2.69,0.0,0.14,-0.14,0.38,3.21,-2.83,1,3,-2,0.07,36.1,25.61,42.09,0.22,1.27,125,2,11,24,50.0,18.9,13.79,5,5,6,2,11,6.3,2.29,81.53,79.46,29.03,10.47,0,Al Kholood 1-3 Al Hilal,2025-12-31
Al-Qadsiah,2.66,2.22,0.44,1.76,1.44,0.32,0.14,0.02,0.12,1.9,1.46,0.44,3,2,1,0.56,61.1,57.93,50.05,0.88,0.71,301,13,11,14,12.5,19.72,6.81,7,9,15,6,15,169.3,70.48,4.13,4.54,158.8,68.63,0,Al Shabab 2-3 Al-Qadsiah,2025-12-31
Al Shabab,2.22,2.66,-0.44,1.44,1.76,-0.32,0.02,0.14,-0.12,1.46,1.9,-0.44,2,3,-1,-0.56,38.9,42.07,53.48,0.71,0.88,214,13,14,11,19.72,12.5,11.74,9,7,22,6,9,70.9,29.52,86.93,95.46,72.6,31.37,2,Al Shabab 2-3 Al-Qadsiah,2025-12-31
Al Ittihad,1.71,1.68,0.03,1.57,1.68,-0.11,0.14,0.0,0.14,1.71,1.68,0.03,3,1,2,1.97,54.0,48.43,46.34,0.86,0.52,189,9,11,14,12.79,26.92,11.04,4,1,18,4,12,94.7,60.47,12.53,17.6,80.63,50.36,0,NEOM 1-3 Al Ittihad,2025-12-31
NEOM,1.68,1.71,-0.03,1.68,1.57,0.11,0.0,0.14,-0.14,1.68,1.71,-0.03,1,3,-2,-1.97,46.0,51.57,48.24,0.52,0.86,171,14,14,11,26.92,12.79,13.37,1,4,19,5,11,61.9,39.53,58.67,82.4,79.47,49.64,7,NEOM 1-3 Al Ittihad,2025-12-31
Damac,0.87,0.7,0.17,0.87,0.64,0.23,0.0,0.06,-0.06,0.87,0.7,0.17,1,0,1,0.83,43.1,31.9,41.97,0.27,0.44,151,4,6,12,22.22,27.27,20.76,2,7,12,5,10,39.6,19.69,69.07,65.94,38.03,35.59,0,Al Okhdood 0-1 Damac,2025-12-30
Al Okhdood,0.7,0.87,-0.17,0.64,0.87,-0.23,0.06,0.0,0.06,0.7,0.87,-0.17,0,1,-1,-0.83,56.9,68.1,50.76,0.44,0.27,309,13,12,6,27.27,22.22,13.43,7,2,27,8,7,161.5,80.31,35.67,34.06,68.83,64.41,2,Al Okhdood 0-1 Damac,2025-12-30
Al Nassr,2.49,0.83,1.66,1.34,0.83,0.51,1.16,0.0,1.16,2.49,0.83,1.66,2,2,0,-1.66,66.9,80.81,59.97,1.04,0.36,420,34,26,6,25.0,16.67,10.0,9,2,45,16,6,380.5,94.7,21.47,26.35,350.9,93.17,0,Al Ettifaq 2-2 Al Nassr,2025-12-30
Al Ettifaq,0.83,2.49,-1.66,0.83,1.34,-0.51,0.0,1.16,-1.16,0.83,2.49,-1.66,2,2,0,1.66,33.1,19.19,39.38,0.36,1.04,90,5,6,26,16.67,25.0,20.56,2,9,6,1,7,21.3,5.3,60.0,73.65,25.73,6.83,0,Al Ettifaq 2-2 Al Nassr,2025-12-30
Al Fayha,0.65,2.38,-1.73,0.65,2.34,-1.69,0.0,0.04,-0.04,0.65,2.38,-1.73,0,2,-2,-0.27,63.5,60.39,46.97,0.42,0.75,246,4,8,9,19.05,12.0,10.12,5,11,16,3,8,84.8,56.16,3.0,2.15,32.9,15.3,0,Al Ahli 2-0 Al Fayha,2025-12-30
Al Ahli,2.38,0.65,1.73,2.34,0.65,1.69,0.04,0.0,0.04,2.38,0.65,1.73,2,0,2,0.27,36.5,39.61,45.61,0.75,0.42,123,9,9,8,12.0,19.05,13.12,11,5,11,4,11,66.2,43.84,136.27,97.85,182.17,84.7,1,Al Ahli 2-0 Al Fayha,2025-12-30
Al Najma,0.54,2.04,-1.5,0.49,1.91,-1.42,0.05,0.13,-0.08,0.54,2.04,-1.5,0,1,-1,0.5,40.0,32.83,46.83,0.42,0.7,158,2,5,15,11.9,21.43,23.06,1,4,4,1,11,40.0,18.67,72.13,71.27,43.47,23.98,1,Al Taawoun 1-0 Al Najma,2025-12-29
Al Taawoun,2.04,0.54,1.5,1.91,0.49,1.42,0.13,0.05,0.08,2.04,0.54,1.5,1,0,1,-0.5,60.0,67.17,54.04,0.7,0.42,315,17,15,5,21.43,11.9,8.76,4,1,44,10,13,174.2,81.33,29.07,28.73,137.8,76.02,0,Al Taawoun 1-0 Al Najma,2025-12-29
Al Hazem,1.59,1.87,-0.28,1.23,0.93,0.3,0.36,0.95,-0.59,1.59,1.87,-0.28,2,1,1,1.28,48.5,41.49,45.55,0.52,0.97,162,8,11,19,21.15,19.59,11.56,1,5,16,5,12,52.4,27.8,30.2,33.91,48.77,28.64,0,Al Riyadh 1-2 Al Hazem,2025-12-29
Al Riyadh,1.87,1.59,0.28,0.93,1.23,-0.3,0.95,0.36,0.59,1.87,1.59,0.28,1,2,-1,-1.28,51.5,58.51,51.28,0.97,0.52,240,16,19,11,19.59,21.15,8.86,5,1,39,8,8,136.1,72.2,58.87,66.09,121.53,71.36,2,Al Riyadh 1-2 Al Hazem,2025-12-29
Al Fateh,1.42,1.31,0.11,1.42,1.29,0.13,0.0,0.03,-0.03,1.42,1.31,0.11,1,0,1,0.89,33.2,40.56,51.19,0.44,0.68,120,8,12,9,27.27,13.24,11.2,4,3,16,5,15,60.9,38.89,94.4,94.33,131.23,74.38,0,Al Khaleej 0-1 Al Fateh,2025-12-29
Al Khaleej,1.31,1.42,-0.11,1.29,1.42,-0.13,0.03,0.0,0.03,1.31,1.42,-0.11,0,1,-1,-0.89,66.8,59.44,49.99,0.68,0.44,267,16,9,12,13.24,27.27,8.41,3,4,29,5,7,95.7,61.11,5.67,5.67,45.2,25.62,0,Al Khaleej 0-1 Al Fateh,2025-12-29
Al Shabab,0.79,3.46,-2.67,0.74,3.01,-2.27,0.05,0.45,-0.4,0.79,3.46,-2.67,0,2,-2,0.67,31.8,20.87,44.01,0.34,1.61,117,7,6,16,17.65,9.94,18.08,8,5,5,1,8,18.2,6.14,147.07,90.3,26.27,9.69,1,Al Ittihad 2-0 Al Shabab,2025-12-27
Al Ittihad,3.46,0.79,2.67,3.01,0.74,2.27,0.45,0.05,0.4,3.46,0.79,2.67,2,0,2,-0.67,68.2,79.13,54.16,1.61,0.34,400,25,16,6,9.94,17.65,10.31,5,8,36,12,12,278.3,93.86,15.8,9.7,244.7,90.31,1,Al Ittihad 2-0 Al Shabab,2025-12-27
Al Okhdood,0.56,4.08,-3.52,0.27,3.1,-2.83,0.29,0.98,-0.69,0.56,4.08,-3.52,0,3,-3,0.52,35.6,19.34,37.63,0.15,1.48,90,1,4,15,26.67,10.14,19.17,3,7,8,5,9,10.1,3.46,81.2,76.08,3.67,1.08,0,Al Nassr 3-0 Al Okhdood,2025-12-27
Al Nassr,4.08,0.56,3.52,3.1,0.27,2.83,0.98,0.29,0.69,4.08,0.56,3.52,3,0,3,-0.52,64.4,80.66,57.76,1.48,0.15,362,17,15,4,10.14,26.67,7.69,7,3,26,8,13,281.4,96.54,25.53,23.92,336.82,98.92,0,Al Nassr 3-0 Al Okhdood,2025-12-27
Damac,0.34,2.08,-1.74,0.34,1.67,-1.33,0.0,0.4,-0.4,0.34,2.08,-1.74,1,1,0,1.74,30.4,13.29,39.91,0.04,2.26,91,0,6,17,150.0,7.52,25.69,1,9,2,0,7,5.5,1.5,102.47,95.35,11.57,5.13,2,Al-Qadsiah 1-1 Damac,2025-12-27
Al-Qadsiah,2.08,0.34,1.74,1.67,0.34,1.33,0.4,0.0,0.4,2.08,0.34,1.74,1,1,0,-1.74,69.6,86.71,58.59,2.26,0.04,453,36,17,6,7.52,150.0,6.65,9,1,63,18,14,362.0,98.5,5.0,4.65,214.1,94.87,2,Al-Qadsiah 1-1 Damac,2025-12-27
Al Khaleej,1.41,3.55,-2.14,1.29,3.51,-2.22,0.12,0.04,0.08,1.41,3.55,-2.14,2,3,-1,1.14,50.4,41.77,42.08,1.01,1.12,171,13,12,18,11.88,16.07,8.91,4,14,19,3,12,46.3,25.81,22.93,31.44,19.64,6.83,0,Al Hilal 3-2 Al Khaleej,2025-12-26
Al Hilal,3.55,1.41,2.14,3.51,1.29,2.22,0.04,0.12,-0.08,3.55,1.41,2.14,3,2,1,-1.14,49.6,58.23,51.87,1.12,1.01,227,33,18,12,16.07,11.88,8.93,14,4,21,7,12,133.1,74.19,50.0,68.56,267.76,93.17,1,Al Hilal 3-2 Al Khaleej,2025-12-26
Al Taawoun,2.35,1.31,1.04,2.35,0.6,1.75,0.0,0.71,-0.71,2.35,1.31,1.04,2,0,2,0.96,44.8,39.23,44.11,0.63,1.17,175,8,9,12,14.29,10.26,16.33,5,9,9,0,10,53.5,29.67,48.33,45.91,60.9,35.37,0,Al Kholood 0-2 Al Taawoun,2025-12-26
Al Kholood,1.31,2.35,-1.04,0.6,2.35,-1.75,0.71,0.0,0.71,1.31,2.35,-1.04,0,2,-2,-0.96,55.2,60.77,49.61,1.17,0.63,283,19,12,9,10.26,14.29,14.07,9,5,30,12,9,126.8,70.33,56.93,54.09,111.3,64.63,1,Al Kholood 0-2 Al Taawoun,2025-12-26
Al Ahli,1.5,0.52,0.98,1.12,0.3,0.82,0.39,0.22,0.17,1.5,0.52,0.98,1,2,-1,-1.98,57.1,69.03,53.52,1.1,0.21,232,26,17,6,15.45,28.57,6.39,4,2,35,9,13,195.0,90.7,26.73,44.36,185.37,93.6,4,Al Fateh 2-1 Al Ahli,2025-12-26
Al Fateh,0.52,1.5,-0.98,0.3,1.12,-0.82,0.22,0.39,-0.17,0.52,1.5,-0.98,2,1,1,1.98,42.9,30.97,43.35,0.21,1.1,109,4,6,17,28.57,15.45,8.41,2,4,6,1,12,20.0,9.3,33.53,55.64,12.67,6.4,0,Al Fateh 2-1 Al Ahli,2025-12-26
Al Najma,1.56,2.02,-0.46,0.61,0.58,0.03,0.19,1.44,-1.25,0.8,2.02,-1.22,1,2,-1,-0.54,45.5,42.9,46.48,0.29,0.4,185,6,10,12,34.48,30.0,15.81,2,7,11,3,9,55.8,38.32,85.4,75.44,88.6,52.1,0,NEOM 2-1 Al Najma,2025-12-25
NEOM,2.02,1.56,0.46,0.58,0.61,-0.03,1.44,0.19,1.25,2.02,0.8,1.22,2,1,1,0.54,54.5,57.1,50.25,0.4,0.29,276,10,12,10,30.0,34.48,13.46,7,2,17,5,12,89.8,61.68,27.8,24.56,81.47,47.9,3,NEOM 2-1 Al Najma,2025-12-25
Al Ettifaq,2.36,1.27,1.09,2.35,1.23,1.12,0.01,0.04,-0.03,2.36,1.27,1.09,2,0,2,0.91,66.3,71.56,51.23,1.32,0.44,325,16,15,8,11.36,18.18,10.92,3,2,25,2,6,184.4,84.16,7.07,6.64,111.53,67.68,0,Al Riyadh 0-2 Al Ettifaq,2025-12-25
Al Riyadh,1.27,2.36,-1.09,1.23,2.35,-1.12,0.04,0.01,0.03,1.27,2.36,-1.09,0,2,-2,-0.91,33.7,28.44,42.48,0.44,1.32,113,10,8,15,18.18,11.36,18.04,2,3,16,2,15,34.7,15.84,99.4,93.36,53.27,32.32,0,Al Riyadh 0-2 Al Ettifaq,2025-12-25
Al Hazem,0.27,0.79,-0.52,0.24,0.78,-0.54,0.03,0.01,0.02,0.27,0.79,-0.52,0,0,0,0.52,44.7,50.78,48.0,0.45,0.54,169,5,9,9,20.0,16.67,16.38,4,3,13,4,7,70.3,45.15,60.73,79.56,91.47,59.82,0,Al Fayha 0-0 Al Hazem,2025-12-25
Al Fayha,0.79,0.27,0.52,0.78,0.24,0.54,0.01,0.03,-0.02,0.79,0.27,0.52,0,0,0,-0.52,55.3,49.22,44.52,0.54,0.45,190,7,9,9,16.67,20.0,11.11,3,4,27,4,13,85.4,54.85,15.6,20.44,61.43,40.18,3,Al Fayha 0-0 Al Hazem,2025-12-25
NEOM,1.83,1.12,0.71,1.04,0.58,0.46,0.03,0.54,-0.51,1.07,1.12,-0.05,1,1,0,-0.71,51.8,51.93,50.09,0.76,0.26,230,11,15,8,19.74,30.77,8.86,3,1,20,1,16,81.4,53.03,44.87,49.63,73.63,55.27,3,Al Taawoun 1-1 NEOM,2025-11-23
Al Taawoun,1.12,1.83,-0.71,0.58,1.04,-0.46,0.54,0.03,0.51,1.12,1.07,0.05,1,1,0,0.71,48.2,48.07,48.41,0.26,0.76,183,15,8,15,30.77,19.74,12.81,1,3,21,8,11,72.1,46.97,45.53,50.37,59.6,44.73,0,Al Taawoun 1-1 NEOM,2025-11-23
Al Khaleej,2.26,2.74,-0.48,2.1,2.43,-0.33,0.16,0.31,-0.15,2.26,2.74,-0.48,1,4,-3,-2.52,45.5,32.07,39.29,0.53,0.98,106,9,12,21,22.64,21.43,11.19,6,10,15,2,8,35.5,17.02,31.4,41.32,16.6,7.03,0,Al Nassr 4-1 Al Khaleej,2025-11-23
Al Nassr,2.74,2.26,0.48,2.43,2.1,0.33,0.31,0.16,0.15,2.74,2.26,0.48,4,1,3,2.52,54.5,67.93,53.34,0.98,0.53,246,17,21,12,21.43,22.64,10.1,10,6,12,4,15,173.1,82.98,44.6,58.68,219.43,92.97,0,Al Nassr 4-1 Al Khaleej,2025-11-23
Al Shabab,1.93,1.05,0.88,1.84,1.05,0.79,0.09,0.0,0.09,1.93,1.05,0.88,1,1,0,-0.88,56.8,60.0,50.96,0.97,0.22,220,8,12,5,12.37,22.73,8.5,9,2,25,5,10,122.1,76.7,20.33,34.62,115.5,72.61,2,Al Okhdood 1-1 Al Shabab,2025-11-23
Al Okhdood,1.05,1.93,-0.88,1.05,1.84,-0.79,0.0,0.09,-0.09,1.05,1.93,-0.88,1,1,0,0.88,43.2,40.0,46.94,0.22,0.97,139,5,5,12,22.73,12.37,10.39,2,9,12,3,13,37.1,23.3,38.4,65.38,43.57,27.39,3,Al Okhdood 1-1 Al Shabab,2025-11-23
Al Fateh,1.04,3.0,-1.96,0.28,1.76,-1.48,0.0,0.48,-0.48,0.28,2.24,-1.96,1,2,-1,0.96,32.2,24.25,45.41,0.56,0.83,98,12,5,17,8.93,20.48,12.15,2,9,14,5,15,18.2,6.09,63.53,78.11,17.17,7.3,1,Al Hilal 2-1 Al Fateh,2025-11-22
Al Hilal,3.0,1.04,1.96,1.76,0.28,1.48,0.48,0.0,0.48,2.24,0.28,1.96,2,1,1,-0.96,67.8,75.75,57.97,0.83,0.56,345,26,17,5,20.48,8.93,5.33,9,2,24,8,9,280.6,93.91,17.8,21.89,218.03,92.7,3,Al Hilal 2-1 Al Fateh,2025-11-22
Al Fayha,2.82,1.39,1.43,2.6,1.39,1.21,0.22,0.0,0.22,2.82,1.39,1.43,2,3,-1,-2.43,60.7,77.46,52.34,1.58,0.87,343,18,22,7,13.92,8.05,9.74,7,8,30,8,7,243.0,94.66,45.4,39.64,177.83,82.44,2,Al Ettifaq 3-2 Al Fayha,2025-11-22
Al Ettifaq,1.39,2.82,-1.43,1.39,2.6,-1.21,0.0,0.22,-0.22,1.39,2.82,-1.43,3,2,1,2.43,39.3,22.54,37.09,0.87,1.58,98,5,7,22,8.05,13.92,14.2,8,7,6,0,13,13.7,5.34,69.13,60.36,37.87,17.56,1,Al Ettifaq 3-2 Al Fayha,2025-11-22
Al Najma,1.25,1.62,-0.37,1.09,0.88,0.21,0.16,0.75,-0.59,1.25,1.62,-0.37,0,0,0,0.37,32.3,26.69,39.42,0.25,0.84,78,9,10,15,40.0,17.86,12.83,2,7,14,6,9,30.3,14.64,66.8,78.52,48.67,24.93,1,Damac 0-0 Al Najma,2025-11-22
Damac,1.62,1.25,0.37,0.88,1.09,-0.21,0.75,0.16,0.59,1.62,1.25,0.37,0,0,0,-0.37,67.7,73.31,51.48,0.84,0.25,267,14,15,10,17.86,40.0,6.55,7,2,33,13,17,176.7,85.36,18.27,21.48,146.53,75.07,2,Damac 0-0 Al Najma,2025-11-22
Al-Qadsiah,1.54,0.59,0.95,1.21,0.59,0.62,0.33,0.0,0.33,1.54,0.59,0.95,1,2,-1,-1.95,70.3,79.06,55.96,0.89,0.29,365,27,14,7,15.73,24.14,5.89,9,1,41,10,8,280.4,96.23,9.33,9.09,195.57,89.29,1,Al Ahli 2-1 Al-Qadsiah,2025-11-21
Al Ahli,0.59,1.54,-0.95,0.59,1.21,-0.62,0.0,0.33,-0.33,0.59,1.54,-0.95,2,1,1,1.95,29.7,20.94,43.54,0.29,0.89,96,3,7,14,24.14,15.73,19.32,1,9,3,0,14,11.0,3.77,93.33,90.91,23.47,10.71,1,Al Ahli 2-1 Al-Qadsiah,2025-11-21
Al Riyadh,0.75,1.94,-1.19,0.75,1.83,-1.08,0.0,0.1,-0.1,0.75,1.94,-1.19,1,2,-1,0.19,35.5,30.69,46.38,0.54,0.8,161,7,7,16,12.96,20.0,17.44,3,6,21,4,12,50.6,18.19,125.47,87.9,92.33,34.21,0,Al Ittihad 2-1 Al Riyadh,2025-11-21
Al Ittihad,1.94,0.75,1.19,1.83,0.75,1.08,0.1,0.0,0.1,1.94,0.75,1.19,2,1,1,-0.19,64.5,69.31,51.95,0.8,0.54,363,16,16,7,20.0,12.96,8.19,6,3,13,5,15,227.6,81.81,17.27,12.1,177.53,65.79,0,Al Ittihad 2-1 Al Riyadh,2025-11-21
Al Hazem,2.02,2.07,-0.05,0.97,1.82,-0.85,0.29,0.25,0.04,1.26,2.07,-0.81,2,1,1,1.05,40.6,40.0,45.3,0.48,0.91,134,11,18,13,37.5,14.29,7.2,10,2,11,5,19,64.3,34.63,96.6,74.96,91.9,65.47,1,Al Kholood 1-2 Al Hazem,2025-11-21
Al Kholood,2.07,2.02,0.05,1.82,0.97,0.85,0.25,0.29,-0.04,2.07,1.26,0.81,1,2,-1,-1.05,59.4,60.0,47.36,0.91,0.48,214,7,13,18,14.29,37.5,8.28,2,10,21,4,15,121.4,65.37,32.27,25.04,48.47,34.53,1,Al Kholood 1-2 Al Hazem,2025-11-21
Al Ahli,1.41,0.67,0.74,1.41,0.29,1.12,0.0,0.38,-0.38,1.41,0.67,0.74,1,0,1,0.26,31.4,26.86,43.02,0.21,0.59,93,8,9,9,42.86,15.25,14.3,3,4,10,2,15,37.3,20.81,115.13,94.06,100.73,60.28,1,Al Ittihad 0-1 Al Ahli,2025-11-08
Al Ittihad,0.67,1.41,-0.74,0.29,1.41,-1.12,0.38,0.0,0.38,0.67,1.41,-0.74,0,1,-1,-0.26,68.6,73.14,50.49,0.59,0.21,340,12,9,9,15.25,42.86,7.24,4,3,27,7,15,141.9,79.19,7.27,5.94,66.37,39.72,0,Al Ittihad 0-1 Al Ahli,2025-11-08
Al Ettifaq,2.02,1.29,0.73,0.92,1.28,-0.36,0.34,0.01,0.33,1.26,1.29,-0.03,1,1,0,-0.73,71.1,66.53,48.53,1.61,0.4,272,13,12,7,7.45,17.5,7.95,3,3,25,9,7,119.6,69.82,9.87,6.78,55.17,29.84,0,Al Shabab 1-1 Al Ettifaq,2025-11-08
Al Shabab,1.29,2.02,-0.73,1.28,0.92,0.36,0.01,0.34,-0.33,1.29,1.26,0.03,1,1,0,0.73,28.9,33.47,45.26,0.4,1.61,87,7,7,12,17.5,7.45,24.63,3,3,8,3,10,51.7,30.18,135.8,93.22,129.7,70.16,1,Al Shabab 1-1 Al Ettifaq,2025-11-08
Al Nassr,3.34,1.22,2.12,2.58,1.21,1.37,0.0,0.01,-0.01,2.58,1.22,1.36,3,1,2,-0.12,58.7,72.61,50.23,2.08,0.05,211,25,23,7,11.06,140.0,5.69,21,2,17,3,12,204.8,92.96,34.4,41.85,210.87,89.45,0,NEOM 1-3 Al Nassr,2025-11-08
NEOM,1.22,3.34,-2.12,1.21,2.58,-1.37,0.01,0.0,0.01,1.22,2.58,-1.36,1,3,-2,0.12,41.3,27.39,37.94,0.05,2.08,80,3,7,23,140.0,11.06,9.71,2,21,15,4,15,15.5,7.04,47.8,58.15,24.87,10.55,2,NEOM 1-3 Al Nassr,2025-11-08
Al Hilal,2.92,0.57,2.35,2.71,0.42,2.29,0.21,0.15,0.06,2.92,0.57,2.35,4,2,2,-0.35,71.7,88.49,63.4,1.29,0.07,526,36,18,6,13.95,85.71,8.81,6,3,21,10,10,439.0,99.37,6.73,7.65,373.7,98.32,3,Al Najma 2-4 Al Hilal,2025-11-07
Al Najma,0.57,2.92,-2.35,0.42,2.71,-2.29,0.15,0.21,-0.06,0.57,2.92,-2.35,2,4,-2,0.35,28.3,11.51,35.17,0.07,1.29,62,5,6,18,85.71,13.95,20.24,3,6,7,1,7,2.8,0.63,81.2,92.35,6.37,1.68,0,Al Najma 2-4 Al Hilal,2025-11-07
Al Taawoun,4.2,2.85,1.35,4.17,1.72,2.45,0.03,0.37,-0.34,4.2,2.09,2.11,5,2,3,1.65,50.9,44.07,51.08,1.08,0.99,204,20,22,20,20.37,20.2,11.1,2,11,12,6,15,103.2,48.5,24.2,35.04,161.8,88.19,0,Al Fateh 2-5 Al Taawoun,2025-11-07
Al Fateh,2.85,4.2,-1.35,1.72,4.17,-2.45,0.37,0.03,0.34,2.09,4.2,-2.11,2,5,-3,-1.65,49.1,55.93,57.77,0.99,1.08,245,23,20,22,20.2,20.37,6.3,11,2,38,8,11,109.6,51.5,44.87,64.96,21.67,11.81,0,Al Fateh 2-5 Al Taawoun,2025-11-07
Al Okhdood,0.71,1.91,-1.2,0.66,1.91,-1.25,0.05,0.0,0.05,0.71,1.91,-1.2,0,2,-2,-0.8,38.3,37.41,46.54,0.3,0.53,143,7,8,15,26.67,28.3,18.8,1,4,9,3,15,52.8,27.08,87.07,86.72,71.33,39.47,0,Al Fayha 2-0 Al Okhdood,2025-11-07
Al Fayha,1.91,0.71,1.2,1.91,0.66,1.25,0.0,0.05,-0.05,1.91,0.71,1.2,2,0,2,0.8,61.7,62.59,49.24,0.53,0.3,287,11,15,8,28.3,26.67,9.53,4,1,18,3,12,142.2,72.92,13.33,13.28,109.37,60.53,2,Al Fayha 2-0 Al Okhdood,2025-11-07
Damac,2.06,0.33,1.73,1.15,0.19,0.96,0.15,0.14,0.01,1.3,0.33,0.97,1,1,0,-1.73,64.7,68.38,49.84,0.44,0.18,259,9,14,7,31.82,38.89,7.28,3,3,13,5,13,189.4,84.89,14.93,12.63,119.2,64.08,0,Al Riyadh 1-1 Damac,2025-11-06
Al Riyadh,0.33,2.06,-1.73,0.19,1.15,-0.96,0.14,0.15,-0.01,0.33,1.3,-0.97,1,1,0,1.73,35.3,31.62,45.43,0.18,0.44,120,5,7,14,38.89,31.82,19.4,3,3,14,3,12,33.7,15.11,103.27,87.37,66.83,35.92,2,Al Riyadh 1-1 Damac,2025-11-06
Al Kholood,0.54,3.48,-2.94,0.54,2.39,-1.85,0.0,0.33,-0.33,0.54,2.72,-2.18,0,4,-4,-1.06,44.3,56.38,50.72,0.39,1.0,211,4,6,19,15.38,19.0,9.17,10,9,21,5,6,61.8,34.56,82.13,80.05,67.52,32.7,1,Al-Qadsiah 4-0 Al Kholood,2025-11-06
Al-Qadsiah,3.48,0.54,2.94,2.39,0.54,1.85,0.33,0.0,0.33,2.72,0.54,2.18,4,0,4,1.06,55.7,43.62,42.43,1.0,0.39,163,17,19,6,19.0,15.38,7.83,9,10,14,7,16,117.0,65.44,20.47,19.95,138.95,67.3,0,Al-Qadsiah 4-0 Al Kholood,2025-11-06
Al Khaleej,2.19,1.45,0.74,1.1,1.12,-0.02,0.34,0.32,0.02,1.43,1.45,-0.02,4,1,3,2.26,44.7,30.92,43.37,0.76,1.15,155,8,13,21,17.11,18.26,11.96,3,8,7,3,9,55.7,19.18,44.4,45.03,84.6,42.09,0,Al Hazem 1-4 Al Khaleej,2025-11-06
Al Hazem,1.45,2.19,-0.74,1.12,1.1,0.02,0.32,0.34,-0.02,1.45,1.43,0.02,1,4,-3,-2.26,55.3,69.08,56.49,1.15,0.76,312,32,21,13,18.26,17.11,9.27,8,3,20,6,14,234.7,80.82,54.2,54.97,116.4,57.91,1,Al Hazem 1-4 Al Khaleej,2025-11-06
Al Fayha,1.12,2.61,-1.49,0.91,1.4,-0.49,0.21,0.44,-0.23,1.12,1.85,-0.73,1,2,-1,0.49,32.4,14.14,36.1,0.11,0.96,65,5,8,15,72.73,15.62,16.67,0,9,7,5,18,3.8,1.11,78.93,76.24,11.97,4.25,1,Al Nassr 2-1 Al Fayha,2025-11-01
Al Nassr,2.61,1.12,1.49,1.4,0.91,0.49,0.44,0.21,0.23,1.85,1.12,0.73,2,1,1,-0.49,67.6,85.86,61.19,0.96,0.11,457,25,15,8,15.62,72.73,6.14,9,0,33,12,9,339.8,98.89,24.6,23.76,269.63,95.75,0,Al Nassr 2-1 Al Fayha,2025-11-01
Al Ittihad,2.06,2.21,-0.15,1.25,0.94,0.31,0.81,0.52,0.29,2.06,1.45,0.61,4,4,0,0.15,53.6,73.87,51.34,1.29,0.58,273,18,16,9,12.4,15.52,11.82,6,3,20,6,9,214.6,90.32,69.87,62.75,143.53,78.43,0,Al Khaleej 4-4 Al Ittihad,2025-11-01
Al Khaleej,2.21,2.06,0.15,0.94,1.25,-0.31,0.52,0.81,-0.29,1.45,2.06,-0.61,4,4,0,-0.15,46.4,26.13,40.65,0.58,1.29,130,6,9,16,15.52,12.4,14.67,3,6,4,1,9,23.0,9.68,41.47,37.25,39.47,21.57,0,Al Khaleej 4-4 Al Ittihad,2025-11-01
Al-Qadsiah,1.74,1.01,0.73,1.59,0.9,0.69,0.15,0.11,0.04,1.74,1.01,0.73,0,2,-2,-2.73,57.3,63.73,52.13,1.19,0.44,310,15,14,10,11.76,22.73,12.07,6,0,33,10,8,143.0,75.9,40.87,35.7,103.53,59.55,1,Al Taawoun 2-0 Al-Qadsiah,2025-11-01
Al Taawoun,1.01,1.74,-0.73,0.9,1.59,-0.69,0.11,0.15,-0.04,1.01,1.74,-0.73,2,0,2,2.73,42.7,36.27,45.22,0.44,1.19,157,7,10,14,22.73,11.76,24.06,0,6,7,2,4,45.4,24.1,73.6,64.3,70.33,40.45,0,Al Taawoun 2-0 Al-Qadsiah,2025-11-01
Al Hazem,1.11,1.93,-0.82,1.1,1.76,-0.66,0.01,0.17,-0.16,1.11,1.93,-0.82,2,2,0,0.82,50.5,49.2,46.55,0.71,0.85,224,10,9,12,12.68,14.12,16.91,3,0,14,3,10,79.8,43.37,46.13,41.74,68.33,38.53,0,Al Ettifaq 2-2 Al Hazem,2025-10-31
Al Ettifaq,1.93,1.11,0.82,1.76,1.1,0.66,0.17,0.01,0.16,1.93,1.11,0.82,2,2,0,-0.82,49.5,50.8,44.31,0.85,0.71,189,8,12,9,14.12,12.68,22.22,0,3,15,6,8,104.2,56.63,64.4,58.26,109.0,61.47,0,Al Ettifaq 2-2 Al Hazem,2025-10-31
Al Shabab,0.84,0.97,-0.13,0.57,0.97,-0.4,0.26,0.0,0.26,0.84,0.97,-0.13,0,1,-1,-0.87,27.6,16.67,43.51,0.56,0.78,94,7,9,9,16.07,11.54,20.5,4,7,7,2,8,66.6,14.27,142.4,89.67,53.27,13.32,2,Al Hilal 1-0 Al Shabab,2025-10-31
Al Hilal,0.97,0.84,0.13,0.97,0.57,0.4,0.0,0.26,-0.26,0.97,0.84,0.13,1,0,1,0.87,72.4,83.33,60.48,0.78,0.56,527,14,9,9,11.54,16.07,9.08,7,4,11,1,7,400.0,85.73,16.4,10.33,346.67,86.68,3,Al Hilal 1-0 Al Shabab,2025-10-31
Al Najma,1.1,2.76,-1.66,0.88,1.5,-0.62,0.23,1.26,-1.03,1.1,2.76,-1.66,1,2,-1,0.66,53.0,48.55,46.21,0.12,0.49,185,8,11,22,91.67,44.9,16.0,4,5,20,6,6,57.6,36.05,40.33,48.01,54.67,25.35,1,Al Okhdood 2-1 Al Najma,2025-10-31
Al Okhdood,2.76,1.1,1.66,1.5,0.88,0.62,1.26,0.23,1.03,2.76,1.1,1.66,2,1,1,-0.66,47.0,51.45,45.54,0.49,0.12,153,13,22,11,44.9,91.67,26.77,5,4,25,11,7,102.2,63.95,43.67,51.99,160.96,74.65,2,Al Okhdood 2-1 Al Najma,2025-10-31
NEOM,1.04,1.3,-0.26,1.04,1.3,-0.26,0.0,0.0,0.0,1.04,1.3,-0.26,3,2,1,1.26,53.0,47.52,46.85,0.33,0.5,215,12,7,6,21.21,12.0,9.34,6,3,10,2,13,67.9,45.39,44.87,39.87,59.43,32.36,4,Al Kholood 2-3 NEOM,2025-10-30
Al Kholood,1.3,1.04,0.26,1.3,1.04,0.26,0.0,0.0,0.0,1.3,1.04,0.26,2,3,-1,-1.26,47.0,52.48,49.73,0.5,0.33,201,11,6,7,12.0,21.21,10.72,3,6,18,4,14,81.7,54.61,67.67,60.13,124.23,67.64,0,Al Kholood 2-3 NEOM,2025-10-30
Al Riyadh,1.05,3.1,-2.05,0.11,1.7,-1.59,0.17,0.64,-0.47,0.29,2.34,-2.05,1,1,0,2.05,32.2,20.46,39.43,0.1,1.45,89,4,6,19,60.0,13.1,21.75,1,10,10,4,8,14.3,4.64,66.6,82.76,17.8,6.79,0,Al Ahli 1-1 Al Riyadh,2025-10-30
Al Ahli,3.1,1.05,2.05,1.7,0.11,1.59,0.64,0.17,0.47,2.34,0.29,2.05,1,1,0,-2.05,67.8,79.54,59.82,1.45,0.1,401,33,19,6,13.1,60.0,7.86,10,1,30,9,13,293.7,95.36,13.87,17.24,244.47,93.21,1,Al Ahli 1-1 Al Riyadh,2025-10-30
Al Fateh,1.54,1.04,0.5,0.98,0.81,0.17,0.57,0.23,0.34,1.54,1.04,0.5,1,1,0,-0.5,49.9,44.62,46.43,0.45,0.31,134,9,12,10,26.67,32.26,10.91,1,3,11,5,12,76.5,50.43,28.4,42.01,87.07,56.67,0,Damac 1-1 Al Fateh,2025-10-30
Damac,1.04,1.54,-0.5,0.81,0.98,-0.17,0.23,0.57,-0.34,1.04,1.54,-0.5,1,1,0,0.5,50.1,55.38,49.83,0.31,0.45,172,6,10,12,32.26,26.67,8.15,3,1,7,3,13,75.2,49.57,39.2,57.99,66.57,43.33,0,Damac 1-1 Al Fateh,2025-10-30
Al Nassr,2.1,0.05,2.05,1.82,0.04,1.78,0.27,0.01,0.26,2.1,0.05,2.05,2,0,2,-0.05,62.7,83.28,53.82,1.49,0.13,313,26,19,3,12.75,23.08,7.84,10,3,29,10,8,297.5,97.99,22.53,30.23,280.33,97.77,0,Al Hazem 0-2 Al Nassr,2025-10-25
Al Hazem,0.05,2.1,-2.05,0.04,1.82,-1.78,0.01,0.27,-0.26,0.05,2.1,-2.05,0,2,-2,0.05,37.3,16.72,36.38,0.13,1.49,77,1,3,19,23.08,12.75,18.1,3,10,7,1,14,6.1,2.01,52.0,69.77,6.4,2.23,0,Al Hazem 0-2 Al Nassr,2025-10-25
Damac,0.57,2.51,-1.94,0.35,1.56,-1.21,0.22,0.19,0.03,0.57,1.75,-1.18,1,1,0,1.94,38.6,32.34,44.78,0.26,0.93,118,2,6,21,23.08,22.58,16.33,1,5,5,1,13,10.2,5.2,76.87,85.73,25.9,10.07,0,Al Shabab 1-1 Damac,2025-10-25
Al Shabab,2.51,0.57,1.94,1.56,0.35,1.21,0.19,0.22,-0.03,1.75,0.57,1.18,1,1,0,-1.94,61.4,67.66,52.12,0.93,0.26,268,19,21,6,22.58,23.08,7.74,5,1,26,5,13,185.8,94.8,12.8,14.27,231.2,89.93,0,Al Shabab 1-1 Damac,2025-10-25
Al Okhdood,0.41,0.82,-0.41,0.41,0.79,-0.38,0.0,0.03,-0.03,0.41,0.82,-0.41,0,0,0,0.41,37.5,21.57,39.45,0.39,1.2,107,2,2,11,5.13,9.17,20.53,2,9,7,1,7,8.3,3.07,68.67,70.4,19.83,7.83,0,Al-Qadsiah 0-0 Al Okhdood,2025-10-25
Al-Qadsiah,0.82,0.41,0.41,0.79,0.41,0.38,0.03,0.0,0.03,0.82,0.41,0.41,0,0,0,-0.41,62.5,78.43,59.74,1.2,0.39,430,26,11,2,9.17,5.13,8.81,9,2,44,8,16,261.8,96.93,28.87,29.6,233.53,92.17,1,Al-Qadsiah 0-0 Al Okhdood,2025-10-25
Al Hilal,1.7,2.43,-0.73,1.3,1.97,-0.67,0.4,0.46,-0.06,1.7,2.43,-0.73,2,0,2,2.73,44.1,36.86,47.16,0.34,0.95,194,13,12,15,35.29,15.79,13.39,7,6,14,9,10,68.2,29.16,64.67,66.35,73.43,32.64,0,Al Ittihad 0-2 Al Hilal,2025-10-24
Al Ittihad,2.43,1.7,0.73,1.97,1.3,0.67,0.46,0.4,0.06,2.43,1.7,0.73,0,2,-2,-2.73,55.9,63.14,55.11,0.95,0.34,335,12,15,12,15.79,35.29,11.43,6,7,14,2,10,165.7,70.84,32.8,33.65,151.57,67.36,0,Al Ittihad 0-2 Al Hilal,2025-10-24
Al Khaleej,1.05,1.75,-0.7,0.91,1.28,-0.37,0.14,0.46,-0.32,1.05,1.75,-0.7,1,1,0,0.7,52.0,47.08,43.11,0.67,0.62,161,10,13,15,19.4,24.19,9.05,1,4,20,5,15,59.4,40.55,30.47,37.37,54.33,37.61,0,NEOM 1-1 Al Khaleej,2025-10-24
NEOM,1.75,1.05,0.7,1.28,0.91,0.37,0.46,0.14,0.32,1.75,1.05,0.7,1,1,0,-0.7,48.0,52.92,48.65,0.62,0.67,196,16,15,13,24.19,19.4,11.62,4,1,12,4,16,87.1,59.45,51.07,62.63,90.13,62.39,0,NEOM 1-1 Al Khaleej,2025-10-24
Al Ettifaq,1.63,2.29,-0.66,0.58,2.26,-1.68,0.29,0.03,0.26,0.87,2.29,-1.42,1,2,-1,-0.34,53.8,47.28,46.72,0.47,1.05,172,10,11,20,23.4,19.05,11.0,3,5,21,7,9,53.0,33.44,25.0,29.6,33.83,20.8,2,Al Fateh 2-1 Al Ettifaq,2025-10-24
Al Fateh,2.29,1.63,0.66,2.26,0.58,1.68,0.03,0.29,-0.26,2.29,0.87,1.42,2,1,1,0.34,46.2,52.72,52.68,1.05,0.47,182,14,20,11,19.05,23.4,9.81,5,3,25,7,13,105.5,66.56,59.47,70.4,128.8,79.2,0,Al Fateh 2-1 Al Ettifaq,2025-10-24
Al Ahli,1.58,0.32,1.26,1.41,0.24,1.17,0.17,0.08,0.09,1.58,0.32,1.26,1,0,1,-0.26,58.2,75.68,55.21,0.96,0.35,272,18,14,4,14.58,11.43,5.98,15,1,17,5,16,193.7,91.63,33.53,44.39,190.57,94.39,0,Al Najma 0-1 Al Ahli,2025-10-23
Al Najma,0.32,1.58,-1.26,0.24,1.41,-1.17,0.08,0.17,-0.09,0.32,1.58,-1.26,0,1,-1,0.26,41.8,24.32,36.43,0.35,0.96,80,5,4,14,11.43,14.58,14.67,1,15,7,2,9,17.7,8.37,42.0,55.61,11.33,5.61,0,Al Najma 0-1 Al Ahli,2025-10-23
Al Taawoun,1.26,0.84,0.42,1.2,0.59,0.61,0.06,0.24,-0.18,1.26,0.84,0.42,2,1,1,0.58,45.1,32.13,42.57,0.52,0.68,150,4,8,10,15.38,14.71,14.37,1,4,4,1,15,46.2,30.52,43.87,54.61,55.63,47.12,0,Al Fayha 1-2 Al Taawoun,2025-10-23
Al Fayha,0.84,1.26,-0.42,0.59,1.2,-0.61,0.24,0.06,0.18,0.84,1.26,-0.42,1,2,-1,-0.58,54.9,67.87,47.33,0.68,0.52,218,10,10,8,14.71,15.38,9.89,4,1,23,6,10,105.2,69.48,36.47,45.39,62.43,52.88,3,Al Fayha 1-2 Al Taawoun,2025-10-23
Al Kholood,1.61,1.78,-0.17,1.14,1.63,-0.49,0.47,0.15,0.32,1.61,1.78,-0.17,0,1,-1,-0.83,67.4,66.56,51.49,0.83,0.47,302,18,12,14,14.46,29.79,6.57,3,8,26,6,9,150.3,76.18,12.2,8.22,71.87,39.49,0,Al Riyadh 1-0 Al Kholood,2025-10-23
Al Riyadh,1.78,1.61,0.17,1.63,1.14,0.49,0.15,0.47,-0.32,1.78,1.61,0.17,1,0,1,0.83,32.6,33.44,48.18,0.47,0.83,131,13,14,12,29.79,14.46,11.94,8,3,18,5,18,47.0,23.82,136.27,91.78,110.13,60.51,1,Al Riyadh 1-0 Al Kholood,2025-10-23
Al-Qadsiah,2.13,1.65,0.48,2.05,1.59,0.46,0.08,0.06,0.02,2.13,1.65,0.48,3,1,2,1.52,43.7,33.22,40.39,0.88,0.39,128,11,12,17,13.64,43.59,13.15,3,13,9,3,13,42.0,22.53,69.0,54.88,81.9,47.75,1,NEOM 1-3 Al-Qadsiah,2025-10-19
NEOM,1.65,2.13,-0.48,1.59,2.05,-0.46,0.06,0.08,-0.02,1.65,2.13,-0.48,1,3,-2,-1.52,56.3,66.78,52.92,0.39,0.88,291,11,17,12,43.59,13.64,6.87,13,3,21,4,10,144.4,77.47,56.73,45.12,89.63,52.25,0,NEOM 1-3 Al-Qadsiah,2025-10-19
Damac,0.88,3.99,-3.11,0.88,3.88,-3.0,0.0,0.11,-0.11,0.88,3.99,-3.11,1,6,-5,-1.89,42.9,25.71,39.57,0.36,0.88,114,7,7,17,19.44,19.32,16.05,2,13,9,2,12,17.3,7.52,69.0,64.61,22.6,8.12,1,Al Taawoun 6-1 Damac,2025-10-19
Al Taawoun,3.99,0.88,3.11,3.88,0.88,3.0,0.11,0.0,0.11,3.99,0.88,3.11,6,1,5,1.89,57.1,74.29,54.55,0.88,0.36,316,15,17,7,19.32,19.44,8.41,13,2,16,7,13,212.8,92.48,37.8,35.39,255.83,91.88,1,Al Taawoun 6-1 Damac,2025-10-19
Al Riyadh,1.66,2.86,-1.2,1.04,2.0,-0.96,0.62,0.86,-0.24,1.66,2.86,-1.2,1,4,-3,-1.8,44.2,56.41,51.95,0.66,0.66,199,16,18,17,27.27,25.76,9.5,7,3,29,12,17,116.6,51.12,89.67,82.97,97.88,43.22,1,Al Khaleej 4-1 Al Riyadh,2025-10-19
Al Khaleej,2.86,1.66,1.2,2.0,1.04,0.96,0.86,0.62,0.24,2.86,1.66,1.2,4,1,3,1.8,55.8,43.59,43.91,0.66,0.66,171,12,17,18,25.76,27.27,8.53,3,7,15,6,9,111.5,48.88,18.4,17.03,128.58,56.78,0,Al Khaleej 4-1 Al Riyadh,2025-10-19
Al Fateh,1.77,3.34,-1.57,1.6,2.26,-0.66,0.17,0.32,-0.15,1.77,2.58,-0.81,1,5,-4,-2.43,43.1,35.64,46.62,0.78,0.78,127,11,10,23,12.82,29.49,11.7,4,6,13,3,12,28.1,15.08,22.6,47.75,15.27,6.01,2,Al Nassr 5-1 Al Fateh,2025-10-18
Al Nassr,3.34,1.77,1.57,2.26,1.6,0.66,0.32,0.17,0.15,2.58,1.77,0.81,5,1,4,2.43,56.9,64.36,54.62,0.78,0.78,233,14,23,10,29.49,12.82,7.74,6,4,16,5,7,158.3,84.92,24.73,52.25,238.61,93.99,0,Al Nassr 5-1 Al Fateh,2025-10-18
Al Hazem,1.52,0.82,0.7,1.48,0.82,0.66,0.04,0.0,0.04,1.52,0.82,0.7,2,1,1,0.3,47.9,42.81,43.98,0.51,0.51,170,8,13,12,25.49,23.53,16.57,4,4,12,5,11,92.0,40.87,47.8,40.78,55.57,41.99,0,Al Okhdood 1-2 Al Hazem,2025-10-18
Al Okhdood,0.82,1.52,-0.7,0.82,1.48,-0.66,0.0,0.04,-0.04,0.82,1.52,-0.7,1,2,-1,-0.3,52.1,57.19,51.88,0.51,0.51,270,9,12,13,23.53,25.49,17.23,4,4,30,3,5,133.1,59.13,69.4,59.22,76.77,58.01,1,Al Okhdood 1-2 Al Hazem,2025-10-18
Al Hilal,4.5,0.61,3.89,3.66,0.49,3.17,0.08,0.11,-0.03,3.74,0.61,3.13,5,0,5,1.11,55.7,61.46,49.27,1.32,0.42,269,22,21,6,15.91,14.29,10.46,7,1,18,6,12,156.9,86.64,46.13,34.27,186.07,89.77,0,Al Ettifaq 0-5 Al Hilal,2025-10-18
Al Ettifaq,0.61,4.5,-3.89,0.49,3.66,-3.17,0.11,0.08,0.03,0.61,3.74,-3.13,0,5,-5,-1.11,44.3,38.54,43.47,0.42,1.32,168,6,6,21,14.29,15.91,26.62,1,7,9,3,8,24.2,13.36,88.47,65.73,21.2,10.23,1,Al Ettifaq 0-5 Al Hilal,2025-10-18
Al Shabab,1.98,2.51,-0.53,1.47,1.24,0.23,0.5,0.52,-0.02,1.98,1.75,0.23,1,1,0,0.53,32.5,34.98,43.95,0.34,0.93,104,13,11,15,32.35,16.13,20.68,2,4,11,6,8,63.1,32.39,88.07,76.36,75.6,37.71,0,Al Ahli 1-1 Al Shabab,2025-10-17
Al Ahli,2.51,1.98,0.53,1.24,1.47,-0.23,0.52,0.5,0.02,1.75,1.98,-0.23,1,1,0,-0.53,67.5,65.02,53.44,0.93,0.34,332,17,15,11,16.13,32.35,11.21,4,2,15,6,11,131.7,67.61,27.27,23.64,124.9,62.29,1,Al Ahli 1-1 Al Shabab,2025-10-17
Al Najma,1.57,2.91,-1.34,1.43,2.15,-0.72,0.14,0.0,0.14,1.57,2.15,-0.58,1,5,-4,-2.66,54.3,55.1,46.57,0.37,0.86,170,11,14,11,37.84,12.79,6.41,8,4,14,5,16,128.1,66.75,19.6,30.59,93.23,40.85,0,Al Kholood 5-1 Al Najma,2025-10-17
Al Kholood,2.91,1.57,1.34,2.15,1.43,0.72,0.0,0.14,-0.14,2.15,1.57,0.58,5,1,4,2.66,45.7,44.9,45.09,0.86,0.37,143,19,11,14,12.79,37.84,7.8,4,8,9,4,17,63.8,33.25,44.47,69.41,134.98,59.15,1,Al Kholood 5-1 Al Najma,2025-10-17
Al Ittihad,2.32,1.33,0.99,1.37,0.93,0.44,0.19,0.41,-0.22,1.56,1.33,0.23,1,1,0,-0.99,69.8,80.75,55.75,0.64,0.66,442,16,14,9,21.88,13.64,9.21,7,0,22,5,11,259.3,88.53,8.67,5.53,137.1,70.86,0,Al Fayha 1-1 Al Ittihad,2025-10-17
Al Fayha,1.33,2.32,-0.99,0.93,1.37,-0.44,0.41,0.19,0.22,1.33,1.56,-0.23,1,1,0,0.99,30.2,19.25,38.38,0.66,0.64,90,5,9,14,13.64,21.88,25.42,0,7,15,6,13,33.6,11.47,148.13,94.47,56.37,29.14,1,Al Fayha 1-1 Al Ittihad,2025-10-17
Al-Qadsiah,2.15,1.32,0.83,2.15,1.05,1.1,0.0,0.27,-0.27,2.15,1.32,0.83,1,0,1,0.17,63.9,53.91,43.67,0.66,0.87,166,15,9,11,13.64,12.64,6.34,4,0,10,3,16,76.1,61.77,13.27,10.15,35.67,26.34,1,Al Fateh 0-1 Al-Qadsiah,2025-09-27
Al Fateh,1.32,2.15,-0.83,1.05,2.15,-1.1,0.27,0.0,0.27,1.32,2.15,-0.83,0,1,-1,-0.17,36.1,46.09,47.1,0.87,0.66,120,10,11,9,12.64,13.64,13.71,0,4,22,5,16,47.1,38.23,117.53,89.85,99.73,73.66,0,Al Fateh 0-1 Al-Qadsiah,2025-09-27
Al Fayha,1.87,0.43,1.44,1.65,0.28,1.37,0.22,0.15,0.07,1.87,0.43,1.44,2,1,1,-0.44,45.7,55.09,48.85,1.19,0.34,162,8,10,8,8.4,23.53,11.81,9,6,18,8,11,89.5,67.39,83.67,87.03,135.77,92.78,1,Al Najma 1-2 Al Fayha,2025-09-27
Al Najma,0.43,1.87,-1.44,0.28,1.65,-1.37,0.15,0.22,-0.07,0.43,1.87,-1.44,1,2,-1,0.44,54.3,44.91,41.41,0.34,1.19,147,2,8,10,23.53,8.4,11.35,6,9,12,5,7,43.3,32.61,12.47,12.97,10.57,7.22,0,Al Najma 1-2 Al Fayha,2025-09-27
NEOM,1.76,0.8,0.96,1.42,0.65,0.77,0.33,0.15,0.18,1.76,0.8,0.96,3,2,1,0.04,55.2,54.9,46.37,0.48,0.27,179,15,14,11,29.17,40.74,18.56,5,2,18,7,5,105.8,67.09,25.67,26.76,110.07,65.0,0,Al Riyadh 2-3 NEOM,2025-09-27
Al Riyadh,0.8,1.76,-0.96,0.65,1.42,-0.77,0.15,0.33,-0.18,0.8,1.76,-0.96,2,3,-1,-0.04,44.8,45.1,45.15,0.27,0.48,138,6,11,14,40.74,29.17,16.0,2,5,21,8,13,51.9,32.91,70.27,73.24,59.27,35.0,1,Al Riyadh 2-3 NEOM,2025-09-27
Al Nassr,2.66,1.2,1.46,2.22,1.2,1.02,0.44,0.0,0.44,2.66,1.2,1.46,2,0,2,0.54,45.8,56.02,51.15,0.93,0.76,207,16,21,8,22.58,10.53,13.17,3,6,15,6,14,140.3,73.65,92.33,83.18,231.6,95.02,0,Al Ittihad 0-2 Al Nassr,2025-09-26
Al Ittihad,1.2,2.66,-1.46,1.2,2.22,-1.02,0.0,0.44,-0.44,1.2,2.66,-1.46,0,2,-2,-0.54,54.2,43.98,42.05,0.76,0.93,150,8,8,21,10.53,22.58,9.1,6,3,18,3,12,50.2,26.35,18.67,16.82,12.13,4.98,1,Al Ittihad 0-2 Al Nassr,2025-09-26
Al Ettifaq,1.62,0.89,0.73,1.52,0.85,0.67,0.09,0.04,0.05,1.62,0.89,0.73,3,1,2,1.27,45.0,30.21,40.87,0.55,0.5,113,8,5,12,9.09,24.0,11.13,2,10,7,2,19,22.9,14.37,31.2,41.01,28.0,19.83,0,Damac 1-3 Al Ettifaq,2025-09-26
Damac,0.89,1.62,-0.73,0.85,1.52,-0.67,0.04,0.09,-0.05,0.89,1.62,-0.73,1,3,-2,-1.27,55.0,69.79,51.87,0.5,0.55,252,7,12,5,24.0,9.09,8.09,10,2,23,7,10,136.5,85.63,44.87,58.99,113.17,80.17,0,Damac 1-3 Al Ettifaq,2025-09-26
Al Ahli,1.56,2.28,-0.72,1.36,1.4,-0.04,0.2,0.12,0.08,1.56,1.52,0.04,2,0,2,2.72,50.6,62.83,51.25,1.02,0.81,201,22,11,8,10.78,9.88,8.32,10,4,16,3,13,117.4,63.46,38.33,51.62,122.77,66.89,0,Al Hazem 0-2 Al Ahli,2025-09-26
Al Hazem,2.28,1.56,0.72,1.4,1.36,0.04,0.12,0.2,-0.08,1.52,1.56,-0.04,0,2,-2,-2.72,49.4,37.17,43.58,0.81,1.02,140,9,8,11,9.88,10.78,9.19,4,10,10,2,14,67.6,36.54,35.93,48.38,60.77,33.11,0,Al Hazem 0-2 Al Ahli,2025-09-26
Al Okhdood,0.96,3.4,-2.44,0.96,2.59,-1.63,0.0,0.81,-0.81,0.96,3.4,-2.44,1,3,-2,0.44,29.0,14.84,42.78,0.4,1.48,91,2,4,21,10.0,14.19,29.42,1,9,9,3,9,9.7,2.84,114.0,91.88,17.23,6.07,1,Al Hilal 3-1 Al Okhdood,2025-09-25
Al Hilal,3.4,0.96,2.44,2.59,0.96,1.63,0.81,0.0,0.81,3.4,0.96,2.44,3,1,2,-0.44,71.0,85.16,61.08,1.48,0.4,455,20,21,4,14.19,10.0,6.93,9,1,42,10,10,332.1,97.16,10.07,8.12,266.43,93.93,2,Al Hilal 3-1 Al Okhdood,2025-09-25
Al Kholood,1.79,1.91,-0.12,1.03,1.13,-0.1,0.0,0.03,-0.03,1.03,1.15,-0.12,2,1,1,1.12,43.5,44.93,44.95,0.27,0.42,130,7,9,17,33.33,40.48,8.18,9,4,11,4,15,53.5,37.02,69.87,62.95,79.47,50.27,0,Al Shabab 1-2 Al Kholood,2025-09-25
Al Shabab,1.91,1.79,0.12,1.13,1.03,0.1,0.03,0.0,0.03,1.15,1.03,0.12,1,2,-1,-1.12,56.5,55.07,48.0,0.42,0.27,181,11,17,9,40.48,33.33,8.89,4,9,20,7,12,91.0,62.98,41.13,37.05,78.63,49.73,0,Al Shabab 1-2 Al Kholood,2025-09-25
Al Taawoun,1.04,1.17,-0.13,1.04,1.03,0.01,0.0,0.14,-0.14,1.04,1.17,-0.13,1,0,1,1.13,49.4,42.73,48.97,0.26,0.71,245,4,8,13,30.77,18.31,10.22,4,5,3,0,13,75.4,35.77,41.93,44.17,59.47,32.02,0,Al Khaleej 0-1 Al Taawoun,2025-09-25
Al Khaleej,1.17,1.04,0.13,1.03,1.04,-0.01,0.14,0.0,0.14,1.17,1.04,0.13,0,1,-1,-1.13,50.6,57.27,49.14,0.71,0.26,248,13,13,8,18.31,30.77,15.38,5,4,25,7,10,135.4,64.23,53.0,55.83,126.23,67.98,0,Al Khaleej 0-1 Al Taawoun,2025-09-25
Al Riyadh,0.6,3.78,-3.18,0.6,3.07,-2.47,0.0,0.71,-0.71,0.6,3.78,-3.18,1,5,-4,-0.82,38.9,36.08,45.39,0.42,1.37,134,4,7,19,16.67,13.87,18.9,3,5,12,3,9,19.7,10.01,62.6,74.88,17.51,4.92,1,Al Nassr 5-1 Al Riyadh,2025-09-20
Al Nassr,3.78,0.6,3.18,3.07,0.6,2.47,0.71,0.0,0.71,3.78,0.6,3.18,5,1,4,0.82,61.1,63.92,50.34,1.37,0.42,253,22,19,7,13.87,16.67,9.17,5,3,26,16,8,177.1,89.99,21.0,25.12,338.33,95.08,0,Al Nassr 5-1 Al Riyadh,2025-09-20
Al Ittihad,1.23,1.27,-0.04,1.14,1.16,-0.02,0.08,0.11,-0.03,1.23,1.27,-0.04,1,0,1,1.04,59.3,65.38,55.04,1.2,0.54,339,20,9,13,7.5,24.07,7.72,10,4,15,8,19,172.0,72.24,32.0,27.54,123.8,64.01,0,Al Najma 0-1 Al Ittihad,2025-09-20
Al Najma,1.27,1.23,0.04,1.16,1.14,0.02,0.11,0.08,0.03,1.27,1.23,0.04,0,1,-1,-1.04,40.7,34.62,46.68,0.54,1.2,158,11,13,9,24.07,7.5,15.96,4,10,12,3,8,66.1,27.76,84.2,72.46,69.6,35.99,0,Al Najma 0-1 Al Ittihad,2025-09-20
Al Fateh,2.6,0.8,1.8,2.15,0.67,1.48,0.45,0.13,0.32,2.6,0.8,1.8,0,0,0,-1.8,44.0,48.85,45.77,1.37,0.77,132,17,15,9,10.95,11.69,9.69,2,8,28,6,12,71.3,56.99,63.73,80.06,107.53,71.83,2,Al Hazem 0-0 Al Fateh,2025-09-20
Al Hazem,0.8,2.6,-1.8,0.67,2.15,-1.48,0.13,0.45,-0.32,0.8,2.6,-1.8,0,0,0,1.8,56.0,51.15,45.53,0.77,1.37,188,10,9,15,11.69,10.95,6.76,8,2,15,2,17,53.8,43.01,15.87,19.94,42.17,28.17,0,Al Hazem 0-0 Al Fateh,2025-09-20
Al Hilal,2.42,2.53,-0.11,2.3,1.87,0.43,0.12,0.66,-0.54,2.42,2.53,-0.11,3,3,0,0.11,40.6,26.63,45.0,0.58,1.39,127,8,11,23,18.97,16.55,13.18,1,7,9,2,11,25.5,10.2,57.2,86.31,81.73,54.95,0,Al Ahli 3-3 Al Hilal,2025-09-19
Al Ahli,2.53,2.42,0.11,1.87,2.3,-0.43,0.66,0.12,0.54,2.53,2.42,0.11,3,3,0,-0.11,59.4,73.37,59.29,1.39,0.58,350,27,23,11,16.55,18.97,8.34,7,1,32,11,16,224.4,89.8,9.07,13.69,67.0,45.05,3,Al Ahli 3-3 Al Hilal,2025-09-19
Al Shabab,0.8,1.18,-0.38,0.8,0.79,0.01,0.0,0.39,-0.39,0.8,1.18,-0.38,0,0,0,0.38,55.1,56.95,45.41,0.64,0.42,179,12,7,8,10.94,19.05,9.09,8,4,19,3,13,68.7,56.4,19.53,27.15,55.37,43.26,2,Al Fayha 0-0 Al Shabab,2025-09-19
Al Fayha,1.18,0.8,0.38,0.79,0.8,-0.01,0.39,0.0,0.39,1.18,0.8,0.38,0,0,0,-0.38,44.9,43.05,42.74,0.42,0.64,127,7,8,7,19.05,10.94,10.94,4,8,14,7,8,53.1,43.6,52.4,72.85,72.63,56.74,1,Al Fayha 0-0 Al Shabab,2025-09-19
Al Khaleej,1.38,1.34,0.04,1.31,1.14,0.17,0.07,0.19,-0.12,1.38,1.34,0.04,1,2,-1,-1.04,43.6,37.42,48.01,0.59,1.03,200,12,15,12,25.42,11.65,12.73,7,3,29,6,8,46.3,23.38,77.93,69.87,61.3,26.03,0,Al-Qadsiah 2-1 Al Khaleej,2025-09-19
Al-Qadsiah,1.34,1.38,-0.04,1.14,1.31,-0.17,0.19,0.07,0.12,1.34,1.38,-0.04,2,1,1,1.04,56.4,62.58,51.15,1.03,0.59,283,12,12,15,11.65,25.42,16.2,3,7,20,6,7,151.7,76.62,33.6,30.13,174.17,73.97,0,Al-Qadsiah 2-1 Al Khaleej,2025-09-19
Al Okhdood,0.3,0.48,-0.18,0.22,0.39,-0.17,0.09,0.09,0.0,0.3,0.48,-0.18,0,1,-1,-0.82,40.6,41.81,42.29,0.24,0.27,118,6,5,11,20.83,40.74,13.55,3,4,23,5,16,46.4,34.37,80.6,79.07,64.73,48.74,0,NEOM 1-0 Al Okhdood,2025-09-18
NEOM,0.48,0.3,0.18,0.39,0.22,0.17,0.09,0.09,0.0,0.48,0.3,0.18,1,0,1,0.82,59.4,58.19,47.19,0.27,0.24,233,8,11,5,40.74,20.83,8.55,4,3,17,6,15,88.6,65.63,21.33,20.93,68.07,51.26,0,NEOM 1-0 Al Okhdood,2025-09-18
Al Ettifaq,1.49,3.32,-1.83,1.28,2.37,-1.09,0.21,0.18,0.03,1.49,2.56,-1.07,1,4,-3,-1.17,55.1,58.98,49.45,0.57,0.79,261,9,14,11,24.56,13.92,10.94,10,3,18,7,9,99.1,55.46,33.33,33.0,48.96,27.2,2,Al Taawoun 4-1 Al Ettifaq,2025-09-18
Al Taawoun,3.32,1.49,1.83,2.37,1.28,1.09,0.18,0.21,-0.03,2.56,1.49,1.07,4,1,3,1.17,44.9,41.02,43.29,0.79,0.57,143,11,11,14,13.92,24.56,14.64,3,10,6,2,12,79.6,44.54,67.67,67.0,131.04,72.8,0,Al Taawoun 4-1 Al Ettifaq,2025-09-18
Damac,1.67,1.17,0.5,0.82,0.92,-0.1,0.09,0.24,-0.15,0.91,1.17,-0.26,1,2,-1,-1.5,55.2,57.39,45.67,0.87,0.39,183,14,13,10,14.94,25.64,9.61,3,6,11,5,15,112.9,64.48,27.53,26.8,89.03,49.59,1,Al Kholood 2-1 Damac,2025-09-18
Al Kholood,1.17,1.67,-0.5,0.92,0.82,0.1,0.24,0.09,0.15,1.17,0.91,0.26,2,1,1,1.5,44.8,42.61,45.62,0.39,0.87,135,11,10,13,25.64,14.94,8.63,6,3,11,3,14,62.2,35.52,75.2,73.2,90.5,50.41,1,Al Kholood 2-1 Damac,2025-09-18
Al Kholood,1.39,3.2,-1.81,0.49,2.48,-1.99,0.14,0.72,-0.58,0.63,3.2,-2.57,0,2,-2,-0.19,31.4,20.6,42.05,0.2,0.97,88,1,5,29,25.0,29.9,13.75,4,5,7,1,11,3.9,1.24,82.87,96.06,9.43,3.26,0,Al Nassr 2-0 Al Kholood,2025-09-14
Al Nassr,3.2,1.39,1.81,2.48,0.49,1.99,0.72,0.14,0.58,3.2,0.63,2.57,2,0,2,0.19,68.6,79.4,55.48,0.97,0.2,371,18,29,5,29.9,25.0,8.41,5,4,30,10,11,309.9,98.76,3.4,3.94,279.47,96.74,0,Al Nassr 2-0 Al Kholood,2025-09-14
NEOM,2.9,1.56,1.34,1.82,1.47,0.35,0.32,0.09,0.23,2.14,1.56,0.58,2,1,1,-0.34,59.3,59.15,46.4,0.62,0.42,190,13,20,11,32.26,26.19,8.81,6,5,13,5,7,141.4,74.42,17.4,23.55,113.07,70.45,1,Damac 1-2 NEOM,2025-09-14
Damac,1.56,2.9,-1.34,1.47,1.82,-0.35,0.09,0.32,-0.23,1.56,2.14,-0.58,1,2,-1,0.34,40.7,40.85,41.85,0.42,0.62,112,6,11,20,26.19,32.26,13.07,5,6,13,4,14,48.6,25.58,56.47,76.45,47.43,29.55,1,Damac 1-2 NEOM,2025-09-14
Al Najma,1.0,1.29,-0.29,0.83,1.12,-0.29,0.17,0.17,0.0,1.0,1.29,-0.29,1,2,-1,-0.71,63.1,61.18,44.22,0.58,0.42,221,11,7,7,12.07,16.67,6.67,8,4,13,3,8,84.2,71.3,6.67,4.49,15.43,9.52,1,Al Riyadh 2-1 Al Najma,2025-09-14
Al Riyadh,1.29,1.0,0.29,1.12,0.83,0.29,0.17,0.17,0.0,1.29,1.0,0.29,2,1,1,0.71,36.9,38.82,41.49,0.42,0.58,112,6,7,7,16.67,12.07,14.66,4,8,11,3,18,33.9,28.7,141.73,95.51,146.57,90.48,1,Al Riyadh 2-1 Al Najma,2025-09-14
Al-Qadsiah,1.42,4.36,-2.94,1.42,3.26,-1.84,0.0,0.34,-0.34,1.42,3.6,-2.18,2,2,0,2.94,44.5,37.02,41.98,0.62,1.75,151,9,10,24,16.13,13.71,13.14,4,8,14,3,11,45.7,18.1,51.4,58.94,72.43,30.64,0,Al Hilal 2-2 Al-Qadsiah,2025-09-13
Al Hilal,4.36,1.42,2.94,3.26,1.42,1.84,0.34,0.0,0.34,3.6,1.42,2.18,2,2,0,-2.94,55.5,62.98,53.77,1.75,0.62,322,27,24,10,13.71,16.13,11.77,8,4,39,7,10,206.8,81.9,35.8,41.06,163.93,69.36,4,Al Hilal 2-2 Al-Qadsiah,2025-09-13
Al Taawoun,2.1,1.2,0.9,2.08,1.0,1.08,0.02,0.2,-0.18,2.1,1.2,0.9,3,2,1,0.1,52.6,46.12,45.71,0.42,0.68,162,9,16,9,38.1,13.24,9.61,3,6,12,3,16,91.4,62.6,24.73,28.71,68.13,61.58,0,Al Okhdood 2-3 Al Taawoun,2025-09-13
Al Okhdood,1.2,2.1,-0.9,1.0,2.08,-1.08,0.2,0.02,0.18,1.2,2.1,-0.9,2,3,-1,-0.1,47.4,53.88,47.62,0.68,0.42,164,9,9,16,13.24,38.1,8.77,6,3,23,7,14,54.6,37.4,61.4,71.29,42.5,38.42,3,Al Okhdood 2-3 Al Taawoun,2025-09-13
Al Fayha,0.34,1.63,-1.29,0.18,1.58,-1.4,0.15,0.05,0.1,0.34,1.63,-1.29,0,3,-3,-1.71,48.1,56.81,48.02,0.46,0.68,208,8,9,14,19.57,20.59,13.16,3,6,18,7,13,81.9,46.38,29.07,40.86,67.7,32.09,0,Al Khaleej 3-0 Al Fayha,2025-09-13
Al Khaleej,1.63,0.34,1.29,1.58,0.18,1.4,0.05,0.15,-0.1,1.63,0.34,1.29,3,0,3,1.71,51.9,43.19,44.11,0.68,0.46,172,15,14,9,20.59,19.57,14.54,6,3,12,2,9,94.7,53.62,42.07,59.14,143.24,67.91,1,Al Khaleej 3-0 Al Fayha,2025-09-13
Al Fateh,2.61,2.94,-0.33,1.85,2.93,-1.08,0.0,0.02,-0.02,1.85,2.94,-1.09,2,4,-2,-1.67,36.5,35.32,49.02,0.74,0.29,129,4,13,16,17.57,55.17,12.29,7,2,9,3,7,47.9,24.33,92.8,78.6,54.93,22.78,0,Al Ittihad 4-2 Al Fateh,2025-09-12
Al Ittihad,2.94,2.61,0.33,2.93,1.85,1.08,0.02,0.0,0.02,2.94,1.85,1.09,4,2,2,1.67,63.5,64.68,49.29,0.29,0.74,236,8,16,13,55.17,17.57,10.95,2,7,13,8,10,149.0,75.67,25.27,21.4,186.17,77.22,0,Al Ittihad 4-2 Al Fateh,2025-09-12
Al Hazem,0.1,1.23,-1.13,0.02,0.87,-0.85,0.08,0.36,-0.28,0.1,1.23,-1.13,0,1,-1,0.13,40.3,36.29,44.82,0.23,0.76,136,7,2,13,8.7,17.11,15.08,5,2,7,3,10,25.5,15.33,68.13,74.82,35.13,23.46,1,Al Shabab 1-0 Al Hazem,2025-09-12
Al Shabab,1.23,0.1,1.13,0.87,0.02,0.85,0.36,0.08,0.28,1.23,0.1,1.13,1,0,1,-0.13,59.7,63.71,49.71,0.76,0.23,246,18,13,2,17.11,8.7,10.63,2,5,28,9,14,140.8,84.67,22.93,25.18,114.63,76.54,0,Al Shabab 1-0 Al Hazem,2025-09-12
Al Ahli,1.5,0.74,0.76,1.12,0.74,0.38,0.39,0.0,0.39,1.5,0.74,0.76,0,0,0,-0.76,57.6,72.4,54.25,0.41,0.3,254,16,15,4,36.59,13.33,8.03,12,4,30,10,11,165.3,93.55,46.33,46.58,156.6,94.28,1,Al Ettifaq 0-0 Al Ahli,2025-09-12
Al Ettifaq,0.74,1.5,-0.76,0.74,1.12,-0.38,0.0,0.39,-0.39,0.74,1.5,-0.76,0,0,0,0.76,42.4,27.6,40.49,0.3,0.41,90,5,4,15,13.33,36.59,15.47,4,12,9,3,9,11.4,6.45,53.13,53.42,9.5,5.72,1,Al Ettifaq 0-0 Al Ahli,2025-09-12
Al Ittihad,3.15,1.09,2.06,3.09,1.09,2.0,0.06,0.0,0.06,3.15,1.09,2.06,5,2,3,0.94,66.2,69.15,48.46,1.48,0.31,299,27,17,7,11.49,22.58,14.5,4,3,15,7,7,189.8,88.44,13.07,9.26,122.03,70.36,0,Al Okhdood 2-5 Al Ittihad,2025-08-30
Al Okhdood,1.09,3.15,-2.06,1.09,3.09,-2.0,0.0,0.06,-0.06,1.09,3.15,-2.06,2,5,-3,-0.94,33.8,30.85,43.2,0.31,1.48,120,3,7,17,22.58,11.49,31.47,3,4,14,3,6,24.8,11.56,128.13,90.74,51.4,29.64,2,Al Okhdood 2-5 Al Ittihad,2025-08-30
Al Najma,0.61,2.52,-1.91,0.61,2.32,-1.71,0.0,0.21,-0.21,0.61,2.52,-1.91,1,3,-2,-0.09,47.3,45.66,46.94,0.55,1.18,229,7,8,15,14.55,12.71,20.45,6,4,11,1,7,94.3,44.86,70.07,46.96,70.57,31.26,0,Al-Qadsiah 3-1 Al Najma,2025-08-30
Al-Qadsiah,2.52,0.61,1.91,2.32,0.61,1.71,0.21,0.0,0.21,2.52,0.61,1.91,3,1,2,0.09,52.7,54.34,48.65,1.18,0.55,271,17,15,8,12.71,14.55,18.04,4,6,22,10,9,115.9,55.14,79.13,53.04,155.2,68.74,1,Al-Qadsiah 3-1 Al Najma,2025-08-30
Al Fayha,1.18,0.83,0.35,0.87,0.83,0.04,0.31,0.0,0.31,1.18,0.83,0.35,2,1,1,0.65,40.2,31.32,42.54,0.44,0.89,114,4,8,12,18.18,13.48,18.33,4,4,10,3,13,19.2,11.45,69.33,59.87,49.47,33.8,0,Al Fateh 1-2 Al Fayha,2025-08-30
Al Fateh,0.83,1.18,-0.35,0.83,0.87,-0.04,0.0,0.31,-0.31,0.83,1.18,-0.35,1,2,-1,-0.65,59.8,68.68,53.61,0.89,0.44,308,10,12,8,13.48,18.18,9.87,4,4,28,5,8,148.5,88.55,46.47,40.13,96.9,66.2,1,Al Fateh 1-2 Al Fayha,2025-08-30
Al Nassr,3.19,0.43,2.76,2.37,0.43,1.94,0.06,0.0,0.06,2.43,0.43,2.0,5,0,5,2.24,59.0,76.8,53.54,0.91,0.69,294,19,21,4,23.08,5.8,12.85,8,2,16,5,6,239.7,96.3,51.93,45.34,276.17,95.4,0,Al Taawoun 0-5 Al Nassr,2025-08-29
Al Taawoun,0.43,3.19,-2.76,0.43,2.37,-1.94,0.0,0.06,-0.06,0.43,2.43,-2.0,0,5,-5,-2.24,41.0,23.2,41.19,0.69,0.91,119,6,4,21,5.8,23.08,15.48,2,8,6,2,13,9.2,3.7,62.6,54.66,13.33,4.6,0,Al Taawoun 0-5 Al Nassr,2025-08-29
Al Khaleej,2.06,2.28,-0.22,1.2,1.49,-0.29,0.11,0.04,0.07,1.3,1.52,-0.22,4,1,3,3.22,44.2,30.57,40.08,0.58,1.03,114,9,9,13,15.52,12.62,10.66,2,7,13,5,18,31.9,19.96,38.53,57.63,53.87,46.91,0,Al Shabab 1-4 Al Khaleej,2025-08-29
Al Shabab,2.28,2.06,0.22,1.49,1.2,0.29,0.04,0.11,-0.07,1.52,1.3,0.22,1,4,-3,-3.22,55.8,69.43,52.78,1.03,0.58,233,15,13,9,12.62,15.52,6.3,7,2,28,5,15,127.9,80.04,28.33,42.37,60.97,53.09,3,Al Shabab 1-4 Al Khaleej,2025-08-29
Al Riyadh,0.26,2.68,-2.42,0.26,2.65,-2.39,0.0,0.04,-0.04,0.26,2.68,-2.42,0,2,-2,0.42,38.0,40.06,47.03,0.25,1.06,161,5,2,15,8.0,14.15,16.15,7,8,15,2,12,48.9,23.0,75.4,79.65,45.67,17.05,1,Al Hilal 2-0 Al Riyadh,2025-08-29
Al Hilal,2.68,0.26,2.42,2.65,0.26,2.39,0.04,0.0,0.04,2.68,0.26,2.42,2,0,2,-0.42,62.0,59.94,51.43,1.06,0.25,307,19,15,2,14.15,8.0,7.47,8,7,16,5,10,163.7,77.0,19.27,20.35,222.17,82.95,3,Al Hilal 2-0 Al Riyadh,2025-08-29
NEOM,0.68,1.06,-0.38,0.68,1.01,-0.33,0.0,0.05,-0.05,0.68,1.06,-0.38,0,1,-1,-0.62,50.4,37.83,42.08,0.28,0.4,131,5,9,9,32.14,22.5,7.15,4,10,7,2,15,45.5,30.03,41.67,54.02,47.23,26.75,0,Al Ahli 1-0 NEOM,2025-08-28
Al Ahli,1.06,0.68,0.38,1.01,0.68,0.33,0.05,0.0,0.05,1.06,0.68,0.38,1,0,1,0.62,49.6,62.17,48.83,0.4,0.28,190,11,9,9,22.5,32.14,7.29,10,4,11,3,13,106.0,69.97,35.47,45.98,129.33,73.25,1,Al Ahli 1-0 NEOM,2025-08-28
Al Kholood,0.97,1.26,-0.29,0.97,1.25,-0.28,0.0,0.01,-0.01,0.97,1.26,-0.29,1,2,-1,-0.71,48.1,45.56,45.01,0.5,0.63,167,14,10,8,20.0,12.7,14.58,4,6,11,1,3,74.5,44.96,75.4,63.08,77.2,47.79,0,Al Ettifaq 2-1 Al Kholood,2025-08-28
Al Ettifaq,1.26,0.97,0.29,1.25,0.97,0.28,0.01,0.0,0.01,1.26,0.97,0.29,2,1,1,0.71,51.9,54.44,47.89,0.63,0.5,204,8,8,10,12.7,20.0,14.96,6,4,11,3,13,91.2,55.04,44.13,36.92,84.33,52.21,0,Al Ettifaq 2-1 Al Kholood,2025-08-28
Al Hazem,2.19,1.19,1.0,0.67,1.0,-0.33,0.0,0.18,-0.18,0.67,1.19,-0.52,1,1,0,-1.0,41.0,45.85,46.02,0.7,0.24,145,8,9,9,12.86,37.5,12.03,6,7,15,2,19,59.0,47.12,89.8,95.94,120.5,85.28,0,Damac 1-1 Al Hazem,2025-08-28
Damac,1.19,2.19,-1.0,1.0,0.67,0.33,0.18,0.0,0.18,1.19,0.67,0.52,1,1,0,1.0,59.0,54.15,46.06,0.24,0.7,236,6,9,9,37.5,12.86,9.18,7,6,21,4,11,66.2,52.88,3.8,4.06,20.8,14.72,2,Damac 1-1 Al Hazem,2025-08-28
