Team,xG,xGA,xGD,Open Play xG,Open Play xGA,Open Play xGD,Set Piece xG,Set Piece xGA,Set Piece xGD,npxG,npxGA,npxGD,Goals,Goals Conceded,GD,GD-xGD,Possession,Field Tilt,Avg Pass Height,xT,xT Against,Passes in Opposition Half,Passes into Box,Shots,Shots Faced,Shots per 1.0 xT,Shots Faced per 1.0 xT Against,PPDA,High Recoveries,High Recoveries Against,Crosses,Corners,Fouls,On-Ball Pressure,On-Ball Pressure Share,Off-Ball Pressure,Off-Ball Pressure Share,Game Control,Game Control Share,Throw-Ins into the Box,Match,Date
TSC,4.97,0.53,4.44,4.55,0.53,4.02,0.42,0.00,0.42,4.97,0.53,4.44,4,1,3,-1.44,60.50,65.98,51.32,2.13,0.33,295,24,23,8,10.8,24.24,6.73,8,1,29,9,19,178.1,90.5,24.73,24.49,145.63,84.42,0,Spartak Subotica 1-4 TSC,2026-04-23
Spartak Subotica,0.53,4.97,-4.44,0.53,4.55,-4.02,0.00,0.42,-0.42,0.53,4.97,-4.44,1,4,-3,1.44,39.50,34.02,42.61,0.33,2.13,119,4,8,23,24.24,10.8,15.26,1,8,7,2,8,18.7,9.5,76.27,75.51,26.87,15.58,0,Spartak Subotica 1-4 TSC,2026-04-23
Radnički Kragujevac,3.51,0.68,2.83,1.90,0.66,1.24,1.62,0.01,1.61,3.51,0.68,2.83,0,0,0,-2.83,49.50,47.73,46.62,1.22,0.9,184,21,18,9,14.75,10.0,10.11,7,4,14,4,11,119.3,67.94,58.13,66.56,133.87,76.15,1,Mladost Lučani 0-0 Radnički Kragujevac,2026-04-23
Mladost Lučani,0.68,3.51,-2.83,0.66,1.90,-1.24,0.01,1.62,-1.61,0.68,3.51,-2.83,0,0,0,2.83,50.50,52.27,46.34,0.9,1.22,217,9,9,18,10.0,14.75,9.68,4,7,26,5,17,56.3,32.06,29.2,33.44,41.93,23.85,0,Mladost Lučani 0-0 Radnički Kragujevac,2026-04-23
IMT Novi Beograd,1.10,0.67,0.43,0.88,0.60,0.28,0.21,0.07,0.14,1.10,0.67,0.43,1,0,1,0.57,58.80,64.04,51.98,1.31,0.62,285,24,14,7,10.69,11.29,8.44,6,2,27,5,16,152.1,85.84,33.53,34.31,132.23,78.65,2,Napredak 0-1 IMT Novi Beograd,2026-04-23
Napredak,0.67,1.10,-0.43,0.60,0.88,-0.28,0.07,0.21,-0.14,0.67,1.10,-0.43,0,1,-1,-0.57,41.20,35.96,43.33,0.62,1.31,143,6,7,14,11.29,10.69,15.04,2,6,9,3,15,25.1,14.16,64.2,65.69,35.9,21.35,0,Napredak 0-1 IMT Novi Beograd,2026-04-23
Javor,2.01,3.04,-1.03,1.52,2.22,-0.70,0.49,0.06,0.43,2.01,2.28,-0.27,2,3,-1,0.03,57.10,54.55,46.01,0.65,0.68,202,12,13,18,20.0,26.47,13.50,4,4,21,4,9,64.3,46.26,28.8,27.12,35.23,22.46,2,Radnički Niš 3-2 Javor,2026-04-23
Radnički Niš,3.04,2.01,1.03,2.22,1.52,0.70,0.06,0.49,-0.43,2.28,2.01,0.27,3,2,1,-0.03,42.90,45.45,48.24,0.68,0.65,165,12,18,13,26.47,20.0,16.79,4,4,10,4,11,74.7,53.74,77.4,72.88,121.63,77.54,1,Radnički Niš 3-2 Javor,2026-04-23
Crvena zvezda,2.95,0.39,2.56,2.32,0.28,2.04,0.63,0.11,0.52,2.95,0.39,2.56,2,2,0,-2.56,70.6,80.74,51.05,1.39,0.21,383,18,18,4,12.95,19.05,7.7,6,2,37,6,14,262.1,92.84,17.33,11.71,173.17,77.73,8,Železničar Pančevo 2-2 Crvena zvezda,2026-04-22
Železničar Pančevo,0.39,2.95,-2.56,0.28,2.32,-2.04,0.11,0.63,-0.52,0.39,2.95,-2.56,2,2,0,2.56,29.4,19.26,35.7,0.21,1.39,69,4,4,18,19.05,12.95,22.41,2,6,3,1,9,20.2,7.16,130.67,88.29,49.6,22.27,0,Železničar Pančevo 2-2 Crvena zvezda,2026-04-22
Čukarički,1.1,0.79,0.31,1.01,0.31,0.7,0.09,0.48,-0.39,1.1,0.79,0.31,0,0,0,-0.31,50.5,42.19,42.95,0.58,0.35,153,19,13,6,22.41,17.14,9.5,3,6,13,4,15,70.5,47.16,36.07,46.01,67.87,45.1,2,OFK Beograd 0-0 Čukarički,2026-04-22
OFK Beograd,0.79,1.1,-0.31,0.31,1.01,-0.7,0.48,0.09,0.39,0.79,1.1,-0.31,0,0,0,0.31,49.5,57.81,45.92,0.35,0.58,187,6,6,13,17.14,22.41,8.81,6,3,12,2,16,79.0,52.84,42.33,53.99,82.63,54.9,1,OFK Beograd 0-0 Čukarički,2026-04-22
Novi Pazar,0.57,1.25,-0.68,0.57,1.1,-0.53,0.0,0.15,-0.15,0.57,1.25,-0.68,0,2,-2,-1.32,42.0,40.41,42.31,0.27,0.16,109,6,6,16,22.22,100.0,10.21,3,5,8,1,15,41.3,29.69,48.13,72.05,53.3,39.59,0,Radnik Surdulica 2-0 Novi Pazar,2026-04-22
Radnik Surdulica,1.25,0.57,0.68,1.1,0.57,0.53,0.15,0.0,0.15,1.25,0.57,0.68,2,0,2,1.32,58.0,59.59,44.37,0.16,0.27,167,2,16,6,100.0,22.22,8.29,5,3,16,7,10,97.8,70.31,18.67,27.95,81.33,60.41,0,Radnik Surdulica 2-0 Novi Pazar,2026-04-22
Partizan,0.44,0.65,-0.21,0.44,0.65,-0.21,0.0,0.0,0.0,0.44,0.65,-0.21,0,0,0,0.21,56.9,42.05,42.04,0.39,0.72,165,7,7,11,17.95,15.28,7.97,4,7,7,3,15,72.7,43.17,20.53,17.91,36.27,21.45,0,Vojvodina 0-0 Partizan,2026-04-22
Vojvodina,0.65,0.44,0.21,0.65,0.44,0.21,0.0,0.0,0.0,0.65,0.44,0.21,0,0,0,-0.21,43.1,57.95,51.82,0.72,0.39,202,17,11,7,15.28,17.95,8.52,7,4,20,2,16,95.7,56.83,94.07,82.09,132.8,78.55,0,Vojvodina 0-0 Partizan,2026-04-22
Mladost Lučani,1.37,2.27,-0.9,0.79,2.27,-1.48,0.58,0.0,0.58,1.37,2.27,-0.9,1,1,0,0.9,35.0,28.91,43.32,0.26,2.14,112,6,6,26,23.08,12.15,18.78,3,7,13,4,12,15.9,6.44,96.73,88.31,38.53,25.33,0,IMT Novi Beograd 1-1 Mladost Lučani,2026-04-19
IMT Novi Beograd,2.27,1.37,0.9,2.27,0.79,1.48,0.0,0.58,-0.58,2.27,1.37,0.9,1,1,0,-0.9,65.0,71.09,52.6,2.14,0.26,324,20,26,6,12.15,23.08,7.18,7,3,29,3,15,230.9,93.56,12.8,11.69,113.6,74.67,5,IMT Novi Beograd 1-1 Mladost Lučani,2026-04-19
Radnički Niš,0.39,1.25,-0.86,0.39,0.91,-0.52,0.0,0.34,-0.34,0.39,1.25,-0.86,1,1,0,0.86,44.1,51.74,49.05,0.2,0.58,165,6,8,12,40.0,20.69,7.04,8,5,9,1,20,65.0,38.67,55.53,71.32,84.4,43.46,1,Radnički Kragujevac 1-1 Radnički Niš,2026-04-19
Radnički Kragujevac,1.25,0.39,0.86,0.91,0.39,0.52,0.34,0.0,0.34,1.25,0.39,0.86,1,1,0,-0.86,55.9,48.26,46.52,0.58,0.2,164,12,12,8,20.69,40.0,6.15,5,8,13,4,13,103.1,61.33,22.33,28.68,109.8,56.54,2,Radnički Kragujevac 1-1 Radnički Niš,2026-04-19
Spartak Subotica,1.77,0.71,1.06,1.73,0.65,1.08,0.04,0.05,-0.01,1.77,0.71,1.06,0,1,-1,-2.06,56.0,49.58,52.0,1.02,0.44,287,20,14,10,13.73,22.73,13.68,2,5,9,4,11,114.6,56.73,34.67,29.5,82.23,53.62,0,Javor 1-0 Spartak Subotica,2026-04-19
Javor,0.71,1.77,-1.06,0.65,1.73,-1.08,0.05,0.04,0.01,0.71,1.77,-1.06,1,0,1,2.06,44.0,50.42,49.43,0.44,1.02,195,20,10,14,22.73,13.73,13.1,5,2,19,6,11,87.4,43.27,82.87,70.5,71.13,46.38,4,Javor 1-0 Spartak Subotica,2026-04-19
Napredak,0.68,2.67,-1.99,0.68,2.67,-1.99,0.0,0.0,0.0,0.68,2.67,-1.99,1,4,-3,-1.01,48.4,47.09,41.76,0.34,1.17,125,12,9,19,26.47,16.24,12.56,3,6,12,2,11,57.1,31.2,34.13,45.79,36.4,16.01,2,TSC 4-1 Napredak,2026-04-19
TSC,2.67,0.68,1.99,2.67,0.68,1.99,0.0,0.0,0.0,2.67,0.68,1.99,4,1,3,1.01,51.6,52.91,45.11,1.17,0.34,166,19,19,9,16.24,26.47,8.41,6,3,20,5,17,125.9,68.8,40.4,54.21,191.02,83.99,0,TSC 4-1 Napredak,2026-04-19
Železničar Pančevo,2.14,1.01,1.13,2.12,0.92,1.2,0.01,0.09,-0.08,2.14,1.01,1.13,1,2,-1,-2.13,49.1,53.36,43.36,0.53,0.34,153,5,10,10,18.87,29.41,8.0,1,6,14,6,18,75.7,60.56,57.0,54.53,91.8,59.52,2,Partizan 2-1 Železničar Pančevo,2026-04-18
Partizan,1.01,2.14,-1.13,0.92,2.12,-1.2,0.09,0.01,0.08,1.01,2.14,-1.13,2,1,1,2.13,50.9,46.64,40.96,0.34,0.53,131,5,10,10,29.41,18.87,7.11,6,1,11,2,18,49.3,39.44,47.53,45.47,62.43,40.48,0,Partizan 2-1 Železničar Pančevo,2026-04-18
OFK Beograd,2.64,1.22,1.42,2.64,1.22,1.42,0.0,0.0,0.0,2.64,1.22,1.42,5,1,4,2.58,47.4,41.85,40.05,0.31,0.71,92,8,10,14,32.26,19.72,10.25,4,9,3,3,12,41.4,37.2,29.87,45.16,56.07,48.65,0,Novi Pazar 1-5 OFK Beograd,2026-04-18
Novi Pazar,1.22,2.64,-1.42,1.22,2.64,-1.42,0.0,0.0,0.0,1.22,2.64,-1.42,1,5,-4,-2.58,52.6,58.15,47.39,0.71,0.31,135,11,14,10,19.72,32.26,5.74,9,4,19,2,11,69.9,62.8,36.27,54.84,59.17,51.35,6,Novi Pazar 1-5 OFK Beograd,2026-04-18
Vojvodina,0.36,4.18,-3.82,0.36,3.98,-3.62,0.0,0.2,-0.2,0.36,4.18,-3.82,1,4,-3,0.82,29.0,27.59,43.77,0.4,1.81,88,5,8,20,20.0,11.05,17.0,3,6,3,0,8,9.3,4.32,136.27,98.79,27.79,11.34,0,Crvena zvezda 4-1 Vojvodina,2026-04-18
Crvena zvezda,4.18,0.36,3.82,3.98,0.36,3.62,0.2,0.0,0.2,4.18,0.36,3.82,4,1,3,-0.82,71.0,72.41,50.52,1.81,0.4,317,24,20,8,11.05,20.0,5.81,6,3,17,4,14,206.1,95.68,1.67,1.21,217.21,88.66,5,Crvena zvezda 4-1 Vojvodina,2026-04-18
Radnik Surdulica,1.21,1.93,-0.72,1.21,1.14,0.07,0.0,0.02,-0.02,1.21,1.17,0.04,2,2,0,0.72,51.2,42.38,42.56,0.26,0.48,134,6,6,10,23.08,20.83,7.76,3,7,16,6,17,47.9,28.79,23.13,33.82,39.6,29.77,0,Čukarički 2-2 Radnik Surdulica,2026-04-18
Čukarički,1.93,1.21,0.72,1.14,1.21,-0.07,0.02,0.0,0.02,1.17,1.21,-0.04,2,2,0,-0.72,48.8,57.62,49.0,0.48,0.26,178,12,10,6,20.83,23.08,7.9,7,3,18,5,19,118.5,71.21,45.27,66.18,93.43,70.23,5,Čukarički 2-2 Radnik Surdulica,2026-04-18
Spartak Subotica,0.86,5.05,-4.19,0.86,4.25,-3.39,0.0,0.8,-0.8,0.86,5.05,-4.19,2,3,-1,3.19,35.2,25.37,43.3,0.36,3.42,141,3,4,32,11.11,9.36,18.46,5,15,3,0,8,38.7,9.94,110.47,83.02,23.97,8.13,0,Crvena zvezda 3-2 Spartak Subotica,2026-04-09
Crvena zvezda,5.05,0.86,4.19,4.25,0.86,3.39,0.8,0.0,0.8,5.05,0.86,4.19,3,2,1,-3.19,64.8,74.63,53.75,3.42,0.36,389,39,32,4,9.36,11.11,7.2,15,5,38,9,11,350.6,90.06,22.6,16.98,270.9,91.87,4,Crvena zvezda 3-2 Spartak Subotica,2026-04-09
Radnik Surdulica,0.11,1.15,-1.04,0.11,1.09,-0.98,0.0,0.06,-0.06,0.11,1.15,-1.04,0,0,0,1.04,31.1,38.98,47.34,0.11,0.49,104,2,2,10,18.18,20.41,11.13,7,6,11,3,17,25.6,15.6,134.33,98.53,70.57,57.99,0,OFK Beograd 0-0 Radnik Surdulica,2026-04-09
OFK Beograd,1.15,0.11,1.04,1.09,0.11,0.98,0.06,0.0,0.06,1.15,0.11,1.04,0,0,0,-1.04,68.9,61.02,45.09,0.49,0.11,216,10,10,2,20.41,18.18,4.35,6,7,14,7,12,138.5,84.4,2.0,1.47,51.13,42.01,1,OFK Beograd 0-0 Radnik Surdulica,2026-04-09
Radnički Kragujevac,1.14,0.56,0.58,1.1,0.45,0.65,0.05,0.11,-0.06,1.14,0.56,0.58,0,0,0,-0.58,49.7,56.69,47.15,0.49,0.43,186,13,13,11,26.53,25.58,10.36,6,5,22,3,12,107.8,61.28,39.67,47.34,98.57,60.88,4,Čukarički 0-0 Radnički Kragujevac,2026-04-09
Čukarički,0.56,1.14,-0.58,0.45,1.1,-0.65,0.11,0.05,0.06,0.56,1.14,-0.58,0,0,0,0.58,50.3,43.31,43.78,0.43,0.49,159,9,11,13,25.58,26.53,9.11,5,6,15,3,17,68.1,38.72,44.13,52.66,63.33,39.12,2,Čukarički 0-0 Radnički Kragujevac,2026-04-09
Partizan,1.32,2.55,-1.23,1.17,2.04,-0.87,0.15,0.51,-0.36,1.32,2.55,-1.23,3,2,1,2.23,50.4,43.37,41.56,0.69,0.38,175,11,9,18,13.04,47.37,12.03,4,4,9,2,13,44.0,27.35,38.6,41.09,50.7,32.98,1,Novi Pazar 2-3 Partizan,2026-04-09
Novi Pazar,2.55,1.32,1.23,2.04,1.17,0.87,0.51,0.15,0.36,2.55,1.32,1.23,2,3,-1,-2.23,49.6,56.63,45.45,0.38,0.69,178,14,18,9,47.37,13.04,16.7,4,4,20,6,8,116.9,72.65,55.33,58.91,103.03,67.02,1,Novi Pazar 2-3 Partizan,2026-04-09
Napredak,0.15,4.05,-3.9,0.15,3.22,-3.07,0.0,0.07,-0.07,0.15,3.29,-3.14,0,2,-2,1.9,48.9,44.67,45.43,0.34,1.17,188,2,5,17,14.71,14.53,16.41,3,7,16,7,10,49.0,24.5,34.13,54.41,24.33,9.98,0,Mladost Lučani 2-0 Napredak,2026-04-08
Mladost Lučani,4.05,0.15,3.9,3.22,0.15,3.07,0.07,0.0,0.07,3.29,0.15,3.14,2,0,2,-1.9,51.1,55.33,46.54,1.17,0.34,196,18,17,5,14.53,14.71,11.12,7,3,19,5,15,151.0,75.5,28.6,45.59,219.53,90.02,0,Mladost Lučani 2-0 Napredak,2026-04-08
Radnički Niš,0.77,1.49,-0.72,0.55,1.32,-0.77,0.22,0.17,0.05,0.77,1.49,-0.72,2,3,-1,-0.28,46.2,42.98,39.6,0.37,0.68,114,8,7,11,18.92,16.18,14.88,2,7,15,5,18,43.3,29.92,52.33,55.71,41.03,23.91,0,Vojvodina 3-2 Radnički Niš,2026-04-08
Vojvodina,1.49,0.77,0.72,1.32,0.55,0.77,0.17,0.22,-0.05,1.49,0.77,0.72,3,2,1,0.28,53.8,57.02,46.99,0.68,0.37,210,13,11,7,16.18,18.92,8.5,7,2,9,2,11,101.4,70.08,41.6,44.29,130.57,76.09,0,Vojvodina 3-2 Radnički Niš,2026-04-08
IMT Novi Beograd,1.72,0.86,0.86,0.96,0.86,0.1,0.0,0.0,0.0,0.96,0.86,0.1,3,1,2,1.14,45.8,66.09,51.56,0.81,0.76,218,11,9,4,11.11,5.26,12.12,5,3,19,5,17,140.9,81.54,86.27,82.11,211.0,98.03,0,TSC 1-3 IMT Novi Beograd,2026-04-08
TSC,0.86,1.72,-0.86,0.86,0.96,-0.1,0.0,0.0,0.0,0.86,0.96,-0.1,1,3,-2,-1.14,54.2,33.91,40.66,0.76,0.81,145,3,4,9,5.26,11.11,10.74,3,5,13,2,11,31.9,18.46,18.8,17.89,4.23,1.97,0,TSC 1-3 IMT Novi Beograd,2026-04-08
Železničar Pančevo,0.95,1.34,-0.39,0.92,1.25,-0.33,0.03,0.09,-0.06,0.95,1.34,-0.39,2,1,1,1.39,55.3,53.68,45.41,0.43,0.41,183,10,16,11,37.21,26.83,10.86,5,7,16,4,18,64.6,60.83,39.13,43.94,57.97,46.67,1,Javor 1-2 Železničar Pančevo,2026-04-08
Javor,1.34,0.95,0.39,1.25,0.92,0.33,0.09,0.03,0.06,1.34,0.95,0.39,1,2,-1,-1.39,44.7,46.32,39.38,0.41,0.43,113,9,11,16,26.83,37.21,13.96,7,5,20,4,12,41.6,39.17,49.93,56.06,66.23,53.33,2,Javor 1-2 Železničar Pančevo,2026-04-08
Čukarički,0.21,1.02,-0.81,0.21,0.9,-0.69,0.0,0.12,-0.12,0.21,1.02,-0.81,0,0,0,0.81,28.3,28.36,48.37,0.11,1.18,103,0,3,17,27.27,14.41,16.04,2,2,4,0,17,6.1,2.37,109.87,98.45,28.93,14.81,1,Partizan 0-0 Čukarički,2026-04-05
Partizan,1.02,0.21,0.81,0.9,0.21,0.69,0.12,0.0,0.12,1.02,0.21,0.81,0,0,0,-0.81,71.7,71.64,53.35,1.18,0.11,322,25,17,3,14.41,27.27,5.26,2,2,43,12,15,251.7,97.63,1.73,1.55,166.4,85.19,0,Partizan 0-0 Čukarički,2026-04-05
Crvena zvezda,2.19,0.31,1.88,1.81,0.21,1.6,0.39,0.1,0.29,2.19,0.31,1.88,2,1,1,-0.88,62.0,64.26,44.6,1.59,0.04,207,27,21,9,13.21,225.0,5.65,7,1,18,7,16,194.0,89.81,17.07,16.33,157.73,86.07,5,Radnik Surdulica 1-2 Crvena zvezda,2026-04-05
Radnik Surdulica,0.31,2.19,-1.88,0.21,1.81,-1.6,0.1,0.39,-0.29,0.31,2.19,-1.88,1,2,-1,0.88,38.0,35.74,42.12,0.04,1.59,102,5,9,21,225.0,13.21,13.43,1,7,13,5,14,22.0,10.19,87.47,83.67,25.53,13.93,0,Radnik Surdulica 1-2 Crvena zvezda,2026-04-05
Vojvodina,0.73,0.76,-0.03,0.64,0.76,-0.12,0.09,0.0,0.09,0.73,0.76,-0.03,0,0,0,0.03,56.3,48.15,42.8,0.35,0.38,152,7,4,8,11.43,21.05,7.65,2,4,18,4,19,37.2,42.47,11.33,14.06,29.33,22.6,0,IMT Novi Beograd 0-0 Vojvodina,2026-04-04
IMT Novi Beograd,0.76,0.73,0.03,0.76,0.64,0.12,0.0,0.09,-0.09,0.76,0.73,0.03,0,0,0,-0.03,43.7,51.85,47.01,0.38,0.35,154,5,8,4,21.05,11.43,7.0,4,2,12,2,21,50.4,57.53,69.27,85.94,100.47,77.4,5,IMT Novi Beograd 0-0 Vojvodina,2026-04-04
Mladost Lučani,1.01,1.31,-0.3,0.78,1.14,-0.36,0.23,0.16,0.07,1.01,1.31,-0.3,1,1,0,0.3,36.6,40.19,50.48,0.48,0.93,155,5,13,14,27.08,15.05,14.15,6,2,17,4,13,60.0,30.77,91.67,89.93,71.17,51.97,1,Radnički Kragujevac 1-1 Mladost Lučani,2026-04-04
Radnički Kragujevac,1.31,1.01,0.3,1.14,0.78,0.36,0.16,0.23,-0.07,1.31,1.01,0.3,1,1,0,-0.3,63.4,59.81,49.8,0.93,0.48,253,17,14,13,15.05,27.08,6.87,2,6,29,7,7,135.0,69.23,10.27,10.07,65.77,48.03,0,Radnički Kragujevac 1-1 Mladost Lučani,2026-04-04
Javor,3.15,1.19,1.96,1.29,1.16,0.13,1.1,0.03,1.07,2.39,1.19,1.2,2,1,1,-0.96,46.6,49.16,45.52,0.79,0.75,160,11,18,7,22.78,9.33,10.09,4,7,22,5,10,109.5,60.7,40.47,53.67,110.53,62.4,2,Spartak Subotica 1-2 Javor,2026-04-04
Spartak Subotica,1.19,3.15,-1.96,1.16,1.29,-0.13,0.03,1.1,-1.07,1.19,2.39,-1.2,1,2,-1,0.96,53.4,50.84,49.35,0.75,0.79,216,13,7,18,9.33,22.78,9.25,7,4,15,4,15,70.9,39.3,34.93,46.33,66.6,37.6,1,Spartak Subotica 1-2 Javor,2026-04-04
Novi Pazar,0.49,1.66,-1.17,0.49,1.57,-1.08,0.0,0.09,-0.09,0.49,1.66,-1.17,0,2,-2,-0.83,44.8,56.41,49.12,0.62,0.86,213,13,12,14,19.35,16.28,13.47,6,2,22,3,11,107.6,60.96,70.4,70.21,96.07,64.42,1,Železničar Pančevo 2-0 Novi Pazar,2026-04-04
Železničar Pančevo,1.66,0.49,1.17,1.57,0.49,1.08,0.09,0.0,0.09,1.66,0.49,1.17,2,0,2,0.83,55.2,43.59,45.25,0.86,0.62,183,15,14,12,16.28,19.35,12.19,2,6,19,3,12,68.9,39.04,29.87,29.79,53.07,35.58,0,Železničar Pančevo 2-0 Novi Pazar,2026-04-04
TSC,2.29,1.27,1.02,1.95,1.0,0.95,0.35,0.27,0.08,2.29,1.27,1.02,2,1,1,-0.02,43.8,37.73,43.78,0.9,0.88,131,8,14,12,15.56,13.64,8.19,3,5,17,4,19,54.8,28.03,26.67,40.57,61.73,47.03,0,Napredak 1-2 TSC,2026-04-03
Napredak,1.27,2.29,-1.02,1.0,1.95,-0.95,0.27,0.35,-0.08,1.27,2.29,-1.02,1,2,-1,0.02,56.2,62.27,51.47,0.88,0.9,231,15,12,14,13.64,15.56,7.1,5,3,35,7,13,140.7,71.97,39.07,59.43,69.53,52.97,1,Napredak 1-2 TSC,2026-04-03
OFK Beograd,1.2,1.48,-0.28,1.18,1.37,-0.19,0.02,0.11,-0.09,1.2,1.48,-0.28,2,1,1,1.28,45.0,37.92,42.57,0.52,0.91,131,2,10,16,19.23,17.58,12.3,4,4,9,4,16,44.6,28.89,62.13,71.41,57.67,51.37,0,Radnički Niš 1-2 OFK Beograd,2026-04-03
Radnički Niš,1.48,1.2,0.28,1.37,1.18,0.19,0.11,0.02,0.09,1.48,1.2,0.28,1,2,-1,-1.28,55.0,62.08,46.72,0.91,0.52,204,20,16,10,17.58,19.23,6.53,4,4,23,3,16,109.8,71.11,24.87,28.59,54.6,48.63,1,Radnički Niš 1-2 OFK Beograd,2026-04-03
Železničar Pančevo,1.01,2.68,-1.67,1.01,2.68,-1.67,0.0,0.0,0.0,1.01,2.68,-1.67,2,3,-1,0.67,67.6,63.09,46.9,0.76,0.57,255,9,9,9,11.84,15.79,7.72,3,6,33,6,11,162.4,74.32,14.13,8.63,74.53,39.13,0,Čukarički 3-2 Železničar Pančevo,2026-03-22
Čukarički,2.68,1.01,1.67,2.68,1.01,1.67,0.0,0.0,0.0,2.68,1.01,1.67,3,2,1,-0.67,32.4,36.91,47.88,0.57,0.76,119,10,9,9,15.79,11.84,15.11,6,3,12,0,13,56.1,25.68,149.67,91.37,115.93,60.87,5,Čukarički 3-2 Železničar Pančevo,2026-03-22
Radnički Kragujevac,1.41,1.65,-0.24,1.1,1.5,-0.4,0.31,0.15,0.16,1.41,1.65,-0.24,0,0,0,0.24,46.8,47.41,45.61,0.87,1.0,142,14,14,18,16.09,18.0,7.72,10,6,23,10,12,74.3,40.76,49.8,62.2,83.6,46.09,0,TSC 0-0 Radnički Kragujevac,2026-03-22
TSC,1.65,1.41,0.24,1.5,1.1,0.4,0.15,0.31,-0.16,1.65,1.41,0.24,0,0,0,-0.24,53.2,52.59,45.52,1.0,0.87,155,17,18,14,18.0,16.09,6.92,6,10,19,4,16,108.0,59.24,30.27,37.8,97.77,53.91,1,TSC 0-0 Radnički Kragujevac,2026-03-22
IMT Novi Beograd,2.26,1.72,0.54,2.16,1.72,0.44,0.1,0.0,0.1,2.26,1.72,0.54,3,3,0,-0.54,49.8,48.81,45.94,1.54,0.35,163,18,13,6,8.44,17.14,9.11,4,8,31,9,13,87.0,63.97,38.93,50.39,88.2,55.19,2,OFK Beograd 3-3 IMT Novi Beograd,2026-03-22
OFK Beograd,1.72,2.26,-0.54,1.72,2.16,-0.44,0.0,0.1,-0.1,1.72,2.26,-0.54,3,3,0,0.54,50.2,51.19,45.26,0.35,1.54,161,7,6,13,17.14,8.44,8.15,8,4,13,3,14,49.0,36.03,38.33,49.61,71.6,44.81,0,OFK Beograd 3-3 IMT Novi Beograd,2026-03-22
Partizan,1.78,0.74,1.04,1.72,0.38,1.34,0.06,0.37,-0.31,1.78,0.74,1.04,1,1,0,-1.04,76.9,78.91,57.57,1.64,0.2,524,24,20,6,12.2,30.0,9.7,3,0,31,5,11,385.8,94.7,0.53,0.38,293.47,78.33,0,Mladost Lučani 1-1 Partizan,2026-03-21
Mladost Lučani,0.74,1.78,-1.04,0.38,1.72,-1.34,0.37,0.06,0.31,0.74,1.78,-1.04,1,1,0,1.04,23.1,21.09,40.81,0.2,1.64,88,4,6,20,30.0,12.2,31.19,0,3,16,7,5,21.6,5.3,138.93,99.62,81.17,21.67,0,Mladost Lučani 1-1 Partizan,2026-03-21
Napredak,0.58,4.16,-3.58,0.42,3.96,-3.54,0.16,0.2,-0.04,0.58,4.16,-3.58,1,4,-3,0.58,39.6,39.81,45.47,0.33,2.05,143,7,5,18,15.15,8.78,19.55,0,10,8,1,3,36.8,22.59,52.53,78.96,21.66,10.83,0,Vojvodina 4-1 Napredak,2026-03-21
Vojvodina,4.16,0.58,3.58,3.96,0.42,3.54,0.2,0.16,0.04,4.16,0.58,3.58,4,1,3,-0.58,60.4,60.19,51.52,2.05,0.33,281,22,18,5,8.78,15.15,9.13,10,0,22,8,13,126.1,77.41,14.0,21.04,178.3,89.17,0,Vojvodina 4-1 Napredak,2026-03-21
Radnički Niš,0.24,3.94,-3.7,0.12,3.6,-3.48,0.12,0.34,-0.22,0.24,3.94,-3.7,0,2,-2,1.7,21.7,16.01,34.69,0.13,1.27,48,2,8,27,61.54,21.26,20.88,1,12,7,4,5,5.6,1.75,180.93,99.93,8.77,3.88,0,Crvena zvezda 2-0 Radnički Niš,2026-03-21
Crvena zvezda,3.94,0.24,3.7,3.6,0.12,3.48,0.34,0.12,0.22,3.94,0.24,3.7,2,0,2,-1.7,78.3,83.99,53.56,1.27,0.13,455,30,27,8,21.26,61.54,6.29,12,1,37,11,7,314.4,98.25,0.13,0.07,217.37,96.12,4,Crvena zvezda 2-0 Radnički Niš,2026-03-21
Novi Pazar,1.48,1.28,0.2,1.35,0.52,0.83,0.13,0.0,0.13,1.48,0.52,0.96,0,0,0,-0.2,53.5,51.89,48.56,0.89,0.38,213,9,19,8,21.35,21.05,7.78,9,2,18,4,13,106.0,70.81,33.47,33.97,83.23,61.31,2,Javor 0-0 Novi Pazar,2026-03-21
Javor,1.28,1.48,-0.2,0.52,1.35,-0.83,0.0,0.13,-0.13,0.52,1.48,-0.96,0,0,0,0.2,46.5,48.11,45.68,0.38,0.89,160,11,8,19,21.05,21.35,12.5,2,9,19,2,12,43.7,29.19,65.07,66.03,52.53,38.69,4,Javor 0-0 Novi Pazar,2026-03-21
Radnik Surdulica,2.08,1.11,0.97,1.16,0.95,0.21,0.15,0.16,-0.01,1.32,1.11,0.21,3,1,2,1.03,35.2,46.89,49.62,0.32,0.38,147,7,16,9,50.0,23.68,10.02,7,4,15,5,15,103.1,53.73,127.67,97.26,192.8,92.81,0,Spartak Subotica 1-3 Radnik Surdulica,2026-03-20
Spartak Subotica,1.11,2.08,-0.97,0.95,1.16,-0.21,0.16,0.15,0.01,1.11,1.32,-0.21,1,3,-2,-1.03,64.8,53.11,43.81,0.38,0.32,226,7,9,16,23.68,50.0,7.33,4,7,14,3,13,88.8,46.27,3.6,2.74,14.93,7.19,1,Spartak Subotica 1-3 Radnik Surdulica,2026-03-20
Vojvodina,1.1,0.95,0.15,0.86,0.91,-0.05,0.24,0.03,0.21,1.1,0.95,0.15,1,0,1,0.85,50.9,55.99,48.06,0.51,0.55,194,10,10,6,19.61,10.91,7.71,10,6,21,8,19,84.3,69.04,36.13,60.69,100.6,70.86,0,Radnički Kragujevac 0-1 Vojvodina,2026-03-15
Radnički Kragujevac,0.95,1.1,-0.15,0.91,0.86,0.05,0.03,0.24,-0.21,0.95,1.1,-0.15,0,1,-1,-0.85,49.1,44.01,44.81,0.55,0.51,165,7,6,10,10.91,19.61,8.68,6,10,19,4,8,37.8,30.96,23.4,39.31,41.37,29.14,0,Radnički Kragujevac 0-1 Vojvodina,2026-03-15
Crvena zvezda,3.04,1.4,1.64,2.82,0.63,2.19,0.22,0.01,0.21,3.04,0.64,2.4,2,1,1,-0.64,69.8,68.14,48.61,0.98,0.37,310,21,15,8,15.31,21.62,7.64,6,5,21,6,4,176.0,84.82,0.93,0.59,82.8,50.4,4,IMT Novi Beograd 1-2 Crvena zvezda,2026-03-15
IMT Novi Beograd,1.4,3.04,-1.64,0.63,2.82,-2.19,0.01,0.22,-0.21,0.64,3.04,-2.4,1,2,-1,0.64,30.2,31.86,46.75,0.37,0.98,111,8,8,15,21.62,15.31,17.27,5,6,15,4,18,31.5,15.18,156.13,99.41,81.5,49.6,3,IMT Novi Beograd 1-2 Crvena zvezda,2026-03-15
Mladost Lučani,0.56,4.04,-3.48,0.17,2.71,-2.54,0.39,0.57,-0.18,0.56,3.28,-2.72,0,5,-5,-1.52,26.5,20.62,40.5,0.53,0.96,81,5,3,16,5.66,16.67,24.88,0,7,3,2,10,14.7,7.85,178.6,98.82,57.07,25.31,0,Železničar Pančevo 5-0 Mladost Lučani,2026-03-15
Železničar Pančevo,4.04,0.56,3.48,2.71,0.17,2.54,0.57,0.39,0.18,3.28,0.56,2.72,5,0,5,1.52,73.5,79.38,51.02,0.96,0.53,377,15,16,3,16.67,5.66,6.85,7,0,22,7,12,172.5,92.15,2.13,1.18,168.39,74.69,0,Železničar Pančevo 5-0 Mladost Lučani,2026-03-15
Čukarički,1.92,1.12,0.8,1.69,0.64,1.05,0.23,0.48,-0.25,1.92,1.12,0.8,1,1,0,-0.8,49.9,48.92,49.25,0.46,0.67,183,11,15,10,32.61,14.93,10.13,2,1,19,6,15,67.1,44.67,51.8,69.37,80.93,52.92,3,Novi Pazar 1-1 Čukarički,2026-03-15
Novi Pazar,1.12,1.92,-0.8,0.64,1.69,-1.05,0.48,0.23,0.25,1.12,1.92,-0.8,1,1,0,0.8,50.1,51.08,46.94,0.67,0.46,160,9,10,15,14.93,32.61,13.95,1,2,15,4,15,83.1,55.33,22.87,30.63,72.0,47.08,4,Novi Pazar 1-1 Čukarički,2026-03-15
TSC,2.26,2.74,-0.48,1.18,2.74,-1.56,1.09,0.0,1.09,2.26,2.74,-0.48,1,2,-1,-0.52,48.1,57.61,49.52,0.79,0.86,208,10,14,15,17.72,17.44,11.78,5,4,25,8,14,95.7,52.5,62.27,77.07,114.4,54.68,3,Partizan 2-1 TSC,2026-03-14
Partizan,2.74,2.26,0.48,2.74,1.18,1.56,0.0,1.09,-1.09,2.74,2.26,0.48,2,1,1,0.52,51.9,42.39,43.52,0.86,0.79,178,14,15,14,17.44,17.72,9.21,4,5,11,2,9,86.6,47.5,18.53,22.93,94.8,45.32,0,Partizan 2-1 TSC,2026-03-14
Spartak Subotica,1.83,1.1,0.73,1.83,0.97,0.86,0.0,0.13,-0.13,1.83,1.1,0.73,2,0,2,1.27,35.6,26.06,37.41,0.76,1.53,91,9,11,12,14.47,7.84,17.64,2,11,3,2,17,11.2,5.79,113.2,89.56,71.13,49.65,1,Radnički Niš 0-2 Spartak Subotica,2026-03-14
Radnički Niš,1.1,1.83,-0.73,0.97,1.83,-0.86,0.13,0.0,0.13,1.1,1.83,-0.73,0,2,-2,-1.27,64.4,73.94,50.13,1.53,0.76,336,18,12,11,7.84,14.47,8.05,11,2,24,6,7,182.2,94.21,13.2,10.44,72.13,50.35,1,Radnički Niš 0-2 Spartak Subotica,2026-03-14
Javor,1.46,1.92,-0.46,0.95,1.83,-0.88,0.51,0.09,0.42,1.46,1.92,-0.46,1,1,0,0.46,38.6,41.12,48.6,0.65,1.03,162,15,8,18,12.31,17.48,12.32,4,5,11,1,21,85.7,37.07,74.0,77.35,120.3,55.04,2,Radnik Surdulica 1-1 Javor,2026-03-14
Radnik Surdulica,1.92,1.46,0.46,1.83,0.95,0.88,0.09,0.51,-0.42,1.92,1.46,0.46,1,1,0,-0.46,61.4,58.88,52.49,1.03,0.65,307,17,18,8,17.48,12.31,7.94,5,4,25,6,11,145.5,62.93,21.67,22.65,98.27,44.96,2,Radnik Surdulica 1-1 Javor,2026-03-14
OFK Beograd,1.95,1.58,0.37,1.87,1.56,0.31,0.07,0.02,0.05,1.95,1.58,0.37,2,2,0,-0.37,66.0,66.11,50.86,1.24,0.69,239,24,21,8,16.94,11.59,5.38,3,2,29,7,15,200.9,90.78,4.8,5.27,153.0,85.7,0,Napredak 2-2 OFK Beograd,2026-03-16
Napredak,1.58,1.95,-0.37,1.56,1.87,-0.31,0.02,0.07,-0.05,1.58,1.95,-0.37,2,2,0,0.37,34.0,33.89,45.77,0.69,1.24,100,9,8,21,11.59,16.94,10.0,2,3,10,2,23,20.4,9.22,86.33,94.73,25.53,14.3,1,Napredak 2-2 OFK Beograd,2026-03-16
Radnički Kragujevac,0.05,1.94,-1.89,0.05,1.9,-1.85,0.0,0.04,-0.04,0.05,1.94,-1.89,0,0,0,1.89,34.8,29.87,41.22,0.39,1.1,89,9,2,13,5.13,11.82,8.53,4,7,11,1,23,15.2,9.46,50.93,76.63,20.03,14.84,2,OFK Beograd 0-0 Radnički Kragujevac,2026-03-09
OFK Beograd,1.94,0.05,1.89,1.9,0.05,1.85,0.04,0.0,0.04,1.94,0.05,1.89,0,0,0,-1.89,65.2,70.13,51.92,1.1,0.39,261,12,13,2,11.82,5.13,4.05,7,4,21,6,18,145.5,90.54,15.53,23.37,114.93,85.16,1,OFK Beograd 0-0 Radnički Kragujevac,2026-03-09
Novi Pazar,2.31,0.51,1.8,2.31,0.44,1.87,0.0,0.07,-0.07,2.31,0.51,1.8,2,0,2,0.2,45.0,44.01,44.66,0.68,1.07,178,8,9,6,13.24,5.61,14.13,5,3,8,1,15,57.7,47.3,52.73,70.94,92.67,71.95,0,Mladost Lučani 0-2 Novi Pazar,2026-03-09
Mladost Lučani,0.51,2.31,-1.8,0.44,2.31,-1.87,0.07,0.0,0.07,0.51,2.31,-1.8,0,2,-2,-0.2,55.0,55.99,46.06,1.07,0.68,222,12,6,9,5.61,13.24,11.97,3,5,27,7,3,64.3,52.7,21.6,29.06,36.13,28.05,3,Mladost Lučani 0-2 Novi Pazar,2026-03-09
Partizan,0.32,2.41,-2.09,0.2,0.75,-0.55,0.12,0.14,-0.02,0.32,0.89,-0.57,0,3,-3,-0.91,61.3,47.1,44.42,0.4,0.24,205,5,5,14,12.5,58.33,8.1,1,10,8,2,15,70.5,43.38,16.8,14.33,35.87,18.45,1,Vojvodina 3-0 Partizan,2026-03-08
Vojvodina,2.41,0.32,2.09,0.75,0.2,0.55,0.14,0.12,0.02,0.89,0.32,0.57,3,0,3,0.91,38.7,52.9,49.91,0.24,0.4,148,8,14,5,58.33,12.5,8.24,10,1,21,8,18,92.0,56.62,100.47,85.67,158.53,81.55,2,Vojvodina 3-0 Partizan,2026-03-08
IMT Novi Beograd,1.88,0.15,1.73,0.95,0.15,0.8,0.16,0.0,0.16,1.12,0.15,0.97,1,0,1,-0.73,65.0,68.38,45.4,0.92,0.24,203,10,18,1,19.57,4.17,7.39,3,1,27,4,13,138.1,89.39,5.8,6.72,98.37,65.68,5,Spartak Subotica 0-1 IMT Novi Beograd,2026-03-08
Spartak Subotica,0.15,1.88,-1.73,0.15,0.95,-0.8,0.0,0.16,-0.16,0.15,1.12,-0.97,0,1,-1,0.73,35.0,31.62,42.6,0.24,0.92,95,4,1,18,4.17,19.57,14.1,1,3,4,0,13,16.4,10.61,80.53,93.28,51.4,34.32,2,Spartak Subotica 0-1 IMT Novi Beograd,2026-03-08
Napredak,0.62,3.37,-2.75,0.42,2.64,-2.22,0.2,0.73,-0.53,0.62,3.37,-2.75,0,4,-4,-1.25,22.7,15.76,36.17,0.09,1.75,53,4,7,23,77.78,13.14,27.37,1,10,3,2,7,6.4,2.2,159.0,99.58,11.03,4.01,2,Crvena zvezda 4-0 Napredak,2026-03-08
Crvena zvezda,3.37,0.62,2.75,2.64,0.42,2.22,0.73,0.2,0.53,3.37,0.62,2.75,4,0,4,1.25,77.3,84.24,53.71,1.75,0.09,421,30,23,7,13.14,77.78,6.38,10,1,36,15,9,284.3,97.8,0.67,0.42,264.2,95.99,1,Crvena zvezda 4-0 Napredak,2026-03-08
Radnički Niš,1.22,1.98,-0.76,0.38,1.02,-0.64,0.07,0.21,-0.14,0.46,1.22,-0.76,2,2,0,0.76,41.6,43.85,47.4,0.14,0.7,158,3,8,12,57.14,17.14,8.23,9,3,7,1,14,44.3,33.28,95.73,82.01,107.1,79.06,2,Radnik Surdulica 2-2 Radnički Niš,2026-03-08
Radnik Surdulica,1.98,1.22,0.76,1.02,0.38,0.64,0.21,0.07,0.14,1.22,0.46,0.76,2,2,0,-0.76,58.4,56.15,46.15,0.7,0.14,212,8,12,8,17.14,57.14,7.3,3,9,18,4,20,88.8,66.72,21.0,17.99,28.37,20.94,1,Radnik Surdulica 2-2 Radnički Niš,2026-03-08
Čukarički,0.76,0.86,-0.1,0.76,0.71,0.05,0.0,0.15,-0.15,0.76,0.86,-0.1,0,1,-1,-0.9,62.5,54.2,48.68,0.71,0.9,241,5,13,9,18.31,10.0,8.46,4,6,17,2,12,84.1,60.99,11.93,12.28,46.93,31.45,3,Javor 1-0 Čukarički,2026-03-07
Javor,0.86,0.76,0.1,0.71,0.76,-0.05,0.15,0.0,0.15,0.86,0.76,0.1,1,0,1,0.9,37.5,45.8,47.27,0.9,0.71,132,11,9,13,10.0,18.31,14.21,6,4,18,2,8,53.8,39.01,85.2,87.72,102.3,68.55,6,Javor 1-0 Čukarički,2026-03-07
Železničar Pančevo,0.22,1.42,-1.2,0.22,1.08,-0.86,0.0,0.34,-0.34,0.22,1.42,-1.2,0,0,0,1.2,46.8,31.5,38.6,0.65,0.77,113,6,6,18,9.23,23.38,15.5,3,4,8,1,5,35.3,15.2,64.67,51.96,23.9,11.68,0,TSC 0-0 Železničar Pančevo,2026-03-07
TSC,1.42,0.22,1.2,1.08,0.22,0.86,0.34,0.0,0.34,1.42,0.22,1.2,0,0,0,-1.2,53.2,68.5,49.52,0.77,0.65,247,19,18,6,23.38,9.23,14.8,4,3,19,6,11,197.0,84.8,59.8,48.04,180.73,88.32,0,TSC 0-0 Železničar Pančevo,2026-03-07
Radnik Surdulica,0.35,1.73,-1.38,0.35,1.67,-1.32,0.0,0.06,-0.06,0.35,1.73,-1.38,0,0,0,1.38,39.2,28.07,39.9,0.27,0.72,91,3,4,13,14.81,18.06,9.66,4,5,6,0,19,14.3,8.06,59.93,62.82,12.43,8.33,0,IMT Novi Beograd 0-0 Radnik Surdulica,2026-03-02
IMT Novi Beograd,1.73,0.35,1.38,1.67,0.35,1.32,0.06,0.0,0.06,1.73,0.35,1.38,0,0,0,-1.38,60.8,71.93,51.2,0.72,0.27,267,10,13,4,18.06,14.81,6.79,5,4,30,6,18,163.2,91.94,35.47,37.18,136.87,91.67,4,IMT Novi Beograd 0-0 Radnik Surdulica,2026-03-02
Crvena zvezda,3.77,0.33,3.44,3.41,0.33,3.08,0.36,0.0,0.36,3.77,0.33,3.44,2,0,2,-1.44,66.2,65.23,46.65,0.91,0.24,269,19,20,4,21.98,16.67,5.95,10,5,17,6,11,176.8,87.87,3.0,2.09,88.6,65.71,4,Radnički Kragujevac 0-2 Crvena zvezda,2026-03-01
Radnički Kragujevac,0.33,3.77,-3.44,0.33,3.41,-3.08,0.0,0.36,-0.36,0.33,3.77,-3.44,0,2,-2,1.44,33.8,34.77,44.74,0.24,0.91,125,4,4,20,16.67,21.98,15.16,5,10,9,0,13,24.4,12.13,140.53,97.91,46.23,34.29,2,Radnički Kragujevac 0-2 Crvena zvezda,2026-03-01
Spartak Subotica,3.03,1.73,1.3,2.76,1.59,1.17,0.28,0.14,0.14,3.03,1.73,1.3,1,1,0,-1.3,40.9,46.23,47.5,0.92,1.23,151,14,25,10,27.17,8.13,17.7,2,7,11,7,9,100.0,50.43,94.07,97.18,146.07,87.05,3,Napredak 1-1 Spartak Subotica,2026-03-01
Napredak,1.73,3.03,-1.3,1.59,2.76,-1.17,0.14,0.28,-0.14,1.73,3.03,-1.3,1,1,0,1.3,59.1,53.77,47.51,1.23,0.92,232,12,10,25,8.13,27.17,8.9,7,2,19,3,7,98.3,49.57,2.73,2.82,21.73,12.95,0,Napredak 1-1 Spartak Subotica,2026-03-01
Javor,0.54,1.38,-0.84,0.35,1.28,-0.93,0.19,0.1,0.09,0.54,1.38,-0.84,0,1,-1,-0.16,45.6,44.07,44.23,0.34,1.3,152,7,9,11,26.47,8.46,12.9,2,3,10,3,14,37.3,26.18,58.6,54.97,30.57,23.93,1,Radnički Niš 1-0 Javor,2026-03-01
Radnički Niš,1.38,0.54,0.84,1.28,0.35,0.93,0.1,0.19,-0.09,1.38,0.54,0.84,1,0,1,0.16,54.4,55.93,50.12,1.3,0.34,244,13,11,9,8.46,26.47,9.89,3,2,14,3,12,105.2,73.82,48.0,45.03,97.17,76.07,0,Radnički Niš 1-0 Javor,2026-03-01
OFK Beograd,0.84,1.73,-0.89,0.72,1.31,-0.59,0.12,0.41,-0.29,0.84,1.73,-0.89,2,1,1,1.89,48.6,64.5,47.36,0.13,0.62,179,9,10,11,76.92,17.74,7.76,4,1,17,5,18,98.3,64.12,55.27,55.56,121.07,61.84,2,Partizan 1-2 OFK Beograd,2026-02-28
Partizan,1.73,0.84,0.89,1.31,0.72,0.59,0.41,0.12,0.29,1.73,0.84,0.89,1,2,-1,-1.89,51.4,35.5,41.01,0.62,0.13,130,8,11,10,17.74,76.92,7.79,1,4,15,5,14,55.0,35.88,44.2,44.44,74.7,38.16,0,Partizan 1-2 OFK Beograd,2026-02-28
Vojvodina,2.04,2.34,-0.3,1.95,1.56,0.39,0.09,0.02,0.07,2.04,1.58,0.46,0,2,-2,-1.7,54.8,60.8,51.96,1.25,0.78,216,22,18,10,14.4,12.82,9.57,4,3,34,9,12,155.9,71.65,63.93,57.12,138.1,65.94,0,Železničar Pančevo 2-0 Vojvodina,2026-02-28
Železničar Pančevo,2.34,2.04,0.3,1.56,1.95,-0.39,0.02,0.09,-0.07,1.58,2.04,-0.46,2,0,2,1.7,45.2,39.2,43.93,0.78,1.25,148,17,10,18,12.82,14.4,9.84,3,4,15,7,12,61.7,28.35,48.0,42.88,71.33,34.06,2,Železničar Pančevo 2-0 Vojvodina,2026-02-28
Mladost Lučani,0.43,0.99,-0.56,0.43,0.99,-0.56,0.0,0.0,0.0,0.43,0.99,-0.56,1,3,-2,-1.44,45.5,47.48,45.71,0.23,0.56,171,4,7,15,30.43,26.79,9.68,4,5,15,2,17,67.2,37.88,45.27,59.15,59.73,30.74,0,Čukarički 3-1 Mladost Lučani,2026-02-28
Čukarički,0.99,0.43,0.56,0.99,0.43,0.56,0.0,0.0,0.0,0.99,0.43,0.56,3,1,2,1.44,54.5,52.52,48.19,0.56,0.23,231,13,15,7,26.79,30.43,7.24,5,4,15,4,20,110.2,62.12,31.27,40.85,134.57,69.26,6,Čukarički 3-1 Mladost Lučani,2026-02-28
TSC,1.24,2.06,-0.82,0.61,1.52,-0.91,0.63,0.54,0.09,1.24,2.06,-0.82,0,2,-2,-1.18,60.5,59.93,44.45,0.78,0.62,207,12,9,9,11.54,14.52,13.4,2,8,18,5,9,82.0,64.92,13.87,12.32,58.03,30.85,3,Novi Pazar 2-0 TSC,2026-02-28
Novi Pazar,2.06,1.24,0.82,1.52,0.61,0.91,0.54,0.63,-0.09,2.06,1.24,0.82,2,0,2,1.18,39.5,40.07,41.92,0.62,0.78,111,7,9,9,14.52,11.54,11.94,8,2,6,3,9,44.3,35.08,98.73,87.68,130.07,69.15,1,Novi Pazar 2-0 TSC,2026-02-28
Mladost Lučani,0.55,1.89,-1.34,0.52,1.74,-1.22,0.03,0.15,-0.12,0.55,1.89,-1.34,0,0,0,1.34,49.7,53.87,49.08,0.42,1.57,205,11,9,15,21.43,9.55,10.12,7,4,25,5,17,76.5,42.88,51.13,57.97,85.53,46.89,1,Javor 0-0 Mladost Lučani,2026-02-23
Javor,1.89,0.55,1.34,1.74,0.52,1.22,0.15,0.03,0.12,1.89,0.55,1.34,0,0,0,-1.34,50.3,46.13,42.28,1.57,0.42,159,24,15,9,9.55,21.43,12.12,4,7,23,5,11,101.9,57.12,37.07,42.03,96.87,53.11,1,Javor 0-0 Mladost Lučani,2026-02-23
Čukarički,0.78,2.4,-1.62,0.5,2.11,-1.61,0.28,0.29,-0.01,0.78,2.4,-1.62,1,1,0,1.62,51.1,50.18,46.9,0.7,0.72,165,14,8,22,11.43,30.56,8.08,6,3,23,2,14,76.8,41.31,42.13,56.02,72.03,39.95,3,TSC 1-1 Čukarički,2026-02-22
TSC,2.4,0.78,1.62,2.11,0.5,1.61,0.29,0.28,0.01,2.4,0.78,1.62,1,1,0,-1.62,48.9,49.82,45.66,0.72,0.7,168,9,22,8,30.56,11.43,10.79,3,6,19,8,15,109.1,58.69,33.07,43.98,108.27,60.05,1,TSC 1-1 Čukarički,2026-02-22
Partizan,1.4,3.11,-1.71,0.62,2.62,-2.0,0.02,0.48,-0.46,0.64,3.11,-2.47,0,3,-3,-1.29,39.5,30.81,41.61,0.05,0.98,104,6,6,21,120.0,21.43,10.62,2,5,11,4,13,21.1,11.67,69.07,76.97,35.67,16.04,1,Crvena zvezda 3-0 Partizan,2026-02-22
Crvena zvezda,3.11,1.4,1.71,2.62,0.62,2.0,0.48,0.02,0.46,3.11,0.64,2.47,3,0,3,1.29,60.5,69.19,48.0,0.98,0.05,214,17,21,6,21.43,120.0,5.68,5,2,22,6,16,159.7,88.33,20.67,23.03,186.7,83.96,3,Crvena zvezda 3-0 Partizan,2026-02-22
Radnički Kragujevac,3.1,1.11,1.99,2.3,1.1,1.2,0.03,0.02,0.01,2.34,1.11,1.23,3,3,0,-1.99,52.0,45.52,42.99,0.9,0.74,157,7,13,9,14.44,12.16,9.46,8,4,15,2,11,50.0,46.13,29.67,40.9,35.63,35.33,0,Spartak Subotica 3-3 Radnički Kragujevac,2026-02-22
Spartak Subotica,1.11,3.1,-1.99,1.1,2.3,-1.2,0.02,0.03,-0.01,1.11,2.34,-1.23,3,3,0,1.99,48.0,54.48,48.89,0.74,0.9,202,16,9,13,12.16,14.44,10.03,4,8,15,2,22,58.4,53.87,42.87,59.1,65.23,64.67,2,Spartak Subotica 3-3 Radnički Kragujevac,2026-02-22
IMT Novi Beograd,0.93,1.17,-0.24,0.56,1.17,-0.61,0.37,0.0,0.37,0.93,1.17,-0.24,1,2,-1,-0.76,46.5,61.51,48.02,0.38,0.52,194,9,6,7,15.79,13.46,11.51,8,1,18,7,14,69.8,58.17,78.47,75.64,99.87,77.76,3,Radnički Niš 2-1 IMT Novi Beograd,2026-02-22
Radnički Niš,1.17,0.93,0.24,1.17,0.56,0.61,0.0,0.37,-0.37,1.17,0.93,0.24,2,1,1,0.76,53.5,38.49,38.47,0.52,0.38,135,3,7,6,13.46,15.79,16.7,1,8,9,1,9,50.2,41.83,25.27,24.36,28.57,22.24,0,Radnički Niš 2-1 IMT Novi Beograd,2026-02-22
Novi Pazar,0.91,1.91,-1.0,0.91,1.4,-0.49,0.0,0.51,-0.51,0.91,1.91,-1.0,3,0,3,4.0,35.3,33.12,42.6,0.58,1.39,111,8,7,16,12.07,11.51,13.87,3,5,6,3,12,37.0,20.93,89.33,97.03,119.1,73.2,1,Vojvodina 0-3 Novi Pazar,2026-02-21
Vojvodina,1.91,0.91,1.0,1.4,0.91,0.49,0.51,0.0,0.51,1.91,0.91,1.0,0,3,-3,-4.0,64.7,66.88,50.02,1.39,0.58,274,21,16,7,11.51,12.07,9.38,5,3,33,13,3,139.8,79.07,2.73,2.97,43.6,26.8,1,Vojvodina 0-3 Novi Pazar,2026-02-21
Napredak,0.58,2.53,-1.95,0.51,1.59,-1.08,0.07,0.18,-0.11,0.58,1.77,-1.19,1,2,-1,0.95,35.2,27.93,42.42,0.62,1.27,113,9,5,21,8.06,16.54,15.76,5,4,11,4,8,10.6,4.32,82.53,84.16,22.97,14.39,0,Radnik Surdulica 2-1 Napredak,2026-02-21
Radnik Surdulica,2.53,0.58,1.95,1.59,0.51,1.08,0.18,0.07,0.11,1.77,0.58,1.19,2,1,1,-0.95,64.8,72.07,53.09,1.27,0.62,309,22,21,5,16.54,8.06,7.91,4,5,39,8,14,234.8,95.68,15.53,15.84,136.67,85.61,0,Radnik Surdulica 2-1 Napredak,2026-02-21
Železničar Pančevo,0.71,0.48,0.23,0.67,0.38,0.29,0.03,0.1,-0.07,0.71,0.48,0.23,0,0,0,-0.23,41.5,42.01,40.55,0.3,0.49,131,2,9,6,30.0,12.24,12.92,10,1,11,3,7,34.5,28.12,90.2,69.99,57.93,49.08,2,OFK Beograd 0-0 Železničar Pančevo,2026-02-21
OFK Beograd,0.48,0.71,-0.23,0.38,0.67,-0.29,0.1,0.03,0.07,0.48,0.71,-0.23,0,0,0,0.23,58.5,57.99,45.15,0.49,0.3,237,6,6,9,12.24,30.0,12.36,1,10,19,2,16,88.2,71.88,38.67,30.01,60.1,50.92,2,OFK Beograd 0-0 Železničar Pančevo,2026-02-21
Javor,0.16,2.5,-2.34,0.16,1.28,-1.12,0.0,1.22,-1.22,0.16,2.5,-2.34,0,1,-1,1.34,48.4,37.69,40.04,0.22,0.99,103,2,4,20,18.18,20.2,8.94,1,4,10,1,18,13.3,8.99,20.0,24.71,8.6,4.56,1,IMT Novi Beograd 1-0 Javor,2026-02-16
IMT Novi Beograd,2.5,0.16,2.34,1.28,0.16,1.12,1.22,0.0,1.22,2.5,0.16,2.34,1,0,1,-1.34,51.6,62.31,51.97,0.99,0.22,196,12,20,4,20.2,18.18,7.3,4,1,26,8,19,134.7,91.01,60.93,75.29,180.03,95.44,3,IMT Novi Beograd 1-0 Javor,2026-02-16
TSC,2.32,2.12,0.2,1.88,0.85,1.03,0.44,0.52,-0.08,2.32,1.36,0.96,3,1,2,1.8,57.6,64.51,47.3,1.34,0.82,261,24,18,10,13.43,12.2,11.87,6,4,21,10,15,176.4,83.4,21.2,24.28,143.03,72.11,0,Mladost Lučani 1-3 TSC,2026-02-15
Mladost Lučani,2.12,2.32,-0.2,0.85,1.88,-1.03,0.52,0.44,0.08,1.36,2.32,-0.96,1,3,-2,-1.8,42.4,35.49,43.26,0.82,1.34,145,4,10,18,12.2,13.43,17.38,4,6,16,4,8,35.1,16.6,66.13,75.72,55.33,27.89,0,Mladost Lučani 1-3 TSC,2026-02-15
OFK Beograd,0.95,2.39,-1.44,0.87,2.33,-1.46,0.08,0.06,0.02,0.95,2.39,-1.44,1,2,-1,0.44,59.5,50.94,43.87,0.55,0.26,150,13,11,13,20.0,50.0,6.19,3,3,10,3,13,77.5,51.98,6.2,7.09,46.93,27.39,2,Novi Pazar 2-1 OFK Beograd,2026-02-15
Novi Pazar,2.39,0.95,1.44,2.33,0.87,1.46,0.06,0.08,-0.02,2.39,0.95,1.44,2,1,1,-0.44,40.5,49.06,45.99,0.26,0.55,114,6,13,11,50.0,20.0,9.37,3,3,19,5,16,71.6,48.02,81.27,92.91,124.4,72.61,4,Novi Pazar 2-1 OFK Beograd,2026-02-15
Radnik Surdulica,0.84,0.66,0.18,0.84,0.23,0.61,0.0,0.43,-0.43,0.84,0.66,0.18,0,0,0,-0.18,35.3,41.74,47.17,0.3,0.2,105,9,12,8,40.0,40.0,8.58,8,4,8,2,27,32.0,32.26,96.07,96.26,95.6,71.31,1,Radnički Kragujevac 0-0 Radnik Surdulica,2026-02-15
Radnički Kragujevac,0.66,0.84,-0.18,0.23,0.84,-0.61,0.43,0.0,0.43,0.66,0.84,-0.18,0,0,0,0.18,64.7,58.26,46.16,0.2,0.3,179,6,8,12,40.0,40.0,5.64,4,8,28,5,12,67.2,67.74,3.73,3.74,38.47,28.69,1,Radnički Kragujevac 0-0 Radnik Surdulica,2026-02-15
Vojvodina,1.4,1.71,-0.31,1.26,1.7,-0.44,0.15,0.01,0.14,1.4,1.71,-0.31,3,2,1,1.31,47.7,35.53,44.91,0.82,0.71,142,8,17,17,20.73,23.94,7.53,3,2,17,1,17,57.8,30.73,33.93,46.35,67.27,39.28,1,Čukarički 2-3 Vojvodina,2026-02-14
Čukarički,1.71,1.4,0.31,1.7,1.26,0.44,0.01,0.15,-0.14,1.71,1.4,0.31,2,3,-1,-1.31,52.3,64.47,52.67,0.71,0.82,225,11,17,17,23.94,20.73,7.43,2,3,21,4,20,130.3,69.27,39.27,53.65,104.0,60.72,6,Čukarički 2-3 Vojvodina,2026-02-14
Crvena zvezda,3.76,1.06,2.7,3.06,0.91,2.15,0.7,0.15,0.55,3.76,1.06,2.7,3,0,3,0.3,60.2,60.19,47.29,1.58,0.32,228,29,27,10,17.09,31.25,8.74,6,4,27,8,17,208.4,87.34,30.2,28.0,197.03,86.86,1,Železničar Pančevo 0-3 Crvena zvezda,2026-02-14
Železničar Pančevo,1.06,3.76,-2.7,0.91,3.06,-2.15,0.15,0.7,-0.55,1.06,3.76,-2.7,0,3,-3,-0.3,39.8,39.81,43.51,0.32,1.58,136,4,10,27,31.25,17.09,9.92,4,6,18,8,11,30.2,12.66,77.67,72.0,29.8,13.14,1,Železničar Pančevo 0-3 Crvena zvezda,2026-02-14
Spartak Subotica,2.0,2.0,0.0,2.0,2.0,0.0,0.0,0.0,0.0,2.0,2.0,0.0,1,2,-1,-1.0,45.3,54.05,48.18,1.09,0.89,201,11,8,10,7.34,11.24,16.52,4,3,22,4,16,85.2,60.34,102.07,76.4,79.87,64.97,0,Partizan 2-1 Spartak Subotica,2026-02-14
Partizan,2.0,2.0,0.0,2.0,2.0,0.0,0.0,0.0,0.0,2.0,2.0,0.0,2,1,1,1.0,54.7,45.95,45.28,0.89,1.09,221,9,10,8,11.24,7.34,16.65,3,4,16,2,4,56.0,39.66,31.53,23.6,43.07,35.03,0,Partizan 2-1 Spartak Subotica,2026-02-14
Radnički Niš,3.7,1.27,2.43,1.56,1.12,0.44,0.63,0.15,0.48,2.18,1.27,0.91,4,2,2,-0.43,34.4,46.07,45.16,0.71,0.57,118,10,16,9,22.54,15.79,12.54,5,7,9,4,7,89.4,59.32,109.67,88.39,187.13,93.15,0,Napredak 2-4 Radnički Niš,2026-02-14
Napredak,1.27,3.7,-2.43,1.12,1.56,-0.44,0.15,0.63,-0.48,1.27,2.18,-0.91,2,4,-2,0.43,65.6,53.93,48.19,0.57,0.71,274,10,9,16,15.79,22.54,6.52,7,5,16,3,23,61.3,40.68,14.4,11.61,13.77,6.85,0,Napredak 2-4 Radnički Niš,2026-02-14
Čukarički,1.98,1.19,0.79,0.88,1.19,-0.31,0.34,0.0,0.34,1.22,1.19,0.03,0,2,-2,-2.79,45.3,48.1,48.01,0.46,0.74,150,8,12,11,26.09,14.86,13.21,0,12,21,4,14,70.1,45.97,69.07,77.26,87.37,54.45,2,OFK Beograd 2-0 Čukarički,2026-02-09
OFK Beograd,1.19,1.98,-0.79,1.19,0.88,0.31,0.0,0.34,-0.34,1.19,1.22,-0.03,2,0,2,2.79,54.7,51.9,48.47,0.74,0.46,190,8,11,12,14.86,26.09,6.09,12,0,17,1,15,82.4,54.03,20.33,22.74,73.1,45.55,0,OFK Beograd 2-0 Čukarički,2026-02-09
Mladost Lučani,0.77,4.23,-3.46,0.74,2.62,-1.88,0.04,0.1,-0.06,0.77,2.71,-1.94,0,5,-5,-1.54,40.5,32.55,40.38,0.39,1.07,117,3,8,23,20.51,21.5,15.36,3,5,10,3,9,17.7,7.76,55.73,63.38,7.47,1.97,1,Vojvodina 5-0 Mladost Lučani,2026-02-08
Vojvodina,4.23,0.77,3.46,2.62,0.74,1.88,0.1,0.04,0.06,2.71,0.77,1.94,5,0,5,1.54,59.5,67.45,52.22,1.07,0.39,280,23,23,8,21.5,20.51,13.77,5,3,24,8,6,210.3,92.24,32.2,36.62,371.27,98.03,1,Vojvodina 5-0 Mladost Lučani,2026-02-08
Železničar Pančevo,1.36,0.76,0.6,0.91,0.58,0.33,0.45,0.18,0.27,1.36,0.76,0.6,3,0,3,2.4,40.3,34.67,41.28,0.47,0.75,118,11,11,11,23.4,14.67,10.28,4,3,8,3,12,45.1,29.32,67.27,74.25,103.03,76.76,1,Spartak Subotica 0-3 Železničar Pančevo,2026-02-08
Spartak Subotica,0.76,1.36,-0.6,0.58,0.91,-0.33,0.18,0.45,-0.27,0.76,1.36,-0.6,0,3,-3,-2.4,59.7,65.33,47.88,0.75,0.47,238,17,11,11,14.67,23.4,8.74,3,4,22,6,13,108.7,70.68,23.33,25.75,31.2,23.24,2,Spartak Subotica 0-3 Železničar Pančevo,2026-02-08
Napredak,0.69,3.27,-2.58,0.69,2.47,-1.78,0.0,0.03,-0.03,0.69,2.51,-1.82,0,2,-2,0.58,59.2,47.22,42.28,0.46,0.84,171,5,9,19,19.57,22.62,9.52,3,6,11,2,9,48.5,28.2,5.67,5.11,30.23,12.24,0,IMT Novi Beograd 2-0 Napredak,2026-02-08
IMT Novi Beograd,3.27,0.69,2.58,2.47,0.69,1.78,0.03,0.0,0.03,2.51,0.69,1.82,2,0,2,-0.58,40.8,52.78,47.83,0.84,0.46,148,18,19,9,22.62,19.57,14.13,6,3,20,9,14,123.5,71.8,105.27,94.89,216.67,87.76,2,IMT Novi Beograd 2-0 Napredak,2026-02-08
Radnički Kragujevac,1.99,0.84,1.15,1.45,0.75,0.7,0.54,0.1,0.44,1.99,0.84,1.15,1,2,-1,-2.15,60.2,54.29,47.04,0.57,0.35,210,10,16,7,28.07,20.0,6.44,5,5,22,4,14,130.2,70.0,11.13,12.18,96.3,46.38,0,Radnički Niš 2-1 Radnički Kragujevac,2026-02-08
Radnički Niš,0.84,1.99,-1.15,0.75,1.45,-0.7,0.1,0.54,-0.44,0.84,1.99,-1.15,2,1,1,2.15,39.8,45.71,47.41,0.35,0.57,145,5,7,16,20.0,28.07,9.72,5,5,16,6,18,55.8,30.0,80.27,87.82,111.33,53.62,1,Radnički Niš 2-1 Radnički Kragujevac,2026-02-08
Novi Pazar,0.64,3.71,-3.07,0.61,2.52,-1.91,0.04,0.44,-0.4,0.64,2.95,-2.31,0,5,-5,-1.93,30.3,28.21,39.1,0.27,1.49,96,6,6,22,22.22,14.77,17.16,1,3,12,6,19,3.9,1.87,127.4,94.88,21.73,8.36,2,Crvena zvezda 5-0 Novi Pazar,2026-02-07
Crvena zvezda,3.71,0.64,3.07,2.52,0.61,1.91,0.44,0.04,0.4,2.95,0.64,2.31,5,0,5,1.93,69.7,71.79,50.92,1.49,0.27,366,29,22,6,14.77,22.22,6.81,3,1,19,8,10,204.2,98.13,6.87,5.12,238.29,91.64,1,Crvena zvezda 5-0 Novi Pazar,2026-02-07
Partizan,0.65,1.4,-0.75,0.65,1.16,-0.51,0.0,0.25,-0.25,0.65,1.4,-0.75,3,2,1,1.75,42.3,25.58,39.61,0.16,0.9,113,3,5,15,31.25,16.67,16.2,4,7,5,3,10,7.0,4.38,59.0,58.23,9.83,5.31,1,Radnik Surdulica 2-3 Partizan,2026-02-07
Radnik Surdulica,1.4,0.65,0.75,1.16,0.65,0.51,0.25,0.0,0.25,1.4,0.65,0.75,2,3,-1,-1.75,57.7,74.42,53.41,0.9,0.16,288,10,15,5,16.67,31.25,8.81,7,4,46,9,10,152.9,95.62,42.33,41.77,175.4,94.69,2,Radnik Surdulica 2-3 Partizan,2026-02-07
TSC,0.38,1.19,-0.81,0.38,1.07,-0.69,0.0,0.12,-0.12,0.38,1.19,-0.81,0,0,0,0.81,53.4,51.08,47.7,0.42,0.39,236,11,11,10,26.19,25.64,16.29,3,2,15,5,16,69.0,46.65,57.6,53.77,73.77,49.39,0,Javor 0-0 TSC,2026-02-07
Javor,1.19,0.38,0.81,1.07,0.38,0.69,0.12,0.0,0.12,1.19,0.38,0.81,0,0,0,-0.81,46.6,48.92,40.73,0.39,0.42,138,9,10,11,25.64,26.19,14.68,2,3,17,4,14,78.9,53.35,49.53,46.23,75.6,50.61,0,Javor 0-0 TSC,2026-02-07
Vojvodina,1.48,2.65,-1.17,1.39,1.65,-0.26,0.09,0.24,-0.15,1.48,1.89,-0.41,2,0,2,3.17,38.4,47.97,47.83,0.76,0.71,143,13,8,19,10.53,26.76,13.97,4,7,17,7,14,65.0,38.92,98.4,96.66,135.6,74.75,1,TSC 0-2 Vojvodina,2026-02-01
TSC,2.65,1.48,1.17,1.65,1.39,0.26,0.24,0.09,0.15,1.89,1.48,0.41,0,2,-2,-3.17,61.6,52.03,44.08,0.71,0.76,201,10,19,8,26.76,10.53,6.57,7,4,16,6,11,102.0,61.08,3.4,3.34,45.8,25.25,0,TSC 0-2 Vojvodina,2026-02-01
Crvena zvezda,3.75,0.79,2.96,2.05,0.7,1.35,0.94,0.1,0.84,2.99,0.79,2.2,3,1,2,-0.96,68.7,67.56,45.25,0.45,0.14,255,11,20,8,44.44,57.14,6.63,5,10,23,9,11,178.3,86.55,17.8,10.27,104.87,59.96,0,Čukarički 1-3 Crvena zvezda,2026-02-01
Čukarički,0.79,3.75,-2.96,0.7,2.05,-1.35,0.1,0.94,-0.84,0.79,2.99,-2.2,1,3,-2,0.96,31.3,32.44,42.06,0.14,0.45,100,6,8,20,57.14,44.44,13.58,10,5,7,2,17,27.7,13.45,155.47,89.73,70.03,40.04,3,Čukarički 1-3 Crvena zvezda,2026-02-01
Spartak Subotica,0.48,3.14,-2.66,0.48,1.4,-0.92,0.0,0.22,-0.22,0.48,1.62,-1.14,2,2,0,2.66,31.9,25.47,42.19,0.15,0.55,100,2,5,14,33.33,25.45,22.2,4,7,3,0,14,10.3,5.68,119.67,95.78,36.9,33.82,0,Novi Pazar 2-2 Spartak Subotica,2026-02-01
Novi Pazar,3.14,0.48,2.66,1.4,0.48,0.92,0.22,0.0,0.22,1.62,0.48,1.14,2,2,0,-2.66,68.1,74.53,50.0,0.55,0.15,306,17,14,5,25.45,33.33,7.81,7,4,33,10,5,171.0,94.32,5.27,4.22,72.2,66.18,2,Novi Pazar 2-2 Spartak Subotica,2026-02-01
OFK Beograd,1.3,0.79,0.51,0.93,0.79,0.14,0.37,0.0,0.37,1.3,0.79,0.51,0,0,0,-0.51,65.8,63.6,47.27,0.58,0.54,241,13,17,8,29.31,14.81,5.23,5,3,26,6,12,139.9,80.96,2.6,2.73,85.33,55.46,2,Mladost Lučani 0-0 OFK Beograd,2026-02-01
Mladost Lučani,0.79,1.3,-0.51,0.79,0.93,-0.14,0.0,0.37,-0.37,0.79,1.3,-0.51,0,0,0,0.51,34.2,36.4,43.19,0.54,0.58,102,9,8,17,14.81,29.31,12.7,3,5,12,2,19,32.9,19.04,92.8,97.27,68.53,44.54,0,Mladost Lučani 0-0 OFK Beograd,2026-02-01
Radnik Surdulica,0.81,0.3,0.51,0.72,0.2,0.52,0.09,0.1,-0.01,0.81,0.3,0.51,0,1,-1,-1.51,37.8,36.68,41.25,0.66,0.14,108,13,8,8,12.12,57.14,19.18,2,0,18,6,13,68.8,34.87,86.67,74.41,71.67,48.05,0,Železničar Pančevo 1-0 Radnik Surdulica,2026-01-31
Železničar Pančevo,0.3,0.81,-0.51,0.2,0.72,-0.52,0.1,0.09,0.01,0.3,0.81,-0.51,1,0,1,1.51,62.2,63.32,49.53,0.14,0.66,261,4,8,8,57.14,12.12,10.75,0,2,23,4,14,128.5,65.13,29.8,25.59,77.5,51.95,0,Železničar Pančevo 1-0 Radnik Surdulica,2026-01-31
Radnički Niš,0.31,1.78,-1.47,0.31,1.38,-1.07,0.0,0.4,-0.4,0.31,1.78,-1.47,0,0,0,1.47,32.6,34.84,45.77,0.14,1.29,108,2,5,24,35.71,18.6,10.26,3,3,8,2,12,16.6,8.5,93.33,93.7,36.97,24.82,1,Partizan 0-0 Radnički Niš,2026-01-31
Partizan,1.78,0.31,1.47,1.38,0.31,1.07,0.4,0.0,0.4,1.78,0.31,1.47,0,0,0,-1.47,67.4,65.16,51.15,1.29,0.14,291,22,24,5,18.6,35.71,5.42,3,3,24,10,17,178.7,91.5,6.27,6.3,112.0,75.18,0,Partizan 0-0 Radnički Niš,2026-01-31
IMT Novi Beograd,0.93,1.97,-1.04,0.93,1.94,-1.01,0.0,0.03,-0.03,0.93,1.97,-1.04,1,3,-2,-0.96,41.4,43.46,45.16,0.38,0.24,126,5,9,8,23.68,33.33,10.77,4,11,12,3,19,56.3,41.67,78.13,85.55,86.1,47.94,4,Radnički Kragujevac 3-1 IMT Novi Beograd,2026-01-31
Radnički Kragujevac,1.97,0.93,1.04,1.94,0.93,1.01,0.03,0.0,0.03,1.97,0.93,1.04,3,1,2,0.96,58.6,56.54,42.84,0.24,0.38,158,8,8,9,33.33,23.68,6.38,11,4,20,5,12,78.8,58.33,13.2,14.45,93.5,52.06,0,Radnički Kragujevac 3-1 IMT Novi Beograd,2026-01-31
Javor,2.91,0.77,2.14,2.53,0.77,1.76,0.38,0.0,0.38,2.91,0.77,2.14,2,1,1,-1.14,31.4,37.64,47.21,1.55,0.45,123,14,13,7,8.39,15.56,12.32,3,0,16,6,22,71.4,34.54,135.07,99.76,147.97,82.85,0,Napredak 1-2 Javor,2026-01-31
Napredak,0.77,2.91,-2.14,0.77,2.53,-1.76,0.0,0.38,-0.38,0.77,2.91,-2.14,1,2,-1,1.14,68.6,62.36,49.6,0.45,1.55,323,6,7,13,15.56,8.39,6.06,0,3,22,4,9,135.3,65.46,0.33,0.24,30.63,17.15,0,Napredak 1-2 Javor,2026-01-31
Radnički Kragujevac,2.04,1.2,0.84,2.03,0.44,1.59,0.01,0.0,0.01,2.04,0.44,1.6,1,0,1,0.16,45.0,45.81,49.35,0.88,0.21,166,14,15,10,17.05,47.62,6.79,7,7,15,2,22,89.7,62.21,65.8,87.27,135.33,86.27,2,Napredak 0-1 Radnički Kragujevac,2025-12-22
Napredak,1.2,2.04,-0.84,0.44,2.03,-1.59,0.0,0.01,-0.01,0.44,2.04,-1.6,0,1,-1,-0.16,55.0,54.19,46.56,0.21,0.88,202,4,10,15,47.62,17.05,4.98,7,7,16,3,19,54.5,37.79,9.6,12.73,21.53,13.73,1,Napredak 0-1 Radnički Kragujevac,2025-12-22
Novi Pazar,0.42,0.81,-0.39,0.42,0.37,0.05,0.0,0.44,-0.44,0.42,0.81,-0.39,0,1,-1,-0.61,49.9,44.73,42.13,0.44,0.56,134,7,6,7,13.64,12.5,11.73,1,4,15,2,12,48.7,30.57,34.33,36.34,33.47,21.63,2,Radnik Surdulica 1-0 Novi Pazar,2025-12-21
Radnik Surdulica,0.81,0.42,0.39,0.37,0.42,-0.05,0.44,0.0,0.44,0.81,0.42,0.39,1,0,1,0.61,50.1,55.27,49.45,0.56,0.44,178,16,7,6,12.5,13.64,7.89,4,1,18,4,22,110.6,69.43,60.13,63.66,121.27,78.37,0,Radnik Surdulica 1-0 Novi Pazar,2025-12-21
Čukarički,1.81,1.15,0.66,1.68,0.77,0.91,0.13,0.38,-0.25,1.81,1.15,0.66,3,1,2,1.34,46.1,50.72,46.53,0.7,0.77,178,13,14,10,20.0,12.99,11.68,9,6,16,5,12,75.5,55.35,90.0,83.03,149.9,90.19,1,Spartak Subotica 1-3 Čukarički,2025-12-21
Spartak Subotica,1.15,1.81,-0.66,0.77,1.68,-0.91,0.38,0.13,0.25,1.15,1.81,-0.66,1,3,-2,-1.34,53.9,49.28,43.62,0.77,0.7,197,7,10,14,12.99,20.0,9.91,6,9,9,3,12,60.9,44.65,18.4,16.97,16.3,9.81,1,Spartak Subotica 1-3 Čukarički,2025-12-21
TSC,1.95,0.96,0.99,1.93,0.8,1.13,0.03,0.16,-0.13,1.95,0.96,0.99,1,0,1,0.01,36.2,39.27,47.22,0.44,0.72,138,9,17,13,38.64,18.06,9.02,6,4,8,4,28,72.0,43.11,116.13,98.75,158.0,81.47,0,OFK Beograd 0-1 TSC,2025-12-21
OFK Beograd,0.96,1.95,-0.99,0.8,1.93,-1.13,0.16,0.03,0.13,0.96,1.95,-0.99,0,1,-1,-0.01,63.8,60.73,46.2,0.72,0.44,237,13,13,17,18.06,38.64,5.56,4,6,29,3,12,95.0,56.89,1.47,1.25,35.93,18.53,1,OFK Beograd 0-1 TSC,2025-12-21
Partizan,0.32,2.1,-1.78,0.18,1.87,-1.69,0.14,0.23,-0.09,0.32,2.1,-1.78,0,1,-1,0.78,62.2,42.42,42.17,0.44,0.62,184,11,8,20,18.18,32.26,7.67,2,1,16,9,11,58.0,34.46,2.13,2.11,29.63,13.67,0,IMT Novi Beograd 1-0 Partizan,2025-12-20
IMT Novi Beograd,2.1,0.32,1.78,1.87,0.18,1.69,0.23,0.14,0.09,2.1,0.32,1.78,1,0,1,-0.78,37.8,57.58,52.65,0.62,0.44,169,8,20,8,32.26,18.18,12.31,1,2,21,6,17,110.3,65.54,98.8,97.89,187.1,86.33,1,IMT Novi Beograd 1-0 Partizan,2025-12-20
Mladost Lučani,0.65,2.16,-1.51,0.65,1.39,-0.74,0.0,0.77,-0.77,0.65,2.16,-1.51,0,4,-4,-2.49,26.6,15.45,38.38,0.12,2.0,69,2,2,25,16.67,12.5,25.0,1,12,3,1,7,0.0,0.0,114.4,98.73,1.53,0.43,0,Crvena zvezda 4-0 Mladost Lučani,2025-12-20
Crvena zvezda,2.16,0.65,1.51,1.39,0.65,0.74,0.77,0.0,0.77,2.16,0.65,1.51,4,0,4,2.49,73.4,84.55,56.0,2.0,0.12,456,31,25,2,12.5,16.67,6.69,12,1,25,4,7,374.3,100.0,1.47,1.27,353.73,99.57,0,Crvena zvezda 4-0 Mladost Lučani,2025-12-20
Vojvodina,1.84,1.76,0.08,1.6,1.2,0.4,0.24,0.56,-0.32,1.84,1.76,0.08,2,1,1,0.92,52.0,64.56,54.65,1.14,0.63,280,17,20,10,17.54,15.87,10.75,9,3,21,5,14,163.1,77.93,82.0,74.82,213.0,87.47,1,Javor 1-2 Vojvodina,2025-12-20
Javor,1.76,1.84,-0.08,1.2,1.6,-0.4,0.56,0.24,0.32,1.76,1.84,-0.08,1,2,-1,-0.92,48.0,35.44,38.55,0.63,1.14,138,10,10,20,15.87,17.54,12.69,3,9,12,4,11,46.2,22.07,27.6,25.18,30.5,12.53,1,Javor 1-2 Vojvodina,2025-12-20
Železničar Pančevo,0.3,1.54,-1.24,0.25,1.39,-1.14,0.06,0.15,-0.09,0.3,1.54,-1.24,0,1,-1,0.24,52.5,48.48,43.74,0.36,0.64,159,8,4,11,11.11,17.19,8.71,6,2,8,2,15,73.6,39.32,34.27,32.97,49.9,26.89,0,Radnički Niš 1-0 Železničar Pančevo,2025-12-20
Radnički Niš,1.54,0.3,1.24,1.39,0.25,1.14,0.15,0.06,0.09,1.54,0.3,1.24,1,0,1,-0.24,47.5,51.52,44.78,0.64,0.36,174,7,11,4,17.19,11.11,11.61,2,6,17,2,15,113.6,60.68,69.67,67.03,135.7,73.11,1,Radnički Niš 1-0 Železničar Pančevo,2025-12-20
Čukarički,2.12,3.56,-1.44,2.1,2.8,-0.7,0.02,0.0,0.02,2.12,2.8,-0.68,2,3,-1,0.44,60.9,65.75,49.62,1.39,0.69,242,14,11,18,7.91,26.09,9.03,3,3,24,5,17,93.7,58.38,10.0,11.5,46.37,27.92,4,Radnički Kragujevac 3-2 Čukarički,2025-12-17
Radnički Kragujevac,3.56,2.12,1.44,2.8,2.1,0.7,0.0,0.02,-0.02,2.8,2.12,0.68,3,2,1,-0.44,39.1,34.25,42.0,0.69,1.39,110,10,18,11,26.09,7.91,10.85,3,3,9,2,10,66.8,41.62,76.93,88.5,119.7,72.08,0,Radnički Kragujevac 3-2 Čukarički,2025-12-17
Crvena zvezda,2.21,1.08,1.13,2.11,0.95,1.16,0.11,0.14,-0.03,2.21,1.08,1.13,0,0,0,-1.13,65.3,70.03,48.78,1.38,0.41,318,23,17,8,12.32,19.51,6.77,7,4,28,5,8,191.7,87.18,8.13,6.88,138.5,64.29,0,TSC 0-0 Crvena zvezda,2025-12-15
TSC,1.08,2.21,-1.13,0.95,2.11,-1.16,0.14,0.11,0.03,1.08,2.21,-1.13,0,0,0,1.13,34.7,29.97,40.75,0.41,1.38,117,8,8,17,19.51,12.32,14.21,4,7,14,3,17,28.2,12.82,110.07,93.12,76.93,35.71,0,TSC 0-0 Crvena zvezda,2025-12-15
Radnički Niš,0.33,1.19,-0.86,0.17,1.12,-0.95,0.16,0.07,0.09,0.33,1.19,-0.86,0,1,-1,-0.14,64.3,70.39,46.82,0.91,0.64,293,12,5,12,5.49,18.75,10.07,4,3,24,5,10,121.1,72.0,10.47,7.28,63.17,35.07,0,Novi Pazar 1-0 Radnički Niš,2025-12-14
Novi Pazar,1.19,0.33,0.86,1.12,0.17,0.95,0.07,0.16,-0.09,1.19,0.33,0.86,1,0,1,0.14,35.7,29.61,40.98,0.64,0.91,109,8,12,5,18.75,5.49,13.56,3,4,10,5,18,47.1,28.0,133.33,92.72,116.93,64.93,0,Novi Pazar 1-0 Radnički Niš,2025-12-14
Spartak Subotica,0.73,0.79,-0.06,0.7,0.72,-0.02,0.03,0.08,-0.05,0.73,0.79,-0.06,0,0,0,0.06,41.2,39.4,46.96,0.22,1.13,161,7,9,9,40.91,7.96,13.31,1,3,12,3,13,38.7,27.51,78.87,81.65,56.73,49.06,1,Mladost Lučani 0-0 Spartak Subotica,2025-12-14
Mladost Lučani,0.79,0.73,0.06,0.72,0.7,0.02,0.08,0.03,0.05,0.79,0.73,0.06,0,0,0,-0.06,58.8,60.6,48.23,1.13,0.22,268,16,9,9,7.96,40.91,8.74,3,1,30,7,20,102.0,72.49,17.73,18.35,58.9,50.94,1,Mladost Lučani 0-0 Spartak Subotica,2025-12-14
Napredak,1.71,2.8,-1.09,1.71,1.98,-0.27,0.0,0.06,-0.06,1.71,2.04,-0.33,2,3,-1,0.09,48.5,40.71,43.64,0.94,0.64,177,11,7,16,7.45,25.0,8.62,0,7,11,0,20,33.5,17.77,26.13,30.99,28.67,10.68,0,Partizan 3-2 Napredak,2025-12-13
Partizan,2.8,1.71,1.09,1.98,1.71,0.27,0.06,0.0,0.06,2.04,1.71,0.33,3,2,1,-0.09,51.5,59.29,48.23,0.64,0.94,213,12,16,7,25.0,7.45,8.3,7,0,20,4,17,155.0,82.23,58.2,69.01,239.73,89.32,0,Partizan 3-2 Napredak,2025-12-13
IMT Novi Beograd,1.44,0.6,0.84,1.44,0.6,0.84,0.0,0.0,0.0,1.44,0.6,0.84,0,1,-1,-1.84,37.0,45.54,43.64,0.46,0.17,127,12,7,7,15.22,41.18,11.36,3,7,21,3,24,47.6,49.43,119.8,93.21,120.97,83.73,2,Železničar Pančevo 1-0 IMT Novi Beograd,2025-12-13
Železničar Pančevo,0.6,1.44,-0.84,0.6,1.44,-0.84,0.0,0.0,0.0,0.6,1.44,-0.84,1,0,1,1.84,63.0,54.46,41.97,0.17,0.46,163,5,7,7,41.18,15.22,5.91,7,3,11,3,17,48.7,50.57,8.73,6.79,23.5,16.27,0,Železničar Pančevo 1-0 IMT Novi Beograd,2025-12-13
OFK Beograd,1.12,1.66,-0.54,1.03,1.56,-0.53,0.09,0.1,-0.01,1.12,1.66,-0.54,0,0,0,0.54,47.2,52.92,52.83,0.45,1.04,179,17,13,18,28.89,17.31,6.07,5,2,16,6,16,96.4,45.51,45.47,79.77,101.2,53.98,5,Vojvodina 0-0 OFK Beograd,2025-12-13
Vojvodina,1.66,1.12,0.54,1.56,1.03,0.53,0.1,0.09,0.01,1.66,1.12,0.54,0,0,0,-0.54,52.8,47.08,47.93,1.04,0.45,176,16,18,13,17.31,28.89,7.39,2,5,26,8,20,115.4,54.49,11.53,20.23,86.27,46.02,1,Vojvodina 0-0 OFK Beograd,2025-12-13
Javor,0.92,1.55,-0.63,0.21,1.52,-1.31,0.71,0.03,0.68,0.92,1.55,-0.63,1,1,0,0.63,37.6,25.08,39.15,0.34,0.94,100,10,6,13,17.65,13.83,10.83,3,16,11,5,17,27.6,12.68,60.53,73.05,30.73,14.9,1,Radnički Kragujevac 1-1 Javor,2025-12-13
Radnički Kragujevac,1.55,0.92,0.63,1.52,0.21,1.31,0.03,0.71,-0.68,1.55,0.92,0.63,1,1,0,-0.63,62.4,74.92,51.9,0.94,0.34,295,21,13,6,13.83,17.65,5.61,16,3,35,7,14,190.1,87.32,22.33,26.95,175.53,85.1,0,Radnički Kragujevac 1-1 Javor,2025-12-13
Radnik Surdulica,1.72,0.59,1.13,0.85,0.59,0.26,0.12,0.0,0.12,0.96,0.59,0.37,1,1,0,-1.13,61.4,55.63,47.38,0.51,0.26,220,15,18,8,35.29,30.77,6.18,2,5,24,7,15,115.3,72.02,7.07,7.69,71.47,44.05,0,Čukarički 1-1 Radnik Surdulica,2025-12-13
Čukarički,0.59,1.72,-1.13,0.59,0.85,-0.26,0.0,0.12,-0.12,0.59,0.96,-0.37,1,1,0,1.13,38.6,44.37,48.31,0.26,0.51,150,10,8,18,30.77,35.29,8.95,5,2,11,1,20,44.8,27.98,84.87,92.31,90.77,55.95,6,Čukarički 1-1 Radnik Surdulica,2025-12-13
TSC,1.66,0.36,1.3,0.78,0.36,0.42,0.13,0.0,0.13,0.9,0.36,0.54,2,1,1,-0.3,53.9,69.14,52.24,0.62,0.24,227,13,14,4,22.58,16.67,8.18,4,1,25,5,14,132.8,86.51,35.6,58.17,143.9,87.37,1,Spartak Subotica 1-2 TSC,2025-12-08
Spartak Subotica,0.36,1.66,-1.3,0.36,0.78,-0.42,0.0,0.13,-0.13,0.36,0.9,-0.54,1,2,-1,0.3,46.1,30.86,39.22,0.24,0.62,87,2,4,14,16.67,22.58,9.61,1,4,6,1,13,20.7,13.49,25.6,41.83,20.8,12.63,0,Spartak Subotica 1-2 TSC,2025-12-08
Čukarički,3.45,0.31,3.14,2.28,0.31,1.97,0.42,0.0,0.42,2.69,0.31,2.38,2,1,1,-2.14,56.3,55.83,47.39,1.03,0.34,194,18,24,5,23.3,14.71,7.03,4,2,22,6,21,130.9,74.59,22.0,31.79,123.13,70.78,6,Radnički Niš 1-2 Čukarički,2025-12-08
Radnički Niš,0.31,3.45,-3.14,0.31,2.28,-1.97,0.0,0.42,-0.42,0.31,2.69,-2.38,1,2,-1,2.14,43.7,44.17,46.52,0.34,1.03,148,3,5,24,14.71,23.3,12.03,2,4,16,1,13,44.6,25.41,47.2,68.21,50.83,29.22,0,Radnički Niš 1-2 Čukarički,2025-12-08
Mladost Lučani,0.79,0.5,0.29,0.79,0.47,0.32,0.0,0.03,-0.03,0.79,0.5,0.29,0,0,0,-0.29,43.6,42.48,43.33,0.54,0.82,157,7,7,11,12.96,13.41,9.69,8,5,13,1,14,53.4,36.38,56.8,72.57,71.0,48.41,3,Radnik Surdulica 0-0 Mladost Lučani,2025-12-08
Radnik Surdulica,0.5,0.79,-0.29,0.47,0.79,-0.32,0.03,0.0,0.03,0.5,0.79,-0.29,0,0,0,0.29,56.4,57.52,48.05,0.82,0.54,229,11,11,7,13.41,12.96,8.5,5,8,18,1,13,93.4,63.62,21.47,27.43,75.67,51.59,2,Radnik Surdulica 0-0 Mladost Lučani,2025-12-08
Vojvodina,0.99,1.18,-0.19,0.98,0.99,-0.01,0.01,0.19,-0.18,0.99,1.18,-0.19,1,0,1,1.19,35.0,28.86,43.4,0.36,1.85,127,3,10,20,27.78,10.81,17.79,5,7,11,1,15,26.0,10.94,106.8,91.38,55.93,32.66,0,Crvena zvezda 0-1 Vojvodina,2025-12-07
Crvena zvezda,1.18,0.99,0.19,0.99,0.98,0.01,0.19,0.01,0.18,1.18,0.99,0.19,0,1,-1,-1.19,65.0,71.14,49.99,1.85,0.36,334,20,20,10,10.81,27.78,7.3,7,5,39,6,11,211.7,89.06,10.07,8.62,115.3,67.34,1,Crvena zvezda 0-1 Vojvodina,2025-12-07
Partizan,2.66,1.73,0.93,1.84,1.47,0.37,0.06,0.26,-0.2,1.9,1.73,0.17,4,2,2,1.07,54.1,48.74,45.47,0.86,0.89,191,14,14,15,16.28,16.85,8.47,8,4,14,6,10,81.3,45.7,39.8,43.17,82.73,59.36,1,Radnički Kragujevac 2-4 Partizan,2025-12-07
Radnički Kragujevac,1.73,2.66,-0.93,1.47,1.84,-0.37,0.26,0.06,0.2,1.73,1.9,-0.17,2,4,-2,-1.07,45.9,51.26,49.66,0.89,0.86,180,12,15,14,16.85,16.28,10.88,4,8,19,3,14,96.6,54.3,52.4,56.83,56.63,40.64,1,Radnički Kragujevac 2-4 Partizan,2025-12-07
Novi Pazar,1.93,1.29,0.64,1.17,1.09,0.08,0.0,0.19,-0.19,1.17,1.29,-0.12,3,2,1,0.36,35.0,29.29,42.72,0.36,1.14,103,6,12,10,33.33,8.77,14.58,3,1,12,2,15,45.9,22.43,74.73,88.54,86.17,52.75,0,IMT Novi Beograd 2-3 Novi Pazar,2025-12-07
IMT Novi Beograd,1.29,1.93,-0.64,1.09,1.17,-0.08,0.19,0.0,0.19,1.29,1.17,0.12,2,3,-1,-0.36,65.0,70.71,52.95,1.14,0.36,305,15,10,12,8.77,33.33,9.84,1,3,34,3,12,158.7,77.57,9.67,11.46,77.2,47.25,1,IMT Novi Beograd 2-3 Novi Pazar,2025-12-07
Železničar Pančevo,2.85,1.13,1.72,1.31,1.13,0.18,0.02,0.0,0.02,1.33,1.13,0.2,1,2,-1,-2.72,60.2,56.43,48.85,0.92,0.68,199,24,12,7,13.04,10.29,4.76,5,8,25,9,18,113.8,72.76,20.53,26.21,72.93,56.13,0,Napredak 2-1 Železničar Pančevo,2025-12-07
Napredak,1.13,2.85,-1.72,1.13,1.31,-0.18,0.0,0.02,-0.02,1.13,1.33,-0.2,2,1,1,2.72,39.8,43.57,46.37,0.68,0.92,117,10,7,12,10.29,13.04,7.12,8,5,18,1,25,42.6,27.24,57.8,73.79,57.0,43.87,0,Napredak 2-1 Železničar Pančevo,2025-12-07
OFK Beograd,2.46,1.94,0.52,2.45,1.94,0.51,0.0,0.0,0.0,2.46,1.94,0.52,1,0,1,0.48,49.0,49.68,48.91,1.32,0.62,223,15,12,16,9.09,25.81,12.0,6,3,21,7,11,92.5,46.93,62.0,62.63,122.53,59.2,1,Javor 0-1 OFK Beograd,2025-12-06
Javor,1.94,2.46,-0.52,1.94,2.45,-0.51,0.0,0.0,0.0,1.94,2.46,-0.52,0,1,-1,-0.48,51.0,50.32,45.99,0.62,1.32,208,12,16,12,25.81,9.09,15.59,3,6,17,1,12,104.6,53.07,37.0,37.37,84.43,40.8,3,Javor 0-1 OFK Beograd,2025-12-06
Čukarički,1.55,3.27,-1.72,1.29,2.28,-0.99,0.26,1.0,-0.74,1.55,3.27,-1.72,0,3,-3,-1.28,47.2,48.72,44.83,0.39,0.92,174,11,17,15,43.59,16.3,13.28,9,5,14,6,6,76.3,42.22,47.13,54.68,72.87,27.22,1,Crvena zvezda 3-0 Čukarički,2025-12-04
Crvena zvezda,3.27,1.55,1.72,2.28,1.29,0.99,1.0,0.26,0.74,3.27,1.55,1.72,3,0,3,1.28,52.8,51.28,46.2,0.92,0.39,207,11,15,17,16.3,43.59,16.62,5,9,12,7,11,104.4,57.78,39.07,45.32,194.84,72.78,0,Crvena zvezda 3-0 Čukarički,2025-12-04
Radnički Kragujevac,1.13,0.21,0.92,1.13,0.21,0.92,0.0,0.0,0.0,1.13,0.21,0.92,2,0,2,1.08,48.7,56.68,45.32,0.94,0.67,151,8,13,3,13.83,4.48,7.78,7,3,10,2,20,95.7,84.62,44.8,48.84,133.37,89.05,0,Mladost Lučani 0-2 Radnički Kragujevac,2025-12-03
Mladost Lučani,0.21,1.13,-0.92,0.21,1.13,-0.92,0.0,0.0,0.0,0.21,1.13,-0.92,0,2,-2,-1.08,51.3,43.32,41.89,0.67,0.94,142,5,3,13,4.48,13.83,5.61,3,7,11,1,23,17.4,15.38,46.93,51.16,16.4,10.95,1,Mladost Lučani 0-2 Radnički Kragujevac,2025-12-03
Crvena zvezda,6.27,1.14,5.13,5.58,1.14,4.44,0.69,0.0,0.69,6.27,1.14,5.13,4,3,1,-4.13,64.9,85.2,54.42,2.0,0.44,378,31,37,6,18.5,13.64,7.88,6,1,34,13,9,383.2,98.99,26.53,29.18,352.83,96.6,0,OFK Beograd 3-4 Crvena zvezda,2025-11-30
OFK Beograd,1.14,6.27,-5.13,1.14,5.58,-4.44,0.0,0.69,-0.69,1.14,6.27,-5.13,3,4,-1,4.13,35.1,14.8,33.19,0.44,2.0,68,4,6,37,13.64,18.5,23.71,1,6,0,1,8,3.9,1.01,64.4,70.82,12.4,3.4,0,OFK Beograd 3-4 Crvena zvezda,2025-11-30
Radnik Surdulica,0.48,1.37,-0.89,0.48,1.31,-0.83,0.0,0.06,-0.06,0.48,1.37,-0.89,2,0,2,2.89,30.8,21.37,42.51,0.16,1.59,86,2,5,14,31.25,8.81,12.42,3,11,6,0,18,18.4,7.15,89.53,93.79,40.33,40.88,0,TSC 0-2 Radnik Surdulica,2025-11-30
TSC,1.37,0.48,0.89,1.31,0.48,0.83,0.06,0.0,0.06,1.37,0.48,0.89,0,2,-2,-2.89,69.2,78.63,54.56,1.59,0.16,362,20,14,5,8.81,31.25,4.93,11,3,44,9,18,239.0,92.85,5.93,6.21,58.33,59.12,1,TSC 0-2 Radnik Surdulica,2025-11-30
Javor,2.16,2.38,-0.22,1.99,2.18,-0.19,0.17,0.19,-0.02,2.16,2.38,-0.22,0,4,-4,-3.78,38.0,34.35,42.67,0.18,1.34,133,9,11,20,61.11,14.93,15.37,2,10,11,3,6,36.5,16.74,104.47,70.88,30.3,14.89,0,Partizan 4-0 Javor,2025-11-29
Partizan,2.38,2.16,0.22,2.18,1.99,0.19,0.19,0.17,0.02,2.38,2.16,0.22,4,0,4,3.78,62.0,65.65,52.1,1.34,0.18,326,24,20,11,14.93,61.11,10.03,10,2,24,13,8,181.6,83.26,42.93,29.12,173.24,85.11,0,Partizan 4-0 Javor,2025-11-29
Napredak,0.51,1.63,-1.12,0.45,1.59,-1.14,0.06,0.04,0.02,0.51,1.63,-1.12,1,2,-1,0.12,42.5,34.73,41.12,0.39,0.86,109,9,7,11,17.95,12.79,9.39,3,5,17,3,11,42.0,25.39,47.4,55.46,42.27,18.55,0,Novi Pazar 2-1 Napredak,2025-11-29
Novi Pazar,1.63,0.51,1.12,1.59,0.45,1.14,0.04,0.06,-0.02,1.63,0.51,1.12,2,1,1,-0.12,57.5,65.27,49.93,0.86,0.39,216,10,11,7,12.79,17.95,7.5,5,3,20,4,22,123.4,74.61,38.07,44.54,185.63,81.45,0,Novi Pazar 2-1 Napredak,2025-11-29
Spartak Subotica,0.36,2.91,-2.55,0.33,2.81,-2.48,0.03,0.1,-0.07,0.36,2.91,-2.55,0,2,-2,0.55,45.1,37.66,47.52,0.48,1.14,179,9,4,23,8.33,20.18,11.21,5,12,15,5,14,48.8,19.0,34.87,44.71,34.0,13.48,1,Vojvodina 2-0 Spartak Subotica,2025-11-29
Vojvodina,2.91,0.36,2.55,2.81,0.33,2.48,0.1,0.03,0.07,2.91,0.36,2.55,2,0,2,-0.55,54.9,62.34,53.92,1.14,0.48,282,21,23,4,20.18,8.33,7.21,12,5,37,11,10,208.1,81.0,43.13,55.29,218.27,86.52,0,Vojvodina 2-0 Spartak Subotica,2025-11-29
Radnički Niš,1.15,2.14,-0.99,1.0,1.38,-0.38,0.15,0.0,0.15,1.15,1.38,-0.23,1,2,-1,-0.01,66.7,73.04,52.01,0.96,0.43,354,11,11,9,11.46,20.93,9.5,5,4,37,7,10,151.2,79.87,2.0,1.63,62.33,39.89,0,Mladost Lučani 2-1 Radnički Niš,2025-11-29
Mladost Lučani,2.14,1.15,0.99,1.38,1.0,0.38,0.0,0.15,-0.15,1.38,1.15,0.23,2,1,1,0.01,33.3,26.96,41.27,0.43,0.96,104,8,9,11,20.93,11.46,16.43,4,5,7,2,14,38.1,20.13,120.47,98.37,93.93,60.11,1,Mladost Lučani 2-1 Radnički Niš,2025-11-29
Radnički Kragujevac,0.39,1.28,-0.89,0.27,1.24,-0.97,0.13,0.04,0.09,0.39,1.28,-0.89,0,1,-1,-0.11,32.3,37.78,42.71,0.38,0.61,94,4,4,7,10.53,11.48,13.66,6,2,15,2,12,39.5,30.18,96.8,88.86,77.0,61.24,1,Železničar Pančevo 1-0 Radnički Kragujevac,2025-11-29
Železničar Pančevo,1.28,0.39,0.89,1.24,0.27,0.97,0.04,0.13,-0.09,1.28,0.39,0.89,1,0,1,0.11,67.7,62.22,46.6,0.61,0.38,218,12,7,4,11.48,10.53,7.14,2,6,10,3,15,91.4,69.82,12.13,11.14,48.73,38.76,3,Železničar Pančevo 1-0 Radnički Kragujevac,2025-11-29
IMT Novi Beograd,1.24,0.66,0.58,1.09,0.32,0.77,0.14,0.35,-0.21,1.24,0.66,0.58,1,1,0,-0.58,57.7,56.68,48.9,0.49,0.66,240,12,14,5,28.57,7.58,6.55,6,5,31,8,18,130.1,64.89,21.53,21.66,81.0,46.12,0,Čukarički 1-1 IMT Novi Beograd,2025-11-28
Čukarički,0.66,1.24,-0.58,0.32,1.09,-0.77,0.35,0.14,0.21,0.66,1.24,-0.58,1,1,0,0.58,42.3,43.32,46.71,0.66,0.49,145,9,5,14,7.58,28.57,8.11,5,6,12,1,20,70.4,35.11,77.87,78.34,94.63,53.88,1,Čukarički 1-1 IMT Novi Beograd,2025-11-28
Novi Pazar,0.99,1.17,-0.18,0.95,0.97,-0.02,0.05,0.21,-0.16,0.99,1.17,-0.18,0,0,0,0.18,42.4,43.11,46.97,0.32,0.39,136,6,7,10,21.88,25.64,10.93,3,4,22,6,18,45.3,30.32,61.73,87.61,68.7,47.97,0,Radnički Kragujevac 0-0 Novi Pazar,2025-11-23
Radnički Kragujevac,1.17,0.99,0.18,0.97,0.95,0.02,0.21,0.05,0.16,1.17,0.99,0.18,0,0,0,-0.18,57.6,56.89,48.25,0.39,0.32,211,5,10,7,25.64,21.88,8.37,4,3,26,6,11,104.1,69.68,8.73,12.39,74.5,52.03,0,Radnički Kragujevac 0-0 Novi Pazar,2025-11-23
Crvena zvezda,4.26,0.93,3.33,3.5,0.93,2.57,0.76,0.0,0.76,4.26,0.93,3.33,0,1,-1,-4.33,76.4,84.38,59.02,2.53,0.44,459,41,34,6,13.44,13.64,5.18,7,2,45,17,8,483.3,99.36,1.13,1.0,376.7,97.73,0,Javor 1-0 Crvena zvezda,2025-11-23
Javor,0.93,4.26,-3.33,0.93,3.5,-2.57,0.0,0.76,-0.76,0.93,4.26,-3.33,1,0,1,4.33,23.6,15.62,38.91,0.44,2.53,72,4,6,34,13.64,13.44,19.42,2,7,10,4,12,3.1,0.64,112.07,99.0,8.73,2.27,0,Javor 1-0 Crvena zvezda,2025-11-23
TSC,0.72,1.92,-1.2,0.44,1.92,-1.48,0.28,0.0,0.28,0.72,1.92,-1.2,1,1,0,1.2,57.0,59.67,49.78,0.55,0.45,264,13,7,12,12.73,26.67,8.74,6,1,21,5,11,87.5,69.55,25.67,26.41,63.13,50.53,0,Radnički Niš 1-1 TSC,2025-11-23
Radnički Niš,1.92,0.72,1.2,1.92,0.44,1.48,0.0,0.28,-0.28,1.92,0.72,1.2,1,1,0,-1.2,43.0,40.33,42.27,0.45,0.55,140,6,12,7,26.67,12.73,13.77,1,6,13,2,14,38.3,30.45,71.53,73.59,61.8,49.47,1,Radnički Niš 1-1 TSC,2025-11-23
Mladost Lučani,3.68,2.18,1.5,3.68,2.02,1.66,0.0,0.16,-0.16,3.68,2.18,1.5,3,1,2,0.5,42.6,38.86,45.45,0.94,1.76,170,13,12,22,12.77,12.5,16.84,1,7,13,1,11,55.6,28.25,65.2,79.06,112.5,55.05,0,IMT Novi Beograd 1-3 Mladost Lučani,2025-11-23
IMT Novi Beograd,2.18,3.68,-1.5,2.02,3.68,-1.66,0.16,0.0,0.16,2.18,3.68,-1.5,1,3,-2,-0.5,57.4,61.14,50.66,1.76,0.94,298,26,22,12,12.5,12.77,9.6,7,1,38,7,11,141.2,71.75,17.27,20.94,91.87,44.95,2,IMT Novi Beograd 1-3 Mladost Lučani,2025-11-23
OFK Beograd,2.76,0.95,1.81,1.35,0.56,0.79,0.64,0.38,0.26,2.0,0.95,1.05,2,2,0,-1.81,55.9,59.57,51.32,1.15,0.59,241,20,21,10,18.26,16.95,6.06,9,4,32,9,9,143.6,71.19,26.8,41.92,123.6,69.82,1,Spartak Subotica 2-2 OFK Beograd,2025-11-22
Spartak Subotica,0.95,2.76,-1.81,0.56,1.35,-0.79,0.38,0.64,-0.26,0.95,2.0,-1.05,2,2,0,1.81,44.1,40.43,46.58,0.59,1.15,154,6,10,21,16.95,18.26,8.47,4,9,10,6,25,58.1,28.81,37.13,58.08,53.43,30.18,1,Spartak Subotica 2-2 OFK Beograd,2025-11-22
Železničar Pančevo,3.18,3.06,0.12,3.18,3.02,0.16,0.0,0.04,-0.04,3.18,3.06,0.12,3,1,2,1.88,42.4,46.58,46.44,1.2,1.22,197,14,14,17,11.67,13.93,15.9,7,7,14,3,9,90.4,44.77,76.47,71.64,127.17,72.74,0,Partizan 1-3 Železničar Pančevo,2025-11-22
Partizan,3.06,3.18,-0.12,3.02,3.18,-0.16,0.04,0.0,0.04,3.06,3.18,-0.12,1,3,-2,-1.88,57.6,53.42,43.91,1.22,1.2,218,11,17,14,13.93,11.67,10.94,7,7,16,1,12,111.5,55.23,30.27,28.36,47.67,27.26,0,Partizan 1-3 Železničar Pančevo,2025-11-22
Čukarički,1.63,0.57,1.06,1.42,0.16,1.26,0.21,0.41,-0.2,1.63,0.57,1.06,1,1,0,-1.06,62.0,65.91,51.69,0.91,0.25,274,16,19,6,20.88,24.0,6.05,1,2,36,9,20,175.2,82.45,13.67,16.79,136.37,76.87,1,Napredak 1-1 Čukarički,2025-11-22
Napredak,0.57,1.63,-1.06,0.16,1.42,-1.26,0.41,0.21,0.2,0.57,1.63,-1.06,1,1,0,1.06,38.0,34.09,45.23,0.25,0.91,127,2,6,19,24.0,20.88,11.24,2,1,12,2,14,37.3,17.55,67.73,83.21,41.03,23.13,0,Napredak 1-1 Čukarički,2025-11-22
Vojvodina,0.64,1.73,-1.09,0.64,1.41,-0.77,0.0,0.33,-0.33,0.64,1.73,-1.09,1,3,-2,-0.91,59.1,52.68,46.04,0.46,0.45,197,9,10,12,21.74,26.67,7.69,0,7,21,6,15,69.7,53.57,14.33,16.56,28.93,17.96,0,Radnik Surdulica 3-1 Vojvodina,2025-11-21
Radnik Surdulica,1.73,0.64,1.09,1.41,0.64,0.77,0.33,0.0,0.33,1.73,0.64,1.09,3,1,2,0.91,40.9,47.32,49.14,0.45,0.46,155,14,12,10,26.67,21.74,8.81,7,0,9,7,16,60.4,46.43,72.2,83.44,132.17,82.04,2,Radnik Surdulica 3-1 Vojvodina,2025-11-21
Novi Pazar,1.35,1.85,-0.5,1.3,1.83,-0.53,0.05,0.02,0.03,1.35,1.85,-0.5,0,2,-2,-1.5,45.5,52.08,45.66,0.79,0.66,166,14,13,16,16.46,24.24,10.47,6,6,21,3,15,98.5,48.52,96.33,64.71,107.5,49.35,1,Partizan 2-0 Novi Pazar,2025-11-09
Partizan,1.85,1.35,0.5,1.83,1.3,0.53,0.02,0.05,-0.03,1.85,1.35,0.5,2,0,2,1.5,54.5,47.92,41.58,0.66,0.79,156,12,16,13,24.24,16.46,7.87,6,6,4,1,16,104.5,51.48,52.53,35.29,110.33,50.65,0,Partizan 2-0 Novi Pazar,2025-11-09
TSC,1.35,1.08,0.27,0.44,0.32,0.12,0.91,0.0,0.91,1.35,0.32,1.03,1,1,0,-0.27,54.1,59.67,51.23,0.37,0.3,247,16,14,8,37.84,26.67,7.3,4,2,21,6,20,126.3,65.31,27.87,41.35,118.33,60.64,1,IMT Novi Beograd 1-1 TSC,2025-11-09
IMT Novi Beograd,1.08,1.35,-0.27,0.32,0.44,-0.12,0.0,0.91,-0.91,0.32,1.35,-1.03,1,1,0,0.27,45.9,40.33,45.25,0.3,0.37,144,12,8,14,26.67,37.84,9.83,2,4,14,2,14,67.1,34.69,39.53,58.65,76.8,39.36,1,IMT Novi Beograd 1-1 TSC,2025-11-09
Crvena zvezda,2.71,1.37,1.34,1.98,0.58,1.4,0.73,0.03,0.7,2.71,0.61,2.1,3,2,1,-0.34,64.6,66.56,48.45,1.19,0.54,298,21,22,7,18.49,12.96,6.76,14,5,21,6,10,180.4,91.2,14.93,12.75,120.5,76.86,0,Spartak Subotica 2-3 Crvena zvezda,2025-11-09
Spartak Subotica,1.37,2.71,-1.34,0.58,1.98,-1.4,0.03,0.73,-0.7,0.61,2.71,-2.1,2,3,-1,0.34,35.4,33.44,42.88,0.54,1.19,122,10,7,22,12.96,18.49,14.67,5,14,5,2,14,17.4,8.8,102.2,87.25,36.27,23.14,0,Spartak Subotica 2-3 Crvena zvezda,2025-11-09
Javor,0.44,2.82,-2.38,0.43,2.01,-1.58,0.01,0.81,-0.8,0.44,2.82,-2.38,0,2,-2,0.38,49.1,54.08,45.31,0.61,0.74,192,14,9,14,14.75,18.92,16.87,3,3,26,7,13,91.1,52.03,48.0,39.96,68.03,28.68,1,Železničar Pančevo 2-0 Javor,2025-11-09
Železničar Pančevo,2.82,0.44,2.38,2.01,0.43,1.58,0.81,0.01,0.8,2.82,0.44,2.38,2,0,2,-0.38,50.9,45.92,48.26,0.74,0.61,234,11,14,9,18.92,14.75,13.04,3,3,12,5,10,84.0,47.97,72.13,60.04,169.17,71.32,2,Železničar Pančevo 2-0 Javor,2025-11-09
Vojvodina,0.83,1.49,-0.66,0.78,1.37,-0.59,0.05,0.12,-0.07,0.83,1.49,-0.66,1,0,1,1.66,45.2,43.49,46.72,0.93,0.6,158,6,6,16,6.45,26.67,13.08,3,6,12,3,11,45.4,26.05,57.07,72.36,68.17,38.03,1,Radnički Niš 0-1 Vojvodina,2025-11-08
Radnički Niš,1.49,0.83,0.66,1.37,0.78,0.59,0.12,0.05,0.07,1.49,0.83,0.66,0,1,-1,-1.66,54.8,56.51,47.56,0.6,0.93,204,12,16,6,26.67,6.45,7.86,6,3,18,3,12,128.9,73.95,21.8,27.64,111.1,61.97,2,Radnički Niš 0-1 Vojvodina,2025-11-08
Mladost Lučani,1.09,2.26,-1.17,0.33,1.96,-1.63,0.0,0.3,-0.3,0.33,2.26,-1.93,1,0,1,2.17,45.3,28.15,40.24,0.79,1.15,144,5,3,18,3.8,15.65,14.83,4,3,5,0,16,14.5,6.98,51.07,62.94,21.57,15.19,0,Napredak 0-1 Mladost Lučani,2025-11-08
Napredak,2.26,1.09,1.17,1.96,0.33,1.63,0.3,0.0,0.3,2.26,0.33,1.93,0,1,-1,-2.17,54.7,71.85,50.27,1.15,0.79,296,16,18,3,15.65,3.8,13.59,3,4,31,9,9,193.3,93.02,30.07,37.06,120.47,84.81,1,Napredak 0-1 Mladost Lučani,2025-11-08
OFK Beograd,0.82,1.63,-0.81,0.45,0.67,-0.22,0.37,0.2,0.17,0.82,0.87,-0.05,0,1,-1,-0.19,48.9,45.63,45.27,0.61,0.41,154,12,10,11,16.39,26.83,9.27,2,5,17,6,15,67.0,41.13,26.8,41.36,55.57,32.78,3,Radnik Surdulica 1-0 OFK Beograd,2025-11-08
Radnik Surdulica,1.63,0.82,0.81,0.67,0.45,0.22,0.2,0.37,-0.17,0.87,0.82,0.05,1,0,1,0.19,51.1,54.37,47.86,0.41,0.61,189,17,11,10,26.83,16.39,7.31,5,2,11,1,20,95.9,58.87,38.0,58.64,113.97,67.22,1,Radnik Surdulica 1-0 OFK Beograd,2025-11-08
Partizan,1.73,1.98,-0.25,0.97,1.22,-0.25,0.0,0.0,0.0,0.97,1.22,-0.25,3,2,1,1.25,59.6,48.06,45.4,0.71,0.32,218,13,8,9,11.27,28.12,10.43,4,4,11,2,11,82.1,52.76,39.13,32.41,73.57,41.87,0,Javor 2-3 Partizan,2025-11-05
Javor,1.98,1.73,0.25,1.22,0.97,0.25,0.0,0.0,0.0,1.22,0.97,0.25,2,3,-1,-1.25,40.4,51.94,43.56,0.32,0.71,148,10,9,8,28.12,11.27,14.59,4,4,13,1,16,73.5,47.24,81.6,67.59,102.13,58.13,3,Javor 2-3 Partizan,2025-11-05
Radnički Niš,1.19,0.7,0.49,1.16,0.58,0.58,0.03,0.12,-0.09,1.19,0.7,0.49,1,0,1,0.51,41.4,47.27,46.65,0.56,0.56,146,13,15,9,26.79,16.07,10.53,9,1,13,3,10,101.1,58.14,81.8,78.96,102.47,70.55,0,OFK Beograd 0-1 Radnički Niš,2025-11-03
OFK Beograd,0.7,1.19,-0.49,0.58,1.16,-0.58,0.12,0.03,0.09,0.7,1.19,-0.49,0,1,-1,-0.51,58.6,52.73,46.85,0.56,0.56,213,7,9,15,16.07,26.79,11.17,1,9,15,4,12,72.8,41.86,21.8,21.04,42.77,29.45,1,OFK Beograd 0-1 Radnički Niš,2025-11-03
IMT Novi Beograd,1.02,2.94,-1.92,0.57,2.04,-1.47,0.45,0.91,-0.46,1.02,2.94,-1.92,3,1,2,3.92,38.3,27.45,41.03,0.78,1.58,118,4,8,24,10.26,15.19,41.4,2,8,7,3,10,25.6,10.02,70.33,66.98,39.1,22.22,0,Vojvodina 1-3 IMT Novi Beograd,2025-11-02
Vojvodina,2.94,1.02,1.92,2.04,0.57,1.47,0.91,0.45,0.46,2.94,1.02,1.92,1,3,-2,-3.92,61.7,72.55,53.83,1.58,0.78,354,25,24,8,15.19,10.26,10.37,8,2,40,13,6,230.0,89.98,34.67,33.02,136.83,77.78,0,Vojvodina 1-3 IMT Novi Beograd,2025-11-02
Radnik Surdulica,0.4,2.86,-2.46,0.4,2.24,-1.84,0.0,0.62,-0.62,0.4,2.86,-2.46,1,1,0,2.46,26.0,13.64,38.26,0.3,1.77,71,4,5,22,16.67,12.43,28.06,5,8,5,1,10,2.8,0.77,111.67,99.11,17.97,5.99,0,Crvena zvezda 1-1 Radnik Surdulica,2025-11-02
Crvena zvezda,2.86,0.4,2.46,2.24,0.4,1.84,0.62,0.0,0.62,2.86,0.4,2.46,1,1,0,-2.46,74.0,86.36,53.85,1.77,0.3,433,26,22,5,12.43,16.67,6.35,8,5,43,11,12,358.5,99.23,1.0,0.89,282.0,94.01,1,Crvena zvezda 1-1 Radnik Surdulica,2025-11-02
Železničar Pančevo,0.34,2.38,-2.04,0.34,1.99,-1.65,0.0,0.38,-0.38,0.34,2.38,-2.04,0,1,-1,1.04,62.1,51.9,42.53,0.32,0.85,176,4,7,15,21.88,17.65,7.81,0,7,17,2,11,43.4,33.03,4.93,4.26,13.97,7.79,1,Novi Pazar 1-0 Železničar Pančevo,2025-11-02
Novi Pazar,2.38,0.34,2.04,1.99,0.34,1.65,0.38,0.0,0.38,2.38,0.34,2.04,1,0,1,-1.04,37.9,48.1,48.43,0.85,0.32,126,12,15,7,17.65,21.88,10.89,7,0,18,4,19,88.0,66.97,110.93,95.74,165.27,92.21,3,Novi Pazar 1-0 Železničar Pančevo,2025-11-02
Napredak,0.05,2.04,-1.99,0.05,2.01,-1.96,0.0,0.03,-0.03,0.05,2.04,-1.99,1,1,0,1.99,32.6,19.44,40.08,0.18,1.35,86,2,4,16,22.22,11.85,17.6,0,8,12,2,17,3.5,1.43,105.0,81.35,17.87,8.06,0,TSC 1-1 Napredak,2025-11-02
TSC,2.04,0.05,1.99,2.01,0.05,1.96,0.03,0.0,0.03,2.04,0.05,1.99,1,1,0,-1.99,67.4,80.56,56.52,1.35,0.18,418,26,16,4,11.85,22.22,5.6,8,0,45,10,14,241.8,98.57,24.07,18.65,203.73,91.94,1,TSC 1-1 Napredak,2025-11-02
Partizan,0.87,2.68,-1.81,0.48,0.92,-0.44,0.4,1.0,-0.6,0.87,1.92,-1.05,1,4,-3,-1.19,69.8,57.69,43.84,0.69,0.32,222,13,11,16,15.94,50.0,6.47,2,4,27,8,11,101.6,64.51,0.73,0.56,35.69,18.4,0,Čukarički 4-1 Partizan,2025-11-01
Čukarički,2.68,0.87,1.81,0.92,0.48,0.44,1.0,0.4,0.6,1.92,0.87,1.05,4,1,3,1.19,30.2,42.31,48.11,0.32,0.69,120,5,16,11,50.0,15.94,13.64,4,2,12,5,20,55.9,35.49,128.87,99.44,158.31,81.6,4,Čukarički 4-1 Partizan,2025-11-01
Spartak Subotica,1.36,1.51,-0.15,1.36,1.39,-0.03,0.0,0.12,-0.12,1.36,1.51,-0.15,1,1,0,0.15,49.6,50.28,48.84,0.66,0.74,200,12,7,9,10.61,12.16,8.32,8,6,9,4,17,105.0,49.9,51.33,53.88,73.43,48.2,0,Javor 1-1 Spartak Subotica,2025-11-01
Javor,1.51,1.36,0.15,1.39,1.36,0.03,0.12,0.0,0.12,1.51,1.36,0.15,1,1,0,-0.15,50.4,49.72,47.57,0.74,0.66,197,10,9,7,12.16,10.61,11.11,6,8,29,5,10,105.4,50.1,43.93,46.12,78.93,51.8,3,Javor 1-1 Spartak Subotica,2025-11-01
Crvena zvezda,2.38,1.1,1.28,2.01,1.1,0.91,0.37,0.0,0.37,2.38,1.1,1.28,2,3,-1,-2.28,69.3,66.57,50.72,1.84,0.55,332,35,20,8,10.87,14.55,7.68,4,1,35,9,5,254.3,84.71,10.27,7.49,171.03,71.98,1,Vojvodina 3-2 Crvena zvezda,2025-10-30
Vojvodina,1.1,2.38,-1.28,1.1,2.01,-0.91,0.0,0.37,-0.37,1.1,2.38,-1.28,3,2,1,2.28,30.7,33.43,47.67,0.55,1.84,136,8,8,20,14.55,10.87,20.86,1,4,14,2,13,45.9,15.29,126.8,92.51,66.57,28.02,1,Vojvodina 3-2 Crvena zvezda,2025-10-30
Crvena zvezda,1.81,0.63,1.18,1.35,0.62,0.73,0.46,0.0,0.46,1.81,0.63,1.18,0,0,0,-1.18,71.5,77.3,50.33,1.39,0.26,390,14,14,9,10.07,34.62,5.45,8,4,30,6,12,237.1,95.72,4.0,2.82,146.43,73.08,0,Radnički Niš 0-0 Crvena zvezda,2025-10-26
Radnički Niš,0.63,1.81,-1.18,0.62,1.35,-0.73,0.0,0.46,-0.46,0.63,1.81,-1.18,0,0,0,1.18,28.5,22.7,41.24,0.26,1.39,96,3,9,14,34.62,10.07,17.7,4,8,9,4,20,10.6,4.28,138.0,97.18,53.93,26.92,0,Radnički Niš 0-0 Crvena zvezda,2025-10-26
Čukarički,0.93,0.82,0.11,0.82,0.82,0.0,0.11,0.0,0.11,0.93,0.82,0.11,0,1,-1,-1.11,45.5,51.82,46.32,0.45,0.32,162,6,10,7,22.22,21.88,10.43,7,6,26,8,14,106.0,55.58,87.73,72.5,144.7,59.27,2,Železničar Pančevo 1-0 Čukarički,2025-10-25
Železničar Pančevo,0.82,0.93,-0.11,0.82,0.82,0.0,0.0,0.11,-0.11,0.82,0.93,-0.11,1,0,1,1.11,54.5,48.18,43.14,0.32,0.45,179,5,7,10,21.88,22.22,7.97,6,7,14,4,16,84.7,44.42,33.27,27.5,99.43,40.73,3,Železničar Pančevo 1-0 Čukarički,2025-10-25
Spartak Subotica,1.04,1.21,-0.17,0.89,1.21,-0.32,0.14,0.0,0.14,1.04,1.21,-0.17,0,2,-2,-1.83,52.5,41.67,47.01,0.68,0.69,164,18,9,14,13.24,20.29,6.58,1,3,19,3,18,80.2,41.32,24.93,39.2,56.27,24.12,3,Radnik Surdulica 2-0 Spartak Subotica,2025-10-25
Radnik Surdulica,1.21,1.04,0.17,1.21,0.89,0.32,0.0,0.14,-0.14,1.21,1.04,0.17,2,0,2,1.83,47.5,58.33,52.79,0.69,0.68,191,12,14,9,20.29,13.24,6.16,3,1,13,3,26,113.9,58.68,38.67,60.8,177.03,75.88,1,Radnik Surdulica 2-0 Spartak Subotica,2025-10-25
OFK Beograd,0.65,0.46,0.19,0.63,0.46,0.17,0.02,0.0,0.02,0.65,0.46,0.19,1,1,0,-0.19,56.8,61.37,46.56,0.45,0.77,214,11,11,9,24.44,11.69,8.57,5,4,22,4,14,92.5,62.25,10.6,11.69,65.5,40.89,2,IMT Novi Beograd 1-1 OFK Beograd,2025-10-25
IMT Novi Beograd,0.46,0.65,-0.19,0.46,0.63,-0.17,0.0,0.02,-0.02,0.46,0.65,-0.19,1,1,0,0.19,43.2,38.63,45.98,0.77,0.45,167,10,9,11,11.69,24.44,10.89,4,5,14,1,16,56.1,37.75,80.07,88.31,94.67,59.11,1,IMT Novi Beograd 1-1 OFK Beograd,2025-10-25
TSC,0.31,1.92,-1.61,0.2,1.92,-1.72,0.11,0.0,0.11,0.31,1.92,-1.61,1,2,-1,0.61,59.0,54.01,46.74,0.51,0.63,242,8,5,13,9.8,20.63,6.56,6,6,12,2,21,55.3,42.77,17.27,16.61,30.23,17.4,1,Radnički Kragujevac 2-1 TSC,2025-10-25
Radnički Kragujevac,1.92,0.31,1.61,1.92,0.2,1.72,0.0,0.11,-0.11,1.92,0.31,1.61,2,1,1,-0.61,41.0,45.99,45.15,0.63,0.51,141,11,13,5,20.63,9.8,9.56,6,6,13,2,12,74.0,57.23,86.73,83.39,143.5,82.6,0,Radnički Kragujevac 2-1 TSC,2025-10-25
Mladost Lučani,2.36,2.45,-0.09,2.36,2.35,0.01,0.0,0.1,-0.1,2.36,2.45,-0.09,0,3,-3,-2.91,37.5,32.18,46.26,1.22,1.2,162,16,10,21,8.2,17.5,17.0,2,5,16,3,6,29.0,11.94,109.27,85.01,27.43,11.58,1,Partizan 3-0 Mladost Lučani,2025-10-24
Partizan,2.45,2.36,0.09,2.35,2.36,-0.01,0.1,0.0,0.1,2.45,2.36,0.09,3,0,3,2.91,62.5,67.82,51.71,1.2,1.22,350,19,21,10,17.5,8.2,9.06,5,2,16,5,13,213.9,88.06,19.27,14.99,209.47,88.42,0,Partizan 3-0 Mladost Lučani,2025-10-24
Javor,2.23,1.59,0.64,2.17,1.2,0.97,0.05,0.39,-0.34,2.23,1.59,0.64,2,1,1,0.36,42.5,42.65,43.7,0.86,0.66,102,12,10,20,11.63,30.3,9.27,4,4,11,1,13,64.6,33.08,58.73,83.9,85.8,55.38,0,Novi Pazar 1-2 Javor,2025-10-24
Novi Pazar,1.59,2.23,-0.64,1.2,2.17,-0.97,0.39,0.05,0.34,1.59,2.23,-0.64,1,2,-1,-0.36,57.5,57.35,47.56,0.66,0.86,167,19,20,10,30.3,11.63,7.63,4,4,33,10,14,130.7,66.92,11.27,16.1,69.13,44.62,2,Novi Pazar 1-2 Javor,2025-10-24
Vojvodina,1.72,2.72,-1.0,1.35,2.61,-1.26,0.37,0.11,0.26,1.72,2.72,-1.0,4,1,3,4.0,48.7,45.45,43.79,1.12,1.29,143,14,13,16,11.61,12.4,11.48,1,5,16,6,17,74.6,42.1,31.27,47.24,95.5,70.39,0,Napredak 1-4 Vojvodina,2025-10-24
Napredak,2.72,1.72,1.0,2.61,1.35,1.26,0.11,0.37,-0.26,2.72,1.72,1.0,1,4,-3,-4.0,51.3,54.55,47.85,1.29,1.12,194,15,16,13,12.4,11.61,8.59,5,1,26,6,8,102.6,57.9,34.93,52.76,40.17,29.61,2,Napredak 1-4 Vojvodina,2025-10-24
IMT Novi Beograd,0.37,4.56,-4.19,0.34,4.36,-4.02,0.03,0.2,-0.17,0.37,4.56,-4.19,1,6,-5,-0.81,36.2,30.33,44.99,0.35,0.93,168,9,10,19,28.57,20.43,29.35,5,5,12,6,5,40.3,15.9,102.33,87.81,28.46,7.27,0,Crvena zvezda 6-1 IMT Novi Beograd,2025-10-19
Crvena zvezda,4.56,0.37,4.19,4.36,0.34,4.02,0.2,0.03,0.17,4.56,0.37,4.19,6,1,5,0.81,63.8,69.67,50.71,0.93,0.35,361,20,19,10,20.43,28.57,15.3,5,5,15,6,6,213.2,84.1,14.2,12.19,362.89,92.73,0,Crvena zvezda 6-1 IMT Novi Beograd,2025-10-19
Radnički Niš,2.31,1.03,1.28,1.55,1.03,0.52,0.0,0.0,0.0,1.55,1.03,0.52,0,2,-2,-3.28,59.4,60.42,46.97,0.88,0.42,256,12,17,9,19.32,21.43,5.73,6,5,25,2,14,148.3,73.09,10.07,10.14,82.57,34.05,1,Spartak Subotica 2-0 Radnički Niš,2025-10-19
Spartak Subotica,1.03,2.31,-1.28,1.03,1.55,-0.52,0.0,0.0,0.0,1.03,1.55,-0.52,2,0,2,3.28,40.6,39.58,46.91,0.42,0.88,149,13,9,17,21.43,19.32,11.16,5,6,5,2,21,54.6,26.91,89.2,89.86,159.93,65.95,0,Spartak Subotica 2-0 Radnički Niš,2025-10-19
Železničar Pančevo,2.5,1.47,1.03,1.78,1.41,0.37,0.72,0.07,0.65,2.5,1.47,1.03,1,2,-1,-2.03,68.5,71.58,49.08,1.19,0.63,286,23,21,10,17.65,15.87,7.11,5,4,20,8,18,200.8,81.23,9.07,6.61,128.9,59.53,1,Mladost Lučani 2-1 Železničar Pančevo,2025-10-19
Mladost Lučani,1.47,2.5,-1.03,1.41,1.78,-0.37,0.07,0.72,-0.65,1.47,2.5,-1.03,2,1,1,2.03,31.5,28.42,42.28,0.63,1.19,88,11,10,21,15.87,17.65,14.5,4,5,8,3,10,46.4,18.77,128.2,93.39,87.63,40.47,0,Mladost Lučani 2-1 Železničar Pančevo,2025-10-19
Novi Pazar,1.25,0.93,0.32,1.25,0.57,0.68,0.0,0.35,-0.35,1.25,0.93,0.32,1,1,0,-0.32,48.1,47.63,46.5,0.34,0.96,170,10,10,18,29.41,18.75,14.18,1,7,24,5,11,68.4,43.65,38.13,44.69,74.47,38.51,2,Čukarički 1-1 Novi Pazar,2025-10-19
Čukarički,0.93,1.25,-0.32,0.57,1.25,-0.68,0.35,0.0,0.35,0.93,1.25,-0.32,1,1,0,0.32,51.9,52.37,48.33,0.96,0.34,195,15,18,10,18.75,29.41,8.97,7,1,24,9,13,88.3,56.35,47.2,55.31,118.93,61.49,6,Čukarički 1-1 Novi Pazar,2025-10-19
Partizan,1.12,3.0,-1.88,0.93,2.98,-2.05,0.19,0.02,0.17,1.12,3.0,-1.88,1,0,1,2.88,47.3,46.6,45.38,0.5,1.33,174,13,17,20,34.0,15.04,8.72,6,8,14,6,14,79.9,40.97,67.93,61.28,93.2,56.97,0,TSC 0-1 Partizan,2025-10-18
TSC,3.0,1.12,1.88,2.98,0.93,2.05,0.02,0.19,-0.17,3.0,1.12,1.88,0,1,-1,-2.88,52.7,53.4,45.64,1.33,0.5,201,18,20,17,15.04,34.0,7.85,8,6,22,4,17,115.1,59.03,42.93,38.72,70.4,43.03,1,TSC 0-1 Partizan,2025-10-18
Radnički Kragujevac,0.91,2.61,-1.7,0.77,2.61,-1.84,0.14,0.0,0.14,0.91,2.61,-1.7,1,4,-3,-1.3,56.8,52.62,45.58,0.68,1.16,220,12,11,13,16.18,11.21,8.66,7,4,21,2,10,103.3,64.97,11.27,10.45,64.43,35.45,0,Vojvodina 4-1 Radnički Kragujevac,2025-10-18
Vojvodina,2.61,0.91,1.7,2.61,0.77,1.84,0.0,0.14,-0.14,2.61,0.91,1.7,4,1,3,1.3,43.2,47.38,50.59,1.16,0.68,189,20,13,11,11.21,16.18,8.58,4,7,25,3,20,55.7,35.03,96.6,89.55,117.33,64.55,1,Vojvodina 4-1 Radnički Kragujevac,2025-10-18
Radnik Surdulica,1.56,1.85,-0.29,0.53,1.7,-1.17,0.27,0.15,0.12,0.8,1.85,-1.05,2,3,-1,-0.71,55.2,53.16,51.3,0.58,0.52,220,14,12,12,20.69,23.08,8.03,2,5,21,6,8,107.0,58.06,47.2,39.86,95.77,52.44,0,Javor 3-2 Radnik Surdulica,2025-10-18
Javor,1.85,1.56,0.29,1.7,0.53,1.17,0.15,0.27,-0.12,1.85,0.8,1.05,3,2,1,0.71,44.8,46.84,47.56,0.52,0.58,143,11,12,12,23.08,20.69,11.07,5,2,15,4,15,77.3,41.94,71.2,60.14,86.87,47.56,2,Javor 3-2 Radnik Surdulica,2025-10-18
Napredak,0.56,4.07,-3.51,0.44,3.77,-3.33,0.12,0.3,-0.18,0.56,4.07,-3.51,0,4,-4,-0.49,41.3,38.78,43.58,0.37,0.76,134,8,12,15,32.43,19.74,17.25,2,10,13,3,10,40.1,23.67,79.73,75.03,26.87,13.91,0,OFK Beograd 4-0 Napredak,2025-10-18
OFK Beograd,4.07,0.56,3.51,3.77,0.44,3.33,0.3,0.12,0.18,4.07,0.56,3.51,4,0,4,0.49,58.7,61.22,45.49,0.76,0.37,201,14,15,12,19.74,32.43,8.4,10,2,11,4,11,129.3,76.33,26.53,24.97,166.34,86.09,0,OFK Beograd 4-0 Napredak,2025-10-18
Crvena zvezda,3.22,0.29,2.93,2.09,0.29,1.8,0.37,0.0,0.37,2.46,0.29,2.17,3,0,3,0.07,69.9,80.32,53.08,1.84,0.14,386,31,29,3,15.76,21.43,6.39,7,1,33,9,15,358.6,98.71,4.47,4.05,279.73,95.32,0,Napredak 0-3 Crvena zvezda,2025-10-05
Napredak,0.29,3.22,-2.93,0.29,2.09,-1.8,0.0,0.37,-0.37,0.29,2.46,-2.17,0,3,-3,-0.07,30.1,19.68,37.28,0.14,1.84,77,2,3,29,21.43,15.76,17.92,1,7,3,1,11,4.7,1.29,105.87,95.95,13.73,4.68,0,Napredak 0-3 Crvena zvezda,2025-10-05
Spartak Subotica,1.29,1.83,-0.54,1.29,1.01,0.28,0.0,0.06,-0.06,1.29,1.07,0.22,0,1,-1,-0.46,51.4,48.31,47.66,0.26,0.82,195,10,12,16,46.15,19.51,11.62,5,3,13,1,12,72.0,38.46,23.13,37.03,64.1,34.17,1,IMT Novi Beograd 1-0 Spartak Subotica,2025-10-05
IMT Novi Beograd,1.83,1.29,0.54,1.01,1.29,-0.28,0.06,0.0,0.06,1.07,1.29,-0.22,1,0,1,0.46,48.6,51.69,48.57,0.82,0.26,209,10,16,12,19.51,46.15,12.03,3,5,33,2,16,115.2,61.54,39.33,62.97,123.5,65.83,2,IMT Novi Beograd 1-0 Spartak Subotica,2025-10-05
Javor,1.23,0.61,0.62,0.37,0.52,-0.15,0.1,0.09,0.01,0.47,0.61,-0.14,0,1,-1,-1.62,48.6,49.17,46.57,0.53,0.71,209,15,9,9,16.98,12.68,11.49,2,7,30,11,15,79.8,55.88,51.4,53.84,78.77,54.55,2,Čukarički 1-0 Javor,2025-10-05
Čukarički,0.61,1.23,-0.62,0.52,0.37,0.15,0.09,0.1,-0.01,0.61,0.47,0.14,1,0,1,1.62,51.4,50.83,48.13,0.71,0.53,222,14,9,9,12.68,16.98,8.9,7,2,19,8,14,63.0,44.12,44.07,46.16,65.63,45.45,3,Čukarički 1-0 Javor,2025-10-05
Vojvodina,0.61,2.96,-2.35,0.41,2.15,-1.74,0.2,0.05,0.15,0.61,2.2,-1.59,0,1,-1,1.35,30.8,23.96,39.62,0.26,1.02,93,7,7,16,26.92,15.69,25.3,5,7,11,5,14,21.4,8.27,163.47,94.45,56.2,22.39,1,Partizan 1-0 Vojvodina,2025-10-04
Partizan,2.96,0.61,2.35,2.15,0.41,1.74,0.05,0.2,-0.15,2.2,0.61,1.59,1,0,1,-1.35,69.2,76.04,52.82,1.02,0.26,420,22,16,7,15.69,26.92,7.94,7,5,21,6,6,237.4,91.73,9.6,5.55,194.83,77.61,0,Partizan 1-0 Vojvodina,2025-10-04
TSC,0.49,2.85,-2.36,0.49,2.19,-1.7,0.0,0.66,-0.66,0.49,2.85,-2.36,0,1,-1,1.36,43.1,38.75,41.02,0.54,0.74,132,6,8,16,14.81,21.62,13.94,0,1,14,3,15,60.1,26.56,91.07,66.09,62.37,28.81,0,Železničar Pančevo 1-0 TSC,2025-10-04
Železničar Pančevo,2.85,0.49,2.36,2.19,0.49,1.7,0.66,0.0,0.66,2.85,0.49,2.36,1,0,1,-1.36,56.9,61.25,47.47,0.74,0.54,231,16,16,8,21.62,14.81,11.13,1,0,12,7,13,166.2,73.44,46.73,33.91,154.13,71.19,1,Železničar Pančevo 1-0 TSC,2025-10-04
OFK Beograd,2.31,1.85,0.46,2.31,1.63,0.68,0.0,0.22,-0.22,2.31,1.85,0.46,2,0,2,1.54,33.4,26.12,44.67,0.36,1.01,116,4,14,23,38.89,22.77,8.93,6,8,6,0,15,24.1,9.76,128.4,87.39,82.97,49.4,0,Radnički Kragujevac 0-2 OFK Beograd,2025-10-04
Radnički Kragujevac,1.85,2.31,-0.46,1.63,2.31,-0.68,0.22,0.0,0.22,1.85,2.31,-0.46,0,2,-2,-1.54,66.6,73.88,52.86,1.01,0.36,317,25,23,14,22.77,38.89,6.24,8,6,46,9,13,222.8,90.24,18.53,12.61,85.0,50.6,2,Radnički Kragujevac 0-2 OFK Beograd,2025-10-04
Mladost Lučani,1.46,2.2,-0.74,0.7,2.04,-1.34,0.0,0.16,-0.16,0.7,2.2,-1.5,0,1,-1,-0.26,44.9,36.75,41.64,0.44,1.36,140,5,8,20,18.18,14.71,13.96,2,3,8,1,11,42.3,19.06,62.53,62.66,55.77,23.54,0,Novi Pazar 1-0 Mladost Lučani,2025-10-04
Novi Pazar,2.2,1.46,0.74,2.04,0.7,1.34,0.16,0.0,0.16,2.2,0.7,1.5,1,0,1,0.26,55.1,63.25,47.88,1.36,0.44,221,23,20,8,14.71,18.18,12.31,3,2,25,8,14,179.6,80.94,37.27,37.34,181.1,76.46,2,Novi Pazar 1-0 Mladost Lučani,2025-10-04
Radnik Surdulica,2.58,2.95,-0.37,1.64,1.13,0.51,0.18,0.3,-0.12,1.82,1.43,0.39,2,4,-2,-1.63,47.9,53.69,49.85,1.25,0.34,187,20,13,17,10.4,50.0,10.1,4,5,27,8,12,102.7,52.32,58.93,64.62,82.31,37.26,4,Radnički Niš 4-2 Radnik Surdulica,2025-10-03
Radnički Niš,2.95,2.58,0.37,1.13,1.64,-0.51,0.3,0.18,0.12,1.43,1.82,-0.39,4,2,2,1.63,52.1,46.31,43.58,0.34,1.25,148,11,17,13,50.0,10.4,6.67,5,4,10,6,16,93.6,47.68,32.27,35.38,138.57,62.74,3,Radnički Niš 4-2 Radnik Surdulica,2025-10-03
Radnički Kragujevac,1.65,5.05,-3.4,1.59,4.02,-2.43,0.05,0.27,-0.22,1.65,4.29,-2.64,1,2,-1,2.4,37.4,34.98,46.02,0.2,2.54,141,4,9,22,45.0,8.66,16.44,4,6,12,3,10,34.8,15.83,77.2,78.3,56.63,34.08,0,Crvena zvezda 2-1 Radnički Kragujevac,2025-09-28
Crvena zvezda,5.05,1.65,3.4,4.02,1.59,2.43,0.27,0.05,0.22,4.29,1.65,2.64,2,1,1,-2.4,62.6,65.02,48.67,2.54,0.2,285,22,22,9,8.66,45.0,9.13,6,4,29,7,10,185.0,84.17,21.4,21.7,109.53,65.92,0,Crvena zvezda 2-1 Radnički Kragujevac,2025-09-28
Čukarički,4.36,2.65,1.71,3.18,1.89,1.29,0.42,0.0,0.42,3.6,1.89,1.71,1,1,0,-1.71,70.2,75.45,51.79,2.24,0.53,361,26,23,12,10.27,22.64,7.0,9,2,42,11,14,242.4,90.99,10.33,9.81,171.63,77.5,3,Mladost Lučani 1-1 Čukarički,2025-09-28
Mladost Lučani,2.65,4.36,-1.71,1.89,3.18,-1.29,0.0,0.42,-0.42,1.89,3.6,-1.71,1,1,0,1.71,29.8,24.55,41.11,0.53,2.24,90,8,12,23,22.64,10.27,19.58,2,9,4,1,7,24.0,9.01,94.93,90.19,49.83,22.5,0,Mladost Lučani 1-1 Čukarički,2025-09-28
Napredak,1.98,1.61,0.37,1.49,0.93,0.56,0.49,0.68,-0.19,1.98,1.61,0.37,1,2,-1,-1.37,54.1,51.01,50.7,0.82,0.69,201,12,15,12,18.29,17.39,8.16,6,2,32,5,7,125.2,56.65,7.47,11.54,89.13,34.41,0,Spartak Subotica 2-1 Napredak,2025-09-28
Spartak Subotica,1.61,1.98,-0.37,0.93,1.49,-0.56,0.68,0.49,0.19,1.61,1.98,-0.37,2,1,1,1.37,45.9,48.99,50.72,0.69,0.82,178,14,12,15,17.39,18.29,10.86,2,6,12,7,24,95.8,43.35,57.27,88.46,169.87,65.59,2,Spartak Subotica 2-1 Napredak,2025-09-28
Novi Pazar,1.85,2.07,-0.22,1.45,2.07,-0.62,0.4,0.0,0.4,1.85,2.07,-0.22,0,1,-1,-0.78,46.5,47.69,44.81,1.1,1.08,170,14,14,12,12.73,11.11,10.63,5,2,21,5,14,77.5,51.12,65.53,57.05,96.6,50.5,2,TSC 1-0 Novi Pazar,2025-09-28
TSC,2.07,1.85,0.22,2.07,1.45,0.62,0.0,0.4,-0.4,2.07,1.85,0.22,1,0,1,0.78,53.5,52.31,43.11,1.08,1.1,177,4,12,14,11.11,12.73,9.97,2,5,7,1,17,74.1,48.88,49.33,42.95,94.7,49.5,1,TSC 1-0 Novi Pazar,2025-09-28
Železničar Pančevo,0.69,1.3,-0.61,0.69,1.22,-0.53,0.0,0.09,-0.09,0.69,1.3,-0.61,1,1,0,0.61,40.9,29.62,38.19,0.35,1.11,102,5,8,12,22.86,10.81,14.21,4,5,5,2,17,27.9,17.79,54.6,63.49,46.63,29.88,2,Vojvodina 1-1 Železničar Pančevo,2025-09-27
Vojvodina,1.3,0.69,0.61,1.22,0.69,0.53,0.09,0.0,0.09,1.3,0.69,0.61,1,1,0,-0.61,59.1,70.38,49.44,1.11,0.35,259,17,12,8,10.81,22.86,10.16,5,4,29,4,13,128.9,82.21,31.4,36.51,109.43,70.12,1,Vojvodina 1-1 Železničar Pančevo,2025-09-27
Partizan,2.93,0.68,2.25,2.91,0.68,2.23,0.02,0.0,0.02,2.93,0.68,2.25,2,0,2,-0.25,64.2,67.96,50.53,1.24,0.38,298,29,24,10,19.35,26.32,10.67,3,3,19,6,11,197.4,85.94,23.53,20.59,160.23,83.25,1,OFK Beograd 0-2 Partizan,2025-09-27
OFK Beograd,0.68,2.93,-2.25,0.68,2.91,-2.23,0.0,0.02,-0.02,0.68,2.93,-2.25,0,2,-2,0.25,35.8,32.04,41.47,0.38,1.24,117,4,10,24,26.32,19.35,19.73,3,3,18,2,12,32.3,14.06,90.73,79.41,32.23,16.75,1,OFK Beograd 0-2 Partizan,2025-09-27
Radnički Niš,0.89,2.51,-1.62,0.71,2.26,-1.55,0.18,0.25,-0.07,0.89,2.51,-1.62,1,2,-1,0.62,59.7,58.74,50.89,1.02,1.26,270,16,14,14,13.73,11.11,8.16,6,4,29,5,14,98.5,59.41,23.2,24.79,61.4,39.95,3,Javor 2-1 Radnički Niš,2025-09-27
Javor,2.51,0.89,1.62,2.26,0.71,1.55,0.25,0.18,0.07,2.51,0.89,1.62,2,1,1,-0.62,40.3,41.26,46.29,1.26,1.02,147,12,14,14,11.11,13.73,14.04,4,6,16,4,16,67.3,40.59,70.4,75.21,92.3,60.05,0,Javor 2-1 Radnički Niš,2025-09-27
IMT Novi Beograd,1.36,2.06,-0.7,1.36,1.12,0.24,0.0,0.94,-0.94,1.36,2.06,-0.7,0,2,-2,-1.3,52.0,38.91,42.66,0.5,0.55,150,10,9,16,18.0,29.09,7.94,3,8,21,4,16,36.8,22.09,13.73,20.15,14.77,5.75,1,Radnik Surdulica 2-0 IMT Novi Beograd,2025-09-26
Radnik Surdulica,2.06,1.36,0.7,1.12,1.36,-0.24,0.94,0.0,0.94,2.06,1.36,0.7,2,0,2,1.3,48.0,61.09,53.0,0.55,0.5,206,14,16,9,29.09,18.0,7.15,8,3,15,5,14,129.8,77.91,54.4,79.85,241.93,94.25,2,Radnik Surdulica 2-0 IMT Novi Beograd,2025-09-26
Radnički Kragujevac,0.59,1.06,-0.47,0.51,0.79,-0.28,0.08,0.27,-0.19,0.59,1.06,-0.47,1,1,0,0.47,49.3,36.67,38.81,0.11,0.69,127,2,7,11,63.64,15.94,8.47,4,14,7,2,18,34.8,21.9,28.93,36.01,27.1,18.57,0,Novi Pazar 1-1 Radnički Kragujevac,2025-09-24
Novi Pazar,1.06,0.59,0.47,0.79,0.51,0.28,0.27,0.08,0.19,1.06,0.59,0.47,1,1,0,-0.47,50.7,63.33,47.09,0.69,0.11,204,9,11,7,15.94,63.64,7.27,14,4,16,1,19,124.1,78.1,51.4,63.99,118.87,81.43,3,Novi Pazar 1-1 Radnički Kragujevac,2025-09-24
Javor,0.91,1.51,-0.6,0.88,1.19,-0.31,0.03,0.33,-0.3,0.91,1.51,-0.6,1,2,-1,-0.4,53.8,51.96,46.1,1.1,0.76,204,13,13,16,11.82,21.05,10.87,4,3,22,3,9,76.9,49.14,37.73,33.81,54.87,39.17,2,Mladost Lučani 2-1 Javor,2025-09-21
Mladost Lučani,1.51,0.91,0.6,1.19,0.88,0.31,0.33,0.03,0.3,1.51,0.91,0.6,2,1,1,0.4,46.2,48.04,47.28,0.76,1.1,199,16,16,13,21.05,11.82,13.69,3,4,24,6,14,79.6,50.86,73.87,66.19,85.2,60.83,0,Mladost Lučani 2-1 Javor,2025-09-21
TSC,1.52,3.61,-2.09,1.4,2.85,-1.45,0.12,0.0,0.12,1.52,2.85,-1.33,2,4,-2,0.09,64.2,49.53,47.63,0.93,1.26,288,14,11,17,11.83,13.49,6.89,5,3,16,3,11,78.5,43.78,5.07,4.02,21.23,9.4,0,Čukarički 4-2 TSC,2025-09-21
Čukarički,3.61,1.52,2.09,2.85,1.4,1.45,0.0,0.12,-0.12,2.85,1.52,1.33,4,2,2,-0.09,35.8,50.47,49.82,1.26,0.93,157,18,17,11,13.49,11.83,13.75,3,5,20,4,20,100.8,56.22,121.13,95.98,204.7,90.6,2,Čukarički 4-2 TSC,2025-09-21
Radnički Niš,1.16,0.8,0.36,1.05,0.68,0.37,0.11,0.12,-0.01,1.16,0.8,0.36,0,1,-1,-1.36,53.8,58.68,49.7,1.04,0.92,222,22,12,8,11.54,8.7,6.83,9,6,19,3,17,120.4,68.76,36.6,37.15,90.57,60.47,2,IMT Novi Beograd 1-0 Radnički Niš,2025-09-21
IMT Novi Beograd,0.8,1.16,-0.36,0.68,1.05,-0.37,0.12,0.11,0.01,0.8,1.16,-0.36,1,0,1,1.36,46.2,41.32,45.11,0.92,1.04,145,7,8,12,8.7,11.54,8.45,6,9,12,3,15,54.7,31.24,61.93,62.85,59.2,39.53,1,IMT Novi Beograd 1-0 Radnički Niš,2025-09-21
OFK Beograd,1.49,2.81,-1.32,0.73,1.49,-0.76,0.0,0.56,-0.56,0.73,2.05,-1.32,3,1,2,3.32,38.1,41.7,44.49,0.54,0.63,112,10,9,17,16.67,26.98,14.07,2,7,11,4,12,48.6,28.95,79.33,80.29,73.97,56.78,0,Železničar Pančevo 1-3 OFK Beograd,2025-09-20
Železničar Pančevo,2.81,1.49,1.32,1.49,0.73,0.76,0.56,0.0,0.56,2.05,0.73,1.32,1,3,-2,-3.32,61.9,58.3,47.45,0.63,0.54,216,14,17,9,26.98,16.67,5.87,7,2,21,7,18,119.3,71.05,19.47,19.71,56.3,43.22,2,Železničar Pančevo 1-3 OFK Beograd,2025-09-20
Crvena zvezda,2.93,2.47,0.46,1.64,2.3,-0.66,1.29,0.16,1.13,2.93,2.47,0.46,2,1,1,0.54,49.4,43.75,46.7,0.87,0.8,221,14,13,16,14.94,20.0,13.82,2,3,14,4,13,68.7,34.64,61.87,53.34,83.4,50.68,1,Partizan 1-2 Crvena zvezda,2025-09-20
Partizan,2.47,2.93,-0.46,2.3,1.64,0.66,0.16,1.29,-1.13,2.47,2.93,-0.46,1,2,-1,-0.54,50.6,56.25,49.33,0.8,0.87,250,15,16,13,20.0,14.94,16.83,3,2,26,5,8,129.6,65.36,54.13,46.66,81.17,49.32,0,Partizan 1-2 Crvena zvezda,2025-09-20
Vojvodina,0.43,2.11,-1.68,0.36,2.1,-1.74,0.06,0.01,0.05,0.43,2.11,-1.68,0,1,-1,0.68,62.8,63.29,50.35,0.37,0.58,214,11,10,10,27.03,17.24,7.46,2,6,21,4,15,141.4,66.2,16.47,22.48,97.4,51.15,0,Novi Pazar 1-0 Vojvodina,2025-09-20
Novi Pazar,2.11,0.43,1.68,2.1,0.36,1.74,0.01,0.06,-0.05,2.11,0.43,1.68,1,0,1,-0.68,37.2,36.71,46.67,0.58,0.37,113,7,10,10,17.24,27.03,8.62,6,2,9,2,11,72.2,33.8,56.8,77.52,93.03,48.85,1,Novi Pazar 1-0 Vojvodina,2025-09-20
Spartak Subotica,0.11,3.91,-3.8,0.11,2.98,-2.87,0.0,0.17,-0.17,0.11,3.15,-3.04,0,2,-2,1.8,51.0,47.27,44.39,0.4,0.99,162,6,4,17,10.0,17.17,9.84,3,5,6,4,13,41.6,26.2,41.0,39.78,28.3,14.09,1,Radnički Kragujevac 2-0 Spartak Subotica,2025-09-20
Radnički Kragujevac,3.91,0.11,3.8,2.98,0.11,2.87,0.17,0.0,0.17,3.15,0.11,3.04,2,0,2,-1.8,49.0,52.73,49.11,0.99,0.4,189,14,17,4,17.17,10.0,7.73,5,3,16,6,10,117.2,73.8,62.07,60.22,172.53,85.91,1,Radnički Kragujevac 2-0 Spartak Subotica,2025-09-20
Radnik Surdulica,2.34,1.66,0.68,1.58,1.54,0.04,0.0,0.13,-0.13,1.58,1.66,-0.08,3,1,2,1.32,46.1,41.53,44.61,0.46,1.24,147,7,11,19,23.91,15.32,9.6,3,7,10,2,24,42.1,23.79,43.27,55.62,99.17,90.73,0,Napredak 1-3 Radnik Surdulica,2025-09-19
Napredak,1.66,2.34,-0.68,1.54,1.58,-0.04,0.13,0.0,0.13,1.66,1.58,0.08,1,3,-2,-1.32,53.9,58.47,51.6,1.24,0.46,253,17,19,11,15.32,23.91,6.43,7,3,31,4,13,134.9,76.21,34.53,44.38,10.13,9.27,2,Napredak 1-3 Radnik Surdulica,2025-09-19
Partizan,2.38,2.23,0.15,2.33,1.29,1.04,0.05,0.18,-0.13,2.38,1.47,0.91,5,2,3,2.85,55.4,51.5,46.31,1.12,0.89,210,18,17,15,15.18,16.85,9.12,5,6,9,5,17,112.3,56.07,34.07,38.77,126.77,69.47,0,Spartak Subotica 2-5 Partizan,2025-09-14
Spartak Subotica,2.23,2.38,-0.15,1.29,2.33,-1.04,0.18,0.05,0.13,1.47,2.38,-0.91,2,5,-3,-2.85,44.6,48.5,47.19,0.89,1.12,177,24,15,17,16.85,15.18,12.29,6,5,11,7,6,88.0,43.93,53.8,61.23,55.7,30.53,0,Spartak Subotica 2-5 Partizan,2025-09-14
Mladost Lučani,0.69,1.83,-1.14,0.58,1.67,-1.09,0.11,0.17,-0.06,0.69,1.83,-1.14,0,1,-1,0.14,34.1,28.69,43.17,0.58,1.15,119,7,8,18,13.79,15.65,17.08,1,4,14,2,9,45.8,16.81,99.87,92.58,59.67,28.45,0,TSC 1-0 Mladost Lučani,2025-09-14
TSC,1.83,0.69,1.14,1.67,0.58,1.09,0.17,0.11,0.06,1.83,0.69,1.14,1,0,1,-0.14,65.9,71.31,55.82,1.15,0.58,388,16,18,8,15.65,13.79,7.69,4,1,31,9,13,226.6,83.19,8.0,7.42,150.1,71.55,0,TSC 1-0 Mladost Lučani,2025-09-14
Železničar Pančevo,0.97,4.19,-3.22,0.97,3.33,-2.36,0.0,0.09,-0.09,0.97,3.43,-2.46,1,7,-6,-2.78,38.1,23.17,36.51,0.42,1.6,85,2,8,20,19.05,12.5,29.73,4,12,3,1,8,14.4,7.13,108.2,77.55,25.47,6.08,0,Crvena zvezda 7-1 Železničar Pančevo,2025-09-14
Crvena zvezda,4.19,0.97,3.22,3.33,0.97,2.36,0.09,0.0,0.09,3.43,0.97,2.46,7,1,6,2.78,61.9,76.83,47.52,1.6,0.42,277,26,20,8,12.5,19.05,9.59,12,4,29,9,9,187.7,92.87,31.33,22.45,393.73,93.92,1,Crvena zvezda 7-1 Železničar Pančevo,2025-09-14
Napredak,1.22,1.13,0.09,0.8,1.04,-0.24,0.42,0.08,0.34,1.22,1.13,0.09,0,3,-3,-3.09,47.8,56.03,49.28,1.02,0.45,181,20,13,8,12.75,17.78,8.2,5,5,24,8,13,105.2,60.56,64.0,66.58,104.01,43.57,0,Radnički Niš 3-0 Napredak,2025-09-14
Radnički Niš,1.13,1.22,-0.09,1.04,0.8,0.24,0.08,0.42,-0.34,1.13,1.22,-0.09,3,0,3,3.09,52.2,43.97,43.54,0.45,1.02,153,13,8,13,17.78,12.75,8.94,5,5,10,3,21,68.5,39.44,32.13,33.42,134.72,56.43,0,Radnički Niš 3-0 Napredak,2025-09-14
Čukarički,2.44,3.19,-0.75,1.68,2.13,-0.45,0.0,1.07,-1.07,1.68,3.19,-1.51,1,3,-2,-1.25,43.5,39.44,44.75,0.68,1.06,143,9,9,18,13.24,16.98,13.19,4,2,10,1,8,57.7,26.79,48.13,74.44,64.0,35.48,3,Vojvodina 3-1 Čukarički,2025-09-13
Vojvodina,3.19,2.44,0.75,2.13,1.68,0.45,1.07,0.0,1.07,3.19,1.68,1.51,3,1,2,1.25,56.5,60.56,49.08,1.06,0.68,226,16,18,9,16.98,13.24,13.77,2,4,24,9,11,157.7,73.21,16.53,25.56,116.4,64.52,0,Vojvodina 3-1 Čukarički,2025-09-13
Novi Pazar,3.27,1.29,1.98,2.27,1.29,0.98,0.24,0.0,0.24,2.51,1.29,1.22,2,0,2,0.02,44.4,45.32,49.5,1.16,0.63,153,13,23,10,19.83,15.87,9.8,2,5,18,4,15,125.3,58.01,69.07,84.44,171.9,77.03,1,OFK Beograd 0-2 Novi Pazar,2025-09-13
OFK Beograd,1.29,3.27,-1.98,1.29,2.27,-0.98,0.0,0.24,-0.24,1.29,2.51,-1.22,0,2,-2,-0.02,55.6,54.68,49.15,0.63,1.16,201,11,10,23,15.87,19.83,7.21,5,2,24,4,13,90.7,41.99,12.73,15.56,51.27,22.97,0,OFK Beograd 0-2 Novi Pazar,2025-09-13
Radnički Kragujevac,3.0,2.49,0.51,1.75,2.34,-0.59,1.25,0.15,1.1,3.0,2.49,0.51,3,2,1,0.49,62.9,61.64,48.14,1.58,0.4,228,17,22,14,13.92,35.0,6.9,5,5,34,9,15,198.9,71.6,5.0,5.15,130.6,52.8,1,Radnik Surdulica 2-3 Radnički Kragujevac,2025-09-13
Radnik Surdulica,2.49,3.0,-0.51,2.34,1.75,0.59,0.15,1.25,-1.1,2.49,3.0,-0.51,2,3,-1,-0.49,37.1,38.36,46.34,0.4,1.58,125,7,14,22,35.0,13.92,8.53,5,5,14,2,14,78.9,28.4,92.0,94.85,116.77,47.2,4,Radnik Surdulica 2-3 Radnički Kragujevac,2025-09-13
IMT Novi Beograd,0.75,1.45,-0.7,0.75,1.32,-0.57,0.0,0.13,-0.13,0.75,1.45,-0.7,0,2,-2,-1.3,54.2,46.58,45.1,0.38,0.63,178,11,11,11,28.95,17.46,11.68,4,8,28,6,12,62.8,37.4,28.4,37.47,47.03,27.18,1,Javor 2-0 IMT Novi Beograd,2025-09-13
Javor,1.45,0.75,0.7,1.32,0.75,0.57,0.13,0.0,0.13,1.45,0.75,0.7,2,0,2,1.3,45.8,53.42,48.17,0.63,0.38,192,8,11,11,17.46,28.95,10.8,8,4,19,3,13,105.1,62.6,47.4,62.53,126.03,72.82,5,Javor 2-0 IMT Novi Beograd,2025-09-13
IMT Novi Beograd,1.02,1.74,-0.72,1.01,1.22,-0.21,0.0,0.52,-0.52,1.02,1.74,-0.72,1,3,-2,-1.28,47.5,46.55,49.84,0.52,0.8,209,9,7,19,13.46,23.75,9.83,4,6,17,2,13,68.4,31.9,50.07,65.42,69.33,42.36,1,Napredak 3-1 IMT Novi Beograd,2025-08-31
Napredak,1.74,1.02,0.72,1.22,1.01,0.21,0.52,0.0,0.52,1.74,1.02,0.72,3,1,2,1.28,52.5,53.45,49.52,0.8,0.52,244,25,19,7,23.75,13.46,8.13,6,4,23,7,17,146.0,68.1,26.47,34.58,94.33,57.64,2,Napredak 3-1 IMT Novi Beograd,2025-08-31
Radnički Niš,1.36,2.62,-1.26,1.1,1.82,-0.72,0.26,0.04,0.22,1.36,1.86,-0.5,0,1,-1,0.26,49.6,40.65,44.53,0.63,0.74,149,6,12,19,19.05,25.68,7.03,5,6,19,4,20,70.2,35.62,48.6,62.25,59.27,35.88,0,Radnički Kragujevac 1-0 Radnički Niš,2025-08-31
Radnički Kragujevac,2.62,1.36,1.26,1.82,1.1,0.72,0.04,0.26,-0.22,1.86,1.36,0.5,1,0,1,-0.26,50.4,59.35,47.64,0.74,0.63,178,16,19,12,25.68,19.05,7.35,6,5,17,10,15,126.9,64.38,29.47,37.75,105.93,64.12,0,Radnički Kragujevac 1-0 Radnički Niš,2025-08-31
Spartak Subotica,1.37,1.53,-0.16,1.14,0.76,0.38,0.23,0.02,0.21,1.37,0.77,0.6,1,1,0,0.16,47.5,56.54,51.54,0.66,0.67,235,14,14,11,21.21,16.42,12.19,4,8,20,7,21,134.9,68.44,75.33,69.71,148.77,80.66,0,Železničar Pančevo 1-1 Spartak Subotica,2025-08-31
Železničar Pančevo,1.53,1.37,0.16,0.76,1.14,-0.38,0.02,0.23,-0.21,0.77,1.37,-0.6,1,1,0,-0.16,52.5,43.46,40.88,0.67,0.66,152,12,11,14,16.42,21.21,6.84,8,4,12,6,13,62.2,31.56,32.73,30.29,35.67,19.34,1,Železničar Pančevo 1-1 Spartak Subotica,2025-08-31
Crvena zvezda,3.0,0.85,2.15,2.73,0.81,1.92,0.26,0.03,0.23,3.0,0.85,2.15,5,1,4,1.85,57.8,50.55,43.39,1.44,0.39,183,19,20,9,13.89,23.08,12.27,4,6,16,7,7,110.0,62.54,9.93,8.79,95.07,57.32,1,Novi Pazar 1-5 Crvena zvezda,2025-08-31
Novi Pazar,0.85,3.0,-2.15,0.81,2.73,-1.92,0.03,0.26,-0.23,0.85,3.0,-2.15,1,5,-4,-1.85,42.2,49.45,47.35,0.39,1.44,172,13,9,20,23.08,13.89,17.3,6,4,17,4,11,65.9,37.46,103.07,91.21,70.8,42.68,2,Novi Pazar 1-5 Crvena zvezda,2025-08-31
Vojvodina,1.7,0.75,0.95,1.62,0.15,1.47,0.08,0.59,-0.51,1.7,0.75,0.95,0,0,0,-0.95,63.9,72.32,53.6,1.06,0.32,361,22,19,5,17.92,15.62,11.92,2,2,36,7,12,232.8,90.55,21.67,22.81,190.97,84.84,1,Mladost Lučani 0-0 Vojvodina,2025-08-30
Mladost Lučani,0.75,1.7,-0.95,0.15,1.62,-1.47,0.59,0.08,0.51,0.75,1.7,-0.95,0,0,0,0.95,36.1,27.68,37.55,0.32,1.06,97,13,5,19,15.62,17.92,24.47,2,2,9,5,8,24.3,9.45,73.33,77.19,34.13,15.16,3,Mladost Lučani 0-0 Vojvodina,2025-08-30
Radnik Surdulica,0.54,3.23,-2.69,0.54,2.25,-1.71,0.01,0.23,-0.22,0.54,2.47,-1.93,0,2,-2,0.69,34.9,33.09,43.67,0.43,1.21,113,7,8,19,18.6,15.7,19.95,2,4,10,2,12,31.0,14.17,119.8,89.05,56.37,32.35,1,Partizan 2-0 Radnik Surdulica,2025-08-30
Partizan,3.23,0.54,2.69,2.25,0.54,1.71,0.23,0.01,0.22,2.47,0.54,1.93,2,0,2,-0.69,65.1,66.91,47.43,1.21,0.43,255,21,19,8,15.7,18.6,8.0,4,2,19,9,14,187.7,85.83,14.73,10.95,117.87,67.65,1,Partizan 2-0 Radnik Surdulica,2025-08-30
Javor,1.49,1.05,0.44,0.89,1.05,-0.16,0.6,0.0,0.6,1.49,1.05,0.44,2,2,0,-0.44,34.4,36.98,42.29,0.56,0.76,95,13,13,8,23.21,10.53,14.15,2,4,14,8,9,67.0,41.0,107.27,87.25,94.07,67.32,1,TSC 2-2 Javor,2025-08-30
TSC,1.05,1.49,-0.44,1.05,0.89,0.16,0.0,0.6,-0.6,1.05,1.49,-0.44,2,2,0,0.44,65.6,63.02,48.47,0.76,0.56,301,6,8,13,10.53,23.21,6.44,4,2,8,5,19,96.4,59.0,15.67,12.75,45.67,32.68,0,TSC 2-2 Javor,2025-08-30
OFK Beograd,1.44,2.31,-0.87,0.54,2.31,-1.77,0.9,0.0,0.9,1.44,2.31,-0.87,3,1,2,2.87,48.3,37.06,42.66,0.42,1.1,144,8,10,18,23.81,16.36,10.0,4,6,19,8,7,57.4,24.36,63.73,50.66,61.97,41.82,0,Čukarički 1-3 OFK Beograd,2025-08-29
Čukarički,2.31,1.44,0.87,2.31,0.54,1.77,0.0,0.9,-0.9,2.31,1.44,0.87,1,3,-2,-2.87,51.7,62.94,52.92,1.1,0.42,272,16,18,10,16.36,23.81,12.82,6,4,27,1,15,178.2,75.64,62.07,49.34,86.2,58.18,1,Čukarički 1-3 OFK Beograd,2025-08-29
Novi Pazar,1.59,1.87,-0.28,0.83,0.84,-0.01,0.0,0.27,-0.27,0.83,1.11,-0.28,1,1,0,0.28,38.2,40.85,44.82,0.55,0.53,140,11,10,14,18.18,26.42,9.7,8,6,7,0,14,65.9,36.92,120.8,98.21,137.1,80.27,1,Spartak Subotica 1-1 Novi Pazar,2025-08-24
Spartak Subotica,1.87,1.59,0.28,0.84,0.83,0.01,0.27,0.0,0.27,1.11,0.83,0.28,1,1,0,-0.28,61.8,59.15,46.85,0.53,0.55,256,14,14,10,26.42,18.18,9.83,6,8,20,7,12,112.6,63.08,2.2,1.79,33.7,19.73,0,Spartak Subotica 1-1 Novi Pazar,2025-08-24
Partizan,2.51,0.83,1.68,1.88,0.7,1.18,0.63,0.12,0.51,2.51,0.83,1.68,2,2,0,-1.68,60.5,47.34,43.18,1.01,0.64,201,17,18,13,17.82,20.31,12.79,2,5,26,9,5,98.7,55.2,5.2,6.17,73.7,38.65,1,Radnički Niš 2-2 Partizan,2025-08-24
Radnički Niš,0.83,2.51,-1.68,0.7,1.88,-1.18,0.12,0.63,-0.51,0.83,2.51,-1.68,2,2,0,1.68,39.5,52.66,49.57,0.64,1.01,178,13,13,18,20.31,17.82,17.36,5,2,14,5,16,80.1,44.8,79.07,93.83,116.97,61.35,1,Radnički Niš 2-2 Partizan,2025-08-24
Radnički Kragujevac,1.39,1.08,0.31,1.19,0.32,0.87,0.2,0.0,0.2,1.39,0.32,1.07,0,2,-2,-2.31,64.1,79.6,55.46,1.02,0.44,356,20,29,5,28.43,11.36,8.53,4,2,34,12,10,272.6,98.7,5.8,6.25,181.53,91.91,0,IMT Novi Beograd 2-0 Radnički Kragujevac,2025-08-24
IMT Novi Beograd,1.08,1.39,-0.31,0.32,1.19,-0.87,0.0,0.2,-0.2,0.32,1.39,-1.07,2,0,2,2.31,35.9,20.4,40.58,0.44,1.02,89,7,5,29,11.36,28.43,13.81,2,4,7,0,14,3.6,1.3,87.07,93.75,15.97,8.09,1,IMT Novi Beograd 2-0 Radnički Kragujevac,2025-08-24
Železničar Pančevo,1.79,1.57,0.22,1.38,1.41,-0.03,0.41,0.16,0.25,1.79,1.57,0.22,2,1,1,0.78,54.7,45.72,42.97,0.74,1.15,166,9,9,16,12.16,13.91,10.55,3,10,21,9,12,60.5,36.76,49.67,40.08,52.4,34.11,0,Radnik Surdulica 1-2 Železničar Pančevo,2025-08-24
Radnik Surdulica,1.57,1.79,-0.22,1.41,1.38,0.03,0.16,0.41,-0.25,1.57,1.79,-0.22,1,2,-1,-0.78,45.3,54.28,46.88,1.15,0.74,188,17,16,9,13.91,12.16,13.26,10,3,18,5,10,104.1,63.24,74.27,59.92,101.2,65.89,1,Radnik Surdulica 1-2 Železničar Pančevo,2025-08-24
TSC,0.75,1.11,-0.36,0.75,1.09,-0.34,0.0,0.02,-0.02,0.75,1.11,-0.36,0,2,-2,-1.64,59.3,56.34,47.82,0.85,0.53,251,15,8,8,9.41,15.09,8.74,3,7,14,3,11,91.6,58.98,14.33,13.07,25.17,12.17,1,Vojvodina 2-0 TSC,2025-08-23
Vojvodina,1.11,0.75,0.36,1.09,0.75,0.34,0.02,0.0,0.02,1.11,0.75,0.36,2,0,2,1.64,40.7,43.66,47.91,0.53,0.85,173,15,8,8,15.09,9.41,11.29,7,3,9,4,17,63.7,41.02,95.33,86.93,181.67,87.83,2,Vojvodina 2-0 TSC,2025-08-23
Mladost Lučani,1.42,1.33,0.09,1.1,1.15,-0.05,0.33,0.18,0.15,1.42,1.33,0.09,1,1,0,-0.09,57.1,59.22,54.69,1.47,0.29,320,22,17,6,11.56,20.69,11.2,3,1,32,6,11,199.3,72.79,23.53,21.33,155.87,64.62,1,OFK Beograd 1-1 Mladost Lučani,2025-08-23
OFK Beograd,1.33,1.42,-0.09,1.15,1.1,0.05,0.18,0.33,-0.15,1.33,1.42,-0.09,1,1,0,0.09,42.9,40.78,48.99,0.29,1.47,185,12,6,17,20.69,11.56,11.45,1,3,11,6,14,74.5,27.21,86.8,78.67,85.33,35.38,0,OFK Beograd 1-1 Mladost Lučani,2025-08-23
Napredak,1.22,1.19,0.03,0.72,1.0,-0.28,0.51,0.19,0.32,1.22,1.19,0.03,0,0,0,-0.03,61.2,58.61,50.0,0.61,0.39,245,17,13,12,21.31,30.77,6.43,10,10,24,4,12,138.8,65.07,16.8,19.21,112.2,52.44,1,Javor 0-0 Napredak,2025-08-22
Javor,1.19,1.22,-0.03,1.0,0.72,0.28,0.19,0.51,-0.32,1.19,1.22,-0.03,0,0,0,0.03,38.8,41.39,46.87,0.39,0.61,138,15,12,13,30.77,21.31,10.56,10,10,18,4,14,74.5,34.93,70.67,80.79,101.77,47.56,3,Javor 0-0 Napredak,2025-08-22
IMT Novi Beograd,1.26,2.5,-1.24,1.03,2.48,-1.45,0.23,0.02,0.21,1.26,2.5,-1.24,1,5,-4,-2.76,45.6,49.64,47.66,0.64,0.74,189,11,10,16,15.62,21.62,7.79,4,5,11,3,19,60.8,40.75,65.53,62.85,47.21,20.26,0,Partizan 5-1 IMT Novi Beograd,2025-08-18
Partizan,2.5,1.26,1.24,2.48,1.03,1.45,0.02,0.23,-0.21,2.5,1.26,1.24,5,1,4,2.76,54.4,50.36,42.94,0.74,0.64,184,14,16,10,21.62,15.62,7.95,5,4,7,4,11,88.4,59.25,38.73,37.15,185.83,79.74,0,Partizan 5-1 IMT Novi Beograd,2025-08-18
Radnički Niš,0.79,3.01,-2.22,0.76,2.65,-1.89,0.04,0.36,-0.32,0.79,3.01,-2.22,0,3,-3,-0.78,44.7,54.0,50.09,0.52,0.68,193,8,15,18,28.85,26.47,13.38,3,4,15,3,18,126.9,57.55,72.0,66.01,76.23,39.43,0,Železničar Pančevo 3-0 Radnički Niš,2025-08-17
Železničar Pančevo,3.01,0.79,2.22,2.65,0.76,1.89,0.36,0.04,0.32,3.01,0.79,2.22,3,0,3,0.78,55.3,46.0,44.76,0.68,0.52,190,17,18,15,26.47,28.85,7.4,4,3,18,6,17,93.6,42.45,37.07,33.99,117.08,60.57,0,Železničar Pančevo 3-0 Radnički Niš,2025-08-17
Napredak,0.21,3.73,-3.52,0.21,3.15,-2.94,0.0,0.57,-0.57,0.21,3.73,-3.52,0,0,0,3.52,29.2,15.05,39.41,0.48,1.54,68,4,2,34,4.17,22.08,13.16,0,8,7,2,14,6.0,1.52,59.53,84.01,12.57,3.49,0,Radnički Kragujevac 0-0 Napredak,2025-08-17
Radnički Kragujevac,3.73,0.21,3.52,3.15,0.21,2.94,0.57,0.0,0.57,3.73,0.21,3.52,0,0,0,-3.52,70.8,84.95,59.09,1.54,0.48,382,31,34,2,22.08,4.17,5.17,8,0,43,9,12,388.8,98.48,11.33,15.99,347.17,96.51,0,Radnički Kragujevac 0-0 Napredak,2025-08-17
OFK Beograd,3.32,1.58,1.74,3.29,1.58,1.71,0.03,0.0,0.03,3.32,1.58,1.74,3,1,2,0.26,41.9,37.87,42.97,1.1,0.72,106,17,16,14,14.55,19.44,12.71,4,4,11,3,15,40.3,36.24,76.8,73.94,89.07,60.97,0,TSC 1-3 OFK Beograd,2025-08-17
TSC,1.58,3.32,-1.74,1.58,3.29,-1.71,0.0,0.03,-0.03,1.58,3.32,-1.74,1,3,-2,-0.26,58.1,62.13,48.31,0.72,1.1,211,12,14,16,19.44,14.55,9.03,4,4,14,1,8,70.9,63.76,27.07,26.06,57.03,39.03,1,TSC 1-3 OFK Beograd,2025-08-17
Javor,0.97,1.55,-0.58,0.85,1.44,-0.59,0.11,0.11,0.0,0.97,1.55,-0.58,2,2,0,0.58,35.5,24.31,39.7,0.26,1.02,91,5,11,22,42.31,21.57,22.53,1,9,9,4,7,43.7,17.03,87.6,84.01,57.03,25.54,1,Vojvodina 2-2 Javor,2025-08-16
Vojvodina,1.55,0.97,0.58,1.44,0.85,0.59,0.11,0.11,0.0,1.55,0.97,0.58,2,2,0,-0.58,64.5,75.69,53.48,1.02,0.26,349,16,22,11,21.57,42.31,8.09,9,1,38,7,11,212.9,82.97,16.67,15.99,166.23,74.46,0,Vojvodina 2-2 Javor,2025-08-16
Radnik Surdulica,0.6,2.36,-1.76,0.31,2.11,-1.8,0.28,0.25,0.03,0.6,2.36,-1.76,0,2,-2,-0.24,57.8,53.66,45.59,0.82,1.0,174,13,7,17,8.54,17.0,5.95,6,9,29,10,22,56.6,34.08,3.67,6.99,31.57,15.99,3,Novi Pazar 2-0 Radnik Surdulica,2025-08-16
Novi Pazar,2.36,0.6,1.76,2.11,0.31,1.8,0.25,0.28,-0.03,2.36,0.6,1.76,2,0,2,0.24,42.2,46.34,47.71,1.0,0.82,147,14,17,7,17.0,8.54,6.86,9,6,18,6,15,109.5,65.92,48.8,93.01,165.83,84.01,2,Novi Pazar 2-0 Radnik Surdulica,2025-08-16
Spartak Subotica,1.02,2.26,-1.24,0.84,2.05,-1.21,0.18,0.21,-0.03,1.02,2.26,-1.24,1,2,-1,0.24,54.6,56.71,48.12,0.88,0.48,203,18,10,12,11.36,25.0,9.08,5,10,18,3,10,95.7,78.7,24.6,29.15,72.17,58.0,0,Čukarički 2-1 Spartak Subotica,2025-08-15
Čukarički,2.26,1.02,1.24,2.05,0.84,1.21,0.21,0.18,0.03,2.26,1.02,1.24,2,1,1,-0.24,45.4,43.29,48.3,0.48,0.88,197,4,12,10,25.0,11.36,7.41,10,5,17,6,17,25.9,21.3,59.8,70.85,52.27,42.0,0,Čukarički 2-1 Spartak Subotica,2025-08-15
Crvena zvezda,3.99,0.42,3.57,2.64,0.38,2.26,0.59,0.04,0.55,3.23,0.42,2.81,4,1,3,-0.57,73.9,72.22,52.08,1.5,0.15,331,24,33,10,22.0,66.67,5.4,5,2,30,10,6,259.8,93.22,2.73,1.77,158.73,73.64,0,Mladost Lučani 1-4 Crvena zvezda,2025-08-15
Mladost Lučani,0.42,3.99,-3.57,0.38,2.64,-2.26,0.04,0.59,-0.55,0.42,3.23,-2.81,1,4,-3,0.57,26.1,27.78,47.46,0.15,1.5,89,6,10,33,66.67,22.0,25.59,2,5,18,3,12,18.9,6.78,151.53,98.23,56.83,26.36,2,Mladost Lučani 1-4 Crvena zvezda,2025-08-15
Železničar Pančevo,2.92,1.88,1.04,1.4,0.44,0.96,0.01,0.68,-0.67,1.4,1.12,0.28,4,1,3,1.96,46.8,41.53,41.75,0.45,0.47,136,10,15,8,33.33,17.02,11.83,8,9,8,3,10,66.6,48.83,54.67,51.67,133.7,73.07,1,IMT Novi Beograd 1-4 Železničar Pančevo,2025-08-11
IMT Novi Beograd,1.88,2.92,-1.04,0.44,1.4,-0.96,0.68,0.01,0.67,1.12,1.4,-0.28,1,4,-3,-1.96,53.2,58.47,46.44,0.47,0.45,194,10,8,15,17.02,33.33,8.97,9,8,26,5,15,69.8,51.17,51.13,48.33,49.27,26.93,0,IMT Novi Beograd 1-4 Železničar Pančevo,2025-08-11
Radnički Kragujevac,3.33,0.56,2.77,2.14,0.51,1.63,0.43,0.05,0.38,2.57,0.56,2.01,2,2,0,-2.77,74.1,74.4,56.12,1.42,0.22,372,28,30,7,21.13,31.82,6.87,3,1,32,7,10,303.5,96.59,4.47,3.34,210.37,80.59,1,Javor 2-2 Radnički Kragujevac,2025-08-11
Javor,0.56,3.33,-2.77,0.51,2.14,-1.63,0.05,0.43,-0.38,0.56,2.57,-2.01,2,2,0,2.77,25.9,25.6,42.59,0.22,1.42,72,4,7,30,31.82,21.13,15.75,1,3,6,1,14,10.7,3.41,129.4,96.66,50.67,19.41,3,Javor 2-2 Radnički Kragujevac,2025-08-11
Partizan,2.87,1.88,0.99,2.74,1.72,1.02,0.13,0.16,-0.03,2.87,1.88,0.99,7,2,5,4.01,56.3,44.68,44.03,1.49,0.91,185,18,14,21,9.4,23.08,8.18,4,5,8,4,12,59.7,33.69,22.6,19.98,91.73,50.35,0,Napredak 2-7 Partizan,2025-08-10
Napredak,1.88,2.87,-0.99,1.72,2.74,-1.02,0.16,0.13,0.03,1.88,2.87,-0.99,2,7,-5,-4.01,43.7,55.32,51.19,0.91,1.49,210,16,21,14,23.08,9.4,11.58,5,4,28,4,13,117.5,66.31,90.53,80.02,90.47,49.65,1,Napredak 2-7 Partizan,2025-08-10
Novi Pazar,2.07,2.76,-0.69,2.01,1.99,0.02,0.06,0.01,0.05,2.07,2.0,0.07,3,2,1,1.69,37.5,31.13,44.79,0.74,0.78,105,11,16,19,21.62,24.36,11.52,3,7,10,4,14,57.1,25.19,59.67,71.15,58.43,29.38,1,Radnički Niš 2-3 Novi Pazar,2025-08-10
Radnički Niš,2.76,2.07,0.69,1.99,2.01,-0.02,0.01,0.06,-0.05,2.0,2.07,-0.07,2,3,-1,-1.69,62.5,68.87,53.74,0.78,0.74,253,18,19,16,24.36,21.62,5.89,7,3,24,4,13,169.6,74.81,24.2,28.85,140.47,70.62,3,Radnički Niš 2-3 Novi Pazar,2025-08-10
Vojvodina,1.66,0.71,0.95,0.9,0.71,0.19,0.0,0.0,0.0,0.9,0.71,0.19,2,1,1,0.05,51.3,51.84,46.51,0.76,0.66,176,12,18,13,23.68,19.7,8.5,3,5,19,4,17,112.2,57.75,36.0,54.77,127.4,66.52,0,OFK Beograd 1-2 Vojvodina,2025-08-09
OFK Beograd,0.71,1.66,-0.95,0.71,0.9,-0.19,0.0,0.0,0.0,0.71,0.9,-0.19,1,2,-1,-0.05,48.7,48.16,46.76,0.66,0.76,173,15,13,18,19.7,23.68,8.22,5,3,20,4,10,82.1,42.25,29.73,45.23,64.13,33.48,3,OFK Beograd 1-2 Vojvodina,2025-08-09
TSC,1.85,1.96,-0.11,1.59,1.58,0.01,0.27,0.38,-0.11,1.85,1.96,-0.11,0,1,-1,-0.89,46.5,37.99,41.97,0.9,0.83,130,10,14,26,15.56,31.33,10.16,4,4,15,6,15,34.4,18.24,41.27,58.84,27.6,14.42,0,Crvena zvezda 1-0 TSC,2025-08-09
Crvena zvezda,1.96,1.85,0.11,1.58,1.59,-0.01,0.38,0.27,0.11,1.96,1.85,0.11,1,0,1,0.89,53.5,62.01,48.64,0.83,0.9,178,25,26,14,31.33,15.56,8.72,4,4,17,6,10,154.2,81.76,28.87,41.16,163.8,85.58,0,Crvena zvezda 1-0 TSC,2025-08-09
Mladost Lučani,0.96,1.13,-0.17,0.94,1.13,-0.19,0.03,0.0,0.03,0.96,1.13,-0.17,1,1,0,0.17,40.2,44.11,45.01,0.74,0.44,176,15,10,10,13.51,22.73,13.63,8,7,19,4,12,69.6,35.2,84.6,84.71,97.93,48.84,1,Spartak Subotica 1-1 Mladost Lučani,2025-08-09
Spartak Subotica,1.13,0.96,0.17,1.13,0.94,0.19,0.0,0.03,-0.03,1.13,0.96,0.17,1,1,0,-0.17,59.8,55.89,47.62,0.44,0.74,285,12,10,10,22.73,13.51,9.65,7,8,11,1,14,128.1,64.8,15.27,15.29,102.6,51.16,0,Spartak Subotica 1-1 Mladost Lučani,2025-08-09
Čukarički,1.15,2.83,-1.68,1.15,2.83,-1.68,0.0,0.0,0.0,1.15,2.83,-1.68,1,3,-2,-0.32,59.4,57.88,46.36,1.22,0.64,197,19,10,19,8.2,29.69,6.09,2,5,20,2,13,63.4,41.33,10.73,14.37,30.07,15.28,8,Radnik Surdulica 3-1 Čukarički,2025-08-09
Radnik Surdulica,2.83,1.15,1.68,2.83,1.15,1.68,0.0,0.0,0.0,2.83,1.15,1.68,3,1,2,0.32,40.6,42.12,47.82,0.64,1.22,118,13,19,10,29.69,8.2,8.86,5,2,18,4,22,90.0,58.67,63.93,85.63,166.73,84.72,2,Radnik Surdulica 3-1 Čukarički,2025-08-09
Napredak,0.2,0.6,-0.4,0.2,0.53,-0.33,0.0,0.07,-0.07,0.2,0.6,-0.4,0,0,0,0.4,39.0,38.7,43.31,0.37,0.39,141,8,5,12,13.51,30.77,17.37,5,5,14,2,13,47.8,29.54,128.6,88.61,111.6,62.93,0,Železničar Pančevo 0-0 Napredak,2025-08-04
Železničar Pančevo,0.6,0.2,0.4,0.53,0.2,0.33,0.07,0.0,0.07,0.6,0.2,0.4,0,0,0,-0.4,61.0,61.3,44.25,0.39,0.37,239,7,12,5,30.77,13.51,9.08,5,5,17,5,9,114.0,70.46,16.53,11.39,65.73,37.07,0,Železničar Pančevo 0-0 Napredak,2025-08-04
IMT Novi Beograd,2.36,2.01,0.35,1.51,1.95,-0.44,0.09,0.06,0.03,1.6,2.01,-0.41,2,1,1,0.65,36.2,33.04,44.47,0.49,1.33,130,7,14,15,28.57,11.28,13.5,2,12,16,3,8,43.1,17.94,114.8,96.2,95.2,54.48,1,Novi Pazar 1-2 IMT Novi Beograd,2025-08-04
Novi Pazar,2.01,2.36,-0.35,1.95,1.51,0.44,0.06,0.09,-0.03,2.01,1.6,0.41,1,2,-1,-0.65,63.8,66.96,49.14,1.33,0.49,294,18,15,14,11.28,28.57,7.3,12,2,33,10,17,197.1,82.06,4.53,3.8,79.53,45.52,0,Novi Pazar 1-2 IMT Novi Beograd,2025-08-04
Radnički Kragujevac,0.28,2.49,-2.21,0.28,2.04,-1.76,0.0,0.46,-0.46,0.28,2.49,-2.21,1,2,-1,1.21,32.5,26.83,43.09,0.18,0.88,111,1,6,25,33.33,28.41,21.26,2,7,9,2,13,26.5,10.71,123.93,93.09,60.77,30.8,1,Partizan 2-1 Radnički Kragujevac,2025-08-03
Partizan,2.49,0.28,2.21,2.04,0.28,1.76,0.46,0.0,0.46,2.49,0.28,2.21,2,1,1,-1.21,67.5,73.17,51.71,0.88,0.18,368,17,25,6,28.41,33.33,8.23,7,2,25,6,9,221.0,89.29,9.2,6.91,136.53,69.2,1,Partizan 2-1 Radnički Kragujevac,2025-08-03
Radnički Niš,3.11,1.83,1.28,2.68,1.29,1.39,0.43,0.54,-0.11,3.11,1.83,1.28,1,1,0,-1.28,72.8,75.74,58.43,1.66,0.6,373,16,26,7,15.66,11.67,4.29,6,3,38,4,24,319.9,99.07,0.67,0.63,214.23,93.89,1,Čukarički 1-1 Radnički Niš,2025-08-03
Čukarički,1.83,3.11,-1.28,1.29,2.68,-1.39,0.54,0.43,0.11,1.83,3.11,-1.28,1,1,0,1.28,27.2,24.26,42.5,0.6,1.66,85,12,7,26,11.67,15.66,12.64,3,6,10,3,9,3.0,0.93,105.27,99.37,13.93,6.11,3,Čukarički 1-1 Radnički Niš,2025-08-03
Radnik Surdulica,1.39,0.87,0.52,0.5,0.87,-0.37,0.9,0.0,0.9,1.39,0.87,0.52,0,1,-1,-1.52,61.8,70.76,53.02,0.76,0.45,299,18,16,7,21.05,15.56,5.68,8,2,25,5,21,200.4,90.88,1.73,1.7,108.23,68.53,0,Mladost Lučani 1-0 Radnik Surdulica,2025-08-02
Mladost Lučani,0.87,1.39,-0.52,0.87,0.5,0.37,0.0,0.9,-0.9,0.87,1.39,-0.52,1,0,1,1.52,38.2,29.24,41.93,0.45,0.76,126,6,7,16,15.56,21.05,9.54,2,8,12,1,12,20.1,9.12,99.8,98.3,49.7,31.47,1,Mladost Lučani 1-0 Radnik Surdulica,2025-08-02
Spartak Subotica,1.36,3.04,-1.68,1.0,2.65,-1.65,0.36,0.39,-0.03,1.36,3.04,-1.68,0,2,-2,-0.32,42.4,41.91,43.86,0.42,1.24,134,14,14,19,33.33,15.32,8.9,3,8,12,5,19,56.2,32.0,92.2,83.27,70.9,50.33,1,TSC 2-0 Spartak Subotica,2025-08-02
TSC,3.04,1.36,1.68,2.65,1.0,1.65,0.39,0.36,0.03,3.04,1.36,1.68,2,0,2,0.32,57.6,58.09,48.17,1.24,0.42,230,17,19,14,15.32,33.33,5.68,8,3,23,6,19,119.4,68.0,18.53,16.73,69.97,49.67,1,TSC 2-0 Spartak Subotica,2025-08-02
Javor,1.1,0.53,0.57,0.91,0.32,0.59,0.19,0.21,-0.02,1.1,0.53,0.57,0,1,-1,-1.57,40.7,45.63,44.16,0.26,0.42,122,9,14,8,53.85,19.05,9.0,3,4,21,6,21,57.4,54.05,90.47,81.9,119.07,74.85,2,OFK Beograd 1-0 Javor,2025-08-02
OFK Beograd,0.53,1.1,-0.57,0.32,0.91,-0.59,0.21,0.19,0.02,0.53,1.1,-0.57,1,0,1,1.57,59.3,54.37,43.72,0.42,0.26,178,8,8,14,19.05,53.85,5.76,4,3,18,3,21,48.8,45.95,20.0,18.1,40.0,25.15,0,OFK Beograd 1-0 Javor,2025-08-02
Vojvodina,3.13,0.54,2.59,1.82,0.54,1.28,0.54,0.0,0.54,2.37,0.54,1.83,3,1,2,-0.59,59.6,62.83,49.25,0.86,0.33,245,14,17,10,19.77,30.3,6.86,4,4,23,8,17,137.3,75.94,29.2,28.35,104.0,70.37,1,Spartak Subotica 1-3 Vojvodina,2025-07-27
Spartak Subotica,0.54,3.13,-2.59,0.54,1.82,-1.28,0.0,0.54,-0.54,0.54,2.37,-1.83,1,3,-2,0.59,40.4,37.17,45.28,0.33,0.86,138,3,10,17,30.3,19.77,9.76,4,4,2,0,16,43.5,24.06,73.8,71.65,43.8,29.63,0,Spartak Subotica 1-3 Vojvodina,2025-07-27
Čukarički,3.81,2.03,1.78,3.05,1.78,1.27,0.0,0.25,-0.25,3.05,2.03,1.02,3,1,2,0.22,46.8,48.53,48.86,0.44,0.58,177,9,12,27,27.27,46.55,10.21,5,3,11,0,20,45.2,27.63,48.93,66.18,66.57,52.67,1,IMT Novi Beograd 1-3 Čukarički,2025-07-27
IMT Novi Beograd,2.03,3.81,-1.78,1.78,3.05,-1.27,0.25,0.0,0.25,2.03,3.05,-1.02,1,3,-2,-0.22,53.2,51.47,46.31,0.58,0.44,184,10,27,12,46.55,27.27,8.19,3,5,20,6,10,118.4,72.37,25.0,33.82,59.83,47.33,0,IMT Novi Beograd 1-3 Čukarički,2025-07-27
Železničar Pančevo,3.04,1.33,1.71,2.25,1.33,0.92,0.03,0.0,0.03,2.28,1.33,0.95,1,1,0,-1.71,40.4,32.87,43.06,0.25,1.16,121,11,19,15,76.0,12.93,7.21,5,5,11,5,20,74.9,27.3,78.53,70.29,78.33,26.34,2,Radnički Kragujevac 1-1 Železničar Pančevo,2025-07-27
Radnički Kragujevac,1.33,3.04,-1.71,1.33,2.25,-0.92,0.0,0.03,-0.03,1.33,2.28,-0.95,1,1,0,1.71,59.6,67.13,52.93,1.16,0.25,305,18,15,19,12.93,76.0,6.45,5,5,26,2,18,199.5,72.7,33.2,29.71,219.1,73.66,0,Radnički Kragujevac 1-1 Železničar Pančevo,2025-07-27
Novi Pazar,2.15,1.09,1.06,1.42,0.7,0.72,0.73,0.39,0.34,2.15,1.09,1.06,2,2,0,-1.06,57.9,59.71,51.81,0.65,0.37,274,9,24,15,36.92,40.54,8.1,4,5,29,9,11,166.2,66.37,17.53,17.1,109.03,51.54,0,Napredak 2-2 Novi Pazar,2025-07-27
Napredak,1.09,2.15,-1.06,0.7,1.42,-0.72,0.39,0.73,-0.34,1.09,2.15,-1.06,2,2,0,1.06,42.1,40.29,49.2,0.37,0.65,159,15,15,24,40.54,36.92,10.61,5,4,29,8,13,84.2,33.63,85.0,82.9,102.5,48.46,0,Napredak 2-2 Novi Pazar,2025-07-27
OFK Beograd,0.31,5.43,-5.12,0.31,4.31,-4.0,0.0,0.35,-0.35,0.31,4.67,-4.36,1,7,-6,-0.88,42.1,33.6,40.43,0.16,1.14,93,5,5,23,31.25,20.18,15.54,4,6,7,0,8,12.7,6.38,51.53,70.59,11.09,3.55,1,Crvena zvezda 7-1 OFK Beograd,2025-07-26
Crvena zvezda,5.43,0.31,5.12,4.31,0.31,4.0,0.35,0.0,0.35,4.67,0.31,4.36,7,1,6,0.88,57.9,66.4,48.3,1.14,0.16,216,25,23,5,20.18,31.25,8.83,6,4,19,9,10,186.4,93.62,21.47,29.41,301.39,96.45,0,Crvena zvezda 7-1 OFK Beograd,2025-07-26
TSC,0.14,2.49,-2.35,0.14,1.95,-1.81,0.0,0.54,-0.54,0.14,2.49,-2.35,0,0,0,2.35,51.2,35.81,40.22,0.34,0.72,113,6,2,26,5.88,36.11,6.28,0,17,8,1,20,10.9,5.07,12.87,16.34,1.13,0.45,0,Radnik Surdulica 0-0 TSC,2025-07-26
Radnik Surdulica,2.49,0.14,2.35,1.95,0.14,1.81,0.54,0.0,0.54,2.49,0.14,2.35,0,0,0,-2.35,48.8,64.19,53.91,0.72,0.34,202,21,26,2,36.11,5.88,5.87,17,0,21,8,19,204.1,94.93,65.87,83.66,247.33,99.55,2,Radnik Surdulica 0-0 TSC,2025-07-26
Mladost Lučani,0.62,2.33,-1.71,0.53,1.9,-1.37,0.09,0.42,-0.33,0.62,2.33,-1.71,1,3,-2,-0.29,36.1,33.71,44.75,0.51,0.75,127,12,8,20,15.69,26.67,13.41,5,6,16,5,11,23.3,12.77,91.07,91.37,37.9,21.96,1,Radnički Niš 3-1 Mladost Lučani,2025-07-26
Radnički Niš,2.33,0.62,1.71,1.9,0.53,1.37,0.42,0.09,0.33,2.33,0.62,1.71,3,1,2,0.29,63.9,66.29,53.87,0.75,0.51,321,16,20,8,26.67,15.69,7.87,6,5,27,11,14,159.1,87.23,8.6,8.63,134.67,78.04,0,Radnički Niš 3-1 Mladost Lučani,2025-07-26
Spartak Subotica,2.74,1.82,0.92,1.87,1.73,0.14,0.12,0.09,0.03,1.98,1.82,0.16,3,1,2,1.08,44.9,48.2,46.53,0.58,0.43,161,11,15,11,25.86,25.58,10.1,6,2,13,8,22,77.7,60.42,84.47,78.45,131.23,82.43,0,OFK Beograd 1-3 Spartak Subotica,2025-07-21
OFK Beograd,1.82,2.74,-0.92,1.73,1.87,-0.14,0.09,0.12,-0.03,1.82,1.98,-0.16,1,3,-2,-1.08,55.1,51.8,45.4,0.43,0.58,211,8,11,15,25.58,25.86,8.83,2,6,18,3,13,50.9,39.58,23.2,21.55,27.97,17.57,1,OFK Beograd 1-3 Spartak Subotica,2025-07-21
Partizan,1.62,0.99,0.63,1.3,0.67,0.63,0.32,0.32,0.0,1.62,0.99,0.63,1,0,1,0.37,65.5,63.32,45.8,0.73,0.37,250,16,17,10,23.29,27.03,6.91,5,7,26,7,14,178.4,76.9,7.27,4.23,93.13,42.85,0,Železničar Pančevo 0-1 Partizan,2025-07-20
Železničar Pančevo,0.99,1.62,-0.63,0.67,1.3,-0.63,0.32,0.32,0.0,0.99,1.62,-0.63,0,1,-1,-0.37,34.5,36.68,45.58,0.37,0.73,127,10,10,17,27.03,23.29,14.28,7,5,12,6,9,53.6,23.1,164.53,95.77,124.2,57.15,1,Železničar Pančevo 0-1 Partizan,2025-07-20
IMT Novi Beograd,2.68,1.27,1.41,1.91,1.13,0.78,0.01,0.14,-0.13,1.92,1.27,0.65,1,1,0,-1.41,53.5,57.98,50.72,0.44,0.53,229,7,14,12,31.82,22.64,9.66,4,4,31,4,21,101.4,58.95,40.47,46.98,84.87,57.29,0,Mladost Lučani 1-1 IMT Novi Beograd,2025-07-20
Mladost Lučani,1.27,2.68,-1.41,1.13,1.91,-0.78,0.14,0.01,0.13,1.27,1.92,-0.65,1,1,0,1.41,46.5,42.02,43.95,0.53,0.44,168,11,12,14,22.64,31.82,9.95,4,4,23,5,12,70.6,41.05,45.67,53.02,63.27,42.71,1,Mladost Lučani 1-1 IMT Novi Beograd,2025-07-20
Radnički Niš,0.43,1.3,-0.87,0.43,1.11,-0.68,0.0,0.2,-0.2,0.43,1.3,-0.87,1,2,-1,-0.13,49.6,49.49,47.48,0.66,0.59,176,7,7,11,10.61,18.64,6.62,7,6,13,3,25,80.6,41.91,61.6,67.3,82.7,53.31,0,TSC 2-1 Radnički Niš,2025-07-20
TSC,1.3,0.43,0.87,1.11,0.43,0.68,0.2,0.0,0.2,1.3,0.43,0.87,2,1,1,0.13,50.4,50.51,48.21,0.59,0.66,182,12,11,7,18.64,10.61,6.74,6,7,9,4,13,111.7,58.09,29.93,32.7,72.43,46.69,0,TSC 2-1 Radnički Niš,2025-07-20
Radnik Surdulica,0.48,1.64,-1.16,0.48,1.64,-1.16,0.0,0.0,0.0,0.48,1.64,-1.16,0,2,-2,-0.84,52.0,49.66,44.48,0.98,0.88,177,11,8,8,8.16,9.09,12.18,9,5,8,2,9,88.8,52.24,18.6,17.82,46.0,21.75,0,Vojvodina 2-0 Radnik Surdulica,2025-07-20
Vojvodina,1.64,0.48,1.16,1.64,0.48,1.16,0.0,0.0,0.0,1.64,0.48,1.16,2,0,2,0.84,48.0,50.34,47.4,0.88,0.98,189,9,8,8,9.09,8.16,10.77,5,9,19,3,15,81.2,47.76,85.8,82.18,165.5,78.25,0,Vojvodina 2-0 Radnik Surdulica,2025-07-20
Napredak,0.57,2.54,-1.97,0.5,2.53,-2.03,0.07,0.01,0.06,0.57,2.54,-1.97,0,1,-1,0.97,28.3,21.2,42.37,0.27,2.03,87,7,8,15,29.63,7.39,14.0,2,4,13,5,11,18.6,6.79,111.07,87.64,25.87,12.86,0,Čukarički 1-0 Napredak,2025-07-19
Čukarički,2.54,0.57,1.97,2.53,0.5,2.03,0.01,0.07,-0.06,2.54,0.57,1.97,1,0,1,-0.97,71.7,78.8,57.54,2.03,0.27,382,21,15,8,7.39,29.63,6.1,4,2,31,5,16,255.2,93.21,15.67,12.36,175.37,87.14,1,Čukarički 1-0 Napredak,2025-07-19
Javor,0.21,3.9,-3.69,0.21,2.53,-2.32,0.0,0.61,-0.61,0.21,3.14,-2.93,0,4,-4,-0.31,32.0,19.0,36.87,0.1,1.67,74,2,5,30,50.0,17.96,15.17,6,12,6,1,12,4.1,1.34,81.67,87.0,1.87,0.46,0,Crvena zvezda 4-0 Javor,2025-07-19
Crvena zvezda,3.9,0.21,3.69,2.53,0.21,2.32,0.61,0.0,0.61,3.14,0.21,2.93,4,0,4,0.31,68.0,81.0,55.32,1.67,0.1,414,22,30,5,17.96,50.0,5.91,12,6,26,9,13,302.4,98.66,12.2,13.0,407.58,99.54,0,Crvena zvezda 4-0 Javor,2025-07-19
