Team,xG,xGA,xGD,Open Play xG,Open Play xGA,Open Play xGD,Set Piece xG,Set Piece xGA,Set Piece xGD,npxG,npxGA,npxGD,Goals,Goals Conceded,GD,GD-xGD,Possession,Field Tilt,Avg Pass Height,xT,xT Against,Passes in Opposition Half,Passes into Box,Shots,Shots Faced,Shots per 1.0 xT,Shots Faced per 1.0 xT Against,PPDA,High Recoveries,High Recoveries Against,Crosses,Corners,Fouls,On-Ball Pressure,On-Ball Pressure Share,Off-Ball Pressure,Off-Ball Pressure Share,Game Control,Game Control Share,Throw-Ins into the Box,Match,Date
Sampdoria,0.79,0.60,0.19,0.75,0.58,0.17,0.04,0.01,0.03,0.79,0.60,0.19,0,0,0,-0.19,48.80,50.72,49.74,0.63,0.9,227,17,13,10,20.63,11.11,10.71,5,2,22,5,14,101.1,55.92,55.73,65.21,106.6,64.29,3,Cesena 0-0 Sampdoria,2026-04-25
Cesena,0.60,0.79,-0.19,0.58,0.75,-0.17,0.01,0.04,-0.03,0.60,0.79,-0.19,0,0,0,0.19,51.20,49.28,48.04,0.9,0.63,242,13,10,13,11.11,20.63,12.88,2,5,18,4,16,79.7,44.08,29.73,34.79,59.2,35.71,0,Cesena 0-0 Sampdoria,2026-04-25
Empoli,0.97,2.05,-1.08,0.82,1.89,-1.07,0.14,0.15,-0.01,0.97,2.05,-1.08,0,2,-2,-0.92,23.20,22.29,42.55,0.27,0.87,69,13,9,18,33.33,20.69,18.68,0,2,16,6,15,16.5,6.18,140.87,98.88,34.07,18.4,6,Venezia 2-0 Empoli,2026-04-25
Venezia,2.05,0.97,1.08,1.89,0.82,1.07,0.15,0.14,0.01,2.05,0.97,1.08,2,0,2,0.92,76.80,77.71,53.79,0.87,0.27,359,19,18,9,20.69,33.33,4.96,2,0,19,9,10,250.6,93.82,1.6,1.12,151.1,81.6,0,Venezia 2-0 Empoli,2026-04-25
Padova,0.69,2.21,-1.52,0.55,2.03,-1.48,0.14,0.18,-0.04,0.69,2.21,-1.52,0,1,-1,0.52,42.40,47.11,48.26,0.3,0.8,160,7,8,14,26.67,17.5,10.20,3,2,18,3,14,44.5,25.65,59.8,68.74,46.1,30.82,5,Virtus Entella 1-0 Padova,2026-04-25
Virtus Entella,2.21,0.69,1.52,2.03,0.55,1.48,0.18,0.14,0.04,2.21,0.69,1.52,1,0,1,-0.52,57.60,52.89,49.60,0.8,0.3,222,14,14,8,17.5,26.67,7.82,2,3,19,5,18,129.0,74.35,27.2,31.26,103.5,69.18,1,Virtus Entella 1-0 Padova,2026-04-25
Mantova,1.15,0.93,0.22,1.09,0.93,0.16,0.06,0.00,0.06,1.15,0.93,0.22,3,0,3,2.78,59.20,53.59,44.69,0.4,1.0,221,8,11,8,27.5,8.0,10.81,4,3,7,2,12,106.3,58.86,23.27,14.73,44.83,43.97,0,Südtirol 0-3 Mantova,2026-04-25
Südtirol,0.93,1.15,-0.22,0.93,1.09,-0.16,0.00,0.06,-0.06,0.93,1.15,-0.22,0,3,-3,-2.78,40.80,46.41,47.95,1.0,0.4,170,12,8,11,8.0,27.5,13.94,3,4,19,2,15,74.3,41.14,134.67,85.27,57.13,56.03,2,Südtirol 0-3 Mantova,2026-04-25
Palermo,1.92,0.91,1.01,1.76,0.91,0.85,0.16,0.00,0.16,1.92,0.91,1.01,1,1,0,-1.01,68.50,74.71,57.30,0.92,0.22,335,17,20,3,21.74,13.64,6.37,8,4,36,7,9,249.5,96.74,6.6,6.84,172.0,92.39,1,Reggiana 1-1 Palermo,2026-04-25
Reggiana,0.91,1.92,-1.01,0.91,1.76,-0.85,0.00,0.16,-0.16,0.91,1.92,-1.01,1,1,0,1.01,31.50,25.29,42.13,0.22,0.92,89,3,3,20,13.64,21.74,15.67,4,8,10,2,11,8.4,3.26,89.87,93.16,14.17,7.61,6,Reggiana 1-1 Palermo,2026-04-25
Juve Stabia,2.07,0.50,1.57,1.65,0.50,1.15,0.41,0.00,0.41,2.07,0.50,1.57,1,1,0,-1.57,53.20,46.26,43.46,0.62,0.5,194,11,13,8,20.97,16.0,11.39,4,7,6,2,13,80.1,50.86,36.27,43.35,66.4,46.04,1,Pescara 1-1 Juve Stabia,2026-04-25
Pescara,0.50,2.07,-1.57,0.50,1.65,-1.15,0.00,0.41,-0.41,0.50,2.07,-1.57,1,1,0,1.57,46.80,53.74,49.67,0.5,0.62,224,7,8,13,16.0,20.97,11.31,7,4,14,3,16,77.4,49.14,47.4,56.65,77.83,53.96,0,Pescara 1-1 Juve Stabia,2026-04-25
Carrarese,1.40,3.35,-1.95,1.30,1.39,-0.09,0.10,0.44,-0.34,1.40,1.83,-0.43,0,3,-3,-1.05,43.10,38.87,49.91,1.15,1.19,150,17,15,20,13.04,16.81,11.62,2,2,28,8,13,62.7,31.67,61.47,64.43,75.3,32.54,0,Frosinone 3-0 Carrarese,2026-04-25
Frosinone,3.35,1.40,1.95,1.39,1.30,0.09,0.44,0.10,0.34,1.83,1.40,0.43,3,0,3,1.05,56.90,61.13,56.45,1.19,1.15,282,15,20,15,16.81,13.04,8.84,2,2,25,8,10,135.3,68.33,33.93,35.57,156.13,67.46,5,Frosinone 3-0 Carrarese,2026-04-25
Spezia,2.47,2.00,0.47,1.71,1.42,0.29,0.00,0.59,-0.59,1.71,2.00,-0.29,2,4,-2,-2.47,36.50,47.67,52.59,0.5,0.98,135,13,12,14,24.0,14.29,10.09,5,1,16,2,20,60.1,32.17,108.93,93.26,87.91,52.68,6,Catanzaro 4-2 Spezia,2026-04-25
Catanzaro,2.00,2.47,-0.47,1.42,1.71,-0.29,0.59,0.00,0.59,2.00,1.71,0.29,4,2,2,2.47,63.50,52.33,45.95,0.98,0.5,193,15,14,12,14.29,24.0,6.89,1,5,21,9,10,126.7,67.83,7.87,6.74,78.98,47.32,2,Catanzaro 4-2 Spezia,2026-04-25
Bari,0.54,2.58,-2.04,0.42,2.26,-1.84,0.12,0.32,-0.2,0.54,2.58,-2.04,0,2,-2,0.04,41.0,33.44,46.83,0.41,1.14,159,9,9,18,21.95,15.79,14.88,2,3,20,4,13,28.6,12.43,75.13,78.54,48.93,20.67,3,Avellino 2-0 Bari,2026-04-24
Avellino,2.58,0.54,2.04,2.26,0.42,1.84,0.32,0.12,0.2,2.58,0.54,2.04,2,0,2,-0.04,59.0,66.56,50.38,1.14,0.41,256,18,18,9,15.79,21.95,9.39,3,2,29,8,13,201.5,87.57,20.53,21.46,187.83,79.33,1,Avellino 2-0 Bari,2026-04-24
Modena,1.17,0.7,0.47,1.17,0.7,0.47,0.0,0.0,0.0,1.17,0.7,0.47,0,1,-1,-1.47,57.9,57.29,51.11,1.05,0.57,295,17,15,10,14.29,17.54,8.62,5,6,29,4,20,157.7,58.36,36.47,26.79,99.47,40.53,2,Monza 1-0 Modena,2026-04-24
Monza,0.7,1.17,-0.47,0.7,1.17,-0.47,0.0,0.0,0.0,0.7,1.17,-0.47,1,0,1,1.47,42.1,42.71,51.32,0.57,1.05,211,14,10,15,17.54,14.29,12.71,6,5,17,5,8,112.5,41.64,99.67,73.21,145.97,59.47,1,Monza 1-0 Modena,2026-04-24
Virtus Entella,0.71,1.22,-0.51,0.68,1.01,-0.33,0.03,0.21,-0.18,0.71,1.22,-0.51,1,1,0,0.51,38.1,38.79,48.49,0.39,0.86,140,10,9,15,23.08,17.44,17.82,2,5,19,5,13,36.8,26.72,92.0,92.0,85.3,63.8,0,Empoli 1-1 Virtus Entella,2026-04-19
Empoli,1.22,0.71,0.51,1.01,0.68,0.33,0.21,0.03,0.18,1.22,0.71,0.51,1,1,0,-0.51,61.9,61.21,45.99,0.86,0.39,209,20,15,9,17.44,23.08,7.53,5,2,35,6,11,100.9,73.28,8.0,8.0,48.4,36.2,5,Empoli 1-1 Virtus Entella,2026-04-19
Reggiana,1.0,1.44,-0.44,0.96,1.44,-0.48,0.04,0.0,0.04,1.0,1.44,-0.44,0,1,-1,-0.56,44.1,39.93,43.27,0.86,0.41,140,13,12,10,13.95,24.39,9.38,3,8,16,2,19,67.5,36.41,64.33,72.28,70.0,43.63,4,Padova 1-0 Reggiana,2026-04-19
Padova,1.44,1.0,0.44,1.44,0.96,0.48,0.0,0.04,-0.04,1.44,1.0,0.44,1,0,1,0.56,55.9,60.07,50.37,0.41,0.86,254,10,10,12,24.39,13.95,6.27,8,3,20,5,16,117.9,63.59,24.67,27.72,90.43,56.37,4,Padova 1-0 Reggiana,2026-04-19
Pescara,1.23,1.5,-0.27,1.16,1.22,-0.06,0.07,0.28,-0.21,1.23,1.5,-0.27,2,2,0,0.27,58.7,56.67,51.03,0.85,0.54,268,15,14,14,16.47,25.93,7.1,8,3,16,5,15,147.2,67.28,23.47,30.93,125.17,63.16,0,Carrarese 2-2 Pescara,2026-04-19
Carrarese,1.5,1.23,0.27,1.22,1.16,0.06,0.28,0.07,0.21,1.5,1.23,0.27,2,2,0,-0.27,41.3,43.33,46.87,0.54,0.85,162,17,14,14,25.93,16.47,12.31,3,8,22,6,18,71.6,32.72,52.4,69.07,73.0,36.84,0,Carrarese 2-2 Pescara,2026-04-19
Catanzaro,1.29,0.92,0.37,1.22,0.92,0.3,0.07,0.0,0.07,1.29,0.92,0.37,1,1,0,-0.37,55.3,67.38,52.56,0.94,0.29,295,15,13,7,13.83,24.14,10.24,7,5,19,4,14,223.3,82.73,51.73,44.16,183.83,82.39,0,Juve Stabia 1-1 Catanzaro,2026-04-18
Juve Stabia,0.92,1.29,-0.37,0.92,1.22,-0.3,0.0,0.07,-0.07,0.92,1.29,-0.37,1,1,0,0.37,44.7,32.62,40.99,0.29,0.94,125,7,7,13,24.14,13.83,11.03,5,7,14,3,14,46.6,17.27,65.4,55.84,39.3,17.61,3,Juve Stabia 1-1 Catanzaro,2026-04-18
Cesena,2.01,1.95,0.06,1.37,1.78,-0.41,0.64,0.17,0.47,2.01,1.95,0.06,0,2,-2,-2.06,60.6,50.6,45.54,0.38,1.63,258,16,14,17,36.84,10.43,13.22,2,3,18,6,5,95.3,46.53,7.27,5.49,41.17,14.79,0,Palermo 2-0 Cesena,2026-04-18
Palermo,1.95,2.01,-0.06,1.78,1.37,0.41,0.17,0.64,-0.47,1.95,2.01,-0.06,2,0,2,2.06,39.4,49.4,50.71,1.63,0.38,216,15,17,14,10.43,36.84,21.71,3,2,28,6,14,109.5,53.47,125.13,94.51,237.23,85.21,0,Palermo 2-0 Cesena,2026-04-18
Südtirol,0.46,2.96,-2.5,0.21,1.78,-1.57,0.25,0.42,-0.17,0.46,2.2,-1.74,1,6,-5,-2.5,34.6,42.81,49.81,0.12,1.3,130,10,5,19,41.67,14.62,13.9,0,6,19,3,13,36.6,19.15,101.0,94.68,38.41,14.61,3,Spezia 6-1 Südtirol,2026-04-18
Spezia,2.96,0.46,2.5,1.78,0.21,1.57,0.42,0.25,0.17,2.2,0.46,1.74,6,1,5,2.5,65.4,57.19,48.43,1.3,0.12,210,24,19,5,14.62,41.67,6.39,6,0,18,3,16,154.5,80.85,5.67,5.32,224.51,85.39,8,Spezia 6-1 Südtirol,2026-04-18
Frosinone,2.93,1.83,1.1,2.65,1.82,0.83,0.28,0.01,0.27,2.93,1.83,1.1,2,1,1,-0.1,49.7,55.36,53.54,0.68,0.9,212,20,20,19,29.41,21.11,8.5,3,2,24,6,16,122.4,61.48,51.2,54.31,117.37,69.61,2,Modena 1-2 Frosinone,2026-04-18
Modena,1.83,2.93,-1.1,1.82,2.65,-0.83,0.01,0.28,-0.27,1.83,2.93,-1.1,1,2,-1,0.1,50.3,44.64,45.27,0.9,0.68,150,13,19,20,21.11,29.41,9.43,2,3,10,2,16,76.7,38.52,43.07,45.69,51.23,30.39,2,Modena 1-2 Frosinone,2026-04-18
Avellino,0.37,1.0,-0.63,0.19,0.8,-0.61,0.17,0.19,-0.02,0.37,1.0,-0.63,2,0,2,2.63,34.4,31.79,42.97,0.24,0.95,117,5,6,12,25.0,12.63,14.7,4,6,7,2,12,11.8,7.28,91.67,92.09,64.23,39.88,0,Mantova 0-2 Avellino,2026-04-18
Mantova,1.0,0.37,0.63,0.8,0.19,0.61,0.19,0.17,0.02,1.0,0.37,0.63,0,2,-2,-2.63,65.6,68.21,49.37,0.95,0.24,296,22,12,6,12.63,25.0,7.81,6,4,18,10,18,150.3,92.72,7.87,7.91,96.83,60.12,2,Mantova 0-2 Avellino,2026-04-18
Venezia,2.76,0.63,2.13,2.69,0.6,2.09,0.07,0.04,0.03,2.76,0.63,2.13,3,0,3,0.87,71.1,59.25,45.3,0.86,0.5,260,16,17,6,19.77,12.0,6.25,6,3,14,3,12,154.8,87.16,0.33,0.16,65.13,38.63,0,Bari 0-3 Venezia,2026-04-18
Bari,0.63,2.76,-2.13,0.6,2.69,-2.09,0.04,0.07,-0.03,0.63,2.76,-2.13,0,3,-3,-0.87,28.9,40.75,50.01,0.5,0.86,118,12,6,17,12.0,19.77,18.03,3,6,15,4,19,22.8,12.84,209.07,99.84,103.47,61.37,2,Bari 0-3 Venezia,2026-04-18
Monza,1.77,1.25,0.52,1.37,1.08,0.29,0.4,0.17,0.23,1.77,1.25,0.52,3,0,3,2.48,38.2,35.35,45.36,0.43,0.56,159,12,15,19,34.88,33.93,13.71,3,8,7,5,12,58.3,26.58,105.33,88.47,145.03,86.5,1,Sampdoria 0-3 Monza,2026-04-17
Sampdoria,1.25,1.77,-0.52,1.08,1.37,-0.29,0.17,0.4,-0.23,1.25,1.77,-0.52,0,3,-3,-2.48,61.8,64.65,49.37,0.56,0.43,284,13,19,15,33.93,34.88,8.26,8,3,30,8,8,161.0,73.42,13.73,11.53,22.63,13.5,1,Sampdoria 0-3 Monza,2026-04-17
Modena,1.2,1.28,-0.08,0.36,0.74,-0.38,0.84,0.53,0.31,1.2,1.28,-0.08,2,2,0,0.08,44.9,51.29,48.8,0.74,0.27,171,12,8,8,10.81,29.63,13.12,2,0,18,5,16,70.8,45.41,74.33,86.63,88.23,56.05,1,Catanzaro 2-2 Modena,2026-04-14
Catanzaro,1.28,1.2,0.08,0.74,0.36,0.38,0.53,0.84,-0.31,1.28,1.2,0.08,2,2,0,-0.08,55.1,48.71,46.12,0.27,0.74,188,6,8,8,29.63,10.81,13.58,0,2,9,5,8,85.1,54.59,11.47,13.37,69.17,43.95,0,Catanzaro 2-2 Modena,2026-04-14
Carrarese,1.76,1.36,0.4,1.18,1.36,-0.18,0.58,0.0,0.58,1.76,1.36,0.4,0,2,-2,-2.4,66.6,67.57,52.27,1.8,0.3,318,29,19,10,10.56,33.33,5.72,6,3,39,8,12,205.8,92.54,11.33,10.97,103.17,64.3,1,Reggiana 2-0 Carrarese,2026-04-12
Reggiana,1.36,1.76,-0.4,1.36,1.18,0.18,0.0,0.58,-0.58,1.36,1.76,-0.4,2,0,2,2.4,33.4,32.43,45.33,0.3,1.8,125,5,10,19,33.33,10.56,13.87,3,6,12,4,16,16.6,7.46,91.93,89.03,57.27,35.7,1,Reggiana 2-0 Carrarese,2026-04-12
Mantova,1.14,2.6,-1.46,1.14,1.45,-0.31,0.0,1.15,-1.15,1.14,2.6,-1.46,2,0,2,3.46,55.4,52.45,46.24,0.47,0.98,174,8,13,12,27.66,12.24,8.3,4,9,7,0,12,93.1,65.61,13.73,21.48,86.97,66.14,1,Spezia 0-2 Mantova,2026-04-12
Spezia,2.6,1.14,1.46,1.45,1.14,0.31,1.15,0.0,1.15,2.6,1.14,1.46,0,2,-2,-3.46,44.6,47.55,47.99,0.98,0.47,160,21,12,13,12.24,27.66,7.93,9,4,23,6,21,48.8,34.39,50.2,78.52,44.53,33.86,5,Spezia 0-2 Mantova,2026-04-12
Empoli,1.91,1.68,0.23,0.66,1.14,-0.48,1.25,0.54,0.71,1.91,1.68,0.23,0,1,-1,-1.23,55.7,39.66,41.88,1.16,1.05,153,11,11,16,9.48,15.24,5.36,2,5,20,4,22,51.4,26.16,6.27,6.95,30.03,12.86,2,Padova 1-0 Empoli,2026-04-12
Padova,1.68,1.91,-0.23,1.14,0.66,0.48,0.54,1.25,-0.71,1.68,1.91,-0.23,1,0,1,1.23,44.3,60.34,52.93,1.05,1.16,174,18,16,11,15.24,9.48,7.41,5,2,23,4,20,145.1,73.84,83.93,93.05,203.4,87.14,7,Padova 1-0 Empoli,2026-04-12
Bari,0.41,2.36,-1.95,0.41,1.97,-1.56,0.0,0.39,-0.39,0.41,2.36,-1.95,0,2,-2,-0.05,35.7,32.88,47.85,0.27,1.19,156,4,7,18,25.93,15.13,26.12,1,4,11,1,9,28.9,12.39,106.53,81.74,28.47,15.97,1,Monza 2-0 Bari,2026-04-11
Monza,2.36,0.41,1.95,1.97,0.41,1.56,0.39,0.0,0.39,2.36,0.41,1.95,2,0,2,0.05,64.3,67.12,50.01,1.19,0.27,277,28,18,7,15.13,25.93,11.32,4,1,19,7,8,204.4,87.61,23.8,18.26,149.8,84.03,2,Monza 2-0 Bari,2026-04-11
Catanzaro,0.58,2.55,-1.97,0.48,1.4,-0.92,0.1,0.39,-0.29,0.58,1.79,-1.21,1,1,0,1.97,55.8,41.52,43.69,0.44,1.27,177,7,7,19,15.91,14.96,13.3,3,6,7,1,10,64.6,25.18,25.27,19.51,42.63,16.19,1,Avellino 1-1 Catanzaro,2026-04-11
Avellino,2.55,0.58,1.97,1.4,0.48,0.92,0.39,0.1,0.29,1.79,0.58,1.21,1,1,0,-1.97,44.2,58.48,50.75,1.27,0.44,201,19,19,7,14.96,15.91,10.67,6,3,27,6,15,192.0,74.82,104.27,80.49,220.73,83.81,0,Avellino 1-1 Catanzaro,2026-04-11
Venezia,0.74,0.76,-0.02,0.7,0.35,0.35,0.04,0.41,-0.37,0.74,0.76,-0.02,1,1,0,0.02,61.5,51.72,47.15,0.48,0.26,215,10,10,9,20.83,34.62,5.6,4,3,11,2,21,78.7,60.31,11.27,11.19,40.9,34.63,0,Virtus Entella 1-1 Venezia,2026-04-11
Virtus Entella,0.76,0.74,0.02,0.35,0.7,-0.35,0.41,0.04,0.37,0.76,0.74,0.02,1,1,0,-0.02,38.5,48.28,50.73,0.26,0.48,147,7,9,10,34.62,20.83,8.04,3,4,21,4,13,51.8,39.69,89.47,88.81,77.2,65.37,7,Virtus Entella 1-1 Venezia,2026-04-11
Modena,1.67,2.99,-1.32,1.58,1.76,-0.18,0.08,0.47,-0.39,1.67,2.23,-0.56,1,1,0,1.32,52.3,44.57,47.41,1.1,0.82,160,12,17,18,15.45,21.95,9.67,2,1,24,9,13,76.5,34.93,15.6,19.63,52.2,27.52,3,Südtirol 1-1 Modena,2026-04-11
Südtirol,2.99,1.67,1.32,1.76,1.58,0.18,0.47,0.08,0.39,2.23,1.67,0.56,1,1,0,-1.32,47.7,55.43,55.32,0.82,1.1,191,16,18,17,21.95,15.45,13.0,1,2,28,7,11,142.5,65.07,63.87,80.37,137.47,72.48,2,Südtirol 1-1 Modena,2026-04-11
Sampdoria,3.88,1.52,2.36,3.88,0.74,3.14,0.0,0.02,-0.02,3.88,0.76,3.12,2,1,1,-1.36,50.7,47.6,48.33,1.21,0.34,190,14,14,12,11.57,35.29,5.55,6,1,18,3,24,95.5,51.71,35.2,44.9,82.47,47.85,3,Pescara 1-2 Sampdoria,2026-04-11
Pescara,1.52,3.88,-2.36,0.74,3.88,-3.14,0.02,0.0,0.02,0.76,3.88,-3.12,1,2,-1,1.36,49.3,52.4,46.14,0.34,1.21,164,10,12,14,35.29,11.57,6.78,1,6,14,5,27,89.2,48.29,43.2,55.1,89.87,52.15,2,Pescara 1-2 Sampdoria,2026-04-11
Cesena,1.44,0.56,0.88,1.16,0.26,0.9,0.28,0.29,-0.01,1.44,0.56,0.88,0,2,-2,-2.88,50.8,57.19,51.05,0.57,0.0,254,19,16,7,28.07,inf,10.82,4,5,19,2,20,144.1,68.16,70.67,55.56,127.07,71.2,2,Juve Stabia 2-0 Cesena,2026-04-11
Juve Stabia,0.56,1.44,-0.88,0.26,1.16,-0.9,0.29,0.28,0.01,0.56,1.44,-0.88,2,0,2,2.88,49.2,42.81,43.83,0.0,0.57,166,6,7,16,inf,28.07,13.04,5,4,18,6,7,67.3,31.84,56.53,44.44,51.4,28.8,1,Juve Stabia 2-0 Cesena,2026-04-11
Palermo,1.14,0.87,0.27,1.14,0.71,0.43,0.0,0.16,-0.16,1.14,0.87,0.27,1,1,0,-0.27,53.7,55.13,47.27,0.68,0.48,170,15,13,14,19.12,29.17,10.12,3,3,21,7,11,72.1,53.73,22.13,43.39,73.83,50.09,8,Frosinone 1-1 Palermo,2026-04-10
Frosinone,0.87,1.14,-0.27,0.71,1.14,-0.43,0.16,0.0,0.16,0.87,1.14,-0.27,1,1,0,0.27,46.3,44.87,49.34,0.48,0.68,152,8,14,13,29.17,19.12,10.44,3,3,14,4,12,62.1,46.27,28.87,56.61,73.57,49.91,4,Frosinone 1-1 Palermo,2026-04-10
Spezia,2.11,2.97,-0.86,1.54,2.08,-0.54,0.57,0.13,0.44,2.11,2.21,-0.1,1,3,-2,-1.14,50.6,58.5,51.6,0.82,1.03,225,11,16,12,19.51,11.65,7.83,4,1,30,5,23,70.6,50.0,52.0,56.28,32.4,23.23,5,Carrarese 3-1 Spezia,2026-04-06
Carrarese,2.97,2.11,0.86,2.08,1.54,0.54,0.13,0.57,-0.44,2.21,2.11,0.1,3,1,2,1.14,49.4,41.5,45.79,1.03,0.82,158,14,12,16,11.65,19.51,10.3,1,4,15,2,12,70.6,50.0,40.4,43.72,107.07,76.77,0,Carrarese 3-1 Spezia,2026-04-06
Empoli,1.12,1.66,-0.54,0.75,1.64,-0.89,0.37,0.02,0.35,1.12,1.66,-0.54,0,1,-1,-0.46,55.5,51.6,45.39,0.88,0.47,213,14,10,13,11.36,27.66,10.42,5,2,19,4,21,82.0,46.54,26.53,24.87,46.47,27.79,1,Sampdoria 1-0 Empoli,2026-04-06
Sampdoria,1.66,1.12,0.54,1.64,0.75,0.89,0.02,0.37,-0.35,1.66,1.12,0.54,1,0,1,0.46,44.5,48.4,45.58,0.47,0.88,162,9,13,10,27.66,11.36,17.48,2,5,32,7,10,94.2,53.46,80.13,75.13,120.77,72.21,3,Sampdoria 1-0 Empoli,2026-04-06
Juve Stabia,1.51,3.88,-2.37,1.46,3.12,-1.66,0.05,0.0,0.05,1.51,3.12,-1.61,1,3,-2,0.37,32.7,34.83,44.02,0.23,0.73,88,10,12,20,52.17,27.4,14.26,2,4,13,4,14,37.4,16.2,106.8,96.74,98.37,45.01,5,Venezia 3-1 Juve Stabia,2026-04-06
Venezia,3.88,1.51,2.37,3.12,1.46,1.66,0.0,0.05,-0.05,3.12,1.51,1.61,3,1,2,-0.37,67.3,65.17,49.26,0.73,0.23,259,15,20,12,27.4,52.17,4.69,4,2,19,5,22,193.4,83.8,3.6,3.26,120.17,54.99,0,Venezia 3-1 Juve Stabia,2026-04-06
Pescara,1.43,0.86,0.57,1.43,0.86,0.57,0.0,0.0,0.0,1.43,0.86,0.57,3,1,2,1.43,64.1,62.81,49.72,0.88,0.46,276,21,20,10,22.73,21.74,6.15,3,1,4,3,21,183.8,82.53,14.67,11.48,127.47,72.22,1,Reggiana 1-3 Pescara,2026-04-06
Reggiana,0.86,1.43,-0.57,0.86,1.43,-0.57,0.0,0.0,0.0,0.86,1.43,-0.57,1,3,-2,-1.43,35.9,37.19,48.97,0.46,0.88,137,17,10,20,21.74,22.73,11.47,1,3,13,2,15,38.9,17.47,113.13,88.52,49.03,27.78,3,Reggiana 1-3 Pescara,2026-04-06
Virtus Entella,1.06,2.95,-1.89,1.03,2.95,-1.92,0.03,0.0,0.03,1.06,2.95,-1.89,0,1,-1,0.89,45.6,52.19,50.65,0.5,0.3,154,13,10,12,20.0,40.0,9.42,1,2,11,2,15,52.6,39.55,56.93,77.01,57.77,54.45,3,Mantova 1-0 Virtus Entella,2026-04-06
Mantova,2.95,1.06,1.89,2.95,1.03,1.92,0.0,0.03,-0.03,2.95,1.06,1.89,1,0,1,-0.89,54.4,47.81,47.83,0.3,0.5,160,13,12,10,40.0,20.0,7.45,2,1,15,4,18,80.4,60.45,17.0,22.99,48.33,45.55,1,Mantova 1-0 Virtus Entella,2026-04-06
Monza,1.17,1.34,-0.17,0.33,1.32,-0.99,0.08,0.02,0.06,0.41,1.34,-0.93,1,1,0,0.17,52.7,59.6,53.66,0.55,0.58,238,15,10,13,18.18,22.41,6.88,5,4,33,5,19,119.3,56.84,46.6,51.74,96.33,50.09,0,Catanzaro 1-1 Monza,2026-04-06
Catanzaro,1.34,1.17,0.17,1.32,0.33,0.99,0.02,0.08,-0.06,1.34,0.41,0.93,1,1,0,-0.17,47.3,40.4,46.03,0.58,0.55,158,11,13,10,22.41,18.18,7.58,4,5,13,1,15,90.6,43.16,43.47,48.26,96.0,49.91,2,Catanzaro 1-1 Monza,2026-04-06
Modena,2.04,2.45,-0.41,0.92,1.43,-0.51,1.11,0.26,0.85,2.04,1.69,0.35,1,3,-2,-1.59,62.1,65.34,53.77,1.06,0.64,261,17,19,13,17.92,20.31,10.9,2,5,31,7,14,160.1,77.98,16.2,21.66,128.47,65.9,1,Bari 3-1 Modena,2026-04-06
Bari,2.45,2.04,0.41,1.43,0.92,0.51,0.26,1.11,-0.85,1.69,2.04,-0.35,3,1,2,1.59,37.9,34.66,46.26,0.64,1.06,122,9,13,19,20.31,17.92,19.19,5,2,10,4,2,45.2,22.02,58.6,78.34,66.47,34.1,3,Bari 3-1 Modena,2026-04-06
Südtirol,1.46,1.51,-0.05,1.13,1.49,-0.36,0.33,0.02,0.31,1.46,1.51,-0.05,1,1,0,0.05,30.0,46.27,54.22,0.88,0.59,161,14,10,12,11.36,20.34,19.54,3,1,20,6,17,45.3,28.91,204.67,99.97,231.37,98.86,3,Cesena 1-1 Südtirol,2026-04-06
Cesena,1.51,1.46,0.05,1.49,1.13,0.36,0.02,0.33,-0.31,1.51,1.46,0.05,1,1,0,-0.05,70.0,53.73,44.01,0.59,0.88,260,11,12,10,20.34,11.36,7.32,1,3,17,4,10,111.4,71.09,0.07,0.03,2.67,1.14,1,Cesena 1-1 Südtirol,2026-04-06
Avellino,0.11,0.6,-0.49,0.11,0.43,-0.32,0.0,0.17,-0.17,0.11,0.6,-0.49,0,2,-2,-1.51,48.8,52.53,47.07,0.29,0.6,200,6,5,10,17.24,16.67,10.57,5,4,15,0,15,77.9,45.66,43.07,52.69,55.47,35.4,2,Palermo 2-0 Avellino,2026-04-05
Palermo,0.6,0.11,0.49,0.43,0.11,0.32,0.17,0.0,0.17,0.6,0.11,0.49,2,0,2,1.51,51.2,47.47,46.08,0.6,0.29,192,9,10,5,16.67,17.24,9.32,4,5,16,1,14,92.7,54.34,38.67,47.31,101.23,64.6,0,Palermo 2-0 Avellino,2026-04-05
Padova,1.14,3.38,-2.24,1.06,3.0,-1.94,0.08,0.38,-0.3,1.14,3.38,-2.24,0,2,-2,0.24,37.7,35.44,46.8,0.75,1.22,122,10,11,24,14.67,19.67,14.16,2,6,16,5,15,54.7,23.11,71.27,83.39,49.77,19.04,1,Frosinone 2-0 Padova,2026-04-05
Frosinone,3.38,1.14,2.24,3.0,1.06,1.94,0.38,0.08,0.3,3.38,1.14,2.24,2,0,2,-0.24,62.3,64.56,53.55,1.22,0.75,281,15,24,11,19.67,14.67,7.12,6,2,28,7,10,182.0,76.89,14.2,16.61,211.67,80.96,1,Frosinone 2-0 Padova,2026-04-05
Reggiana,0.74,2.93,-2.19,0.65,2.32,-1.67,0.09,0.61,-0.52,0.74,2.93,-2.19,0,3,-3,-0.81,46.2,39.17,45.61,0.36,1.19,140,8,11,19,30.56,15.97,10.63,0,2,9,3,18,33.1,21.62,43.6,50.42,24.48,12.29,2,Virtus Entella 3-0 Reggiana,2026-03-22
Virtus Entella,2.93,0.74,2.19,2.32,0.65,1.67,0.61,0.09,0.52,2.93,0.74,2.19,3,0,3,0.81,53.8,60.83,49.36,1.19,0.36,193,18,19,11,15.97,30.56,8.06,2,0,23,8,20,120.0,78.38,42.87,49.58,174.77,87.71,1,Virtus Entella 3-0 Reggiana,2026-03-22
Avellino,0.66,0.63,0.03,0.62,0.43,0.19,0.04,0.2,-0.16,0.66,0.63,0.03,1,2,-1,-1.03,52.3,49.16,43.81,0.5,0.4,147,4,3,10,6.0,25.0,6.92,6,8,14,3,26,54.6,40.69,19.67,26.46,45.67,28.26,1,Sampdoria 2-1 Avellino,2026-03-22
Sampdoria,0.63,0.66,-0.03,0.43,0.62,-0.19,0.2,0.04,0.16,0.63,0.66,-0.03,2,1,1,1.03,47.7,50.84,46.97,0.4,0.5,145,12,10,3,25.0,6.0,5.96,8,6,25,9,16,79.6,59.31,54.67,73.54,115.93,71.74,3,Sampdoria 2-1 Avellino,2026-03-22
Frosinone,1.21,1.73,-0.52,1.08,0.94,0.14,0.13,0.04,0.09,1.21,0.97,0.24,3,1,2,2.52,42.8,40.18,48.15,0.75,0.94,132,10,7,16,9.33,17.02,9.7,1,5,8,4,22,46.3,25.64,41.87,82.85,69.0,50.25,1,Südtirol 1-3 Frosinone,2026-03-22
Südtirol,1.73,1.21,0.52,0.94,1.08,-0.14,0.04,0.13,-0.09,0.97,1.21,-0.24,1,3,-2,-2.52,57.2,59.82,53.04,0.94,0.75,212,18,16,7,17.02,9.33,4.0,5,1,21,3,18,134.3,74.36,8.67,17.15,68.3,49.75,8,Südtirol 1-3 Frosinone,2026-03-22
Pescara,1.22,3.09,-1.87,1.0,2.53,-1.53,0.21,0.55,-0.34,1.22,3.09,-1.87,2,4,-2,-0.13,45.2,39.06,40.61,0.5,1.37,139,13,13,24,26.0,17.52,10.97,1,16,11,9,19,54.3,24.95,47.4,58.86,56.83,20.96,1,Empoli 4-2 Pescara,2026-03-22
Empoli,3.09,1.22,1.87,2.53,1.0,1.53,0.55,0.21,0.34,3.09,1.22,1.87,4,2,2,0.13,54.8,60.94,49.33,1.37,0.5,249,20,24,13,17.52,26.0,6.96,16,1,27,6,18,163.3,75.05,33.13,41.14,214.33,79.04,1,Empoli 4-2 Pescara,2026-03-22
Carrarese,1.74,1.34,0.4,1.56,1.15,0.41,0.17,0.19,-0.02,1.74,1.34,0.4,3,0,3,2.6,48.3,42.32,48.33,0.66,0.78,206,16,14,12,21.21,15.38,16.05,2,3,20,6,10,80.4,40.24,38.0,51.08,84.97,56.03,1,Bari 0-3 Carrarese,2026-03-22
Bari,1.34,1.74,-0.4,1.15,1.56,-0.41,0.19,0.17,0.02,1.34,1.74,-0.4,0,3,-3,-2.6,51.7,57.68,52.33,0.78,0.66,244,14,12,14,15.38,21.21,11.79,3,2,29,12,11,119.4,59.76,36.4,48.92,66.67,43.97,2,Bari 0-3 Carrarese,2026-03-22
Mantova,0.68,0.75,-0.07,0.62,0.67,-0.05,0.06,0.08,-0.02,0.68,0.75,-0.07,1,2,-1,-0.93,63.3,67.86,47.96,0.72,0.46,271,18,8,9,11.11,19.57,10.59,3,2,23,4,20,165.7,78.94,10.0,7.98,81.6,47.48,0,Modena 2-1 Mantova,2026-03-21
Modena,0.75,0.68,0.07,0.67,0.62,0.05,0.08,0.06,0.02,0.75,0.68,0.07,2,1,1,0.93,36.7,32.14,43.66,0.46,0.72,133,7,9,8,19.57,11.11,14.38,2,3,10,1,14,44.2,21.06,115.33,92.02,90.27,52.52,0,Modena 2-1 Mantova,2026-03-21
Venezia,0.62,2.13,-1.51,0.62,0.86,-0.24,0.0,0.51,-0.51,0.62,1.37,-0.75,1,1,0,1.51,59.5,53.19,49.68,0.37,0.9,259,9,8,18,21.62,20.0,8.57,6,8,13,1,11,106.5,47.99,3.8,3.22,51.9,24.84,0,Monza 1-1 Venezia,2026-03-21
Monza,2.13,0.62,1.51,0.86,0.62,0.24,0.51,0.0,0.51,1.37,0.62,0.75,1,1,0,-1.51,40.5,46.81,50.61,0.9,0.37,191,22,18,8,20.0,21.62,11.94,8,6,25,10,11,115.4,52.01,114.07,96.78,157.07,75.16,4,Monza 1-1 Venezia,2026-03-21
Palermo,1.27,1.51,-0.24,0.41,1.51,-1.1,0.86,0.0,0.86,1.27,1.51,-0.24,1,0,1,1.24,35.1,33.42,50.45,0.48,1.43,164,10,11,14,22.92,9.79,15.54,6,1,21,4,12,67.2,24.06,116.67,79.22,65.23,34.55,3,Padova 0-1 Palermo,2026-03-21
Padova,1.51,1.27,0.24,1.51,0.41,1.1,0.0,0.86,-0.86,1.51,1.27,0.24,0,1,-1,-1.24,64.9,66.58,53.88,1.43,0.48,353,19,14,11,9.79,22.92,9.86,1,6,31,9,10,212.1,75.94,30.6,20.78,123.57,65.45,2,Padova 0-1 Palermo,2026-03-21
Spezia,1.08,4.99,-3.91,1.08,4.2,-3.12,0.0,0.03,-0.03,1.08,4.23,-3.15,1,3,-2,1.91,44.8,50.32,46.88,1.06,0.96,197,11,8,20,7.55,20.83,16.89,8,4,19,2,14,72.9,35.56,113.93,77.47,99.2,58.94,2,Juve Stabia 3-1 Spezia,2026-03-21
Juve Stabia,4.99,1.08,3.91,4.2,1.08,3.12,0.03,0.0,0.03,4.23,1.08,3.15,3,1,2,-1.91,55.2,49.68,44.71,0.96,1.06,199,19,20,8,20.83,7.55,12.28,4,8,22,3,9,132.1,64.44,33.13,22.53,69.1,41.06,2,Juve Stabia 3-1 Spezia,2026-03-21
Catanzaro,1.75,2.71,-0.96,1.18,2.19,-1.01,0.57,0.52,0.05,1.75,2.71,-0.96,1,3,-2,-1.04,49.6,50.62,49.63,0.5,0.99,226,15,16,18,32.0,18.18,11.22,4,5,22,5,12,130.1,54.23,61.4,49.95,126.0,60.77,1,Cesena 3-1 Catanzaro,2026-03-21
Cesena,2.71,1.75,0.96,2.19,1.18,1.01,0.52,0.57,-0.05,2.71,1.75,0.96,3,1,2,1.04,50.4,49.38,48.73,0.99,0.5,238,17,18,16,18.18,32.0,13.38,5,4,17,7,15,109.8,45.77,61.53,50.05,81.33,39.23,0,Cesena 3-1 Catanzaro,2026-03-21
Virtus Entella,1.43,0.94,0.49,1.43,0.87,0.56,0.0,0.08,-0.08,1.43,0.94,0.49,0,3,-3,-3.49,42.6,52.25,45.93,0.9,0.23,162,11,11,6,12.22,26.09,10.49,5,6,13,1,16,77.2,57.87,66.87,78.73,66.0,38.43,4,Pescara 3-0 Virtus Entella,2026-03-18
Pescara,0.94,1.43,-0.49,0.87,1.43,-0.56,0.08,0.0,0.08,0.94,1.43,-0.49,3,0,3,3.49,57.4,47.75,40.98,0.23,0.9,160,6,6,11,26.09,12.22,8.1,6,5,4,2,15,56.2,42.13,18.07,21.27,105.74,61.57,1,Pescara 3-0 Virtus Entella,2026-03-18
Sampdoria,0.6,2.16,-1.56,0.6,1.4,-0.8,0.0,0.0,0.0,0.6,1.4,-0.8,0,2,-2,-0.44,52.8,51.67,48.55,0.41,0.76,202,9,7,7,17.07,9.21,11.29,2,5,14,2,18,84.5,51.94,40.2,41.36,58.7,41.63,1,Carrarese 2-0 Sampdoria,2026-03-18
Carrarese,2.16,0.6,1.56,1.4,0.6,0.8,0.0,0.0,0.0,1.4,0.6,0.8,2,0,2,0.44,47.2,48.33,48.73,0.76,0.41,183,8,7,7,9.21,17.07,9.61,5,2,15,4,16,78.2,48.06,57.0,58.64,82.3,58.37,0,Carrarese 2-0 Sampdoria,2026-03-18
Südtirol,1.43,1.68,-0.25,0.45,0.65,-0.2,0.22,1.03,-0.81,0.67,1.68,-1.01,2,3,-1,-0.75,43.7,54.98,51.38,0.7,0.36,168,15,10,8,14.29,22.22,6.52,8,4,15,2,28,86.1,54.81,85.4,89.77,132.63,72.55,6,Avellino 3-2 Südtirol,2026-03-18
Avellino,1.68,1.43,0.25,0.65,0.45,0.2,1.03,0.22,0.81,1.68,0.67,1.01,3,2,1,0.75,56.3,45.02,42.62,0.36,0.7,133,7,8,10,22.22,14.29,6.89,4,8,9,2,14,71.0,45.19,9.73,10.23,50.17,27.45,0,Avellino 3-2 Südtirol,2026-03-18
Bari,1.28,2.05,-0.77,1.28,1.76,-0.48,0.0,0.29,-0.29,1.28,2.05,-0.77,1,2,-1,-0.23,40.5,27.37,42.56,0.28,1.5,125,4,5,27,17.86,18.0,16.95,4,8,14,1,5,22.3,6.85,66.2,59.28,12.4,3.85,1,Frosinone 2-1 Bari,2026-03-18
Frosinone,2.05,1.28,0.77,1.76,1.28,0.48,0.29,0.0,0.29,2.05,1.28,0.77,2,1,1,0.23,59.5,72.63,56.26,1.5,0.28,328,22,27,5,18.0,17.86,10.93,8,4,33,11,15,303.2,93.15,45.47,40.72,309.27,96.15,1,Frosinone 2-1 Bari,2026-03-18
Padova,0.8,3.81,-3.01,0.63,3.12,-2.49,0.17,0.69,-0.52,0.8,3.81,-3.01,1,3,-2,1.01,35.4,28.53,45.81,0.44,0.82,148,9,8,30,18.18,36.59,16.52,2,9,5,1,13,29.6,9.4,123.4,93.72,23.19,7.76,0,Venezia 3-1 Padova,2026-03-17
Venezia,3.81,0.8,3.01,3.12,0.63,2.49,0.69,0.17,0.52,3.81,0.8,3.01,3,1,2,-1.01,64.6,71.47,51.2,0.82,0.44,353,22,30,8,36.59,18.18,8.22,9,2,17,9,9,285.3,90.6,8.27,6.28,275.78,92.24,0,Venezia 3-1 Padova,2026-03-17
Empoli,1.71,2.15,-0.44,0.95,1.98,-1.03,0.0,0.17,-0.17,0.95,2.15,-1.2,1,1,0,0.44,48.6,47.87,44.9,0.79,1.41,165,8,10,17,12.66,12.06,8.27,7,5,19,1,19,66.7,39.42,54.73,45.43,68.6,36.01,1,Spezia 1-1 Empoli,2026-03-17
Spezia,2.15,1.71,0.44,1.98,0.95,1.03,0.17,0.0,0.17,2.15,0.95,1.2,1,1,0,-0.44,51.4,52.13,46.25,1.41,0.79,173,17,17,10,12.06,12.66,7.95,5,7,29,7,17,102.5,60.58,65.73,54.57,121.9,63.99,1,Spezia 1-1 Empoli,2026-03-17
Monza,1.66,0.41,1.25,1.58,0.41,1.17,0.09,0.0,0.09,1.66,0.41,1.25,0,0,0,-1.25,67.2,72.73,57.13,1.12,0.25,464,27,19,10,16.96,40.0,10.12,5,3,31,4,9,306.1,97.48,17.47,13.56,218.03,94.09,0,Reggiana 0-0 Monza,2026-03-17
Reggiana,0.41,1.66,-1.25,0.41,1.58,-1.17,0.0,0.09,-0.09,0.41,1.66,-1.25,0,0,0,1.25,32.8,27.27,46.91,0.25,1.12,161,4,10,19,40.0,16.96,22.95,3,5,9,3,10,7.9,2.52,111.33,86.44,13.7,5.91,5,Reggiana 0-0 Monza,2026-03-17
Cesena,1.2,1.71,-0.51,1.14,1.48,-0.34,0.05,0.23,-0.18,1.2,1.71,-0.51,0,3,-3,-2.49,52.6,36.75,41.86,0.44,0.92,193,8,13,21,29.55,22.83,9.0,3,4,16,3,16,62.8,22.93,23.07,18.84,43.57,16.52,0,Mantova 3-0 Cesena,2026-03-17
Mantova,1.71,1.2,0.51,1.48,1.14,0.34,0.23,0.05,0.18,1.71,1.2,0.51,3,0,3,2.49,47.4,63.25,56.16,0.92,0.44,291,18,21,13,22.83,29.55,9.34,4,3,19,5,19,211.1,77.07,99.4,81.16,220.2,83.48,0,Mantova 3-0 Cesena,2026-03-17
Juve Stabia,1.08,3.06,-1.98,0.3,1.0,-0.7,0.02,1.29,-1.27,0.32,2.3,-1.98,2,2,0,1.98,43.0,23.94,38.86,0.05,1.49,111,3,7,21,140.0,14.09,15.52,1,7,12,2,12,16.9,6.7,56.73,54.27,18.23,9.15,1,Palermo 2-2 Juve Stabia,2026-03-17
Palermo,3.06,1.08,1.98,1.0,0.3,0.7,1.29,0.02,1.27,2.3,0.32,1.98,2,2,0,-1.98,57.0,76.06,56.89,1.49,0.05,352,21,21,7,14.09,140.0,10.14,7,1,43,7,16,235.2,93.3,47.8,45.73,181.1,90.85,2,Palermo 2-2 Juve Stabia,2026-03-17
Pescara,1.82,0.23,1.59,1.79,0.23,1.56,0.03,0.0,0.03,1.82,0.23,1.59,0,0,0,-1.59,63.8,56.8,46.47,1.27,0.44,231,17,17,4,13.39,9.09,8.12,3,3,21,5,14,169.4,78.21,6.2,4.91,80.93,52.71,1,Südtirol 0-0 Pescara,2026-03-15
Südtirol,0.23,1.82,-1.59,0.23,1.79,-1.56,0.0,0.03,-0.03,0.23,1.82,-1.59,0,0,0,1.59,36.2,43.2,51.81,0.44,1.27,149,11,4,17,9.09,13.39,11.06,3,3,13,3,17,47.2,21.79,120.07,95.09,72.6,47.29,6,Südtirol 0-0 Pescara,2026-03-15
Avellino,0.42,2.0,-1.58,0.28,1.76,-1.48,0.15,0.24,-0.09,0.42,2.0,-1.58,2,1,1,2.58,41.3,34.06,42.1,0.09,0.84,136,7,6,19,66.67,22.62,13.0,3,6,17,5,17,32.4,14.43,79.87,59.75,87.23,42.14,0,Virtus Entella 1-2 Avellino,2026-03-15
Virtus Entella,2.0,0.42,1.58,1.76,0.28,1.48,0.24,0.15,0.09,2.0,0.42,1.58,1,2,-1,-2.58,58.7,65.94,50.39,0.84,0.09,307,14,19,6,22.62,66.67,8.44,6,3,33,7,16,192.2,85.57,53.8,40.25,119.77,57.86,2,Virtus Entella 1-2 Avellino,2026-03-15
Venezia,2.29,0.63,1.66,2.11,0.61,1.5,0.18,0.02,0.16,2.29,0.63,1.66,0,0,0,-1.66,67.9,67.53,52.5,1.15,0.24,319,18,15,9,13.04,37.5,4.8,6,5,16,6,23,181.1,86.78,2.93,2.33,90.3,61.5,0,Sampdoria 0-0 Venezia,2026-03-14
Sampdoria,0.63,2.29,-1.66,0.61,2.11,-1.5,0.02,0.18,-0.16,0.63,2.29,-1.66,0,0,0,1.66,32.1,32.47,49.19,0.24,1.15,116,9,9,15,37.5,13.04,9.59,5,6,22,7,11,27.6,13.22,122.67,97.67,56.53,38.5,2,Sampdoria 0-0 Venezia,2026-03-14
Palermo,1.33,1.71,-0.38,1.29,1.0,0.29,0.05,0.71,-0.66,1.33,1.71,-0.38,0,3,-3,-2.62,58.8,60.35,50.22,0.72,0.27,222,15,19,7,26.39,25.93,8.4,3,0,33,10,11,143.3,75.82,20.93,21.91,99.13,51.68,3,Monza 3-0 Palermo,2026-03-14
Monza,1.71,1.33,0.38,1.0,1.29,-0.29,0.71,0.05,0.66,1.71,1.33,0.38,3,0,3,2.62,41.2,39.65,45.89,0.27,0.72,135,11,7,19,25.93,26.39,13.56,0,3,12,3,10,45.7,24.18,74.6,78.09,92.7,48.32,0,Monza 3-0 Palermo,2026-03-14
Catanzaro,1.64,1.26,0.38,1.61,1.2,0.41,0.03,0.06,-0.03,1.64,1.26,0.38,3,1,2,1.62,46.7,45.17,49.93,0.87,0.52,187,12,13,13,14.94,25.0,10.5,1,8,14,6,15,79.6,41.83,52.8,64.18,117.53,72.36,1,Padova 1-3 Catanzaro,2026-03-14
Padova,1.26,1.64,-0.38,1.2,1.61,-0.41,0.06,0.03,0.03,1.26,1.64,-0.38,1,3,-2,-1.62,53.3,54.83,52.61,0.52,0.87,253,6,13,13,25.0,14.94,6.5,8,1,17,3,18,110.7,58.17,29.47,35.82,44.9,27.64,0,Padova 1-3 Catanzaro,2026-03-14
Carrarese,1.65,1.58,0.07,0.81,1.3,-0.49,0.09,0.27,-0.18,0.89,1.58,-0.69,1,1,0,-0.07,44.6,48.09,48.04,0.33,0.62,166,5,10,15,30.3,24.19,11.67,1,6,20,8,14,63.2,41.17,89.33,70.12,88.7,53.52,1,Juve Stabia 1-1 Carrarese,2026-03-14
Juve Stabia,1.58,1.65,-0.07,1.3,0.81,0.49,0.27,0.09,0.18,1.58,0.89,0.69,1,1,0,0.07,55.4,51.91,43.54,0.62,0.33,179,14,15,10,24.19,30.3,9.47,6,1,20,6,16,90.3,58.83,38.07,29.88,77.03,46.48,3,Juve Stabia 1-1 Carrarese,2026-03-14
Mantova,1.31,2.28,-0.97,0.92,1.46,-0.54,0.39,0.81,-0.42,1.31,2.28,-0.97,2,2,0,0.97,41.2,43.35,48.54,0.48,2.27,158,9,12,18,25.0,7.93,9.6,6,2,11,4,17,74.0,35.42,80.6,87.49,116.27,64.46,0,Empoli 2-2 Mantova,2026-03-14
Empoli,2.28,1.31,0.97,1.46,0.92,0.54,0.81,0.39,0.42,2.28,1.31,0.97,2,2,0,-0.97,58.8,56.65,45.72,2.27,0.48,217,21,18,12,7.93,25.0,7.68,2,6,35,9,17,134.9,64.58,11.53,12.51,64.1,35.54,3,Empoli 2-2 Mantova,2026-03-14
Frosinone,1.72,2.28,-0.56,1.67,1.52,0.15,0.05,0.0,0.05,1.72,1.52,0.2,2,2,0,0.56,51.5,60.19,51.85,1.34,1.58,216,22,24,15,17.91,9.49,10.48,4,1,23,5,13,133.8,72.92,45.47,71.79,163.4,81.86,3,Cesena 2-2 Frosinone,2026-03-14
Cesena,2.28,1.72,0.56,1.52,1.67,-0.15,0.0,0.05,-0.05,1.52,1.72,-0.2,2,2,0,-0.56,48.5,39.81,43.46,1.58,1.34,142,18,15,24,9.49,17.91,8.48,1,4,8,1,18,49.7,27.08,17.87,28.21,36.2,18.14,1,Cesena 2-2 Frosinone,2026-03-14
Reggiana,1.36,0.99,0.37,0.94,0.97,-0.03,0.42,0.02,0.4,1.36,0.99,0.37,1,4,-3,-3.37,49.9,55.1,48.05,0.96,0.29,195,15,12,11,12.5,37.93,10.25,5,1,23,8,18,57.7,48.53,69.87,71.44,20.92,14.52,4,Bari 4-1 Reggiana,2026-03-14
Bari,0.99,1.36,-0.37,0.97,0.94,0.03,0.02,0.42,-0.4,0.99,1.36,-0.37,4,1,3,3.37,50.1,44.9,45.31,0.29,0.96,180,11,11,12,37.93,12.5,11.86,1,5,11,3,11,61.2,51.47,27.93,28.56,123.18,85.48,1,Bari 4-1 Reggiana,2026-03-14
Spezia,0.24,1.82,-1.58,0.24,1.13,-0.89,0.0,0.68,-0.68,0.24,1.82,-1.58,0,3,-3,-1.42,58.6,53.2,48.21,0.44,0.65,273,7,6,9,13.64,13.85,11.21,2,5,20,3,15,66.0,54.91,22.93,20.58,31.67,19.24,0,Modena 3-0 Spezia,2026-03-13
Modena,1.82,0.24,1.58,1.13,0.24,0.89,0.68,0.0,0.68,1.82,0.24,1.58,3,0,3,1.42,41.4,46.8,46.82,0.65,0.44,164,9,9,6,13.85,13.64,13.06,5,2,20,3,8,54.2,45.09,88.47,79.42,132.92,80.76,4,Modena 3-0 Spezia,2026-03-13
Bari,0.94,4.98,-4.04,0.72,4.21,-3.49,0.22,0.01,0.21,0.94,4.22,-3.28,0,4,-4,0.04,42.5,46.25,44.83,0.42,0.9,138,7,12,27,28.57,30.0,13.23,6,1,11,4,10,55.0,29.09,83.2,78.29,47.43,19.36,3,Pescara 4-0 Bari,2026-03-08
Pescara,4.98,0.94,4.04,4.21,0.72,3.49,0.01,0.22,-0.21,4.22,0.94,3.28,4,0,4,-0.04,57.5,53.75,43.87,0.9,0.42,181,9,27,12,30.0,28.57,7.29,1,6,4,2,18,134.1,70.91,23.07,21.71,197.58,80.64,0,Pescara 4-0 Bari,2026-03-08
Palermo,2.44,2.26,0.18,0.85,2.12,-1.27,1.59,0.14,1.45,2.44,2.26,0.18,1,0,1,0.82,39.6,39.94,44.39,0.45,0.96,138,11,13,13,28.89,13.54,14.88,5,3,14,5,9,67.1,31.64,67.53,82.56,86.33,60.67,3,Carrarese 0-1 Palermo,2026-03-08
Carrarese,2.26,2.44,-0.18,2.12,0.85,1.27,0.14,1.59,-1.45,2.26,2.44,-0.18,0,1,-1,-0.82,60.4,60.06,49.9,0.96,0.45,246,19,13,13,13.54,28.89,8.83,3,5,34,9,14,145.0,68.36,14.27,17.44,55.97,39.33,2,Carrarese 0-1 Palermo,2026-03-08
Juve Stabia,0.22,1.14,-0.92,0.22,1.06,-0.84,0.0,0.08,-0.08,0.22,1.14,-0.92,0,2,-2,-1.08,34.2,25.61,38.57,0.27,0.78,89,8,3,16,11.11,20.51,12.87,5,11,7,1,13,15.1,6.73,140.87,88.15,30.37,11.18,3,Mantova 2-0 Juve Stabia,2026-03-08
Mantova,1.14,0.22,0.92,1.06,0.22,0.84,0.08,0.0,0.08,1.14,0.22,0.92,2,0,2,1.08,65.8,74.39,48.83,0.78,0.27,314,18,16,3,20.51,11.11,5.84,11,5,16,6,21,209.4,93.27,18.93,11.85,241.17,88.82,1,Mantova 2-0 Juve Stabia,2026-03-08
Sampdoria,1.06,1.85,-0.79,1.06,1.32,-0.26,0.0,0.53,-0.53,1.06,1.85,-0.79,0,3,-3,-2.21,52.1,40.3,44.03,0.56,0.96,160,15,9,24,16.07,25.0,9.39,2,3,15,2,14,53.0,26.73,14.87,20.54,20.98,8.53,1,Frosinone 3-0 Sampdoria,2026-03-08
Frosinone,1.85,1.06,0.79,1.32,1.06,0.26,0.53,0.0,0.53,1.85,1.06,0.79,3,0,3,2.21,47.9,59.7,48.81,0.96,0.56,178,16,24,9,25.0,16.07,11.41,3,2,27,10,16,145.3,73.27,57.53,79.46,224.9,91.47,1,Frosinone 3-0 Sampdoria,2026-03-08
Empoli,0.5,2.54,-2.04,0.5,2.05,-1.55,0.0,0.49,-0.49,0.5,2.54,-2.04,2,3,-1,1.04,36.9,38.92,46.96,0.52,0.78,167,6,5,16,9.62,20.51,11.02,4,2,15,1,26,41.0,18.82,100.53,85.83,82.63,66.04,3,Catanzaro 3-2 Empoli,2026-03-08
Catanzaro,2.54,0.5,2.04,2.05,0.5,1.55,0.49,0.0,0.49,2.54,0.5,2.04,3,2,1,-1.04,63.1,61.08,50.78,0.78,0.52,298,16,16,5,20.51,9.62,6.36,2,4,37,9,9,176.8,81.18,16.6,14.17,42.5,33.96,0,Catanzaro 3-2 Empoli,2026-03-08
Cesena,0.15,0.81,-0.66,0.15,0.56,-0.41,0.0,0.25,-0.25,0.15,0.81,-0.66,0,0,0,0.66,45.5,20.81,39.18,0.16,1.03,147,1,3,17,18.75,16.5,21.32,1,5,6,1,10,8.0,3.14,41.0,34.42,10.87,3.65,0,Modena 0-0 Cesena,2026-03-07
Modena,0.81,0.15,0.66,0.56,0.15,0.41,0.25,0.0,0.25,0.81,0.15,0.66,0,0,0,-0.66,54.5,79.19,55.47,1.03,0.16,365,21,17,3,16.5,18.75,16.0,5,1,31,7,8,246.7,96.86,78.13,65.58,286.7,96.35,0,Modena 0-0 Cesena,2026-03-07
Reggiana,0.46,3.14,-2.68,0.38,2.94,-2.56,0.08,0.2,-0.12,0.46,3.14,-2.68,0,2,-2,0.68,35.1,24.84,42.22,0.36,1.18,114,7,11,22,30.56,18.64,12.97,4,3,11,3,11,15.3,5.96,116.93,85.85,26.7,9.56,1,Venezia 2-0 Reggiana,2026-03-07
Venezia,3.14,0.46,2.68,2.94,0.38,2.56,0.2,0.08,0.12,3.14,0.46,2.68,2,0,2,-0.68,64.9,75.16,51.91,1.18,0.36,325,10,22,11,18.64,30.56,8.69,3,4,10,5,17,241.6,94.04,19.27,14.15,252.6,90.44,0,Venezia 2-0 Reggiana,2026-03-07
Virtus Entella,1.23,1.36,-0.13,0.88,1.29,-0.41,0.35,0.07,0.28,1.23,1.36,-0.13,1,0,1,1.13,39.6,28.96,42.71,0.12,0.8,101,4,8,12,66.67,15.0,12.65,2,6,15,2,20,43.1,20.21,47.27,75.34,57.63,30.76,1,Südtirol 0-1 Virtus Entella,2026-03-07
Südtirol,1.36,1.23,0.13,1.29,0.88,0.41,0.07,0.35,-0.28,1.36,1.23,0.13,0,1,-1,-1.13,60.4,71.04,53.92,0.8,0.12,255,12,12,8,15.0,66.67,6.13,6,2,29,6,10,170.2,79.79,15.47,24.66,129.73,69.24,10,Südtirol 0-1 Virtus Entella,2026-03-07
Monza,1.14,1.32,-0.18,1.14,1.3,-0.16,0.0,0.02,-0.02,1.14,1.32,-0.18,2,4,-2,-1.82,49.0,42.45,44.27,0.32,0.52,149,5,8,18,25.0,34.62,10.6,3,6,12,2,14,26.5,21.1,45.07,53.61,40.57,26.24,0,Spezia 4-2 Monza,2026-03-07
Spezia,1.32,1.14,0.18,1.3,1.14,0.16,0.02,0.0,0.02,1.32,1.14,0.18,4,2,2,1.82,51.0,57.55,47.98,0.52,0.32,198,9,18,8,34.62,25.0,8.95,6,3,23,3,15,99.1,78.9,39.0,46.39,114.03,73.76,0,Spezia 4-2 Monza,2026-03-07
Padova,1.09,2.1,-1.01,1.09,0.92,0.17,0.0,1.18,-1.18,1.09,2.1,-1.01,0,1,-1,0.01,37.9,27.59,44.06,0.23,1.16,141,4,6,19,26.09,16.38,11.48,4,5,10,3,16,7.9,3.2,75.0,70.94,18.47,8.27,0,Avellino 1-0 Padova,2026-03-07
Avellino,2.1,1.09,1.01,0.92,1.09,-0.17,1.18,0.0,1.18,2.1,1.09,1.01,1,0,1,-0.01,62.1,72.41,55.61,1.16,0.23,349,28,19,6,16.38,26.09,7.27,5,4,45,9,12,238.6,96.8,30.73,29.06,204.9,91.73,1,Avellino 1-0 Padova,2026-03-07
Mantova,1.01,1.3,-0.29,0.21,0.75,-0.54,0.03,0.55,-0.52,0.25,1.3,-1.05,1,2,-1,-0.71,45.7,37.05,45.36,0.26,0.94,143,4,7,17,26.92,18.09,9.29,3,3,14,2,12,73.3,30.16,68.4,53.22,31.33,12.9,0,Palermo 2-1 Mantova,2026-03-04
Palermo,1.3,1.01,0.29,0.75,0.21,0.54,0.55,0.03,0.52,1.3,0.25,1.05,2,1,1,0.71,54.3,62.95,53.45,0.94,0.26,245,17,17,7,18.09,26.92,7.0,3,3,29,9,23,169.7,69.84,60.13,46.78,211.6,87.1,3,Palermo 2-1 Mantova,2026-03-04
Sampdoria,0.37,1.39,-1.02,0.37,1.25,-0.88,0.0,0.14,-0.14,0.37,1.39,-1.02,1,1,0,1.02,38.0,48.44,46.98,0.43,0.64,164,3,4,15,9.3,23.44,12.76,5,4,13,3,9,53.8,36.13,101.93,78.65,88.13,61.5,5,Juve Stabia 1-1 Sampdoria,2026-03-04
Juve Stabia,1.39,0.37,1.02,1.25,0.37,0.88,0.14,0.0,0.14,1.39,0.37,1.02,1,1,0,-1.02,62.0,51.56,43.71,0.64,0.43,202,10,15,4,23.44,9.3,8.29,4,5,30,9,13,95.1,63.87,27.67,21.35,55.17,38.5,0,Juve Stabia 1-1 Sampdoria,2026-03-04
Pescara,0.52,2.3,-1.78,0.52,1.34,-0.82,0.0,0.2,-0.2,0.52,1.54,-1.02,2,2,0,1.78,36.9,30.07,39.45,0.26,1.24,86,6,13,19,50.0,15.32,10.06,4,6,1,1,18,27.4,14.24,39.4,73.51,52.23,39.7,1,Frosinone 2-2 Pescara,2026-03-04
Frosinone,2.3,0.52,1.78,1.34,0.52,0.82,0.2,0.0,0.2,1.54,0.52,1.02,2,2,0,-1.78,63.1,69.93,51.26,1.24,0.26,226,28,19,13,15.32,50.0,5.64,6,4,36,12,11,165.0,85.76,14.2,26.49,79.33,60.3,3,Frosinone 2-2 Pescara,2026-03-04
Empoli,0.85,1.75,-0.9,0.82,1.75,-0.93,0.03,0.0,0.03,0.85,1.75,-0.9,1,2,-1,-0.1,45.4,53.53,50.64,0.36,1.14,163,8,11,13,30.56,11.4,15.65,2,4,25,8,10,84.6,41.63,57.8,77.69,77.77,50.75,4,Bari 2-1 Empoli,2026-03-04
Bari,1.75,0.85,0.9,1.75,0.82,0.93,0.0,0.03,-0.03,1.75,0.85,0.9,2,1,1,0.1,54.6,46.47,52.45,1.14,0.36,220,18,13,11,11.4,30.56,9.24,4,2,18,3,16,118.6,58.37,16.6,22.31,75.47,49.25,3,Bari 2-1 Empoli,2026-03-04
Catanzaro,2.17,2.6,-0.43,1.41,2.31,-0.9,0.0,0.29,-0.29,1.41,2.6,-1.19,3,3,0,0.43,54.5,44.79,45.05,0.98,1.08,232,7,10,23,10.2,21.3,10.53,2,9,14,2,21,101.5,40.34,17.73,13.83,26.9,9.39,0,Carrarese 3-3 Catanzaro,2026-03-04
Carrarese,2.6,2.17,0.43,2.31,1.41,0.9,0.29,0.0,0.29,2.6,1.41,1.19,3,3,0,-0.43,45.5,55.21,51.18,1.08,0.98,238,15,23,10,21.3,10.2,12.49,9,2,18,4,10,150.1,59.66,110.47,86.17,259.6,90.61,1,Carrarese 3-3 Catanzaro,2026-03-04
Modena,3.26,0.81,2.45,3.14,0.81,2.33,0.12,0.0,0.12,3.26,0.81,2.45,1,2,-1,-3.45,50.7,57.37,50.04,1.37,0.34,258,20,18,7,13.14,20.59,13.21,8,7,27,6,13,171.2,66.64,71.53,71.25,191.9,74.92,6,Virtus Entella 2-1 Modena,2026-03-03
Virtus Entella,0.81,3.26,-2.45,0.81,3.14,-2.33,0.0,0.12,-0.12,0.81,3.26,-2.45,2,1,1,3.45,49.3,42.63,45.15,0.34,1.37,203,5,7,18,20.59,13.14,14.67,7,8,14,1,8,85.7,33.36,28.87,28.75,64.23,25.08,1,Virtus Entella 2-1 Modena,2026-03-03
Avellino,0.16,2.21,-2.05,0.16,2.14,-1.98,0.0,0.07,-0.07,0.16,2.21,-2.05,0,4,-4,-1.95,27.9,14.64,37.73,0.06,1.53,90,1,3,26,50.0,16.99,32.07,2,7,3,0,9,1.4,0.33,135.2,96.21,15.67,3.85,0,Venezia 4-0 Avellino,2026-03-03
Venezia,2.21,0.16,2.05,2.14,0.16,1.98,0.07,0.0,0.07,2.21,0.16,2.05,4,0,4,1.95,72.1,85.36,56.67,1.53,0.06,495,30,26,3,16.99,50.0,8.71,7,2,12,3,11,426.2,99.67,5.33,3.79,390.9,96.15,1,Venezia 4-0 Avellino,2026-03-03
Südtirol,1.51,0.26,1.25,1.38,0.26,1.12,0.14,0.0,0.14,1.51,0.26,1.25,4,0,4,2.75,52.2,57.96,51.71,0.92,0.28,226,19,16,6,17.39,21.43,10.15,4,3,23,4,15,143.1,78.58,46.53,64.75,171.3,86.47,2,Reggiana 0-4 Südtirol,2026-03-03
Reggiana,0.26,1.51,-1.25,0.26,1.38,-1.12,0.0,0.14,-0.14,0.26,1.51,-1.25,0,4,-4,-2.75,47.8,42.04,44.44,0.28,0.92,159,7,6,16,21.43,17.39,12.54,3,4,14,3,12,39.0,21.42,25.33,35.25,26.8,13.53,2,Reggiana 0-4 Südtirol,2026-03-03
Monza,1.72,1.38,0.34,1.72,1.08,0.64,0.0,0.3,-0.3,1.72,1.38,0.34,3,1,2,1.66,47.5,40.33,45.4,0.6,1.48,192,12,11,15,18.33,10.14,12.13,7,4,10,2,12,104.5,39.2,51.53,39.8,95.97,63.67,0,Cesena 1-3 Monza,2026-03-03
Cesena,1.38,1.72,-0.34,1.08,1.72,-0.64,0.3,0.0,0.3,1.38,1.72,-0.34,1,3,-2,-1.66,52.5,59.67,51.9,1.48,0.6,297,17,15,11,10.14,18.33,13.64,4,7,37,4,15,162.1,60.8,77.93,60.2,54.77,36.33,1,Cesena 1-3 Monza,2026-03-03
Spezia,1.0,1.68,-0.68,0.88,1.12,-0.24,0.11,0.56,-0.45,1.0,1.68,-0.68,2,2,0,0.68,49.5,50.16,51.49,0.56,0.64,261,10,13,19,23.21,29.69,12.1,2,3,16,5,13,82.4,43.95,61.8,68.46,103.37,56.46,3,Padova 2-2 Spezia,2026-03-03
Padova,1.68,1.0,0.68,1.12,0.88,0.24,0.56,0.11,0.45,1.68,1.0,0.68,2,2,0,-0.68,50.5,49.84,48.85,0.64,0.56,209,13,19,13,29.69,23.21,9.32,3,2,28,6,15,105.1,56.05,28.47,31.54,79.73,43.54,0,Padova 2-2 Spezia,2026-03-03
Carrarese,0.67,2.12,-1.45,0.48,1.08,-0.6,0.19,0.28,-0.09,0.67,1.36,-0.69,1,1,0,1.45,58.1,51.21,49.82,0.28,0.5,204,9,11,15,39.29,30.0,6.44,2,7,27,9,13,60.7,40.47,4.93,9.03,38.77,21.44,1,Mantova 1-1 Carrarese,2026-03-01
Mantova,2.12,0.67,1.45,1.08,0.48,0.6,0.28,0.19,0.09,1.36,0.67,0.69,1,1,0,-1.45,41.9,48.79,50.57,0.5,0.28,145,13,15,11,30.0,39.29,8.39,7,2,17,6,18,89.3,59.53,49.67,90.97,142.1,78.56,0,Mantova 1-1 Carrarese,2026-03-01
Palermo,2.07,1.7,0.37,2.05,1.53,0.52,0.02,0.17,-0.15,2.07,1.7,0.37,1,2,-1,-1.37,47.5,49.82,45.57,0.96,0.49,165,14,12,14,12.5,28.57,10.06,5,3,20,4,14,60.6,50.08,52.73,61.89,72.07,58.7,2,Pescara 2-1 Palermo,2026-03-01
Pescara,1.7,2.07,-0.37,1.53,2.05,-0.52,0.17,0.02,0.15,1.7,2.07,-0.37,2,1,1,1.37,52.5,50.18,44.33,0.49,0.96,173,6,14,12,28.57,12.5,8.61,3,5,16,9,11,60.4,49.92,32.47,38.11,50.7,41.3,1,Pescara 2-1 Palermo,2026-03-01
Frosinone,2.66,3.26,-0.6,2.41,3.08,-0.67,0.25,0.18,0.07,2.66,3.26,-0.6,2,2,0,0.6,50.7,51.48,52.68,1.54,1.21,194,20,22,22,14.29,18.18,7.06,3,2,28,9,17,106.1,44.79,29.4,47.42,104.4,42.84,0,Catanzaro 2-2 Frosinone,2026-03-01
Catanzaro,3.26,2.66,0.6,3.08,2.41,0.67,0.18,0.25,-0.07,3.26,2.66,0.6,2,2,0,-0.6,49.3,48.52,48.71,1.21,1.54,167,23,22,22,18.18,14.29,6.69,2,3,14,3,16,130.8,55.21,32.6,52.58,139.3,57.16,4,Catanzaro 2-2 Frosinone,2026-03-01
Juve Stabia,0.23,0.79,-0.56,0.23,0.78,-0.55,0.0,0.01,-0.01,0.23,0.79,-0.56,0,0,0,0.56,55.3,34.88,44.41,0.13,0.21,184,3,5,11,38.46,52.38,8.83,3,1,12,2,17,28.7,16.19,64.33,49.39,29.8,16.45,2,Avellino 0-0 Juve Stabia,2026-02-28
Avellino,0.79,0.23,0.56,0.78,0.23,0.55,0.01,0.0,0.01,0.79,0.23,0.56,0,0,0,-0.56,44.7,65.12,50.31,0.21,0.13,224,6,11,5,52.38,38.46,13.64,1,3,27,6,21,148.6,83.81,65.93,50.61,151.3,83.55,1,Avellino 0-0 Juve Stabia,2026-02-28
Reggiana,0.29,2.17,-1.88,0.28,2.05,-1.77,0.01,0.12,-0.11,0.29,2.17,-1.88,1,0,1,2.88,34.7,31.01,39.35,0.18,0.99,74,3,7,22,38.89,22.22,10.1,4,7,6,1,21,28.2,13.2,87.4,87.75,46.5,33.0,2,Spezia 0-1 Reggiana,2026-02-28
Spezia,2.17,0.29,1.88,2.05,0.28,1.77,0.12,0.01,0.11,2.17,0.29,1.88,0,1,-1,-2.88,65.3,68.99,50.63,0.99,0.18,262,24,22,7,22.22,38.89,6.39,7,4,33,7,14,185.4,86.8,12.2,12.25,94.4,67.0,0,Spezia 0-1 Reggiana,2026-02-28
Venezia,1.82,1.3,0.52,1.47,0.95,0.52,0.35,0.34,0.01,1.82,1.3,0.52,1,1,0,-0.52,63.3,47.27,44.79,0.75,0.58,178,15,12,12,16.0,20.69,9.42,3,7,11,5,13,83.8,55.24,0.4,0.36,51.97,26.0,0,Südtirol 1-1 Venezia,2026-02-28
Südtirol,1.3,1.82,-0.52,0.95,1.47,-0.52,0.34,0.35,-0.01,1.3,1.82,-0.52,1,1,0,0.52,36.7,52.73,53.97,0.58,0.75,142,19,12,12,20.69,16.0,10.51,7,3,21,6,13,67.9,44.76,110.27,99.64,147.93,74.0,3,Südtirol 1-1 Venezia,2026-02-28
Padova,0.55,0.64,-0.09,0.23,0.57,-0.34,0.32,0.07,0.25,0.55,0.64,-0.09,2,1,1,1.09,39.8,33.33,47.51,0.14,0.94,150,6,6,12,42.86,12.77,12.68,1,1,7,3,13,32.2,16.0,88.2,78.24,74.37,66.72,0,Modena 1-2 Padova,2026-02-28
Modena,0.64,0.55,0.09,0.57,0.23,0.34,0.07,0.32,-0.25,0.64,0.55,0.09,1,2,-1,-1.09,60.2,66.67,54.35,0.94,0.14,325,19,12,6,12.77,42.86,9.82,1,1,34,5,13,169.0,84.0,24.53,21.76,37.1,33.28,5,Modena 1-2 Padova,2026-02-28
Cesena,0.87,2.94,-2.07,0.81,1.38,-0.57,0.06,1.56,-1.5,0.87,2.94,-2.07,1,1,0,2.07,35.5,24.76,42.6,0.71,0.62,108,12,8,28,11.27,45.16,18.5,3,6,9,1,16,13.4,5.94,85.33,80.91,32.57,19.62,1,Empoli 1-1 Cesena,2026-02-28
Empoli,2.94,0.87,2.07,1.38,0.81,0.57,1.56,0.06,1.5,2.94,0.87,2.07,1,1,0,-2.07,64.5,75.24,53.77,0.62,0.71,360,15,28,8,45.16,11.27,8.26,6,3,43,13,7,212.0,94.06,20.13,19.09,133.47,80.38,2,Empoli 1-1 Cesena,2026-02-28
Bari,1.49,1.45,0.04,1.47,0.73,0.74,0.03,0.72,-0.69,1.49,1.45,0.04,2,0,2,1.96,27.2,25.66,47.13,0.73,1.37,103,12,13,19,17.81,13.87,12.61,4,5,11,3,20,43.8,18.3,160.27,99.26,120.63,66.39,0,Sampdoria 0-2 Bari,2026-02-27
Sampdoria,1.45,1.49,-0.04,0.73,1.47,-0.74,0.72,0.03,0.69,1.45,1.49,-0.04,0,2,-2,-1.96,72.8,74.34,50.37,1.37,0.73,338,20,19,13,13.87,17.81,5.9,5,4,39,9,10,195.6,81.7,1.2,0.74,61.07,33.61,3,Sampdoria 0-2 Bari,2026-02-27
Virtus Entella,0.37,3.48,-3.11,0.37,3.48,-3.11,0.0,0.0,0.0,0.37,3.48,-3.11,0,2,-2,1.11,38.8,28.83,42.63,0.41,1.79,123,7,7,21,17.07,11.73,10.75,6,4,20,2,14,17.9,7.26,84.93,78.02,19.7,9.48,0,Monza 2-0 Virtus Entella,2026-02-27
Monza,3.48,0.37,3.11,3.48,0.37,3.11,0.0,0.0,0.0,3.48,0.37,3.11,2,0,2,-1.11,61.2,71.17,54.58,1.79,0.41,323,21,21,7,11.73,17.07,9.67,4,6,22,1,12,228.5,92.74,23.93,21.98,188.1,90.52,0,Monza 2-0 Virtus Entella,2026-02-27
Avellino,0.89,0.95,-0.06,0.89,0.95,-0.06,0.0,0.0,0.0,0.89,0.95,-0.06,1,1,0,0.06,52.7,61.54,49.62,0.4,0.3,240,6,7,9,17.5,30.0,8.71,10,4,35,8,15,81.7,65.62,55.67,47.26,90.77,57.78,0,Reggiana 1-1 Avellino,2026-02-22
Reggiana,0.95,0.89,0.06,0.95,0.89,0.06,0.0,0.0,0.0,0.95,0.89,0.06,1,1,0,-0.06,47.3,38.46,46.66,0.3,0.4,193,3,9,7,30.0,17.5,17.71,4,10,8,1,10,42.8,34.38,62.13,52.74,66.33,42.22,1,Reggiana 1-1 Avellino,2026-02-22
Modena,1.0,2.32,-1.32,0.98,0.85,0.13,0.02,0.71,-0.69,1.0,1.56,-0.56,2,1,1,2.32,35.1,36.71,47.08,0.52,0.76,124,9,9,23,17.31,30.26,12.23,2,1,11,3,21,33.3,15.65,84.27,85.58,80.17,54.88,2,Juve Stabia 1-2 Modena,2026-02-22
Juve Stabia,2.32,1.0,1.32,0.85,0.98,-0.13,0.71,0.02,0.69,1.56,1.0,0.56,1,2,-1,-2.32,64.9,63.29,49.02,0.76,0.52,248,22,23,9,30.26,17.31,7.29,1,2,37,19,17,179.5,84.35,14.2,14.42,65.9,45.12,5,Juve Stabia 1-2 Modena,2026-02-22
Monza,0.97,0.64,0.33,0.94,0.53,0.41,0.03,0.11,-0.08,0.97,0.64,0.33,1,0,1,0.67,54.7,63.06,50.73,0.49,0.75,245,7,9,10,18.37,13.33,9.48,1,6,23,7,17,135.2,72.73,44.6,45.23,140.47,73.34,0,Carrarese 0-1 Monza,2026-02-21
Carrarese,0.64,0.97,-0.33,0.53,0.94,-0.41,0.11,0.03,0.08,0.64,0.97,-0.33,0,1,-1,-0.67,45.3,36.94,44.36,0.75,0.49,159,10,10,9,13.33,18.37,8.97,6,1,20,4,14,50.7,27.27,54.0,54.77,51.07,26.66,1,Carrarese 0-1 Monza,2026-02-21
Spezia,1.72,3.73,-2.01,1.72,3.66,-1.94,0.0,0.08,-0.08,1.72,3.73,-2.01,3,2,1,3.01,48.4,39.39,44.64,0.8,1.06,191,10,9,22,11.25,20.75,16.0,1,5,6,0,15,57.3,27.68,61.13,56.19,80.8,33.86,1,Cesena 2-3 Spezia,2026-02-21
Cesena,3.73,1.72,2.01,3.66,1.72,1.94,0.08,0.0,0.08,3.73,1.72,2.01,2,3,-1,-3.01,51.6,60.61,47.66,1.06,0.8,223,24,22,9,20.75,11.25,11.25,5,1,31,7,11,149.7,72.32,47.67,43.81,157.83,66.14,3,Cesena 2-3 Spezia,2026-02-21
Catanzaro,1.59,1.61,-0.02,1.53,1.48,0.05,0.05,0.13,-0.08,1.59,1.61,-0.02,3,1,2,2.02,47.4,37.91,43.56,0.81,0.78,135,13,12,16,14.81,20.51,11.34,5,3,12,3,9,52.4,26.42,38.8,45.18,55.97,32.52,5,Virtus Entella 1-3 Catanzaro,2026-02-21
Virtus Entella,1.61,1.59,0.02,1.48,1.53,-0.05,0.13,0.05,0.08,1.61,1.59,0.02,1,3,-2,-2.02,52.6,62.09,50.08,0.78,0.81,241,15,16,12,20.51,14.81,8.22,3,5,19,5,20,145.9,73.58,47.07,54.82,116.13,67.48,2,Virtus Entella 1-3 Catanzaro,2026-02-21
Pescara,2.92,2.97,-0.05,2.77,2.97,-0.2,0.15,0.0,0.15,2.92,2.97,-0.05,2,3,-1,-0.95,34.5,36.86,40.81,1.26,1.31,89,12,16,18,12.7,13.74,13.35,6,7,12,7,13,35.4,18.96,85.0,91.33,67.67,39.53,0,Venezia 3-2 Pescara,2026-02-21
Venezia,2.97,2.92,0.05,2.97,2.77,0.2,0.0,0.15,-0.15,2.97,2.92,0.05,3,2,1,0.95,65.5,63.14,46.09,1.31,1.26,213,23,18,16,13.74,12.7,5.92,7,6,8,6,16,151.3,81.04,8.07,8.67,103.53,60.47,0,Venezia 3-2 Pescara,2026-02-21
Südtirol,1.12,1.25,-0.13,1.07,0.43,0.64,0.05,0.05,0.0,1.12,0.49,0.63,0,3,-3,-2.87,59.5,61.77,48.6,1.11,0.69,213,20,14,14,12.61,20.29,8.06,7,6,20,3,11,134.4,74.92,20.73,31.48,83.7,44.46,7,Palermo 3-0 Südtirol,2026-02-21
Palermo,1.25,1.12,0.13,0.43,1.07,-0.64,0.05,0.05,0.0,0.49,1.12,-0.63,3,0,3,2.87,40.5,38.23,45.08,0.69,1.11,125,10,14,14,20.29,12.61,13.72,6,7,10,5,15,45.0,25.08,45.13,68.52,104.56,55.54,3,Palermo 3-0 Südtirol,2026-02-21
Bari,1.87,0.63,1.24,1.8,0.47,1.33,0.06,0.15,-0.09,1.87,0.63,1.24,1,1,0,-1.24,45.2,46.18,48.84,1.15,0.36,197,14,17,9,14.78,25.0,11.97,1,2,17,3,15,137.0,58.52,65.93,57.33,127.33,61.39,2,Padova 1-1 Bari,2026-02-21
Padova,0.63,1.87,-1.24,0.47,1.8,-1.33,0.15,0.06,0.09,0.63,1.87,-1.24,1,1,0,1.24,54.8,53.82,49.98,0.36,1.15,244,13,9,17,25.0,14.78,7.12,2,1,26,9,19,97.1,41.48,49.07,42.67,80.07,38.61,1,Padova 1-1 Bari,2026-02-21
Sampdoria,1.39,1.58,-0.19,1.29,1.34,-0.05,0.1,0.23,-0.13,1.39,1.58,-0.19,1,2,-1,-0.81,51.0,45.7,44.66,0.64,0.72,157,16,13,11,20.31,15.28,8.51,3,10,14,5,21,68.1,47.96,24.33,41.66,74.6,50.53,6,Mantova 2-1 Sampdoria,2026-02-21
Mantova,1.58,1.39,0.19,1.34,1.29,0.05,0.23,0.1,0.13,1.58,1.39,0.19,2,1,1,0.81,49.0,54.3,49.57,0.72,0.64,200,16,11,13,15.28,20.31,7.3,10,3,17,6,15,73.9,52.04,34.07,58.34,73.03,49.47,2,Mantova 2-1 Sampdoria,2026-02-21
Empoli,3.7,1.97,1.73,3.7,1.28,2.42,0.0,0.69,-0.69,3.7,1.97,1.73,2,2,0,-1.73,37.3,33.77,46.91,0.82,0.76,123,13,13,28,15.85,36.84,8.87,6,4,10,3,18,38.8,17.86,62.47,89.76,69.97,34.1,2,Frosinone 2-2 Empoli,2026-02-20
Frosinone,1.97,3.7,-1.73,1.28,3.7,-2.42,0.69,0.0,0.69,1.97,3.7,-1.73,2,2,0,1.73,62.7,66.23,53.4,0.76,0.82,261,20,28,13,36.84,15.85,7.6,4,6,30,6,6,178.4,82.14,7.13,10.24,135.23,65.9,6,Frosinone 2-2 Empoli,2026-02-20
Pescara,0.85,1.48,-0.63,0.85,1.37,-0.52,0.0,0.11,-0.11,0.85,1.48,-0.63,1,0,1,1.63,40.5,43.51,45.83,0.34,0.6,142,15,16,11,47.06,18.33,8.98,9,9,16,4,18,67.8,43.66,84.47,81.27,105.3,66.56,1,Avellino 0-1 Pescara,2026-02-15
Avellino,1.48,0.85,0.63,1.37,0.85,0.52,0.11,0.0,0.11,1.48,0.85,0.63,0,1,-1,-1.63,59.5,56.49,43.96,0.6,0.34,181,7,11,16,18.33,47.06,6.21,9,9,32,6,17,87.5,56.34,19.47,18.73,52.9,33.44,1,Avellino 0-1 Pescara,2026-02-15
Reggiana,1.1,1.44,-0.34,0.34,1.17,-0.83,0.0,0.28,-0.28,0.34,1.44,-1.1,1,1,0,0.34,29.7,24.37,44.78,0.21,0.65,86,3,5,19,23.81,29.23,18.14,0,4,3,1,16,13.5,5.74,99.93,93.28,54.67,29.84,0,Empoli 1-1 Reggiana,2026-02-15
Empoli,1.44,1.1,0.34,1.17,0.34,0.83,0.28,0.0,0.28,1.44,0.34,1.1,1,1,0,-0.34,70.3,75.63,53.9,0.65,0.21,324,11,19,5,29.23,23.81,5.97,4,0,44,12,13,221.6,94.26,7.2,6.72,128.53,70.16,3,Empoli 1-1 Reggiana,2026-02-15
Frosinone,2.61,0.63,1.98,1.65,0.63,1.02,0.96,0.0,0.96,2.61,0.63,1.98,2,0,2,0.02,50.4,64.36,51.36,0.63,0.65,191,14,15,6,23.81,9.23,7.83,3,4,24,11,16,126.3,70.8,58.47,79.58,175.97,86.78,4,Spezia 0-2 Frosinone,2026-02-15
Spezia,0.63,2.61,-1.98,0.63,1.65,-1.02,0.0,0.96,-0.96,0.63,2.61,-1.98,0,2,-2,-0.02,49.6,35.64,43.91,0.65,0.63,129,11,6,15,9.23,23.81,6.71,4,3,17,2,15,52.1,29.2,15.0,20.42,26.8,13.22,2,Spezia 0-2 Frosinone,2026-02-15
Juve Stabia,2.58,1.65,0.93,2.34,1.44,0.9,0.24,0.22,0.02,2.58,1.65,0.93,1,2,-1,-1.93,50.8,44.35,44.8,0.4,0.61,217,8,14,13,35.0,21.31,12.71,4,11,18,7,10,79.3,35.17,63.0,39.69,67.53,34.0,5,Monza 2-1 Juve Stabia,2026-02-15
Monza,1.65,2.58,-0.93,1.44,2.34,-0.9,0.22,0.24,-0.02,1.65,2.58,-0.93,2,1,1,1.93,49.2,55.65,48.7,0.61,0.4,246,14,13,14,21.31,35.0,10.0,11,4,22,5,12,146.2,64.83,95.73,60.31,131.07,66.0,0,Monza 2-1 Juve Stabia,2026-02-15
Südtirol,2.68,0.63,2.05,2.68,0.48,2.2,0.0,0.15,-0.15,2.68,0.63,2.05,2,1,1,-1.05,46.1,64.27,55.87,1.43,0.44,237,20,19,12,13.29,27.27,14.07,7,0,21,5,17,176.1,76.47,85.53,87.28,221.37,86.72,3,Bari 1-2 Südtirol,2026-02-15
Bari,0.63,2.68,-2.05,0.48,2.68,-2.2,0.15,0.0,0.15,0.63,2.68,-2.05,1,2,-1,1.05,53.9,35.73,41.58,0.44,1.43,160,7,12,19,27.27,13.29,7.75,0,7,22,3,12,54.2,23.53,12.47,12.72,33.9,13.28,1,Bari 1-2 Südtirol,2026-02-15
Venezia,2.24,0.98,1.26,1.46,0.85,0.61,0.02,0.13,-0.11,1.48,0.98,0.5,4,0,4,2.74,66.5,66.89,49.33,1.02,0.61,326,18,14,11,13.73,18.03,9.92,3,4,14,5,14,159.9,82.89,5.07,3.86,91.1,65.13,0,Cesena 0-4 Venezia,2026-02-14
Cesena,0.98,2.24,-1.26,0.85,1.46,-0.61,0.13,0.02,0.11,0.98,1.48,-0.5,0,4,-4,-2.74,33.5,33.11,42.49,0.61,1.02,126,12,11,14,18.03,13.73,18.37,4,3,15,5,11,33.0,17.11,126.13,96.14,48.77,34.87,0,Cesena 0-4 Venezia,2026-02-14
Mantova,2.08,0.97,1.11,1.9,0.97,0.93,0.18,0.0,0.18,2.08,0.97,1.11,0,2,-2,-3.11,57.4,75.79,54.27,0.95,0.42,284,20,18,4,18.95,9.52,6.8,4,1,25,11,18,198.1,92.87,48.93,56.07,183.5,84.77,1,Catanzaro 2-0 Mantova,2026-02-14
Catanzaro,0.97,2.08,-1.11,0.97,1.9,-0.93,0.0,0.18,-0.18,0.97,2.08,-1.11,2,0,2,3.11,42.6,24.21,39.81,0.42,0.95,90,2,4,18,9.52,18.95,10.35,1,4,4,2,16,15.2,7.13,38.33,43.93,32.97,15.23,1,Catanzaro 2-0 Mantova,2026-02-14
Padova,0.3,2.18,-1.88,0.3,1.1,-0.8,0.0,0.32,-0.32,0.3,1.42,-1.12,0,1,-1,0.88,48.7,44.07,44.95,0.55,0.77,177,4,4,12,7.27,15.58,12.39,3,3,13,1,20,46.3,26.64,35.07,41.62,25.27,14.77,0,Sampdoria 1-0 Padova,2026-02-14
Sampdoria,2.18,0.3,1.88,1.1,0.3,0.8,0.32,0.0,0.32,1.42,0.3,1.12,1,0,1,-0.88,51.3,55.93,47.03,0.77,0.55,200,19,12,4,15.58,7.27,9.79,3,3,20,5,12,127.5,73.36,49.2,58.38,145.8,85.23,3,Sampdoria 1-0 Padova,2026-02-14
Virtus Entella,1.34,0.87,0.47,0.97,0.74,0.23,0.38,0.12,0.26,1.34,0.87,0.47,0,3,-3,-3.47,54.3,53.4,46.17,0.73,0.49,238,15,21,7,28.77,14.29,14.04,4,5,20,8,12,133.7,63.88,43.8,42.64,81.83,34.84,1,Palermo 3-0 Virtus Entella,2026-02-14
Palermo,0.87,1.34,-0.47,0.74,0.97,-0.23,0.12,0.38,-0.26,0.87,1.34,-0.47,3,0,3,3.47,45.7,46.6,45.6,0.49,0.73,179,8,7,21,14.29,28.77,13.59,5,4,18,3,10,75.6,36.12,58.93,57.36,153.04,65.16,2,Palermo 3-0 Virtus Entella,2026-02-14
Carrarese,0.94,1.15,-0.21,0.46,1.14,-0.68,0.48,0.02,0.46,0.94,1.15,-0.21,0,2,-2,-1.79,49.8,31.16,41.52,0.55,0.98,139,9,13,13,23.64,13.27,7.43,1,3,11,5,13,45.7,27.38,19.27,22.1,30.37,14.08,0,Modena 2-0 Carrarese,2026-02-14
Modena,1.15,0.94,0.21,1.14,0.46,0.68,0.02,0.48,-0.46,1.15,0.94,0.21,2,0,2,1.79,50.2,68.84,52.14,0.98,0.55,217,11,13,13,13.27,23.64,11.77,3,1,29,6,16,121.2,72.62,67.93,77.9,185.33,85.92,2,Modena 2-0 Carrarese,2026-02-14
Juve Stabia,0.6,1.44,-0.84,0.58,1.18,-0.6,0.02,0.26,-0.24,0.6,1.44,-0.84,2,1,1,1.84,56.2,44.04,41.91,0.43,0.65,163,7,9,12,20.93,18.46,8.78,2,3,11,3,9,71.2,38.44,25.0,20.28,45.07,21.04,3,Empoli 1-2 Juve Stabia,2026-02-11
Empoli,1.44,0.6,0.84,1.18,0.58,0.6,0.26,0.02,0.24,1.44,0.6,0.84,1,2,-1,-1.84,43.8,55.96,48.92,0.65,0.43,198,13,12,9,18.46,20.93,14.58,3,2,26,5,21,114.0,61.56,98.27,79.72,169.13,78.96,2,Empoli 1-2 Juve Stabia,2026-02-11
Spezia,2.15,1.7,0.45,1.72,1.62,0.1,0.43,0.07,0.36,2.15,1.7,0.45,0,0,0,-0.45,48.0,50.78,51.09,0.88,0.93,216,14,18,21,20.45,22.58,14.0,6,3,26,10,10,109.0,46.96,53.13,57.42,113.53,49.92,1,Bari 0-0 Spezia,2026-02-11
Bari,1.7,2.15,-0.45,1.62,1.72,-0.1,0.07,0.43,-0.36,1.7,2.15,-0.45,0,0,0,0.45,52.0,49.22,49.94,0.93,0.88,214,16,21,18,22.58,20.45,10.28,3,6,16,5,12,123.1,53.04,39.4,42.58,113.9,50.08,1,Bari 0-0 Spezia,2026-02-11
Frosinone,2.49,1.38,1.11,2.38,0.97,1.41,0.11,0.41,-0.3,2.49,1.38,1.11,3,1,2,0.89,40.0,49.2,50.13,0.55,1.01,170,10,16,15,29.09,14.85,9.85,9,2,13,4,14,83.1,46.27,86.47,93.51,167.5,92.22,3,Avellino 1-3 Frosinone,2026-02-11
Avellino,1.38,2.49,-1.11,0.97,2.38,-1.41,0.41,0.11,0.3,1.38,2.49,-1.11,1,3,-2,-0.89,60.0,50.8,44.72,1.01,0.55,202,15,15,16,14.85,29.09,8.82,2,9,28,6,13,96.5,53.73,6.0,6.49,14.13,7.78,1,Avellino 1-3 Frosinone,2026-02-11
Monza,0.48,1.09,-0.61,0.28,1.05,-0.77,0.2,0.04,0.16,0.48,1.09,-0.61,0,0,0,0.61,57.3,38.51,41.99,0.68,0.59,174,8,7,10,10.29,16.95,6.24,5,8,10,3,19,48.9,30.52,11.07,11.24,19.87,11.13,0,Südtirol 0-0 Monza,2026-02-11
Südtirol,1.09,0.48,0.61,1.05,0.28,0.77,0.04,0.2,-0.16,1.09,0.48,0.61,0,0,0,-0.61,42.7,61.49,52.64,0.59,0.68,202,14,10,7,16.95,10.29,9.33,8,5,20,5,17,111.3,69.48,87.4,88.76,158.6,88.87,4,Südtirol 0-0 Monza,2026-02-11
Cesena,1.64,0.97,0.67,1.45,0.57,0.88,0.2,0.4,-0.2,1.64,0.97,0.67,1,3,-2,-2.67,65.9,67.39,46.91,1.03,0.25,270,14,17,11,16.5,44.0,7.85,1,3,26,5,13,168.3,80.76,10.8,7.87,89.17,45.65,1,Virtus Entella 3-1 Cesena,2026-02-10
Virtus Entella,0.97,1.64,-0.67,0.57,1.45,-0.88,0.4,0.2,0.2,0.97,1.64,-0.67,3,1,2,2.67,34.1,32.61,47.08,0.25,1.03,136,11,11,17,44.0,16.5,15.32,3,1,16,5,12,40.1,19.24,126.47,92.13,106.17,54.35,0,Virtus Entella 3-1 Cesena,2026-02-10
Modena,3.22,1.72,1.5,2.42,1.54,0.88,0.8,0.18,0.62,3.22,1.72,1.5,2,0,2,0.5,35.6,39.81,46.32,0.81,1.6,151,10,13,17,16.05,10.62,10.93,4,0,13,5,15,20.2,14.11,142.33,98.53,144.87,90.18,2,Venezia 0-2 Modena,2026-02-10
Venezia,1.72,3.22,-1.5,1.54,2.42,-0.88,0.18,0.8,-0.62,1.72,3.22,-1.5,0,2,-2,-0.5,64.4,60.19,46.68,1.6,0.81,256,15,17,13,10.62,16.05,7.21,0,4,15,1,23,123.0,85.89,2.13,1.47,15.77,9.82,0,Venezia 0-2 Modena,2026-02-10
Mantova,0.62,0.9,-0.28,0.55,0.33,0.22,0.07,0.57,-0.5,0.62,0.9,-0.28,0,1,-1,-0.72,69.9,72.75,54.27,0.66,0.41,373,10,11,11,16.67,26.83,8.0,4,0,25,3,12,203.5,86.78,5.33,4.5,120.27,63.67,2,Reggiana 1-0 Mantova,2026-02-10
Reggiana,0.9,0.62,0.28,0.33,0.55,-0.22,0.57,0.07,0.5,0.9,0.62,0.28,1,0,1,0.72,30.1,27.25,43.38,0.41,0.66,96,7,11,11,26.83,16.67,17.68,0,4,15,5,16,31.0,13.22,113.2,95.5,68.63,36.33,2,Reggiana 1-0 Mantova,2026-02-10
Catanzaro,2.63,2.37,0.26,2.63,1.43,1.2,0.0,0.94,-0.94,2.63,2.37,0.26,2,0,2,1.74,43.2,28.46,40.87,0.45,0.94,116,10,14,20,31.11,21.28,9.42,2,9,10,3,19,47.7,20.83,60.47,66.11,55.1,37.37,1,Pescara 0-2 Catanzaro,2026-02-10
Pescara,2.37,2.63,-0.26,1.43,2.63,-1.2,0.94,0.0,0.94,2.37,2.63,-0.26,0,2,-2,-1.74,56.8,71.54,51.65,0.94,0.45,261,18,20,14,21.28,31.11,6.34,9,2,18,7,22,181.3,79.17,31.0,33.89,92.33,62.63,0,Pescara 0-2 Catanzaro,2026-02-10
Carrarese,1.65,1.13,0.52,1.47,1.11,0.36,0.18,0.02,0.16,1.65,1.13,0.52,0,1,-1,-1.52,64.1,71.62,52.51,0.78,0.41,301,23,22,13,28.21,31.71,7.64,4,5,34,8,10,223.3,88.72,32.0,27.46,175.0,81.73,2,Padova 1-0 Carrarese,2026-02-10
Padova,1.13,1.65,-0.52,1.11,1.47,-0.36,0.02,0.18,-0.16,1.13,1.65,-0.52,1,0,1,1.52,35.9,28.38,42.07,0.41,0.78,106,7,13,22,31.71,28.21,10.2,5,4,10,3,18,28.4,11.28,84.53,72.54,39.13,18.27,1,Padova 1-0 Carrarese,2026-02-10
Palermo,1.02,1.83,-0.81,0.75,1.46,-0.71,0.27,0.37,-0.1,1.02,1.83,-0.81,3,3,0,0.81,53.9,53.67,46.69,0.58,0.67,190,10,16,13,27.59,19.4,8.78,4,3,26,4,21,101.8,54.38,38.07,43.42,72.09,31.14,4,Sampdoria 3-3 Palermo,2026-02-10
Sampdoria,1.83,1.02,0.81,1.46,0.75,0.71,0.37,0.27,0.1,1.83,1.02,0.81,3,3,0,-0.81,46.1,46.33,46.61,0.67,0.58,158,10,13,16,19.4,27.59,15.21,3,4,12,3,12,85.4,45.62,49.6,56.58,159.39,68.86,1,Sampdoria 3-3 Palermo,2026-02-10
Avellino,0.58,4.61,-4.03,0.58,1.63,-1.05,0.0,2.22,-2.22,0.58,3.85,-3.27,1,2,-1,3.03,42.4,30.09,42.18,0.23,1.12,135,3,3,33,13.04,29.46,12.54,4,8,8,2,14,24.2,7.59,47.53,60.68,20.37,7.56,0,Monza 2-1 Avellino,2026-02-08
Monza,4.61,0.58,4.03,1.63,0.58,1.05,2.22,0.0,2.22,3.85,0.58,3.27,2,1,1,-3.03,57.6,69.91,55.69,1.12,0.23,315,28,33,3,29.46,13.04,8.72,8,4,36,15,10,294.7,92.41,30.8,39.32,248.93,92.44,2,Monza 2-1 Avellino,2026-02-08
Virtus Entella,0.41,0.55,-0.14,0.22,0.21,0.01,0.19,0.34,-0.15,0.41,0.55,-0.14,1,1,0,0.14,38.3,40.65,50.66,0.23,0.79,157,7,11,11,47.83,13.92,19.28,3,8,16,6,11,37.7,21.47,55.27,75.51,43.0,27.95,1,Spezia 1-1 Virtus Entella,2026-02-07
Spezia,0.55,0.41,0.14,0.21,0.22,-0.01,0.34,0.19,0.15,0.55,0.41,0.14,1,1,0,-0.14,61.7,59.35,52.65,0.79,0.23,262,12,11,11,13.92,47.83,5.56,8,3,30,6,14,137.9,78.53,17.93,24.49,110.87,72.05,1,Spezia 1-1 Virtus Entella,2026-02-07
Empoli,1.09,1.75,-0.66,0.93,0.99,-0.06,0.17,0.0,0.17,1.09,0.99,0.1,2,3,-1,-0.34,42.2,49.28,49.63,0.48,0.64,145,13,17,13,35.42,20.31,9.57,4,2,20,5,16,86.8,53.91,85.73,89.43,178.17,84.75,3,Palermo 3-2 Empoli,2026-02-07
Palermo,1.75,1.09,0.66,0.99,0.93,0.06,0.0,0.17,-0.17,0.99,1.09,-0.1,3,2,1,0.34,57.8,50.72,44.4,0.64,0.48,175,9,13,17,20.31,35.42,5.85,2,4,17,3,19,74.2,46.09,10.13,10.57,32.07,15.25,2,Palermo 3-2 Empoli,2026-02-07
Sampdoria,0.63,2.35,-1.72,0.63,2.3,-1.67,0.0,0.05,-0.05,0.63,2.35,-1.72,2,1,1,2.72,44.9,33.23,42.11,0.49,1.58,138,12,9,19,18.37,12.03,10.23,6,4,7,1,18,38.6,20.44,45.6,53.44,41.83,24.08,2,Modena 1-2 Sampdoria,2026-02-07
Modena,2.35,0.63,1.72,2.3,0.63,1.67,0.05,0.0,0.05,2.35,0.63,1.72,1,2,-1,-2.72,55.1,66.77,52.21,1.58,0.49,277,19,19,9,12.03,18.37,7.88,4,6,26,4,21,150.2,79.56,39.73,46.56,131.87,75.92,2,Modena 1-2 Sampdoria,2026-02-07
Bari,0.44,2.33,-1.89,0.44,2.24,-1.8,0.0,0.09,-0.09,0.44,2.33,-1.89,1,2,-1,0.89,35.2,20.86,39.87,0.11,1.13,79,2,3,16,27.27,14.16,8.1,5,6,9,1,28,1.5,0.64,68.13,81.05,13.63,6.66,0,Mantova 2-1 Bari,2026-02-07
Mantova,2.33,0.44,1.89,2.24,0.44,1.8,0.09,0.0,0.09,2.33,0.44,1.89,2,1,1,-0.89,64.8,79.14,54.95,1.13,0.11,291,18,16,3,14.16,27.27,5.3,6,5,27,7,20,231.2,99.36,15.93,18.95,191.13,93.34,3,Mantova 2-1 Bari,2026-02-07
Padova,1.46,1.99,-0.53,1.29,1.19,0.1,0.17,0.04,0.13,1.46,1.23,0.23,3,3,0,0.53,53.1,47.95,42.11,0.43,0.42,157,5,8,13,18.6,30.95,9.91,3,5,18,4,12,76.6,45.51,45.47,35.26,61.77,30.69,0,Juve Stabia 3-3 Padova,2026-02-07
Juve Stabia,1.99,1.46,0.53,1.19,1.29,-0.1,0.04,0.17,-0.13,1.23,1.46,-0.23,3,3,0,-0.53,46.9,52.05,45.44,0.42,0.43,168,8,13,8,30.95,18.6,8.61,5,3,7,1,24,91.7,54.49,83.47,64.74,139.53,69.31,6,Juve Stabia 3-3 Padova,2026-02-07
Venezia,1.42,1.82,-0.4,1.42,1.71,-0.29,0.0,0.11,-0.11,1.42,1.82,-0.4,2,1,1,1.4,56.5,49.5,47.62,1.06,1.05,173,19,15,20,14.15,19.05,5.33,4,9,12,2,15,115.3,54.57,12.33,19.31,86.53,40.79,2,Frosinone 1-2 Venezia,2026-02-07
Frosinone,1.82,1.42,0.4,1.71,1.42,0.29,0.11,0.0,0.11,1.82,1.42,0.4,1,2,-1,-1.4,43.5,50.5,49.99,1.05,1.06,146,18,20,15,19.05,14.15,6.44,9,4,26,6,17,96.0,45.43,51.53,80.69,125.63,59.21,4,Frosinone 1-2 Venezia,2026-02-07
Reggiana,2.11,1.68,0.43,2.11,1.68,0.43,0.0,0.0,0.0,2.11,1.68,0.43,0,2,-2,-2.43,43.2,49.43,46.02,1.35,0.5,161,14,15,14,11.11,28.0,10.64,4,4,24,10,20,53.2,36.92,74.07,65.86,49.8,24.61,2,Catanzaro 2-0 Reggiana,2026-02-07
Catanzaro,1.68,2.11,-0.43,1.68,2.11,-0.43,0.0,0.0,0.0,1.68,2.11,-0.43,2,0,2,2.43,56.8,50.57,44.18,0.5,1.35,197,8,14,15,28.0,11.11,11.11,4,4,10,2,11,90.9,63.08,38.4,34.14,152.57,75.39,1,Catanzaro 2-0 Reggiana,2026-02-07
Südtirol,1.39,0.89,0.5,0.95,0.79,0.16,0.44,0.11,0.33,1.39,0.89,0.5,0,0,0,-0.5,38.5,60.52,55.8,0.92,0.48,213,17,10,15,10.87,31.25,15.83,6,1,30,6,19,92.3,53.6,143.2,92.79,180.67,83.31,5,Carrarese 0-0 Südtirol,2026-02-07
Carrarese,0.89,1.39,-0.5,0.79,0.95,-0.16,0.11,0.44,-0.33,0.89,1.39,-0.5,0,0,0,0.5,61.5,39.48,43.32,0.48,0.92,200,12,15,10,31.25,10.87,10.81,1,6,22,5,5,79.9,46.4,11.13,7.21,36.2,16.69,0,Carrarese 0-0 Südtirol,2026-02-07
Pescara,1.96,2.15,-0.19,1.76,1.14,0.62,0.19,0.25,-0.06,1.96,1.39,0.57,0,2,-2,-1.81,64.0,66.23,49.61,0.68,0.59,298,11,20,15,29.41,25.42,8.47,3,2,25,6,11,169.3,75.89,14.67,11.35,95.03,48.41,0,Cesena 2-0 Pescara,2026-02-06
Cesena,2.15,1.96,0.19,1.14,1.76,-0.62,0.25,0.19,0.06,1.39,1.96,-0.57,2,0,2,1.81,36.0,33.77,43.5,0.59,0.68,138,12,15,20,25.42,29.41,15.23,2,3,10,5,15,53.8,24.11,114.6,88.65,101.27,51.59,0,Cesena 2-0 Pescara,2026-02-06
Monza,1.8,2.78,-0.98,1.36,1.32,0.04,0.44,0.71,-0.27,1.8,2.02,-0.22,2,1,1,1.98,61.7,69.76,52.55,0.67,0.46,311,17,19,19,28.36,41.3,8.85,10,3,23,9,9,203.5,75.23,25.0,24.07,162.9,66.55,0,Padova 1-2 Monza,2026-02-01
Padova,2.78,1.8,0.98,1.32,1.36,-0.04,0.71,0.44,0.27,2.02,1.8,0.22,1,2,-1,-1.98,38.3,30.24,43.76,0.46,0.67,138,8,19,19,41.3,28.36,12.94,3,10,14,3,16,67.0,24.77,78.87,75.93,81.87,33.45,0,Padova 1-2 Monza,2026-02-01
Juve Stabia,0.89,1.64,-0.75,0.89,1.54,-0.65,0.0,0.09,-0.09,0.89,1.64,-0.75,1,1,0,0.75,60.1,59.12,45.64,0.58,0.26,227,9,11,10,18.97,38.46,9.65,2,3,11,5,12,118.0,69.95,28.73,21.17,67.3,49.83,4,Reggiana 1-1 Juve Stabia,2026-02-01
Reggiana,1.64,0.89,0.75,1.54,0.89,0.65,0.09,0.0,0.09,1.64,0.89,0.75,1,1,0,-0.75,39.9,40.88,44.55,0.26,0.58,160,5,10,11,38.46,18.97,14.94,3,2,15,4,15,50.7,30.05,107.0,78.83,67.77,50.17,3,Reggiana 1-1 Juve Stabia,2026-02-01
Spezia,1.1,0.94,0.16,0.9,0.86,0.04,0.2,0.08,0.12,1.1,0.94,0.16,0,1,-1,-1.16,43.6,40.41,44.53,0.42,0.61,129,9,11,10,26.19,16.39,7.69,3,3,19,11,23,42.8,29.97,36.27,49.23,47.33,30.81,0,Sampdoria 1-0 Spezia,2026-01-31
Sampdoria,0.94,1.1,-0.16,0.86,0.9,-0.04,0.08,0.2,-0.12,0.94,1.1,-0.16,1,0,1,1.16,56.4,59.59,50.41,0.61,0.42,199,13,10,11,16.39,26.19,6.68,3,3,22,6,14,100.0,70.03,37.4,50.77,106.27,69.19,1,Sampdoria 1-0 Spezia,2026-01-31
Mantova,1.93,1.21,0.72,1.15,1.03,0.12,0.02,0.18,-0.16,1.17,1.21,-0.04,2,2,0,-0.72,45.2,55.94,55.11,0.37,0.43,169,9,14,12,37.84,27.91,5.8,5,5,16,6,17,95.8,57.54,49.0,69.28,113.2,67.98,1,Pescara 2-2 Mantova,2026-01-31
Pescara,1.21,1.93,-0.72,1.03,1.15,-0.12,0.18,0.02,0.16,1.21,1.17,0.04,2,2,0,0.72,54.8,44.06,44.48,0.43,0.37,142,7,12,14,27.91,37.84,5.53,5,5,14,4,25,70.7,42.46,21.73,30.72,53.33,32.02,2,Pescara 2-2 Mantova,2026-01-31
Frosinone,1.21,2.5,-1.29,0.95,2.5,-1.55,0.26,0.0,0.26,1.21,2.5,-1.29,1,1,0,1.29,57.7,47.84,45.18,1.06,0.97,165,19,11,16,10.38,16.49,6.31,2,2,23,8,20,70.4,39.46,3.47,3.96,30.0,15.87,5,Virtus Entella 1-1 Frosinone,2026-01-31
Virtus Entella,2.5,1.21,1.29,2.5,0.95,1.55,0.0,0.26,-0.26,2.5,1.21,1.29,1,1,0,-1.29,42.3,52.16,52.94,0.97,1.06,145,21,16,11,16.49,10.38,9.14,2,2,20,3,18,108.0,60.54,84.07,96.04,159.0,84.13,0,Virtus Entella 1-1 Frosinone,2026-01-31
Carrarese,0.26,1.91,-1.65,0.14,1.84,-1.7,0.12,0.07,0.05,0.26,1.91,-1.65,1,2,-1,0.65,31.1,27.33,42.13,0.23,1.32,102,6,7,17,30.43,12.88,11.72,4,8,12,6,15,28.0,10.29,118.87,93.64,49.03,21.38,1,Venezia 2-1 Carrarese,2026-01-31
Venezia,1.91,0.26,1.65,1.84,0.14,1.7,0.07,0.12,-0.05,1.91,0.26,1.65,2,1,1,-0.65,68.9,72.67,51.11,1.32,0.23,329,16,17,7,12.88,30.43,5.34,8,4,17,3,19,244.1,89.71,8.07,6.36,180.33,78.62,0,Venezia 2-1 Carrarese,2026-01-31
Catanzaro,2.61,0.77,1.84,2.6,0.74,1.86,0.02,0.02,0.0,2.61,0.77,1.84,1,2,-1,-2.84,65.6,57.73,50.64,1.73,0.46,271,31,21,8,12.14,17.39,8.17,6,3,37,3,9,180.1,84.32,11.67,9.68,109.23,56.73,4,Südtirol 2-1 Catanzaro,2026-01-31
Südtirol,0.77,2.61,-1.84,0.74,2.6,-1.86,0.02,0.02,0.0,0.77,2.61,-1.84,2,1,1,2.84,34.4,42.27,51.29,0.46,1.73,144,13,8,21,17.39,12.14,12.33,3,6,16,1,15,33.5,15.68,108.93,90.32,83.3,43.27,5,Südtirol 2-1 Catanzaro,2026-01-31
Modena,1.28,1.02,0.26,1.28,0.89,0.39,0.0,0.13,-0.13,1.28,1.02,0.26,0,0,0,-0.26,54.2,63.35,51.88,1.11,0.42,247,19,13,9,11.71,21.43,9.34,5,2,29,4,13,140.1,76.89,30.27,41.65,131.43,74.25,2,Empoli 0-0 Modena,2026-01-31
Empoli,1.02,1.28,-0.26,0.89,1.28,-0.39,0.13,0.0,0.13,1.02,1.28,-0.26,0,0,0,0.26,45.8,36.65,43.63,0.42,1.11,154,8,9,13,21.43,11.71,14.12,2,5,26,5,10,42.1,23.11,42.4,58.35,45.57,25.75,2,Empoli 0-0 Modena,2026-01-31
Cesena,2.32,1.5,0.82,2.09,0.77,1.32,0.23,0.73,-0.5,2.32,1.5,0.82,1,3,-2,-2.82,50.7,53.45,49.76,0.76,0.57,278,13,11,11,14.47,19.3,13.67,3,3,24,4,14,98.9,60.01,41.87,43.22,82.7,40.7,1,Avellino 3-1 Cesena,2026-01-31
Avellino,1.5,2.32,-0.82,0.77,2.09,-1.32,0.73,0.23,0.5,1.5,2.32,-0.82,3,1,2,2.82,49.3,46.55,46.78,0.57,0.76,223,11,11,11,19.3,14.47,17.25,3,3,18,7,9,65.9,39.99,55.0,56.78,120.5,59.3,0,Avellino 3-1 Cesena,2026-01-31
Palermo,2.82,0.75,2.07,1.41,0.75,0.66,0.66,0.0,0.66,2.06,0.75,1.31,3,0,3,0.93,50.9,56.51,51.05,1.29,0.64,200,18,21,7,16.28,10.94,7.0,6,3,32,7,18,149.1,85.44,47.67,61.32,181.23,93.39,4,Bari 0-3 Palermo,2026-01-30
Bari,0.75,2.82,-2.07,0.75,1.41,-0.66,0.0,0.66,-0.66,0.75,2.06,-1.31,0,3,-3,-0.93,49.1,43.49,48.2,0.64,1.29,176,13,7,21,10.94,16.28,10.64,3,6,20,3,13,25.4,14.56,30.07,38.68,12.83,6.61,4,Bari 0-3 Palermo,2026-01-30
Sampdoria,1.01,1.59,-0.58,0.42,1.18,-0.76,0.59,0.4,0.19,1.01,1.59,-0.58,0,0,0,0.58,46.1,31.0,35.96,0.36,0.62,97,7,14,13,38.89,20.97,10.74,1,7,8,4,20,53.3,31.92,54.67,47.96,61.13,32.63,0,Catanzaro 0-0 Sampdoria,2026-01-25
Catanzaro,1.59,1.01,0.58,1.18,0.42,0.76,0.4,0.59,-0.19,1.59,1.01,0.58,0,0,0,-0.58,53.9,69.0,48.19,0.62,0.36,250,10,13,14,20.97,38.89,9.14,7,1,15,3,15,113.7,68.08,59.33,52.04,126.2,67.37,0,Catanzaro 0-0 Sampdoria,2026-01-25
Padova,1.09,3.18,-2.09,1.09,2.13,-1.04,0.0,0.29,-0.29,1.09,2.42,-1.33,0,3,-3,-0.91,52.4,37.74,44.11,0.96,2.14,174,11,13,22,13.54,10.28,11.08,1,5,17,3,17,67.8,27.9,12.13,14.84,23.07,7.79,0,Südtirol 3-0 Padova,2026-01-25
Südtirol,3.18,1.09,2.09,2.13,1.09,1.04,0.29,0.0,0.29,2.42,1.09,1.33,3,0,3,0.91,47.6,62.26,54.85,2.14,0.96,250,22,22,13,10.28,13.54,10.94,5,1,24,5,10,175.2,72.1,69.6,85.16,273.07,92.21,4,Südtirol 3-0 Padova,2026-01-25
Avellino,0.48,1.33,-0.85,0.46,1.33,-0.87,0.02,0.0,0.02,0.48,1.33,-0.85,0,1,-1,-0.15,58.3,54.75,43.1,0.52,0.42,179,9,11,12,21.15,28.57,7.55,7,4,29,9,14,88.1,54.18,22.2,16.98,68.47,29.7,1,Spezia 1-0 Avellino,2026-01-24
Spezia,1.33,0.48,0.85,1.33,0.46,0.87,0.0,0.02,-0.02,1.33,0.48,0.85,1,0,1,0.15,41.7,45.25,47.39,0.42,0.52,151,9,12,11,28.57,21.15,9.29,4,7,10,3,17,74.5,45.82,108.53,83.02,162.1,70.3,1,Spezia 1-0 Avellino,2026-01-24
Palermo,0.6,0.44,0.16,0.58,0.44,0.14,0.01,0.0,0.01,0.6,0.44,0.16,0,0,0,-0.16,53.5,55.23,47.39,0.42,0.39,205,7,3,9,7.14,23.08,8.69,6,3,16,4,17,64.7,56.75,28.07,27.39,53.23,38.74,4,Modena 0-0 Palermo,2026-01-24
Modena,0.44,0.6,-0.16,0.44,0.58,-0.14,0.0,0.01,-0.01,0.44,0.6,-0.16,0,0,0,0.16,46.5,44.77,46.66,0.39,0.42,175,6,9,3,23.08,7.14,10.66,3,6,14,2,17,49.3,43.25,74.4,72.61,84.17,61.26,1,Modena 0-0 Palermo,2026-01-24
Pescara,1.07,0.81,0.26,0.88,0.74,0.14,0.19,0.08,0.11,1.07,0.81,0.26,0,3,-3,-3.26,49.9,58.64,52.22,0.76,0.33,203,16,20,8,26.32,24.24,6.93,7,4,30,8,17,131.9,69.86,40.33,53.54,129.1,53.32,2,Monza 3-0 Pescara,2026-01-24
Monza,0.81,1.07,-0.26,0.74,0.88,-0.14,0.08,0.19,-0.11,0.81,1.07,-0.26,3,0,3,3.26,50.1,41.36,43.96,0.33,0.76,157,8,8,20,24.24,26.32,9.03,4,7,14,8,12,56.9,30.14,35.0,46.46,113.02,46.68,0,Monza 3-0 Pescara,2026-01-24
Venezia,3.78,0.45,3.33,3.31,0.45,2.86,0.47,0.0,0.47,3.78,0.45,3.33,5,2,3,-0.33,57.8,49.41,42.82,0.94,0.24,177,15,22,8,23.4,33.33,7.53,4,4,14,9,13,111.0,75.36,8.33,7.19,75.97,57.28,0,Mantova 2-5 Venezia,2026-01-24
Mantova,0.45,3.78,-3.33,0.45,3.31,-2.86,0.0,0.47,-0.47,0.45,3.78,-3.33,2,5,-3,0.33,42.2,50.59,50.66,0.24,0.94,162,6,8,22,33.33,23.4,12.79,4,4,16,3,13,36.3,24.64,107.53,92.81,56.67,42.72,4,Mantova 2-5 Venezia,2026-01-24
Virtus Entella,0.81,1.42,-0.61,0.76,1.25,-0.49,0.05,0.17,-0.12,0.81,1.42,-0.61,0,1,-1,-0.39,43.4,46.39,43.82,0.84,0.38,177,11,9,14,10.71,36.84,12.58,7,6,15,3,13,64.8,42.38,82.07,63.29,75.97,44.93,1,Juve Stabia 1-0 Virtus Entella,2026-01-24
Juve Stabia,1.42,0.81,0.61,1.25,0.76,0.49,0.17,0.05,0.12,1.42,0.81,0.61,1,0,1,0.39,56.6,53.61,44.18,0.38,0.84,195,10,14,9,36.84,10.71,12.81,6,7,11,4,12,88.1,57.62,47.6,36.71,93.1,55.07,5,Juve Stabia 1-0 Virtus Entella,2026-01-24
Reggiana,1.08,1.52,-0.44,0.61,1.51,-0.9,0.46,0.01,0.45,1.08,1.52,-0.44,0,1,-1,-0.56,41.5,32.08,44.16,0.44,1.05,113,9,11,15,25.0,14.29,9.24,1,5,16,2,15,61.4,27.23,38.6,51.38,49.53,23.1,3,Frosinone 1-0 Reggiana,2026-01-24
Frosinone,1.52,1.08,0.44,1.51,0.61,0.9,0.01,0.46,-0.45,1.52,1.08,0.44,1,0,1,0.56,58.5,67.92,55.75,1.05,0.44,262,28,15,11,14.29,25.0,6.42,5,1,27,7,18,164.1,72.77,36.53,48.62,164.87,76.9,3,Frosinone 1-0 Reggiana,2026-01-24
Bari,0.81,1.35,-0.54,0.81,0.89,-0.08,0.0,0.46,-0.46,0.81,1.35,-0.54,2,1,1,1.54,37.5,24.66,44.64,0.35,1.04,148,4,6,16,17.14,15.38,15.5,1,8,12,1,11,22.6,8.69,75.33,80.31,35.77,17.61,0,Cesena 1-2 Bari,2026-01-24
Cesena,1.35,0.81,0.54,0.89,0.81,0.08,0.46,0.0,0.46,1.35,0.81,0.54,1,2,-1,-1.54,62.5,75.34,54.03,1.04,0.35,335,17,16,6,15.38,17.14,9.12,8,1,47,16,10,237.6,91.31,18.47,19.69,167.3,82.39,1,Cesena 1-2 Bari,2026-01-24
Empoli,1.4,1.71,-0.31,1.3,1.59,-0.29,0.1,0.12,-0.02,1.4,1.71,-0.31,0,3,-3,-2.69,46.5,55.02,45.85,0.55,0.43,198,14,11,11,20.0,25.58,13.44,7,4,20,5,10,68.3,48.47,88.2,66.52,78.24,41.46,2,Carrarese 3-0 Empoli,2026-01-23
Carrarese,1.71,1.4,0.31,1.59,1.3,0.29,0.12,0.1,0.02,1.71,1.4,0.31,3,0,3,2.69,53.5,44.98,42.85,0.43,0.55,179,6,11,11,25.58,20.0,13.56,4,7,12,2,11,72.6,51.53,44.4,33.48,110.46,58.54,0,Carrarese 3-0 Empoli,2026-01-23
Spezia,1.4,2.19,-0.79,1.11,1.94,-0.83,0.29,0.25,0.04,1.4,2.19,-0.79,0,1,-1,-0.21,52.5,41.83,41.85,0.49,1.41,148,9,14,15,28.57,10.64,8.12,3,6,21,8,17,61.4,33.53,24.2,30.43,61.53,23.85,0,Palermo 1-0 Spezia,2026-01-18
Palermo,2.19,1.4,0.79,1.94,1.11,0.83,0.25,0.29,-0.04,2.19,1.4,0.79,1,0,1,0.21,47.5,58.17,49.49,1.41,0.49,177,20,15,14,10.64,28.57,9.51,6,3,25,9,18,121.7,66.47,55.33,69.57,196.47,76.15,3,Palermo 1-0 Spezia,2026-01-18
Modena,2.17,0.66,1.51,1.29,0.6,0.69,0.88,0.06,0.82,2.17,0.66,1.51,2,0,2,0.49,43.4,46.84,46.91,0.54,0.66,161,16,11,13,20.37,19.7,9.38,5,4,18,9,20,81.1,41.96,68.87,77.91,124.47,72.11,3,Pescara 0-2 Modena,2026-01-18
Pescara,0.66,2.17,-1.51,0.6,1.29,-0.69,0.06,0.88,-0.82,0.66,2.17,-1.51,0,2,-2,-0.49,56.6,53.16,45.88,0.66,0.54,199,10,13,11,19.7,20.37,7.53,4,5,15,4,17,112.2,58.04,19.53,22.09,48.13,27.89,1,Pescara 0-2 Modena,2026-01-18
Juve Stabia,2.44,0.39,2.05,1.6,0.35,1.25,0.07,0.04,0.03,1.68,0.39,1.29,1,0,1,-1.05,43.1,40.13,46.93,0.33,0.49,150,11,17,6,51.52,12.24,8.4,1,3,12,5,16,112.3,54.62,59.6,71.52,134.5,75.68,2,Bari 0-1 Juve Stabia,2026-01-17
Bari,0.39,2.44,-2.05,0.35,1.6,-1.25,0.04,0.07,-0.03,0.39,1.68,-1.29,0,1,-1,1.05,56.9,59.87,49.54,0.49,0.33,226,5,6,17,12.24,51.52,5.68,3,1,33,5,20,93.3,45.38,23.73,28.48,43.23,24.32,0,Bari 0-1 Juve Stabia,2026-01-17
Cesena,1.57,1.58,-0.01,0.81,0.93,-0.12,0.0,0.65,-0.65,0.81,1.58,-0.77,2,1,1,1.01,55.3,51.27,47.62,0.4,1.15,271,13,9,18,22.5,15.65,11.03,4,1,13,5,14,101.5,47.01,30.93,23.77,61.37,33.07,0,Reggiana 1-2 Cesena,2026-01-17
Reggiana,1.58,1.57,0.01,0.93,0.81,0.12,0.65,0.0,0.65,1.58,0.81,0.77,1,2,-1,-1.01,44.7,48.73,49.96,1.15,0.4,231,23,18,9,15.65,22.5,25.5,1,4,26,4,12,114.4,52.99,99.2,76.23,124.23,66.93,3,Reggiana 1-2 Cesena,2026-01-17
Catanzaro,0.34,4.29,-3.95,0.34,3.53,-3.19,0.0,0.0,0.0,0.34,3.53,-3.19,1,3,-2,1.95,32.2,23.81,39.84,0.16,1.08,74,7,5,23,31.25,21.3,13.48,0,5,4,1,15,21.2,6.82,108.27,89.33,38.03,15.79,1,Venezia 3-1 Catanzaro,2026-01-17
Venezia,4.29,0.34,3.95,3.53,0.34,3.19,0.0,0.0,0.0,3.53,0.34,3.19,3,1,2,-1.95,67.8,76.19,54.47,1.08,0.16,329,19,23,5,21.3,31.25,4.98,5,0,26,3,20,289.6,93.18,12.93,10.67,202.8,84.21,0,Venezia 3-1 Catanzaro,2026-01-17
Mantova,1.9,1.61,0.29,1.89,1.12,0.77,0.02,0.49,-0.47,1.9,1.61,0.29,2,1,1,0.71,41.9,48.12,53.58,0.8,0.75,204,16,16,20,20.0,26.67,9.57,2,4,11,2,20,113.0,46.95,70.53,78.43,152.67,73.82,2,Padova 1-2 Mantova,2026-01-17
Padova,1.61,1.9,-0.29,1.12,1.89,-0.77,0.49,0.02,0.47,1.61,1.9,-0.29,1,2,-1,-0.71,58.1,51.88,49.92,0.75,0.8,260,19,20,16,26.67,20.0,6.86,4,2,26,6,14,127.7,53.05,19.4,21.57,54.13,26.18,0,Padova 1-2 Mantova,2026-01-17
Frosinone,1.32,2.47,-1.15,0.98,2.17,-1.19,0.34,0.31,0.03,1.32,2.47,-1.15,2,2,0,1.15,42.2,37.1,45.13,0.59,0.69,123,10,9,18,15.25,26.09,7.8,1,5,13,5,21,48.8,20.8,62.4,77.23,63.47,29.04,0,Monza 2-2 Frosinone,2026-01-17
Monza,2.47,1.32,1.15,2.17,0.98,1.19,0.31,0.34,-0.03,2.47,1.32,1.15,2,2,0,-1.15,57.8,62.9,50.19,0.69,0.59,223,24,18,9,26.09,15.25,6.43,5,1,28,8,16,185.8,79.2,18.4,22.77,155.07,70.96,1,Monza 2-2 Frosinone,2026-01-17
Südtirol,0.36,0.52,-0.16,0.24,0.23,0.01,0.12,0.29,-0.17,0.36,0.52,-0.16,1,0,1,1.16,31.2,38.49,47.16,0.23,0.63,113,3,6,9,26.09,14.29,9.8,5,3,11,4,22,44.4,29.19,121.53,96.25,119.53,78.35,4,Empoli 0-1 Südtirol,2026-01-17
Empoli,0.52,0.36,0.16,0.23,0.24,-0.01,0.29,0.12,0.17,0.52,0.36,0.16,0,1,-1,-1.16,68.8,61.51,42.96,0.63,0.23,203,7,9,6,14.29,26.09,4.92,3,5,23,8,15,107.7,70.81,4.73,3.75,33.03,21.65,4,Empoli 0-1 Südtirol,2026-01-17
Carrarese,1.45,0.89,0.56,1.33,0.87,0.46,0.11,0.02,0.09,1.45,0.89,0.56,2,1,1,0.44,42.4,45.79,48.15,0.46,0.74,191,6,12,13,26.09,17.57,14.12,2,7,20,4,11,72.3,46.77,87.47,82.67,111.0,73.19,0,Avellino 1-2 Carrarese,2026-01-17
Avellino,0.89,1.45,-0.56,0.87,1.33,-0.46,0.02,0.11,-0.09,0.89,1.45,-0.56,1,2,-1,-0.44,57.6,54.21,44.94,0.74,0.46,236,7,13,12,17.57,26.09,8.55,7,2,21,6,14,82.3,53.23,18.33,17.33,40.67,26.81,0,Avellino 1-2 Carrarese,2026-01-17
Virtus Entella,0.8,0.93,-0.13,0.8,0.71,0.09,0.0,0.22,-0.22,0.8,0.93,-0.13,1,1,0,0.13,56.3,54.17,42.65,0.22,0.26,142,5,7,10,31.82,38.46,4.34,1,3,20,1,30,68.7,56.22,16.27,21.31,50.57,37.95,2,Sampdoria 1-1 Virtus Entella,2026-01-16
Sampdoria,0.93,0.8,0.13,0.71,0.8,-0.09,0.22,0.0,0.22,0.93,0.8,0.13,1,1,0,-0.13,43.7,45.83,45.92,0.26,0.22,137,7,10,7,38.46,31.82,6.83,3,1,19,9,25,53.5,43.78,60.07,78.69,82.67,62.05,1,Sampdoria 1-1 Virtus Entella,2026-01-16
Modena,2.96,1.25,1.71,2.26,1.19,1.07,0.69,0.06,0.63,2.96,1.25,1.71,0,2,-2,-3.71,63.8,71.83,54.38,2.0,0.44,347,29,32,8,16.0,18.18,9.7,2,4,42,12,13,290.1,91.54,8.53,10.65,223.67,83.15,0,Padova 2-0 Modena,2026-01-11
Padova,1.25,2.96,-1.71,1.19,2.26,-1.07,0.06,0.69,-0.63,1.25,2.96,-1.71,2,0,2,3.71,36.2,28.17,44.23,0.44,2.0,124,4,8,32,18.18,16.0,10.22,4,2,8,3,11,26.8,8.46,71.53,89.35,45.33,16.85,1,Padova 2-0 Modena,2026-01-11
Palermo,1.82,0.41,1.41,1.46,0.38,1.08,0.36,0.03,0.33,1.82,0.41,1.41,1,1,0,-1.41,36.1,40.21,46.2,0.84,0.57,147,15,18,7,21.43,12.28,14.68,5,3,17,6,18,103.5,55.62,141.4,98.88,210.07,95.73,1,Mantova 1-1 Palermo,2026-01-11
Mantova,0.41,1.82,-1.41,0.38,1.46,-1.08,0.03,0.36,-0.33,0.41,1.82,-1.41,1,1,0,1.41,63.9,59.79,44.64,0.57,0.84,263,9,7,18,12.28,21.43,12.38,3,5,16,3,7,82.6,44.38,1.6,1.12,9.37,4.27,3,Mantova 1-1 Palermo,2026-01-11
Empoli,2.26,3.0,-0.74,2.17,1.37,0.8,0.09,1.63,-1.54,2.26,3.0,-0.74,1,0,1,1.74,34.7,26.58,43.39,0.54,1.59,111,10,11,17,20.37,10.69,19.73,3,8,15,2,10,37.4,13.39,93.8,89.1,63.4,31.5,0,Cesena 0-1 Empoli,2026-01-10
Cesena,3.0,2.26,0.74,1.37,2.17,-0.8,1.63,0.09,1.54,3.0,2.26,0.74,0,1,-1,-1.74,65.3,73.42,51.08,1.59,0.54,340,27,17,11,10.69,20.37,9.31,8,3,38,12,7,241.9,86.61,11.47,10.9,137.87,68.5,2,Cesena 0-1 Empoli,2026-01-10
Pescara,1.81,3.25,-1.44,1.29,2.02,-0.73,0.51,0.46,0.05,1.81,2.49,-0.68,2,2,0,1.44,45.2,44.77,43.23,0.41,0.66,136,11,15,18,36.59,27.27,9.2,4,3,17,7,14,75.1,39.67,53.73,62.82,95.9,48.56,1,Juve Stabia 2-2 Pescara,2026-01-10
Juve Stabia,3.25,1.81,1.44,2.02,1.29,0.73,0.46,0.51,-0.05,2.49,1.81,0.68,2,2,0,-1.44,54.8,55.23,44.85,0.66,0.41,169,13,18,15,27.27,36.59,8.36,3,4,24,8,12,114.2,60.33,31.8,37.18,101.57,51.44,0,Juve Stabia 2-2 Pescara,2026-01-10
Monza,2.0,1.59,0.41,1.63,0.52,1.11,0.37,0.31,0.06,2.0,0.83,1.17,0,1,-1,-1.41,60.7,65.33,49.94,1.08,0.57,264,24,16,12,14.81,21.05,7.75,5,7,35,8,13,163.7,76.85,22.2,25.34,136.8,66.76,1,Virtus Entella 1-0 Monza,2026-01-10
Virtus Entella,1.59,2.0,-0.41,0.52,1.63,-1.11,0.31,0.37,-0.06,0.83,2.0,-1.17,1,0,1,1.41,39.3,34.67,43.5,0.57,1.08,131,16,12,16,21.05,14.81,12.77,7,5,18,4,14,49.3,23.15,65.4,74.66,68.1,33.24,1,Virtus Entella 1-0 Monza,2026-01-10
Spezia,1.0,0.93,0.07,0.82,0.82,0.0,0.18,0.11,0.07,1.0,0.93,0.07,1,2,-1,-1.07,61.8,55.71,49.92,0.84,0.75,271,8,12,10,14.29,13.33,7.16,1,7,27,4,11,106.9,58.48,6.73,5.87,47.6,26.11,2,Südtirol 2-1 Spezia,2026-01-10
Südtirol,0.93,1.0,-0.07,0.82,0.82,0.0,0.11,0.18,-0.07,0.93,1.0,-0.07,2,1,1,1.07,38.2,44.29,51.97,0.75,0.84,168,18,10,12,13.33,14.29,9.68,7,1,23,3,14,75.9,41.52,107.93,94.13,134.7,73.89,7,Südtirol 2-1 Spezia,2026-01-10
Venezia,2.36,1.34,1.02,0.76,1.08,-0.32,0.07,0.26,-0.19,0.84,1.34,-0.5,3,1,2,0.98,62.7,63.13,52.83,0.9,0.86,319,13,12,13,13.33,15.12,9.6,5,11,18,5,11,174.0,72.02,30.2,19.33,101.63,70.74,0,Reggiana 1-3 Venezia,2026-01-10
Reggiana,1.34,2.36,-1.02,1.08,0.76,0.32,0.26,0.07,0.19,1.34,0.84,0.5,1,3,-2,-0.98,37.3,36.87,49.77,0.86,0.9,155,16,13,12,15.12,13.33,13.07,11,5,25,5,10,67.6,27.98,126.0,80.67,42.03,29.26,2,Reggiana 1-3 Venezia,2026-01-10
Catanzaro,1.09,2.31,-1.22,1.09,2.01,-0.92,0.0,0.3,-0.3,1.09,2.31,-1.22,0,2,-2,-0.78,46.0,34.65,43.72,0.44,0.53,138,7,13,17,29.55,32.08,10.21,3,6,11,3,14,52.9,21.61,43.27,46.66,47.83,19.07,1,Frosinone 2-0 Catanzaro,2026-01-10
Frosinone,2.31,1.09,1.22,2.01,1.09,0.92,0.3,0.0,0.3,2.31,1.09,1.22,2,0,2,0.78,54.0,65.35,53.18,0.53,0.44,247,16,17,13,32.08,29.55,7.56,6,3,20,5,19,191.9,78.39,49.47,53.34,203.03,80.93,2,Frosinone 2-0 Catanzaro,2026-01-10
Bari,1.3,1.74,-0.44,1.21,0.82,0.39,0.09,0.92,-0.83,1.3,1.74,-0.44,0,1,-1,-0.56,54.9,57.43,51.47,0.79,0.95,273,16,11,16,13.92,16.84,8.69,6,7,22,3,13,79.0,45.04,22.27,28.67,50.0,28.24,2,Carrarese 1-0 Bari,2026-01-10
Carrarese,1.74,1.3,0.44,0.82,1.21,-0.39,0.92,0.09,0.83,1.74,1.3,0.44,1,0,1,0.56,45.1,42.57,46.94,0.95,0.79,179,20,16,11,16.84,13.92,11.94,7,6,25,7,8,96.4,54.96,55.4,71.33,127.03,71.76,0,Carrarese 1-0 Bari,2026-01-10
Sampdoria,1.81,0.86,0.95,1.05,0.84,0.21,0.0,0.03,-0.03,1.05,0.86,0.19,1,2,-1,-1.95,50.4,53.8,52.35,0.94,0.64,251,20,21,7,22.34,10.94,11.19,3,0,30,2,17,123.2,66.09,72.93,61.22,113.63,59.18,2,Avellino 2-1 Sampdoria,2026-01-10
Avellino,0.86,1.81,-0.95,0.84,1.05,-0.21,0.03,0.0,0.03,0.86,1.05,-0.19,2,1,1,1.95,49.6,46.2,44.2,0.64,0.94,188,8,7,21,10.94,22.34,13.6,0,3,19,5,15,63.2,33.91,46.2,38.78,78.37,40.82,0,Avellino 2-1 Sampdoria,2026-01-10
Avellino,0.67,1.24,-0.57,0.64,1.19,-0.55,0.03,0.05,-0.02,0.67,1.24,-0.57,1,1,0,0.57,60.2,58.4,50.21,0.78,0.54,263,15,11,10,14.1,18.52,4.48,9,10,29,3,21,118.6,63.25,9.93,10.81,77.63,41.84,0,Bari 1-1 Avellino,2025-12-27
Bari,1.24,0.67,0.57,1.19,0.64,0.55,0.05,0.03,0.02,1.24,0.67,0.57,1,1,0,-0.57,39.8,41.6,49.33,0.54,0.78,173,7,10,11,18.52,14.1,6.96,10,9,18,3,23,68.9,36.75,81.93,89.19,107.93,58.16,1,Bari 1-1 Avellino,2025-12-27
Padova,0.68,1.41,-0.73,0.64,1.05,-0.41,0.04,0.36,-0.32,0.68,1.41,-0.73,0,1,-1,-0.27,58.8,50.62,47.77,0.59,0.93,247,13,11,11,18.64,11.83,9.03,7,6,26,8,11,93.0,49.81,28.33,21.09,38.0,22.27,0,Palermo 1-0 Padova,2025-12-27
Palermo,1.41,0.68,0.73,1.05,0.64,0.41,0.36,0.04,0.32,1.41,0.68,0.73,1,0,1,0.27,41.2,49.38,49.42,0.93,0.59,186,14,11,11,11.83,18.64,13.12,6,7,18,3,12,93.7,50.19,106.0,78.91,132.67,77.73,1,Palermo 1-0 Padova,2025-12-27
Virtus Entella,0.63,2.08,-1.45,0.11,2.06,-1.95,0.52,0.02,0.5,0.63,2.08,-1.45,0,1,-1,0.45,35.5,40.27,48.88,0.66,0.86,137,10,8,14,12.12,16.28,10.08,7,4,17,5,19,56.6,25.7,136.6,89.16,74.13,40.9,2,Venezia 1-0 Virtus Entella,2025-12-27
Venezia,2.08,0.63,1.45,2.06,0.11,1.95,0.02,0.52,-0.5,2.08,0.63,1.45,1,0,1,-0.45,64.5,59.73,47.72,0.86,0.66,236,14,14,8,16.28,12.12,5.59,4,7,13,4,16,163.6,74.3,16.6,10.84,107.13,59.1,0,Venezia 1-0 Virtus Entella,2025-12-27
Reggiana,1.98,1.75,0.23,1.14,1.71,-0.57,0.84,0.03,0.81,1.98,1.75,0.23,1,2,-1,-1.23,45.3,38.62,45.13,0.37,0.33,128,5,7,15,18.92,45.45,6.14,0,12,13,4,25,32.8,24.98,33.13,47.51,32.2,25.7,2,Sampdoria 2-1 Reggiana,2025-12-27
Sampdoria,1.75,1.98,-0.23,1.71,1.14,0.57,0.03,0.84,-0.81,1.75,1.98,-0.23,2,1,1,1.23,54.7,61.38,50.13,0.33,0.37,185,5,15,7,45.45,18.92,3.97,12,0,16,5,19,98.5,75.02,36.6,52.49,93.07,74.3,0,Sampdoria 2-1 Reggiana,2025-12-27
Südtirol,1.19,1.04,0.15,0.7,1.04,-0.34,0.48,0.0,0.48,1.19,1.04,0.15,0,1,-1,-1.15,54.2,64.61,54.97,0.93,0.57,269,25,14,10,15.05,17.54,7.62,3,2,42,6,17,171.1,80.75,73.27,56.47,169.7,79.78,5,Juve Stabia 1-0 Südtirol,2025-12-27
Juve Stabia,1.04,1.19,-0.15,1.04,0.7,0.34,0.0,0.48,-0.48,1.04,1.19,-0.15,1,0,1,1.15,45.8,35.39,41.71,0.57,0.93,139,6,10,14,17.54,15.05,11.42,2,3,12,2,19,40.8,19.25,56.47,43.53,43.0,20.22,6,Juve Stabia 1-0 Südtirol,2025-12-27
Frosinone,1.89,0.84,1.05,1.81,0.75,1.06,0.08,0.08,0.0,1.89,0.84,1.05,1,1,0,-1.05,55.6,60.38,48.0,1.22,0.53,194,15,15,13,12.3,24.53,8.71,6,3,18,1,15,86.3,74.08,39.53,48.84,104.33,68.9,1,Empoli 1-1 Frosinone,2025-12-27
Empoli,0.84,1.89,-1.05,0.75,1.81,-1.06,0.08,0.08,0.0,0.84,1.89,-1.05,1,1,0,1.05,44.4,39.62,39.29,0.53,1.22,104,7,13,15,24.53,12.3,12.04,3,6,14,3,12,30.2,25.92,41.4,51.16,47.1,31.1,2,Empoli 1-1 Frosinone,2025-12-27
Cesena,1.1,2.21,-1.11,1.01,1.72,-0.71,0.09,0.49,-0.4,1.1,2.21,-1.11,0,2,-2,-0.89,57.5,67.07,51.07,0.62,0.6,299,13,9,14,14.52,23.33,12.26,2,1,24,5,20,172.2,73.56,46.0,38.27,131.33,55.23,3,Catanzaro 2-0 Cesena,2025-12-27
Catanzaro,2.21,1.1,1.11,1.72,1.01,0.71,0.49,0.09,0.4,2.21,1.1,1.11,2,0,2,0.89,42.5,32.93,44.18,0.6,0.62,147,10,14,9,23.33,14.52,14.26,1,2,13,2,7,61.9,26.44,74.2,61.73,106.47,44.77,0,Catanzaro 2-0 Cesena,2025-12-27
Mantova,0.33,1.17,-0.84,0.29,0.82,-0.53,0.04,0.35,-0.31,0.33,1.17,-0.84,0,0,0,0.84,47.9,51.02,50.39,0.53,0.88,198,11,7,18,13.21,20.45,9.03,4,6,20,5,19,87.2,35.08,54.27,66.07,79.4,38.43,1,Carrarese 0-0 Mantova,2025-12-27
Carrarese,1.17,0.33,0.84,0.82,0.29,0.53,0.35,0.04,0.31,1.17,0.33,0.84,0,0,0,-0.84,52.1,48.98,49.23,0.88,0.53,202,22,18,7,20.45,13.21,6.95,6,4,26,7,14,161.4,64.92,27.87,33.93,127.2,61.57,3,Carrarese 0-0 Mantova,2025-12-27
Pescara,0.88,2.33,-1.45,0.72,2.23,-1.51,0.16,0.1,0.06,0.88,2.33,-1.45,1,2,-1,0.45,51.9,38.41,44.47,0.48,0.8,141,11,13,12,27.08,15.0,6.41,1,2,21,6,13,50.6,33.42,19.6,25.97,19.4,13.54,2,Spezia 2-1 Pescara,2025-12-27
Spezia,2.33,0.88,1.45,2.23,0.72,1.51,0.1,0.16,-0.06,2.33,0.88,1.45,2,1,1,-0.45,48.1,61.59,50.3,0.8,0.48,163,15,12,13,15.0,27.08,8.66,2,1,30,9,15,100.8,66.58,55.87,74.03,123.87,86.46,4,Spezia 2-1 Pescara,2025-12-27
Monza,1.65,1.5,0.15,1.32,0.64,0.68,0.32,0.09,0.23,1.65,0.74,0.91,2,1,1,0.85,47.8,43.37,44.76,0.69,0.8,171,11,14,12,20.29,15.0,16.38,1,3,16,4,15,72.4,43.43,33.73,38.07,80.27,40.92,0,Modena 1-2 Monza,2025-12-26
Modena,1.5,1.65,-0.15,0.64,1.32,-0.68,0.09,0.32,-0.23,0.74,1.65,-0.91,1,2,-1,-0.85,52.2,56.63,48.18,0.8,0.69,218,23,12,14,15.0,20.29,8.63,3,1,25,5,15,94.3,56.57,54.87,61.93,115.9,59.08,1,Modena 1-2 Monza,2025-12-26
Empoli,0.57,1.72,-1.15,0.51,1.54,-1.03,0.06,0.18,-0.12,0.57,1.72,-1.15,1,0,1,2.15,42.3,40.0,48.79,0.77,1.17,188,10,6,15,7.79,12.82,13.4,2,7,20,3,15,48.2,20.59,69.87,63.75,56.17,28.31,2,Mantova 0-1 Empoli,2025-12-21
Mantova,1.72,0.57,1.15,1.54,0.51,1.03,0.18,0.06,0.12,1.72,0.57,1.15,0,1,-1,-2.15,57.7,60.0,50.87,1.17,0.77,296,18,15,6,12.82,7.79,7.67,7,2,20,6,17,185.9,79.41,39.73,36.25,142.23,71.69,0,Mantova 0-1 Empoli,2025-12-21
Südtirol,1.0,0.92,0.08,1.0,0.92,0.08,0.0,0.0,0.0,1.0,0.92,0.08,1,1,0,-0.08,56.1,63.87,53.15,1.12,0.61,277,21,9,8,8.04,13.11,6.41,9,3,28,3,17,125.2,73.52,19.87,33.98,105.77,62.89,7,Virtus Entella 1-1 Südtirol,2025-12-21
Virtus Entella,0.92,1.0,-0.08,0.92,1.0,-0.08,0.0,0.0,0.0,0.92,1.0,-0.08,1,1,0,0.08,43.9,36.13,45.21,0.61,1.12,154,11,8,9,13.11,8.04,11.61,3,9,11,2,17,45.1,26.48,38.6,66.02,62.4,37.11,0,Virtus Entella 1-1 Südtirol,2025-12-21
Reggiana,0.63,3.31,-2.68,0.49,2.81,-2.32,0.14,0.5,-0.36,0.63,3.31,-2.68,1,2,-1,1.68,44.9,36.24,47.28,0.13,1.02,143,9,8,19,61.54,18.63,10.28,2,5,15,5,17,49.2,23.79,38.87,47.25,47.57,21.12,4,Pescara 2-1 Reggiana,2025-12-20
Pescara,3.31,0.63,2.68,2.81,0.49,2.32,0.5,0.14,0.36,3.31,0.63,2.68,2,1,1,-1.68,55.1,63.76,55.94,1.02,0.13,253,11,19,8,18.63,61.54,6.32,5,2,30,8,14,157.6,76.21,43.4,52.75,177.7,78.88,1,Pescara 2-1 Reggiana,2025-12-20
Palermo,2.0,1.42,0.58,1.02,1.35,-0.33,0.23,0.07,0.16,1.24,1.42,-0.18,2,2,0,-0.58,46.8,43.53,48.29,0.79,0.84,185,14,14,12,17.72,14.29,8.84,4,2,17,4,22,83.8,48.3,58.13,55.54,69.0,48.49,3,Avellino 2-2 Palermo,2025-12-20
Avellino,1.42,2.0,-0.58,1.35,1.02,0.33,0.07,0.23,-0.16,1.42,1.24,0.18,2,2,0,0.58,53.2,56.47,47.15,0.84,0.79,192,15,12,14,14.29,17.72,10.0,2,4,19,4,15,89.7,51.7,46.53,44.46,73.3,51.51,0,Avellino 2-2 Palermo,2025-12-20
Sampdoria,1.25,0.62,0.63,1.2,0.6,0.6,0.05,0.03,0.02,1.25,0.62,0.63,1,1,0,-0.63,36.5,46.38,49.98,0.27,0.7,173,7,12,12,44.44,17.14,12.79,5,3,15,5,18,69.7,43.89,137.27,96.4,153.3,88.17,2,Padova 1-1 Sampdoria,2025-12-20
Padova,0.62,1.25,-0.63,0.6,1.2,-0.6,0.03,0.05,-0.02,0.62,1.25,-0.63,1,1,0,0.63,63.5,53.62,44.93,0.7,0.27,241,10,12,12,17.14,44.44,8.31,3,5,18,2,14,89.1,56.11,5.13,3.6,20.57,11.83,1,Padova 1-1 Sampdoria,2025-12-20
Carrarese,0.46,3.93,-3.47,0.37,3.91,-3.54,0.1,0.03,0.07,0.46,3.93,-3.47,1,4,-3,0.47,49.2,52.12,47.92,0.38,1.62,223,8,9,15,23.68,9.26,19.9,3,4,23,8,12,118.7,47.71,50.27,48.81,84.28,27.02,0,Monza 4-1 Carrarese,2025-12-20
Monza,3.93,0.46,3.47,3.91,0.37,3.54,0.03,0.1,-0.07,3.93,0.46,3.47,4,1,3,-0.47,50.8,47.88,48.5,1.62,0.38,236,16,15,9,9.26,23.68,13.29,4,3,20,5,12,130.1,52.29,52.73,51.19,227.62,72.98,0,Monza 4-1 Carrarese,2025-12-20
Venezia,4.07,0.68,3.39,3.93,0.64,3.29,0.14,0.04,0.1,4.07,0.68,3.39,2,1,1,-2.39,60.4,54.52,50.85,1.49,0.84,295,15,18,10,12.08,11.9,11.09,3,3,14,5,12,153.4,68.88,23.0,16.88,104.83,63.33,0,Modena 1-2 Venezia,2025-12-20
Modena,0.68,4.07,-3.39,0.64,3.93,-3.29,0.04,0.14,-0.1,0.68,4.07,-3.39,1,2,-1,2.39,39.6,45.48,52.14,0.84,1.49,187,17,10,18,11.9,12.08,13.0,3,3,27,5,7,69.3,31.12,113.27,83.12,60.7,36.67,6,Modena 1-2 Venezia,2025-12-20
Spezia,0.89,2.95,-2.06,0.69,2.19,-1.5,0.2,0.76,-0.56,0.89,2.95,-2.06,1,2,-1,1.06,51.9,58.11,50.46,0.78,0.58,198,12,16,22,20.51,37.93,9.22,4,3,22,10,11,72.9,43.11,23.93,35.23,69.77,30.59,0,Frosinone 2-1 Spezia,2025-12-20
Frosinone,2.95,0.89,2.06,2.19,0.69,1.5,0.76,0.2,0.56,2.95,0.89,2.06,2,1,1,-1.06,48.1,41.89,45.16,0.58,0.78,130,12,22,16,37.93,20.51,12.12,3,4,18,5,16,96.2,56.89,44.0,64.77,158.33,69.41,3,Frosinone 2-1 Spezia,2025-12-20
Juve Stabia,0.91,2.1,-1.19,0.75,2.1,-1.35,0.16,0.0,0.16,0.91,2.1,-1.19,1,1,0,1.19,56.3,56.29,45.49,0.54,0.22,239,15,9,8,16.67,36.36,12.13,4,2,15,5,10,116.9,64.44,25.2,21.91,64.0,48.23,2,Cesena 1-1 Juve Stabia,2025-12-20
Cesena,2.1,0.91,1.19,2.1,0.75,1.35,0.0,0.16,-0.16,2.1,0.91,1.19,1,1,0,-1.19,43.7,43.71,46.51,0.22,0.54,201,3,8,9,36.36,16.67,20.78,2,4,9,1,9,64.5,35.56,89.8,78.09,68.7,51.77,1,Cesena 1-1 Juve Stabia,2025-12-20
Catanzaro,1.06,1.16,-0.1,0.79,0.4,0.39,0.27,0.0,0.27,1.06,0.4,0.66,2,1,1,1.1,62.7,65.3,48.73,0.98,0.45,291,15,12,9,12.24,20.0,9.12,3,4,29,9,14,170.5,71.76,23.87,18.66,118.73,70.69,0,Bari 1-2 Catanzaro,2025-12-19
Bari,1.16,1.06,0.1,0.4,0.79,-0.39,0.0,0.27,-0.27,0.4,1.06,-0.66,1,2,-1,-1.1,37.3,34.7,46.61,0.45,0.98,167,5,9,12,20.0,12.24,13.51,4,3,20,3,17,67.1,28.24,104.07,81.34,49.23,29.31,1,Bari 1-2 Catanzaro,2025-12-19
Sampdoria,0.37,2.3,-1.93,0.35,2.22,-1.87,0.02,0.09,-0.07,0.37,2.3,-1.93,0,1,-1,0.93,57.0,56.14,46.84,0.47,0.45,226,6,7,15,14.89,33.33,10.59,0,2,13,1,18,104.2,49.6,37.73,26.01,51.33,27.24,1,Palermo 1-0 Sampdoria,2025-12-12
Palermo,2.3,0.37,1.93,2.22,0.35,1.87,0.09,0.02,0.07,2.3,0.37,1.93,1,0,1,-0.93,43.0,43.86,45.88,0.45,0.47,155,6,15,7,33.33,14.89,17.65,2,0,16,5,12,105.9,50.4,107.33,73.99,137.13,72.76,3,Palermo 1-0 Sampdoria,2025-12-12
Frosinone,0.93,2.44,-1.51,0.93,1.74,-0.81,0.0,0.71,-0.71,0.93,2.44,-1.51,2,1,1,2.51,46.8,34.77,44.44,0.44,0.85,121,9,12,20,27.27,23.53,9.54,0,3,12,2,16,46.4,26.51,33.33,60.02,55.17,33.5,1,Pescara 1-2 Frosinone,2025-12-14
Pescara,2.44,0.93,1.51,1.74,0.93,0.81,0.71,0.0,0.71,2.44,0.93,1.51,1,2,-1,-2.51,53.2,65.23,50.34,0.85,0.44,192,19,20,12,23.53,27.27,7.69,3,0,28,10,15,128.6,73.49,22.2,39.98,109.53,66.5,4,Pescara 1-2 Frosinone,2025-12-14
Virtus Entella,1.17,2.73,-1.56,1.0,2.57,-1.57,0.17,0.16,0.01,1.17,2.73,-1.56,1,3,-2,-0.44,54.2,58.01,48.96,0.77,0.55,206,14,10,15,12.99,27.27,10.68,2,4,30,6,15,108.1,58.59,24.73,33.88,85.83,45.87,1,Carrarese 3-1 Virtus Entella,2025-12-14
Carrarese,2.73,1.17,1.56,2.57,1.0,1.57,0.16,0.17,-0.01,2.73,1.17,1.56,3,1,2,0.44,45.8,41.99,46.81,0.55,0.77,160,11,15,10,27.27,12.99,10.97,4,2,16,5,13,76.4,41.41,48.27,66.12,101.27,54.13,2,Carrarese 3-1 Virtus Entella,2025-12-14
Mantova,1.67,4.02,-2.35,0.85,3.25,-2.4,0.07,0.76,-0.69,0.91,4.02,-3.11,2,3,-1,1.35,49.6,43.34,43.11,0.4,1.3,187,7,15,21,37.5,16.15,13.47,1,5,16,2,7,69.7,28.51,74.27,51.24,95.9,48.14,1,Cesena 3-2 Mantova,2025-12-13
Cesena,4.02,1.67,2.35,3.25,0.85,2.4,0.76,0.07,0.69,4.02,0.91,3.11,3,2,1,-1.35,50.4,56.66,48.88,1.3,0.4,249,23,21,15,16.15,37.5,12.34,5,1,28,7,17,174.8,71.49,70.67,48.76,103.3,51.86,0,Cesena 3-2 Mantova,2025-12-13
Avellino,0.44,1.67,-1.23,0.44,1.65,-1.21,0.0,0.02,-0.02,0.44,1.67,-1.23,0,1,-1,0.23,45.5,40.72,46.46,0.46,1.14,181,6,6,14,13.04,12.28,11.35,2,6,18,2,15,49.8,25.76,75.93,54.68,40.7,22.92,0,Catanzaro 1-0 Avellino,2025-12-13
Catanzaro,1.67,0.44,1.23,1.65,0.44,1.21,0.02,0.0,0.02,1.67,0.44,1.23,1,0,1,-0.23,54.5,59.28,51.27,1.14,0.46,262,18,14,6,12.28,13.04,11.66,6,2,14,4,13,143.5,74.24,62.93,45.32,136.9,77.08,2,Catanzaro 1-0 Avellino,2025-12-13
Monza,1.22,2.52,-1.3,0.35,1.76,-1.41,0.87,0.0,0.87,1.22,1.76,-0.54,0,2,-2,-0.7,43.0,44.18,46.69,0.33,0.51,174,12,10,15,30.3,29.41,11.56,4,6,26,6,16,60.4,33.69,96.0,85.71,89.83,44.27,0,Venezia 2-0 Monza,2025-12-13
Venezia,2.52,1.22,1.3,1.76,0.35,1.41,0.0,0.87,-0.87,1.76,1.22,0.54,2,0,2,0.7,57.0,55.82,46.73,0.51,0.33,233,13,15,10,29.41,30.3,8.62,6,4,11,2,13,118.9,66.31,16.0,14.29,113.1,55.73,1,Venezia 2-0 Monza,2025-12-13
Bari,0.94,0.44,0.5,0.83,0.44,0.39,0.11,0.0,0.11,0.94,0.44,0.5,0,0,0,-0.5,67.8,64.8,55.02,0.66,0.28,364,15,14,8,21.21,28.57,5.3,4,2,30,3,15,221.3,79.38,6.13,4.29,109.47,58.96,3,Südtirol 0-0 Bari,2025-12-13
Südtirol,0.44,0.94,-0.5,0.44,0.83,-0.39,0.0,0.11,-0.11,0.44,0.94,-0.5,0,0,0,0.5,32.2,35.2,49.67,0.28,0.66,131,4,8,14,28.57,21.21,19.29,2,4,11,3,14,57.5,20.62,136.67,95.71,76.2,41.04,6,Südtirol 0-0 Bari,2025-12-13
Modena,4.6,0.63,3.97,2.93,0.57,2.36,1.67,0.06,1.61,4.6,0.63,3.97,2,0,2,-1.97,41.2,48.46,50.29,0.94,0.68,159,21,28,7,29.79,10.29,7.79,8,4,24,9,24,149.8,75.66,91.87,91.44,244.1,95.27,1,Spezia 0-2 Modena,2025-12-13
Spezia,0.63,4.6,-3.97,0.57,2.93,-2.36,0.06,1.67,-1.61,0.63,4.6,-3.97,0,2,-2,1.97,58.8,51.54,48.4,0.68,0.94,227,11,7,28,10.29,29.79,6.72,4,8,24,3,12,48.2,24.34,8.6,8.56,12.13,4.73,1,Spezia 0-2 Modena,2025-12-13
Padova,2.34,1.96,0.38,2.24,1.96,0.28,0.1,0.0,0.1,2.34,1.96,0.38,2,1,1,0.62,57.4,47.49,45.04,0.72,0.74,197,10,10,13,13.89,17.57,10.92,1,2,12,5,12,76.4,46.0,15.07,12.53,63.17,29.13,1,Reggiana 1-2 Padova,2025-12-13
Reggiana,1.96,2.34,-0.38,1.96,2.24,-0.28,0.0,0.1,-0.1,1.96,2.34,-0.38,1,2,-1,-0.62,42.6,52.51,49.04,0.74,0.72,173,12,13,10,17.57,13.89,13.87,2,1,27,7,10,89.7,54.0,105.2,87.47,153.7,70.87,4,Reggiana 1-2 Padova,2025-12-13
Empoli,0.68,2.17,-1.49,0.53,1.65,-1.12,0.15,0.52,-0.37,0.68,2.17,-1.49,0,2,-2,-0.51,47.8,44.66,42.44,0.67,0.94,134,10,10,8,14.93,8.51,9.11,4,2,24,5,18,52.3,37.46,45.33,46.61,47.9,25.31,0,Juve Stabia 2-0 Empoli,2025-12-13
Juve Stabia,2.17,0.68,1.49,1.65,0.53,1.12,0.52,0.15,0.37,2.17,0.68,1.49,2,0,2,0.51,52.2,55.34,43.22,0.94,0.67,152,11,8,10,8.51,14.93,9.53,2,4,13,5,20,87.3,62.54,51.93,53.39,141.37,74.69,5,Juve Stabia 2-0 Empoli,2025-12-13
Spezia,1.85,0.77,1.08,1.01,0.71,0.3,0.84,0.06,0.78,1.85,0.77,1.08,1,0,1,-0.08,51.8,53.94,51.36,0.52,0.42,214,12,14,6,26.92,14.29,7.22,3,5,27,6,18,131.3,62.08,37.47,41.23,111.07,59.79,1,Virtus Entella 0-1 Spezia,2025-12-08
Virtus Entella,0.77,1.85,-1.08,0.71,1.01,-0.3,0.06,0.84,-0.78,0.77,1.85,-1.08,0,1,-1,0.08,48.2,46.06,49.62,0.42,0.52,185,9,6,14,14.29,26.92,7.49,5,3,26,5,19,80.2,37.92,53.4,58.77,74.7,40.21,1,Virtus Entella 0-1 Spezia,2025-12-08
Pescara,0.71,3.34,-2.63,0.68,2.53,-1.85,0.02,0.05,-0.03,0.71,2.58,-1.87,1,1,0,2.63,33.8,33.64,47.91,0.41,1.24,135,5,15,13,36.59,10.48,16.87,4,5,10,1,9,64.0,26.07,111.73,87.52,92.97,60.12,0,Bari 1-1 Pescara,2025-12-08
Bari,3.34,0.71,2.63,2.53,0.68,1.85,0.05,0.02,0.03,2.58,0.71,1.87,1,1,0,-2.63,66.2,66.36,51.29,1.24,0.41,293,15,13,15,10.48,36.59,7.63,5,4,44,9,17,181.5,73.93,15.93,12.48,61.67,39.88,0,Bari 1-1 Pescara,2025-12-08
Cesena,1.94,0.55,1.39,1.92,0.49,1.43,0.01,0.05,-0.04,1.94,0.55,1.39,1,1,0,-1.39,47.8,60.56,47.33,1.4,0.36,257,18,15,8,10.71,22.22,18.34,2,3,18,4,17,146.0,73.89,66.67,58.62,160.53,81.05,1,Padova 1-1 Cesena,2025-12-08
Padova,0.55,1.94,-1.39,0.49,1.92,-1.43,0.05,0.01,0.04,0.55,1.94,-1.39,1,1,0,1.39,52.2,39.44,42.61,0.36,1.4,210,5,8,15,22.22,10.71,17.75,3,2,12,2,8,51.6,26.11,47.07,41.38,37.53,18.95,0,Padova 1-1 Cesena,2025-12-08
Südtirol,1.04,1.05,-0.01,1.04,0.96,0.08,0.0,0.09,-0.09,1.04,1.05,-0.01,1,1,0,0.01,37.5,45.48,51.0,0.56,1.16,196,15,13,11,23.21,9.48,12.73,5,4,15,0,21,103.3,44.07,122.0,89.44,132.0,62.5,4,Monza 1-1 Südtirol,2025-12-08
Monza,1.05,1.04,0.01,0.96,1.04,-0.08,0.09,0.0,0.09,1.05,1.04,0.01,1,1,0,-0.01,62.5,54.52,47.55,1.16,0.56,280,14,11,13,9.48,23.21,7.11,4,5,22,3,15,131.1,55.93,14.4,10.56,79.2,37.5,0,Monza 1-1 Südtirol,2025-12-08
Reggiana,0.64,1.23,-0.59,0.57,1.16,-0.59,0.07,0.07,0.0,0.64,1.23,-0.59,1,0,1,1.59,24.3,22.85,46.64,0.77,0.99,104,11,8,18,10.39,18.18,18.38,0,3,10,3,18,33.1,11.78,156.33,99.24,93.57,48.43,0,Mantova 0-1 Reggiana,2025-12-08
Mantova,1.23,0.64,0.59,1.16,0.57,0.59,0.07,0.07,0.0,1.23,0.64,0.59,0,1,-1,-1.59,75.7,77.15,53.17,0.99,0.77,421,22,18,8,18.18,10.39,5.19,3,0,33,10,12,248.0,88.22,1.2,0.76,99.63,51.57,0,Mantova 0-1 Reggiana,2025-12-08
Juve Stabia,0.8,2.05,-1.25,0.8,1.96,-1.16,0.0,0.09,-0.09,0.8,2.05,-1.25,0,3,-3,-1.75,50.5,39.68,41.43,0.61,0.77,155,9,10,18,16.39,23.38,13.88,4,6,6,1,14,32.6,20.71,31.93,31.41,10.58,4.92,0,Frosinone 3-0 Juve Stabia,2025-12-08
Frosinone,2.05,0.8,1.25,1.96,0.8,1.16,0.09,0.0,0.09,2.05,0.8,1.25,3,0,3,1.75,49.5,60.32,50.65,0.77,0.61,229,19,18,10,23.38,16.39,13.7,6,4,21,4,11,124.8,79.29,69.73,68.59,204.3,95.08,2,Frosinone 3-0 Juve Stabia,2025-12-08
Venezia,2.55,0.19,2.36,2.04,0.19,1.85,0.51,0.0,0.51,2.55,0.19,2.36,1,1,0,-2.36,71.4,80.23,56.74,1.06,0.18,413,22,26,2,24.53,11.11,4.57,6,3,36,10,21,338.7,98.32,8.87,7.73,247.8,92.89,1,Avellino 1-1 Venezia,2025-12-08
Avellino,0.19,2.55,-2.36,0.19,2.04,-1.85,0.0,0.51,-0.51,0.19,2.55,-2.36,1,1,0,2.36,28.6,19.77,35.69,0.18,1.06,69,3,2,26,11.11,24.53,12.69,3,6,5,2,15,5.8,1.68,105.93,92.27,18.97,7.11,1,Avellino 1-1 Venezia,2025-12-08
Catanzaro,1.94,1.85,0.09,1.06,1.56,-0.5,0.13,0.28,-0.15,1.18,1.85,-0.67,2,1,1,0.91,55.6,40.07,43.61,0.51,0.91,174,11,8,19,15.69,20.88,12.75,3,2,9,2,7,59.4,30.63,22.67,21.15,38.3,17.02,1,Modena 1-2 Catanzaro,2025-12-08
Modena,1.85,1.94,-0.09,1.56,1.06,0.5,0.28,0.13,0.15,1.85,1.18,0.67,1,2,-1,-0.91,44.4,59.93,53.15,0.91,0.51,226,17,19,8,20.88,15.69,16.12,2,3,35,8,15,134.5,69.37,84.53,78.85,186.67,82.98,3,Modena 1-2 Catanzaro,2025-12-08
Carrarese,0.6,1.75,-1.15,0.6,0.83,-0.23,0.0,0.16,-0.16,0.6,0.99,-0.39,2,3,-1,0.15,43.3,38.85,46.37,0.4,0.35,147,4,7,15,17.5,42.86,10.08,6,3,12,1,13,33.2,21.53,75.67,73.32,61.57,41.88,1,Sampdoria 3-2 Carrarese,2025-12-07
Sampdoria,1.75,0.6,1.15,0.83,0.6,0.23,0.16,0.0,0.16,0.99,0.6,0.39,3,2,1,-0.15,56.7,61.15,49.08,0.35,0.4,244,8,15,7,42.86,17.5,6.29,3,6,22,7,21,121.0,78.47,27.53,26.68,85.43,58.12,0,Sampdoria 3-2 Carrarese,2025-12-07
Palermo,2.16,3.33,-1.17,1.48,3.14,-1.66,0.69,0.19,0.5,2.16,3.33,-1.17,3,1,2,3.17,46.4,38.78,43.42,0.28,1.01,169,12,15,18,53.57,17.82,15.19,2,2,17,5,12,80.4,36.85,71.07,61.66,93.4,64.94,2,Empoli 1-3 Palermo,2025-12-07
Empoli,3.33,2.16,1.17,3.14,1.48,1.66,0.19,0.69,-0.5,3.33,2.16,1.17,1,3,-2,-3.17,53.6,61.22,48.25,1.01,0.28,245,11,18,15,17.82,53.57,14.5,2,2,30,7,14,137.8,63.15,44.2,38.34,50.43,35.06,2,Empoli 1-3 Palermo,2025-12-07
Bari,0.52,1.43,-0.91,0.52,1.33,-0.81,0.0,0.1,-0.1,0.52,1.43,-0.91,0,0,0,0.91,38.9,27.78,40.65,0.29,1.44,128,3,3,17,10.34,11.81,18.52,2,5,11,0,13,17.8,8.4,93.33,65.79,47.3,20.91,1,Juve Stabia 0-0 Bari,2025-12-04
Juve Stabia,1.43,0.52,0.91,1.33,0.52,0.81,0.1,0.0,0.1,1.43,0.52,0.91,0,0,0,-0.91,61.1,72.22,51.47,1.44,0.29,338,20,17,3,11.81,10.34,10.78,5,2,34,8,17,194.2,91.6,48.53,34.21,178.9,79.09,0,Juve Stabia 0-0 Bari,2025-12-04
Sampdoria,0.42,0.94,-0.52,0.34,0.84,-0.5,0.07,0.1,-0.03,0.42,0.94,-0.52,0,1,-1,-0.48,57.5,64.03,49.6,0.25,0.56,223,12,9,10,36.0,17.86,10.44,0,7,27,9,14,124.8,73.63,28.27,29.97,88.8,63.16,2,Spezia 1-0 Sampdoria,2025-11-30
Spezia,0.94,0.42,0.52,0.84,0.34,0.5,0.1,0.07,0.03,0.94,0.42,0.52,1,0,1,0.48,42.5,35.97,44.87,0.56,0.25,128,9,10,9,17.86,36.0,9.97,7,0,16,3,18,44.7,26.37,66.07,70.03,51.8,36.84,3,Spezia 1-0 Sampdoria,2025-11-30
Monza,2.22,1.1,1.12,2.11,1.1,1.01,0.1,0.0,0.1,2.22,1.1,1.12,2,2,0,-1.12,37.9,38.31,42.17,0.4,0.5,116,7,11,9,27.5,18.0,14.25,4,5,14,5,15,41.5,33.79,109.53,84.74,105.57,71.99,0,Juve Stabia 2-2 Monza,2025-11-30
Juve Stabia,1.1,2.22,-1.12,1.1,2.11,-1.01,0.0,0.1,-0.1,1.1,2.22,-1.12,2,2,0,1.12,62.1,61.69,46.01,0.5,0.4,220,12,9,11,18.0,27.5,7.12,5,4,17,3,13,81.3,66.21,19.73,15.26,41.07,28.01,4,Juve Stabia 2-2 Monza,2025-11-30
Carrarese,0.3,3.9,-3.6,0.05,3.14,-3.09,0.25,0.0,0.25,0.3,3.14,-2.84,0,5,-5,-1.4,45.9,49.31,46.53,0.12,1.43,187,2,7,21,58.33,14.69,14.93,3,4,9,4,12,43.6,24.94,62.8,73.6,35.75,14.56,2,Palermo 5-0 Carrarese,2025-11-29
Palermo,3.9,0.3,3.6,3.14,0.05,3.09,0.0,0.25,-0.25,3.14,0.3,2.84,5,0,5,1.4,54.1,50.69,43.02,1.43,0.12,172,11,21,7,14.69,58.33,12.27,4,3,15,3,17,131.2,75.06,22.53,26.4,209.72,85.44,2,Palermo 5-0 Carrarese,2025-11-29
Virtus Entella,2.29,2.66,-0.37,1.48,1.76,-0.28,0.06,0.14,-0.08,1.53,1.9,-0.37,2,3,-1,-0.63,53.5,56.45,50.02,0.89,0.82,247,10,13,17,14.61,20.73,11.61,3,3,26,2,17,120.1,48.64,52.67,51.57,117.4,50.76,0,Catanzaro 3-2 Virtus Entella,2025-11-29
Catanzaro,2.66,2.29,0.37,1.76,1.48,0.28,0.14,0.06,0.08,1.9,1.53,0.37,3,2,1,0.63,46.5,43.55,45.58,0.82,0.89,173,13,17,13,20.73,14.61,12.48,3,3,19,8,9,126.8,51.36,49.47,48.43,113.9,49.24,3,Catanzaro 3-2 Virtus Entella,2025-11-29
Avellino,1.13,1.61,-0.48,0.91,1.43,-0.52,0.22,0.18,0.04,1.13,1.61,-0.48,1,0,1,1.48,39.3,23.76,40.68,0.53,2.03,110,5,6,20,11.32,9.85,10.1,0,3,9,2,12,30.3,9.46,29.13,52.91,35.63,14.92,0,Südtirol 0-1 Avellino,2025-11-29
Südtirol,1.61,1.13,0.48,1.43,0.91,0.52,0.18,0.22,-0.04,1.61,1.13,0.48,0,1,-1,-1.48,60.7,76.24,58.46,2.03,0.53,349,34,20,6,9.85,11.32,6.98,3,0,52,10,22,290.1,90.54,25.93,47.09,203.23,85.08,4,Südtirol 0-1 Avellino,2025-11-29
Mantova,0.32,2.62,-2.3,0.32,1.6,-1.28,0.0,0.26,-0.26,0.32,1.86,-1.54,0,3,-3,-0.7,36.4,22.01,36.48,0.33,1.52,87,1,3,27,9.09,17.76,13.27,3,10,4,1,11,15.2,4.72,107.13,86.53,28.93,6.6,0,Venezia 3-0 Mantova,2025-11-29
Venezia,2.62,0.32,2.3,1.6,0.32,1.28,0.26,0.0,0.26,1.86,0.32,1.54,3,0,3,0.7,63.6,77.99,52.54,1.52,0.33,327,22,27,3,17.76,9.09,7.05,10,3,26,7,21,306.6,95.28,16.67,13.47,409.57,93.4,1,Venezia 3-0 Mantova,2025-11-29
Frosinone,1.71,1.49,0.22,1.71,1.43,0.28,0.0,0.06,-0.06,1.71,1.49,0.22,1,0,1,0.78,51.8,53.16,49.03,0.46,0.79,198,9,11,14,23.91,17.72,7.05,5,4,14,2,17,70.0,50.22,26.87,38.68,61.07,51.16,4,Reggiana 0-1 Frosinone,2025-11-29
Reggiana,1.49,1.71,-0.22,1.43,1.71,-0.28,0.06,0.0,0.06,1.49,1.71,-0.22,0,1,-1,-0.78,48.2,46.84,47.88,0.79,0.46,174,13,14,11,17.72,23.91,8.51,4,5,24,4,19,69.4,49.78,42.6,61.32,58.3,48.84,6,Reggiana 0-1 Frosinone,2025-11-29
Padova,2.1,1.62,0.48,2.09,1.15,0.94,0.01,0.47,-0.46,2.1,1.62,0.48,1,0,1,0.52,44.5,40.13,47.5,0.46,0.87,158,11,12,25,26.09,28.74,7.14,4,2,16,5,21,67.2,30.07,45.47,51.75,79.53,36.04,1,Pescara 0-1 Padova,2025-11-29
Pescara,1.62,2.1,-0.48,1.15,2.09,-0.94,0.47,0.01,0.46,1.62,2.1,-0.48,0,1,-1,-0.52,55.5,59.87,51.62,0.87,0.46,239,19,25,12,28.74,26.09,6.67,2,4,31,12,15,156.3,69.93,42.4,48.25,141.17,63.96,2,Pescara 0-1 Padova,2025-11-29
Bari,0.36,2.17,-1.81,0.15,1.96,-1.81,0.21,0.2,0.01,0.36,2.17,-1.81,0,5,-5,-3.19,49.4,45.49,40.59,0.28,0.72,150,9,7,16,25.0,22.22,11.77,4,5,16,5,19,62.8,32.74,56.4,56.33,58.19,23.35,1,Empoli 5-0 Bari,2025-11-29
Empoli,2.17,0.36,1.81,1.96,0.15,1.81,0.2,0.21,-0.01,2.17,0.36,1.81,5,0,5,3.19,50.6,54.51,45.24,0.72,0.28,200,12,16,7,22.22,25.0,10.12,5,4,18,4,12,129.0,67.26,43.73,43.67,191.07,76.65,0,Empoli 5-0 Bari,2025-11-29
Modena,2.36,3.02,-0.66,1.36,2.9,-1.54,0.24,0.12,0.12,1.6,3.02,-1.42,0,1,-1,-0.34,58.3,72.91,54.03,1.02,0.89,318,14,18,14,17.65,15.73,11.27,5,2,35,8,8,207.4,83.13,49.27,55.27,207.2,82.16,1,Cesena 1-0 Modena,2025-11-28
Cesena,3.02,2.36,0.66,2.9,1.36,1.54,0.12,0.24,-0.12,3.02,1.6,1.42,1,0,1,0.34,41.7,27.09,37.34,0.89,1.02,100,9,14,18,15.73,17.65,13.46,2,5,17,7,15,42.1,16.87,39.87,44.73,45.0,17.84,1,Cesena 1-0 Modena,2025-11-28
Juve Stabia,1.26,2.43,-1.17,0.98,1.49,-0.51,0.28,0.18,0.1,1.26,1.67,-0.41,0,1,-1,0.17,43.4,32.34,41.82,0.34,1.27,129,5,10,16,29.41,12.6,7.84,10,5,8,4,18,48.1,22.31,60.53,54.86,43.27,20.7,1,Sampdoria 1-0 Juve Stabia,2025-11-24
Sampdoria,2.43,1.26,1.17,1.49,0.98,0.51,0.18,0.28,-0.1,1.67,1.26,0.41,1,0,1,-0.17,56.6,67.66,51.71,1.27,0.34,244,13,16,10,12.6,29.41,6.78,5,10,20,4,14,167.5,77.69,49.8,45.14,165.73,79.3,1,Sampdoria 1-0 Juve Stabia,2025-11-24
Cesena,1.1,1.68,-0.58,0.83,1.47,-0.64,0.27,0.21,0.06,1.1,1.68,-0.58,0,1,-1,-0.42,48.4,45.53,45.33,0.54,0.45,232,8,15,14,27.78,31.11,22.95,4,10,23,7,9,109.0,49.5,74.4,49.45,92.8,45.63,0,Monza 1-0 Cesena,2025-11-23
Monza,1.68,1.1,0.58,1.47,0.83,0.64,0.21,0.27,-0.06,1.68,1.1,0.58,1,0,1,0.42,51.6,54.47,50.32,0.45,0.54,307,14,14,15,31.11,27.78,20.9,10,4,16,6,3,111.2,50.5,76.07,50.55,110.57,54.37,1,Monza 1-0 Cesena,2025-11-23
Südtirol,0.77,2.6,-1.83,0.77,2.45,-1.68,0.0,0.15,-0.15,0.77,2.6,-1.83,0,0,0,1.83,32.9,36.34,51.86,0.26,1.54,153,11,7,23,26.92,14.94,12.42,4,5,14,3,24,42.9,18.85,125.0,96.25,86.5,44.43,5,Modena 0-0 Südtirol,2025-11-23
Modena,2.6,0.77,1.83,2.45,0.77,1.68,0.15,0.0,0.15,2.6,0.77,1.83,0,0,0,-1.83,67.1,63.66,51.11,1.54,0.26,313,32,23,7,14.94,26.92,5.07,5,4,33,5,13,184.7,81.15,4.87,3.75,108.17,55.57,3,Modena 0-0 Südtirol,2025-11-23
Spezia,2.25,4.16,-1.91,2.25,3.11,-0.86,0.0,1.06,-1.06,2.25,4.16,-1.91,1,4,-3,-1.09,34.3,34.81,48.63,0.97,1.32,148,11,9,23,9.28,17.42,16.59,4,5,16,2,16,48.2,16.67,127.4,96.9,84.03,35.46,0,Mantova 4-1 Spezia,2025-11-23
Mantova,4.16,2.25,1.91,3.11,2.25,0.86,1.06,0.0,1.06,4.16,2.25,1.91,4,1,3,1.09,65.7,65.19,47.87,1.32,0.97,285,19,23,9,17.42,9.28,6.97,5,4,24,8,13,240.9,83.33,4.07,3.1,152.97,64.54,0,Mantova 4-1 Spezia,2025-11-23
Frosinone,4.31,1.32,2.99,3.77,1.24,2.53,0.55,0.08,0.47,4.31,1.32,2.99,3,2,1,-1.99,49.5,73.53,56.5,1.46,0.8,259,32,28,10,19.18,12.5,9.72,8,4,24,9,19,239.4,96.53,106.87,93.25,350.33,99.74,3,Bari 2-3 Frosinone,2025-11-22
Bari,1.32,4.31,-2.99,1.24,3.77,-2.53,0.08,0.55,-0.47,1.32,4.31,-2.99,2,3,-1,1.99,50.5,26.47,36.68,0.8,1.46,94,6,10,28,12.5,19.18,7.66,4,8,18,4,13,8.6,3.47,7.73,6.75,0.9,0.26,1,Bari 2-3 Frosinone,2025-11-22
Venezia,2.2,0.94,1.26,0.73,0.75,-0.02,0.71,0.19,0.52,1.44,0.94,0.5,2,0,2,0.74,56.1,56.92,51.81,0.78,0.42,274,16,16,12,20.51,28.57,7.08,5,3,13,6,16,143.6,63.94,34.07,34.44,143.77,72.34,0,Padova 0-2 Venezia,2025-11-22
Padova,0.94,2.2,-1.26,0.75,0.73,0.02,0.19,0.71,-0.52,0.94,1.44,-0.5,0,2,-2,-0.74,43.9,43.08,49.15,0.42,0.78,189,16,12,16,28.57,20.51,8.93,3,5,19,8,15,81.0,36.06,64.87,65.56,54.97,27.66,1,Padova 0-2 Venezia,2025-11-22
Palermo,1.95,2.4,-0.45,1.52,1.86,-0.34,0.43,0.54,-0.11,1.95,2.4,-0.45,1,1,0,0.45,53.5,53.23,48.37,1.11,0.8,225,24,17,18,15.32,22.5,9.18,3,4,23,7,9,140.1,54.79,30.67,41.56,122.6,51.8,2,Virtus Entella 1-1 Palermo,2025-11-22
Virtus Entella,2.4,1.95,0.45,1.86,1.52,0.34,0.54,0.43,0.11,2.4,1.95,0.45,1,1,0,-0.45,46.5,46.77,47.38,0.8,1.11,180,12,18,17,22.5,15.32,11.41,4,3,23,7,15,115.6,45.21,43.13,58.44,114.07,48.2,2,Virtus Entella 1-1 Palermo,2025-11-22
Reggiana,1.84,1.09,0.75,1.75,1.08,0.67,0.08,0.01,0.07,1.84,1.09,0.75,0,0,0,-0.75,44.0,42.49,46.3,0.97,1.1,159,10,16,10,16.49,9.09,9.25,3,6,21,5,21,99.6,43.08,49.6,57.9,95.87,45.61,1,Carrarese 0-0 Reggiana,2025-11-22
Carrarese,1.09,1.84,-0.75,1.08,1.75,-0.67,0.01,0.08,-0.07,1.09,1.84,-0.75,0,0,0,0.75,56.0,57.51,50.76,1.1,0.97,244,17,10,16,9.09,16.49,7.59,6,3,31,5,11,131.6,56.92,36.07,42.1,114.33,54.39,2,Carrarese 0-0 Reggiana,2025-11-22
Empoli,2.18,1.68,0.5,2.15,1.47,0.68,0.03,0.21,-0.18,2.18,1.68,0.5,3,0,3,2.5,41.6,45.82,45.62,0.81,0.91,178,10,13,9,16.05,9.89,12.54,3,8,20,4,19,84.7,45.54,123.33,86.85,193.3,88.82,2,Avellino 0-3 Empoli,2025-11-22
Avellino,1.68,2.18,-0.5,1.47,2.15,-0.68,0.21,0.03,0.18,1.68,2.18,-0.5,0,3,-3,-2.5,58.4,54.18,43.6,0.91,0.81,216,10,9,13,9.89,16.05,11.68,8,3,32,6,8,101.3,54.46,18.67,13.15,24.33,11.18,0,Avellino 0-3 Empoli,2025-11-22
Pescara,1.1,3.04,-1.94,1.1,2.73,-1.63,0.0,0.31,-0.31,1.1,3.04,-1.94,3,3,0,1.94,42.3,41.23,45.78,0.37,0.78,160,5,8,19,21.62,24.36,8.92,5,3,14,4,22,37.9,18.3,64.07,72.53,41.6,25.33,0,Catanzaro 3-3 Pescara,2025-11-21
Catanzaro,3.04,1.1,1.94,2.73,1.1,1.63,0.31,0.0,0.31,3.04,1.1,1.94,3,3,0,-1.94,57.7,58.77,49.32,0.78,0.37,236,11,19,8,24.36,21.62,9.13,3,5,25,7,13,169.2,81.7,24.27,27.47,122.6,74.67,3,Catanzaro 3-3 Pescara,2025-11-21
Monza,2.21,0.97,1.24,1.65,0.97,0.68,0.56,0.0,0.56,2.21,0.97,1.24,2,0,2,0.76,64.6,64.47,47.57,0.87,0.51,330,18,19,7,21.84,13.73,7.76,11,3,22,7,10,210.3,78.38,2.73,2.14,164.97,68.11,0,Pescara 0-2 Monza,2025-11-09
Pescara,0.97,2.21,-1.24,0.97,1.65,-0.68,0.0,0.56,-0.56,0.97,2.21,-1.24,0,2,-2,-0.76,35.4,35.53,46.2,0.51,0.87,170,4,7,19,13.73,21.84,18.87,3,11,15,2,14,58.0,21.62,124.8,97.86,77.23,31.89,0,Pescara 0-2 Monza,2025-11-09
Avellino,1.28,2.12,-0.84,1.08,0.94,0.14,0.21,0.42,-0.21,1.28,1.36,-0.08,0,3,-3,-2.16,63.6,63.38,47.75,0.97,0.23,305,13,13,11,13.4,47.83,8.65,7,4,27,4,10,144.8,71.08,19.53,13.19,67.56,27.45,2,Cesena 3-0 Avellino,2025-11-09
Cesena,2.12,1.28,0.84,0.94,1.08,-0.14,0.42,0.21,0.21,1.36,1.28,0.08,3,0,3,2.16,36.4,36.62,45.41,0.23,0.97,153,6,11,13,47.83,13.4,16.16,4,7,14,5,16,58.9,28.92,128.53,86.81,178.58,72.55,1,Cesena 3-0 Avellino,2025-11-09
Sampdoria,0.66,1.85,-1.19,0.66,1.78,-1.12,0.0,0.07,-0.07,0.66,1.85,-1.19,1,3,-2,-0.81,43.8,48.88,46.58,0.51,0.64,157,10,8,18,15.69,28.12,9.97,6,3,25,6,17,60.6,34.85,81.87,81.27,65.1,33.24,3,Venezia 3-1 Sampdoria,2025-11-08
Venezia,1.85,0.66,1.19,1.78,0.66,1.12,0.07,0.0,0.07,1.85,0.66,1.19,3,1,2,0.81,56.2,51.12,45.15,0.64,0.51,205,13,18,8,28.12,15.69,8.67,3,6,9,3,12,113.3,65.15,18.87,18.73,130.73,66.76,1,Venezia 3-1 Sampdoria,2025-11-08
Palermo,0.36,1.09,-0.73,0.31,0.96,-0.65,0.05,0.13,-0.08,0.36,1.09,-0.73,0,1,-1,-0.27,47.8,48.7,46.81,0.69,0.44,145,12,9,14,13.04,31.82,5.94,2,2,18,4,27,53.7,48.64,36.07,51.72,64.4,44.97,5,Juve Stabia 1-0 Palermo,2025-11-08
Juve Stabia,1.09,0.36,0.73,0.96,0.31,0.65,0.13,0.05,0.08,1.09,0.36,0.73,1,0,1,0.27,52.2,51.3,45.15,0.44,0.69,147,9,14,9,31.82,13.04,6.37,2,2,17,6,18,56.7,51.36,33.67,48.28,78.8,55.03,4,Juve Stabia 1-0 Palermo,2025-11-08
Carrarese,3.26,0.47,2.79,2.14,0.47,1.67,0.36,0.0,0.36,2.5,0.47,2.03,1,1,0,-2.79,74.7,74.16,58.16,1.67,0.23,446,25,24,7,14.37,30.43,6.5,2,0,49,10,13,354.0,96.3,0.53,0.36,233.77,86.05,2,Südtirol 1-1 Carrarese,2025-11-08
Südtirol,0.47,3.26,-2.79,0.47,2.14,-1.67,0.0,0.36,-0.36,0.47,2.5,-2.03,1,1,0,2.79,25.3,25.84,53.41,0.23,1.67,126,10,7,24,30.43,14.37,35.09,0,2,9,1,5,13.6,3.7,147.07,99.64,37.9,13.95,4,Südtirol 1-1 Carrarese,2025-11-08
Virtus Entella,1.4,0.78,0.62,0.89,0.73,0.16,0.51,0.05,0.46,1.4,0.78,0.62,0,0,0,-0.62,52.1,60.76,49.41,0.55,0.38,198,13,17,7,30.91,18.42,10.6,3,6,36,13,15,122.3,74.39,50.13,55.09,133.33,75.24,2,Reggiana 0-0 Virtus Entella,2025-11-08
Reggiana,0.78,1.4,-0.62,0.73,0.89,-0.16,0.05,0.51,-0.46,0.78,1.4,-0.62,0,0,0,0.62,47.9,39.24,46.03,0.38,0.55,171,4,7,17,18.42,30.91,8.03,6,3,15,4,15,42.1,25.61,40.87,44.91,43.87,24.76,2,Reggiana 0-0 Virtus Entella,2025-11-08
Padova,0.67,1.76,-1.09,0.62,1.42,-0.8,0.05,0.34,-0.29,0.67,1.76,-1.09,0,1,-1,0.09,36.8,30.18,42.8,0.5,0.85,137,6,7,16,14.0,18.82,13.36,1,5,12,2,17,42.0,17.41,98.33,85.31,64.77,30.68,0,Mantova 1-0 Padova,2025-11-08
Mantova,1.76,0.67,1.09,1.42,0.62,0.8,0.34,0.05,0.29,1.76,0.67,1.09,1,0,1,-0.09,63.2,69.82,51.27,0.85,0.5,326,25,16,7,18.82,14.0,8.11,5,1,26,6,8,199.2,82.59,16.93,14.69,146.37,69.32,0,Mantova 1-0 Padova,2025-11-08
Modena,2.87,0.66,2.21,2.39,0.5,1.89,0.48,0.16,0.32,2.87,0.66,2.21,2,2,0,-2.21,59.0,65.7,49.41,1.46,0.27,219,29,21,8,14.38,29.63,8.93,4,3,44,8,14,200.4,89.7,13.2,19.3,168.13,78.37,6,Frosinone 2-2 Modena,2025-11-08
Frosinone,0.66,2.87,-2.21,0.5,2.39,-1.89,0.16,0.48,-0.32,0.66,2.87,-2.21,2,2,0,2.21,41.0,34.3,41.05,0.27,1.46,100,6,8,21,29.63,14.38,13.33,3,4,16,5,13,23.0,10.3,55.2,80.7,46.4,21.63,1,Frosinone 2-2 Modena,2025-11-08
Catanzaro,0.47,1.53,-1.06,0.47,0.71,-0.24,0.0,0.07,-0.07,0.47,0.77,-0.3,0,1,-1,0.06,67.7,58.69,48.74,0.36,0.29,266,9,6,11,16.67,37.93,5.58,7,2,20,4,11,91.8,61.32,26.53,16.62,29.97,21.93,0,Empoli 1-0 Catanzaro,2025-11-08
Empoli,1.53,0.47,1.06,0.71,0.47,0.24,0.07,0.0,0.07,0.77,0.47,0.3,1,0,1,-0.06,32.3,41.31,47.56,0.29,0.36,121,2,11,6,37.93,16.67,14.35,2,7,14,2,21,57.9,38.68,133.13,83.38,106.67,78.07,1,Empoli 1-0 Catanzaro,2025-11-08
Bari,1.61,1.36,0.25,0.52,1.27,-0.75,1.09,0.09,1.0,1.61,1.36,0.25,1,1,0,-0.25,63.0,58.47,49.52,0.69,0.61,285,14,19,10,27.54,16.39,8.35,3,5,40,12,11,135.1,71.41,24.27,18.53,93.83,54.67,2,Spezia 1-1 Bari,2025-11-07
Spezia,1.36,1.61,-0.25,1.27,0.52,0.75,0.09,1.09,-1.0,1.36,1.61,-0.25,1,1,0,0.25,37.0,41.53,49.7,0.61,0.69,167,14,10,19,16.39,27.54,15.33,5,3,16,4,15,54.1,28.59,106.73,81.47,77.8,45.33,0,Spezia 1-1 Bari,2025-11-07
Mantova,0.51,1.26,-0.75,0.46,1.13,-0.67,0.05,0.13,-0.08,0.51,1.26,-0.75,1,0,1,1.75,54.8,36.12,39.59,0.29,1.08,133,9,8,15,27.59,13.89,7.14,5,6,13,6,12,68.8,33.81,14.07,15.56,53.73,23.23,1,Sampdoria 0-1 Mantova,2025-11-02
Sampdoria,1.26,0.51,0.75,1.13,0.46,0.67,0.13,0.05,0.08,1.26,0.51,0.75,0,1,-1,-1.75,45.2,63.88,53.91,1.08,0.29,226,20,15,8,13.89,27.59,9.44,6,5,36,11,18,134.7,66.19,76.33,84.44,177.6,76.77,1,Sampdoria 0-1 Mantova,2025-11-02
Spezia,0.4,2.61,-2.21,0.4,1.67,-1.27,0.0,0.94,-0.94,0.4,2.61,-2.21,0,1,-1,1.21,31.0,27.96,44.79,0.32,0.96,109,5,5,16,15.62,16.67,16.33,2,2,12,1,18,22.6,9.09,126.53,86.55,61.93,25.91,1,Monza 1-0 Spezia,2025-11-02
Monza,2.61,0.4,2.21,1.67,0.4,1.27,0.94,0.0,0.94,2.61,0.4,2.21,1,0,1,-1.21,69.0,72.04,50.9,0.96,0.32,314,19,16,5,16.67,15.62,5.95,2,2,29,8,18,226.1,90.91,19.67,13.45,177.07,74.09,0,Monza 1-0 Spezia,2025-11-02
Juve Stabia,0.53,1.72,-1.19,0.51,0.96,-0.45,0.01,0.0,0.01,0.53,0.96,-0.43,0,3,-3,-1.81,56.8,44.02,40.26,0.25,0.38,158,4,7,9,28.0,23.68,9.64,2,10,18,7,20,43.9,32.54,20.13,18.46,23.57,11.27,2,Modena 3-0 Juve Stabia,2025-11-02
Modena,1.72,0.53,1.19,0.96,0.51,0.45,0.0,0.01,-0.01,0.96,0.53,0.43,3,0,3,1.81,43.2,55.98,46.46,0.38,0.25,178,8,9,7,23.68,28.0,9.18,10,2,11,3,11,91.0,67.46,88.93,81.54,185.53,88.73,1,Modena 3-0 Juve Stabia,2025-11-02
Venezia,2.5,1.51,0.99,2.04,1.44,0.6,0.46,0.08,0.38,2.5,1.51,0.99,1,2,-1,-1.99,72.2,81.96,54.75,1.14,0.24,382,19,21,7,18.42,29.17,6.14,6,3,22,5,17,300.1,91.91,9.2,6.71,194.77,82.19,0,Catanzaro 2-1 Venezia,2025-11-02
Catanzaro,1.51,2.5,-0.99,1.44,2.04,-0.6,0.08,0.46,-0.38,1.51,2.5,-0.99,2,1,1,1.99,27.8,18.04,39.84,0.24,1.14,75,5,7,21,29.17,18.42,13.68,3,6,7,2,13,26.4,8.09,127.93,93.29,42.2,17.81,2,Catanzaro 2-1 Venezia,2025-11-02
Cesena,1.14,0.91,0.23,1.14,0.85,0.29,0.0,0.05,-0.05,1.14,0.91,0.23,0,1,-1,-1.23,56.4,60.13,50.28,0.86,0.64,267,12,8,9,9.3,14.06,13.07,4,0,20,4,15,118.8,65.67,41.13,36.88,91.2,58.62,1,Bari 1-0 Cesena,2025-11-02
Bari,0.91,1.14,-0.23,0.85,1.14,-0.29,0.05,0.0,0.05,0.91,1.14,-0.23,1,0,1,1.23,43.6,39.87,45.63,0.64,0.86,185,7,9,8,14.06,9.3,19.5,0,4,13,3,8,62.1,34.33,70.4,63.12,64.37,41.38,1,Bari 1-0 Cesena,2025-11-02
Pescara,1.09,2.31,-1.22,0.94,1.51,-0.57,0.15,0.79,-0.64,1.09,2.31,-1.22,0,5,-5,-3.78,45.4,42.35,43.33,0.34,1.37,168,6,10,17,29.41,12.41,19.59,3,10,17,5,9,67.7,32.24,65.0,59.24,44.38,16.15,1,Palermo 5-0 Pescara,2025-11-01
Palermo,2.31,1.09,1.22,1.51,0.94,0.57,0.79,0.15,0.64,2.31,1.09,1.22,5,0,5,3.78,54.6,57.65,47.45,1.37,0.34,242,18,17,10,12.41,29.41,10.74,10,3,23,6,12,142.3,67.76,44.73,40.76,230.36,83.85,3,Palermo 5-0 Pescara,2025-11-01
Empoli,0.27,3.52,-3.25,0.27,2.53,-2.26,0.0,0.99,-0.99,0.27,3.52,-3.25,0,1,-1,2.25,47.3,36.72,42.24,0.17,1.11,124,6,5,22,29.41,19.82,9.85,5,3,16,2,14,17.5,10.29,57.2,52.57,41.47,19.2,4,Virtus Entella 1-0 Empoli,2025-11-01
Virtus Entella,3.52,0.27,3.25,2.53,0.27,2.26,0.99,0.0,0.99,3.52,0.27,3.25,1,0,1,-2.25,52.7,63.28,46.84,1.11,0.17,190,19,22,5,19.82,29.41,12.0,3,5,29,11,11,152.5,89.71,51.6,47.43,174.57,80.8,2,Virtus Entella 1-0 Empoli,2025-11-01
Südtirol,1.55,1.25,0.3,0.6,0.37,0.23,0.95,0.12,0.83,1.55,0.49,1.06,1,1,0,-0.3,41.8,58.09,56.41,0.87,0.26,238,16,14,11,16.09,42.31,14.53,7,5,29,8,18,117.1,68.16,108.2,96.03,211.47,89.68,3,Padova 1-1 Südtirol,2025-11-01
Padova,1.25,1.55,-0.3,0.37,0.6,-0.23,0.12,0.95,-0.83,0.49,1.55,-1.06,1,1,0,0.3,58.2,41.91,41.91,0.26,0.87,188,10,11,14,42.31,16.09,7.26,5,7,10,1,12,54.7,31.84,4.47,3.97,24.33,10.32,1,Padova 1-1 Südtirol,2025-11-01
Frosinone,2.64,1.45,1.19,1.8,1.24,0.56,0.07,0.21,-0.14,1.88,1.45,0.43,2,0,2,0.81,43.2,44.19,48.87,0.67,1.07,148,16,15,16,22.39,14.95,9.56,2,8,9,2,17,101.6,45.02,54.67,72.44,123.9,62.38,1,Carrarese 0-2 Frosinone,2025-11-01
Carrarese,1.45,2.64,-1.19,1.24,1.8,-0.56,0.21,0.07,0.14,1.45,1.88,-0.43,0,2,-2,-0.81,56.8,55.81,48.44,1.07,0.67,198,17,16,15,14.95,22.39,7.5,8,2,31,5,16,124.1,54.98,20.8,27.56,74.73,37.62,1,Carrarese 0-2 Frosinone,2025-11-01
Reggiana,2.6,2.1,0.5,2.16,1.11,1.05,0.44,0.23,0.21,2.6,1.34,1.26,3,4,-1,-1.5,47.8,50.0,46.79,0.88,0.49,160,12,16,13,18.18,26.53,9.82,3,5,22,4,21,74.9,47.35,71.27,73.93,77.44,37.91,5,Avellino 4-3 Reggiana,2025-11-01
Avellino,2.1,2.6,-0.5,1.11,2.16,-1.05,0.23,0.44,-0.21,1.34,2.6,-1.26,4,3,1,1.5,52.2,50.0,40.81,0.49,0.88,136,8,13,16,26.53,18.18,7.59,5,3,14,4,15,83.3,52.65,25.13,26.07,126.81,62.09,0,Avellino 4-3 Reggiana,2025-11-01
Südtirol,0.87,1.66,-0.79,0.87,1.65,-0.78,0.0,0.02,-0.02,0.87,1.66,-0.79,0,3,-3,-2.21,27.3,36.31,50.02,0.37,0.55,135,8,4,17,10.81,30.91,22.32,3,4,13,4,18,33.1,15.24,190.8,99.58,51.09,24.34,7,Venezia 3-0 Südtirol,2025-10-29
Venezia,1.66,0.87,0.79,1.65,0.87,0.78,0.02,0.0,0.02,1.66,0.87,0.79,3,0,3,2.21,72.7,63.69,48.58,0.55,0.37,329,7,17,4,30.91,10.81,5.85,4,3,7,1,9,184.1,84.76,0.8,0.42,158.82,75.66,1,Venezia 3-0 Südtirol,2025-10-29
Padova,0.63,1.0,-0.37,0.57,0.9,-0.33,0.06,0.1,-0.04,0.63,1.0,-0.37,1,1,0,0.37,55.8,52.94,46.13,0.13,0.91,215,4,4,9,30.77,9.89,9.05,7,2,14,3,16,55.3,41.77,37.13,37.71,47.47,29.87,1,Spezia 1-1 Padova,2025-10-29
Spezia,1.0,0.63,0.37,0.9,0.57,0.33,0.1,0.06,0.04,1.0,0.63,0.37,1,1,0,-0.37,44.2,47.06,44.73,0.91,0.13,176,12,9,4,9.89,30.77,11.35,2,7,17,3,17,77.1,58.23,61.33,62.29,111.47,70.13,2,Spezia 1-1 Padova,2025-10-29
Catanzaro,1.99,1.47,0.52,1.89,1.12,0.77,0.1,0.35,-0.25,1.99,1.47,0.52,3,1,2,1.48,42.2,45.25,50.06,0.45,0.72,168,12,20,16,44.44,22.22,9.32,7,0,20,5,18,81.8,45.07,64.0,72.67,94.43,44.79,0,Mantova 1-3 Catanzaro,2025-10-29
Mantova,1.47,1.99,-0.52,1.12,1.89,-0.77,0.35,0.1,0.25,1.47,1.99,-0.52,1,3,-2,-1.48,57.8,54.75,47.12,0.72,0.45,217,19,16,20,22.22,44.44,8.48,0,7,28,9,14,99.7,54.93,24.07,27.33,116.4,55.21,0,Mantova 1-3 Catanzaro,2025-10-29
Modena,1.41,0.75,0.66,0.8,0.75,0.05,0.61,0.0,0.61,1.41,0.75,0.66,0,1,-1,-1.66,70.3,84.08,53.52,0.64,0.28,349,15,22,8,34.38,28.57,5.24,14,2,33,9,19,244.7,99.03,4.47,3.94,143.93,90.33,3,Reggiana 1-0 Modena,2025-10-28
Reggiana,0.75,1.41,-0.66,0.75,0.8,-0.05,0.0,0.61,-0.61,0.75,1.41,-0.66,1,0,1,1.66,29.7,15.92,38.8,0.28,0.64,71,3,8,22,28.57,34.38,12.45,2,14,5,1,16,2.4,0.97,108.93,96.06,15.4,9.67,0,Reggiana 1-0 Modena,2025-10-28
Avellino,3.17,2.53,0.64,2.81,1.98,0.83,0.36,0.55,-0.19,3.17,2.53,0.64,1,1,0,-0.64,59.2,61.17,47.47,1.39,0.78,251,25,20,28,14.39,35.9,10.47,6,5,37,8,13,121.2,57.69,16.67,17.39,100.6,43.38,1,Pescara 1-1 Avellino,2025-10-28
Pescara,2.53,3.17,-0.64,1.98,2.81,-0.83,0.55,0.36,0.19,2.53,3.17,-0.64,1,1,0,0.64,40.8,38.83,43.3,0.78,1.39,143,15,28,20,35.9,14.39,15.21,5,6,25,5,15,88.9,42.31,79.2,82.61,131.33,56.62,0,Pescara 1-1 Avellino,2025-10-28
Monza,2.16,1.32,0.84,1.94,1.25,0.69,0.22,0.07,0.15,2.16,1.32,0.84,3,0,3,2.16,47.2,47.67,45.98,0.61,0.6,153,10,12,17,19.67,28.33,11.0,7,8,14,6,19,86.0,46.36,62.6,55.99,108.27,64.09,0,Palermo 0-3 Monza,2025-10-28
Palermo,1.32,2.16,-0.84,1.25,1.94,-0.69,0.07,0.22,-0.15,1.32,2.16,-0.84,0,3,-3,-2.16,52.8,52.33,47.06,0.6,0.61,189,17,17,12,28.33,19.67,8.22,8,7,24,6,5,99.5,53.64,49.2,44.01,60.67,35.91,4,Palermo 0-3 Monza,2025-10-28
Virtus Entella,1.02,2.95,-1.93,1.02,2.0,-0.98,0.0,0.95,-0.95,1.02,2.95,-1.93,0,4,-4,-2.07,50.8,42.01,44.85,0.46,0.39,157,7,11,21,23.91,53.85,8.88,2,7,15,3,15,82.2,37.3,28.2,30.7,57.9,20.91,0,Frosinone 4-0 Virtus Entella,2025-10-28
Frosinone,2.95,1.02,1.93,2.0,1.02,0.98,0.95,0.0,0.95,2.95,1.02,1.93,4,0,4,2.07,49.2,57.99,53.82,0.39,0.46,238,15,21,11,53.85,23.91,6.82,7,2,24,10,13,138.2,62.7,63.67,69.3,219.05,79.09,4,Frosinone 4-0 Virtus Entella,2025-10-28
Sampdoria,2.02,0.68,1.34,1.91,0.33,1.58,0.11,0.36,-0.25,2.02,0.68,1.34,1,1,0,-1.34,60.5,65.19,47.21,0.98,0.51,269,15,14,7,14.29,13.73,12.27,8,5,23,5,11,136.6,78.51,41.2,28.16,94.27,61.51,1,Empoli 1-1 Sampdoria,2025-10-28
Empoli,0.68,2.02,-1.34,0.33,1.91,-1.58,0.36,0.11,0.25,0.68,2.02,-1.34,1,1,0,1.34,39.5,34.81,42.44,0.51,0.98,140,8,7,14,13.73,14.29,17.88,5,8,18,4,10,37.4,21.49,105.13,71.84,59.0,38.49,0,Empoli 1-1 Sampdoria,2025-10-28
Carrarese,0.99,2.07,-1.08,0.79,1.31,-0.52,0.2,0.0,0.2,0.99,1.31,-0.32,1,2,-1,0.08,57.9,57.5,47.08,0.84,0.8,283,11,9,12,10.71,15.0,17.8,7,3,22,4,8,116.0,53.06,19.13,14.41,64.03,24.42,0,Cesena 2-1 Carrarese,2025-10-28
Cesena,2.07,0.99,1.08,1.31,0.79,0.52,0.0,0.2,-0.2,1.31,0.99,0.32,2,1,1,-0.08,42.1,42.5,45.78,0.8,0.84,198,17,12,9,15.0,10.71,22.39,3,7,13,5,13,102.6,46.94,113.67,85.59,198.13,75.58,1,Cesena 2-1 Carrarese,2025-10-28
Mantova,0.88,1.3,-0.42,0.58,0.86,-0.28,0.31,0.44,-0.13,0.88,1.3,-0.42,0,1,-1,-0.58,78.1,83.06,49.31,0.45,0.19,356,7,14,6,31.11,31.58,4.73,2,4,26,2,16,198.1,89.07,3.07,1.75,93.87,50.36,0,Bari 1-0 Mantova,2025-10-26
Bari,1.3,0.88,0.42,0.86,0.58,0.28,0.44,0.31,0.13,1.3,0.88,0.42,1,0,1,0.58,21.9,16.94,37.68,0.19,0.45,50,5,6,14,31.58,31.11,15.62,4,2,9,3,24,24.3,10.93,172.53,98.25,92.53,49.64,1,Bari 1-0 Mantova,2025-10-26
Juve Stabia,2.64,2.14,0.5,2.51,1.1,1.41,0.13,0.28,-0.15,2.64,1.38,1.26,2,2,0,-0.5,56.6,62.65,48.02,0.78,0.18,250,12,17,10,21.79,55.56,12.06,2,0,21,3,18,128.6,77.56,49.07,39.96,116.1,68.11,1,Padova 2-2 Juve Stabia,2025-10-26
Padova,2.14,2.64,-0.5,1.1,2.51,-1.41,0.28,0.13,0.15,1.38,2.64,-1.26,2,2,0,0.5,43.4,37.35,43.23,0.18,0.78,146,4,10,17,55.56,21.79,16.34,0,2,10,2,9,37.2,22.44,73.73,60.04,54.37,31.89,0,Padova 2-2 Juve Stabia,2025-10-26
Palermo,1.98,1.13,0.85,1.64,1.05,0.59,0.33,0.09,0.24,1.98,1.13,0.85,0,1,-1,-1.85,55.9,68.08,55.26,1.0,0.55,271,18,14,10,14.0,18.18,8.85,4,0,28,8,25,129.6,81.66,51.0,56.79,139.27,78.44,0,Catanzaro 1-0 Palermo,2025-10-25
Catanzaro,1.13,1.98,-0.85,1.05,1.64,-0.59,0.09,0.33,-0.24,1.13,1.98,-0.85,1,0,1,1.85,44.1,31.92,37.96,0.55,1.0,91,6,10,14,18.18,14.0,11.48,0,4,10,2,8,29.1,18.34,38.8,43.21,38.27,21.56,1,Catanzaro 1-0 Palermo,2025-10-25
Venezia,3.85,2.29,1.56,3.61,2.13,1.48,0.24,0.16,0.08,3.85,2.29,1.56,2,3,-1,-2.56,57.3,63.06,52.54,0.77,0.89,294,15,25,14,32.47,15.73,8.59,4,6,16,4,14,221.5,71.96,29.07,28.22,201.13,69.61,0,Carrarese 3-2 Venezia,2025-10-25
Carrarese,2.29,3.85,-1.56,2.13,3.61,-1.48,0.16,0.24,-0.08,2.29,3.85,-1.56,3,2,1,2.56,42.7,36.94,44.02,0.89,0.77,139,16,14,25,15.73,32.47,12.48,6,4,20,6,14,86.3,28.04,73.93,71.78,87.8,30.39,3,Carrarese 3-2 Venezia,2025-10-25
Pescara,0.62,3.72,-3.1,0.55,3.26,-2.71,0.07,0.47,-0.4,0.62,3.72,-3.1,1,1,0,3.1,49.2,41.51,44.17,0.42,1.36,166,8,11,21,26.19,15.44,15.04,2,2,14,5,8,66.2,28.04,34.2,35.11,56.27,25.16,1,Virtus Entella 1-1 Pescara,2025-10-25
Virtus Entella,3.72,0.62,3.1,3.26,0.55,2.71,0.47,0.07,0.4,3.72,0.62,3.1,1,1,0,-3.1,50.8,58.49,50.64,1.36,0.42,244,18,21,11,15.44,26.19,13.64,2,2,36,11,12,169.9,71.96,63.2,64.89,167.37,74.84,0,Virtus Entella 1-1 Pescara,2025-10-25
Cesena,0.75,1.05,-0.3,0.75,0.73,0.02,0.0,0.32,-0.32,0.75,1.05,-0.3,1,0,1,1.3,53.7,39.76,46.53,0.75,1.11,227,11,5,14,6.67,12.61,9.82,2,8,17,4,18,47.6,26.49,27.4,21.53,35.23,18.86,0,Südtirol 0-1 Cesena,2025-10-25
Südtirol,1.05,0.75,0.3,0.73,0.75,-0.02,0.32,0.0,0.32,1.05,0.75,0.3,0,1,-1,-1.3,46.3,60.24,56.8,1.11,0.75,288,23,14,5,12.61,6.67,9.58,8,2,40,8,16,132.1,73.51,99.87,78.47,151.6,81.14,6,Südtirol 0-1 Cesena,2025-10-25
Frosinone,1.61,1.7,-0.09,1.09,1.51,-0.42,0.51,0.18,0.33,1.61,1.7,-0.09,1,1,0,0.09,47.4,45.04,45.01,0.36,0.94,141,13,16,13,44.44,13.83,7.38,7,5,15,8,19,97.8,51.12,45.73,71.53,118.9,59.76,1,Sampdoria 1-1 Frosinone,2025-10-25
Sampdoria,1.7,1.61,0.09,1.51,1.09,0.42,0.18,0.51,-0.33,1.7,1.61,0.09,1,1,0,-0.09,52.6,54.96,45.98,0.94,0.36,167,17,13,16,13.83,44.44,8.5,5,7,22,5,11,93.5,48.88,18.2,28.47,80.07,40.24,0,Sampdoria 1-1 Frosinone,2025-10-25
Reggiana,0.35,2.37,-2.02,0.34,1.84,-1.5,0.01,0.53,-0.52,0.35,2.37,-2.02,1,3,-2,0.02,43.2,33.56,43.8,0.17,0.82,163,7,3,18,17.65,21.95,11.67,4,7,13,2,13,41.7,17.48,82.8,70.97,28.5,10.09,1,Monza 3-1 Reggiana,2025-10-25
Monza,2.37,0.35,2.02,1.84,0.34,1.5,0.53,0.01,0.52,2.37,0.35,2.02,3,1,2,-0.02,56.8,66.44,48.64,0.82,0.17,265,16,18,3,21.95,17.65,9.51,7,4,17,7,15,196.8,82.52,33.87,29.03,253.9,89.91,2,Monza 3-1 Reggiana,2025-10-25
Spezia,2.88,0.96,1.92,2.75,0.87,1.88,0.13,0.09,0.04,2.88,0.96,1.92,4,0,4,2.08,49.6,59.38,52.96,2.21,0.68,238,23,23,7,10.41,10.29,8.64,7,1,26,6,19,192.3,75.71,76.93,61.54,223.27,82.76,3,Avellino 0-4 Spezia,2025-10-25
Avellino,0.96,2.88,-1.92,0.87,2.75,-1.88,0.09,0.13,-0.04,0.96,2.88,-1.92,0,4,-4,-2.08,50.4,40.62,44.54,0.68,2.21,188,11,7,23,10.29,10.41,12.52,1,7,27,7,12,61.7,24.29,48.07,38.46,46.5,17.24,1,Avellino 0-4 Spezia,2025-10-25
Empoli,0.56,1.48,-0.92,0.47,0.52,-0.05,0.09,0.2,-0.11,0.56,0.72,-0.16,1,2,-1,-0.08,44.1,38.1,41.65,0.35,0.99,127,6,6,11,17.14,11.11,11.97,1,1,22,5,16,27.7,16.66,52.0,55.75,26.57,16.86,2,Modena 2-1 Empoli,2025-10-24
Modena,1.48,0.56,0.92,0.52,0.47,0.05,0.2,0.09,0.11,0.72,0.56,0.16,2,1,1,0.08,55.9,61.9,50.21,0.99,0.35,242,16,11,6,11.11,17.14,8.71,1,1,27,6,18,138.6,83.34,41.27,44.25,131.03,83.14,4,Modena 2-1 Empoli,2025-10-24
Padova,0.89,2.67,-1.78,0.83,1.83,-1.0,0.06,0.08,-0.02,0.89,1.91,-1.02,1,0,1,2.78,42.5,31.23,42.55,0.39,1.72,130,9,10,19,25.64,11.05,8.76,5,3,11,4,18,34.2,17.42,57.13,57.17,37.17,25.2,0,Catanzaro 0-1 Padova,2025-10-19
Catanzaro,2.67,0.89,1.78,1.83,0.83,1.0,0.08,0.06,0.02,1.91,0.89,1.02,0,1,-1,-2.78,57.5,68.77,52.32,1.72,0.39,276,26,19,10,11.05,25.64,10.25,3,5,32,8,15,162.1,82.58,42.8,42.83,110.33,74.8,2,Catanzaro 0-1 Padova,2025-10-19
Venezia,1.27,1.58,-0.31,1.27,1.56,-0.29,0.0,0.02,-0.02,1.27,1.58,-0.31,1,1,0,0.31,68.6,65.72,52.77,1.39,0.41,351,9,16,9,11.51,21.95,6.86,4,1,28,6,9,199.5,81.86,3.73,2.83,109.3,59.34,0,Empoli 1-1 Venezia,2025-10-19
Empoli,1.58,1.27,0.31,1.56,1.27,0.29,0.02,0.0,0.02,1.58,1.27,0.31,1,1,0,-0.31,31.4,34.28,47.07,0.41,1.39,124,9,9,16,21.95,11.51,16.65,1,4,25,5,16,44.2,18.14,128.13,97.17,74.9,40.66,2,Empoli 1-1 Venezia,2025-10-19
Modena,2.05,1.32,0.73,1.47,1.12,0.35,0.58,0.2,0.38,2.05,1.32,0.73,1,1,0,-0.73,57.7,57.38,48.13,0.85,1.02,231,22,18,10,21.18,9.8,6.71,8,3,27,5,11,144.4,70.23,11.73,12.95,95.03,47.21,1,Palermo 1-1 Modena,2025-10-19
Palermo,1.32,2.05,-0.73,1.12,1.47,-0.35,0.2,0.58,-0.38,1.32,2.05,-0.73,1,1,0,0.73,42.3,42.62,46.97,1.02,0.85,158,15,10,18,9.8,21.18,12.17,3,8,22,3,17,61.2,29.77,78.87,87.05,106.27,52.79,4,Palermo 1-1 Modena,2025-10-19
Cesena,1.78,1.39,0.39,1.54,1.26,0.28,0.24,0.13,0.11,1.78,1.39,0.39,2,1,1,0.61,42.6,39.4,48.09,1.0,1.27,184,10,12,12,12.0,9.45,11.94,1,4,19,4,20,53.0,32.14,66.0,72.31,54.53,54.79,2,Spezia 1-2 Cesena,2025-10-18
Spezia,1.39,1.78,-0.39,1.26,1.54,-0.28,0.13,0.24,-0.11,1.39,1.78,-0.39,1,2,-1,-0.61,57.4,60.6,52.12,1.27,1.0,288,20,12,12,9.45,12.0,6.91,4,1,30,6,19,111.9,67.86,25.27,27.69,45.0,45.21,1,Spezia 1-2 Cesena,2025-10-18
Avellino,1.3,1.28,0.02,0.81,0.53,0.28,0.49,0.75,-0.26,1.3,1.28,0.02,0,2,-2,-2.02,54.5,50.62,48.19,0.69,0.52,225,7,11,11,15.94,21.15,9.9,3,6,17,3,11,103.9,50.44,32.87,27.81,56.23,25.6,0,Juve Stabia 2-0 Avellino,2025-10-18
Juve Stabia,1.28,1.3,-0.02,0.53,0.81,-0.28,0.75,0.49,0.26,1.28,1.3,-0.02,2,0,2,2.02,45.5,49.38,49.09,0.52,0.69,194,11,11,11,21.15,15.94,7.96,6,3,17,6,23,102.1,49.56,85.33,72.19,163.43,74.4,4,Juve Stabia 2-0 Avellino,2025-10-18
Bari,1.79,2.05,-0.26,1.68,1.49,0.19,0.11,0.56,-0.45,1.79,2.05,-0.26,1,3,-2,-1.74,49.6,49.07,44.99,1.22,0.98,204,9,11,14,9.02,14.29,12.72,3,10,14,1,15,66.6,40.34,39.33,34.77,51.73,28.1,1,Reggiana 3-1 Bari,2025-10-18
Reggiana,2.05,1.79,0.26,1.49,1.68,-0.19,0.56,0.11,0.45,2.05,1.79,0.26,3,1,2,1.74,50.4,50.93,47.14,0.98,1.22,218,14,14,11,14.29,9.02,9.64,10,3,15,3,13,98.5,59.66,73.8,65.23,132.33,71.9,0,Reggiana 3-1 Bari,2025-10-18
Carrarese,1.14,1.48,-0.34,1.01,0.79,0.22,0.12,0.7,-0.58,1.14,1.48,-0.34,2,2,0,0.34,47.0,53.49,47.69,1.02,0.42,206,15,11,16,10.78,38.1,10.71,7,1,16,4,14,62.1,41.29,52.4,71.26,100.03,62.71,4,Pescara 2-2 Carrarese,2025-10-18
Pescara,1.48,1.14,0.34,0.79,1.01,-0.22,0.7,0.12,0.58,1.48,1.14,0.34,2,2,0,-0.34,53.0,46.51,42.54,0.42,1.02,172,9,16,11,38.1,10.78,12.24,1,7,22,10,11,88.3,58.71,21.13,28.74,59.47,37.29,0,Pescara 2-2 Carrarese,2025-10-18
Südtirol,0.62,3.08,-2.46,0.62,2.81,-2.19,0.0,0.27,-0.27,0.62,3.08,-2.46,1,1,0,2.46,17.7,29.1,55.21,0.35,1.01,99,7,7,25,20.0,24.75,15.74,5,3,13,2,19,27.1,9.67,239.67,100.0,109.6,59.07,5,Mantova 1-1 Südtirol,2025-10-18
Mantova,3.08,0.62,2.46,2.81,0.62,2.19,0.27,0.0,0.27,3.08,0.62,2.46,1,1,0,-2.46,82.3,70.9,48.84,1.01,0.35,387,27,25,7,24.75,20.0,3.93,3,5,22,5,12,253.1,90.33,0.0,0.0,75.93,40.93,1,Mantova 1-1 Südtirol,2025-10-18
Monza,3.18,1.14,2.04,3.03,1.06,1.97,0.15,0.08,0.07,3.18,1.14,2.04,1,0,1,-1.04,43.2,43.67,45.41,0.63,0.5,121,13,20,15,31.75,30.0,10.41,5,1,11,2,22,92.9,53.86,46.53,67.9,124.97,67.7,0,Frosinone 0-1 Monza,2025-10-18
Frosinone,1.14,3.18,-2.04,1.06,3.03,-1.97,0.08,0.15,-0.07,1.14,3.18,-2.04,0,1,-1,1.04,56.8,56.33,48.01,0.5,0.63,197,8,15,20,30.0,31.75,7.85,1,5,22,5,11,79.6,46.14,22.0,32.1,59.63,32.3,7,Frosinone 0-1 Monza,2025-10-18
Sampdoria,1.48,2.95,-1.47,1.41,1.51,-0.1,0.07,0.69,-0.62,1.48,2.19,-0.71,1,3,-2,-0.53,58.0,57.6,51.29,0.76,0.74,216,14,14,17,18.42,22.97,6.88,4,1,29,5,15,99.8,60.27,8.73,15.53,60.6,36.28,2,Virtus Entella 3-1 Sampdoria,2025-10-17
Virtus Entella,2.95,1.48,1.47,1.51,1.41,0.1,0.69,0.07,0.62,2.19,1.48,0.71,3,1,2,0.53,42.0,42.4,45.78,0.74,0.76,124,14,17,14,22.97,18.42,10.13,1,4,32,12,16,65.8,39.73,47.47,84.47,106.43,63.72,1,Virtus Entella 3-1 Sampdoria,2025-10-17
Virtus Entella,2.65,2.76,-0.11,2.53,1.53,1.0,0.12,0.48,-0.36,2.65,2.0,0.65,0,2,-2,-1.89,44.1,40.8,46.34,0.82,1.29,171,15,15,18,18.29,13.95,10.34,6,8,20,3,17,79.0,37.21,66.93,83.32,93.0,46.44,2,Modena 2-0 Virtus Entella,2025-10-05
Modena,2.76,2.65,0.11,1.53,2.53,-1.0,0.48,0.12,0.36,2.0,2.65,-0.65,2,0,2,1.89,55.9,59.2,50.6,1.29,0.82,262,22,18,15,13.95,18.29,6.64,8,6,23,5,11,133.3,62.79,13.4,16.68,107.27,53.56,2,Modena 2-0 Virtus Entella,2025-10-05
Pescara,0.42,4.43,-4.01,0.42,2.94,-2.52,0.0,0.73,-0.73,0.42,3.67,-3.25,1,4,-3,1.01,53.2,40.98,42.01,0.37,1.45,141,4,6,28,16.22,19.31,9.72,4,11,10,1,11,37.7,18.7,27.67,27.18,20.87,8.81,0,Sampdoria 4-1 Pescara,2025-10-05
Sampdoria,4.43,0.42,4.01,2.94,0.42,2.52,0.73,0.0,0.73,3.67,0.42,3.25,4,1,3,-1.01,46.8,59.02,50.58,1.45,0.37,203,22,28,6,19.31,16.22,8.72,11,4,27,8,19,163.9,81.3,74.13,72.82,216.03,91.19,0,Sampdoria 4-1 Pescara,2025-10-05
Empoli,2.91,1.76,1.15,2.15,1.61,0.54,0.76,0.15,0.61,2.91,1.76,1.15,2,1,1,-0.15,67.2,57.65,51.96,1.66,1.27,280,24,21,13,12.65,10.24,7.55,2,3,27,7,14,185.8,80.71,2.47,2.15,124.03,56.13,5,Südtirol 1-2 Empoli,2025-10-05
Südtirol,1.76,2.91,-1.15,1.61,2.15,-0.54,0.15,0.76,-0.61,1.76,2.91,-1.15,1,2,-1,0.15,32.8,42.35,53.65,1.27,1.66,144,20,13,21,10.24,12.65,11.65,3,2,15,2,19,44.4,19.29,112.27,97.85,96.93,43.87,10,Südtirol 1-2 Empoli,2025-10-05
Juve Stabia,1.82,1.83,-0.01,1.82,1.05,0.77,0.0,0.01,-0.01,1.82,1.07,0.75,0,3,-3,-2.99,64.7,67.73,46.44,0.46,0.48,259,11,15,10,32.61,20.83,7.59,3,3,22,3,19,125.4,80.38,9.53,7.64,67.22,37.45,1,Carrarese 3-0 Juve Stabia,2025-10-05
Carrarese,1.83,1.82,0.01,1.05,1.82,-0.77,0.01,0.0,0.01,1.07,1.82,-0.75,3,0,3,2.99,35.3,32.27,38.6,0.48,0.46,101,8,10,15,20.83,32.61,17.29,3,3,13,5,13,30.6,19.62,115.27,92.36,112.29,62.55,1,Carrarese 3-0 Juve Stabia,2025-10-05
Reggiana,1.08,2.09,-1.01,1.08,1.8,-0.72,0.0,0.29,-0.29,1.08,2.09,-1.01,2,1,1,2.01,39.1,25.16,40.29,0.26,1.36,101,7,6,16,23.08,11.76,15.43,2,6,4,0,12,8.0,3.53,86.2,79.32,40.87,24.39,0,Cesena 1-2 Reggiana,2025-10-04
Cesena,2.09,1.08,1.01,1.8,1.08,0.72,0.29,0.0,0.29,2.09,1.08,1.01,1,2,-1,-2.01,60.9,74.84,51.13,1.36,0.26,328,23,16,6,11.76,23.08,9.14,6,2,28,4,17,218.7,96.47,22.47,20.68,126.73,75.61,2,Cesena 1-2 Reggiana,2025-10-04
Palermo,1.35,2.67,-1.32,0.94,1.88,-0.94,0.4,0.03,0.37,1.35,1.91,-0.56,2,1,1,2.32,48.6,47.89,47.92,0.64,0.99,201,11,10,13,15.62,13.13,12.1,1,5,22,5,17,104.3,47.95,53.6,53.71,116.67,67.78,1,Spezia 1-2 Palermo,2025-10-04
Spezia,2.67,1.35,1.32,1.88,0.94,0.94,0.03,0.4,-0.37,1.91,1.35,0.56,1,2,-1,-2.32,51.4,52.11,50.96,0.99,0.64,251,13,13,10,13.13,15.62,10.81,5,1,33,5,13,113.2,52.05,46.2,46.29,55.47,32.22,0,Spezia 1-2 Palermo,2025-10-04
Frosinone,2.0,2.49,-0.49,1.33,1.61,-0.28,0.67,0.13,0.54,2.0,1.73,0.27,0,3,-3,-2.51,50.1,54.9,47.66,0.59,0.51,169,17,17,17,28.81,33.33,5.89,4,7,19,7,29,99.0,52.72,60.4,62.14,75.92,30.33,5,Venezia 3-0 Frosinone,2025-10-04
Venezia,2.49,2.0,0.49,1.61,1.33,0.28,0.13,0.67,-0.54,1.73,2.0,-0.27,3,0,3,2.51,49.9,45.1,43.73,0.51,0.59,135,11,17,17,33.33,28.81,5.69,7,4,5,3,18,88.8,47.28,36.8,37.86,174.4,69.67,0,Venezia 3-0 Frosinone,2025-10-04
Catanzaro,1.03,2.4,-1.37,0.92,2.06,-1.14,0.11,0.34,-0.23,1.03,2.4,-1.37,1,2,-1,0.37,58.1,45.95,45.31,0.7,1.07,229,9,10,13,14.29,12.15,11.15,4,3,20,3,9,65.4,37.37,15.13,10.47,24.0,12.97,0,Monza 2-1 Catanzaro,2025-10-04
Monza,2.4,1.03,1.37,2.06,0.92,1.14,0.34,0.11,0.23,2.4,1.03,1.37,2,1,1,-0.37,41.9,54.05,51.96,1.07,0.7,215,15,13,10,12.15,14.29,17.48,3,4,25,5,17,109.6,62.63,129.4,89.53,161.07,87.03,0,Monza 2-1 Catanzaro,2025-10-04
Padova,2.09,1.92,0.17,1.58,0.83,0.75,0.51,0.33,0.18,2.09,1.16,0.93,1,2,-1,-1.17,50.4,48.33,47.08,0.73,0.77,205,13,17,15,23.29,19.48,14.65,3,2,24,7,16,109.9,49.71,40.33,40.82,88.87,46.05,1,Bari 2-1 Padova,2025-10-04
Bari,1.92,2.09,-0.17,0.83,1.58,-0.75,0.33,0.51,-0.18,1.16,2.09,-0.93,2,1,1,1.17,49.6,51.67,52.08,0.77,0.73,253,12,15,17,19.48,23.29,12.79,2,3,27,7,11,111.2,50.29,58.47,59.18,104.1,53.95,3,Bari 2-1 Padova,2025-10-04
Mantova,0.99,1.81,-0.82,0.76,1.52,-0.76,0.23,0.29,-0.06,0.99,1.81,-0.82,0,0,0,0.82,58.7,55.91,47.32,0.6,0.47,237,14,19,12,31.67,25.53,6.6,14,7,19,7,13,128.5,71.95,26.73,24.24,100.27,56.04,0,Avellino 0-0 Mantova,2025-10-04
Avellino,1.81,0.99,0.82,1.52,0.76,0.76,0.29,0.23,0.06,1.81,0.99,0.82,0,0,0,-0.82,41.3,44.09,46.32,0.47,0.6,152,8,12,19,25.53,31.67,10.62,7,14,23,8,13,50.1,28.05,83.53,75.76,78.67,43.96,0,Avellino 0-0 Mantova,2025-10-04
Catanzaro,1.03,1.16,-0.13,0.96,0.86,0.1,0.06,0.3,-0.24,1.03,1.16,-0.13,0,0,0,0.13,62.3,53.16,45.61,0.31,0.62,210,10,16,11,51.61,17.74,8.86,3,6,19,5,12,109.2,64.46,21.6,18.58,79.1,43.4,0,Sampdoria 0-0 Catanzaro,2025-10-01
Sampdoria,1.16,1.03,0.13,0.86,0.96,-0.1,0.3,0.06,0.24,1.16,1.03,0.13,0,0,0,-0.13,37.7,46.84,49.25,0.62,0.31,166,10,11,16,17.74,51.61,13.23,6,3,21,3,16,60.2,35.54,94.67,81.42,103.17,56.6,5,Sampdoria 0-0 Catanzaro,2025-10-01
Südtirol,1.61,0.79,0.82,1.61,0.67,0.94,0.0,0.12,-0.12,1.61,0.79,0.82,1,1,0,-0.82,44.5,53.79,48.62,0.92,0.3,179,19,13,9,14.13,30.0,10.0,6,5,17,2,20,94.9,63.61,71.67,82.95,125.37,88.23,6,Pescara 1-1 Südtirol,2025-10-01
Pescara,0.79,1.61,-0.82,0.67,1.61,-0.94,0.12,0.0,0.12,0.79,1.61,-0.82,1,1,0,0.82,55.5,46.21,43.1,0.3,0.92,169,6,9,13,30.0,14.13,9.8,5,6,16,5,10,54.3,36.39,14.73,17.05,16.73,11.77,1,Pescara 1-1 Südtirol,2025-10-01
Monza,2.57,1.35,1.22,2.4,1.2,1.2,0.17,0.16,0.01,2.57,1.35,1.22,1,1,0,-1.22,49.7,45.29,45.71,0.8,0.79,168,11,16,12,20.0,15.19,8.38,4,1,14,4,15,60.6,53.11,32.07,45.55,68.1,54.54,0,Empoli 1-1 Monza,2025-10-01
Empoli,1.35,2.57,-1.22,1.2,2.4,-1.2,0.16,0.17,-0.01,1.35,2.57,-1.22,1,1,0,1.22,50.3,54.71,46.68,0.79,0.8,187,15,12,16,15.19,20.0,10.9,1,4,21,4,12,53.5,46.89,38.33,54.45,56.77,45.46,5,Empoli 1-1 Monza,2025-10-01
Modena,0.51,1.37,-0.86,0.22,1.25,-1.03,0.3,0.12,0.18,0.51,1.37,-0.86,0,0,0,0.86,49.4,55.16,48.29,0.22,0.29,163,11,10,14,45.45,48.28,7.64,4,3,23,6,21,68.6,57.17,57.6,62.88,81.13,66.8,6,Carrarese 0-0 Modena,2025-10-01
Carrarese,1.37,0.51,0.86,1.25,0.22,1.03,0.12,0.3,-0.18,1.37,0.51,0.86,0,0,0,-0.86,50.6,44.84,41.82,0.29,0.22,126,7,14,10,48.28,45.45,9.0,3,4,14,4,14,51.4,42.83,34.0,37.12,40.33,33.2,4,Carrarese 0-0 Modena,2025-10-01
Bari,1.38,1.89,-0.51,0.7,1.74,-1.04,0.68,0.15,0.53,1.38,1.89,-0.51,2,2,0,0.51,50.3,40.45,41.57,0.6,0.64,152,6,9,18,15.0,28.12,10.39,0,2,16,2,11,43.8,32.18,39.73,44.41,38.77,27.78,1,Virtus Entella 2-2 Bari,2025-09-30
Virtus Entella,1.89,1.38,0.51,1.74,0.7,1.04,0.15,0.68,-0.53,1.89,1.38,0.51,2,2,0,-0.51,49.7,59.55,47.26,0.64,0.6,207,12,18,9,28.12,15.0,9.16,2,0,20,4,22,92.3,67.82,49.73,55.59,100.77,72.22,3,Virtus Entella 2-2 Bari,2025-09-30
Spezia,0.42,0.98,-0.56,0.42,0.95,-0.53,0.0,0.03,-0.03,0.42,0.98,-0.56,1,1,0,0.56,45.4,41.83,48.6,0.9,0.82,191,19,3,14,3.33,17.07,14.45,4,1,24,5,9,65.9,24.89,82.53,70.82,56.37,31.11,1,Reggiana 1-1 Spezia,2025-09-30
Reggiana,0.98,0.42,0.56,0.95,0.42,0.53,0.03,0.0,0.03,0.98,0.42,0.56,1,1,0,-0.56,54.6,58.17,53.22,0.82,0.9,269,16,14,3,17.07,3.33,12.48,1,4,34,2,16,198.9,75.11,34.0,29.18,124.83,68.89,1,Reggiana 1-1 Spezia,2025-09-30
Venezia,0.72,0.48,0.24,0.72,0.48,0.24,0.0,0.0,0.0,0.72,0.48,0.24,0,0,0,-0.24,63.2,59.72,46.92,0.3,0.22,217,2,11,3,36.67,13.64,7.25,0,2,14,3,14,151.4,76.85,5.67,5.42,88.33,53.84,0,Palermo 0-0 Venezia,2025-09-30
Palermo,0.48,0.72,-0.24,0.48,0.72,-0.24,0.0,0.0,0.0,0.48,0.72,-0.24,0,0,0,0.24,36.8,40.28,49.52,0.22,0.3,139,9,3,11,13.64,36.67,11.12,2,0,14,4,20,45.6,23.15,98.87,94.58,75.73,46.16,4,Palermo 0-0 Venezia,2025-09-30
Avellino,1.39,1.35,0.04,1.38,1.27,0.11,0.01,0.08,-0.07,1.39,1.35,0.04,2,2,0,-0.04,55.3,59.07,50.36,0.57,0.88,319,8,12,11,21.05,12.5,12.45,3,6,18,1,13,119.0,63.74,27.2,23.53,75.93,41.89,3,Padova 2-2 Avellino,2025-09-30
Padova,1.35,1.39,-0.04,1.27,1.38,-0.11,0.08,0.01,0.07,1.35,1.39,-0.04,2,2,0,0.04,44.7,40.93,49.06,0.88,0.57,240,14,11,12,12.5,21.05,12.84,6,3,22,4,14,67.7,36.26,88.4,76.47,105.33,58.11,0,Padova 2-2 Avellino,2025-09-30
Mantova,1.65,1.97,-0.32,1.6,1.31,0.29,0.05,0.66,-0.61,1.65,1.97,-0.32,1,2,-1,-0.68,57.1,59.21,44.87,1.05,0.45,222,15,15,10,14.29,22.22,8.39,4,6,28,4,16,131.3,74.14,48.2,31.6,56.53,29.86,2,Juve Stabia 2-1 Mantova,2025-09-30
Juve Stabia,1.97,1.65,0.32,1.31,1.6,-0.29,0.66,0.05,0.61,1.97,1.65,0.32,2,1,1,0.68,42.9,40.79,40.68,0.45,1.05,143,12,10,15,22.22,14.29,11.53,6,4,17,4,20,45.8,25.86,104.33,68.4,132.8,70.14,0,Juve Stabia 2-1 Mantova,2025-09-30
Cesena,1.83,2.42,-0.59,1.83,2.35,-0.52,0.0,0.07,-0.07,1.83,2.42,-0.59,1,3,-2,-1.41,57.1,54.23,50.9,0.71,0.64,254,13,11,17,15.49,26.56,8.03,1,7,20,3,20,122.8,55.74,12.0,12.55,61.71,31.01,0,Frosinone 3-1 Cesena,2025-09-30
Frosinone,2.42,1.83,0.59,2.35,1.83,0.52,0.07,0.0,0.07,2.42,1.83,0.59,3,1,2,1.41,42.9,45.77,48.94,0.64,0.71,173,12,17,11,26.56,15.49,8.45,7,1,12,7,13,97.5,44.26,83.6,87.45,137.32,68.99,3,Frosinone 3-1 Cesena,2025-09-30
Carrarese,1.2,2.34,-1.14,0.83,2.04,-1.21,0.37,0.3,0.07,1.2,2.34,-1.14,2,2,0,1.14,48.8,53.53,46.24,0.58,0.87,162,12,9,13,15.52,14.94,9.62,4,3,13,3,15,67.5,47.74,60.07,68.52,84.93,62.08,3,Empoli 2-2 Carrarese,2025-09-28
Empoli,2.34,1.2,1.14,2.04,0.83,1.21,0.3,0.37,-0.07,2.34,1.2,1.14,2,2,0,-1.14,51.2,46.47,44.31,0.87,0.58,150,9,13,9,14.94,15.52,6.87,3,4,15,2,20,73.9,52.26,27.6,31.48,51.87,37.92,2,Empoli 2-2 Carrarese,2025-09-28
Pescara,0.4,2.3,-1.9,0.4,1.29,-0.89,0.0,0.25,-0.25,0.4,1.54,-1.14,1,2,-1,0.9,51.7,34.3,42.98,0.18,0.5,165,3,6,15,33.33,30.0,12.04,3,3,9,0,15,31.6,17.95,25.0,27.76,20.47,9.83,0,Modena 2-1 Pescara,2025-09-28
Modena,2.3,0.4,1.9,1.29,0.4,0.89,0.25,0.0,0.25,1.54,0.4,1.14,2,1,1,-0.9,48.3,65.7,49.56,0.5,0.18,215,8,15,6,30.0,33.33,11.35,3,3,18,4,15,144.4,82.05,65.07,72.24,187.73,90.17,1,Modena 2-1 Pescara,2025-09-28
Sampdoria,1.28,1.43,-0.15,1.0,1.35,-0.35,0.28,0.08,0.2,1.28,1.43,-0.15,1,1,0,0.15,37.4,43.93,47.81,0.52,0.9,125,8,14,13,26.92,14.44,9.49,2,3,16,2,15,53.1,40.14,94.0,97.38,106.83,73.02,4,Bari 1-1 Sampdoria,2025-09-27
Bari,1.43,1.28,0.15,1.35,1.0,0.35,0.08,0.28,-0.2,1.43,1.28,0.15,1,1,0,-0.15,62.6,56.07,44.56,0.9,0.52,172,13,13,14,14.44,26.92,7.17,3,2,17,3,18,79.2,59.86,2.53,2.62,39.47,26.98,6,Bari 1-1 Sampdoria,2025-09-27
Padova,1.25,1.69,-0.44,1.23,1.25,-0.02,0.02,0.44,-0.42,1.25,1.69,-0.44,1,0,1,1.44,38.1,26.54,44.49,0.72,0.7,151,8,13,13,18.06,18.57,14.8,3,7,9,3,12,32.2,13.43,91.6,78.69,42.33,29.4,0,Monza 0-1 Padova,2025-09-27
Monza,1.69,1.25,0.44,1.25,1.23,0.02,0.44,0.02,0.42,1.69,1.25,0.44,0,1,-1,-1.44,61.9,73.46,53.29,0.7,0.72,372,14,13,13,18.57,18.06,9.74,7,3,39,7,10,207.6,86.57,24.8,21.31,101.63,70.6,0,Monza 0-1 Padova,2025-09-27
Spezia,0.31,1.55,-1.24,0.24,0.32,-0.08,0.07,0.46,-0.39,0.31,0.79,-0.48,0,2,-2,-0.76,26.9,24.35,44.05,0.42,0.56,92,6,5,11,11.9,19.64,12.47,1,2,12,2,20,14.8,5.6,210.73,98.05,27.67,12.84,1,Venezia 2-0 Spezia,2025-09-27
Venezia,1.55,0.31,1.24,0.32,0.24,0.08,0.46,0.07,0.39,0.79,0.31,0.48,2,0,2,0.76,73.1,75.65,53.1,0.56,0.42,383,11,11,5,19.64,11.9,5.53,2,1,22,7,19,249.4,94.4,4.2,1.95,187.77,87.16,0,Venezia 2-0 Spezia,2025-09-27
Reggiana,0.85,3.47,-2.62,0.46,2.62,-2.16,0.39,0.85,-0.46,0.85,3.47,-2.62,1,3,-2,0.62,60.5,41.13,44.66,0.57,1.44,210,10,12,29,21.05,20.14,8.19,5,4,14,4,10,62.6,26.26,0.87,0.65,16.36,4.29,0,Südtirol 3-1 Reggiana,2025-09-27
Südtirol,3.47,0.85,2.62,2.62,0.46,2.16,0.85,0.39,0.46,3.47,0.85,2.62,3,1,2,-0.62,39.5,58.87,58.16,1.44,0.57,219,24,29,12,20.14,21.05,10.82,4,5,29,10,14,175.8,73.74,133.93,99.35,365.38,95.71,8,Südtirol 3-1 Reggiana,2025-09-27
Frosinone,3.68,4.55,-0.87,3.21,2.74,0.47,0.47,0.29,0.18,3.68,3.03,0.65,5,1,4,4.87,31.1,37.84,43.16,0.98,0.92,98,19,22,28,22.45,30.43,11.86,4,2,11,4,22,76.1,31.37,81.27,89.56,179.6,86.55,0,Mantova 1-5 Frosinone,2025-09-27
Mantova,4.55,3.68,0.87,2.74,3.21,-0.47,0.29,0.47,-0.18,3.03,3.68,-0.65,1,5,-4,-4.87,68.9,62.16,49.45,0.92,0.98,256,24,28,22,30.43,22.45,5.38,2,4,26,6,16,166.5,68.63,9.47,10.44,27.9,13.45,0,Mantova 1-5 Frosinone,2025-09-27
Palermo,1.21,3.3,-2.09,1.21,3.3,-2.09,0.0,0.0,0.0,1.21,3.3,-2.09,1,1,0,2.09,50.6,52.92,46.99,0.99,0.63,207,15,10,13,10.1,20.63,11.24,7,1,27,1,14,78.7,46.62,66.07,65.89,108.83,53.3,4,Cesena 1-1 Palermo,2025-09-27
Cesena,3.3,1.21,2.09,3.3,1.21,2.09,0.0,0.0,0.0,3.3,1.21,2.09,1,1,0,-2.09,49.4,47.08,44.79,0.63,0.99,186,12,13,10,20.63,10.1,13.5,1,7,11,2,14,90.1,53.38,34.2,34.11,95.37,46.7,1,Cesena 1-1 Palermo,2025-09-27
Virtus Entella,1.02,2.17,-1.15,0.64,2.17,-1.53,0.38,0.0,0.38,1.02,2.17,-1.15,0,2,-2,-0.85,52.7,60.18,52.25,0.59,0.48,275,14,10,12,16.95,25.0,11.38,4,6,31,8,18,125.7,69.6,60.0,55.25,82.47,66.38,0,Avellino 2-0 Virtus Entella,2025-09-27
Avellino,2.17,1.02,1.15,2.17,0.64,1.53,0.0,0.38,-0.38,2.17,1.02,1.15,2,0,2,0.85,47.3,39.82,46.07,0.48,0.59,201,6,12,10,25.0,16.95,12.55,6,4,14,3,8,54.9,30.4,48.6,44.75,41.77,33.62,2,Avellino 2-0 Virtus Entella,2025-09-27
Juve Stabia,1.27,2.75,-1.48,0.51,2.34,-1.83,0.0,0.41,-0.41,0.51,2.75,-2.24,2,2,0,1.48,39.5,29.87,41.11,0.19,1.11,116,3,4,19,21.05,17.12,16.48,0,6,4,0,17,36.8,13.92,85.13,59.93,36.63,19.2,0,Catanzaro 2-2 Juve Stabia,2025-09-26
Catanzaro,2.75,1.27,1.48,2.34,0.51,1.83,0.41,0.0,0.41,2.75,0.51,2.24,2,2,0,-1.48,60.5,70.13,54.63,1.11,0.19,307,26,19,4,17.12,21.05,7.78,6,0,43,7,12,227.5,86.08,56.93,40.07,154.13,80.8,1,Catanzaro 2-2 Juve Stabia,2025-09-26
Virtus Entella,1.58,1.5,0.08,1.33,0.72,0.61,0.25,0.03,0.22,1.58,0.74,0.84,1,2,-1,-1.08,42.2,39.22,45.92,0.72,0.73,143,11,11,10,15.28,13.7,11.19,1,10,29,8,19,56.0,32.13,62.8,65.28,64.4,37.68,0,Padova 2-1 Virtus Entella,2025-09-21
Padova,1.5,1.58,-0.08,0.72,1.33,-0.61,0.03,0.25,-0.22,0.74,1.58,-0.84,2,1,1,1.08,57.8,60.78,53.32,0.73,0.72,272,7,10,11,13.7,15.28,6.29,10,1,17,5,16,118.3,67.87,33.4,34.72,106.5,62.32,0,Padova 2-1 Virtus Entella,2025-09-21
Empoli,1.19,2.21,-1.02,1.19,2.12,-0.93,0.0,0.1,-0.1,1.19,2.21,-1.02,0,4,-4,-2.98,54.7,57.55,49.07,0.81,0.58,175,9,8,18,9.88,31.03,5.7,5,1,32,5,20,64.4,45.74,27.67,43.1,62.43,39.42,1,Pescara 4-0 Empoli,2025-09-21
Pescara,2.21,1.19,1.02,2.12,1.19,0.93,0.1,0.0,0.1,2.21,1.19,1.02,4,0,4,2.98,45.3,42.45,46.8,0.58,0.81,143,10,18,8,31.03,9.88,8.47,1,5,16,6,14,76.4,54.26,36.53,56.9,95.96,60.58,2,Pescara 4-0 Empoli,2025-09-21
Avellino,1.3,2.31,-1.01,1.3,1.31,-0.01,0.0,0.25,-0.25,1.3,1.55,-0.25,4,3,1,2.01,41.2,30.46,43.33,0.26,1.24,133,3,6,20,23.08,16.13,18.2,2,5,9,2,14,16.6,7.58,52.87,55.92,8.73,3.09,0,Carrarese 3-4 Avellino,2025-09-21
Carrarese,2.31,1.3,1.01,1.31,1.3,0.01,0.25,0.0,0.25,1.55,1.3,0.25,3,4,-1,-2.01,58.8,69.54,55.41,1.24,0.26,331,26,20,6,16.13,23.08,8.43,5,2,46,9,19,202.3,92.42,41.67,44.08,274.0,96.91,3,Carrarese 3-4 Avellino,2025-09-21
Modena,3.26,1.96,1.3,2.07,1.01,1.06,0.43,0.19,0.24,2.5,1.2,1.3,3,1,2,0.7,42.8,61.07,49.26,0.79,0.48,180,23,23,12,29.11,25.0,12.43,4,3,29,10,16,123.0,71.8,112.47,89.5,214.47,90.97,2,Mantova 1-3 Modena,2025-09-20
Mantova,1.96,3.26,-1.3,1.01,2.07,-1.06,0.19,0.43,-0.24,1.2,2.5,-1.3,1,3,-2,-0.7,57.2,38.93,38.94,0.48,0.79,152,4,12,23,25.0,29.11,10.52,3,4,11,4,11,48.3,28.2,13.2,10.5,21.3,9.03,0,Mantova 1-3 Modena,2025-09-20
Sampdoria,1.21,1.32,-0.11,0.45,1.32,-0.87,0.0,0.0,0.0,0.45,1.32,-0.87,0,1,-1,-0.89,37.0,39.66,49.09,0.43,0.61,163,5,11,7,25.58,11.48,12.33,6,1,16,1,14,49.5,31.77,105.6,83.2,87.7,53.11,2,Monza 1-0 Sampdoria,2025-09-20
Monza,1.32,1.21,0.11,1.32,0.45,0.87,0.0,0.0,0.0,1.32,0.45,0.87,1,0,1,0.89,63.0,60.34,49.78,0.61,0.43,259,6,7,11,11.48,25.58,9.68,1,6,17,2,14,106.3,68.23,21.33,16.8,77.43,46.89,0,Monza 1-0 Sampdoria,2025-09-20
Cesena,1.6,2.74,-1.14,0.92,1.82,-0.9,0.68,0.15,0.53,1.6,1.98,-0.38,2,1,1,2.14,33.1,39.63,47.5,0.58,1.17,119,7,13,17,22.41,14.53,16.93,2,11,10,3,11,45.6,26.54,132.6,92.94,124.37,68.45,1,Venezia 1-2 Cesena,2025-09-20
Venezia,2.74,1.6,1.14,1.82,0.92,0.9,0.15,0.68,-0.53,1.98,1.6,0.38,1,2,-1,-2.14,66.9,60.37,46.21,1.17,0.58,239,12,17,13,14.53,22.41,6.0,11,2,12,2,17,126.2,73.46,10.07,7.06,57.33,31.55,0,Venezia 1-2 Cesena,2025-09-20
Juve Stabia,1.81,1.17,0.64,1.66,0.64,1.02,0.14,0.54,-0.4,1.81,1.17,0.64,3,1,2,1.36,53.5,50.53,44.2,0.37,0.74,168,13,11,7,29.73,9.46,8.32,3,3,8,3,25,96.3,56.22,32.07,33.92,113.4,71.59,1,Spezia 1-3 Juve Stabia,2025-09-20
Spezia,1.17,1.81,-0.64,0.64,1.66,-1.02,0.54,0.14,0.4,1.17,1.81,-0.64,1,3,-2,-1.36,46.5,49.47,46.51,0.74,0.37,160,15,7,11,9.46,29.73,8.47,3,3,28,6,13,75.0,43.78,62.47,66.08,45.0,28.41,0,Spezia 1-3 Juve Stabia,2025-09-20
Catanzaro,2.1,1.58,0.52,1.92,1.52,0.4,0.17,0.06,0.11,2.1,1.58,0.52,2,2,0,-0.52,62.1,62.79,50.48,1.07,0.45,296,12,18,12,16.82,26.67,6.67,5,1,18,3,9,148.2,74.96,18.2,17.28,95.7,59.95,0,Reggiana 2-2 Catanzaro,2025-09-20
Reggiana,1.58,2.1,-0.52,1.52,1.92,-0.4,0.06,0.17,-0.11,1.58,2.1,-0.52,2,2,0,0.52,37.9,37.21,47.58,0.45,1.07,150,11,12,18,26.67,16.82,20.95,1,5,18,3,14,49.5,25.04,87.13,82.72,63.93,40.05,1,Reggiana 2-2 Catanzaro,2025-09-20
Bari,0.53,2.6,-2.07,0.53,2.42,-1.89,0.0,0.18,-0.18,0.53,2.6,-2.07,0,2,-2,0.07,51.2,29.89,40.35,0.41,0.89,152,8,8,24,19.51,26.97,15.74,0,6,11,1,15,22.7,11.36,7.6,7.78,9.23,3.51,0,Palermo 2-0 Bari,2025-09-19
Palermo,2.6,0.53,2.07,2.42,0.53,1.89,0.18,0.0,0.18,2.6,0.53,2.07,2,0,2,-0.07,48.8,70.11,53.86,0.89,0.41,234,23,24,8,26.97,19.51,12.94,6,0,32,6,7,177.1,88.64,90.07,92.22,254.03,96.49,4,Palermo 2-0 Bari,2025-09-19
Südtirol,2.53,3.0,-0.47,1.3,1.96,-0.66,0.48,0.28,0.2,1.77,2.24,-0.47,2,2,0,0.47,38.6,51.77,55.4,0.8,0.62,164,18,14,21,17.5,33.87,11.12,3,1,28,4,18,53.1,41.26,105.47,95.02,67.17,51.44,6,Frosinone 2-2 Südtirol,2025-09-19
Frosinone,3.0,2.53,0.47,1.96,1.3,0.66,0.28,0.48,-0.2,2.24,1.77,0.47,2,2,0,-0.47,61.4,48.23,45.85,0.62,0.8,189,8,21,14,33.87,17.5,6.4,1,3,23,5,18,75.6,58.74,5.53,4.98,63.4,48.56,2,Frosinone 2-2 Südtirol,2025-09-19
Spezia,2.51,2.3,0.21,1.42,2.2,-0.78,0.33,0.09,0.24,1.75,2.3,-0.55,1,1,0,-0.21,48.9,46.99,43.57,0.81,1.01,155,13,13,12,16.05,11.88,6.52,3,3,25,7,20,58.2,40.9,25.73,38.25,56.5,40.01,1,Empoli 1-1 Spezia,2025-09-14
Empoli,2.3,2.51,-0.21,2.2,1.42,0.78,0.09,0.33,-0.24,2.3,1.75,0.55,1,1,0,0.21,51.1,53.01,48.96,1.01,0.81,174,12,12,13,11.88,16.05,6.86,3,3,17,2,21,84.1,59.1,41.53,61.75,84.7,59.99,4,Empoli 1-1 Spezia,2025-09-14
Palermo,1.44,1.76,-0.32,1.23,1.56,-0.33,0.21,0.2,0.01,1.44,1.76,-0.32,2,0,2,2.32,49.4,40.96,48.72,0.59,1.02,165,13,12,16,20.34,15.69,6.03,7,3,14,3,19,66.8,31.84,32.0,53.09,81.23,46.49,3,Südtirol 0-2 Palermo,2025-09-14
Südtirol,1.76,1.44,0.32,1.56,1.23,0.33,0.2,0.21,-0.01,1.76,1.44,0.32,0,2,-2,-2.32,50.6,59.04,56.91,1.02,0.59,234,26,16,12,15.69,20.34,6.95,3,7,33,7,18,143.0,68.16,28.27,46.91,93.5,53.51,9,Südtirol 0-2 Palermo,2025-09-14
Mantova,0.93,1.86,-0.93,0.74,1.51,-0.77,0.18,0.34,-0.16,0.93,1.86,-0.93,0,1,-1,-0.07,72.0,55.26,42.29,0.43,0.47,220,8,15,15,34.88,31.91,8.04,1,10,17,4,5,98.4,53.74,2.4,1.39,46.13,16.91,1,Virtus Entella 1-0 Mantova,2025-09-14
Virtus Entella,1.86,0.93,0.93,1.51,0.74,0.77,0.34,0.18,0.16,1.86,0.93,0.93,1,0,1,0.07,28.0,44.74,43.66,0.47,0.43,101,12,15,15,31.91,34.88,16.76,10,1,16,7,21,84.7,46.26,169.67,98.61,226.7,83.09,0,Virtus Entella 1-0 Mantova,2025-09-14
Cesena,1.36,0.48,0.88,1.01,0.47,0.54,0.34,0.01,0.33,1.36,0.48,0.88,2,1,1,0.12,46.6,53.51,48.96,0.61,0.27,196,14,8,11,13.11,40.74,12.94,2,2,13,2,17,92.9,54.23,59.33,65.01,124.07,70.32,2,Sampdoria 1-2 Cesena,2025-09-13
Sampdoria,0.48,1.36,-0.88,0.47,1.01,-0.54,0.01,0.34,-0.33,0.48,1.36,-0.88,1,2,-1,-0.12,53.4,46.49,47.88,0.27,0.61,212,5,11,8,40.74,13.11,9.44,2,2,9,1,19,78.4,45.77,31.93,34.99,52.37,29.68,0,Sampdoria 1-2 Cesena,2025-09-13
Carrarese,2.62,1.69,0.93,1.83,1.17,0.66,0.79,0.52,0.27,2.62,1.69,0.93,1,1,0,-0.93,42.1,45.64,45.42,0.8,0.71,150,11,11,18,13.75,25.35,11.03,1,4,20,8,16,60.2,34.24,79.4,82.25,81.0,50.74,2,Catanzaro 1-1 Carrarese,2025-09-13
Catanzaro,1.69,2.62,-0.93,1.17,1.83,-0.66,0.52,0.79,-0.27,1.69,2.62,-0.93,1,1,0,0.93,57.9,54.36,48.13,0.71,0.8,227,16,18,11,25.35,13.75,7.25,4,1,14,6,17,115.6,65.76,17.13,17.75,78.63,49.26,0,Catanzaro 1-1 Carrarese,2025-09-13
Venezia,2.66,1.58,1.08,1.55,1.24,0.31,0.36,0.34,0.02,1.9,1.58,0.32,2,2,0,-1.08,55.4,54.39,45.03,0.88,0.63,181,14,12,16,13.64,25.4,6.81,2,1,17,5,20,87.1,49.69,30.87,29.7,55.37,45.75,1,Pescara 2-2 Venezia,2025-09-13
Pescara,1.58,2.66,-1.08,1.24,1.55,-0.31,0.34,0.36,-0.02,1.58,1.9,-0.32,2,2,0,1.08,44.6,45.61,44.69,0.63,0.88,145,13,16,12,25.4,13.64,10.34,1,2,19,7,18,88.2,50.31,73.07,70.3,65.67,54.25,2,Pescara 2-2 Venezia,2025-09-13
Frosinone,1.93,0.89,1.04,1.7,0.89,0.81,0.23,0.0,0.23,1.93,0.89,1.04,1,0,1,-0.04,44.8,41.94,45.3,0.5,0.53,154,12,13,10,26.0,18.87,14.96,2,6,13,4,16,72.5,46.09,83.2,75.59,118.9,73.41,0,Padova 0-1 Frosinone,2025-09-13
Padova,0.89,1.93,-1.04,0.89,1.7,-0.81,0.0,0.23,-0.23,0.89,1.93,-1.04,0,1,-1,0.04,55.2,58.06,48.97,0.53,0.5,223,14,10,13,18.87,26.0,9.52,6,2,20,6,11,84.8,53.91,26.87,24.41,43.07,26.59,0,Padova 0-1 Frosinone,2025-09-13
Bari,0.78,3.3,-2.52,0.78,1.59,-0.81,0.0,0.19,-0.19,0.78,1.78,-1.0,0,3,-3,-0.48,57.9,45.1,42.96,0.5,0.89,194,9,6,16,12.0,17.98,9.21,6,3,15,2,12,28.6,20.66,11.8,14.62,13.53,5.86,2,Modena 3-0 Bari,2025-09-13
Modena,3.3,0.78,2.52,1.59,0.78,0.81,0.19,0.0,0.19,1.78,0.78,1.0,3,0,3,0.48,42.1,54.9,49.08,0.89,0.5,183,12,16,6,17.98,12.0,10.68,3,6,20,2,22,109.8,79.34,68.93,85.38,217.19,94.14,3,Modena 3-0 Bari,2025-09-13
Reggiana,0.28,3.32,-3.04,0.28,3.07,-2.79,0.0,0.25,-0.25,0.28,3.32,-3.04,0,0,0,3.04,29.2,27.81,45.57,0.17,0.52,105,5,4,17,23.53,32.69,12.21,1,8,10,1,12,13.5,6.22,131.2,99.0,35.13,26.92,3,Juve Stabia 0-0 Reggiana,2025-09-13
Juve Stabia,3.32,0.28,3.04,3.07,0.28,2.79,0.25,0.0,0.25,3.32,0.28,3.04,0,0,0,-3.04,70.8,72.19,53.05,0.52,0.17,330,19,17,4,32.69,23.53,4.7,8,1,27,8,22,203.6,93.78,1.33,1.0,95.37,73.08,4,Juve Stabia 0-0 Reggiana,2025-09-13
Monza,1.26,1.12,0.14,1.26,1.07,0.19,0.0,0.04,-0.04,1.26,1.12,0.14,1,2,-1,-1.14,57.0,73.59,52.92,1.46,0.3,297,15,9,12,6.16,40.0,9.18,1,2,23,3,16,147.2,74.87,45.0,37.71,118.63,76.0,1,Avellino 2-1 Monza,2025-09-12
Avellino,1.12,1.26,-0.14,1.07,1.26,-0.19,0.04,0.0,0.04,1.12,1.26,-0.14,2,1,1,1.14,43.0,26.41,41.92,0.3,1.46,138,6,12,9,40.0,6.16,10.37,2,1,8,2,22,49.4,25.13,74.33,62.29,37.47,24.0,0,Avellino 2-1 Monza,2025-09-12
Avellino,0.35,2.62,-2.27,0.35,2.36,-2.01,0.0,0.26,-0.26,0.35,2.62,-2.27,1,1,0,2.27,34.1,25.85,45.26,0.33,1.59,88,7,3,22,9.09,13.84,16.11,1,1,7,2,15,13.1,5.12,79.33,85.43,17.17,8.79,1,Modena 1-1 Avellino,2025-08-31
Modena,2.62,0.35,2.27,2.36,0.35,2.01,0.26,0.0,0.26,2.62,0.35,2.27,1,1,0,-2.27,65.9,74.15,55.78,1.59,0.33,286,29,22,3,13.84,9.09,7.43,1,1,42,7,14,243.0,94.88,13.53,14.57,178.27,91.21,6,Modena 1-1 Avellino,2025-08-31
Monza,1.18,1.39,-0.21,1.09,1.25,-0.16,0.08,0.14,-0.06,1.18,1.39,-0.21,1,1,0,0.21,54.7,55.56,46.59,0.22,0.45,179,7,13,20,59.09,44.44,8.76,7,3,15,6,19,74.5,52.65,25.27,38.06,63.87,47.77,0,Bari 1-1 Monza,2025-08-31
Bari,1.39,1.18,0.21,1.25,1.09,0.16,0.14,0.08,0.06,1.39,1.18,0.21,1,1,0,-0.21,45.3,44.44,42.69,0.45,0.22,120,7,20,13,44.44,59.09,9.62,3,7,18,3,11,67.0,47.35,41.13,61.94,69.83,52.23,0,Bari 1-1 Monza,2025-08-31
Sampdoria,1.8,1.86,-0.06,1.65,1.82,-0.17,0.15,0.04,0.11,1.8,1.86,-0.06,1,3,-2,-1.94,66.5,58.23,49.42,0.92,0.62,253,14,18,11,19.57,17.74,5.88,5,1,31,5,18,111.0,67.4,1.53,1.42,36.97,16.44,4,Südtirol 3-1 Sampdoria,2025-08-31
Südtirol,1.86,1.8,0.06,1.82,1.65,0.17,0.04,0.15,-0.11,1.86,1.8,0.06,3,1,2,1.94,33.5,41.77,50.73,0.62,0.92,129,13,11,18,17.74,19.57,11.79,1,5,13,2,17,53.7,32.6,106.53,98.58,187.97,83.56,4,Südtirol 3-1 Sampdoria,2025-08-31
Padova,1.39,0.93,0.46,1.33,0.92,0.41,0.06,0.02,0.04,1.39,0.93,0.46,0,0,0,-0.46,42.5,41.56,48.24,0.5,1.0,180,12,11,16,22.0,16.0,10.15,6,3,20,2,15,50.6,30.82,102.27,71.88,80.3,49.77,3,Carrarese 0-0 Padova,2025-08-31
Carrarese,0.93,1.39,-0.46,0.92,1.33,-0.41,0.02,0.06,-0.04,0.93,1.39,-0.46,0,0,0,0.46,57.5,58.44,48.83,1.0,0.5,253,7,16,11,16.0,22.0,9.61,3,6,24,4,17,113.6,69.18,40.0,28.12,81.03,50.23,3,Carrarese 0-0 Padova,2025-08-31
Catanzaro,0.18,0.93,-0.75,0.18,0.93,-0.75,0.0,0.0,0.0,0.18,0.93,-0.75,0,0,0,0.75,55.3,49.27,46.53,0.26,0.5,237,5,5,7,19.23,14.0,8.95,4,2,12,5,14,72.8,51.12,37.67,42.71,59.1,46.22,0,Spezia 0-0 Catanzaro,2025-08-30
Spezia,0.93,0.18,0.75,0.93,0.18,0.75,0.0,0.0,0.0,0.93,0.18,0.75,0,0,0,-0.75,44.7,50.73,44.75,0.5,0.26,190,5,7,5,14.0,19.23,12.94,2,4,9,1,23,69.6,48.88,50.53,57.29,68.77,53.78,0,Spezia 0-0 Catanzaro,2025-08-30
Frosinone,1.25,1.49,-0.24,1.09,1.11,-0.02,0.15,0.38,-0.23,1.25,1.49,-0.24,0,0,0,0.24,47.9,45.58,45.13,0.29,1.06,147,9,10,13,34.48,12.26,8.82,3,6,14,3,13,77.8,42.51,37.47,60.24,81.8,45.89,0,Palermo 0-0 Frosinone,2025-08-30
Palermo,1.49,1.25,0.24,1.11,1.09,0.02,0.38,0.15,0.23,1.49,1.25,0.24,0,0,0,-0.24,52.1,54.42,50.17,1.06,0.29,200,28,13,10,12.26,34.48,8.38,6,3,30,6,18,105.2,57.49,24.73,39.76,96.47,54.11,5,Palermo 0-0 Frosinone,2025-08-30
Virtus Entella,1.08,2.37,-1.29,1.08,1.61,-0.53,0.0,0.0,0.0,1.08,1.61,-0.53,1,1,0,1.29,49.9,40.0,42.5,0.35,1.06,124,10,9,12,25.71,11.32,11.59,3,1,13,2,9,46.7,32.79,34.33,34.91,38.63,24.77,1,Cesena 1-1 Virtus Entella,2025-08-30
Cesena,2.37,1.08,1.29,1.61,1.08,0.53,0.0,0.0,0.0,1.61,1.08,0.53,1,1,0,-1.29,50.1,60.0,48.57,1.06,0.35,182,15,12,9,11.32,25.71,9.53,1,3,31,8,15,95.7,67.21,64.0,65.09,117.3,75.23,2,Cesena 1-1 Virtus Entella,2025-08-30
Pescara,1.06,2.06,-1.0,0.83,1.22,-0.39,0.24,0.08,0.16,1.06,1.3,-0.24,1,2,-1,0.0,46.1,51.91,47.58,0.24,0.34,196,11,11,15,45.83,44.12,8.26,10,5,17,5,24,77.4,50.19,79.27,73.17,88.76,42.77,1,Mantova 2-1 Pescara,2025-08-30
Mantova,2.06,1.06,1.0,1.22,0.83,0.39,0.08,0.24,-0.16,1.3,1.06,0.24,2,1,1,0.0,53.9,48.09,41.19,0.34,0.24,163,9,15,11,44.12,45.83,8.0,5,10,16,4,15,76.8,49.81,29.07,26.83,118.78,57.23,0,Mantova 2-1 Pescara,2025-08-30
Venezia,0.16,2.4,-2.24,0.16,2.29,-2.13,0.0,0.11,-0.11,0.16,2.4,-2.24,0,0,0,2.24,36.7,29.43,41.14,0.26,1.24,101,3,3,17,11.54,13.71,14.48,3,5,6,1,12,26.6,13.06,94.2,84.11,41.47,26.42,0,Juve Stabia 0-0 Venezia,2025-08-30
Juve Stabia,2.4,0.16,2.24,2.29,0.16,2.13,0.11,0.0,0.11,2.4,0.16,2.24,0,0,0,-2.24,63.3,70.57,52.22,1.24,0.26,299,14,17,3,13.71,11.54,8.77,5,3,40,6,13,177.0,86.94,17.8,15.89,115.47,73.58,3,Juve Stabia 0-0 Venezia,2025-08-30
Empoli,0.63,2.58,-1.95,0.45,1.45,-1.0,0.19,0.37,-0.18,0.63,1.82,-1.19,1,3,-2,-0.05,38.5,29.53,47.81,0.52,0.9,126,10,2,16,3.85,17.78,10.12,2,3,13,2,18,74.5,19.52,87.93,68.41,53.33,14.79,0,Reggiana 3-1 Empoli,2025-08-29
Reggiana,2.58,0.63,1.95,1.45,0.45,1.0,0.37,0.19,0.18,1.82,0.63,1.19,3,1,2,0.05,61.5,70.47,60.01,0.9,0.52,313,18,16,2,17.78,3.85,6.78,3,2,27,8,14,307.1,80.48,40.6,31.59,307.13,85.21,0,Reggiana 3-1 Empoli,2025-08-29
Modena,1.41,0.51,0.9,1.41,0.49,0.92,0.0,0.02,-0.02,1.41,0.51,0.9,2,0,2,1.1,45.2,53.2,47.97,0.74,0.33,161,13,10,11,13.51,33.33,7.38,9,5,13,0,15,88.8,61.24,62.13,80.48,122.47,76.27,2,Sampdoria 0-2 Modena,2025-08-25
Sampdoria,0.51,1.41,-0.9,0.49,1.41,-0.92,0.02,0.0,0.02,0.51,1.41,-0.9,0,2,-2,-1.1,54.8,46.8,43.48,0.33,0.74,164,7,11,10,33.33,13.51,7.57,5,9,13,4,17,56.2,38.76,15.07,19.52,38.1,23.73,0,Sampdoria 0-2 Modena,2025-08-25
Avellino,1.09,1.51,-0.42,0.95,1.44,-0.49,0.14,0.07,0.07,1.09,1.51,-0.42,0,2,-2,-1.58,61.0,57.25,46.77,0.37,0.33,231,5,13,15,35.14,45.45,7.5,4,1,24,1,16,142.2,58.93,9.73,7.49,62.0,23.73,0,Frosinone 2-0 Avellino,2025-08-24
Frosinone,1.51,1.09,0.42,1.44,0.95,0.49,0.07,0.14,-0.07,1.51,1.09,0.42,2,0,2,1.58,39.0,42.75,47.14,0.33,0.37,163,7,15,13,45.45,35.14,10.67,1,4,14,6,19,99.1,41.07,120.13,92.51,199.3,76.27,1,Frosinone 2-0 Avellino,2025-08-24
Südtirol,1.33,0.61,0.72,1.13,0.61,0.52,0.2,0.0,0.2,1.33,0.61,0.72,1,1,0,-0.72,28.6,63.41,56.58,0.58,0.31,122,14,12,7,20.69,22.58,12.13,2,1,20,5,20,113.6,70.87,163.33,99.92,244.1,98.79,8,Catanzaro 1-1 Südtirol,2025-08-24
Catanzaro,0.61,1.33,-0.72,0.61,1.13,-0.52,0.0,0.2,-0.2,0.61,1.33,-0.72,1,1,0,0.72,71.4,36.59,38.1,0.31,0.58,128,8,7,12,22.58,20.69,5.45,1,2,8,1,8,46.7,29.13,0.13,0.08,3.0,1.21,0,Catanzaro 1-1 Südtirol,2025-08-24
Bari,1.26,1.8,-0.54,1.01,1.7,-0.69,0.25,0.09,0.16,1.26,1.8,-0.54,1,2,-1,-0.46,41.4,43.37,43.96,0.57,0.55,144,9,12,20,21.05,36.36,17.4,3,5,19,4,14,68.3,34.36,85.8,83.46,81.97,44.47,0,Venezia 2-1 Bari,2025-08-24
Venezia,1.8,1.26,0.54,1.7,1.01,0.69,0.09,0.25,-0.16,1.8,1.26,0.54,2,1,1,0.46,58.6,56.63,44.93,0.55,0.57,206,14,20,12,36.36,21.05,9.21,5,3,16,6,13,130.5,65.64,17.0,16.54,102.37,55.53,1,Venezia 2-1 Bari,2025-08-24
Carrarese,1.36,0.67,0.69,0.55,0.67,-0.12,0.05,0.0,0.05,0.6,0.67,-0.07,2,0,2,1.31,43.7,42.15,42.22,0.54,0.54,123,10,10,7,18.52,12.96,11.36,3,2,9,3,19,57.3,51.58,57.6,63.95,93.17,69.58,2,Spezia 0-2 Carrarese,2025-08-24
Spezia,0.67,1.36,-0.69,0.67,0.55,0.12,0.0,0.05,-0.05,0.67,0.6,0.07,0,2,-2,-1.31,56.3,57.85,45.78,0.54,0.54,201,10,7,10,12.96,18.52,9.8,2,3,26,7,12,53.8,48.42,32.47,36.05,40.73,30.42,0,Spezia 0-2 Carrarese,2025-08-24
Reggiana,0.63,3.43,-2.8,0.44,2.41,-1.97,0.19,1.02,-0.83,0.63,3.43,-2.8,1,2,-1,1.8,49.9,45.02,45.82,0.29,0.87,173,11,10,25,34.48,28.74,13.41,0,2,20,6,16,52.9,25.77,29.0,40.21,41.6,19.15,3,Palermo 2-1 Reggiana,2025-08-23
Palermo,3.43,0.63,2.8,2.41,0.44,1.97,1.02,0.19,0.83,3.43,0.63,2.8,2,1,1,-1.8,50.1,54.98,51.03,0.87,0.29,220,21,25,10,28.74,34.48,13.08,2,0,26,9,11,152.4,74.23,43.13,59.79,175.63,80.85,5,Palermo 2-1 Reggiana,2025-08-23
Mantova,0.36,1.85,-1.49,0.3,1.57,-1.27,0.06,0.28,-0.22,0.36,1.85,-1.49,0,1,-1,0.49,55.9,33.07,34.5,0.31,0.71,116,4,8,16,25.81,22.54,8.44,1,10,8,1,19,45.6,21.23,20.0,12.18,13.73,4.76,0,Monza 1-0 Mantova,2025-08-23
Monza,1.85,0.36,1.49,1.57,0.3,1.27,0.28,0.06,0.22,1.85,0.36,1.49,1,0,1,-0.49,44.1,66.93,51.41,0.71,0.31,206,17,16,8,22.54,25.81,8.48,10,1,21,9,21,169.2,78.77,144.2,87.82,274.53,95.24,0,Monza 1-0 Mantova,2025-08-23
Juve Stabia,0.83,1.36,-0.53,0.59,0.98,-0.39,0.24,0.37,-0.13,0.83,1.36,-0.53,1,1,0,0.53,53.1,47.37,44.56,0.22,0.2,171,7,10,10,45.45,50.0,12.61,2,4,20,7,14,70.5,45.99,44.67,37.9,52.27,38.76,1,Virtus Entella 1-1 Juve Stabia,2025-08-23
Virtus Entella,1.36,0.83,0.53,0.98,0.59,0.39,0.37,0.24,0.13,1.36,0.83,0.53,1,1,0,-0.53,46.9,52.63,45.57,0.2,0.22,166,8,10,10,50.0,45.45,13.96,4,2,23,5,14,82.8,54.01,73.2,62.1,82.6,61.24,1,Virtus Entella 1-1 Juve Stabia,2025-08-23
Padova,1.11,2.02,-0.91,1.07,0.93,0.14,0.04,1.09,-1.05,1.11,2.02,-0.91,1,3,-2,-1.09,48.0,47.67,44.34,0.39,0.95,134,15,9,15,23.08,15.79,7.32,6,5,15,4,19,59.6,37.16,33.67,44.69,43.6,24.27,0,Empoli 3-1 Padova,2025-08-23
Empoli,2.02,1.11,0.91,0.93,1.07,-0.14,1.09,0.04,1.05,2.02,1.11,0.91,3,1,2,1.09,52.0,52.33,48.12,0.95,0.39,198,15,15,9,15.79,23.08,7.76,5,6,16,6,19,100.8,62.84,41.67,55.31,136.03,75.73,2,Empoli 3-1 Padova,2025-08-23
Cesena,5.17,0.63,4.54,4.98,0.63,4.35,0.19,0.0,0.19,5.17,0.63,4.54,3,1,2,-2.54,47.0,50.79,46.41,1.39,0.74,202,23,19,12,13.67,16.22,14.0,6,2,20,5,7,151.7,70.59,61.6,58.37,193.8,80.04,0,Pescara 1-3 Cesena,2025-08-22
Pescara,0.63,5.17,-4.54,0.63,4.98,-4.35,0.0,0.19,-0.19,0.63,5.17,-4.54,1,3,-2,2.54,53.0,49.21,48.25,0.74,1.39,241,6,12,19,16.22,13.67,12.07,2,6,13,3,16,63.2,29.41,43.93,41.63,48.33,19.96,0,Pescara 1-3 Cesena,2025-08-22
