Team,xG,xGA,xGD,Open Play xG,Open Play xGA,Open Play xGD,Set Piece xG,Set Piece xGA,Set Piece xGD,npxG,npxGA,npxGD,Goals,Goals Conceded,GD,GD-xGD,Possession,Field Tilt,Avg Pass Height,xT,xT Against,Passes in Opposition Half,Passes into Box,Shots,Shots Faced,Shots per 1.0 xT,Shots Faced per 1.0 xT Against,PPDA,High Recoveries,High Recoveries Against,Crosses,Corners,Fouls,On-Ball Pressure,On-Ball Pressure Share,Off-Ball Pressure,Off-Ball Pressure Share,Game Control,Game Control Share,Throw-Ins into the Box,Match,Date
Antalyaspor,1.53,2.18,-0.65,1.50,1.99,-0.49,0.04,0.19,-0.15,1.53,2.18,-0.65,0,2,-2,-1.35,72.50,57.25,48.48,1.13,0.81,249,17,19,16,16.81,19.75,5.81,3,10,24,3,6,109.7,67.93,0.0,0.0,37.67,20.1,0,Göztepe 2-0 Antalyaspor,2026-04-25
Göztepe,2.18,1.53,0.65,1.99,1.50,0.49,0.19,0.04,0.15,2.18,1.53,0.65,2,0,2,1.35,27.50,42.75,47.31,0.81,1.13,91,15,16,19,19.75,16.81,9.62,10,3,15,4,24,51.8,32.07,127.07,100.0,149.73,79.9,6,Göztepe 2-0 Antalyaspor,2026-04-25
Rizespor,1.29,1.44,-0.15,1.09,1.00,0.09,0.21,0.44,-0.23,1.29,1.44,-0.15,0,2,-2,-1.85,56.40,52.57,46.89,0.33,0.71,163,10,12,17,36.36,23.94,8.88,0,4,15,6,16,75.1,51.47,8.27,14.46,55.27,36.72,1,Kayserispor 2-0 Rizespor,2026-04-25
Kayserispor,1.44,1.29,0.15,1.00,1.09,-0.09,0.44,0.21,0.23,1.44,1.29,0.15,2,0,2,1.85,43.60,47.43,47.66,0.71,0.33,138,16,17,12,23.94,36.36,8.91,4,0,18,8,15,70.8,48.53,48.93,85.54,95.23,63.28,2,Kayserispor 2-0 Rizespor,2026-04-25
Gaziantep FK,1.06,2.24,-1.18,0.89,1.89,-1.00,0.16,0.35,-0.19,1.06,2.24,-1.18,0,3,-3,-1.82,48.20,32.78,37.82,0.45,0.51,115,5,11,14,24.44,27.45,11.88,5,4,8,5,12,44.7,24.51,41.07,35.18,27.52,12.4,0,Eyüpspor 3-0 Gaziantep FK,2026-04-25
Eyüpspor,2.24,1.06,1.18,1.89,0.89,1.00,0.35,0.16,0.19,2.24,1.06,1.18,3,0,3,1.82,51.80,67.22,45.32,0.51,0.45,201,12,14,11,27.45,24.44,11.43,4,5,18,6,12,137.7,75.49,75.67,64.82,194.38,87.6,0,Eyüpspor 3-0 Gaziantep FK,2026-04-25
Kasımpaşa,0.28,2.55,-2.27,0.28,2.44,-2.16,0.0,0.12,-0.12,0.28,2.55,-2.27,0,4,-4,-1.73,32.3,17.77,34.98,0.51,1.56,58,6,5,14,9.8,8.97,24.25,1,4,7,2,8,12.3,5.11,131.4,90.62,8.47,2.74,0,İstanbul Başakşehir 4-0 Kasımpaşa,2026-04-24
İstanbul Başakşehir,2.55,0.28,2.27,2.44,0.28,2.16,0.12,0.0,0.12,2.55,0.28,2.27,4,0,4,1.73,67.7,82.23,50.62,1.56,0.51,319,15,14,5,8.97,9.8,10.15,4,1,29,6,14,228.3,94.89,13.6,9.38,300.64,97.26,2,İstanbul Başakşehir 4-0 Kasımpaşa,2026-04-24
Kayserispor,1.4,2.6,-1.2,1.3,1.66,-0.36,0.1,0.18,-0.08,1.4,1.84,-0.44,0,3,-3,-1.8,45.5,57.73,51.83,1.33,0.95,263,17,17,21,12.78,22.11,14.44,7,1,24,3,11,109.1,57.66,95.8,80.82,141.27,74.76,0,Gaziantep FK 3-0 Kayserispor,2026-04-20
Gaziantep FK,2.6,1.4,1.2,1.66,1.3,0.36,0.18,0.1,0.08,1.84,1.4,0.44,3,0,3,1.8,54.5,42.27,42.51,0.95,1.33,188,20,21,17,22.11,12.78,15.26,1,7,14,5,10,80.1,42.34,22.73,19.18,47.7,25.24,1,Gaziantep FK 3-0 Kayserispor,2026-04-20
İstanbul Başakşehir,1.09,1.6,-0.51,0.82,1.4,-0.58,0.28,0.2,0.08,1.09,1.6,-0.51,1,1,0,0.51,46.3,49.45,48.12,0.55,0.69,187,13,17,11,30.91,15.94,10.32,10,4,24,8,13,86.1,49.43,76.67,72.47,109.0,61.77,0,Trabzonspor 1-1 İstanbul Başakşehir,2026-04-19
Trabzonspor,1.6,1.09,0.51,1.4,0.82,0.58,0.2,0.28,-0.08,1.6,1.09,0.51,1,1,0,-0.51,53.7,50.55,43.43,0.69,0.55,169,16,11,17,15.94,30.91,11.43,4,10,17,5,10,88.1,50.57,29.13,27.53,67.47,38.23,1,Trabzonspor 1-1 İstanbul Başakşehir,2026-04-19
Beşiktaş,1.7,1.2,0.5,0.7,1.2,-0.5,0.24,0.0,0.24,0.94,1.2,-0.26,1,2,-1,-1.5,51.1,54.26,48.65,0.71,0.88,245,15,14,14,19.72,15.91,13.2,6,0,19,7,4,119.1,53.62,73.07,51.99,65.33,34.07,2,Samsunspor 2-1 Beşiktaş,2026-04-19
Samsunspor,1.2,1.7,-0.5,1.2,0.7,0.5,0.0,0.24,-0.24,1.2,0.94,0.26,2,1,1,1.5,48.9,45.74,44.49,0.88,0.71,198,12,14,14,15.91,19.72,19.0,0,6,8,1,17,103.0,46.38,67.47,48.01,126.43,65.93,0,Samsunspor 2-1 Beşiktaş,2026-04-19
Alanyaspor,0.34,1.45,-1.11,0.34,0.25,0.09,0.0,1.2,-1.2,0.34,1.45,-1.11,0,1,-1,0.11,54.7,40.38,38.92,0.32,0.22,154,5,8,7,25.0,31.82,15.17,2,6,10,1,15,74.8,51.94,32.47,27.53,55.57,34.15,2,Kasımpaşa 1-0 Alanyaspor,2026-04-19
Kasımpaşa,1.45,0.34,1.11,0.25,0.34,-0.09,1.2,0.0,1.2,1.45,0.34,1.11,1,0,1,-0.11,45.3,59.62,44.07,0.22,0.32,177,10,7,8,31.82,25.0,12.1,6,2,21,5,11,69.2,48.06,85.47,72.47,107.17,65.85,0,Kasımpaşa 1-0 Alanyaspor,2026-04-19
Galatasaray,2.58,0.62,1.96,2.08,0.58,1.5,0.5,0.04,0.46,2.58,0.62,1.96,2,1,1,-0.96,55.3,60.85,46.23,0.73,0.32,167,8,9,11,12.33,34.38,9.41,4,0,16,4,14,72.0,57.97,37.73,41.25,93.9,60.58,2,Gençlerbirliği 1-2 Galatasaray,2026-04-18
Gençlerbirliği,0.62,2.58,-1.96,0.58,2.08,-1.5,0.04,0.5,-0.46,0.62,2.58,-1.96,1,2,-1,0.96,44.7,39.15,37.47,0.32,0.73,97,6,11,9,34.38,12.33,15.08,0,4,11,2,11,52.2,42.03,53.73,58.75,61.1,39.42,2,Gençlerbirliği 1-2 Galatasaray,2026-04-18
Göztepe,0.93,3.42,-2.49,0.93,2.25,-1.32,0.0,0.41,-0.41,0.93,2.66,-1.73,1,1,0,2.49,30.4,31.51,48.98,0.48,1.5,103,8,7,21,14.58,14.0,12.14,2,4,9,0,23,17.3,8.41,107.13,96.86,57.8,44.83,3,Kocaelispor 1-1 Göztepe,2026-04-18
Kocaelispor,3.42,0.93,2.49,2.25,0.93,1.32,0.41,0.0,0.41,2.66,0.93,1.73,1,1,0,-2.49,69.6,68.49,50.91,1.5,0.48,251,24,21,7,14.0,14.58,4.86,4,2,34,9,11,188.3,91.59,3.47,3.14,71.13,55.17,5,Kocaelispor 1-1 Göztepe,2026-04-18
Eyüpspor,0.45,1.89,-1.44,0.42,1.19,-0.77,0.03,0.7,-0.67,0.45,1.89,-1.44,2,1,1,2.44,37.9,27.59,43.01,0.15,0.93,113,8,7,12,46.67,12.9,13.17,2,7,12,5,12,51.4,21.31,83.0,70.02,37.33,16.32,0,Fatih Karagümrük 1-2 Eyüpspor,2026-04-18
Fatih Karagümrük,1.89,0.45,1.44,1.19,0.42,0.77,0.7,0.03,0.67,1.89,0.45,1.44,1,2,-1,-2.44,62.1,72.41,53.85,0.93,0.15,322,23,12,7,12.9,46.67,7.03,7,2,33,6,14,189.8,78.69,35.53,29.98,191.37,83.68,2,Fatih Karagümrük 1-2 Eyüpspor,2026-04-18
Rizespor,1.05,2.69,-1.64,0.98,1.89,-0.91,0.07,0.04,0.03,1.05,1.93,-0.88,2,2,0,1.64,40.7,33.56,44.95,0.62,0.83,135,8,6,15,9.68,18.07,14.0,1,7,11,3,16,48.7,24.94,63.0,77.59,59.9,36.46,0,Fenerbahçe 2-2 Rizespor,2026-04-17
Fenerbahçe,2.69,1.05,1.64,1.89,0.98,0.91,0.04,0.07,-0.03,1.93,1.05,0.88,2,2,0,-1.64,59.3,66.44,50.93,0.83,0.62,261,18,15,6,18.07,9.68,6.9,7,1,26,7,14,146.6,75.06,18.2,22.41,104.4,63.54,2,Fenerbahçe 2-2 Rizespor,2026-04-17
Konyaspor,2.83,1.08,1.75,2.83,0.8,2.03,0.0,0.28,-0.28,2.83,1.08,1.75,2,0,2,0.25,45.3,37.89,42.83,0.48,1.02,130,9,9,13,18.75,12.75,10.7,2,4,5,1,21,32.5,22.63,55.8,56.1,58.0,35.01,2,Antalyaspor 0-2 Konyaspor,2026-04-17
Antalyaspor,1.08,2.83,-1.75,0.8,2.83,-2.03,0.28,0.0,0.28,1.08,2.83,-1.75,0,2,-2,-0.25,54.7,62.11,49.61,1.02,0.48,221,14,13,9,12.75,18.75,9.64,4,2,27,10,8,111.1,77.37,43.67,43.9,107.67,64.99,1,Antalyaspor 0-2 Konyaspor,2026-04-17
Gaziantep FK,0.79,2.4,-1.61,0.64,2.04,-1.4,0.15,0.37,-0.22,0.79,2.4,-1.61,1,2,-1,0.61,39.7,28.87,36.83,0.31,0.79,77,5,10,24,32.26,30.38,12.29,1,10,4,1,17,22.5,14.3,89.4,80.2,79.2,44.75,0,Rizespor 2-1 Gaziantep FK,2026-04-13
Rizespor,2.4,0.79,1.61,2.04,0.64,1.4,0.37,0.15,0.22,2.4,0.79,1.61,2,1,1,-0.61,60.3,71.13,47.03,0.79,0.31,242,14,24,10,30.38,32.26,6.37,10,1,19,9,13,134.8,85.7,22.07,19.8,97.77,55.25,0,Rizespor 2-1 Gaziantep FK,2026-04-13
Samsunspor,1.56,1.99,-0.43,1.5,1.23,0.27,0.07,0.0,0.07,1.56,1.23,0.33,2,1,1,1.43,69.5,78.86,54.91,0.97,0.24,420,19,13,9,13.4,37.5,6.5,6,0,32,7,14,285.7,88.32,15.93,10.14,181.57,74.43,1,Eyüpspor 1-2 Samsunspor,2026-04-13
Eyüpspor,1.99,1.56,0.43,1.23,1.5,-0.27,0.0,0.07,-0.07,1.23,1.56,-0.33,1,2,-1,-1.43,30.5,21.14,41.81,0.24,0.97,97,6,9,13,37.5,13.4,18.83,0,6,10,2,11,37.8,11.68,141.13,89.86,62.37,25.57,0,Eyüpspor 1-2 Samsunspor,2026-04-13
Kocaelispor,0.89,1.63,-0.74,0.89,1.22,-0.33,0.0,0.4,-0.4,0.89,1.63,-0.74,1,1,0,0.74,33.2,30.52,43.06,0.42,0.77,114,8,8,13,19.05,16.88,20.36,2,3,8,1,13,50.8,22.61,137.07,95.36,97.03,44.56,2,Galatasaray 1-1 Kocaelispor,2026-04-12
Galatasaray,1.63,0.89,0.74,1.22,0.89,0.33,0.4,0.0,0.4,1.63,0.89,0.74,1,1,0,-0.74,66.8,69.48,49.86,0.77,0.42,331,15,13,8,16.88,19.05,8.18,3,2,21,4,15,173.9,77.39,6.67,4.64,120.73,55.44,2,Galatasaray 1-1 Kocaelispor,2026-04-12
Kasımpaşa,1.18,2.75,-1.57,1.18,1.5,-0.32,0.0,0.48,-0.48,1.18,1.99,-0.81,3,3,0,1.57,46.4,40.21,44.92,0.45,0.94,118,8,9,18,20.0,19.15,11.44,2,5,15,2,12,38.0,23.5,31.07,57.97,39.57,24.94,0,Göztepe 3-3 Kasımpaşa,2026-04-12
Göztepe,2.75,1.18,1.57,1.5,1.18,0.32,0.48,0.0,0.48,1.99,1.18,0.81,3,3,0,-1.57,53.6,59.79,50.64,0.94,0.45,198,22,18,9,19.15,20.0,8.3,5,2,28,4,15,123.7,76.5,22.53,42.03,119.1,75.06,6,Göztepe 3-3 Kasımpaşa,2026-04-12
Fatih Karagümrük,2.16,1.3,0.86,2.16,1.11,1.05,0.0,0.19,-0.19,2.16,1.3,0.86,0,3,-3,-3.86,53.9,63.29,51.37,0.46,0.44,281,13,11,10,23.91,22.73,9.18,9,2,15,4,8,127.3,69.07,47.27,53.63,93.2,44.65,0,Konyaspor 3-0 Fatih Karagümrük,2026-04-12
Konyaspor,1.3,2.16,-0.86,1.11,2.16,-1.05,0.19,0.0,0.19,1.3,2.16,-0.86,3,0,3,3.86,46.1,36.71,43.02,0.44,0.46,157,12,10,11,22.73,23.91,11.94,2,9,14,3,16,57.0,30.93,40.87,46.37,115.52,55.35,0,Konyaspor 3-0 Fatih Karagümrük,2026-04-12
Fenerbahçe,2.15,0.62,1.53,2.01,0.59,1.42,0.14,0.03,0.11,2.15,0.62,1.53,4,0,4,2.47,59.9,55.46,49.32,0.8,0.5,313,15,18,11,22.5,22.0,8.61,5,1,20,5,11,149.5,60.04,16.33,12.99,109.37,60.79,1,Kayserispor 0-4 Fenerbahçe,2026-04-11
Kayserispor,0.62,2.15,-1.53,0.59,2.01,-1.42,0.03,0.14,-0.11,0.62,2.15,-1.53,0,4,-4,-2.47,40.1,44.54,50.22,0.5,0.8,206,9,11,18,22.0,22.5,14.06,1,5,17,4,19,99.5,39.96,109.4,87.01,70.53,39.21,0,Kayserispor 0-4 Fenerbahçe,2026-04-11
Trabzonspor,1.86,0.95,0.91,0.95,0.17,0.78,0.91,0.03,0.88,1.86,0.19,1.67,1,1,0,-0.91,59.3,70.59,51.77,0.84,0.23,325,13,17,8,20.24,34.78,13.3,5,2,24,5,13,180.7,79.71,43.13,33.73,143.83,74.12,0,Alanyaspor 1-1 Trabzonspor,2026-04-11
Alanyaspor,0.95,1.86,-0.91,0.17,0.95,-0.78,0.03,0.91,-0.88,0.19,1.86,-1.67,1,1,0,0.91,40.7,29.41,38.67,0.23,0.84,115,5,8,17,34.78,20.24,27.06,2,5,11,2,8,46.0,20.29,84.73,66.27,50.23,25.88,0,Alanyaspor 1-1 Trabzonspor,2026-04-11
Gençlerbirliği,1.27,3.41,-2.14,1.18,3.34,-2.16,0.08,0.07,0.01,1.27,3.41,-2.14,0,3,-3,-0.86,49.1,36.69,40.0,0.77,1.26,145,7,12,21,15.58,16.67,11.31,3,5,11,2,14,57.0,24.0,54.73,52.62,45.5,12.1,0,İstanbul Başakşehir 3-0 Gençlerbirliği,2026-04-11
İstanbul Başakşehir,3.41,1.27,2.14,3.34,1.18,2.16,0.07,0.08,-0.01,3.41,1.27,2.14,3,0,3,0.86,50.9,63.31,47.63,1.26,0.77,218,25,21,12,16.67,15.58,10.51,5,3,23,4,19,180.5,76.0,49.27,47.38,330.47,87.9,0,İstanbul Başakşehir 3-0 Gençlerbirliği,2026-04-11
Antalyaspor,0.84,3.72,-2.88,0.64,3.51,-2.87,0.21,0.21,0.0,0.84,3.72,-2.88,2,4,-2,0.88,35.7,36.43,45.76,0.3,1.07,119,4,11,21,36.67,19.63,12.57,6,5,19,6,11,42.7,21.13,103.87,87.53,46.6,19.26,0,Beşiktaş 4-2 Antalyaspor,2026-04-10
Beşiktaş,3.72,0.84,2.88,3.51,0.64,2.87,0.21,0.21,0.0,3.72,0.84,2.88,4,2,2,-0.88,64.3,63.57,47.4,1.07,0.3,238,24,21,11,19.63,36.67,7.46,5,6,24,10,13,159.4,78.87,14.8,12.47,195.37,80.74,1,Beşiktaş 4-2 Antalyaspor,2026-04-10
Samsunspor,1.96,2.23,-0.27,0.99,1.62,-0.63,0.98,0.61,0.37,1.96,2.23,-0.27,1,4,-3,-2.73,53.7,52.75,47.43,0.62,0.27,216,12,15,13,24.19,48.15,9.06,6,7,23,11,16,115.0,53.71,28.27,27.72,44.88,21.66,0,Rizespor 4-1 Samsunspor,2026-04-09
Rizespor,2.23,1.96,0.27,1.62,0.99,0.63,0.61,0.98,-0.37,2.23,1.96,0.27,4,1,3,2.73,46.3,47.25,48.97,0.27,0.62,196,9,13,15,48.15,24.19,8.59,7,6,13,5,16,99.1,46.29,73.73,72.28,162.37,78.34,2,Rizespor 4-1 Samsunspor,2026-04-09
Galatasaray,2.2,1.91,0.29,2.16,1.82,0.34,0.04,0.1,-0.06,2.2,1.91,0.29,3,1,2,1.71,66.7,49.38,42.51,0.26,1.11,167,6,8,17,30.77,15.32,7.81,2,9,10,2,9,65.3,42.13,5.4,4.11,27.57,13.5,0,Göztepe 1-3 Galatasaray,2026-04-08
Göztepe,1.91,2.2,-0.29,1.82,2.16,-0.34,0.1,0.04,0.06,1.91,2.2,-0.29,1,3,-2,-1.71,33.3,50.62,49.42,1.11,0.26,129,16,17,8,15.32,30.77,12.34,9,2,15,4,13,89.7,57.87,126.13,95.89,176.7,86.5,8,Göztepe 1-3 Galatasaray,2026-04-08
İstanbul Başakşehir,2.74,0.93,1.81,1.92,0.9,1.02,0.82,0.04,0.78,2.74,0.93,1.81,0,0,0,-1.81,65.5,62.7,46.55,0.83,0.39,254,16,13,11,15.66,28.21,14.76,1,3,30,8,7,121.8,77.73,2.27,1.74,63.1,38.24,0,Kocaelispor 0-0 İstanbul Başakşehir,2026-04-06
Kocaelispor,0.93,2.74,-1.81,0.9,1.92,-1.02,0.04,0.82,-0.78,0.93,2.74,-1.81,0,0,0,1.81,34.5,37.3,43.83,0.39,0.83,119,8,11,13,28.21,15.66,19.2,3,1,13,1,10,34.9,22.27,128.0,98.26,101.93,61.76,4,Kocaelispor 0-0 İstanbul Başakşehir,2026-04-06
Beşiktaş,1.57,1.91,-0.34,1.51,1.14,0.37,0.06,0.01,0.05,1.57,1.15,0.42,0,1,-1,-0.66,44.2,41.46,44.68,0.47,0.58,162,5,14,13,29.79,22.41,8.64,7,13,14,5,19,62.4,42.22,80.4,82.21,99.53,62.57,0,Fenerbahçe 1-0 Beşiktaş,2026-04-05
Fenerbahçe,1.91,1.57,0.34,1.14,1.51,-0.37,0.01,0.06,-0.05,1.15,1.57,-0.42,1,0,1,0.66,55.8,58.54,48.96,0.58,0.47,245,13,13,14,22.41,29.79,5.33,13,7,27,10,13,85.4,57.78,17.4,17.79,59.53,37.43,0,Fenerbahçe 1-0 Beşiktaş,2026-04-05
Eyüpspor,0.7,2.58,-1.88,0.67,1.97,-1.3,0.03,0.6,-0.57,0.7,2.58,-1.88,0,3,-3,-1.12,45.9,35.43,39.83,0.55,0.64,109,5,8,20,14.55,31.25,6.66,7,9,8,4,13,40.7,23.3,31.27,48.75,40.37,19.89,2,Antalyaspor 3-0 Eyüpspor,2026-04-05
Antalyaspor,2.58,0.7,1.88,1.97,0.67,1.3,0.6,0.03,0.57,2.58,0.7,1.88,3,0,3,1.12,54.1,64.57,50.98,0.64,0.55,203,12,20,8,31.25,14.55,5.54,9,7,20,8,24,134.0,76.7,32.87,51.25,162.62,80.11,0,Antalyaspor 3-0 Eyüpspor,2026-04-05
Rizespor,1.72,1.41,0.31,1.72,1.41,0.31,0.0,0.0,0.0,1.72,1.41,0.31,1,2,-1,-1.31,63.0,57.72,45.44,0.9,0.89,238,12,11,10,12.22,11.24,6.44,5,2,19,3,21,101.3,61.02,12.53,12.03,65.7,35.23,0,Fatih Karagümrük 2-1 Rizespor,2026-04-05
Fatih Karagümrük,1.41,1.72,-0.31,1.41,1.72,-0.31,0.0,0.0,0.0,1.41,1.72,-0.31,2,1,1,1.31,37.0,42.28,45.68,0.89,0.9,135,12,10,11,11.24,12.22,11.74,2,5,5,0,15,64.7,38.98,91.6,87.97,120.77,64.77,0,Fatih Karagümrük 2-1 Rizespor,2026-04-05
Konyaspor,2.8,2.46,0.34,1.97,1.69,0.28,0.07,0.01,0.06,2.04,1.7,0.34,2,2,0,-0.34,37.8,23.53,39.57,0.31,1.15,101,8,9,18,29.03,15.65,15.39,2,2,11,2,14,18.9,7.19,79.27,80.23,36.9,16.38,1,Samsunspor 2-2 Konyaspor,2026-04-05
Samsunspor,2.46,2.8,-0.34,1.69,1.97,-0.28,0.01,0.07,-0.06,1.7,2.04,-0.34,2,2,0,0.34,62.2,76.47,55.47,1.15,0.31,340,22,18,9,15.65,29.03,10.21,2,2,29,8,12,244.1,92.81,19.53,19.77,188.37,83.62,2,Samsunspor 2-2 Konyaspor,2026-04-05
Galatasaray,1.43,1.26,0.17,0.67,1.19,-0.52,0.76,0.08,0.68,1.43,1.26,0.17,1,2,-1,-1.17,63.6,73.11,49.54,0.7,0.5,254,19,19,13,27.14,26.0,7.94,5,1,37,10,15,163.8,85.71,14.47,12.52,90.1,64.04,1,Trabzonspor 2-1 Galatasaray,2026-04-04
Trabzonspor,1.26,1.43,-0.17,1.19,0.67,0.52,0.08,0.76,-0.68,1.26,1.43,-0.17,2,1,1,1.17,36.4,26.89,41.35,0.5,0.7,85,6,13,19,26.0,27.14,11.75,1,5,11,3,12,27.3,14.29,101.07,87.48,50.6,35.96,0,Trabzonspor 2-1 Galatasaray,2026-04-04
Alanyaspor,0.65,1.05,-0.4,0.65,0.86,-0.21,0.0,0.19,-0.19,0.65,1.05,-0.4,1,1,0,0.4,43.2,43.6,43.9,0.54,0.4,135,11,8,15,14.81,37.5,12.22,3,3,8,2,20,41.4,31.17,88.4,81.4,77.47,59.94,2,Gaziantep FK 1-1 Alanyaspor,2026-04-04
Gaziantep FK,1.05,0.65,0.4,0.86,0.65,0.21,0.19,0.0,0.19,1.05,0.65,0.4,1,1,0,-0.4,56.8,56.4,45.73,0.4,0.54,199,8,15,8,37.5,14.81,6.82,3,3,15,2,16,91.4,68.83,20.2,18.6,51.77,40.06,1,Gaziantep FK 1-1 Alanyaspor,2026-04-04
Kayserispor,0.43,0.58,-0.15,0.43,0.58,-0.15,0.0,0.0,0.0,0.43,0.58,-0.15,0,2,-2,-1.85,62.2,60.35,44.57,0.49,0.2,223,6,4,8,8.16,40.0,8.06,3,4,29,10,14,91.7,68.74,11.07,8.96,36.07,23.09,0,Kasımpaşa 2-0 Kayserispor,2026-04-04
Kasımpaşa,0.58,0.43,0.15,0.58,0.43,0.15,0.0,0.0,0.0,0.58,0.43,0.15,2,0,2,1.85,37.8,39.65,48.27,0.2,0.49,157,6,8,4,40.0,8.16,10.4,4,3,7,1,18,41.7,31.26,112.47,91.04,120.17,76.91,0,Kasımpaşa 2-0 Kayserispor,2026-04-04
Göztepe,2.18,1.17,1.01,0.59,1.1,-0.51,0.07,0.07,0.0,0.66,1.17,-0.51,2,0,2,0.99,37.4,37.88,49.36,0.39,0.74,120,10,9,11,23.08,14.86,9.71,5,2,15,5,17,46.1,26.82,59.53,77.92,79.83,65.11,2,Gençlerbirliği 0-2 Göztepe,2026-04-04
Gençlerbirliği,1.17,2.18,-1.01,1.1,0.59,0.51,0.07,0.07,0.0,1.17,0.66,0.51,0,2,-2,-0.99,62.6,62.12,51.75,0.74,0.39,208,16,11,9,14.86,23.08,5.85,2,5,35,6,14,125.8,73.18,16.87,22.08,42.77,34.89,3,Gençlerbirliği 0-2 Göztepe,2026-04-04
Gençlerbirliği,0.06,1.91,-1.85,0.05,1.05,-1.0,0.01,0.86,-0.85,0.06,1.91,-1.85,0,1,-1,0.85,45.2,31.83,43.47,0.39,0.68,140,6,3,14,7.69,20.59,12.46,1,7,10,3,13,11.4,6.65,45.0,51.8,8.93,5.39,2,Konyaspor 1-0 Gençlerbirliği,2026-03-19
Konyaspor,1.91,0.06,1.85,1.05,0.05,1.0,0.86,0.01,0.85,1.91,0.06,1.85,1,0,1,-0.85,54.8,68.17,51.55,0.68,0.39,252,12,14,3,20.59,7.69,8.84,7,1,37,7,11,160.0,93.35,41.87,48.2,156.6,94.61,0,Konyaspor 1-0 Gençlerbirliği,2026-03-19
Kasımpaşa,1.2,1.45,-0.25,0.4,1.36,-0.96,0.05,0.09,-0.04,0.44,1.45,-1.01,1,2,-1,-0.75,50.0,44.61,43.21,0.36,0.44,177,11,6,14,16.67,31.82,8.3,5,2,11,3,14,50.9,26.64,54.73,51.8,44.67,19.96,0,Beşiktaş 2-1 Kasımpaşa,2026-03-19
Beşiktaş,1.45,1.2,0.25,1.36,0.4,0.96,0.09,0.05,0.04,1.45,0.44,1.01,2,1,1,0.75,50.0,55.39,46.97,0.44,0.36,213,8,14,6,31.82,16.67,10.39,2,5,14,2,20,140.2,73.36,50.93,48.2,179.17,80.04,0,Beşiktaş 2-1 Kasımpaşa,2026-03-19
Fatih Karagümrük,0.23,2.54,-2.31,0.18,2.54,-2.36,0.05,0.0,0.05,0.23,2.54,-2.31,0,1,-1,1.31,39.0,31.99,43.52,0.12,1.26,139,5,6,16,50.0,12.7,19.09,1,5,9,1,8,29.9,13.26,102.27,80.95,34.77,19.53,1,Kayserispor 1-0 Fatih Karagümrük,2026-03-19
Kayserispor,2.54,0.23,2.31,2.54,0.18,2.36,0.0,0.05,-0.05,2.54,0.23,2.31,1,0,1,-1.31,61.0,68.01,53.26,1.26,0.12,325,13,16,6,12.7,50.0,6.88,5,1,22,3,21,195.6,86.74,24.07,19.05,143.27,80.47,0,Kayserispor 1-0 Fatih Karagümrük,2026-03-19
Trabzonspor,1.18,0.45,0.73,0.75,0.45,0.3,0.43,0.0,0.43,1.18,0.45,0.73,1,0,1,0.27,50.6,55.47,46.55,0.57,0.48,217,10,10,7,17.54,14.58,8.56,9,1,16,5,15,106.0,57.3,72.4,61.18,126.83,65.31,0,Eyüpspor 0-1 Trabzonspor,2026-03-18
Eyüpspor,0.45,1.18,-0.73,0.45,0.75,-0.3,0.0,0.43,-0.43,0.45,1.18,-0.73,0,1,-1,-0.27,49.4,44.53,40.47,0.48,0.57,160,3,7,10,14.58,17.54,14.75,1,9,8,1,17,79.0,42.7,45.93,38.82,67.37,34.69,0,Eyüpspor 0-1 Trabzonspor,2026-03-18
Antalyaspor,1.11,1.82,-0.71,1.01,1.73,-0.72,0.1,0.09,0.01,1.11,1.82,-0.71,0,0,0,0.71,33.2,32.06,43.29,0.45,0.89,97,7,7,17,15.56,19.1,15.64,1,4,10,3,18,38.1,18.19,94.33,85.6,68.73,35.74,0,İstanbul Başakşehir 0-0 Antalyaspor,2026-03-18
İstanbul Başakşehir,1.82,1.11,0.71,1.73,1.01,0.72,0.09,0.1,-0.01,1.82,1.11,0.71,0,0,0,-0.71,66.8,67.94,48.47,0.89,0.45,246,17,17,7,19.1,15.56,5.87,4,1,33,2,12,171.4,81.81,15.87,14.4,123.57,64.26,6,İstanbul Başakşehir 0-0 Antalyaspor,2026-03-18
Kocaelispor,0.26,1.02,-0.76,0.26,0.83,-0.57,0.0,0.19,-0.19,0.26,1.02,-0.76,0,5,-5,-4.24,60.1,63.13,45.0,0.35,0.33,211,5,6,10,17.14,30.3,9.0,4,2,18,3,14,58.3,53.78,19.87,18.55,22.9,12.69,3,Alanyaspor 5-0 Kocaelispor,2026-03-18
Alanyaspor,1.02,0.26,0.76,0.83,0.26,0.57,0.19,0.0,0.19,1.02,0.26,0.76,5,0,5,4.24,39.9,36.87,37.12,0.33,0.35,91,7,10,6,30.3,17.14,13.84,2,4,10,3,14,50.1,46.22,87.27,81.45,157.56,87.31,0,Alanyaspor 5-0 Kocaelispor,2026-03-18
Gaziantep FK,1.71,3.51,-1.8,0.52,3.19,-2.67,0.43,0.32,0.11,0.95,3.51,-2.56,1,4,-3,-1.2,36.6,35.52,40.75,0.46,0.92,116,13,11,18,23.91,19.57,18.88,2,4,13,7,14,43.3,21.68,107.67,84.29,52.86,26.48,0,Fenerbahçe 4-1 Gaziantep FK,2026-03-17
Fenerbahçe,3.51,1.71,1.8,3.19,0.52,2.67,0.32,0.43,-0.11,3.51,0.95,2.56,4,1,3,1.2,63.4,64.48,47.84,0.92,0.46,270,8,18,11,19.57,23.91,10.21,4,2,22,11,10,156.4,78.32,20.07,15.71,146.73,73.52,0,Fenerbahçe 4-1 Gaziantep FK,2026-03-17
Kayserispor,1.37,2.6,-1.23,1.35,2.47,-1.12,0.01,0.13,-0.12,1.37,2.6,-1.23,1,2,-1,0.23,32.7,37.66,48.09,0.37,1.51,141,9,12,18,32.43,11.92,11.7,6,3,14,8,14,42.6,18.7,120.0,93.99,54.97,20.99,1,Samsunspor 2-1 Kayserispor,2026-03-15
Samsunspor,2.6,1.37,1.23,2.47,1.35,1.12,0.13,0.01,0.12,2.6,1.37,1.23,2,1,1,-0.23,67.3,62.34,49.07,1.51,0.37,276,23,18,12,11.92,32.43,5.89,3,6,29,7,13,185.2,81.3,7.67,6.01,206.97,79.01,0,Samsunspor 2-1 Kayserispor,2026-03-15
Beşiktaş,2.39,1.34,1.05,2.1,1.26,0.84,0.28,0.08,0.2,2.39,1.34,1.05,2,0,2,0.95,67.6,67.78,54.36,0.96,0.6,307,20,24,11,25.0,18.33,5.93,9,11,22,10,10,217.4,86.89,5.0,4.94,164.93,79.5,1,Gençlerbirliği 0-2 Beşiktaş,2026-03-15
Gençlerbirliği,1.34,2.39,-1.05,1.26,2.1,-0.84,0.08,0.28,-0.2,1.34,2.39,-1.05,0,2,-2,-0.95,32.4,32.22,48.12,0.6,0.96,112,16,11,24,18.33,25.0,11.12,11,9,14,6,6,32.8,13.11,96.2,95.06,42.53,20.5,1,Gençlerbirliği 0-2 Beşiktaş,2026-03-15
Eyüpspor,1.9,0.98,0.92,1.59,0.93,0.66,0.31,0.05,0.26,1.9,0.98,0.92,0,1,-1,-1.92,54.2,38.06,40.56,0.44,0.15,138,6,8,9,18.18,60.0,9.1,3,10,12,2,13,68.2,38.44,16.67,17.52,48.33,21.56,0,Kasımpaşa 1-0 Eyüpspor,2026-03-15
Kasımpaşa,0.98,1.9,-0.92,0.93,1.59,-0.66,0.05,0.31,-0.26,0.98,1.9,-0.92,1,0,1,1.92,45.8,61.94,48.64,0.15,0.44,186,7,9,8,60.0,18.18,7.94,10,3,16,2,19,109.2,61.56,78.47,82.48,175.83,78.44,0,Kasımpaşa 1-0 Eyüpspor,2026-03-15
Rizespor,1.09,1.98,-0.89,1.05,1.72,-0.67,0.04,0.26,-0.22,1.09,1.98,-0.89,0,1,-1,-0.11,44.3,41.89,47.56,0.71,0.44,180,12,11,10,15.49,22.73,11.18,5,3,20,4,14,91.1,42.08,94.6,63.46,104.2,48.7,0,Trabzonspor 1-0 Rizespor,2026-03-14
Trabzonspor,1.98,1.09,0.89,1.72,1.05,0.67,0.26,0.04,0.22,1.98,1.09,0.89,1,0,1,0.11,55.7,58.11,50.66,0.44,0.71,272,7,10,11,22.73,15.49,9.58,3,5,25,8,11,125.4,57.92,54.47,36.54,109.77,51.3,0,Trabzonspor 1-0 Rizespor,2026-03-14
İstanbul Başakşehir,0.76,3.03,-2.27,0.72,2.66,-1.94,0.04,0.38,-0.34,0.76,3.03,-2.27,0,3,-3,-0.73,32.8,28.86,39.75,0.49,0.9,89,4,7,19,14.29,21.11,11.81,9,6,9,3,12,21.5,9.95,129.53,94.51,45.97,20.87,0,Galatasaray 3-0 İstanbul Başakşehir,2026-03-14
Galatasaray,3.03,0.76,2.27,2.66,0.72,1.94,0.38,0.04,0.34,3.03,0.76,2.27,3,0,3,0.73,67.2,71.14,44.16,0.9,0.49,208,21,19,7,21.11,14.29,7.32,6,9,27,9,13,194.5,90.05,7.53,5.49,174.34,79.13,0,Galatasaray 3-0 İstanbul Başakşehir,2026-03-14
Alanyaspor,1.24,2.29,-1.05,1.08,1.4,-0.32,0.16,0.12,0.04,1.24,1.53,-0.29,2,2,0,1.05,68.5,66.46,49.44,0.51,0.2,280,13,17,13,33.33,65.0,8.12,5,2,21,8,7,164.1,74.93,2.87,2.32,91.6,45.78,1,Göztepe 2-2 Alanyaspor,2026-03-14
Göztepe,2.29,1.24,1.05,1.4,1.08,0.32,0.12,0.16,-0.04,1.53,1.24,0.29,2,2,0,-1.05,31.5,33.54,50.17,0.2,0.51,134,8,13,17,65.0,33.33,13.13,2,5,15,5,19,54.9,25.07,120.67,97.68,108.5,54.22,1,Göztepe 2-2 Alanyaspor,2026-03-14
Konyaspor,2.64,0.98,1.66,1.45,0.88,0.57,0.43,0.1,0.33,1.88,0.98,0.9,2,1,1,-0.66,58.8,59.49,49.49,0.82,0.36,260,15,19,10,23.17,27.78,8.65,4,1,19,7,4,147.3,71.26,27.8,27.76,106.87,61.43,0,Kocaelispor 1-2 Konyaspor,2026-03-14
Kocaelispor,0.98,2.64,-1.66,0.88,1.45,-0.57,0.1,0.43,-0.33,0.98,1.88,-0.9,1,2,-1,0.66,41.2,40.51,45.94,0.36,0.82,158,7,10,19,27.78,23.17,12.03,1,4,20,8,21,59.4,28.74,72.33,72.24,67.1,38.57,4,Kocaelispor 1-2 Konyaspor,2026-03-14
Fenerbahçe,0.79,1.55,-0.76,0.62,0.37,0.25,0.17,1.19,-1.02,0.79,1.55,-0.76,0,2,-2,-1.24,67.5,73.97,54.79,0.47,0.26,406,9,16,9,34.04,34.62,6.97,6,1,48,14,7,202.6,85.81,8.33,7.1,127.73,54.23,2,Fatih Karagümrük 2-0 Fenerbahçe,2026-03-13
Fatih Karagümrük,1.55,0.79,0.76,0.37,0.62,-0.25,1.19,0.17,1.02,1.55,0.79,0.76,2,0,2,1.24,32.5,26.03,45.89,0.26,0.47,130,9,9,16,34.62,34.04,17.0,1,6,6,2,16,33.5,14.19,109.0,92.9,107.8,45.77,0,Fatih Karagümrük 2-0 Fenerbahçe,2026-03-13
Gaziantep FK,2.81,0.52,2.29,1.2,0.41,0.79,1.61,0.11,1.5,2.81,0.52,2.29,4,1,3,0.71,39.9,44.88,42.5,0.69,0.45,93,8,12,12,17.39,26.67,9.08,3,4,14,6,18,36.8,38.57,36.47,59.33,65.67,61.91,0,Antalyaspor 1-4 Gaziantep FK,2026-03-13
Antalyaspor,0.52,2.81,-2.29,0.41,1.2,-0.79,0.11,1.61,-1.5,0.52,2.81,-2.29,1,4,-3,-0.71,60.1,55.12,46.75,0.45,0.69,173,10,12,12,26.67,17.39,5.47,4,3,19,5,15,58.6,61.43,25.0,40.67,40.4,38.09,0,Antalyaspor 1-4 Gaziantep FK,2026-03-13
Gençlerbirliği,0.15,2.12,-1.97,0.15,1.51,-1.36,0.0,0.6,-0.6,0.15,2.12,-1.97,0,0,0,1.97,41.3,24.6,38.99,0.02,0.97,127,2,3,18,150.0,18.56,28.67,0,10,10,2,5,11.3,4.35,55.53,49.03,0.23,0.1,1,Alanyaspor 0-0 Gençlerbirliği,2026-03-09
Alanyaspor,2.12,0.15,1.97,1.51,0.15,1.36,0.6,0.0,0.6,2.12,0.15,1.97,0,0,0,-1.97,58.7,75.4,54.71,0.97,0.02,363,23,18,3,18.56,150.0,14.07,10,0,42,9,11,248.7,95.65,57.73,50.97,239.83,99.9,2,Alanyaspor 0-0 Gençlerbirliği,2026-03-09
Trabzonspor,3.01,1.66,1.35,2.03,1.43,0.6,0.22,0.23,-0.01,2.25,1.66,0.59,3,1,2,0.65,67.6,58.56,49.92,1.59,1.31,339,21,19,14,11.95,10.69,12.44,2,0,22,8,9,162.9,73.31,11.8,7.4,95.53,47.43,0,Kayserispor 1-3 Trabzonspor,2026-03-09
Kayserispor,1.66,3.01,-1.35,1.43,2.03,-0.6,0.23,0.22,0.01,1.66,2.25,-0.59,1,3,-2,-0.65,32.4,41.44,51.33,1.31,1.59,172,17,14,19,10.69,11.95,28.16,0,2,18,6,8,59.3,26.69,147.73,92.6,105.87,52.57,0,Kayserispor 1-3 Trabzonspor,2026-03-09
Kocaelispor,1.69,0.62,1.07,0.93,0.62,0.31,0.0,0.0,0.0,0.93,0.62,0.31,1,0,1,-0.07,33.2,34.38,47.87,0.4,0.7,132,7,5,11,12.5,15.71,11.95,5,13,10,3,21,53.6,22.92,112.6,98.71,111.07,63.58,5,Eyüpspor 0-1 Kocaelispor,2026-03-09
Eyüpspor,0.62,1.69,-1.07,0.62,0.93,-0.31,0.0,0.0,0.0,0.62,0.93,-0.31,0,1,-1,0.07,66.8,65.62,46.8,0.7,0.4,261,15,11,5,15.71,12.5,3.89,13,5,14,3,13,180.3,77.08,1.47,1.29,63.63,36.42,2,Eyüpspor 0-1 Kocaelispor,2026-03-09
Samsunspor,1.49,2.34,-0.85,1.35,1.92,-0.57,0.14,0.42,-0.28,1.49,2.34,-0.85,2,3,-1,-0.15,44.4,49.83,48.07,0.67,0.44,195,10,12,14,17.91,31.82,6.81,10,3,17,6,25,65.7,41.29,54.87,61.79,89.77,58.37,1,Fenerbahçe 3-2 Samsunspor,2026-03-08
Fenerbahçe,2.34,1.49,0.85,1.92,1.35,0.57,0.42,0.14,0.28,2.34,1.49,0.85,3,2,1,0.15,55.6,50.17,44.61,0.44,0.67,214,13,14,12,31.82,17.91,7.14,3,10,24,7,11,93.4,58.71,33.93,38.21,64.03,41.63,3,Fenerbahçe 3-2 Samsunspor,2026-03-08
Kasımpaşa,1.86,2.49,-0.63,0.32,2.2,-1.88,0.02,0.29,-0.27,0.34,2.49,-2.15,1,1,0,0.63,36.3,39.9,42.63,0.28,0.76,102,11,6,11,21.43,14.47,9.63,3,5,6,3,19,38.2,30.58,101.6,95.55,105.57,64.66,0,Konyaspor 1-1 Kasımpaşa,2026-03-08
Konyaspor,2.49,1.86,0.63,2.2,0.32,1.88,0.29,0.02,0.27,2.49,0.34,2.15,1,1,0,-0.63,63.7,60.1,41.99,0.76,0.28,172,6,11,6,14.47,21.43,5.69,5,3,12,4,13,86.7,69.42,4.73,4.45,57.7,35.34,0,Konyaspor 1-1 Kasımpaşa,2026-03-08
Fatih Karagümrük,0.94,1.21,-0.27,0.3,1.03,-0.73,0.64,0.18,0.46,0.94,1.21,-0.27,1,1,0,0.27,51.7,58.27,46.02,0.64,0.74,202,10,14,14,21.88,18.92,9.46,4,2,20,12,15,90.6,57.78,58.87,57.08,110.7,59.87,1,Gaziantep FK 1-1 Fatih Karagümrük,2026-03-08
Gaziantep FK,1.21,0.94,0.27,1.03,0.3,0.73,0.18,0.64,-0.46,1.21,0.94,0.27,1,1,0,-0.27,48.3,41.73,40.93,0.74,0.64,141,11,14,14,18.92,21.88,12.28,2,4,13,6,14,66.2,42.22,44.27,42.92,74.2,40.13,2,Gaziantep FK 1-1 Fatih Karagümrük,2026-03-08
Antalyaspor,0.77,2.9,-2.13,0.77,2.14,-1.37,0.0,0.0,0.0,0.77,2.14,-1.37,0,1,-1,1.13,55.5,55.79,48.47,0.41,0.46,223,8,10,13,24.39,28.26,6.22,10,5,18,1,17,80.0,61.02,19.4,25.55,44.1,35.36,3,Rizespor 1-0 Antalyaspor,2026-03-08
Rizespor,2.9,0.77,2.13,2.14,0.77,1.37,0.0,0.0,0.0,2.14,0.77,1.37,1,0,1,-1.13,44.5,44.21,47.46,0.46,0.41,157,8,13,10,28.26,24.39,10.79,5,10,14,2,12,51.1,38.98,56.53,74.45,80.63,64.64,0,Rizespor 1-0 Antalyaspor,2026-03-08
Galatasaray,1.07,1.79,-0.72,0.94,1.62,-0.68,0.12,0.17,-0.05,1.07,1.79,-0.72,1,0,1,1.72,40.0,33.12,44.73,0.68,1.35,146,8,12,24,17.65,17.78,14.64,4,5,13,4,15,44.8,17.3,86.2,69.18,61.37,32.31,2,Beşiktaş 0-1 Galatasaray,2026-03-07
Beşiktaş,1.79,1.07,0.72,1.62,0.94,0.68,0.17,0.12,0.05,1.79,1.07,0.72,0,1,-1,-1.72,60.0,66.88,50.53,1.35,0.68,295,17,24,12,17.78,17.65,9.23,5,4,25,8,10,214.1,82.7,38.4,30.82,128.57,67.69,1,Beşiktaş 0-1 Galatasaray,2026-03-07
Göztepe,4.32,0.84,3.48,4.25,0.77,3.48,0.07,0.08,-0.01,4.32,0.84,3.48,1,2,-1,-4.48,45.2,56.68,52.82,0.95,0.22,188,13,23,7,24.21,31.82,11.5,2,3,26,5,14,130.6,77.46,65.6,69.54,170.97,77.06,3,İstanbul Başakşehir 2-1 Göztepe,2026-03-07
İstanbul Başakşehir,0.84,4.32,-3.48,0.77,4.25,-3.48,0.08,0.07,0.01,0.84,4.32,-3.48,2,1,1,4.48,54.8,43.32,43.7,0.22,0.95,150,4,7,23,31.82,24.21,7.84,3,2,15,3,8,38.0,22.54,28.73,30.46,50.9,22.94,2,İstanbul Başakşehir 2-1 Göztepe,2026-03-07
Fenerbahçe,1.84,0.97,0.87,1.4,0.91,0.49,0.44,0.06,0.38,1.84,0.97,0.87,2,2,0,-0.87,65.9,68.5,52.79,1.54,0.35,318,31,15,11,9.74,31.43,6.16,7,3,37,14,10,157.4,76.82,10.4,9.51,97.6,57.64,2,Antalyaspor 2-2 Fenerbahçe,2026-03-01
Antalyaspor,0.97,1.84,-0.87,0.91,1.4,-0.49,0.06,0.44,-0.38,0.97,1.84,-0.87,2,2,0,0.87,34.1,31.5,45.17,0.35,1.54,121,6,11,15,31.43,9.74,15.5,3,7,14,3,11,47.5,23.18,98.93,90.49,71.73,42.36,0,Antalyaspor 2-2 Fenerbahçe,2026-03-01
Gaziantep FK,0.33,1.43,-1.1,0.33,1.34,-1.01,0.0,0.09,-0.09,0.33,1.43,-1.1,0,0,0,1.1,40.0,26.8,39.41,0.14,0.97,104,1,6,12,42.86,12.37,11.57,6,8,6,2,13,31.4,17.67,96.13,80.11,52.77,35.61,0,Samsunspor 0-0 Gaziantep FK,2026-03-01
Samsunspor,1.43,0.33,1.1,1.34,0.33,1.01,0.09,0.0,0.09,1.43,0.33,1.1,0,0,0,-1.1,60.0,73.2,48.34,0.97,0.14,262,17,12,6,12.37,42.86,6.57,8,6,26,6,16,146.3,82.33,23.87,19.89,95.4,64.39,2,Samsunspor 0-0 Gaziantep FK,2026-03-01
Kayserispor,0.72,0.79,-0.07,0.7,0.68,0.02,0.02,0.11,-0.09,0.72,0.79,-0.07,0,0,0,0.07,46.5,49.47,49.82,0.45,0.61,188,9,10,10,22.22,16.39,11.67,3,1,27,6,15,68.3,44.79,66.2,78.19,96.83,59.83,0,Gençlerbirliği 0-0 Kayserispor,2026-03-01
Gençlerbirliği,0.79,0.72,0.07,0.68,0.7,-0.02,0.11,0.02,0.09,0.79,0.72,0.07,0,0,0,-0.07,53.5,50.53,45.72,0.61,0.45,175,11,10,10,16.39,22.22,10.0,1,3,21,3,14,84.2,55.21,18.47,21.81,65.0,40.17,0,Gençlerbirliği 0-0 Kayserispor,2026-03-01
Alanyaspor,0.7,2.55,-1.85,0.7,2.55,-1.85,0.0,0.0,0.0,0.7,2.55,-1.85,1,3,-2,-0.15,40.7,39.94,48.26,0.55,0.93,180,7,10,14,18.18,15.05,19.74,2,6,13,0,4,66.5,30.49,101.8,77.28,65.3,39.36,0,Galatasaray 3-1 Alanyaspor,2026-02-28
Galatasaray,2.55,0.7,1.85,2.55,0.7,1.85,0.0,0.0,0.0,2.55,0.7,1.85,3,1,2,0.15,59.3,60.06,48.7,0.93,0.55,287,10,14,10,15.05,18.18,10.9,6,2,15,4,18,151.6,69.51,29.93,22.72,100.6,60.64,0,Galatasaray 3-1 Alanyaspor,2026-02-28
Eyüpspor,0.24,1.57,-1.33,0.24,0.77,-0.53,0.0,0.04,-0.04,0.24,0.81,-0.57,0,0,0,1.33,51.5,37.46,44.44,0.17,0.47,136,5,6,12,35.29,25.53,6.03,3,9,8,2,10,39.1,23.74,14.07,22.57,18.5,11.73,0,Göztepe 0-0 Eyüpspor,2026-02-28
Göztepe,1.57,0.24,1.33,0.77,0.24,0.53,0.04,0.0,0.04,0.81,0.24,0.57,0,0,0,-1.33,48.5,62.54,55.66,0.47,0.17,215,16,12,6,25.53,35.29,7.82,9,3,27,5,16,125.6,76.26,48.27,77.43,139.2,88.27,14,Göztepe 0-0 Eyüpspor,2026-02-28
Beşiktaş,1.41,0.62,0.79,1.16,0.58,0.58,0.26,0.04,0.22,1.41,0.62,0.79,1,0,1,0.21,49.7,49.78,45.27,0.41,0.28,186,9,11,10,26.83,35.71,9.85,7,5,13,4,13,82.1,53.94,62.6,60.54,103.27,66.44,2,Kocaelispor 0-1 Beşiktaş,2026-02-28
Kocaelispor,0.62,1.41,-0.79,0.58,1.16,-0.58,0.04,0.26,-0.22,0.62,1.41,-0.79,0,1,-1,-0.21,50.3,50.22,42.62,0.28,0.41,167,6,10,11,35.71,26.83,11.03,5,7,13,1,15,70.1,46.06,40.8,39.46,52.17,33.56,6,Kocaelispor 0-1 Beşiktaş,2026-02-28
Rizespor,2.01,0.93,1.08,1.6,0.9,0.7,0.4,0.02,0.38,2.01,0.93,1.08,3,0,3,1.92,47.5,42.47,46.11,0.62,0.71,168,13,14,13,22.58,18.31,11.5,4,8,17,5,16,72.9,45.06,50.2,55.98,98.87,74.17,0,Kasımpaşa 0-3 Rizespor,2026-02-28
Kasımpaşa,0.93,2.01,-1.08,0.9,1.6,-0.7,0.02,0.4,-0.38,0.93,2.01,-1.08,0,3,-3,-1.92,52.5,57.53,48.21,0.71,0.62,213,9,13,14,18.31,22.58,7.71,8,4,17,2,18,88.9,54.94,39.47,44.02,34.43,25.83,0,Kasımpaşa 0-3 Rizespor,2026-02-28
Fatih Karagümrük,0.84,2.26,-1.42,0.77,1.21,-0.44,0.07,1.06,-0.99,0.84,2.26,-1.42,1,3,-2,-0.58,37.0,50.76,47.45,0.55,1.11,207,7,11,13,20.0,11.71,19.03,8,2,13,4,12,108.1,54.68,184.53,93.42,173.63,66.55,1,Trabzonspor 3-1 Fatih Karagümrük,2026-02-27
Trabzonspor,2.26,0.84,1.42,1.21,0.77,0.44,1.06,0.07,0.99,2.26,0.84,1.42,3,1,2,0.58,63.0,49.24,44.58,1.11,0.55,307,15,13,11,11.71,20.0,13.8,2,8,16,5,8,89.6,45.32,13.0,6.58,87.27,33.45,0,Trabzonspor 3-1 Fatih Karagümrük,2026-02-27
Konyaspor,0.81,1.5,-0.69,0.81,1.42,-0.61,0.0,0.07,-0.07,0.81,1.5,-0.69,0,2,-2,-1.31,46.5,44.02,43.89,0.4,0.86,150,9,11,12,27.5,13.95,9.45,3,6,13,7,16,35.8,32.78,61.07,68.2,57.77,37.34,0,İstanbul Başakşehir 2-0 Konyaspor,2026-02-27
İstanbul Başakşehir,1.5,0.81,0.69,1.42,0.81,0.61,0.07,0.0,0.07,1.5,0.81,0.69,2,0,2,1.31,53.5,55.98,45.37,0.86,0.4,196,10,12,11,13.95,27.5,7.51,6,3,19,5,14,73.4,67.22,28.47,31.8,96.93,62.66,0,İstanbul Başakşehir 2-0 Konyaspor,2026-02-27
Kasımpaşa,0.76,1.87,-1.11,0.76,1.55,-0.79,0.0,0.31,-0.31,0.76,1.87,-1.11,1,1,0,1.11,32.2,26.08,42.85,0.5,1.29,110,7,5,21,10.0,16.28,14.24,3,5,9,1,16,39.4,11.9,120.4,93.48,50.97,21.05,0,Fenerbahçe 1-1 Kasımpaşa,2026-02-23
Fenerbahçe,1.87,0.76,1.11,1.55,0.76,0.79,0.31,0.0,0.31,1.87,0.76,1.11,1,1,0,-1.11,67.8,73.92,54.58,1.29,0.5,387,20,21,5,16.28,10.0,8.1,5,3,38,8,9,291.6,88.1,8.4,6.52,191.17,78.95,1,Fenerbahçe 1-1 Kasımpaşa,2026-02-23
Göztepe,0.69,1.94,-1.25,0.61,1.39,-0.78,0.09,0.54,-0.45,0.69,1.94,-1.25,0,4,-4,-2.75,41.1,47.31,50.49,0.56,0.33,148,13,8,12,14.29,36.36,9.15,7,2,15,4,18,60.4,33.11,73.6,87.13,63.85,26.22,5,Beşiktaş 4-0 Göztepe,2026-02-22
Beşiktaş,1.94,0.69,1.25,1.39,0.61,0.78,0.54,0.09,0.45,1.94,0.69,1.25,4,0,4,2.75,58.9,52.69,47.86,0.33,0.56,190,9,12,8,36.36,14.29,6.47,2,7,15,9,14,122.0,66.89,10.87,12.87,179.64,73.78,1,Beşiktaş 4-0 Göztepe,2026-02-22
Samsunspor,0.79,0.88,-0.09,0.79,0.84,-0.05,0.0,0.04,-0.04,0.79,0.88,-0.09,0,0,0,0.09,65.2,61.02,46.21,0.68,0.49,281,7,7,12,10.29,24.49,9.82,2,4,11,1,15,83.7,55.65,16.0,10.9,51.0,25.53,0,Fatih Karagümrük 0-0 Samsunspor,2026-02-22
Fatih Karagümrük,0.88,0.79,0.09,0.84,0.79,0.05,0.04,0.0,0.04,0.88,0.79,0.09,0,0,0,-0.09,34.8,38.98,42.92,0.49,0.68,140,8,12,7,24.49,10.29,16.68,4,2,10,5,14,66.7,44.35,130.8,89.1,148.8,74.47,0,Fatih Karagümrük 0-0 Samsunspor,2026-02-22
Trabzonspor,2.04,1.98,0.06,2.04,1.73,0.31,0.0,0.26,-0.26,2.04,1.98,0.06,2,1,1,0.94,47.0,44.44,44.36,0.36,0.91,168,6,13,15,36.11,16.48,14.56,0,5,13,4,16,60.9,36.31,63.07,59.17,88.6,52.5,0,Gaziantep FK 1-2 Trabzonspor,2026-02-22
Gaziantep FK,1.98,2.04,-0.06,1.73,2.04,-0.31,0.26,0.0,0.26,1.98,2.04,-0.06,1,2,-1,-0.94,53.0,55.56,46.4,0.91,0.36,217,18,15,13,16.48,36.11,9.81,5,0,22,11,11,106.8,63.69,43.53,40.83,80.17,47.5,1,Gaziantep FK 1-2 Trabzonspor,2026-02-22
Antalyaspor,1.35,1.96,-0.61,1.31,0.96,0.35,0.04,0.24,-0.2,1.35,1.2,0.15,0,1,-1,-0.39,47.0,43.2,46.13,0.91,0.9,138,8,11,15,12.09,16.67,12.56,3,3,24,5,10,53.7,39.78,57.07,76.15,61.4,54.72,0,Kayserispor 1-0 Antalyaspor,2026-02-22
Kayserispor,1.96,1.35,0.61,0.96,1.31,-0.35,0.24,0.04,0.2,1.2,1.35,-0.15,1,0,1,0.39,53.0,56.8,45.35,0.9,0.91,143,13,15,11,16.67,12.09,8.15,3,3,25,5,12,81.3,60.22,17.87,23.85,50.8,45.28,1,Kayserispor 1-0 Antalyaspor,2026-02-22
Galatasaray,0.75,2.91,-2.16,0.75,1.92,-1.17,0.0,1.0,-1.0,0.75,2.91,-2.16,0,2,-2,0.16,60.6,48.85,46.3,0.47,0.57,228,12,6,9,12.77,15.79,8.09,9,4,12,4,8,68.1,48.96,24.6,19.91,35.43,22.78,1,Konyaspor 2-0 Galatasaray,2026-02-21
Konyaspor,2.91,0.75,2.16,1.92,0.75,1.17,1.0,0.0,1.0,2.91,0.75,2.16,2,0,2,-0.16,39.4,51.15,49.32,0.57,0.47,173,12,9,6,15.79,12.77,14.0,4,9,9,3,13,71.0,51.04,98.93,80.09,120.07,77.22,0,Konyaspor 2-0 Galatasaray,2026-02-21
İstanbul Başakşehir,3.71,1.22,2.49,2.85,0.92,1.93,0.1,0.3,-0.2,2.95,1.22,1.73,2,1,1,-1.49,47.6,46.18,42.94,0.88,0.62,162,9,13,13,14.77,20.97,13.38,4,0,13,2,18,74.3,43.58,102.4,51.42,139.8,62.29,1,Alanyaspor 1-2 İstanbul Başakşehir,2026-02-21
Alanyaspor,1.22,3.71,-2.49,0.92,2.85,-1.93,0.3,0.1,0.2,1.22,2.95,-1.73,1,2,-1,1.49,52.4,53.82,46.31,0.62,0.88,235,12,13,13,20.97,14.77,11.48,0,4,28,6,14,96.2,56.42,96.73,48.58,84.63,37.71,1,Alanyaspor 1-2 İstanbul Başakşehir,2026-02-21
Gençlerbirliği,1.15,0.81,0.34,1.15,0.81,0.34,0.0,0.0,0.0,1.15,0.81,0.34,0,1,-1,-1.34,42.8,47.92,45.56,1.08,0.83,144,9,13,10,12.04,12.05,14.04,2,5,19,4,18,84.8,50.24,75.33,76.98,122.87,63.82,1,Eyüpspor 1-0 Gençlerbirliği,2026-02-21
Eyüpspor,0.81,1.15,-0.34,0.81,1.15,-0.34,0.0,0.0,0.0,0.81,1.15,-0.34,1,0,1,1.34,57.2,52.08,42.91,0.83,1.08,172,16,10,13,12.05,12.04,7.24,5,2,19,3,13,84.0,49.76,22.53,23.02,69.67,36.18,0,Eyüpspor 1-0 Gençlerbirliği,2026-02-21
Kocaelispor,1.21,1.62,-0.41,0.98,1.42,-0.44,0.23,0.2,0.03,1.21,1.62,-0.41,0,2,-2,-1.59,53.1,54.95,47.12,0.72,0.9,204,10,13,11,18.06,12.22,8.23,3,4,25,6,19,98.4,54.42,32.27,36.48,55.2,31.62,0,Rizespor 2-0 Kocaelispor,2026-02-20
Rizespor,1.62,1.21,0.41,1.42,0.98,0.44,0.2,0.23,-0.03,1.62,1.21,0.41,2,0,2,1.59,46.9,45.05,47.63,0.9,0.72,175,10,11,13,12.22,18.06,7.55,4,3,13,2,14,82.4,45.58,56.2,63.52,119.4,68.38,2,Rizespor 2-0 Kocaelispor,2026-02-20
Fatih Karagümrük,1.48,1.98,-0.5,1.46,1.94,-0.48,0.02,0.04,-0.02,1.48,1.98,-0.5,2,3,-1,-0.5,57.3,63.03,48.54,0.81,0.39,254,12,11,12,13.58,30.77,9.81,2,3,14,3,8,106.3,79.45,38.2,39.27,74.13,53.01,0,Kasımpaşa 3-2 Fatih Karagümrük,2026-02-16
Kasımpaşa,1.98,1.48,0.5,1.94,1.46,0.48,0.04,0.02,0.02,1.98,1.48,0.5,3,2,1,0.5,42.7,36.97,42.45,0.39,0.81,133,9,12,11,30.77,13.58,9.59,3,2,13,2,20,27.5,20.55,59.07,60.73,65.7,46.99,0,Kasımpaşa 3-2 Fatih Karagümrük,2026-02-16
Beşiktaş,2.52,1.83,0.69,2.46,1.43,1.03,0.06,0.4,-0.34,2.52,1.83,0.69,3,2,1,0.31,43.9,45.38,42.6,0.95,1.01,125,19,13,14,13.68,13.86,13.38,4,7,12,3,13,67.5,46.58,57.07,71.28,82.53,64.83,4,İstanbul Başakşehir 2-3 Beşiktaş,2026-02-15
İstanbul Başakşehir,1.83,2.52,-0.69,1.43,2.46,-1.03,0.4,0.06,0.34,1.83,2.52,-0.69,2,3,-1,-0.31,56.1,54.62,46.01,1.01,0.95,178,17,14,13,13.86,13.68,7.56,7,4,21,6,12,77.4,53.42,23.0,28.72,44.77,35.17,2,İstanbul Başakşehir 2-3 Beşiktaş,2026-02-15
Kayserispor,1.68,1.01,0.67,1.63,0.77,0.86,0.04,0.24,-0.2,1.68,1.01,0.67,0,0,0,-0.67,44.6,39.75,48.32,0.9,0.6,157,5,10,17,11.11,28.33,12.54,3,9,15,3,9,36.2,23.34,40.87,71.53,40.4,29.09,0,Göztepe 0-0 Kayserispor,2026-02-15
Göztepe,1.01,1.68,-0.67,0.77,1.63,-0.86,0.24,0.04,0.2,1.01,1.68,-0.67,0,0,0,0.67,55.4,60.25,53.33,0.6,0.9,242,18,17,10,28.33,11.11,8.0,9,3,33,6,14,118.9,76.66,16.27,28.47,98.5,70.91,10,Göztepe 0-0 Kayserispor,2026-02-15
Gaziantep FK,0.87,3.33,-2.46,0.87,3.26,-2.39,0.0,0.07,-0.07,0.87,3.33,-2.46,0,3,-3,-0.54,40.8,37.02,37.15,0.25,1.02,75,3,7,14,28.0,13.73,8.0,6,12,10,2,17,40.3,26.81,78.0,73.72,60.58,34.24,0,Kocaelispor 3-0 Gaziantep FK,2026-02-15
Kocaelispor,3.33,0.87,2.46,3.26,0.87,2.39,0.07,0.0,0.07,3.33,0.87,2.46,3,0,3,0.54,59.2,62.98,43.48,1.02,0.25,175,13,14,7,13.73,28.0,5.24,12,6,10,4,25,110.0,73.19,27.8,26.28,116.37,65.76,4,Kocaelispor 3-0 Gaziantep FK,2026-02-15
Fenerbahçe,0.63,1.2,-0.57,0.58,0.86,-0.28,0.05,0.33,-0.28,0.63,1.2,-0.57,3,2,1,1.57,42.0,40.93,43.88,0.63,0.99,131,12,9,17,14.29,17.17,9.75,3,2,16,7,14,51.4,28.97,63.6,76.26,72.4,49.56,0,Trabzonspor 2-3 Fenerbahçe,2026-02-14
Trabzonspor,1.2,0.63,0.57,0.86,0.58,0.28,0.33,0.05,0.28,1.2,0.63,0.57,2,3,-1,-1.57,58.0,59.07,49.44,0.99,0.63,217,12,17,9,17.17,14.29,7.94,2,3,28,7,16,126.0,71.03,19.8,23.74,73.7,50.44,2,Trabzonspor 2-3 Fenerbahçe,2026-02-14
Konyaspor,0.5,2.33,-1.83,0.5,1.16,-0.66,0.0,0.4,-0.4,0.5,1.57,-1.07,1,2,-1,0.83,58.5,52.49,45.2,0.44,0.92,248,4,9,19,20.45,20.65,8.77,4,5,18,3,17,86.4,40.17,14.8,9.02,33.2,12.18,0,Alanyaspor 2-1 Konyaspor,2026-02-14
Alanyaspor,2.33,0.5,1.83,1.16,0.5,0.66,0.4,0.0,0.4,1.57,0.5,1.07,2,1,1,-0.83,41.5,47.51,53.35,0.92,0.44,224,16,19,9,20.65,20.45,13.88,5,4,24,4,10,128.7,59.83,149.27,90.98,239.47,87.82,0,Alanyaspor 2-1 Konyaspor,2026-02-14
Rizespor,1.89,1.44,0.45,1.65,1.34,0.31,0.24,0.1,0.14,1.89,1.44,0.45,2,2,0,-0.45,60.2,60.69,50.32,0.93,0.24,203,20,15,13,16.13,54.17,4.95,8,3,27,11,14,143.6,67.58,7.93,10.28,105.27,56.57,0,Gençlerbirliği 2-2 Rizespor,2026-02-14
Gençlerbirliği,1.44,1.89,-0.45,1.34,1.65,-0.31,0.1,0.24,-0.14,1.44,1.89,-0.45,2,2,0,0.45,39.8,39.31,48.46,0.24,0.93,122,7,13,15,54.17,16.13,8.26,3,8,12,4,17,68.9,32.42,69.2,89.72,80.83,43.43,0,Gençlerbirliği 2-2 Rizespor,2026-02-14
Samsunspor,2.76,1.79,0.97,1.71,0.88,0.83,0.29,0.91,-0.62,2.0,1.79,0.21,1,3,-2,-2.97,64.8,68.95,50.76,0.77,0.26,265,11,13,13,16.88,50.0,6.57,5,3,39,10,10,138.2,73.16,14.4,18.51,91.72,45.95,5,Antalyaspor 3-1 Samsunspor,2026-02-13
Antalyaspor,1.79,2.76,-0.97,0.88,1.71,-0.83,0.91,0.29,0.62,1.79,2.0,-0.21,3,1,2,2.97,35.2,31.05,45.63,0.26,0.77,121,9,13,13,50.0,16.88,13.82,3,5,12,4,17,50.7,26.84,63.4,81.49,107.89,54.05,1,Antalyaspor 3-1 Samsunspor,2026-02-13
Eyüpspor,0.84,3.11,-2.27,0.84,2.5,-1.66,0.0,0.61,-0.61,0.84,3.11,-2.27,1,5,-4,-1.73,38.0,25.18,37.65,0.09,1.25,100,2,6,22,66.67,17.6,17.46,3,11,9,4,13,27.0,10.41,68.27,69.61,33.53,7.86,0,Galatasaray 5-1 Eyüpspor,2026-02-13
Galatasaray,3.11,0.84,2.27,2.5,0.84,1.66,0.61,0.0,0.61,3.11,0.84,2.27,5,1,4,1.73,62.0,74.82,51.27,1.25,0.09,306,25,22,6,17.6,66.67,7.07,11,3,25,12,13,232.3,89.59,29.8,30.39,392.96,92.14,0,Galatasaray 5-1 Eyüpspor,2026-02-13
Gençlerbirliği,0.78,2.88,-2.1,0.33,2.09,-1.76,0.45,0.03,0.42,0.78,2.12,-1.34,1,3,-2,0.1,38.1,46.36,43.07,0.33,0.53,128,9,13,19,39.39,35.85,17.8,4,12,21,9,12,66.4,37.68,89.2,84.53,64.16,29.99,0,Fenerbahçe 3-1 Gençlerbirliği,2026-02-09
Fenerbahçe,2.88,0.78,2.1,2.09,0.33,1.76,0.03,0.45,-0.42,2.12,0.78,1.34,3,1,2,-0.1,61.9,53.64,44.2,0.53,0.33,190,6,19,13,35.85,39.39,8.12,12,4,13,7,9,109.8,62.32,16.33,15.47,149.78,70.01,0,Fenerbahçe 3-1 Gençlerbirliği,2026-02-09
Kasımpaşa,1.01,1.13,-0.12,0.93,1.13,-0.2,0.07,0.0,0.07,1.01,1.13,-0.12,1,2,-1,-0.88,54.6,63.6,51.16,0.74,0.5,232,11,9,4,12.16,8.0,6.54,1,5,29,7,21,114.2,71.69,53.27,44.69,80.33,71.9,2,Gaziantep FK 2-1 Kasımpaşa,2026-02-09
Gaziantep FK,1.13,1.01,0.12,1.13,0.93,0.2,0.0,0.07,-0.07,1.13,1.01,0.12,2,1,1,0.88,45.4,36.4,41.41,0.5,0.74,106,11,4,9,8.0,12.16,7.44,5,1,3,1,15,45.1,28.31,65.93,55.31,31.4,28.1,0,Gaziantep FK 2-1 Kasımpaşa,2026-02-09
Kocaelispor,1.09,2.26,-1.17,1.09,1.74,-0.65,0.0,0.52,-0.52,1.09,2.26,-1.17,2,1,1,2.17,43.0,32.1,43.48,0.46,1.25,129,6,10,20,21.74,16.0,9.74,5,4,10,2,14,44.2,20.03,47.6,51.37,43.13,22.64,2,Kayserispor 1-2 Kocaelispor,2026-02-09
Kayserispor,2.26,1.09,1.17,1.74,1.09,0.65,0.52,0.0,0.52,2.26,1.09,1.17,1,2,-1,-2.17,57.0,67.9,52.03,1.25,0.46,271,18,20,10,16.0,21.74,7.51,4,5,41,8,17,176.5,79.97,45.07,48.63,147.4,77.36,4,Kayserispor 1-2 Kocaelispor,2026-02-09
Alanyaspor,0.65,2.31,-1.66,0.62,1.54,-0.92,0.04,0.02,0.02,0.65,1.55,-0.9,2,2,0,1.66,31.4,22.61,38.54,0.17,0.84,67,1,7,20,41.18,23.81,16.81,2,5,9,3,15,14.1,6.92,105.47,99.5,52.33,38.64,0,Beşiktaş 2-2 Alanyaspor,2026-02-08
Beşiktaş,2.31,0.65,1.66,1.54,0.62,0.92,0.02,0.04,-0.02,1.55,0.65,0.9,2,2,0,-1.66,68.6,77.39,50.84,0.84,0.17,291,13,20,7,23.81,41.18,5.66,5,2,21,3,13,189.8,93.08,0.53,0.5,83.1,61.36,3,Beşiktaş 2-2 Alanyaspor,2026-02-08
Galatasaray,3.62,0.88,2.74,3.49,0.85,2.64,0.12,0.03,0.09,3.62,0.88,2.74,3,0,3,0.26,59.3,57.03,50.25,1.54,0.52,297,22,19,15,12.34,28.85,11.11,5,6,23,3,13,193.8,73.3,32.73,22.26,166.37,71.21,1,Rizespor 0-3 Galatasaray,2026-02-08
Rizespor,0.88,3.62,-2.74,0.85,3.49,-2.64,0.03,0.12,-0.09,0.88,3.62,-2.74,0,3,-3,-0.26,40.7,42.97,49.34,0.52,1.54,198,10,15,19,28.85,12.34,13.03,6,5,20,3,11,70.6,26.7,114.33,77.74,67.27,28.79,2,Rizespor 0-3 Galatasaray,2026-02-08
Göztepe,0.71,0.89,-0.18,0.66,0.59,0.07,0.04,0.3,-0.26,0.71,0.89,-0.18,0,0,0,0.18,36.6,38.97,46.03,0.22,0.99,113,6,7,11,31.82,11.11,12.41,2,8,11,3,15,24.7,14.69,64.47,82.51,32.97,24.63,4,Konyaspor 0-0 Göztepe,2026-02-08
Konyaspor,0.89,0.71,0.18,0.59,0.66,-0.07,0.3,0.04,0.26,0.89,0.71,0.18,0,0,0,-0.18,63.4,61.03,50.53,0.99,0.22,227,11,11,7,11.11,31.82,6.49,8,2,30,4,9,143.4,85.31,13.67,17.49,100.87,75.37,0,Konyaspor 0-0 Göztepe,2026-02-08
İstanbul Başakşehir,3.41,0.74,2.67,3.03,0.74,2.29,0.37,0.0,0.37,3.41,0.74,2.67,2,1,1,-1.67,55.2,72.35,46.35,0.89,0.3,244,21,26,6,29.21,20.0,10.97,6,5,27,7,15,210.8,87.72,50.33,38.52,184.73,95.19,1,Eyüpspor 1-2 İstanbul Başakşehir,2026-02-08
Eyüpspor,0.74,3.41,-2.67,0.74,3.03,-2.29,0.0,0.37,-0.37,0.74,3.41,-2.67,1,2,-1,1.67,44.8,27.65,36.48,0.3,0.89,122,5,6,26,20.0,29.21,16.42,5,6,5,0,9,29.5,12.28,80.33,61.48,9.33,4.81,0,Eyüpspor 1-2 İstanbul Başakşehir,2026-02-08
Trabzonspor,2.96,0.8,2.16,2.17,0.69,1.48,0.02,0.11,-0.09,2.2,0.8,1.4,3,0,3,0.84,48.0,38.91,46.0,0.72,0.51,175,16,17,11,23.61,21.57,11.85,5,4,8,1,12,84.2,43.18,70.33,66.39,112.43,63.83,3,Samsunspor 0-3 Trabzonspor,2026-02-07
Samsunspor,0.8,2.96,-2.16,0.69,2.17,-1.48,0.11,0.02,0.09,0.8,2.2,-1.4,0,3,-3,-0.84,52.0,61.09,47.98,0.51,0.72,235,11,11,17,21.57,23.61,9.9,4,5,19,8,14,110.8,56.82,35.6,33.61,63.7,36.17,0,Samsunspor 0-3 Trabzonspor,2026-02-07
Antalyaspor,0.45,3.66,-3.21,0.45,3.59,-3.14,0.0,0.07,-0.07,0.45,3.66,-3.21,0,1,-1,2.21,57.6,49.28,42.9,0.6,0.56,164,8,9,16,15.0,28.57,6.76,5,4,23,4,13,44.6,33.74,13.33,15.46,30.57,16.12,0,Fatih Karagümrük 1-0 Antalyaspor,2026-02-07
Fatih Karagümrük,3.66,0.45,3.21,3.59,0.45,3.14,0.07,0.0,0.07,3.66,0.45,3.21,1,0,1,-2.21,42.4,50.72,44.56,0.56,0.6,134,15,16,9,28.57,15.0,10.22,4,5,9,9,22,87.6,66.26,72.87,84.54,159.1,83.88,1,Fatih Karagümrük 1-0 Antalyaspor,2026-02-07
Fenerbahçe,1.27,1.1,0.17,1.25,0.75,0.5,0.03,0.35,-0.32,1.27,1.1,0.17,2,0,2,1.83,40.5,36.96,45.03,0.18,0.54,145,4,9,12,50.0,22.22,12.58,3,8,8,3,14,51.3,28.23,70.4,68.7,74.4,49.94,0,Kocaelispor 0-2 Fenerbahçe,2026-02-02
Kocaelispor,1.1,1.27,-0.17,0.75,1.25,-0.5,0.35,0.03,0.32,1.1,1.27,-0.17,0,2,-2,-1.83,59.5,63.04,46.38,0.54,0.18,231,13,12,9,22.22,50.0,6.84,8,3,22,8,17,130.4,71.77,32.07,31.3,74.57,50.06,0,Kocaelispor 0-2 Fenerbahçe,2026-02-02
Kayserispor,0.43,3.73,-3.3,0.37,2.11,-1.74,0.05,0.1,-0.05,0.43,2.21,-1.78,0,4,-4,-0.7,33.2,24.53,42.24,0.22,1.16,125,6,9,24,40.91,20.69,24.05,1,8,10,4,11,4.3,1.46,114.87,86.11,10.9,4.62,0,Galatasaray 4-0 Kayserispor,2026-02-01
Galatasaray,3.73,0.43,3.3,2.11,0.37,1.74,0.1,0.05,0.05,2.21,0.43,1.78,4,0,4,0.7,66.8,75.47,55.41,1.16,0.22,454,22,24,9,20.69,40.91,7.2,8,1,27,6,13,289.5,98.54,18.53,13.89,225.27,95.38,0,Galatasaray 4-0 Kayserispor,2026-02-01
Gaziantep FK,2.06,1.68,0.38,2.01,0.72,1.29,0.05,0.97,-0.92,2.06,1.68,0.38,1,2,-1,-1.38,63.1,62.61,47.33,0.83,0.32,218,10,14,13,16.87,40.62,7.31,3,3,19,2,13,123.2,76.57,13.07,13.43,79.0,51.0,0,Gençlerbirliği 2-1 Gaziantep FK,2026-02-01
Gençlerbirliği,1.68,2.06,-0.38,0.72,2.01,-1.29,0.97,0.05,0.92,1.68,2.06,-0.38,2,1,1,1.38,36.9,37.39,43.67,0.32,0.83,109,7,13,14,40.62,16.87,10.95,3,3,10,3,18,37.7,23.43,84.27,86.57,75.9,49.0,1,Gençlerbirliği 2-1 Gaziantep FK,2026-02-01
Fatih Karagümrük,1.15,1.06,0.09,1.13,0.79,0.34,0.02,0.28,-0.26,1.15,1.06,0.09,1,2,-1,-1.09,56.0,48.53,46.43,0.4,0.74,180,7,8,19,20.0,25.68,8.21,2,3,11,3,14,59.7,34.95,14.2,15.97,43.5,20.11,3,Göztepe 2-1 Fatih Karagümrük,2026-01-31
Göztepe,1.06,1.15,-0.09,0.79,1.13,-0.34,0.28,0.02,0.26,1.06,1.15,-0.09,2,1,1,1.09,44.0,51.47,52.43,0.74,0.4,179,20,19,8,25.68,20.0,8.07,3,2,21,6,20,111.1,65.05,74.73,84.03,172.83,79.89,7,Göztepe 2-1 Fatih Karagümrük,2026-01-31
Konyaspor,1.18,1.87,-0.69,1.14,1.69,-0.55,0.05,0.18,-0.13,1.18,1.87,-0.69,1,2,-1,-0.31,40.9,30.7,43.71,0.33,1.07,138,5,9,22,27.27,20.56,8.55,2,3,10,2,22,29.4,12.48,53.47,75.45,30.67,15.74,0,Beşiktaş 2-1 Konyaspor,2026-01-31
Beşiktaş,1.87,1.18,0.69,1.69,1.14,0.55,0.18,0.05,0.13,1.87,1.18,0.69,2,1,1,0.31,59.1,69.3,53.6,1.07,0.33,270,16,22,9,20.56,27.27,5.53,3,2,26,8,16,206.2,87.52,17.4,24.55,164.2,84.26,1,Beşiktaş 2-1 Konyaspor,2026-01-31
Rizespor,0.63,1.16,-0.53,0.61,0.9,-0.29,0.02,0.27,-0.25,0.63,1.16,-0.53,2,2,0,0.53,43.2,50.0,47.52,0.53,0.51,174,8,13,10,24.53,19.61,16.11,3,8,16,4,10,87.9,48.16,98.0,83.53,120.33,65.86,0,İstanbul Başakşehir 2-2 Rizespor,2026-01-31
İstanbul Başakşehir,1.16,0.63,0.53,0.9,0.61,0.29,0.27,0.02,0.25,1.16,0.63,0.53,2,2,0,-0.53,56.8,50.0,46.46,0.51,0.53,233,10,10,13,19.61,24.53,10.0,8,3,21,4,15,94.6,51.84,19.33,16.47,62.37,34.14,0,İstanbul Başakşehir 2-2 Rizespor,2026-01-31
Eyüpspor,1.1,2.2,-1.1,1.06,2.14,-1.08,0.04,0.05,-0.01,1.1,2.2,-1.1,3,1,2,3.1,57.5,49.43,43.6,0.63,0.73,214,10,13,17,20.63,23.29,14.17,4,7,14,3,6,94.0,49.4,22.27,14.72,54.4,23.63,0,Alanyaspor 1-3 Eyüpspor,2026-01-31
Alanyaspor,2.2,1.1,1.1,2.14,1.06,1.08,0.05,0.04,0.01,2.2,1.1,1.1,1,3,-2,-3.1,42.5,50.57,47.18,0.73,0.63,172,16,17,13,23.29,20.63,17.37,7,4,18,2,10,96.3,50.6,129.07,85.28,175.8,76.37,3,Alanyaspor 1-3 Eyüpspor,2026-01-31
Samsunspor,1.42,1.05,0.37,1.42,0.6,0.82,0.0,0.45,-0.45,1.42,1.05,0.37,1,0,1,0.63,48.1,48.1,45.81,0.55,0.48,200,6,8,11,14.55,22.92,9.0,4,1,9,1,22,72.7,54.87,41.07,53.62,75.43,57.0,0,Kasımpaşa 0-1 Samsunspor,2026-01-30
Kasımpaşa,1.05,1.42,-0.37,0.6,1.42,-0.82,0.45,0.0,0.45,1.05,1.42,-0.37,0,1,-1,-0.63,51.9,51.9,42.69,0.48,0.55,180,10,11,8,22.92,14.55,9.9,1,4,18,4,21,59.8,45.13,35.53,46.38,56.9,43.0,0,Kasımpaşa 0-1 Samsunspor,2026-01-30
Trabzonspor,1.94,0.64,1.3,0.2,0.6,-0.4,0.22,0.04,0.18,0.42,0.64,-0.22,1,1,0,-1.3,68.1,67.23,47.14,0.63,0.2,217,15,14,4,22.22,20.0,4.2,10,4,31,9,12,129.7,85.72,10.47,9.37,68.37,56.77,3,Antalyaspor 1-1 Trabzonspor,2026-01-30
Antalyaspor,0.64,1.94,-1.3,0.6,0.2,0.4,0.04,0.22,-0.18,0.64,0.42,0.22,1,1,0,1.3,31.9,32.77,43.03,0.2,0.63,80,3,4,14,20.0,22.22,11.97,4,10,12,3,19,21.6,14.28,101.27,90.63,52.07,43.23,1,Antalyaspor 1-1 Trabzonspor,2026-01-30
Beşiktaş,2.21,2.62,-0.41,2.18,1.84,0.34,0.03,0.02,0.01,2.21,1.86,0.35,2,2,0,0.41,60.6,69.08,52.34,0.73,0.59,297,12,17,15,23.29,25.42,7.42,8,5,34,5,14,183.3,77.05,25.93,31.57,167.0,78.93,0,Eyüpspor 2-2 Beşiktaş,2026-01-26
Eyüpspor,2.62,2.21,0.41,1.84,2.18,-0.34,0.02,0.03,-0.01,1.86,2.21,-0.35,2,2,0,-0.41,39.4,30.92,42.3,0.59,0.73,130,16,15,17,25.42,23.29,14.23,5,8,12,3,10,54.6,22.95,56.2,68.43,44.57,21.07,1,Eyüpspor 2-2 Beşiktaş,2026-01-26
Göztepe,0.9,3.05,-2.15,0.7,2.43,-1.73,0.2,0.62,-0.42,0.9,3.05,-2.15,1,1,0,2.15,18.5,21.55,46.86,0.4,1.01,84,9,14,21,35.0,20.79,15.75,6,2,8,4,22,5.0,1.63,205.13,99.94,58.9,27.27,3,Fenerbahçe 1-1 Göztepe,2026-01-25
Fenerbahçe,3.05,0.9,2.15,2.43,0.7,1.73,0.62,0.2,0.42,3.05,0.9,2.15,1,1,0,-2.15,81.5,78.45,54.39,1.01,0.4,462,22,21,14,20.79,35.0,4.89,2,6,38,8,8,301.7,98.37,0.13,0.06,157.1,72.73,0,Fenerbahçe 1-1 Göztepe,2026-01-25
Gençlerbirliği,0.64,1.32,-0.68,0.61,1.2,-0.59,0.03,0.13,-0.1,0.64,1.32,-0.68,1,2,-1,-0.32,51.7,42.92,41.13,0.36,0.87,109,4,12,11,33.33,12.64,7.23,3,7,10,2,20,54.2,39.65,29.13,33.98,50.63,31.94,1,Antalyaspor 2-1 Gençlerbirliği,2026-01-25
Antalyaspor,1.32,0.64,0.68,1.2,0.61,0.59,0.13,0.03,0.1,1.32,0.64,0.68,2,1,1,0.32,48.3,57.08,48.07,0.87,0.36,153,9,11,12,12.64,33.33,7.45,7,3,25,8,16,82.5,60.35,56.6,66.02,107.9,68.06,1,Antalyaspor 2-1 Gençlerbirliği,2026-01-25
Alanyaspor,1.79,0.81,0.98,1.72,0.72,1.0,0.07,0.09,-0.02,1.79,0.81,0.98,1,1,0,-0.98,62.9,71.64,55.03,0.73,0.23,289,20,23,6,31.51,26.09,9.31,3,4,25,8,8,224.2,95.61,34.27,38.39,211.07,91.98,0,Rizespor 1-1 Alanyaspor,2026-01-25
Rizespor,0.81,1.79,-0.98,0.72,1.72,-1.0,0.09,0.07,0.02,0.81,1.79,-0.98,1,1,0,0.98,37.1,28.36,41.44,0.23,0.73,100,4,6,23,26.09,31.51,16.9,4,3,14,4,14,10.3,4.39,55.0,61.61,18.4,8.02,0,Rizespor 1-1 Alanyaspor,2026-01-25
Konyaspor,1.4,0.66,0.74,0.42,0.54,-0.12,0.98,0.12,0.86,1.4,0.66,0.74,1,1,0,-0.74,57.7,54.92,47.82,0.75,0.59,207,12,11,15,14.67,25.42,6.07,5,4,18,4,15,104.7,56.84,24.53,31.0,78.7,45.29,1,Gaziantep FK 1-1 Konyaspor,2026-01-25
Gaziantep FK,0.66,1.4,-0.74,0.54,0.42,0.12,0.12,0.98,-0.86,0.66,1.4,-0.74,1,1,0,0.74,42.3,45.08,42.88,0.59,0.75,127,11,15,11,25.42,14.67,10.57,4,5,24,10,16,79.5,43.16,54.6,69.0,95.07,54.71,0,Gaziantep FK 1-1 Konyaspor,2026-01-25
Galatasaray,1.56,0.96,0.6,1.36,0.96,0.4,0.2,0.0,0.2,1.56,0.96,0.6,3,1,2,1.4,63.2,61.08,49.82,1.02,0.44,322,13,11,10,10.78,22.73,9.65,7,4,29,6,13,164.5,71.71,13.73,10.89,98.83,62.25,2,Fatih Karagümrük 1-3 Galatasaray,2026-01-24
Fatih Karagümrük,0.96,1.56,-0.6,0.96,1.36,-0.4,0.0,0.2,-0.2,0.96,1.56,-0.6,1,3,-2,-1.4,36.8,38.92,47.65,0.44,1.02,180,8,10,11,22.73,10.78,18.7,4,7,10,2,8,64.9,28.29,112.33,89.11,59.93,37.75,0,Fatih Karagümrük 1-3 Galatasaray,2026-01-24
Kocaelispor,0.5,0.79,-0.29,0.46,0.51,-0.05,0.04,0.28,-0.24,0.5,0.79,-0.29,0,0,0,0.29,36.5,28.96,41.13,0.27,0.55,108,10,7,16,25.93,29.09,13.34,3,6,4,1,14,22.9,14.07,94.27,91.82,55.73,39.11,2,Samsunspor 0-0 Kocaelispor,2026-01-24
Samsunspor,0.79,0.5,0.29,0.51,0.46,0.05,0.28,0.04,0.24,0.79,0.5,0.29,0,0,0,-0.29,63.5,71.04,47.74,0.55,0.27,269,11,16,7,29.09,25.93,7.5,6,3,27,9,13,139.8,85.93,8.4,8.18,86.77,60.89,2,Samsunspor 0-0 Kocaelispor,2026-01-24
İstanbul Başakşehir,1.86,0.32,1.54,1.04,0.23,0.81,0.06,0.09,-0.03,1.1,0.32,0.78,3,0,3,1.46,54.8,57.14,48.23,0.71,0.39,218,9,14,7,19.72,17.95,10.96,4,4,15,4,18,129.5,76.31,38.47,38.73,126.7,73.19,0,Kayserispor 0-3 İstanbul Başakşehir,2026-01-24
Kayserispor,0.32,1.86,-1.54,0.23,1.04,-0.81,0.09,0.06,0.03,0.32,1.1,-0.78,0,3,-3,-1.46,45.2,42.86,42.02,0.39,0.71,135,6,7,14,17.95,19.72,12.21,4,4,29,10,8,40.2,23.69,60.87,61.27,46.4,26.81,0,Kayserispor 0-3 İstanbul Başakşehir,2026-01-24
Kasımpaşa,0.49,0.88,-0.39,0.38,0.88,-0.5,0.11,0.0,0.11,0.49,0.88,-0.39,1,2,-1,-0.61,42.7,35.15,41.13,0.54,0.74,135,13,6,14,11.11,18.92,11.61,3,3,13,3,13,52.6,27.18,75.47,62.09,57.43,32.33,0,Trabzonspor 2-1 Kasımpaşa,2026-01-23
Trabzonspor,0.88,0.49,0.39,0.88,0.38,0.5,0.0,0.11,-0.11,0.88,0.49,0.39,2,1,1,0.61,57.3,64.85,51.64,0.74,0.54,291,8,14,6,18.92,11.11,9.32,3,3,25,3,18,140.9,72.82,46.07,37.91,120.23,67.67,0,Trabzonspor 2-1 Kasımpaşa,2026-01-23
Kayserispor,0.8,2.26,-1.46,0.77,2.02,-1.25,0.03,0.24,-0.21,0.8,2.26,-1.46,0,1,-1,0.46,31.5,22.57,42.56,0.41,2.08,127,7,9,31,21.95,14.9,16.78,3,10,14,2,15,5.7,1.6,102.73,92.28,8.8,3.29,0,Beşiktaş 1-0 Kayserispor,2026-01-19
Beşiktaş,2.26,0.8,1.46,2.02,0.77,1.25,0.24,0.03,0.21,2.26,0.8,1.46,1,0,1,-0.46,68.5,77.43,56.09,2.08,0.41,457,26,31,9,14.9,21.95,6.87,10,3,39,9,12,349.7,98.4,8.6,7.72,258.97,96.71,1,Beşiktaş 1-0 Kayserispor,2026-01-19
Rizespor,1.59,2.01,-0.42,0.63,1.95,-1.32,0.2,0.06,0.14,0.83,2.01,-1.18,1,3,-2,-1.58,66.3,62.68,48.56,0.43,0.44,213,12,16,13,37.21,29.55,6.67,4,5,25,9,8,116.6,79.64,2.73,2.78,67.37,43.96,0,Göztepe 3-1 Rizespor,2026-01-19
Göztepe,2.01,1.59,0.42,1.95,0.63,1.32,0.06,0.2,-0.14,2.01,0.83,1.18,3,1,2,1.58,33.7,37.32,48.71,0.44,0.43,107,8,13,16,29.55,37.21,10.36,5,4,13,3,15,29.8,20.36,95.33,97.22,85.87,56.04,1,Göztepe 3-1 Rizespor,2026-01-19
Eyüpspor,1.75,3.87,-2.12,1.75,3.35,-1.6,0.0,0.51,-0.51,1.75,3.87,-2.12,1,1,0,2.12,30.0,20.52,39.37,0.35,1.4,71,5,10,18,28.57,12.86,13.15,1,9,6,2,14,22.0,9.16,140.07,95.76,69.77,46.06,0,Konyaspor 1-1 Eyüpspor,2026-01-19
Konyaspor,3.87,1.75,2.12,3.35,1.75,1.6,0.51,0.0,0.51,3.87,1.75,2.12,1,1,0,-2.12,70.0,79.48,52.29,1.4,0.35,354,27,18,10,12.86,28.57,7.61,9,1,33,5,7,218.3,90.84,6.2,4.24,81.7,53.94,1,Konyaspor 1-1 Eyüpspor,2026-01-19
Fenerbahçe,3.24,0.6,2.64,3.16,0.31,2.85,0.07,0.29,-0.22,3.24,0.6,2.64,3,2,1,-1.64,55.4,50.93,43.68,0.56,0.34,209,13,12,9,21.43,26.47,12.76,6,4,16,6,10,81.1,46.08,42.33,31.99,67.83,33.89,0,Alanyaspor 2-3 Fenerbahçe,2026-01-18
Alanyaspor,0.6,3.24,-2.64,0.31,3.16,-2.85,0.29,0.07,0.22,0.6,3.24,-2.64,2,3,-1,1.64,44.6,49.07,45.13,0.34,0.56,198,8,9,12,26.47,21.43,15.59,4,6,19,6,10,94.9,53.92,90.0,68.01,132.3,66.11,1,Alanyaspor 2-3 Fenerbahçe,2026-01-18
Samsunspor,1.49,1.03,0.46,1.16,0.57,0.59,0.32,0.45,-0.13,1.49,1.03,0.46,1,1,0,-0.46,48.2,53.02,45.48,0.52,0.35,167,14,18,7,34.62,20.0,9.61,5,5,18,6,14,111.2,69.46,52.0,57.82,132.97,74.46,2,Gençlerbirliği 1-1 Samsunspor,2026-01-18
Gençlerbirliği,1.03,1.49,-0.46,0.57,1.16,-0.59,0.45,0.32,0.13,1.03,1.49,-0.46,1,1,0,0.46,51.8,46.98,41.09,0.35,0.52,143,8,7,18,20.0,34.62,10.0,5,5,15,4,9,48.9,30.54,37.93,42.18,45.6,25.54,0,Gençlerbirliği 1-1 Samsunspor,2026-01-18
Trabzonspor,0.66,1.4,-0.74,0.66,1.35,-0.69,0.0,0.04,-0.04,0.66,1.4,-0.74,2,1,1,1.74,55.7,44.24,47.44,0.62,0.52,213,8,10,15,16.13,28.85,7.07,4,6,12,3,14,81.3,40.79,34.6,31.94,53.67,28.67,0,Kocaelispor 1-2 Trabzonspor,2026-01-18
Kocaelispor,1.4,0.66,0.74,1.35,0.66,0.69,0.04,0.0,0.04,1.4,0.66,0.74,1,2,-1,-1.74,44.3,55.76,48.52,0.52,0.62,185,10,15,10,28.85,16.13,8.33,6,4,19,4,16,118.0,59.21,73.73,68.06,133.5,71.33,2,Kocaelispor 1-2 Trabzonspor,2026-01-18
Antalyaspor,1.13,2.16,-1.03,1.02,1.85,-0.83,0.11,0.31,-0.2,1.13,2.16,-1.03,0,0,0,1.03,41.0,37.35,45.67,0.48,0.94,143,7,7,11,14.58,11.7,14.77,3,6,14,4,11,23.3,19.61,71.0,75.05,54.6,40.75,0,Kasımpaşa 0-0 Antalyaspor,2026-01-18
Kasımpaşa,2.16,1.13,1.03,1.85,1.02,0.83,0.31,0.11,0.2,2.16,1.13,1.03,0,0,0,-1.03,59.0,62.65,44.2,0.94,0.48,186,23,11,7,11.7,14.58,6.6,6,3,32,10,18,95.5,80.39,23.6,24.95,79.4,59.25,2,Kasımpaşa 0-0 Antalyaspor,2026-01-18
Gaziantep FK,1.38,1.51,-0.13,1.31,0.83,0.48,0.07,0.68,-0.61,1.38,1.51,-0.13,1,1,0,0.13,33.0,25.9,38.93,0.29,1.0,81,6,10,17,34.48,17.0,13.89,2,11,7,2,12,32.1,16.76,95.87,88.06,69.77,38.45,0,Galatasaray 1-1 Gaziantep FK,2026-01-17
Galatasaray,1.51,1.38,0.13,0.83,1.31,-0.48,0.68,0.07,0.61,1.51,1.38,0.13,1,1,0,-0.13,67.0,74.1,50.12,1.0,0.29,340,20,17,10,17.0,34.48,5.83,11,2,30,10,17,159.4,83.24,13.0,11.94,111.7,61.55,4,Galatasaray 1-1 Gaziantep FK,2026-01-17
Fatih Karagümrük,1.29,2.66,-1.37,1.23,2.62,-1.39,0.06,0.04,0.02,1.29,2.66,-1.37,1,2,-1,0.37,38.2,33.45,41.73,0.46,1.25,140,6,11,12,23.91,9.6,20.42,3,3,11,1,8,40.3,20.47,122.13,89.32,59.57,36.08,0,İstanbul Başakşehir 2-1 Fatih Karagümrük,2026-01-17
İstanbul Başakşehir,2.66,1.29,1.37,2.62,1.23,1.39,0.04,0.06,-0.02,2.66,1.29,1.37,2,1,1,-0.37,61.8,66.55,44.79,1.25,0.46,251,11,12,11,9.6,23.91,8.89,3,3,21,5,17,156.6,79.53,14.6,10.68,105.53,63.92,0,İstanbul Başakşehir 2-1 Fatih Karagümrük,2026-01-17
Trabzonspor,3.02,2.08,0.94,1.6,1.88,-0.28,0.66,0.19,0.47,2.26,2.08,0.18,3,4,-1,-1.94,62.1,64.68,50.53,0.75,0.62,235,12,14,18,18.67,29.03,8.64,5,7,22,6,15,106.1,63.42,17.73,14.65,52.37,29.1,0,Gençlerbirliği 4-3 Trabzonspor,2025-12-22
Gençlerbirliği,2.08,3.02,-0.94,1.88,1.6,0.28,0.19,0.66,-0.47,2.08,2.26,-0.18,4,3,1,1.94,37.9,35.32,44.82,0.62,0.75,118,17,18,14,29.03,18.67,14.15,7,5,16,6,6,61.2,36.58,103.33,85.35,127.57,70.9,0,Gençlerbirliği 4-3 Trabzonspor,2025-12-22
Gaziantep FK,1.08,3.36,-2.28,0.8,3.36,-2.56,0.29,0.0,0.29,1.08,3.36,-2.28,1,5,-4,-1.72,42.3,44.71,42.17,0.66,0.8,141,11,14,18,21.21,22.5,12.14,2,6,12,3,14,81.6,42.88,81.27,80.62,103.27,47.77,1,İstanbul Başakşehir 5-1 Gaziantep FK,2025-12-22
İstanbul Başakşehir,3.36,1.08,2.28,3.36,0.8,2.56,0.0,0.29,-0.29,3.36,1.08,2.28,5,1,4,1.72,57.7,55.29,43.63,0.8,0.66,204,11,18,14,22.5,21.21,8.0,6,2,10,2,19,108.7,57.12,19.53,19.38,112.9,52.23,2,İstanbul Başakşehir 5-1 Gaziantep FK,2025-12-22
Kasımpaşa,0.01,2.86,-2.85,0.01,2.26,-2.25,0.0,0.6,-0.6,0.01,2.86,-2.85,0,3,-3,-0.15,28.8,26.67,39.45,0.09,1.25,80,2,1,27,11.11,21.6,15.26,6,5,4,1,13,4.1,1.51,102.6,92.37,5.7,2.29,0,Galatasaray 3-0 Kasımpaşa,2025-12-21
Galatasaray,2.86,0.01,2.85,2.26,0.01,2.25,0.6,0.0,0.6,2.86,0.01,2.85,3,0,3,0.15,71.2,73.33,49.72,1.25,0.09,296,25,27,1,21.6,11.11,5.97,5,6,31,10,11,267.5,98.49,8.47,7.63,243.66,97.71,1,Galatasaray 3-0 Kasımpaşa,2025-12-21
Samsunspor,0.39,2.07,-1.68,0.33,1.83,-1.5,0.07,0.24,-0.17,0.39,2.07,-1.68,0,2,-2,-0.32,63.0,54.61,48.1,0.19,0.53,226,7,5,10,26.32,18.87,9.04,1,1,19,3,7,101.4,55.05,13.07,13.46,47.2,25.69,0,Göztepe 2-0 Samsunspor,2025-12-21
Göztepe,2.07,0.39,1.68,1.83,0.33,1.5,0.24,0.07,0.17,2.07,0.39,1.68,2,0,2,0.32,37.0,45.39,50.24,0.53,0.19,157,16,10,5,18.87,26.32,12.61,1,1,15,4,18,82.8,44.95,84.0,86.54,136.53,74.31,5,Göztepe 2-0 Samsunspor,2025-12-21
Fatih Karagümrük,0.3,1.18,-0.88,0.3,1.17,-0.87,0.0,0.01,-0.01,0.3,1.18,-0.88,0,2,-2,-1.12,56.1,51.19,45.47,0.34,0.37,245,6,9,11,26.47,29.73,9.41,6,2,18,3,16,42.6,35.47,22.27,23.34,12.4,7.39,0,Alanyaspor 2-0 Fatih Karagümrük,2025-12-21
Alanyaspor,1.18,0.3,0.88,1.17,0.3,0.87,0.01,0.0,0.01,1.18,0.3,0.88,2,0,2,1.12,43.9,48.81,45.25,0.37,0.34,195,9,11,9,29.73,26.47,15.24,2,6,11,2,19,77.5,64.53,73.13,76.66,155.47,92.61,1,Alanyaspor 2-0 Fatih Karagümrük,2025-12-21
Rizespor,1.2,1.92,-0.72,0.72,1.87,-1.15,0.47,0.04,0.43,1.2,1.92,-0.72,0,1,-1,-0.28,39.9,41.16,49.66,0.18,0.46,149,10,17,16,94.44,34.78,9.47,6,2,20,6,14,53.3,31.1,85.73,87.84,72.8,50.76,2,Beşiktaş 1-0 Rizespor,2025-12-20
Beşiktaş,1.92,1.2,0.72,1.87,0.72,1.15,0.04,0.47,-0.43,1.92,1.2,0.72,1,0,1,0.28,60.1,58.84,50.97,0.46,0.18,260,15,16,17,34.78,94.44,6.91,2,6,16,4,13,118.1,68.9,11.87,12.16,70.63,49.24,1,Beşiktaş 1-0 Rizespor,2025-12-20
Fenerbahçe,2.36,0.87,1.49,2.14,0.51,1.63,0.22,0.36,-0.14,2.36,0.87,1.49,3,0,3,1.51,56.6,59.5,48.11,0.77,0.25,230,20,23,8,29.87,32.0,10.9,5,4,13,5,13,176.1,76.53,41.67,34.14,171.43,86.67,0,Eyüpspor 0-3 Fenerbahçe,2025-12-20
Eyüpspor,0.87,2.36,-1.49,0.51,2.14,-1.63,0.36,0.22,0.14,0.87,2.36,-1.49,0,3,-3,-1.51,43.4,40.5,44.02,0.25,0.77,158,11,8,23,32.0,29.87,16.79,4,5,13,4,12,54.0,23.47,80.4,65.86,26.37,13.33,1,Eyüpspor 0-3 Fenerbahçe,2025-12-20
Kayserispor,3.06,1.41,1.65,3.03,1.4,1.63,0.03,0.0,0.03,3.06,1.41,1.65,1,1,0,-1.65,42.4,43.28,47.42,0.79,1.0,172,12,13,16,16.46,16.0,11.63,7,3,21,2,11,88.0,38.58,77.8,67.85,91.53,43.75,0,Konyaspor 1-1 Kayserispor,2025-12-20
Konyaspor,1.41,3.06,-1.65,1.4,3.03,-1.63,0.0,0.03,-0.03,1.41,3.06,-1.65,1,1,0,1.65,57.6,56.72,51.56,1.0,0.79,296,18,16,13,16.0,16.46,8.94,3,7,17,3,13,140.1,61.42,36.87,32.15,117.7,56.25,1,Konyaspor 1-1 Kayserispor,2025-12-20
Antalyaspor,0.39,1.37,-0.98,0.17,0.81,-0.64,0.22,0.56,-0.34,0.39,1.37,-0.98,1,2,-1,-0.02,53.9,53.76,47.08,0.5,0.49,208,6,6,7,12.0,14.29,5.23,4,4,15,2,19,75.8,53.76,22.4,26.88,52.77,33.77,0,Kocaelispor 2-1 Antalyaspor,2025-12-19
Kocaelispor,1.37,0.39,0.98,0.81,0.17,0.64,0.56,0.22,0.34,1.37,0.39,0.98,2,1,1,0.02,46.1,46.24,45.66,0.49,0.5,155,10,7,6,14.29,12.0,7.91,4,4,11,4,22,65.2,46.24,60.93,73.12,103.5,66.23,5,Kocaelispor 2-1 Antalyaspor,2025-12-19
Konyaspor,1.19,3.46,-2.27,1.02,2.52,-1.5,0.16,0.17,-0.01,1.19,2.7,-1.51,0,4,-4,-1.73,46.2,54.24,48.11,0.48,0.69,199,14,17,17,35.42,24.64,13.03,5,6,14,4,9,137.5,55.83,88.13,74.48,98.01,40.94,0,Fenerbahçe 4-0 Konyaspor,2025-12-15
Fenerbahçe,3.46,1.19,2.27,2.52,1.02,1.5,0.17,0.16,0.01,2.7,1.19,1.51,4,0,4,1.73,53.8,45.76,42.7,0.69,0.48,184,10,17,17,24.64,35.42,8.97,6,5,15,4,15,108.8,44.17,30.2,25.52,141.39,59.06,0,Fenerbahçe 4-0 Konyaspor,2025-12-15
İstanbul Başakşehir,1.82,0.91,0.91,1.82,0.78,1.04,0.0,0.13,-0.13,1.82,0.91,0.91,2,0,2,1.09,47.4,47.46,48.87,0.6,0.77,231,7,12,14,20.0,18.18,11.76,5,4,17,2,9,79.8,43.92,62.8,69.62,102.63,62.37,1,Samsunspor 0-2 İstanbul Başakşehir,2025-12-14
Samsunspor,0.91,1.82,-0.91,0.78,1.82,-1.04,0.13,0.0,0.13,0.91,1.82,-0.91,0,2,-2,-1.09,52.6,52.54,42.94,0.77,0.6,181,12,14,12,18.18,20.0,11.03,4,5,18,7,17,101.9,56.08,27.4,30.38,61.93,37.63,0,Samsunspor 0-2 İstanbul Başakşehir,2025-12-14
Beşiktaş,0.98,1.57,-0.59,0.98,1.33,-0.35,0.0,0.24,-0.24,0.98,1.57,-0.59,3,3,0,0.59,24.5,11.34,39.14,0.26,0.8,62,8,9,34,34.62,42.5,23.19,3,7,5,1,8,20.4,4.27,139.27,96.18,69.57,25.81,0,Trabzonspor 3-3 Beşiktaş,2025-12-14
Trabzonspor,1.57,0.98,0.59,1.33,0.98,0.35,0.24,0.0,0.24,1.57,0.98,0.59,3,3,0,-0.59,75.5,88.66,59.39,0.8,0.26,475,16,34,9,42.5,34.62,6.64,7,3,36,7,7,457.0,95.73,5.53,3.82,199.93,74.19,1,Trabzonspor 3-3 Beşiktaş,2025-12-14
Kocaelispor,2.31,1.23,1.08,2.31,1.23,1.08,0.0,0.0,0.0,2.31,1.23,1.08,1,1,0,-1.08,64.2,71.22,52.65,0.88,0.45,333,18,16,8,18.18,17.78,6.39,10,2,39,6,12,184.9,79.7,29.87,24.1,134.63,67.77,1,Fatih Karagümrük 1-1 Kocaelispor,2025-12-14
Fatih Karagümrük,1.23,2.31,-1.08,1.23,2.31,-1.08,0.0,0.0,0.0,1.23,2.31,-1.08,1,1,0,1.08,35.8,28.78,44.07,0.45,0.88,131,8,8,16,17.78,18.18,16.3,2,10,9,2,14,47.1,20.3,94.07,75.9,64.03,32.23,0,Fatih Karagümrük 1-1 Kocaelispor,2025-12-14
Göztepe,1.05,2.02,-0.97,0.7,0.98,-0.28,0.35,0.27,0.08,1.05,1.26,-0.21,1,0,1,1.97,42.5,48.65,51.56,0.52,0.9,144,12,15,19,28.85,21.11,8.63,2,0,19,6,14,60.8,43.4,72.87,92.63,112.9,69.68,8,Gaziantep FK 0-1 Göztepe,2025-12-14
Gaziantep FK,2.02,1.05,0.97,0.98,0.7,0.28,0.27,0.35,-0.08,1.26,1.05,0.21,0,1,-1,-1.97,57.5,51.35,45.88,0.9,0.52,162,11,19,15,21.11,28.85,6.77,0,2,25,8,12,79.3,56.6,5.8,7.37,49.13,30.32,1,Gaziantep FK 0-1 Göztepe,2025-12-14
Galatasaray,1.45,1.41,0.04,1.4,0.45,0.95,0.06,0.96,-0.9,1.45,1.41,0.04,4,1,3,2.96,61.9,53.85,45.49,0.69,0.62,231,17,13,11,18.84,17.74,8.85,2,0,14,3,14,115.1,62.62,12.0,8.62,84.57,49.89,1,Antalyaspor 1-4 Galatasaray,2025-12-13
Antalyaspor,1.41,1.45,-0.04,0.45,1.4,-0.95,0.96,0.06,0.9,1.41,1.45,-0.04,1,4,-3,-2.96,38.1,46.15,48.83,0.62,0.69,173,11,11,13,17.74,18.84,16.25,0,2,18,5,8,68.7,37.38,127.27,91.38,84.93,50.11,1,Antalyaspor 1-4 Galatasaray,2025-12-13
Alanyaspor,1.67,0.69,0.98,1.51,0.69,0.82,0.16,0.0,0.16,1.67,0.69,0.98,0,0,0,-0.98,58.9,68.17,52.69,1.12,0.38,278,19,14,10,12.5,26.32,9.25,4,3,30,8,12,163.4,89.24,47.73,48.31,152.13,92.82,0,Kayserispor 0-0 Alanyaspor,2025-12-13
Kayserispor,0.69,1.67,-0.98,0.69,1.51,-0.82,0.0,0.16,-0.16,0.69,1.67,-0.98,0,0,0,0.98,41.1,31.83,39.72,0.38,1.12,112,5,10,14,26.32,12.5,14.4,3,4,12,3,9,19.7,10.76,51.07,51.69,11.77,7.18,0,Kayserispor 0-0 Alanyaspor,2025-12-13
Eyüpspor,0.39,3.23,-2.84,0.28,2.36,-2.08,0.11,0.12,-0.01,0.39,2.47,-2.08,0,3,-3,-0.16,55.4,56.48,48.65,0.49,0.83,221,9,7,14,14.29,16.87,8.06,4,5,13,3,16,93.0,47.72,31.33,42.0,67.03,33.93,1,Rizespor 3-0 Eyüpspor,2025-12-13
Rizespor,3.23,0.39,2.84,2.36,0.28,2.08,0.12,0.11,0.01,2.47,0.39,2.08,3,0,3,0.16,44.6,43.52,47.21,0.83,0.49,157,14,14,7,16.87,14.29,8.05,5,4,19,3,20,101.9,52.28,43.27,58.0,130.5,66.07,0,Rizespor 3-0 Eyüpspor,2025-12-13
Gençlerbirliği,0.85,0.87,-0.02,0.85,0.64,0.21,0.0,0.23,-0.23,0.85,0.87,-0.02,0,0,0,0.02,51.0,42.17,41.78,0.62,0.69,138,4,6,10,9.68,14.49,10.56,3,3,11,2,16,58.6,36.15,24.27,31.41,46.2,27.83,0,Kasımpaşa 0-0 Gençlerbirliği,2025-12-12
Kasımpaşa,0.87,0.85,0.02,0.64,0.85,-0.21,0.23,0.0,0.23,0.87,0.85,0.02,0,0,0,-0.02,49.0,57.83,46.97,0.69,0.62,164,14,10,6,14.49,9.68,10.21,3,3,15,3,12,103.5,63.85,53.0,68.59,119.83,72.17,1,Kasımpaşa 0-0 Gençlerbirliği,2025-12-12
Antalyaspor,0.46,0.61,-0.15,0.46,0.47,-0.01,0.0,0.14,-0.14,0.46,0.61,-0.15,0,0,0,0.15,45.6,37.69,38.64,0.25,0.74,117,4,6,9,24.0,12.16,9.06,3,2,14,4,19,32.2,20.11,45.27,41.35,23.47,14.53,0,Alanyaspor 0-0 Antalyaspor,2025-12-08
Alanyaspor,0.61,0.46,0.15,0.47,0.46,0.01,0.14,0.0,0.14,0.61,0.46,0.15,0,0,0,-0.15,54.4,62.31,51.52,0.74,0.25,235,12,9,6,12.16,24.0,8.1,2,3,33,9,18,127.9,79.89,64.2,58.65,138.1,85.47,1,Alanyaspor 0-0 Antalyaspor,2025-12-08
Gaziantep FK,1.44,2.75,-1.31,1.44,2.4,-0.96,0.0,0.35,-0.35,1.44,2.75,-1.31,2,2,0,1.31,42.9,30.13,40.18,0.22,0.73,115,5,9,29,40.91,39.73,10.03,1,18,9,1,13,29.9,12.23,33.2,44.39,34.07,14.43,1,Beşiktaş 2-2 Gaziantep FK,2025-12-08
Beşiktaş,2.75,1.44,1.31,2.4,1.44,0.96,0.35,0.0,0.35,2.75,1.44,1.31,2,2,0,-1.31,57.1,69.87,53.25,0.73,0.22,261,22,29,9,39.73,40.91,5.33,18,1,31,10,21,214.5,87.77,41.6,55.61,202.07,85.57,0,Beşiktaş 2-2 Gaziantep FK,2025-12-08
Trabzonspor,1.68,2.3,-0.62,1.53,2.22,-0.69,0.15,0.08,0.07,1.68,2.3,-0.62,2,1,1,1.62,61.3,38.07,41.05,0.45,0.75,122,13,18,21,40.0,28.0,7.71,2,7,13,4,7,77.2,39.49,12.2,12.03,43.83,24.41,1,Göztepe 1-2 Trabzonspor,2025-12-07
Göztepe,2.3,1.68,0.62,2.22,1.53,0.69,0.08,0.15,-0.07,2.3,1.68,0.62,1,2,-1,-1.62,38.7,61.93,55.26,0.75,0.45,178,12,21,18,28.0,40.0,10.8,7,2,31,7,19,118.3,60.51,89.2,87.97,135.73,75.59,7,Göztepe 1-2 Trabzonspor,2025-12-07
Kasımpaşa,0.18,1.35,-1.17,0.07,0.32,-0.25,0.11,1.03,-0.92,0.18,1.35,-1.17,0,0,0,1.17,33.3,31.6,45.09,0.05,0.59,103,4,4,9,80.0,15.25,12.53,4,5,9,3,19,28.6,17.86,105.8,92.81,81.6,48.43,1,Kocaelispor 0-0 Kasımpaşa,2025-12-07
Kocaelispor,1.35,0.18,1.17,0.32,0.07,0.25,1.03,0.11,0.92,1.35,0.18,1.17,0,0,0,-1.17,66.7,68.4,47.13,0.59,0.05,219,14,9,4,15.25,80.0,5.78,5,4,28,5,10,131.5,82.14,8.2,7.19,86.9,51.57,8,Kocaelispor 0-0 Kasımpaşa,2025-12-07
Fatih Karagümrük,0.7,3.05,-2.35,0.64,2.83,-2.19,0.06,0.21,-0.15,0.7,3.05,-2.35,0,3,-3,-0.65,59.7,54.94,48.1,0.52,0.51,212,11,8,19,15.38,37.25,5.92,5,2,18,4,11,40.0,31.77,5.13,8.11,14.0,7.97,0,Gençlerbirliği 3-0 Fatih Karagümrük,2025-12-07
Gençlerbirliği,3.05,0.7,2.35,2.83,0.64,2.19,0.21,0.06,0.15,3.05,0.7,2.35,3,0,3,0.65,40.3,45.06,47.08,0.51,0.52,119,12,19,8,37.25,15.38,11.58,2,5,11,7,14,85.9,68.23,58.13,91.89,161.56,92.03,3,Gençlerbirliği 3-0 Fatih Karagümrük,2025-12-07
Fenerbahçe,1.29,1.69,-0.4,1.03,1.07,-0.04,0.26,0.62,-0.36,1.29,1.69,-0.4,1,1,0,0.4,47.7,43.32,44.98,0.51,0.67,157,10,10,18,19.61,26.87,13.28,4,8,21,8,13,58.7,33.62,70.6,65.98,70.77,45.65,3,İstanbul Başakşehir 1-1 Fenerbahçe,2025-12-06
İstanbul Başakşehir,1.69,1.29,0.4,1.07,1.03,0.04,0.62,0.26,0.36,1.69,1.29,0.4,1,1,0,-0.4,52.3,56.68,46.9,0.67,0.51,191,10,18,10,26.87,19.61,11.22,8,4,20,10,8,115.9,66.38,36.4,34.02,84.27,54.35,0,İstanbul Başakşehir 1-1 Fenerbahçe,2025-12-06
Rizespor,0.99,1.69,-0.7,0.99,0.93,0.06,0.0,0.0,0.0,0.99,0.93,0.06,1,1,0,0.7,51.9,45.72,44.51,0.77,0.51,209,14,11,11,14.29,21.57,12.86,7,6,14,2,12,96.8,52.61,42.67,37.08,54.6,46.54,0,Konyaspor 1-1 Rizespor,2025-12-06
Konyaspor,1.69,0.99,0.7,0.93,0.99,-0.06,0.0,0.0,0.0,0.93,0.99,-0.06,1,1,0,-0.7,48.1,54.28,47.13,0.51,0.77,208,12,11,11,21.57,14.29,13.97,6,7,17,4,7,87.2,47.39,72.4,62.92,62.73,53.46,0,Konyaspor 1-1 Rizespor,2025-12-06
Kayserispor,0.38,1.75,-1.37,0.38,1.71,-1.33,0.0,0.04,-0.04,0.38,1.75,-1.37,1,1,0,1.37,41.1,50.22,43.59,0.32,0.23,130,7,8,16,25.0,69.57,15.5,2,3,18,1,15,46.7,37.36,70.53,73.16,78.3,52.36,3,Eyüpspor 1-1 Kayserispor,2025-12-06
Eyüpspor,1.75,0.38,1.37,1.71,0.38,1.33,0.04,0.0,0.04,1.75,0.38,1.37,1,1,0,-1.37,58.9,49.78,43.1,0.23,0.32,178,9,16,8,69.57,25.0,9.83,3,2,16,3,11,78.3,62.64,25.87,26.84,71.23,47.64,1,Eyüpspor 1-1 Kayserispor,2025-12-06
Samsunspor,1.56,2.21,-0.65,1.56,2.21,-0.65,0.0,0.0,0.0,1.56,2.21,-0.65,2,3,-1,-0.35,42.7,55.2,49.84,0.88,0.91,196,13,13,13,14.77,14.29,19.58,3,6,16,3,10,118.8,59.43,126.53,78.24,110.1,61.05,1,Galatasaray 3-2 Samsunspor,2025-12-05
Galatasaray,2.21,1.56,0.65,2.21,1.56,0.65,0.0,0.0,0.0,2.21,1.56,0.65,3,2,1,0.35,57.3,44.8,43.5,0.91,0.88,213,15,13,13,14.29,14.77,12.58,6,3,12,1,7,81.1,40.57,35.2,21.76,70.23,38.95,1,Galatasaray 3-2 Samsunspor,2025-12-05
Galatasaray,0.35,1.08,-0.73,0.35,0.7,-0.35,0.0,0.38,-0.38,0.35,1.08,-0.73,1,1,0,0.73,44.1,39.8,44.17,0.83,0.47,145,7,6,17,7.23,36.17,10.51,2,3,10,3,22,37.5,21.61,79.93,70.95,63.7,46.77,2,Fenerbahçe 1-1 Galatasaray,2025-12-01
Fenerbahçe,1.08,0.35,0.73,0.7,0.35,0.35,0.38,0.0,0.38,1.08,0.35,0.73,1,1,0,-0.73,55.9,60.2,49.01,0.47,0.83,243,10,17,6,36.17,7.23,7.6,3,2,27,7,12,136.0,78.39,32.73,29.05,72.5,53.23,1,Fenerbahçe 1-1 Galatasaray,2025-12-01
Alanyaspor,1.31,0.62,0.69,1.28,0.6,0.68,0.02,0.03,-0.01,1.31,0.62,0.69,1,1,0,-0.69,48.0,47.06,47.94,0.43,0.53,209,4,10,7,23.26,13.21,9.98,4,2,13,1,12,71.7,51.77,61.87,57.64,78.43,50.91,0,Samsunspor 1-1 Alanyaspor,2025-12-01
Samsunspor,0.62,1.31,-0.69,0.6,1.28,-0.68,0.03,0.02,0.01,0.62,1.31,-0.69,1,1,0,0.69,52.0,52.94,44.98,0.53,0.43,196,8,7,10,13.21,23.26,9.17,2,4,16,3,28,66.8,48.23,45.47,42.36,75.63,49.09,1,Samsunspor 1-1 Alanyaspor,2025-12-01
Beşiktaş,3.97,0.88,3.09,2.58,0.88,1.7,0.62,0.0,0.62,3.21,0.88,2.33,2,0,2,-1.09,61.6,59.54,47.78,1.32,0.53,229,23,27,7,20.45,13.21,6.61,8,1,28,9,11,196.1,88.37,7.2,8.58,156.43,83.88,0,Fatih Karagümrük 0-2 Beşiktaş,2025-11-30
Fatih Karagümrük,0.88,3.97,-3.09,0.88,2.58,-1.7,0.0,0.62,-0.62,0.88,3.21,-2.33,0,2,-2,1.09,38.4,40.46,47.5,0.53,1.32,147,7,7,27,13.21,20.45,15.36,1,8,9,2,11,25.8,11.63,76.73,91.42,30.07,16.12,0,Fatih Karagümrük 0-2 Beşiktaş,2025-11-30
Göztepe,0.91,0.55,0.36,0.71,0.55,0.16,0.2,0.0,0.2,0.91,0.55,0.36,2,1,1,0.64,50.4,57.72,54.81,0.8,0.47,213,17,16,8,20.0,17.02,8.18,3,7,30,4,20,111.5,70.84,44.87,69.81,134.4,83.41,12,Antalyaspor 1-2 Göztepe,2025-11-30
Antalyaspor,0.55,0.91,-0.36,0.55,0.71,-0.16,0.0,0.2,-0.2,0.55,0.91,-0.36,1,2,-1,-0.64,49.6,42.28,43.62,0.47,0.8,139,12,8,16,17.02,20.0,5.9,7,3,15,1,11,45.9,29.16,19.4,30.19,26.73,16.59,0,Antalyaspor 1-2 Göztepe,2025-11-30
Konyaspor,1.85,2.62,-0.77,1.76,1.49,0.27,0.09,0.37,-0.28,1.85,1.86,-0.01,1,3,-2,-1.23,47.2,47.08,43.75,0.89,1.03,159,14,17,19,19.1,18.45,10.24,6,5,16,3,13,106.0,44.93,60.07,61.46,64.93,24.79,0,Trabzonspor 3-1 Konyaspor,2025-11-29
Trabzonspor,2.62,1.85,0.77,1.49,1.76,-0.27,0.37,0.09,0.28,1.86,1.85,0.01,3,1,2,1.23,52.8,52.92,48.87,1.03,0.89,235,22,19,17,18.45,19.1,11.16,5,6,18,3,15,129.9,55.07,37.67,38.54,197.03,75.21,1,Trabzonspor 3-1 Konyaspor,2025-11-29
İstanbul Başakşehir,2.58,1.68,0.9,2.58,1.09,1.49,0.0,0.59,-0.59,2.58,1.68,0.9,3,1,2,1.1,48.8,41.56,47.26,0.46,1.0,163,6,11,16,23.91,16.0,8.06,6,5,14,3,17,54.4,26.34,54.2,53.35,69.17,41.91,0,Kasımpaşa 1-3 İstanbul Başakşehir,2025-11-29
Kasımpaşa,1.68,2.58,-0.9,1.09,2.58,-1.49,0.59,0.0,0.59,1.68,2.58,-0.9,1,3,-2,-1.1,51.2,58.44,48.91,1.0,0.46,196,16,16,11,16.0,23.91,12.27,5,6,40,12,13,152.1,73.66,47.4,46.65,95.87,58.09,0,Kasımpaşa 1-3 İstanbul Başakşehir,2025-11-29
Eyüpspor,4.06,1.22,2.84,3.27,1.1,2.17,0.02,0.11,-0.09,3.3,1.22,2.08,2,1,1,-1.84,40.8,41.06,43.7,0.85,1.01,121,16,17,13,20.0,12.87,9.91,8,10,9,6,18,87.6,45.6,71.0,84.19,145.83,71.0,1,Gaziantep FK 1-2 Eyüpspor,2025-11-29
Gaziantep FK,1.22,4.06,-2.84,1.1,3.27,-2.17,0.11,0.02,0.09,1.22,3.3,-2.08,1,2,-1,1.84,59.2,58.94,47.27,1.01,0.85,213,13,13,17,12.87,20.0,5.52,10,8,31,13,13,104.5,54.4,13.33,15.81,59.57,29.0,1,Gaziantep FK 1-2 Eyüpspor,2025-11-29
Kayserispor,0.78,2.05,-1.27,0.78,1.75,-0.97,0.0,0.29,-0.29,0.78,2.05,-1.27,1,0,1,2.27,41.0,35.71,44.14,0.62,1.17,166,8,10,16,16.13,13.68,15.63,3,4,19,5,15,37.8,19.48,73.73,77.56,55.87,39.31,0,Rizespor 0-1 Kayserispor,2025-11-29
Rizespor,2.05,0.78,1.27,1.75,0.78,0.97,0.29,0.0,0.29,2.05,0.78,1.27,0,1,-1,-2.27,59.0,64.29,50.36,1.17,0.62,301,15,16,10,13.68,16.13,9.76,4,3,35,5,16,156.2,80.52,21.33,22.44,86.27,60.69,2,Rizespor 0-1 Kayserispor,2025-11-29
Gençlerbirliği,0.44,1.36,-0.92,0.44,1.06,-0.62,0.0,0.3,-0.3,0.44,1.36,-0.92,0,1,-1,-0.08,47.1,42.31,42.96,0.34,0.69,182,4,5,15,14.71,21.74,11.32,0,2,7,1,15,42.2,26.56,37.33,36.41,22.13,12.35,1,Kocaelispor 1-0 Gençlerbirliği,2025-11-28
Kocaelispor,1.36,0.44,0.92,1.06,0.44,0.62,0.3,0.0,0.3,1.36,0.44,0.92,1,0,1,0.08,52.9,57.69,49.18,0.69,0.34,251,17,15,5,21.74,14.71,11.88,2,0,29,6,16,116.7,73.44,65.2,63.59,157.0,87.65,3,Kocaelispor 1-0 Gençlerbirliği,2025-11-28
Trabzonspor,3.56,1.99,1.57,2.35,0.43,1.92,0.45,0.8,-0.35,2.8,1.23,1.57,4,3,1,-0.57,63.6,58.82,50.94,1.02,0.29,250,23,22,9,21.57,31.03,6.23,5,7,24,10,11,185.3,74.03,16.2,14.81,119.43,59.11,0,İstanbul Başakşehir 3-4 Trabzonspor,2025-11-24
İstanbul Başakşehir,1.99,3.56,-1.57,0.43,2.35,-1.92,0.8,0.45,0.35,1.23,2.8,-1.57,3,4,-1,0.57,36.4,41.18,48.81,0.29,1.02,129,8,9,22,31.03,21.57,12.63,7,5,12,1,15,65.0,25.97,93.2,85.19,82.63,40.89,1,İstanbul Başakşehir 3-4 Trabzonspor,2025-11-24
Antalyaspor,0.69,1.35,-0.66,0.69,0.96,-0.27,0.0,0.39,-0.39,0.69,1.35,-0.66,0,0,0,0.66,41.5,38.99,43.93,0.35,0.77,144,4,4,12,11.43,15.58,16.91,3,6,11,2,8,28.5,21.4,71.93,68.68,44.03,35.19,0,Konyaspor 0-0 Antalyaspor,2025-11-24
Konyaspor,1.35,0.69,0.66,0.96,0.69,0.27,0.39,0.0,0.39,1.35,0.69,0.66,0,0,0,-0.66,58.5,61.01,49.81,0.77,0.35,243,9,12,4,15.58,11.43,7.05,6,3,32,10,15,104.7,78.6,32.8,31.32,81.1,64.81,0,Konyaspor 0-0 Antalyaspor,2025-11-24
Fenerbahçe,3.1,0.69,2.41,2.88,0.51,2.37,0.22,0.19,0.03,3.1,0.69,2.41,5,2,3,0.59,58.9,71.07,53.91,0.6,0.43,311,12,28,6,46.67,13.95,10.21,6,4,21,9,6,234.4,92.03,33.27,29.65,168.73,87.44,1,Rizespor 2-5 Fenerbahçe,2025-11-23
Rizespor,0.69,3.1,-2.41,0.51,2.88,-2.37,0.19,0.22,-0.03,0.69,3.1,-2.41,2,5,-3,-0.59,41.1,28.93,42.33,0.43,0.6,111,7,6,28,13.95,46.67,12.54,4,6,21,5,16,20.3,7.97,78.93,70.35,24.23,12.56,3,Rizespor 2-5 Fenerbahçe,2025-11-23
Kasımpaşa,1.29,1.53,-0.24,1.21,1.23,-0.02,0.08,0.3,-0.22,1.29,1.53,-0.24,2,1,1,1.24,32.1,24.07,41.43,0.7,0.65,105,8,8,17,11.43,26.15,14.5,3,10,11,1,16,14.7,6.23,123.33,92.55,39.03,29.05,0,Alanyaspor 1-2 Kasımpaşa,2025-11-23
Alanyaspor,1.53,1.29,0.24,1.23,1.21,0.02,0.3,0.08,0.22,1.53,1.29,0.24,1,2,-1,-1.24,67.9,75.93,55.1,0.65,0.7,392,15,17,8,26.15,11.43,6.7,10,3,38,13,9,221.3,93.77,9.93,7.45,95.33,70.95,1,Alanyaspor 1-2 Kasımpaşa,2025-11-23
Samsunspor,2.68,2.08,0.6,2.45,1.19,1.26,0.23,0.13,0.1,2.68,1.32,1.36,1,1,0,-0.6,38.4,37.38,46.4,0.73,0.8,136,7,14,14,19.18,17.5,12.82,5,2,11,3,17,71.4,34.69,89.07,90.45,106.27,54.26,0,Beşiktaş 1-1 Samsunspor,2025-11-23
Beşiktaş,2.08,2.68,-0.6,1.19,2.45,-1.26,0.13,0.23,-0.1,1.32,2.68,-1.36,1,1,0,0.6,61.6,62.62,49.87,0.8,0.73,290,14,14,14,17.5,19.18,8.94,2,5,27,4,10,134.4,65.31,9.4,9.55,89.6,45.74,0,Beşiktaş 1-1 Samsunspor,2025-11-23
Kocaelispor,0.75,0.78,-0.03,0.73,0.74,-0.01,0.02,0.04,-0.02,0.75,0.78,-0.03,0,0,0,0.03,58.1,41.76,44.16,0.43,0.7,150,8,10,8,23.26,11.43,8.15,3,8,23,6,7,28.6,30.82,17.07,18.01,17.83,13.51,5,Göztepe 0-0 Kocaelispor,2025-11-23
Göztepe,0.78,0.75,0.03,0.74,0.73,0.01,0.04,0.02,0.02,0.78,0.75,0.03,0,0,0,-0.03,41.9,58.24,50.73,0.7,0.43,145,11,8,10,11.43,23.26,8.35,8,3,16,4,16,64.2,69.18,77.73,81.99,114.1,86.49,3,Göztepe 0-0 Kocaelispor,2025-11-23
Gençlerbirliği,1.62,5.83,-4.21,1.56,5.3,-3.74,0.06,0.53,-0.47,1.62,5.83,-4.21,2,3,-1,3.21,28.0,22.77,42.32,0.49,1.82,85,12,11,28,22.45,15.38,20.82,2,4,7,2,6,23.3,6.93,137.47,96.36,46.67,18.19,3,Galatasaray 3-2 Gençlerbirliği,2025-11-22
Galatasaray,5.83,1.62,4.21,5.3,1.56,3.74,0.53,0.06,0.47,5.83,1.62,4.21,3,2,1,-3.21,72.0,77.23,57.6,1.82,0.49,461,28,28,11,15.38,22.45,10.9,4,2,36,4,11,312.7,93.07,5.2,3.64,209.97,81.81,4,Galatasaray 3-2 Gençlerbirliği,2025-11-22
Fatih Karagümrük,1.42,1.95,-0.53,0.82,1.66,-0.84,0.6,0.29,0.31,1.42,1.95,-0.53,1,1,0,0.53,46.3,44.94,47.45,0.55,0.82,192,14,9,12,16.36,14.63,9.59,7,5,13,6,18,69.1,37.03,62.13,66.15,62.1,42.31,0,Eyüpspor 1-1 Fatih Karagümrük,2025-11-22
Eyüpspor,1.95,1.42,0.53,1.66,0.82,0.84,0.29,0.6,-0.31,1.95,1.42,0.53,1,1,0,-0.53,53.7,55.06,44.36,0.82,0.55,188,16,12,9,14.63,16.36,6.8,5,7,17,5,16,117.5,62.97,31.8,33.85,84.67,57.69,1,Eyüpspor 1-1 Fatih Karagümrük,2025-11-22
Gaziantep FK,1.66,1.22,0.44,0.9,1.2,-0.3,0.0,0.02,-0.02,0.9,1.22,-0.32,3,0,3,2.56,42.9,35.04,37.6,0.19,0.78,103,2,6,15,31.58,19.23,20.59,2,9,5,0,11,33.1,21.83,54.93,56.86,71.63,56.4,2,Kayserispor 0-3 Gaziantep FK,2025-11-22
Kayserispor,1.22,1.66,-0.44,1.2,0.9,0.3,0.02,0.0,0.02,1.22,0.9,0.32,0,3,-3,-2.56,57.1,64.96,49.94,0.78,0.19,223,15,15,6,19.23,31.58,8.08,9,2,20,3,14,118.5,78.17,41.67,43.14,55.37,43.6,0,Kayserispor 0-3 Gaziantep FK,2025-11-22
Kayserispor,2.05,2.79,-0.74,2.05,2.4,-0.35,0.0,0.38,-0.38,2.05,2.79,-0.74,2,4,-2,-1.26,38.5,25.17,38.46,0.74,1.02,111,7,5,28,6.76,27.45,21.32,2,4,13,2,7,4.2,1.53,88.33,68.79,8.4,2.14,2,Fenerbahçe 4-2 Kayserispor,2025-11-09
Fenerbahçe,2.79,2.05,0.74,2.4,2.05,0.35,0.38,0.0,0.38,2.79,2.05,0.74,4,2,2,1.26,61.5,74.83,53.37,1.02,0.74,328,18,28,5,27.45,6.76,10.5,4,2,24,8,13,269.7,98.47,40.07,31.21,383.89,97.86,0,Fenerbahçe 4-2 Kayserispor,2025-11-09
Eyüpspor,0.17,2.51,-2.34,0.17,1.83,-1.66,0.0,0.68,-0.68,0.17,2.51,-2.34,0,1,-1,1.34,37.5,26.09,41.64,0.21,0.82,117,6,2,17,9.52,20.73,12.33,5,5,5,0,13,18.3,8.75,75.0,66.89,37.77,17.84,0,Samsunspor 1-0 Eyüpspor,2025-11-09
Samsunspor,2.51,0.17,2.34,1.83,0.17,1.66,0.68,0.0,0.68,2.51,0.17,2.34,1,0,1,-1.34,62.5,73.91,52.5,0.82,0.21,316,18,17,2,20.73,9.52,6.72,5,5,32,14,19,190.9,91.25,37.13,33.11,174.0,82.16,1,Samsunspor 1-0 Eyüpspor,2025-11-09
Galatasaray,1.1,1.09,0.01,0.81,1.03,-0.22,0.29,0.06,0.23,1.1,1.09,0.01,0,1,-1,-1.01,65.2,72.19,51.09,0.77,0.25,314,20,12,9,15.58,36.0,9.81,2,1,33,7,9,179.5,78.9,23.47,17.33,112.07,59.52,4,Kocaelispor 1-0 Galatasaray,2025-11-09
Kocaelispor,1.09,1.1,-0.01,1.03,0.81,0.22,0.06,0.29,-0.23,1.09,1.1,-0.01,1,0,1,1.01,34.8,27.81,44.45,0.25,0.77,112,4,9,12,36.0,15.58,17.87,1,2,5,1,13,48.0,21.1,111.93,82.67,76.23,40.48,3,Kocaelispor 1-0 Galatasaray,2025-11-09
Konyaspor,0.83,1.58,-0.75,0.63,1.58,-0.95,0.2,0.0,0.2,0.83,1.58,-0.75,0,2,-2,-1.25,56.9,50.88,46.26,0.46,0.53,219,9,12,10,26.09,18.87,7.53,4,4,23,7,11,65.7,50.77,15.8,15.36,23.3,14.42,0,Fatih Karagümrük 2-0 Konyaspor,2025-11-09
Fatih Karagümrük,1.58,0.83,0.75,1.58,0.63,0.95,0.0,0.2,-0.2,1.58,0.83,0.75,2,0,2,1.25,43.1,49.12,48.44,0.53,0.46,188,8,10,12,18.87,26.09,13.84,4,4,14,4,17,63.7,49.23,87.07,84.64,138.23,85.58,0,Fatih Karagümrük 2-0 Konyaspor,2025-11-09
Beşiktaş,1.69,0.71,0.98,1.22,0.69,0.53,0.47,0.02,0.45,1.69,0.71,0.98,3,1,2,1.02,54.4,48.44,45.38,0.43,0.46,195,10,13,5,30.23,10.87,8.82,2,2,11,3,18,79.0,56.31,38.93,42.2,89.23,67.11,1,Antalyaspor 1-3 Beşiktaş,2025-11-08
Antalyaspor,0.71,1.69,-0.98,0.69,1.22,-0.53,0.02,0.47,-0.45,0.71,1.69,-0.98,1,3,-2,-1.02,45.6,51.56,44.58,0.46,0.43,171,9,5,13,10.87,30.23,12.56,2,2,17,3,13,61.3,43.69,53.33,57.8,43.73,32.89,0,Antalyaspor 1-3 Beşiktaş,2025-11-08
Göztepe,2.5,0.6,1.9,2.42,0.46,1.96,0.07,0.15,-0.08,2.5,0.6,1.9,2,0,2,0.1,31.6,36.25,50.74,0.19,0.61,116,12,15,12,78.95,19.67,8.72,2,5,14,2,24,56.0,37.36,83.6,95.73,127.5,79.28,6,Kasımpaşa 0-2 Göztepe,2025-11-08
Kasımpaşa,0.6,2.5,-1.9,0.46,2.42,-1.96,0.15,0.07,0.08,0.6,2.5,-1.9,0,2,-2,-0.1,68.4,63.75,53.36,0.61,0.19,256,10,12,15,19.67,78.95,4.94,5,2,31,5,7,93.9,62.64,3.73,4.27,33.33,20.72,2,Kasımpaşa 0-2 Göztepe,2025-11-08
Alanyaspor,1.74,2.18,-0.44,1.59,2.02,-0.43,0.16,0.16,0.0,1.74,2.18,-0.44,1,1,0,0.44,42.0,55.6,48.47,0.79,0.93,189,18,24,16,30.38,17.2,15.33,8,3,23,7,10,156.3,66.51,87.0,86.25,189.63,77.08,0,Trabzonspor 1-1 Alanyaspor,2025-11-08
Trabzonspor,2.18,1.74,0.44,2.02,1.59,0.43,0.16,0.16,0.0,2.18,1.74,0.44,1,1,0,-0.44,58.0,44.4,43.34,0.93,0.79,200,8,16,24,17.2,30.38,9.27,3,8,16,1,13,78.7,33.49,13.87,13.75,56.4,22.92,0,Trabzonspor 1-1 Alanyaspor,2025-11-08
Rizespor,1.46,2.77,-1.31,1.46,1.92,-0.46,0.0,0.09,-0.09,1.46,2.01,-0.55,2,2,0,1.31,40.7,42.13,43.88,0.32,0.51,118,3,12,15,37.5,29.41,14.22,2,3,7,2,15,46.7,36.01,77.87,80.55,83.13,45.03,0,Gaziantep FK 2-2 Rizespor,2025-11-08
Gaziantep FK,2.77,1.46,1.31,1.92,1.46,0.46,0.09,0.0,0.09,2.01,1.46,0.55,2,2,0,-1.31,59.3,57.87,43.23,0.51,0.32,173,10,15,12,29.41,37.5,7.89,3,2,14,3,14,83.0,63.99,18.8,19.45,101.5,54.97,2,Gaziantep FK 2-2 Rizespor,2025-11-08
İstanbul Başakşehir,2.66,2.31,0.35,2.5,0.75,1.75,0.16,0.8,-0.64,2.66,1.55,1.11,1,2,-1,-1.35,71.6,80.67,54.17,0.99,0.39,337,17,19,15,19.19,38.46,6.32,2,2,32,9,8,258.5,83.82,14.53,11.85,167.8,74.48,2,Gençlerbirliği 2-1 İstanbul Başakşehir,2025-11-07
Gençlerbirliği,2.31,2.66,-0.35,0.75,2.5,-1.75,0.8,0.16,0.64,1.55,2.66,-1.11,2,1,1,1.35,28.4,19.33,39.09,0.39,0.99,69,8,15,19,38.46,19.19,13.13,2,2,11,4,20,49.9,16.18,108.13,88.15,57.5,25.52,1,Gençlerbirliği 2-1 İstanbul Başakşehir,2025-11-07
Fatih Karagümrük,1.26,2.11,-0.85,1.07,1.7,-0.63,0.19,0.4,-0.21,1.26,2.11,-0.85,0,1,-1,-0.15,39.1,41.69,46.81,0.53,0.83,162,6,14,13,26.42,15.66,13.18,7,3,11,4,13,46.0,26.18,93.07,88.58,82.6,48.78,0,Rizespor 1-0 Fatih Karagümrük,2025-11-03
Rizespor,2.11,1.26,0.85,1.7,1.07,0.63,0.4,0.19,0.21,2.11,1.26,0.85,1,0,1,0.15,60.9,58.31,45.83,0.83,0.53,233,13,13,14,15.66,26.42,8.25,3,7,19,4,14,129.7,73.82,12.0,11.42,86.73,51.22,1,Rizespor 1-0 Fatih Karagümrük,2025-11-03
Gaziantep FK,1.9,0.86,1.04,1.84,0.6,1.24,0.06,0.26,-0.2,1.9,0.86,1.04,0,0,0,-1.04,45.6,51.22,40.91,1.03,0.92,131,16,13,8,12.62,8.7,14.22,3,7,11,4,13,87.5,70.85,82.4,62.87,121.53,77.0,0,Alanyaspor 0-0 Gaziantep FK,2025-11-03
Alanyaspor,0.86,1.9,-1.04,0.6,1.84,-1.24,0.26,0.06,0.2,0.86,1.9,-1.04,0,0,0,1.04,54.4,48.78,41.79,0.92,1.03,175,11,8,13,8.7,12.62,10.19,7,3,16,4,10,36.0,29.15,48.67,37.13,36.3,23.0,0,Alanyaspor 0-0 Gaziantep FK,2025-11-03
Antalyaspor,0.75,1.45,-0.7,0.57,1.36,-0.79,0.18,0.09,0.09,0.75,1.45,-0.7,1,0,1,1.7,40.2,33.33,45.09,0.33,0.86,140,8,7,15,21.21,17.44,20.68,2,3,7,2,9,32.4,19.46,82.27,71.41,52.47,36.41,0,Eyüpspor 0-1 Antalyaspor,2025-11-03
Eyüpspor,1.45,0.75,0.7,1.36,0.57,0.79,0.09,0.18,-0.09,1.45,0.75,0.7,0,1,-1,-1.7,59.8,66.67,52.71,0.86,0.33,302,11,15,7,17.44,21.21,10.64,3,2,36,5,8,134.1,80.54,32.93,28.59,91.63,63.59,2,Eyüpspor 0-1 Antalyaspor,2025-11-03
Fenerbahçe,2.33,1.3,1.03,1.78,1.12,0.66,0.55,0.18,0.37,2.33,1.3,1.03,3,2,1,-0.03,68.1,71.58,52.78,0.99,1.01,387,15,23,9,23.23,8.91,7.56,5,2,18,6,17,269.4,89.5,13.0,7.49,172.37,66.49,0,Beşiktaş 2-3 Fenerbahçe,2025-11-02
Beşiktaş,1.3,2.33,-1.03,1.12,1.78,-0.66,0.18,0.55,-0.37,1.3,2.33,-1.03,2,3,-1,0.03,31.9,28.42,44.81,1.01,0.99,107,11,9,23,8.91,23.23,18.8,2,5,10,1,8,31.6,10.5,160.67,92.51,86.87,33.51,0,Beşiktaş 2-3 Fenerbahçe,2025-11-02
Kasımpaşa,0.93,1.09,-0.16,0.89,0.97,-0.08,0.04,0.12,-0.08,0.93,1.09,-0.16,2,3,-1,-0.84,55.8,55.41,51.3,0.82,0.97,247,10,11,11,13.41,11.34,9.37,2,2,27,6,15,100.7,60.74,31.07,37.62,64.4,49.47,0,Kayserispor 3-2 Kasımpaşa,2025-11-02
Kayserispor,1.09,0.93,0.16,0.97,0.89,0.08,0.12,0.04,0.08,1.09,0.93,0.16,3,2,1,0.84,44.2,44.59,44.23,0.97,0.82,140,13,11,11,11.34,13.41,11.1,2,2,19,4,12,65.1,39.26,51.53,62.38,65.77,50.53,5,Kayserispor 3-2 Kasımpaşa,2025-11-02
Samsunspor,1.87,2.33,-0.46,1.87,1.96,-0.09,0.0,0.37,-0.37,1.87,2.33,-0.46,3,1,2,2.46,41.1,40.59,48.65,0.92,1.88,159,12,13,23,14.13,12.23,11.2,4,8,10,5,12,57.2,25.4,77.0,76.24,79.83,56.23,0,Konyaspor 1-3 Samsunspor,2025-11-02
Konyaspor,2.33,1.87,0.46,1.96,1.87,0.09,0.37,0.0,0.37,2.33,1.87,0.46,1,3,-2,-2.46,58.9,59.41,51.34,1.88,0.92,248,16,23,13,12.23,14.13,7.08,8,4,38,9,10,168.0,74.6,24.0,23.76,62.13,43.77,0,Konyaspor 1-3 Samsunspor,2025-11-02
Trabzonspor,1.01,2.05,-1.04,0.51,1.61,-1.1,0.51,0.44,0.07,1.01,2.05,-1.04,0,0,0,1.04,41.9,31.23,44.71,0.31,0.91,125,8,9,23,29.03,25.27,12.62,4,2,15,4,9,13.7,6.74,63.93,77.77,26.67,14.52,1,Galatasaray 0-0 Trabzonspor,2025-11-01
Galatasaray,2.05,1.01,1.04,1.61,0.51,1.1,0.44,0.51,-0.07,2.05,1.01,1.04,0,0,0,-1.04,58.1,68.77,49.04,0.91,0.31,219,21,23,9,25.27,29.03,12.3,2,4,32,8,12,189.7,93.26,18.27,22.23,157.0,85.48,0,Galatasaray 0-0 Trabzonspor,2025-11-01
Gençlerbirliği,1.3,2.41,-1.11,1.1,2.13,-1.03,0.2,0.29,-0.09,1.3,2.41,-1.11,0,1,-1,0.11,48.6,37.46,46.67,0.29,0.95,137,5,13,15,44.83,15.79,8.06,1,7,15,3,10,50.6,27.56,20.8,35.57,38.8,19.59,3,Göztepe 1-0 Gençlerbirliği,2025-11-01
Göztepe,2.41,1.3,1.11,2.13,1.1,1.03,0.29,0.2,0.09,2.41,1.3,1.11,1,0,1,-0.11,51.4,62.54,52.93,0.95,0.29,208,10,15,13,15.79,44.83,7.53,7,1,17,6,14,133.0,72.44,37.67,64.43,159.27,80.41,8,Göztepe 1-0 Gençlerbirliği,2025-11-01
Kocaelispor,1.24,2.22,-0.98,0.82,1.32,-0.5,0.43,0.14,0.29,1.24,1.46,-0.22,0,1,-1,-0.02,42.4,31.46,42.07,0.68,1.4,127,7,11,16,16.18,11.43,12.52,1,5,11,5,18,52.8,24.31,96.13,71.28,101.87,39.48,2,İstanbul Başakşehir 1-0 Kocaelispor,2025-10-31
İstanbul Başakşehir,2.22,1.24,0.98,1.32,0.82,0.5,0.14,0.43,-0.29,1.46,1.24,0.22,1,0,1,0.02,57.6,68.54,51.39,1.4,0.68,246,20,16,11,11.43,16.18,7.76,5,1,20,6,12,164.4,75.69,38.73,28.72,156.17,60.52,0,İstanbul Başakşehir 1-0 Kocaelispor,2025-10-31
Fenerbahçe,2.78,0.66,2.12,1.93,0.38,1.55,0.85,0.28,0.57,2.78,0.66,2.12,4,0,4,1.88,41.5,54.73,46.7,0.89,0.27,151,10,20,8,22.47,29.63,8.7,10,3,12,4,15,112.0,70.66,82.47,83.41,203.8,90.32,1,Gaziantep FK 0-4 Fenerbahçe,2025-10-27
Gaziantep FK,0.66,2.78,-2.12,0.38,1.93,-1.55,0.28,0.85,-0.57,0.66,2.78,-2.12,0,4,-4,-1.88,58.5,45.27,41.29,0.27,0.89,152,9,8,20,29.63,22.47,8.23,3,10,11,6,12,46.5,29.34,16.4,16.59,21.83,9.68,1,Gaziantep FK 0-4 Fenerbahçe,2025-10-27
Rizespor,1.03,3.24,-2.21,0.87,2.78,-1.91,0.16,0.47,-0.31,1.03,3.24,-2.21,1,1,0,2.21,44.7,39.22,46.67,0.55,1.46,174,8,8,26,14.55,17.81,12.67,3,4,11,4,14,38.3,20.21,85.87,73.68,40.27,25.29,1,Samsunspor 1-1 Rizespor,2025-10-27
Samsunspor,3.24,1.03,2.21,2.78,0.87,1.91,0.47,0.16,0.31,3.24,1.03,2.21,1,1,0,-2.21,55.3,60.78,49.08,1.46,0.55,253,18,26,8,17.81,14.55,10.21,4,3,19,7,9,151.2,79.79,30.67,26.32,118.97,74.71,1,Samsunspor 1-1 Rizespor,2025-10-27
Beşiktaş,3.58,1.75,1.83,2.82,1.5,1.32,0.0,0.25,-0.25,2.82,1.75,1.07,1,1,0,-1.83,65.9,61.39,48.01,1.3,0.68,243,18,20,12,15.38,17.65,6.52,6,3,29,0,10,175.7,79.68,7.73,7.23,126.53,63.38,2,Kasımpaşa 1-1 Beşiktaş,2025-10-26
Kasımpaşa,1.75,3.58,-1.83,1.5,2.82,-1.32,0.25,0.0,0.25,1.75,2.82,-1.07,1,1,0,1.83,34.1,38.61,49.65,0.68,1.3,145,14,12,20,17.65,15.38,16.96,3,6,24,8,14,44.8,20.32,99.2,92.77,73.1,36.62,0,Kasımpaşa 1-1 Beşiktaş,2025-10-26
Konyaspor,1.59,1.19,0.4,1.46,1.08,0.38,0.13,0.1,0.03,1.59,1.19,0.4,2,1,1,0.6,48.4,58.17,48.6,0.64,0.46,198,13,16,15,25.0,32.61,11.52,2,5,20,5,17,133.0,60.4,59.53,59.81,139.63,71.01,1,Gençlerbirliği 1-2 Konyaspor,2025-10-26
Gençlerbirliği,1.19,1.59,-0.4,1.08,1.46,-0.38,0.1,0.13,-0.03,1.19,1.59,-0.4,1,2,-1,-0.6,51.6,41.83,48.5,0.46,0.64,211,9,15,16,32.61,25.0,7.89,5,2,19,6,11,87.2,39.6,40.0,40.19,57.0,28.99,1,Gençlerbirliği 1-2 Konyaspor,2025-10-26
Göztepe,1.39,3.77,-2.38,1.39,3.34,-1.95,0.0,0.43,-0.43,1.39,3.77,-2.38,1,3,-2,0.38,21.6,23.55,45.62,0.38,1.42,77,3,5,27,13.16,19.01,20.05,3,3,3,2,12,19.0,5.28,166.6,99.28,40.47,12.32,5,Galatasaray 3-1 Göztepe,2025-10-26
Galatasaray,3.77,1.39,2.38,3.34,1.39,1.95,0.43,0.0,0.43,3.77,1.39,2.38,3,1,2,-0.38,78.4,76.45,55.27,1.42,0.38,406,32,27,5,19.01,13.16,8.28,3,3,35,8,8,341.0,94.72,1.2,0.72,288.03,87.68,1,Galatasaray 3-1 Göztepe,2025-10-26
İstanbul Başakşehir,2.81,1.05,1.76,1.85,1.01,0.84,0.96,0.05,0.91,2.81,1.05,1.76,4,0,4,2.24,65.1,68.25,46.87,1.07,0.45,261,20,19,10,17.76,22.22,10.77,5,8,21,8,15,181.6,81.54,30.53,16.93,137.17,64.7,0,Antalyaspor 0-4 İstanbul Başakşehir,2025-10-26
Antalyaspor,1.05,2.81,-1.76,1.01,1.85,-0.84,0.05,0.96,-0.91,1.05,2.81,-1.76,0,4,-4,-2.24,34.9,31.75,42.33,0.45,1.07,118,12,10,19,22.22,17.76,13.58,8,5,14,3,10,41.1,18.46,149.8,83.07,74.83,35.3,2,Antalyaspor 0-4 İstanbul Başakşehir,2025-10-26
Eyüpspor,1.27,2.24,-0.97,1.18,2.18,-1.0,0.09,0.05,0.04,1.27,2.24,-0.97,0,2,-2,-1.03,43.6,43.27,41.28,0.5,0.81,138,7,10,13,20.0,16.05,12.17,5,8,8,3,12,58.7,40.79,75.87,67.82,69.73,36.77,0,Trabzonspor 2-0 Eyüpspor,2025-10-25
Trabzonspor,2.24,1.27,0.97,2.18,1.18,1.0,0.05,0.09,-0.04,2.24,1.27,0.97,2,0,2,1.03,56.4,56.73,43.13,0.81,0.5,183,12,13,10,16.05,20.0,8.73,8,5,15,8,18,85.2,59.21,36.0,32.18,119.9,63.23,1,Trabzonspor 2-0 Eyüpspor,2025-10-25
Alanyaspor,0.67,1.73,-1.06,0.6,1.49,-0.89,0.07,0.24,-0.17,0.67,1.73,-1.06,0,2,-2,-0.94,47.7,48.18,45.45,0.57,0.61,175,4,9,14,15.79,22.95,11.85,5,3,16,2,8,49.5,36.53,71.87,60.16,61.83,44.32,0,Kocaelispor 2-0 Alanyaspor,2025-10-25
Kocaelispor,1.73,0.67,1.06,1.49,0.6,0.89,0.24,0.07,0.17,1.73,0.67,1.06,2,0,2,0.94,52.3,51.82,43.19,0.61,0.57,168,7,14,9,22.95,15.79,9.66,3,5,13,4,16,86.0,63.47,47.6,39.84,77.67,55.68,1,Kocaelispor 2-0 Alanyaspor,2025-10-25
Kayserispor,2.32,1.88,0.44,2.26,0.8,1.46,0.06,0.33,-0.27,2.32,1.12,1.2,2,2,0,-0.44,53.3,49.67,46.18,1.63,0.4,183,22,13,10,7.98,25.0,6.24,4,9,25,7,21,116.6,59.79,23.07,28.81,106.8,47.93,0,Fatih Karagümrük 2-2 Kayserispor,2025-10-24
Fatih Karagümrük,1.88,2.32,-0.44,0.8,2.26,-1.46,0.33,0.06,0.27,1.12,2.32,-1.2,2,2,0,0.44,46.7,50.33,49.51,0.4,1.63,196,9,10,13,25.0,7.98,8.78,9,4,13,1,16,78.4,40.21,57.0,71.19,116.03,52.07,0,Fatih Karagümrük 2-2 Kayserispor,2025-10-24
İstanbul Başakşehir,1.12,0.96,0.16,1.09,0.79,0.3,0.03,0.16,-0.13,1.12,0.96,0.16,0,0,0,-0.16,52.7,54.76,48.42,0.32,0.48,218,7,15,14,46.88,29.17,8.1,10,8,14,5,11,98.0,63.39,18.07,24.64,70.8,51.53,0,Rizespor 0-0 İstanbul Başakşehir,2025-10-22
Rizespor,0.96,1.12,-0.16,0.79,1.09,-0.3,0.16,0.03,0.13,0.96,1.12,-0.16,0,0,0,0.16,47.3,45.24,45.22,0.48,0.32,179,6,14,15,29.17,46.88,10.21,8,10,21,5,16,56.6,36.61,55.27,75.36,66.6,48.47,1,Rizespor 0-0 İstanbul Başakşehir,2025-10-22
Beşiktaş,2.22,1.7,0.52,1.74,1.31,0.43,0.48,0.39,0.09,2.22,1.7,0.52,2,0,2,1.48,28.6,16.21,36.55,0.26,0.89,65,5,9,22,34.62,24.72,16.81,0,8,6,3,16,4.8,2.08,111.27,83.74,52.3,33.22,0,Konyaspor 0-2 Beşiktaş,2025-10-22
Konyaspor,1.7,2.22,-0.52,1.31,1.74,-0.43,0.39,0.48,-0.09,1.7,2.22,-0.52,0,2,-2,-1.48,71.4,83.79,53.6,0.89,0.26,371,20,22,9,24.72,34.62,7.22,8,0,60,17,7,225.9,97.92,21.6,16.26,105.13,66.78,1,Konyaspor 0-2 Beşiktaş,2025-10-22
Kasımpaşa,1.17,2.8,-1.63,0.85,2.03,-1.18,0.31,0.77,-0.46,1.17,2.8,-1.63,0,2,-2,-0.37,44.2,55.92,49.31,0.74,1.09,221,17,9,17,12.16,15.6,16.96,6,4,27,10,9,99.0,49.67,80.47,63.39,105.17,51.37,2,Eyüpspor 2-0 Kasımpaşa,2025-10-20
Eyüpspor,2.8,1.17,1.63,2.03,0.85,1.18,0.77,0.31,0.46,2.8,1.17,1.63,2,0,2,0.37,55.8,44.08,40.9,1.09,0.74,177,19,17,9,15.6,12.16,15.52,4,6,15,8,6,100.3,50.33,46.47,36.61,99.57,48.63,1,Eyüpspor 2-0 Kasımpaşa,2025-10-20
Fatih Karagümrük,1.37,3.68,-2.31,1.33,2.7,-1.37,0.04,0.22,-0.18,1.37,2.92,-1.55,1,2,-1,1.31,42.2,41.67,46.36,0.48,1.0,144,10,16,21,33.33,21.0,10.31,2,10,15,6,19,56.8,31.86,97.2,81.73,73.03,37.01,0,Fenerbahçe 2-1 Fatih Karagümrük,2025-10-19
Fenerbahçe,3.68,1.37,2.31,2.7,1.33,1.37,0.22,0.04,0.18,2.92,1.37,1.55,2,1,1,-1.31,57.8,58.33,47.51,1.0,0.48,233,16,21,16,21.0,33.33,6.16,10,2,17,6,10,121.5,68.14,21.73,18.27,124.3,62.99,0,Fenerbahçe 2-1 Fatih Karagümrük,2025-10-19
Antalyaspor,0.52,2.37,-1.85,0.52,2.37,-1.85,0.0,0.0,0.0,0.52,2.37,-1.85,2,3,-1,0.85,31.0,23.9,37.24,0.38,0.69,81,3,7,22,18.42,31.88,19.74,0,6,13,5,15,31.4,12.54,144.07,86.86,20.37,6.16,1,Gaziantep FK 3-2 Antalyaspor,2025-10-19
Gaziantep FK,2.37,0.52,1.85,2.37,0.52,1.85,0.0,0.0,0.0,2.37,0.52,1.85,3,2,1,-0.85,69.0,76.1,49.16,0.69,0.38,324,12,22,7,31.88,18.42,7.14,6,0,9,6,11,219.0,87.46,21.8,13.14,310.07,93.84,0,Gaziantep FK 3-2 Antalyaspor,2025-10-19
Göztepe,1.44,1.59,-0.15,1.44,1.23,0.21,0.0,0.36,-0.36,1.44,1.59,-0.15,0,1,-1,-0.85,40.8,37.64,46.99,0.25,0.31,147,10,10,15,40.0,48.39,18.19,1,0,16,4,13,64.8,29.06,82.13,79.43,74.23,40.08,1,Alanyaspor 1-0 Göztepe,2025-10-19
Alanyaspor,1.59,1.44,0.15,1.23,1.44,-0.21,0.36,0.0,0.36,1.59,1.44,0.15,1,0,1,0.85,59.2,62.36,47.49,0.31,0.25,216,10,15,10,48.39,40.0,14.4,0,1,27,8,5,158.2,70.94,21.27,20.57,110.97,59.92,0,Alanyaspor 1-0 Göztepe,2025-10-19
Samsunspor,3.03,1.6,1.43,2.39,1.23,1.16,0.64,0.37,0.27,3.03,1.6,1.43,3,1,2,0.57,45.0,35.93,43.08,0.91,0.9,136,16,13,14,14.29,15.56,11.86,5,5,13,5,11,64.5,32.98,36.13,43.57,81.43,48.15,1,Kayserispor 1-3 Samsunspor,2025-10-19
Kayserispor,1.6,3.03,-1.43,1.23,2.39,-1.16,0.37,0.64,-0.27,1.6,3.03,-1.43,1,3,-2,-0.57,55.0,64.07,51.59,0.9,0.91,244,12,14,13,15.56,14.29,10.72,5,5,31,7,13,131.1,67.02,46.8,56.43,87.7,51.85,3,Kayserispor 1-3 Samsunspor,2025-10-19
Galatasaray,2.94,1.66,1.28,2.7,1.66,1.04,0.24,0.0,0.24,2.94,1.66,1.28,2,1,1,-0.28,54.2,64.15,47.15,0.78,0.74,219,15,16,5,20.51,6.76,9.49,7,1,16,4,10,128.6,77.99,52.93,44.43,127.23,79.5,3,İstanbul Başakşehir 1-2 Galatasaray,2025-10-18
İstanbul Başakşehir,1.66,2.94,-1.28,1.66,2.7,-1.04,0.0,0.24,-0.24,1.66,2.94,-1.28,1,2,-1,0.28,45.8,35.85,40.65,0.74,0.78,127,7,5,16,6.76,20.51,14.69,1,7,11,2,16,36.3,22.01,66.2,55.57,32.8,20.5,1,İstanbul Başakşehir 1-2 Galatasaray,2025-10-18
Trabzonspor,0.66,2.57,-1.91,0.66,2.45,-1.79,0.0,0.12,-0.12,0.66,2.57,-1.91,2,1,1,2.91,44.9,29.78,40.16,0.24,0.98,133,8,8,22,33.33,22.45,15.64,1,8,5,0,8,22.7,11.31,43.33,41.4,31.03,18.12,1,Rizespor 1-2 Trabzonspor,2025-10-18
Rizespor,2.57,0.66,1.91,2.45,0.66,1.79,0.12,0.0,0.12,2.57,0.66,1.91,1,2,-1,-2.91,55.1,70.22,49.33,0.98,0.24,261,17,22,8,22.45,33.33,9.92,8,1,27,7,18,178.0,88.69,61.33,58.6,140.23,81.88,2,Rizespor 1-2 Trabzonspor,2025-10-18
Gençlerbirliği,0.97,1.86,-0.89,0.62,1.6,-0.98,0.36,0.25,0.11,0.97,1.86,-0.89,2,1,1,1.89,37.8,30.03,42.63,0.59,0.86,119,7,7,11,11.86,12.79,11.43,1,3,9,4,14,37.8,19.33,59.07,79.11,42.27,21.57,1,Beşiktaş 1-2 Gençlerbirliği,2025-10-18
Beşiktaş,1.86,0.97,0.89,1.6,0.62,0.98,0.25,0.36,-0.11,1.86,0.97,0.89,1,2,-1,-1.89,62.2,69.97,53.53,0.86,0.59,316,12,11,7,12.79,11.86,7.35,3,1,22,5,21,157.8,80.67,15.6,20.89,153.7,78.43,0,Beşiktaş 1-2 Gençlerbirliği,2025-10-18
Kocaelispor,1.59,1.88,-0.29,1.55,1.01,0.54,0.04,0.1,-0.06,1.59,1.12,0.47,3,2,1,1.29,44.1,42.31,43.81,0.8,0.81,121,6,7,12,8.75,14.81,9.35,4,6,11,4,20,63.3,35.78,57.67,76.82,68.67,56.3,2,Konyaspor 2-3 Kocaelispor,2025-10-18
Konyaspor,1.88,1.59,0.29,1.01,1.55,-0.54,0.1,0.04,0.06,1.12,1.59,-0.47,2,3,-1,-1.29,55.9,57.69,46.98,0.81,0.8,181,12,12,7,14.81,8.75,6.93,6,4,21,3,15,113.6,64.22,17.4,23.18,53.3,43.7,0,Konyaspor 2-3 Kocaelispor,2025-10-18
İstanbul Başakşehir,1.01,1.28,-0.27,0.67,0.34,0.33,0.34,0.18,0.16,1.01,0.52,0.49,0,1,-1,-0.73,71.7,61.83,51.73,0.82,0.15,323,9,11,9,13.41,60.0,4.65,5,3,27,5,11,155.1,76.25,5.2,3.65,52.3,36.83,0,Göztepe 1-0 İstanbul Başakşehir,2025-10-05
Göztepe,1.28,1.01,0.27,0.34,0.67,-0.33,0.18,0.34,-0.16,0.52,1.01,-0.49,1,0,1,0.73,28.3,38.17,52.61,0.15,0.82,128,7,9,11,60.0,13.41,10.31,3,5,17,6,22,48.3,23.75,137.4,96.35,89.7,63.17,2,Göztepe 1-0 İstanbul Başakşehir,2025-10-05
Fenerbahçe,0.34,1.52,-1.18,0.33,1.4,-1.07,0.01,0.13,-0.12,0.34,1.52,-1.18,0,0,0,1.18,52.5,45.69,46.51,0.35,0.69,202,11,6,12,17.14,17.39,7.41,0,3,18,5,15,92.3,37.55,27.73,35.95,69.63,31.35,1,Samsunspor 0-0 Fenerbahçe,2025-10-05
Samsunspor,1.52,0.34,1.18,1.4,0.33,1.07,0.13,0.01,0.12,1.52,0.34,1.18,0,0,0,-1.18,47.5,54.31,51.12,0.69,0.35,211,11,12,6,17.39,17.14,8.74,3,0,20,6,13,153.5,62.45,49.4,64.05,152.5,68.65,1,Samsunspor 0-0 Fenerbahçe,2025-10-05
Gaziantep FK,2.83,1.9,0.93,1.98,0.98,1.0,0.09,0.17,-0.08,2.07,1.14,0.93,2,0,2,1.07,55.1,42.74,40.19,0.87,0.69,139,11,17,13,19.54,18.84,5.87,3,5,9,2,15,68.2,44.63,18.13,19.65,59.03,36.9,1,Fatih Karagümrük 0-2 Gaziantep FK,2025-10-05
Fatih Karagümrük,1.9,2.83,-0.93,0.98,1.98,-1.0,0.17,0.09,0.08,1.14,2.07,-0.93,0,2,-2,-1.07,44.9,57.26,47.64,0.69,0.87,168,17,13,17,18.84,19.54,7.94,5,3,16,5,22,84.6,55.37,74.13,80.35,100.93,63.1,3,Fatih Karagümrük 0-2 Gaziantep FK,2025-10-05
Konyaspor,1.07,1.43,-0.36,0.98,1.17,-0.19,0.08,0.26,-0.18,1.07,1.43,-0.36,1,1,0,0.36,49.5,47.96,46.82,0.76,0.97,167,6,7,10,9.21,10.31,10.06,3,0,19,3,11,59.0,36.11,40.67,49.08,72.1,44.61,1,Kasımpaşa 1-1 Konyaspor,2025-10-05
Kasımpaşa,1.43,1.07,0.36,1.17,0.98,0.19,0.26,0.08,0.18,1.43,1.07,0.36,1,1,0,-0.36,50.5,52.04,49.55,0.97,0.76,218,16,10,7,10.31,9.21,11.86,0,3,25,5,14,104.4,63.89,42.2,50.92,89.53,55.39,0,Kasımpaşa 1-1 Konyaspor,2025-10-05
Beşiktaş,2.05,1.32,0.73,1.63,0.93,0.7,0.42,0.39,0.03,2.05,1.32,0.73,1,1,0,-0.73,46.6,56.98,49.86,0.48,0.64,192,9,11,14,22.92,21.88,13.88,3,6,14,8,16,134.8,60.72,75.53,61.91,144.33,74.78,1,Galatasaray 1-1 Beşiktaş,2025-10-04
Galatasaray,1.32,2.05,-0.73,0.93,1.63,-0.7,0.39,0.42,-0.03,1.32,2.05,-0.73,1,1,0,0.73,53.4,43.02,43.58,0.64,0.48,152,11,14,11,21.88,22.92,9.56,6,3,17,4,7,87.2,39.28,46.47,38.09,48.67,25.22,3,Galatasaray 1-1 Beşiktaş,2025-10-04
Eyüpspor,0.93,1.43,-0.5,0.42,0.67,-0.25,0.51,0.0,0.51,0.93,0.67,0.26,0,1,-1,-0.5,54.0,55.83,48.02,0.52,0.2,174,10,13,9,25.0,45.0,8.15,3,4,22,3,17,100.1,63.43,38.47,46.53,103.0,58.81,4,Kocaelispor 1-0 Eyüpspor,2025-10-04
Kocaelispor,1.43,0.93,0.5,0.67,0.42,0.25,0.0,0.51,-0.51,0.67,0.93,-0.26,1,0,1,0.5,46.0,44.17,46.19,0.2,0.52,147,5,9,13,45.0,25.0,7.32,4,3,6,3,18,57.7,36.57,44.2,53.47,72.13,41.19,1,Kocaelispor 1-0 Eyüpspor,2025-10-04
Alanyaspor,1.04,2.03,-0.99,0.85,0.8,0.05,0.18,0.48,-0.3,1.04,1.27,-0.23,2,2,0,0.99,45.0,49.22,48.16,0.51,0.63,179,9,12,11,23.53,17.46,12.17,5,4,14,5,17,69.5,49.47,63.53,75.81,96.73,74.58,0,Gençlerbirliği 2-2 Alanyaspor,2025-10-04
Gençlerbirliği,2.03,1.04,0.99,0.8,0.85,-0.05,0.48,0.18,0.3,1.27,1.04,0.23,2,2,0,-0.99,55.0,50.78,45.15,0.63,0.51,189,13,11,12,17.46,23.53,7.42,4,5,24,7,15,71.0,50.53,20.27,24.19,32.97,25.42,4,Gençlerbirliği 2-2 Alanyaspor,2025-10-04
Kayserispor,2.1,3.91,-1.81,2.04,2.6,-0.56,0.06,0.54,-0.48,2.1,3.15,-1.05,0,4,-4,-2.19,48.4,51.26,44.77,1.08,0.98,171,13,17,25,15.74,25.51,10.11,6,6,19,2,14,93.4,41.6,52.07,58.68,83.46,28.96,0,Trabzonspor 4-0 Kayserispor,2025-10-03
Trabzonspor,3.91,2.1,1.81,2.6,2.04,0.56,0.54,0.06,0.48,3.15,2.1,1.05,4,0,4,2.19,51.6,48.74,44.23,0.98,1.08,171,18,25,17,25.51,15.74,8.71,6,6,14,6,15,131.1,58.4,36.67,41.32,204.71,71.04,3,Trabzonspor 4-0 Kayserispor,2025-10-03
Rizespor,2.38,1.78,0.6,2.38,1.19,1.19,0.0,0.59,-0.59,2.38,1.78,0.6,5,2,3,2.4,48.8,46.42,46.5,0.51,0.76,199,7,14,15,27.45,19.74,11.15,5,5,11,2,16,109.3,45.54,50.27,46.37,136.63,66.87,0,Antalyaspor 2-5 Rizespor,2025-10-03
Antalyaspor,1.78,2.38,-0.6,1.19,2.38,-1.19,0.59,0.0,0.59,1.78,2.38,-0.6,2,5,-3,-2.4,51.2,53.58,51.05,0.76,0.51,257,13,15,14,19.74,27.45,7.68,5,5,22,6,10,130.7,54.46,58.13,53.63,67.7,33.13,0,Antalyaspor 2-5 Rizespor,2025-10-03
Kocaelispor,0.69,3.17,-2.48,0.5,3.08,-2.58,0.19,0.09,0.1,0.69,3.17,-2.48,1,3,-2,0.48,57.7,59.76,44.83,0.49,0.81,204,10,6,14,12.24,17.28,8.26,9,8,22,6,14,86.6,48.84,35.67,31.96,48.03,23.21,1,Beşiktaş 3-1 Kocaelispor,2025-09-29
Beşiktaş,3.17,0.69,2.48,3.08,0.5,2.58,0.09,0.19,-0.1,3.17,0.69,2.48,3,1,2,-0.48,42.3,40.24,41.8,0.81,0.49,129,15,14,6,17.28,12.24,8.49,8,9,12,3,18,90.7,51.16,75.93,68.04,158.9,76.79,1,Beşiktaş 3-1 Kocaelispor,2025-09-29
Gençlerbirliği,0.17,3.31,-3.14,0.17,2.25,-2.08,0.0,1.05,-1.05,0.17,3.31,-3.14,1,1,0,3.14,28.4,16.34,31.61,0.19,1.11,32,1,2,23,10.53,20.72,13.83,1,7,4,0,16,1.8,0.61,70.2,88.86,11.1,5.72,0,Kayserispor 1-1 Gençlerbirliği,2025-09-28
Kayserispor,3.31,0.17,3.14,2.25,0.17,2.08,1.05,0.0,1.05,3.31,0.17,3.14,1,1,0,-3.14,71.6,83.66,54.57,1.11,0.19,297,20,23,2,20.72,10.53,5.03,7,1,51,10,16,291.9,99.39,8.8,11.14,182.8,94.28,0,Kayserispor 1-1 Gençlerbirliği,2025-09-28
Antalyaspor,0.28,2.78,-2.5,0.28,2.02,-1.74,0.0,0.0,0.0,0.28,2.02,-1.74,0,2,-2,0.5,33.9,21.07,37.32,0.09,0.97,100,1,4,19,44.44,19.59,12.69,5,19,4,3,14,16.5,5.48,113.07,92.02,22.47,9.4,0,Fenerbahçe 2-0 Antalyaspor,2025-09-28
Fenerbahçe,2.78,0.28,2.5,2.02,0.28,1.74,0.0,0.0,0.0,2.02,0.28,1.74,2,0,2,-0.5,66.1,78.93,54.79,0.97,0.09,374,11,19,4,19.59,44.44,4.45,19,5,30,5,19,284.5,94.52,9.8,7.98,216.47,90.6,1,Fenerbahçe 2-0 Antalyaspor,2025-09-28
Kasımpaşa,0.48,1.54,-1.06,0.36,1.38,-1.02,0.12,0.16,-0.04,0.48,1.54,-1.06,2,1,1,2.06,37.6,49.82,48.86,0.37,0.97,164,9,8,13,21.62,13.4,11.2,13,2,18,4,17,84.5,41.96,117.87,97.04,154.93,72.57,1,Rizespor 1-2 Kasımpaşa,2025-09-28
Rizespor,1.54,0.48,1.06,1.38,0.36,1.02,0.16,0.12,0.04,1.54,0.48,1.06,1,2,-1,-2.06,62.4,50.18,41.82,0.97,0.37,173,8,13,8,13.4,21.62,8.86,2,13,15,1,8,116.9,58.04,3.6,2.96,58.57,27.43,2,Rizespor 1-2 Kasımpaşa,2025-09-28
İstanbul Başakşehir,2.3,1.7,0.6,1.88,1.64,0.24,0.42,0.06,0.36,2.3,1.7,0.6,1,2,-1,-1.6,69.8,66.85,54.94,1.64,0.77,378,30,17,14,10.37,18.18,7.31,5,4,35,11,7,201.7,76.78,15.73,10.29,103.63,52.78,2,Konyaspor 2-1 İstanbul Başakşehir,2025-09-28
Konyaspor,1.7,2.3,-0.6,1.64,1.88,-0.24,0.06,0.42,-0.36,1.7,2.3,-0.6,2,1,1,1.6,30.2,33.15,49.57,0.77,1.64,121,9,14,17,18.18,10.37,13.84,4,5,11,2,15,61.0,23.22,137.13,89.71,92.73,47.22,0,Konyaspor 2-1 İstanbul Başakşehir,2025-09-28
Trabzonspor,3.02,1.75,1.27,1.92,1.67,0.25,0.34,0.08,0.26,2.26,1.75,0.51,4,3,1,-0.27,55.8,55.43,45.57,1.07,0.69,216,17,22,13,20.56,18.84,8.43,3,7,17,7,13,129.6,66.12,17.4,19.61,118.03,66.8,1,Fatih Karagümrük 3-4 Trabzonspor,2025-09-27
Fatih Karagümrük,1.75,3.02,-1.27,1.67,1.92,-0.25,0.08,0.34,-0.26,1.75,2.26,-0.51,3,4,-1,0.27,44.2,44.57,44.56,0.69,1.07,135,12,13,22,18.84,20.56,8.84,7,3,10,1,18,66.4,33.88,71.33,80.39,58.67,33.2,0,Fatih Karagümrük 3-4 Trabzonspor,2025-09-27
Samsunspor,0.74,3.06,-2.32,0.2,1.88,-1.68,0.54,1.18,-0.64,0.74,3.06,-2.32,2,2,0,2.32,30.0,32.48,48.99,0.17,1.7,123,4,9,30,52.94,17.65,13.67,3,6,9,7,22,31.4,10.79,141.0,98.46,95.33,43.32,0,Gaziantep FK 2-2 Samsunspor,2025-09-27
Gaziantep FK,3.06,0.74,2.32,1.88,0.2,1.68,1.18,0.54,0.64,3.06,0.74,2.32,2,2,0,-2.32,70.0,67.52,49.34,1.7,0.17,282,22,30,9,17.65,52.94,6.48,6,3,31,13,4,259.6,89.21,2.2,1.54,124.73,56.68,2,Gaziantep FK 2-2 Samsunspor,2025-09-27
Göztepe,2.01,0.6,1.41,1.95,0.26,1.69,0.06,0.34,-0.28,2.01,0.6,1.41,0,0,0,-1.41,42.4,51.39,53.98,0.51,0.44,186,13,16,6,31.37,13.64,9.16,4,5,20,3,19,111.8,60.5,71.2,82.03,139.8,75.49,6,Eyüpspor 0-0 Göztepe,2025-09-27
Eyüpspor,0.6,2.01,-1.41,0.26,1.95,-1.69,0.34,0.06,0.28,0.6,2.01,-1.41,0,0,0,1.41,57.6,48.61,45.57,0.44,0.51,180,8,6,16,13.64,31.37,7.6,5,4,21,6,6,73.0,39.5,15.6,17.97,45.4,24.51,0,Eyüpspor 0-0 Göztepe,2025-09-27
Galatasaray,0.96,3.09,-2.13,0.96,2.81,-1.85,0.0,0.28,-0.28,0.96,3.09,-2.13,1,0,1,3.13,53.2,37.54,39.85,0.78,1.01,157,5,7,22,8.97,21.78,11.26,6,4,5,0,16,47.1,20.77,32.07,21.28,41.17,15.98,1,Alanyaspor 0-1 Galatasaray,2025-09-26
Alanyaspor,3.09,0.96,2.13,2.81,0.96,1.85,0.28,0.0,0.28,3.09,0.96,2.13,0,1,-1,-3.13,46.8,62.46,47.77,1.01,0.78,229,15,22,7,21.78,8.97,15.72,4,6,24,6,14,179.7,79.23,118.6,78.72,216.4,84.02,2,Alanyaspor 0-1 Galatasaray,2025-09-26
Beşiktaş,3.21,0.77,2.44,3.16,0.77,2.39,0.05,0.0,0.05,3.21,0.77,2.44,4,0,4,1.56,49.6,45.1,42.7,0.43,0.83,148,11,13,6,30.23,7.23,8.05,3,4,15,5,14,94.8,54.86,42.73,54.88,160.33,92.27,1,Kayserispor 0-4 Beşiktaş,2025-09-24
Kayserispor,0.77,3.21,-2.44,0.77,3.16,-2.39,0.0,0.05,-0.05,0.77,3.21,-2.44,0,4,-4,-1.56,50.4,54.9,45.54,0.83,0.43,185,11,6,13,7.23,30.23,8.48,4,3,19,4,17,78.0,45.14,35.13,45.12,13.43,7.73,0,Kayserispor 0-4 Beşiktaş,2025-09-24
Konyaspor,1.45,1.93,-0.48,1.3,1.93,-0.63,0.14,0.0,0.14,1.45,1.93,-0.48,1,3,-2,-1.52,47.6,56.21,47.37,0.7,0.58,197,12,14,13,20.0,22.41,13.55,4,4,21,6,7,94.7,56.67,64.6,66.41,66.71,39.95,1,Galatasaray 3-1 Konyaspor,2025-09-22
Galatasaray,1.93,1.45,0.48,1.93,1.3,0.63,0.0,0.14,-0.14,1.93,1.45,0.48,3,1,2,1.52,52.4,43.79,44.18,0.58,0.7,194,11,13,14,22.41,20.0,9.28,4,4,16,4,19,72.4,43.33,32.67,33.59,100.28,60.05,2,Galatasaray 3-1 Konyaspor,2025-09-22
Fatih Karagümrük,0.99,2.57,-1.58,0.81,2.5,-1.69,0.17,0.06,0.11,0.99,2.57,-1.58,2,3,-1,0.58,51.2,59.45,52.25,0.6,1.1,215,12,12,15,20.0,13.64,9.7,2,1,17,5,9,81.9,62.33,51.27,63.82,97.6,63.13,1,Samsunspor 3-2 Fatih Karagümrük,2025-09-21
Samsunspor,2.57,0.99,1.58,2.5,0.81,1.69,0.06,0.17,-0.11,2.57,0.99,1.58,3,2,1,-0.58,48.8,40.55,44.13,1.1,0.6,148,12,15,12,13.64,20.0,8.37,1,2,15,6,16,49.5,37.67,29.07,36.18,57.0,36.87,1,Samsunspor 3-2 Fatih Karagümrük,2025-09-21
Fenerbahçe,1.03,1.93,-0.9,0.98,1.65,-0.67,0.05,0.28,-0.23,1.03,1.93,-0.9,1,1,0,0.9,65.5,58.67,46.8,0.32,0.85,277,11,9,17,28.12,20.0,9.35,5,7,18,8,15,90.9,50.67,25.73,13.52,46.4,22.82,0,Kasımpaşa 1-1 Fenerbahçe,2025-09-21
Kasımpaşa,1.93,1.03,0.9,1.65,0.98,0.67,0.28,0.05,0.23,1.93,1.03,0.9,1,1,0,-0.9,34.5,41.33,45.35,0.85,0.32,130,10,17,9,20.0,28.12,14.24,7,5,15,5,11,88.5,49.33,164.6,86.48,156.97,77.18,0,Kasımpaşa 1-1 Fenerbahçe,2025-09-21
Rizespor,0.39,1.69,-1.3,0.33,0.89,-0.56,0.05,0.05,0.0,0.39,0.93,-0.54,1,1,0,1.3,41.5,30.93,42.26,0.16,0.62,109,3,8,16,50.0,25.81,8.66,1,11,7,3,19,14.3,8.37,48.73,63.57,8.5,6.34,3,Kocaelispor 1-1 Rizespor,2025-09-21
Kocaelispor,1.69,0.39,1.3,0.89,0.33,0.56,0.05,0.05,0.0,0.93,0.39,0.54,1,1,0,-1.3,58.5,69.07,51.46,0.62,0.16,244,14,16,8,25.81,50.0,6.65,11,1,39,8,11,156.6,91.63,27.93,36.43,125.5,93.66,7,Kocaelispor 1-1 Rizespor,2025-09-21
Alanyaspor,1.4,1.96,-0.56,1.11,1.76,-0.65,0.28,0.19,0.09,1.4,1.96,-0.56,1,1,0,0.56,47.1,39.13,41.87,0.18,1.09,147,13,13,13,72.22,11.93,11.27,2,2,13,4,14,81.0,40.24,56.47,52.06,77.67,40.0,0,İstanbul Başakşehir 1-1 Alanyaspor,2025-09-21
İstanbul Başakşehir,1.96,1.4,0.56,1.76,1.11,0.65,0.19,0.28,-0.09,1.96,1.4,0.56,1,1,0,-0.56,52.9,60.87,47.32,1.09,0.18,203,12,13,13,11.93,72.22,8.09,2,2,27,7,21,120.3,59.76,52.0,47.94,116.5,60.0,0,İstanbul Başakşehir 1-1 Alanyaspor,2025-09-21
Gaziantep FK,0.24,3.15,-2.91,0.22,2.98,-2.76,0.02,0.17,-0.15,0.24,3.15,-2.91,1,1,0,2.91,50.2,36.74,42.25,0.25,1.08,169,4,4,27,16.0,25.0,11.92,1,11,13,5,17,30.8,12.71,28.6,37.14,35.7,14.49,2,Trabzonspor 1-1 Gaziantep FK,2025-09-20
Trabzonspor,3.15,0.24,2.91,2.98,0.22,2.76,0.17,0.02,0.15,3.15,0.24,2.91,1,1,0,-2.91,49.8,63.26,52.06,1.08,0.25,255,16,27,4,25.0,16.0,7.25,11,1,26,4,12,211.5,87.29,48.4,62.86,210.7,85.51,3,Trabzonspor 1-1 Gaziantep FK,2025-09-20
Kayserispor,1.31,1.11,0.2,1.0,0.9,0.1,0.31,0.21,0.1,1.31,1.11,0.2,1,1,0,-0.2,47.5,52.27,47.41,0.73,0.56,188,13,14,13,19.18,23.21,8.81,6,2,23,4,18,94.4,54.53,86.73,66.75,127.13,61.11,3,Antalyaspor 1-1 Kayserispor,2025-09-20
Antalyaspor,1.11,1.31,-0.2,0.9,1.0,-0.1,0.21,0.31,-0.1,1.11,1.31,-0.2,1,1,0,0.2,52.5,47.73,42.24,0.56,0.73,152,14,13,14,23.21,19.18,9.73,2,6,20,10,12,78.7,45.47,43.2,33.25,80.9,38.89,0,Antalyaspor 1-1 Kayserispor,2025-09-20
Eyüpspor,1.97,1.58,0.39,1.97,1.44,0.53,0.0,0.14,-0.14,1.97,1.58,0.39,0,1,-1,-1.39,65.4,71.37,52.88,0.82,0.59,256,25,20,11,24.39,18.64,5.0,2,5,26,4,14,175.8,86.6,9.53,11.19,125.97,69.61,1,Gençlerbirliği 1-0 Eyüpspor,2025-09-20
Gençlerbirliği,1.58,1.97,-0.39,1.44,1.97,-0.53,0.14,0.0,0.14,1.58,1.97,-0.39,1,0,1,1.39,34.6,28.63,42.58,0.59,0.82,85,10,11,20,18.64,24.39,8.95,5,2,9,2,18,27.2,13.4,75.67,88.81,55.0,30.39,0,Gençlerbirliği 1-0 Eyüpspor,2025-09-20
Beşiktaş,1.3,3.26,-1.96,1.11,3.21,-2.1,0.2,0.06,0.14,1.3,3.26,-1.96,0,3,-3,-1.04,68.8,59.72,46.83,0.74,0.76,229,15,13,13,17.57,17.11,4.45,4,6,27,5,12,114.8,70.78,0.93,0.84,46.26,25.33,1,Göztepe 3-0 Beşiktaş,2025-09-19
Göztepe,3.26,1.3,1.96,3.21,1.11,2.1,0.06,0.2,-0.14,3.26,1.3,1.96,3,0,3,1.04,31.2,40.28,47.04,0.76,0.74,95,10,13,13,17.11,17.57,11.16,6,4,14,6,16,47.4,29.22,110.2,99.16,136.38,74.67,2,Göztepe 3-0 Beşiktaş,2025-09-19
Kasımpaşa,1.16,1.16,0.0,1.04,1.07,-0.03,0.12,0.09,0.03,1.16,1.16,0.0,0,0,0,0.0,40.1,51.19,51.26,0.62,0.78,191,16,17,10,27.42,12.82,11.72,4,2,19,4,15,111.2,54.51,84.6,93.24,153.93,72.95,0,Samsunspor 0-0 Kasımpaşa,2025-09-17
Samsunspor,1.16,1.16,0.0,1.07,1.04,0.03,0.09,0.12,-0.03,1.16,1.16,0.0,0,0,0,0.0,59.9,48.81,47.26,0.78,0.62,248,10,10,17,12.82,27.42,10.96,2,4,22,5,15,92.8,45.49,6.13,6.76,57.07,27.05,0,Samsunspor 0-0 Kasımpaşa,2025-09-17
Alanyaspor,0.77,3.61,-2.84,0.77,2.3,-1.53,0.0,0.55,-0.55,0.77,2.85,-2.08,2,2,0,2.84,38.4,27.53,40.68,0.42,1.45,113,4,5,19,11.9,13.1,17.65,2,7,13,0,11,40.4,15.95,68.93,72.71,48.43,27.24,0,Fenerbahçe 2-2 Alanyaspor,2025-09-17
Fenerbahçe,3.61,0.77,2.84,2.3,0.77,1.53,0.55,0.0,0.55,2.85,0.77,2.08,2,2,0,-2.84,61.6,72.47,51.48,1.45,0.42,350,18,19,5,13.1,11.9,9.49,7,2,26,8,10,212.9,84.05,25.87,27.29,129.37,72.76,0,Fenerbahçe 2-2 Alanyaspor,2025-09-17
İstanbul Başakşehir,0.27,0.99,-0.72,0.27,0.99,-0.72,0.0,0.0,0.0,0.27,0.99,-0.72,2,0,2,2.72,51.9,55.45,41.02,0.49,0.33,155,6,5,6,10.2,18.18,9.1,4,0,10,4,16,48.0,49.13,46.2,45.68,56.13,46.12,0,Fatih Karagümrük 0-2 İstanbul Başakşehir,2025-09-17
Fatih Karagümrük,0.99,0.27,0.72,0.99,0.27,0.72,0.0,0.0,0.0,0.99,0.27,0.72,0,2,-2,-2.72,48.1,44.55,39.83,0.33,0.49,119,9,6,5,18.18,10.2,11.44,0,4,8,3,14,49.7,50.87,54.93,54.32,65.57,53.88,0,Fatih Karagümrük 0-2 İstanbul Başakşehir,2025-09-17
Gençlerbirliği,1.2,2.27,-1.07,0.44,1.79,-1.35,0.0,0.47,-0.47,0.44,2.27,-1.83,0,1,-1,0.07,51.9,56.25,50.59,0.41,0.65,221,5,15,15,36.59,23.08,7.33,6,3,19,7,14,71.7,43.43,52.47,69.4,75.63,52.22,1,Rizespor 1-0 Gençlerbirliği,2025-09-15
Rizespor,2.27,1.2,1.07,1.79,0.44,1.35,0.47,0.0,0.47,2.27,0.44,1.83,1,0,1,-0.07,48.1,43.75,45.14,0.65,0.41,146,16,15,15,23.08,36.59,8.47,3,6,18,4,22,93.4,56.57,23.13,30.6,69.2,47.78,0,Rizespor 1-0 Gençlerbirliği,2025-09-15
Trabzonspor,0.13,3.09,-2.96,0.13,2.73,-2.6,0.0,0.36,-0.36,0.13,3.09,-2.96,0,1,-1,1.96,27.8,15.29,36.96,0.12,1.51,68,3,1,29,8.33,19.21,13.63,1,19,6,0,18,5.0,1.11,120.4,94.86,9.23,2.19,3,Fenerbahçe 1-0 Trabzonspor,2025-09-14
Fenerbahçe,3.09,0.13,2.96,2.73,0.13,2.6,0.36,0.0,0.36,3.09,0.13,2.96,1,0,1,-1.96,72.2,84.71,58.78,1.51,0.12,463,27,29,1,19.21,8.33,4.34,19,1,32,9,12,443.7,98.89,6.53,5.14,411.37,97.81,1,Fenerbahçe 1-0 Trabzonspor,2025-09-14
Kocaelispor,0.2,1.97,-1.77,0.2,1.82,-1.62,0.0,0.15,-0.15,0.2,1.97,-1.77,0,2,-2,-0.23,52.2,43.5,39.75,0.23,1.16,125,4,3,14,13.04,12.07,6.2,8,3,17,6,20,14.9,12.02,24.87,34.73,14.8,9.43,1,Gaziantep FK 2-0 Kocaelispor,2025-09-14
Gaziantep FK,1.97,0.2,1.77,1.82,0.2,1.62,0.15,0.0,0.15,1.97,0.2,1.77,2,0,2,0.23,47.8,56.5,45.89,1.16,0.23,146,9,14,3,12.07,13.04,7.45,3,8,8,3,20,109.1,87.98,46.73,65.27,142.2,90.57,2,Gaziantep FK 2-0 Kocaelispor,2025-09-14
Göztepe,0.88,0.93,-0.05,0.66,0.93,-0.27,0.22,0.0,0.22,0.88,0.93,-0.05,1,1,0,0.05,46.8,52.85,52.42,0.52,0.55,193,9,13,8,25.0,14.55,8.32,5,1,17,7,17,106.8,61.52,53.53,66.91,115.27,69.66,7,Kayserispor 1-1 Göztepe,2025-09-14
Kayserispor,0.93,0.88,0.05,0.93,0.66,0.27,0.0,0.22,-0.22,0.93,0.88,0.05,1,1,0,-0.05,53.2,47.15,45.16,0.55,0.52,146,5,8,13,14.55,25.0,9.44,1,5,22,3,12,66.8,38.48,26.47,33.09,50.2,30.34,2,Kayserispor 1-1 Göztepe,2025-09-14
İstanbul Başakşehir,0.96,2.45,-1.49,0.59,2.25,-1.66,0.37,0.19,0.18,0.96,2.45,-1.49,1,2,-1,0.49,46.4,37.46,44.92,0.61,1.37,161,10,11,21,18.03,15.33,14.81,4,14,13,5,7,53.9,22.89,55.0,48.56,37.37,18.27,1,Beşiktaş 2-1 İstanbul Başakşehir,2025-09-13
Beşiktaş,2.45,0.96,1.49,2.25,0.59,1.66,0.19,0.37,-0.18,2.45,0.96,1.49,2,1,1,-0.49,53.6,62.54,53.11,1.37,0.61,272,24,21,11,15.33,18.03,9.03,14,4,17,10,12,181.6,77.11,58.27,51.44,167.13,81.73,2,Beşiktaş 2-1 İstanbul Başakşehir,2025-09-13
Alanyaspor,1.18,1.54,-0.36,1.18,1.28,-0.1,0.0,0.27,-0.27,1.18,1.54,-0.36,2,1,1,1.36,34.0,29.87,44.27,0.34,0.48,106,7,7,13,20.59,27.08,20.17,0,5,2,1,11,27.9,18.94,106.87,86.28,66.33,56.94,1,Konyaspor 1-2 Alanyaspor,2025-09-13
Konyaspor,1.54,1.18,0.36,1.28,1.18,0.1,0.27,0.0,0.27,1.54,1.18,0.36,1,2,-1,-1.36,66.0,70.13,47.98,0.48,0.34,264,13,13,7,27.08,20.59,7.35,5,0,30,6,17,119.4,81.06,17.0,13.72,50.17,43.06,0,Konyaspor 1-2 Alanyaspor,2025-09-13
Kasımpaşa,0.9,1.29,-0.39,0.87,0.73,0.14,0.02,0.56,-0.54,0.9,1.29,-0.39,1,0,1,1.39,29.2,34.8,48.73,0.63,0.71,120,11,9,14,14.29,19.72,17.0,1,4,13,4,17,57.4,24.34,138.8,98.53,103.07,43.8,1,Fatih Karagümrük 0-1 Kasımpaşa,2025-09-13
Fatih Karagümrük,1.29,0.9,0.39,0.73,0.87,-0.14,0.56,0.02,0.54,1.29,0.9,0.39,0,1,-1,-1.39,70.8,65.2,47.99,0.71,0.63,298,15,14,9,19.72,14.29,6.86,4,1,28,6,8,178.4,75.66,2.07,1.47,132.23,56.2,3,Fatih Karagümrük 0-1 Kasımpaşa,2025-09-13
Antalyaspor,0.64,1.97,-1.33,0.57,1.85,-1.28,0.07,0.11,-0.04,0.64,1.97,-1.33,2,1,1,2.33,37.2,24.75,37.48,-0.0,0.82,92,3,6,16,-inf,19.51,26.87,3,10,3,2,10,14.4,6.57,70.53,55.6,42.5,20.97,0,Samsunspor 1-2 Antalyaspor,2025-09-13
Samsunspor,1.97,0.64,1.33,1.85,0.57,1.28,0.11,0.07,0.04,1.97,0.64,1.33,1,2,-1,-2.33,62.8,75.25,51.67,0.82,-0.0,295,20,16,6,19.51,-inf,9.03,10,3,25,6,13,204.9,93.43,56.33,44.4,160.2,79.03,1,Samsunspor 1-2 Antalyaspor,2025-09-13
Galatasaray,3.34,0.72,2.62,3.34,0.63,2.71,0.0,0.09,-0.09,3.34,0.72,2.62,2,0,2,-0.62,64.5,79.44,55.23,1.34,0.22,393,22,21,9,15.67,40.91,6.46,13,1,19,6,12,262.6,92.99,17.8,20.67,226.67,87.49,1,Eyüpspor 0-2 Galatasaray,2025-09-13
Eyüpspor,0.72,3.34,-2.62,0.63,3.34,-2.71,0.09,0.0,0.09,0.72,3.34,-2.62,0,2,-2,0.62,35.5,20.56,34.19,0.22,1.34,70,7,9,21,40.91,15.67,18.43,1,13,13,6,9,19.8,7.01,68.33,79.33,32.4,12.51,0,Eyüpspor 0-2 Galatasaray,2025-09-13
Beşiktaş,2.45,1.61,0.84,2.06,0.85,1.21,0.39,0.0,0.39,2.45,0.85,1.6,0,2,-2,-2.84,62.8,64.94,48.44,1.46,0.42,284,17,15,9,10.27,21.43,7.34,6,3,23,6,18,186.9,76.47,6.53,4.82,103.1,47.06,0,Alanyaspor 2-0 Beşiktaş,2025-08-31
Alanyaspor,1.61,2.45,-0.84,0.85,2.06,-1.21,0.0,0.39,-0.39,0.85,2.45,-1.6,2,0,2,2.84,37.2,35.06,45.37,0.42,1.46,148,9,9,15,21.43,10.27,15.77,3,6,13,2,7,57.5,23.53,129.07,95.18,115.97,52.94,1,Alanyaspor 2-0 Beşiktaş,2025-08-31
Samsunspor,1.16,0.83,0.33,1.11,0.83,0.28,0.05,0.0,0.05,1.16,0.83,0.33,1,1,0,-0.33,44.8,48.15,48.27,0.86,0.68,172,11,13,9,15.12,13.24,12.55,5,6,22,10,13,104.6,45.74,58.07,66.24,106.73,45.81,0,Trabzonspor 1-1 Samsunspor,2025-08-31
Trabzonspor,0.83,1.16,-0.33,0.83,1.11,-0.28,0.0,0.05,-0.05,0.83,1.16,-0.33,1,1,0,0.33,55.2,51.85,49.49,0.68,0.86,236,15,9,13,13.24,15.12,10.7,6,5,11,2,7,124.1,54.26,29.6,33.76,126.27,54.19,5,Trabzonspor 1-1 Samsunspor,2025-08-31
Fenerbahçe,2.33,0.94,1.39,2.23,0.46,1.77,0.1,0.48,-0.38,2.33,0.94,1.39,3,1,2,0.61,61.4,66.27,46.5,1.08,0.34,239,22,14,9,12.96,26.47,9.97,5,3,18,3,15,142.6,73.89,34.73,30.56,128.9,62.18,0,Gençlerbirliği 1-3 Fenerbahçe,2025-08-31
Gençlerbirliği,0.94,2.33,-1.39,0.46,2.23,-1.77,0.48,0.1,0.38,0.94,2.33,-1.39,1,3,-2,-0.61,38.6,33.73,38.57,0.34,1.08,111,7,9,14,26.47,12.96,21.78,3,5,7,3,9,50.4,26.11,78.93,69.44,78.4,37.82,1,Gençlerbirliği 1-3 Fenerbahçe,2025-08-31
Eyüpspor,0.71,1.51,-0.8,0.6,1.51,-0.91,0.11,0.0,0.11,0.71,1.51,-0.8,0,0,0,0.8,49.0,43.08,42.81,0.4,0.48,152,6,12,10,30.0,20.83,10.16,3,4,17,4,11,65.7,40.81,54.8,54.3,78.73,44.13,0,İstanbul Başakşehir 0-0 Eyüpspor,2025-08-31
İstanbul Başakşehir,1.51,0.71,0.8,1.51,0.6,0.91,0.0,0.11,-0.11,1.51,0.71,0.8,0,0,0,-0.8,51.0,56.92,46.22,0.48,0.4,181,11,10,12,20.83,30.0,9.28,4,3,22,5,21,95.3,59.19,46.13,45.7,99.67,55.87,3,İstanbul Başakşehir 0-0 Eyüpspor,2025-08-31
Rizespor,1.51,2.39,-0.88,1.12,2.21,-1.09,0.39,0.18,0.21,1.51,2.39,-0.88,1,3,-2,-1.12,35.9,27.27,42.09,0.28,1.16,107,5,9,16,32.14,13.79,18.96,4,7,9,2,9,30.8,12.59,83.2,74.95,35.27,14.27,1,Galatasaray 3-1 Rizespor,2025-08-30
Galatasaray,2.39,1.51,0.88,2.21,1.12,1.09,0.18,0.39,-0.21,2.39,1.51,0.88,3,1,2,1.12,64.1,72.73,51.0,1.16,0.28,298,16,16,9,13.79,32.14,7.42,7,4,29,5,11,213.9,87.41,27.8,25.05,211.83,85.73,1,Galatasaray 3-1 Rizespor,2025-08-30
Fatih Karagümrük,1.57,1.32,0.25,1.26,1.17,0.09,0.31,0.15,0.16,1.57,1.32,0.25,2,1,1,0.75,51.5,52.59,45.56,0.8,0.45,177,11,17,9,21.25,20.0,10.61,1,2,13,4,14,93.7,65.62,22.93,31.5,79.43,51.81,2,Antalyaspor 1-2 Fatih Karagümrük,2025-08-30
Antalyaspor,1.32,1.57,-0.25,1.17,1.26,-0.09,0.15,0.31,-0.16,1.32,1.57,-0.25,1,2,-1,-0.75,48.5,47.41,44.11,0.45,0.8,158,10,9,17,20.0,21.25,9.03,2,1,21,7,15,49.1,34.38,49.87,68.5,73.87,48.19,0,Antalyaspor 1-2 Fatih Karagümrük,2025-08-30
Kayserispor,0.83,1.63,-0.8,0.76,1.58,-0.82,0.07,0.05,0.02,0.83,1.63,-0.8,1,1,0,0.8,56.0,57.19,49.58,0.31,0.89,241,5,12,10,38.71,11.24,10.17,3,1,20,7,13,110.4,67.56,43.47,40.35,83.6,65.93,0,Kocaelispor 1-1 Kayserispor,2025-08-30
Kocaelispor,1.63,0.83,0.8,1.58,0.76,0.82,0.05,0.07,-0.02,1.63,0.83,0.8,1,1,0,-0.8,44.0,42.81,42.95,0.89,0.31,144,12,10,12,11.24,38.71,13.58,1,3,12,4,12,53.0,32.44,64.27,59.65,43.2,34.07,5,Kocaelispor 1-1 Kayserispor,2025-08-30
Gaziantep FK,1.74,2.35,-0.61,1.33,1.53,-0.2,0.41,0.06,0.35,1.74,1.59,0.15,3,2,1,1.61,39.1,28.32,38.22,0.28,1.01,78,5,9,20,32.14,19.8,15.04,0,8,8,4,18,25.0,10.98,43.53,75.23,44.87,29.65,0,Kasımpaşa 2-3 Gaziantep FK,2025-08-30
Kasımpaşa,2.35,1.74,0.61,1.53,1.33,0.2,0.06,0.41,-0.35,1.59,1.74,-0.15,2,3,-1,-1.61,60.9,71.68,52.64,1.01,0.28,282,21,20,9,19.8,32.14,6.11,8,0,43,3,15,202.7,89.02,14.33,24.77,106.47,70.35,1,Kasımpaşa 2-3 Gaziantep FK,2025-08-30
Konyaspor,0.84,2.82,-1.98,0.75,2.43,-1.68,0.09,0.39,-0.3,0.84,2.82,-1.98,1,1,0,1.98,65.0,50.33,45.4,0.44,0.98,201,5,10,18,22.73,18.37,7.24,3,5,24,6,4,70.2,37.62,3.2,3.02,41.33,17.09,0,Göztepe 1-1 Konyaspor,2025-08-29
Göztepe,2.82,0.84,1.98,2.43,0.75,1.68,0.39,0.09,0.3,2.82,0.84,1.98,1,1,0,-1.98,35.0,49.67,56.12,0.98,0.44,174,19,18,10,18.37,22.73,11.05,5,3,15,5,17,116.4,62.38,102.73,96.98,200.57,82.91,10,Göztepe 1-1 Konyaspor,2025-08-29
Alanyaspor,1.77,0.53,1.24,0.93,0.53,0.4,0.08,0.0,0.08,1.01,0.53,0.48,1,2,-1,-2.24,56.7,72.22,46.2,1.06,0.36,218,17,12,5,11.32,13.89,10.47,2,6,22,5,18,150.0,84.13,50.07,42.03,139.97,74.08,1,Eyüpspor 2-1 Alanyaspor,2025-08-25
Eyüpspor,0.53,1.77,-1.24,0.53,0.93,-0.4,0.0,0.08,-0.08,0.53,1.01,-0.48,2,1,1,2.24,43.3,27.78,34.0,0.36,1.06,83,6,5,12,13.89,11.32,10.72,6,2,5,0,19,28.3,15.87,69.07,57.97,48.97,25.92,0,Eyüpspor 2-1 Alanyaspor,2025-08-25
Galatasaray,3.42,0.88,2.54,3.35,0.45,2.9,0.07,0.43,-0.36,3.42,0.88,2.54,4,0,4,1.46,64.9,60.36,48.43,1.72,0.54,266,22,19,8,11.05,14.81,13.0,6,3,19,3,8,172.3,82.01,12.0,9.33,124.07,77.38,3,Kayserispor 0-4 Galatasaray,2025-08-24
Kayserispor,0.88,3.42,-2.54,0.45,3.35,-2.9,0.43,0.07,0.36,0.88,3.42,-2.54,0,4,-4,-1.46,35.1,39.64,48.99,0.54,1.72,138,13,8,19,14.81,11.05,20.67,3,6,28,6,5,37.8,17.99,116.6,90.67,36.27,22.62,1,Kayserispor 0-4 Galatasaray,2025-08-24
Antalyaspor,0.75,2.25,-1.5,0.5,2.04,-1.54,0.26,0.21,0.05,0.75,2.25,-1.5,0,1,-1,0.5,50.6,46.82,39.43,0.65,0.35,144,6,7,17,10.77,48.57,12.4,4,2,14,5,13,53.6,35.03,38.13,37.41,39.77,23.83,1,Trabzonspor 1-0 Antalyaspor,2025-08-24
Trabzonspor,2.25,0.75,1.5,2.04,0.5,1.54,0.21,0.26,-0.05,2.25,0.75,1.5,1,0,1,-0.5,49.4,53.18,44.84,0.35,0.65,171,14,17,7,48.57,10.77,16.62,2,4,13,5,12,99.4,64.97,63.8,62.59,127.13,76.17,7,Trabzonspor 1-0 Antalyaspor,2025-08-24
Kocaelispor,0.32,2.43,-2.11,0.32,2.12,-1.8,0.0,0.3,-0.3,0.32,2.43,-2.11,1,3,-2,0.11,43.2,36.16,42.45,0.26,1.38,122,2,7,21,26.92,15.22,14.87,2,5,9,0,15,39.1,20.49,55.13,54.26,21.43,12.02,0,Fenerbahçe 3-1 Kocaelispor,2025-08-23
Fenerbahçe,2.43,0.32,2.11,2.12,0.32,1.8,0.3,0.0,0.3,2.43,0.32,2.11,3,1,2,-0.11,56.8,63.84,49.23,1.38,0.26,218,15,21,7,15.22,26.92,7.05,5,2,20,6,12,151.7,79.51,46.47,45.74,156.9,87.98,1,Fenerbahçe 3-1 Kocaelispor,2025-08-23
Gençlerbirliği,0.73,3.46,-2.73,0.47,2.49,-2.02,0.25,0.22,0.03,0.73,2.7,-1.97,1,2,-1,1.73,29.0,32.57,44.18,0.43,1.34,81,10,7,25,16.28,18.66,18.04,0,2,7,4,18,31.2,14.93,119.8,95.89,68.33,45.68,1,Gaziantep FK 2-1 Gençlerbirliği,2025-08-23
Gaziantep FK,3.46,0.73,2.73,2.49,0.47,2.02,0.22,0.25,-0.03,2.7,0.73,1.97,2,1,1,-1.73,71.0,67.43,49.51,1.34,0.43,277,13,25,7,18.66,16.28,4.84,2,0,28,10,12,177.8,85.07,5.13,4.11,81.27,54.32,0,Gaziantep FK 2-1 Gençlerbirliği,2025-08-23
Göztepe,1.86,0.35,1.51,1.55,0.35,1.2,0.31,0.0,0.31,1.86,0.35,1.51,2,0,2,0.49,36.4,53.4,55.61,0.93,0.37,161,10,16,11,17.2,29.73,8.46,7,2,26,6,19,104.5,55.59,107.27,96.99,191.33,85.14,4,Fatih Karagümrük 0-2 Göztepe,2025-08-22
Fatih Karagümrük,0.35,1.86,-1.51,0.35,1.55,-1.2,0.0,0.31,-0.31,0.35,1.86,-1.51,0,2,-2,-0.49,63.6,46.6,46.0,0.37,0.93,208,5,11,16,29.73,17.2,5.71,2,7,12,4,13,83.5,44.41,3.33,3.01,33.4,14.86,0,Fatih Karagümrük 0-2 Göztepe,2025-08-22
Trabzonspor,1.38,0.3,1.08,1.12,0.22,0.9,0.26,0.09,0.17,1.38,0.3,1.08,1,0,1,-0.08,55.9,49.36,41.39,0.39,0.62,152,10,11,8,28.21,12.9,7.28,3,4,11,4,13,95.3,55.31,37.33,32.42,103.7,45.85,0,Kasımpaşa 0-1 Trabzonspor,2025-08-18
Kasımpaşa,0.3,1.38,-1.08,0.22,1.12,-0.9,0.09,0.26,-0.17,0.3,1.38,-1.08,0,1,-1,0.08,44.1,50.64,42.72,0.62,0.39,128,6,8,11,12.9,28.21,8.39,4,3,15,6,24,77.0,44.69,77.8,67.58,122.47,54.15,1,Kasımpaşa 0-1 Trabzonspor,2025-08-18
Kayserispor,0.76,1.49,-0.73,0.65,1.16,-0.51,0.11,0.32,-0.21,0.76,1.49,-0.73,1,1,0,0.73,42.9,57.92,48.9,0.69,1.11,186,12,9,13,13.04,11.71,12.69,6,3,23,7,13,98.2,57.97,99.47,80.13,126.17,78.59,1,İstanbul Başakşehir 1-1 Kayserispor,2025-08-17
İstanbul Başakşehir,1.49,0.76,0.73,1.16,0.65,0.51,0.32,0.11,0.21,1.49,0.76,0.73,1,1,0,-0.73,57.1,42.08,43.09,1.11,0.69,174,17,13,9,11.71,13.04,8.31,3,6,13,5,12,71.2,42.03,24.67,19.87,34.37,21.41,1,İstanbul Başakşehir 1-1 Kayserispor,2025-08-17
Eyüpspor,1.36,3.29,-1.93,1.07,2.36,-1.29,0.3,0.17,0.13,1.36,2.53,-1.17,1,2,-1,0.93,46.6,37.7,42.9,0.41,0.86,143,7,11,18,26.83,20.93,11.07,6,9,18,3,10,45.4,20.48,60.93,54.83,58.1,24.17,0,Beşiktaş 2-1 Eyüpspor,2025-08-17
Beşiktaş,3.29,1.36,1.93,2.36,1.07,1.29,0.17,0.3,-0.13,2.53,1.36,1.17,2,1,1,-0.93,53.4,62.3,52.87,0.86,0.41,265,24,18,11,20.93,26.83,9.47,9,6,17,10,14,176.3,79.52,50.2,45.17,182.27,75.83,0,Beşiktaş 2-1 Eyüpspor,2025-08-17
Antalyaspor,1.09,1.78,-0.69,1.09,1.1,-0.01,0.0,0.68,-0.68,1.09,1.78,-0.69,1,0,1,1.69,54.0,48.37,43.23,0.34,1.05,164,10,8,14,23.53,13.33,20.24,3,4,11,3,9,61.7,41.75,42.93,46.46,64.0,41.47,0,Gençlerbirliği 0-1 Antalyaspor,2025-08-17
Gençlerbirliği,1.78,1.09,0.69,1.1,1.09,0.01,0.68,0.0,0.68,1.78,1.09,0.69,0,1,-1,-1.69,46.0,51.63,42.92,1.05,0.34,161,12,14,8,13.33,23.53,21.35,4,3,30,8,3,86.1,58.25,49.47,53.54,90.33,58.53,1,Gençlerbirliği 0-1 Antalyaspor,2025-08-17
Gaziantep FK,1.57,2.43,-0.86,1.15,2.3,-1.15,0.42,0.13,0.29,1.57,2.43,-0.86,0,3,-3,-2.14,50.0,44.03,45.04,0.58,1.29,170,10,17,15,29.31,11.63,10.97,5,4,14,6,11,85.8,44.8,44.53,42.17,57.03,24.52,0,Konyaspor 3-0 Gaziantep FK,2025-08-17
Konyaspor,2.43,1.57,0.86,2.3,1.15,1.15,0.13,0.42,-0.29,2.43,1.57,0.86,3,0,3,2.14,50.0,55.97,48.35,1.29,0.58,196,16,15,17,11.63,29.31,9.91,4,5,8,2,17,105.7,55.2,61.07,57.83,175.57,75.48,2,Konyaspor 3-0 Gaziantep FK,2025-08-17
Fenerbahçe,1.95,0.97,0.98,0.95,0.97,-0.02,0.24,0.0,0.24,1.19,0.97,0.22,0,0,0,-0.98,59.2,49.83,49.77,1.41,0.21,232,17,12,12,8.51,57.14,5.69,1,6,26,6,13,88.8,55.12,19.87,18.43,47.93,32.51,2,Göztepe 0-0 Fenerbahçe,2025-08-16
Göztepe,0.97,1.95,-0.98,0.97,0.95,0.02,0.0,0.24,-0.24,0.97,1.19,-0.22,0,0,0,0.98,40.8,50.17,55.29,0.21,1.41,190,12,12,12,57.14,8.51,8.48,6,1,20,3,24,72.3,44.88,87.93,81.57,99.5,67.49,3,Göztepe 0-0 Fenerbahçe,2025-08-16
Rizespor,1.2,0.76,0.44,1.2,0.7,0.5,0.0,0.06,-0.06,1.2,0.76,0.44,0,0,0,-0.44,56.8,56.36,48.01,0.77,0.31,233,16,7,9,9.09,29.03,8.53,2,3,13,1,14,87.5,66.34,49.67,38.3,76.4,54.56,3,Alanyaspor 0-0 Rizespor,2025-08-16
Alanyaspor,0.76,1.2,-0.44,0.7,1.2,-0.5,0.06,0.0,0.06,0.76,1.2,-0.44,0,0,0,0.44,43.2,43.64,45.14,0.31,0.77,170,9,9,7,29.03,9.09,11.94,3,2,11,3,22,44.4,33.66,80.0,61.7,63.63,45.44,2,Alanyaspor 0-0 Rizespor,2025-08-16
Samsunspor,1.3,1.46,-0.16,0.75,1.32,-0.57,0.55,0.14,0.41,1.3,1.46,-0.16,1,0,1,1.16,59.8,56.52,46.4,0.55,0.51,172,19,14,13,25.45,25.49,7.55,1,4,15,7,16,105.8,70.77,12.27,13.15,73.83,47.49,2,Kocaelispor 0-1 Samsunspor,2025-08-16
Kocaelispor,1.46,1.3,0.16,1.32,0.75,0.57,0.14,0.55,-0.41,1.46,1.3,0.16,0,1,-1,-1.16,40.2,43.48,47.4,0.51,0.55,130,8,13,14,25.49,25.45,10.28,4,1,17,4,10,43.7,29.23,81.07,86.85,81.63,52.51,2,Kocaelispor 0-1 Samsunspor,2025-08-16
Fatih Karagümrük,0.82,4.02,-3.2,0.79,2.49,-1.7,0.03,1.53,-1.5,0.82,4.02,-3.2,0,3,-3,0.2,28.5,18.47,40.38,0.28,1.34,82,4,6,29,21.43,21.64,17.87,2,2,11,3,12,10.3,2.79,131.93,94.47,21.37,5.97,0,Galatasaray 3-0 Fatih Karagümrük,2025-08-15
Galatasaray,4.02,0.82,3.2,2.49,0.79,1.7,1.53,0.03,1.5,4.02,0.82,3.2,3,0,3,-0.2,71.5,81.53,53.98,1.34,0.28,372,29,29,6,21.64,21.43,7.82,2,2,28,10,11,358.5,97.21,7.73,5.53,336.47,94.03,3,Galatasaray 3-0 Fatih Karagümrük,2025-08-15
Kocaelispor,1.24,1.55,-0.31,1.11,1.26,-0.15,0.13,0.29,-0.16,1.24,1.55,-0.31,0,1,-1,-0.69,45.2,45.62,43.82,0.24,1.09,150,10,12,11,50.0,10.09,9.75,5,8,15,5,16,87.3,45.16,80.8,68.09,94.4,54.48,8,Trabzonspor 1-0 Kocaelispor,2025-08-11
Trabzonspor,1.55,1.24,0.31,1.26,1.11,0.15,0.29,0.13,0.16,1.55,1.24,0.31,1,0,1,0.69,54.8,54.38,48.18,1.09,0.24,225,13,11,12,10.09,50.0,8.75,8,5,15,3,9,106.0,54.84,37.87,31.91,78.87,45.52,0,Trabzonspor 1-0 Kocaelispor,2025-08-11
Konyaspor,2.09,2.16,-0.07,1.04,1.87,-0.83,0.29,0.3,-0.01,1.33,2.16,-0.83,4,1,3,3.07,37.6,37.58,47.22,0.49,1.64,127,16,16,16,32.65,9.76,11.16,9,3,16,7,12,70.5,34.03,81.07,89.68,171.0,88.02,2,Eyüpspor 1-4 Konyaspor,2025-08-10
Eyüpspor,2.16,2.09,0.07,1.87,1.04,0.83,0.3,0.29,0.01,2.16,1.33,0.83,1,4,-3,-3.07,62.4,62.42,49.37,1.64,0.49,246,18,16,16,9.76,32.65,9.82,3,9,33,8,9,136.7,65.97,9.33,10.32,23.27,11.98,1,Eyüpspor 1-4 Konyaspor,2025-08-10
Göztepe,2.14,2.04,0.1,1.99,1.91,0.08,0.15,0.13,0.02,2.14,2.04,0.1,3,0,3,2.9,44.6,63.51,57.63,0.96,0.94,212,19,17,13,17.71,13.83,8.5,9,1,22,5,14,105.5,67.8,79.2,96.67,166.83,87.94,9,Rizespor 0-3 Göztepe,2025-08-10
Rizespor,2.04,2.14,-0.1,1.91,1.99,-0.08,0.13,0.15,-0.02,2.04,2.14,-0.1,0,3,-3,-2.9,55.4,36.49,43.55,0.94,0.96,138,13,13,17,13.83,17.71,8.36,1,9,14,3,9,50.1,32.2,2.73,3.33,22.87,12.06,1,Rizespor 0-3 Göztepe,2025-08-10
Kasımpaşa,0.97,2.17,-1.2,0.8,2.1,-1.3,0.17,0.07,0.1,0.97,2.17,-1.2,1,2,-1,0.2,62.7,65.45,45.3,0.51,0.8,178,15,10,16,19.61,20.0,6.43,3,4,21,3,21,76.7,55.46,12.73,13.44,50.17,30.1,0,Antalyaspor 2-1 Kasımpaşa,2025-08-09
Antalyaspor,2.17,0.97,1.2,2.1,0.8,1.3,0.07,0.17,-0.1,2.17,0.97,1.2,2,1,1,-0.2,37.3,34.55,44.53,0.8,0.51,100,10,16,10,20.0,19.61,12.97,4,3,11,3,12,61.6,44.54,82.0,86.56,116.53,69.9,0,Antalyaspor 2-1 Kasımpaşa,2025-08-09
Gençlerbirliği,0.42,1.48,-1.06,0.3,0.72,-0.42,0.12,0.0,0.12,0.42,0.72,-0.3,1,2,-1,0.06,38.7,37.02,41.18,0.3,0.64,119,5,8,9,26.67,14.06,15.63,4,12,14,3,12,27.8,23.86,72.47,73.6,37.13,27.15,1,Samsunspor 2-1 Gençlerbirliği,2025-08-09
Samsunspor,1.48,0.42,1.06,0.72,0.3,0.42,0.0,0.12,-0.12,0.72,0.42,0.3,2,1,1,-0.06,61.3,62.98,48.52,0.64,0.3,248,11,9,8,14.06,26.67,8.22,12,4,14,2,12,88.7,76.14,26.0,26.4,99.63,72.85,0,Samsunspor 2-1 Gençlerbirliği,2025-08-09
Galatasaray,2.95,0.29,2.66,1.35,0.19,1.16,0.08,0.1,-0.02,1.43,0.29,1.14,3,0,3,0.34,59.6,68.38,49.3,0.79,0.32,238,19,15,5,18.99,15.62,6.77,10,2,16,4,15,161.8,86.52,33.47,31.94,156.03,94.32,2,Gaziantep FK 0-3 Galatasaray,2025-08-08
Gaziantep FK,0.29,2.95,-2.66,0.19,1.35,-1.16,0.1,0.08,0.02,0.29,1.43,-1.14,0,3,-3,-0.34,40.4,31.62,39.67,0.32,0.79,106,5,5,15,15.62,18.99,16.08,2,10,4,1,14,25.2,13.48,71.33,68.06,9.4,5.68,3,Gaziantep FK 0-3 Galatasaray,2025-08-08
