Team,xG,xGA,xGD,Open Play xG,Open Play xGA,Open Play xGD,Set Piece xG,Set Piece xGA,Set Piece xGD,npxG,npxGA,npxGD,Goals,Goals Conceded,GD,GD-xGD,Possession,Field Tilt,Avg Pass Height,xT,xT Against,Passes in Opposition Half,Passes into Box,Shots,Shots Faced,Shots per 1.0 xT,Shots Faced per 1.0 xT Against,PPDA,High Recoveries,High Recoveries Against,Crosses,Corners,Fouls,On-Ball Pressure,On-Ball Pressure Share,Off-Ball Pressure,Off-Ball Pressure Share,Game Control,Game Control Share,Throw-Ins into the Box,Match,Date
Ümraniyespor,3.08,0.67,2.41,2.52,0.59,1.93,0.56,0.08,0.48,3.08,0.67,2.41,3,1,2,-0.41,58.70,69.71,49.45,1.2,0.39,218,15,16,8,13.33,20.51,9.52,5,4,16,7,11,169.2,86.68,21.47,27.69,146.43,77.95,0,Adana Demirspor 1-3 Ümraniyespor,2026-04-25
Adana Demirspor,0.67,3.08,-2.41,0.59,2.52,-1.93,0.08,0.56,-0.48,0.67,3.08,-2.41,1,3,-2,0.41,41.30,30.29,40.56,0.39,1.2,85,4,8,16,20.51,13.33,10.44,4,5,8,7,13,26.0,13.32,56.07,72.31,41.43,22.05,0,Adana Demirspor 1-3 Ümraniyespor,2026-04-25
İstanbulspor,3.04,1.55,1.49,2.28,1.25,1.03,0.00,0.30,-0.30,2.28,1.55,0.73,3,1,2,0.51,42.80,43.8,42.78,0.52,0.68,102,11,12,13,23.08,19.12,7.76,3,4,18,3,18,46.1,33.26,54.33,60.55,70.43,49.0,1,Vanspor 1-3 İstanbulspor,2026-04-25
Vanspor,1.55,3.04,-1.49,1.25,2.28,-1.03,0.30,0.00,0.30,1.55,2.28,-0.73,1,3,-2,-0.51,57.20,56.2,45.84,0.68,0.52,158,12,13,12,19.12,23.08,7.12,4,3,23,8,15,92.5,66.74,35.4,39.45,73.3,51.0,1,Vanspor 1-3 İstanbulspor,2026-04-25
Hatayspor,4.35,2.56,1.79,1.59,2.52,-0.93,2.00,0.05,1.95,3.59,2.56,1.03,2,4,-2,-3.79,43.90,45.35,40.38,0.76,0.99,118,11,16,14,21.05,14.14,12.07,3,6,15,5,16,90.9,44.87,54.27,61.9,108.17,51.37,1,Serik Spor 4-2 Hatayspor,2026-04-25
Serik Spor,2.56,4.35,-1.79,2.52,1.59,0.93,0.05,2.00,-1.95,2.56,3.59,-1.03,4,2,2,3.79,56.10,54.65,46.50,0.99,0.76,185,22,14,16,14.14,21.05,9.00,6,3,12,4,11,111.7,55.13,33.4,38.1,102.4,48.63,0,Serik Spor 4-2 Hatayspor,2026-04-25
Serik Spor,1.14,2.94,-1.8,1.1,1.93,-0.83,0.04,0.25,-0.21,1.14,2.18,-1.04,0,1,-1,0.8,41.6,33.43,44.66,0.6,1.14,151,12,10,14,16.67,12.28,14.79,2,3,10,4,21,44.7,20.87,75.73,82.49,49.6,27.89,0,Manisa FK 1-0 Serik Spor,2026-04-19
Manisa FK,2.94,1.14,1.8,1.93,1.1,0.83,0.25,0.04,0.21,2.18,1.14,1.04,1,0,1,-0.8,58.4,66.57,53.2,1.14,0.6,347,13,14,10,12.28,16.67,6.91,3,2,20,2,10,169.5,79.13,16.07,17.51,128.23,72.11,0,Manisa FK 1-0 Serik Spor,2026-04-19
Vanspor,1.51,1.87,-0.36,0.52,1.78,-1.26,0.99,0.08,0.91,1.51,1.87,-0.36,2,1,1,1.36,49.8,40.71,44.67,0.26,0.78,171,6,7,11,26.92,14.1,9.45,3,3,11,3,12,73.8,34.17,46.27,43.16,47.03,28.64,0,Ümraniyespor 1-2 Vanspor,2026-04-19
Ümraniyespor,1.87,1.51,0.36,1.78,0.52,1.26,0.08,0.99,-0.91,1.87,1.51,0.36,1,2,-1,-1.36,50.2,59.29,50.23,0.78,0.26,222,11,11,7,14.1,26.92,12.44,3,3,14,4,8,142.2,65.83,60.93,56.84,117.2,71.36,0,Ümraniyespor 1-2 Vanspor,2026-04-19
Ankara Keçiörengücü,1.17,1.68,-0.51,1.17,1.65,-0.48,0.0,0.03,-0.03,1.17,1.68,-0.51,0,1,-1,-0.49,50.1,52.36,47.88,0.74,0.96,171,10,7,9,9.46,9.38,7.74,8,1,13,4,17,75.9,48.72,41.2,59.94,72.33,49.54,6,Esenler Erokspor 1-0 Ankara Keçiörengücü,2026-04-19
Esenler Erokspor,1.68,1.17,0.51,1.65,1.17,0.48,0.03,0.0,0.03,1.68,1.17,0.51,1,0,1,0.49,49.9,47.64,45.33,0.96,0.74,141,4,9,7,9.38,9.46,10.3,1,8,11,6,12,79.9,51.28,27.53,40.06,73.67,50.46,0,Esenler Erokspor 1-0 Ankara Keçiörengücü,2026-04-19
Adana Demirspor,0.25,7.63,-7.38,0.15,6.05,-5.9,0.1,1.59,-1.49,0.25,7.63,-7.38,0,6,-6,1.38,40.2,29.74,36.85,0.2,1.33,79,3,4,21,20.0,15.79,16.17,3,7,9,2,10,13.3,7.01,109.4,92.61,29.97,9.35,0,Boluspor 6-0 Adana Demirspor,2026-04-19
Boluspor,7.63,0.25,7.38,6.05,0.15,5.9,1.59,0.1,1.49,7.63,0.25,7.38,6,0,6,-1.38,59.8,70.26,40.71,1.33,0.2,144,20,21,4,15.79,20.0,7.32,7,3,20,5,9,176.3,92.99,8.73,7.39,290.51,90.65,1,Boluspor 6-0 Adana Demirspor,2026-04-19
Sarıyer,2.41,3.05,-0.64,1.65,2.5,-0.85,0.0,0.55,-0.55,1.65,3.05,-1.4,1,3,-2,-1.36,50.6,50.22,43.21,0.7,0.7,135,8,12,14,17.14,20.0,15.52,2,1,8,1,12,75.8,46.33,61.07,63.97,104.1,55.09,1,İstanbulspor 3-1 Sarıyer,2026-04-19
İstanbulspor,3.05,2.41,0.64,2.5,1.65,0.85,0.55,0.0,0.55,3.05,1.65,1.4,3,1,2,1.36,49.4,49.78,40.82,0.7,0.7,138,12,14,12,20.0,17.14,15.7,1,2,10,4,7,87.8,53.67,34.4,36.03,84.87,44.91,1,İstanbulspor 3-1 Sarıyer,2026-04-19
Pendikspor,4.3,0.9,3.4,4.18,0.27,3.91,0.12,0.63,-0.51,4.3,0.9,3.4,1,1,0,-3.4,41.5,44.38,48.14,0.69,0.33,174,15,15,9,21.74,27.27,17.61,3,7,14,7,5,97.0,55.84,90.2,75.67,132.77,71.75,1,Iğdır FK 1-1 Pendikspor,2026-04-19
Iğdır FK,0.9,4.3,-3.4,0.27,4.18,-3.91,0.63,0.12,0.51,0.9,4.3,-3.4,1,1,0,3.4,58.5,55.62,49.87,0.33,0.69,266,12,9,15,27.27,21.74,9.66,7,3,21,4,9,76.7,44.16,29.0,24.33,52.27,28.25,1,Iğdır FK 1-1 Pendikspor,2026-04-19
Sivasspor,0.54,2.38,-1.84,0.44,1.7,-1.26,0.09,0.68,-0.59,0.54,2.38,-1.84,1,3,-2,-0.16,36.3,26.8,39.37,0.3,0.79,119,2,8,18,26.67,22.78,24.1,4,4,6,2,10,36.8,14.93,95.27,74.46,42.03,19.11,0,Çorum 3-1 Sivasspor,2026-04-19
Çorum,2.38,0.54,1.84,1.7,0.44,1.26,0.68,0.09,0.59,2.38,0.54,1.84,3,1,2,0.16,63.7,73.2,51.69,0.79,0.3,346,19,18,8,22.78,26.67,12.12,4,4,28,10,6,209.7,85.07,32.67,25.54,177.93,80.89,0,Çorum 3-1 Sivasspor,2026-04-19
Amed,2.44,0.7,1.74,2.08,0.7,1.38,0.37,0.0,0.37,2.44,0.7,1.74,0,2,-2,-3.74,47.5,53.23,51.84,0.75,0.25,189,16,18,9,24.0,36.0,8.08,6,3,23,10,14,118.7,63.1,63.8,77.74,143.93,59.96,1,Bandırmaspor 2-0 Amed,2026-04-19
Bandırmaspor,0.7,2.44,-1.74,0.7,2.08,-1.38,0.0,0.37,-0.37,0.7,2.44,-1.74,2,0,2,3.74,52.5,46.77,47.6,0.25,0.75,182,8,9,18,36.0,24.0,10.28,3,6,9,2,16,69.4,36.9,18.27,22.26,96.13,40.04,1,Bandırmaspor 2-0 Amed,2026-04-19
Erzurumspor FK,1.02,1.43,-0.41,1.02,1.29,-0.27,0.0,0.13,-0.13,1.02,1.43,-0.41,1,1,0,0.41,44.7,40.66,46.53,0.31,0.85,166,6,3,12,9.68,14.12,13.43,2,4,7,0,17,44.9,27.68,81.6,60.77,56.67,42.51,0,Bodrum FK 1-1 Erzurumspor FK,2026-04-19
Bodrum FK,1.43,1.02,0.41,1.29,1.02,0.27,0.13,0.0,0.13,1.43,1.02,0.41,1,1,0,-0.41,55.3,59.34,47.98,0.85,0.31,237,18,12,3,14.12,9.68,8.22,4,2,26,7,13,117.3,72.32,52.67,39.23,76.63,57.49,4,Bodrum FK 1-1 Erzurumspor FK,2026-04-19
Sakaryaspor,1.76,1.45,0.31,1.76,1.15,0.61,0.0,0.3,-0.3,1.76,1.45,0.31,1,1,0,-0.31,51.1,40.48,40.0,0.6,0.6,131,7,11,11,18.33,18.33,9.29,3,10,10,2,22,57.6,40.82,29.0,29.92,56.7,35.95,1,Hatayspor 1-1 Sakaryaspor,2026-04-18
Hatayspor,1.45,1.76,-0.31,1.15,1.76,-0.61,0.3,0.0,0.3,1.45,1.76,-0.31,1,1,0,0.31,48.9,59.52,44.76,0.6,0.6,171,10,11,11,18.33,18.33,8.3,10,3,25,2,13,83.5,59.18,67.93,70.08,101.03,64.05,4,Hatayspor 1-1 Sakaryaspor,2026-04-18
Esenler Erokspor,3.57,1.42,2.15,3.2,1.42,1.78,0.36,0.0,0.36,3.57,1.42,2.15,2,1,1,-1.15,61.2,50.48,45.79,1.29,0.79,240,21,18,6,13.95,7.59,12.82,6,8,16,6,9,148.6,65.26,27.33,21.85,101.63,47.54,0,Sakaryaspor 1-2 Esenler Erokspor,2026-04-13
Sakaryaspor,1.42,3.57,-2.15,1.42,3.2,-1.78,0.0,0.36,-0.36,1.42,3.57,-2.15,1,2,-1,1.15,38.8,49.52,46.38,0.79,1.29,168,13,6,18,7.59,13.95,14.58,8,6,13,2,7,79.1,34.74,97.73,78.15,112.13,52.46,2,Sakaryaspor 1-2 Esenler Erokspor,2026-04-13
Ümraniyespor,1.67,3.69,-2.02,1.56,3.3,-1.74,0.11,0.39,-0.28,1.67,3.69,-2.02,2,2,0,2.02,39.4,28.96,42.19,0.36,2.25,136,10,12,23,33.33,10.22,19.33,1,13,10,4,11,54.7,20.19,83.47,76.2,72.27,33.41,0,Amed 2-2 Ümraniyespor,2026-04-13
Amed,3.69,1.67,2.02,3.3,1.56,1.74,0.39,0.11,0.28,3.69,1.67,2.02,2,2,0,-2.02,60.6,71.04,53.67,2.25,0.36,350,25,23,12,10.22,33.33,6.8,13,1,39,10,12,216.2,79.81,26.07,23.8,144.07,66.59,0,Amed 2-2 Ümraniyespor,2026-04-13
Boluspor,1.07,1.84,-0.77,1.01,1.49,-0.48,0.06,0.35,-0.29,1.07,1.84,-0.77,0,2,-2,-1.23,42.8,46.18,47.39,0.38,1.1,178,4,10,13,26.32,11.82,11.18,7,4,16,2,10,63.2,35.23,86.6,83.75,96.17,62.43,1,Erzurumspor FK 2-0 Boluspor,2026-04-13
Erzurumspor FK,1.84,1.07,0.77,1.49,1.01,0.48,0.35,0.06,0.29,1.84,1.07,0.77,2,0,2,1.23,57.2,53.82,45.72,1.1,0.38,204,16,13,10,11.82,26.32,9.6,4,7,18,6,9,116.2,64.77,16.8,16.25,57.87,37.57,0,Erzurumspor FK 2-0 Boluspor,2026-04-13
İstanbulspor,1.34,1.24,0.1,1.34,0.89,0.45,0.0,0.35,-0.35,1.34,1.24,0.1,3,1,2,1.9,40.0,36.49,45.42,0.45,1.09,139,7,10,17,22.22,15.6,12.38,7,5,6,2,10,36.4,24.12,63.6,90.08,48.8,38.39,0,Sivasspor 1-3 İstanbulspor,2026-04-13
Sivasspor,1.24,1.34,-0.1,0.89,1.34,-0.45,0.35,0.0,0.35,1.24,1.34,-0.1,1,3,-2,-1.9,60.0,63.51,45.75,1.09,0.45,227,14,17,10,15.6,22.22,11.62,5,7,33,17,10,114.5,75.88,7.0,9.92,78.3,61.61,0,Sivasspor 1-3 İstanbulspor,2026-04-13
Serik Spor,0.44,2.4,-1.96,0.44,2.11,-1.67,0.0,0.29,-0.29,0.44,2.4,-1.96,0,0,0,1.96,27.6,17.59,39.35,0.2,1.12,72,5,3,19,15.0,16.96,24.88,1,12,5,1,8,6.4,2.24,106.0,96.25,22.93,10.55,0,Ankara Keçiörengücü 0-0 Serik Spor,2026-04-12
Ankara Keçiörengücü,2.4,0.44,1.96,2.11,0.44,1.67,0.29,0.0,0.29,2.4,0.44,1.96,0,0,0,-1.96,72.4,82.41,57.43,1.12,0.2,453,23,19,3,16.96,15.0,6.58,12,1,44,11,9,279.7,97.76,4.13,3.75,194.37,89.45,3,Ankara Keçiörengücü 0-0 Serik Spor,2026-04-12
Iğdır FK,4.8,0.26,4.54,4.66,0.26,4.4,0.14,0.0,0.14,4.8,0.26,4.54,6,1,5,0.46,62.6,64.22,42.26,2.74,0.33,176,27,20,6,7.3,18.18,8.11,9,5,16,5,17,178.0,84.52,4.67,3.6,132.37,65.57,0,Adana Demirspor 1-6 Iğdır FK,2026-04-12
Adana Demirspor,0.26,4.8,-4.54,0.26,4.66,-4.4,0.0,0.14,-0.14,0.26,4.8,-4.54,1,6,-5,-0.46,37.4,35.78,41.82,0.33,2.74,104,3,6,20,18.18,7.3,14.88,5,9,8,0,7,32.6,15.48,125.2,96.4,69.5,34.43,0,Adana Demirspor 1-6 Iğdır FK,2026-04-12
Manisa FK,0.27,3.37,-3.1,0.27,2.96,-2.69,0.0,0.41,-0.41,0.27,3.37,-3.1,1,0,1,4.1,28.0,20.15,40.67,0.2,2.1,76,4,3,23,15.0,10.95,18.76,2,10,4,1,9,6.3,1.96,97.6,93.96,15.13,7.23,0,Vanspor 0-1 Manisa FK,2026-04-12
Vanspor,3.37,0.27,3.1,2.96,0.27,2.69,0.41,0.0,0.41,3.37,0.27,3.1,0,1,-1,-4.1,72.0,79.85,55.24,2.1,0.2,388,29,23,3,10.95,15.0,5.62,10,2,34,7,11,314.4,98.04,6.27,6.04,194.2,92.77,0,Vanspor 0-1 Manisa FK,2026-04-12
Bandırmaspor,0.98,0.65,0.33,0.85,0.54,0.31,0.13,0.11,0.02,0.98,0.65,0.33,0,0,0,-0.33,45.2,48.67,49.69,0.32,0.76,196,4,14,11,43.75,14.47,9.39,6,1,17,4,15,75.6,52.07,95.53,69.36,100.67,70.89,2,Bodrum FK 0-0 Bandırmaspor,2026-04-11
Bodrum FK,0.65,0.98,-0.33,0.54,0.85,-0.31,0.11,0.13,-0.02,0.65,0.98,-0.33,0,0,0,0.33,54.8,51.33,42.84,0.76,0.32,169,15,11,14,14.47,43.75,20.71,1,6,17,5,4,69.6,47.93,42.2,30.64,41.33,29.11,2,Bodrum FK 0-0 Bandırmaspor,2026-04-11
Çorum,0.74,0.56,0.18,0.72,0.49,0.23,0.02,0.06,-0.04,0.74,0.56,0.18,1,1,0,-0.18,71.5,79.21,55.33,1.02,0.26,389,14,9,7,8.82,26.92,5.53,10,3,22,4,10,232.7,89.78,5.73,3.6,111.57,64.13,1,Pendikspor 1-1 Çorum,2026-04-11
Pendikspor,0.56,0.74,-0.18,0.49,0.72,-0.23,0.06,0.02,0.04,0.56,0.74,-0.18,1,1,0,0.18,28.5,20.79,38.73,0.26,1.02,78,7,7,9,26.92,8.82,15.96,3,10,12,5,11,26.5,10.22,153.27,96.4,62.4,35.87,3,Pendikspor 1-1 Çorum,2026-04-11
Hatayspor,0.26,2.84,-2.58,0.26,2.32,-2.06,0.0,0.52,-0.52,0.26,2.84,-2.58,0,4,-4,-1.42,49.4,45.33,39.59,0.21,0.82,132,2,4,15,19.05,18.29,10.94,5,5,7,0,14,22.5,17.08,51.0,51.83,17.75,8.4,1,Sarıyer 4-0 Hatayspor,2026-04-11
Sarıyer,2.84,0.26,2.58,2.32,0.26,2.06,0.52,0.0,0.52,2.84,0.26,2.58,4,0,4,1.42,50.6,54.67,41.66,0.82,0.21,150,16,15,4,18.29,19.05,11.29,5,5,14,7,10,109.2,82.92,47.4,48.17,193.51,91.6,1,Sarıyer 4-0 Hatayspor,2026-04-11
Amed,0.92,1.31,-0.39,0.92,1.09,-0.17,0.0,0.22,-0.22,0.92,1.31,-0.39,1,1,0,0.39,34.5,31.79,45.12,0.34,0.8,113,5,7,14,20.59,17.5,14.3,3,4,10,2,14,35.8,16.25,95.33,89.93,44.37,26.77,1,Esenler Erokspor 1-1 Amed,2026-04-09
Esenler Erokspor,1.31,0.92,0.39,1.09,0.92,0.17,0.22,0.0,0.22,1.31,0.92,0.39,1,1,0,-0.39,65.5,68.21,50.1,0.8,0.34,295,16,14,7,17.5,20.59,7.32,4,3,24,4,11,184.5,83.75,10.67,10.07,121.4,73.23,0,Esenler Erokspor 1-1 Amed,2026-04-09
Erzurumspor FK,1.33,0.86,0.47,1.28,0.84,0.44,0.05,0.02,0.03,1.33,0.86,0.47,1,0,1,0.53,62.9,65.9,50.74,0.94,0.52,372,13,13,10,13.83,19.23,12.89,5,3,22,3,12,184.3,80.03,30.07,19.01,110.43,63.06,0,İstanbulspor 0-1 Erzurumspor FK,2026-04-09
İstanbulspor,0.86,1.33,-0.47,0.84,1.28,-0.44,0.02,0.05,-0.03,0.86,1.33,-0.47,0,1,-1,-0.53,37.1,34.1,37.99,0.52,0.94,122,7,10,13,19.23,13.83,18.66,3,5,12,1,13,46.0,19.97,128.13,80.99,64.7,36.94,1,İstanbulspor 0-1 Erzurumspor FK,2026-04-09
Sivasspor,1.32,1.83,-0.51,1.24,1.8,-0.56,0.08,0.03,0.05,1.32,1.83,-0.51,2,1,1,1.51,44.4,28.84,35.88,0.74,1.18,105,6,10,10,13.51,8.47,15.15,3,10,7,3,11,39.0,22.22,65.4,57.43,65.57,44.01,0,Boluspor 1-2 Sivasspor,2026-04-09
Boluspor,1.83,1.32,0.51,1.8,1.24,0.56,0.03,0.08,-0.05,1.83,1.32,0.51,1,2,-1,-1.51,55.6,71.16,49.34,1.18,0.74,263,14,10,10,8.47,13.51,10.5,10,3,26,3,9,136.5,77.78,48.47,42.57,83.43,55.99,1,Boluspor 1-2 Sivasspor,2026-04-09
Sakaryaspor,0.71,1.96,-1.25,0.55,1.73,-1.18,0.16,0.23,-0.07,0.71,1.96,-1.25,0,2,-2,-0.75,57.1,56.86,49.3,0.65,0.69,288,14,8,11,12.31,15.94,7.81,6,5,31,4,14,127.2,56.71,13.27,10.68,45.4,23.25,2,Ümraniyespor 2-0 Sakaryaspor,2026-04-08
Ümraniyespor,1.96,0.71,1.25,1.73,0.55,1.18,0.23,0.16,0.07,1.96,0.71,1.25,2,0,2,0.75,42.9,43.14,48.5,0.69,0.65,195,16,11,8,15.94,12.31,13.06,5,6,15,4,11,97.1,43.29,110.93,89.32,149.83,76.75,0,Ümraniyespor 2-0 Sakaryaspor,2026-04-08
Ankara Keçiörengücü,1.02,0.96,0.06,0.96,0.96,0.0,0.06,0.0,0.06,1.02,0.96,0.06,1,0,1,0.94,41.3,41.12,46.33,0.25,0.81,148,5,13,9,52.0,11.11,14.62,4,4,8,3,18,88.8,38.03,67.67,63.92,116.5,54.25,1,Iğdır FK 0-1 Ankara Keçiörengücü,2026-04-08
Iğdır FK,0.96,1.02,-0.06,0.96,0.96,0.0,0.0,0.06,-0.06,0.96,1.02,-0.06,0,1,-1,-0.94,58.7,58.88,49.85,0.81,0.25,221,12,9,13,11.11,52.0,9.88,4,4,22,2,6,144.7,61.97,38.2,36.08,98.23,45.75,0,Iğdır FK 0-1 Ankara Keçiörengücü,2026-04-08
Vanspor,5.6,1.64,3.96,3.7,1.42,2.28,1.9,0.22,1.68,5.6,1.64,3.96,6,1,5,1.04,54.2,49.2,44.19,1.06,0.68,161,15,17,15,16.04,22.06,7.85,2,7,13,4,9,110.7,55.91,13.0,21.01,114.33,50.43,0,Serik Spor 1-6 Vanspor,2026-04-08
Serik Spor,1.64,5.6,-3.96,1.42,3.7,-2.28,0.22,1.9,-1.68,1.64,5.6,-3.96,1,6,-5,-1.04,45.8,50.8,47.59,0.68,1.06,148,9,15,17,22.06,16.04,10.03,7,2,12,7,15,87.3,44.09,48.87,78.99,112.4,49.57,1,Serik Spor 1-6 Vanspor,2026-04-08
Bodrum FK,0.56,1.84,-1.28,0.55,0.87,-0.32,0.01,0.2,-0.19,0.56,1.08,-0.52,1,1,0,1.28,34.9,30.16,41.49,0.84,0.97,102,6,8,14,9.52,14.43,22.65,1,4,8,3,11,24.5,11.34,92.33,87.33,43.37,22.85,0,Çorum 1-1 Bodrum FK,2026-04-07
Çorum,1.84,0.56,1.28,0.87,0.55,0.32,0.2,0.01,0.19,1.08,0.56,0.52,1,1,0,-1.28,65.1,69.84,50.35,0.97,0.84,265,18,14,8,14.43,9.52,9.3,4,1,31,5,8,191.5,88.66,13.4,12.67,146.43,77.15,3,Çorum 1-1 Bodrum FK,2026-04-07
Pendikspor,2.65,1.15,1.5,2.16,1.15,1.01,0.49,0.0,0.49,2.65,1.15,1.5,0,2,-2,-3.5,68.3,79.74,56.98,1.52,0.5,411,37,22,6,14.47,12.0,6.24,5,2,40,9,13,306.7,95.81,11.07,10.51,222.57,88.55,3,Manisa FK 2-0 Pendikspor,2026-04-07
Manisa FK,1.15,2.65,-1.5,1.15,2.16,-1.01,0.0,0.49,-0.49,1.15,2.65,-1.5,2,0,2,3.5,31.7,20.26,41.09,0.5,1.52,87,7,6,22,12.0,14.47,18.71,2,5,4,1,15,13.4,4.19,94.27,89.49,28.77,11.45,0,Manisa FK 2-0 Pendikspor,2026-04-07
Adana Demirspor,0.42,2.98,-2.56,0.42,1.44,-1.02,0.0,1.54,-1.54,0.42,2.98,-2.56,0,4,-4,-1.44,58.2,62.09,50.06,0.84,0.37,226,8,9,11,10.71,29.73,10.54,6,7,12,2,12,84.8,65.69,36.47,41.41,89.83,58.87,2,Hatayspor 4-0 Adana Demirspor,2026-04-07
Hatayspor,2.98,0.42,2.56,1.44,0.42,1.02,1.54,0.0,1.54,2.98,0.42,2.56,4,0,4,1.44,41.8,37.91,35.21,0.37,0.84,88,7,11,9,29.73,10.71,9.51,7,6,8,2,8,44.3,34.31,51.6,58.59,62.77,41.13,0,Hatayspor 4-0 Adana Demirspor,2026-04-07
Sarıyer,0.53,1.65,-1.12,0.48,1.53,-1.05,0.05,0.12,-0.07,0.53,1.65,-1.12,0,0,0,1.12,40.7,40.68,43.09,0.38,1.03,122,8,12,10,31.58,9.71,18.18,5,3,17,3,7,45.4,28.57,93.07,75.83,83.53,48.63,1,Bandırmaspor 0-0 Sarıyer,2026-04-07
Bandırmaspor,1.65,0.53,1.12,1.53,0.48,1.05,0.12,0.05,0.07,1.65,0.53,1.12,0,0,0,-1.12,59.3,59.32,48.58,1.03,0.38,245,14,10,12,9.71,31.58,13.33,3,5,14,2,5,113.5,71.43,29.67,24.17,88.23,51.37,2,Bandırmaspor 0-0 Sarıyer,2026-04-07
Boluspor,1.01,4.76,-3.75,1.01,4.59,-3.58,0.0,0.17,-0.17,1.01,4.76,-3.75,1,6,-5,-1.25,42.6,31.03,39.29,0.59,1.26,105,4,10,25,16.95,19.84,19.21,0,5,7,2,8,18.2,7.87,22.73,39.01,2.8,0.65,0,Amed 6-1 Boluspor,2026-04-05
Amed,4.76,1.01,3.75,4.59,1.01,3.58,0.17,0.0,0.17,4.76,1.01,3.75,6,1,5,1.25,57.4,68.97,52.78,1.26,0.59,282,23,25,10,19.84,16.95,9.78,5,0,34,10,11,213.0,92.13,35.53,60.99,425.57,99.35,0,Amed 6-1 Boluspor,2026-04-05
Esenler Erokspor,2.61,0.35,2.26,1.02,0.28,0.74,0.83,0.07,0.76,1.85,0.35,1.5,3,1,2,-0.26,54.3,49.17,41.75,0.52,0.65,146,7,17,6,32.69,9.23,10.25,7,1,11,4,7,90.9,64.56,30.67,32.53,109.47,65.92,0,Sivasspor 1-3 Esenler Erokspor,2026-04-05
Sivasspor,0.35,2.61,-2.26,0.28,1.02,-0.74,0.07,0.83,-0.76,0.35,1.85,-1.5,1,3,-2,0.26,45.7,50.83,43.81,0.65,0.52,162,10,6,17,9.23,32.69,15.48,1,7,23,3,9,49.9,35.44,63.6,67.47,56.6,34.08,0,Sivasspor 1-3 Esenler Erokspor,2026-04-05
İstanbulspor,1.3,1.13,0.17,1.12,1.1,0.02,0.18,0.03,0.15,1.3,1.13,0.17,2,2,0,-0.17,37.8,31.44,39.97,0.23,0.71,87,3,8,14,34.78,19.72,13.9,3,5,9,2,10,35.2,19.1,98.6,81.4,64.63,43.64,2,Sakaryaspor 2-2 İstanbulspor,2026-04-04
Sakaryaspor,1.13,1.3,-0.17,1.1,1.12,-0.02,0.03,0.18,-0.15,1.13,1.3,-0.17,2,2,0,0.17,62.2,68.56,47.53,0.71,0.23,235,9,14,8,19.72,34.78,7.35,5,3,21,2,17,149.1,80.9,22.53,18.6,83.47,56.36,2,Sakaryaspor 2-2 İstanbulspor,2026-04-04
Iğdır FK,1.15,1.69,-0.54,1.14,1.69,-0.55,0.01,0.0,0.01,1.15,1.69,-0.54,1,2,-1,-0.46,37.1,41.57,46.94,0.53,1.23,166,8,9,14,16.98,11.38,23.38,2,1,13,2,9,32.0,23.7,80.93,74.52,71.03,51.43,0,Erzurumspor FK 2-1 Iğdır FK,2026-04-04
Erzurumspor FK,1.69,1.15,0.54,1.69,1.14,0.55,0.0,0.01,-0.01,1.69,1.15,0.54,2,1,1,0.46,62.9,58.43,48.27,1.23,0.53,275,17,14,9,11.38,16.98,14.05,1,2,23,5,7,103.0,76.3,27.67,25.48,67.07,48.57,1,Erzurumspor FK 2-1 Iğdır FK,2026-04-04
Serik Spor,0.47,2.65,-2.18,0.34,2.62,-2.28,0.13,0.03,0.1,0.47,2.65,-2.18,0,3,-3,-0.82,62.6,78.57,49.48,0.46,0.28,285,12,11,10,23.91,35.71,8.97,8,1,8,5,12,157.7,82.87,25.8,25.03,59.58,41.1,0,Sarıyer 3-0 Serik Spor,2026-04-04
Sarıyer,2.65,0.47,2.18,2.62,0.34,2.28,0.03,0.13,-0.1,2.65,0.47,2.18,3,0,3,0.82,37.4,21.43,36.9,0.28,0.46,72,7,10,11,35.71,23.91,15.1,1,8,3,2,11,32.6,17.13,77.27,74.97,85.37,58.9,0,Sarıyer 3-0 Serik Spor,2026-04-04
Vanspor,1.1,2.86,-1.76,0.92,2.01,-1.09,0.17,0.09,0.08,1.1,2.1,-1.0,0,3,-3,-1.24,54.7,61.19,50.47,0.65,0.73,243,10,15,11,23.08,15.07,9.31,6,4,20,6,15,154.5,69.19,20.93,29.05,114.32,51.11,0,Ankara Keçiörengücü 3-0 Vanspor,2026-04-04
Ankara Keçiörengücü,2.86,1.1,1.76,2.01,0.92,1.09,0.09,0.17,-0.08,2.1,1.1,1.0,3,0,3,1.24,45.3,38.81,45.78,0.73,0.65,155,15,11,15,15.07,23.08,9.16,4,6,17,3,16,68.8,30.81,51.13,70.95,109.34,48.89,3,Ankara Keçiörengücü 3-0 Vanspor,2026-04-04
Bandırmaspor,0.89,1.87,-0.98,0.78,1.65,-0.87,0.11,0.22,-0.11,0.89,1.87,-0.98,1,0,1,1.98,28.9,19.49,41.06,0.31,1.48,95,5,7,14,22.58,9.46,25.22,4,5,8,2,4,18.2,6.04,132.07,97.15,64.77,36.86,0,Çorum 0-1 Bandırmaspor,2026-04-03
Çorum,1.87,0.89,0.98,1.65,0.78,0.87,0.22,0.11,0.11,1.87,0.89,0.98,0,1,-1,-1.98,71.1,80.51,56.49,1.48,0.31,447,23,14,7,9.46,22.58,10.0,5,4,43,13,10,283.0,93.96,3.87,2.85,110.97,63.14,1,Çorum 0-1 Bandırmaspor,2026-04-03
Ümraniyespor,0.42,1.42,-1.0,0.34,1.34,-1.0,0.08,0.09,-0.01,0.42,1.42,-1.0,0,1,-1,0.0,49.7,58.76,47.1,0.36,0.38,224,6,6,16,16.67,42.11,10.95,9,3,15,3,12,88.4,54.67,61.2,61.61,81.33,58.09,2,Bodrum FK 1-0 Ümraniyespor,2026-04-03
Bodrum FK,1.42,0.42,1.0,1.34,0.34,1.0,0.09,0.08,0.01,1.42,0.42,1.0,1,0,1,0.0,50.3,41.24,40.68,0.38,0.36,150,10,16,6,42.11,16.67,12.97,3,9,12,4,11,73.3,45.33,38.13,38.39,58.67,41.91,0,Bodrum FK 1-0 Ümraniyespor,2026-04-03
Hatayspor,0.73,3.35,-2.62,0.73,1.64,-0.91,0.0,0.19,-0.19,0.73,1.83,-1.1,1,4,-3,-0.38,40.4,25.74,34.67,0.15,0.91,74,1,4,17,26.67,18.68,10.93,4,7,3,1,15,10.8,5.23,31.33,49.11,6.57,2.93,0,Pendikspor 4-1 Hatayspor,2026-04-03
Pendikspor,3.35,0.73,2.62,1.64,0.73,0.91,0.19,0.0,0.19,1.83,0.73,1.1,4,1,3,0.38,59.6,74.26,53.78,0.91,0.15,266,17,17,4,18.68,26.67,6.73,7,4,23,3,13,195.7,94.77,32.47,50.89,217.32,97.07,2,Pendikspor 4-1 Hatayspor,2026-04-03
Manisa FK,2.37,0.42,1.95,1.39,0.39,1.0,0.99,0.02,0.97,2.37,0.42,1.95,1,2,-1,-2.95,60.4,76.43,51.63,1.97,0.22,293,35,21,11,10.66,50.0,9.28,7,0,29,8,10,213.1,92.17,29.53,29.77,198.8,85.38,2,Adana Demirspor 2-1 Manisa FK,2026-04-03
Adana Demirspor,0.42,2.37,-1.95,0.39,1.39,-1.0,0.02,0.99,-0.97,0.42,2.37,-1.95,2,1,1,2.95,39.6,23.57,39.32,0.22,1.97,101,4,11,21,50.0,10.66,19.81,0,7,6,2,10,18.1,7.83,69.67,70.23,34.03,14.62,1,Adana Demirspor 2-1 Manisa FK,2026-04-03
Erzurumspor FK,1.12,2.21,-1.09,1.12,1.69,-0.57,0.0,0.52,-0.52,1.12,2.21,-1.09,2,0,2,3.09,35.9,19.22,37.05,0.32,0.86,88,4,3,16,9.38,18.6,19.39,0,6,3,1,12,0.5,0.21,98.33,84.72,20.8,12.64,0,Esenler Erokspor 0-2 Erzurumspor FK,2026-03-22
Esenler Erokspor,2.21,1.12,1.09,1.69,1.12,0.57,0.52,0.0,0.52,2.21,1.12,1.09,0,2,-2,-3.09,64.1,80.78,53.29,0.86,0.32,356,26,16,3,18.6,9.38,10.55,6,0,43,11,9,241.7,99.79,17.73,15.28,143.7,87.36,5,Esenler Erokspor 0-2 Erzurumspor FK,2026-03-22
Bodrum FK,0.51,1.1,-0.59,0.51,0.77,-0.26,0.0,0.33,-0.33,0.51,1.1,-0.59,1,0,1,1.59,50.4,32.69,39.17,0.4,0.73,133,5,9,16,22.5,21.92,15.52,7,5,4,2,8,34.3,18.96,39.6,32.62,38.53,21.35,0,İstanbulspor 0-1 Bodrum FK,2026-03-22
İstanbulspor,1.1,0.51,0.59,0.77,0.51,0.26,0.33,0.0,0.33,1.1,0.51,0.59,0,1,-1,-1.59,49.6,67.31,48.05,0.73,0.4,215,15,16,9,21.92,22.5,21.1,5,7,30,10,10,146.6,81.04,81.8,67.38,141.93,78.65,1,İstanbulspor 0-1 Bodrum FK,2026-03-22
Çorum,2.48,0.42,2.06,1.53,0.42,1.11,0.19,0.0,0.19,1.72,0.42,1.3,2,0,2,-0.06,55.2,50.0,48.12,0.75,0.36,213,14,15,3,20.0,8.33,11.75,2,2,19,5,16,102.1,68.29,16.27,18.67,79.63,59.8,1,Iğdır FK 0-2 Çorum,2026-03-22
Iğdır FK,0.42,2.48,-2.06,0.42,1.53,-1.11,0.0,0.19,-0.19,0.42,1.72,-1.3,0,2,-2,0.06,44.8,50.0,48.4,0.36,0.75,179,8,3,15,8.33,20.0,10.82,2,2,18,5,10,47.4,31.71,70.87,81.33,53.53,40.2,3,Iğdır FK 0-2 Çorum,2026-03-22
Amed,2.2,0.32,1.88,2.2,0.32,1.88,0.0,0.0,0.0,2.2,0.32,1.88,3,0,3,1.12,54.1,62.2,45.4,0.91,0.27,198,18,10,5,10.99,18.52,9.18,9,2,20,5,15,110.2,89.23,39.33,43.77,139.23,90.61,0,Hatayspor 0-3 Amed,2026-03-22
Hatayspor,0.32,2.2,-1.88,0.32,2.2,-1.88,0.0,0.0,0.0,0.32,2.2,-1.88,0,3,-3,-1.12,45.9,37.8,34.69,0.27,0.91,102,6,5,10,18.52,10.99,13.59,2,9,11,1,15,13.3,10.77,50.53,56.23,14.43,9.39,1,Hatayspor 0-3 Amed,2026-03-22
Sarıyer,1.02,0.9,0.12,0.98,0.73,0.25,0.04,0.17,-0.13,1.02,0.9,0.12,0,0,0,-0.12,40.1,42.36,46.07,0.56,0.55,138,6,9,12,16.07,21.82,10.84,3,9,15,5,19,62.7,39.29,67.07,87.56,90.73,57.38,1,Vanspor 0-0 Sarıyer,2026-03-22
Vanspor,0.9,1.02,-0.12,0.73,0.98,-0.25,0.17,0.04,0.13,0.9,1.02,-0.12,0,0,0,0.12,59.9,57.64,46.22,0.55,0.56,186,8,12,9,21.82,16.07,6.47,9,3,17,6,12,96.9,60.71,9.53,12.44,67.4,42.62,1,Vanspor 0-0 Sarıyer,2026-03-22
Pendikspor,0.56,1.5,-0.94,0.38,1.42,-1.04,0.19,0.08,0.11,0.56,1.5,-0.94,0,0,0,0.94,48.3,54.81,50.91,0.6,1.19,236,9,10,13,16.67,10.92,11.81,4,6,20,4,15,81.1,48.3,69.73,64.77,115.23,56.39,1,Ümraniyespor 0-0 Pendikspor,2026-03-21
Ümraniyespor,1.5,0.56,0.94,1.42,0.38,1.04,0.08,0.19,-0.11,1.5,0.56,0.94,0,0,0,-0.94,51.7,45.19,46.04,1.19,0.6,193,10,13,10,10.92,16.67,15.24,6,4,17,6,7,86.8,51.7,37.93,35.23,89.13,43.61,0,Ümraniyespor 0-0 Pendikspor,2026-03-21
Adana Demirspor,0.81,5.32,-4.51,0.81,4.32,-3.51,0.0,0.24,-0.24,0.81,4.56,-3.75,0,7,-7,-2.49,46.2,13.53,32.22,0.11,2.66,46,3,3,26,27.27,9.77,25.7,0,18,1,1,7,7.4,2.47,42.67,41.94,0.0,0.0,0,Ankara Keçiörengücü 7-0 Adana Demirspor,2026-03-21
Ankara Keçiörengücü,5.32,0.81,4.51,4.32,0.81,3.51,0.24,0.0,0.24,4.56,0.81,3.75,7,0,7,2.49,53.8,86.47,57.56,2.66,0.11,273,33,26,3,9.77,27.27,8.38,18,0,33,8,12,292.8,97.53,59.07,58.06,568.92,100.0,2,Ankara Keçiörengücü 7-0 Adana Demirspor,2026-03-21
Sivasspor,2.39,0.33,2.06,1.63,0.2,1.43,0.0,0.12,-0.12,1.63,0.33,1.3,1,0,1,-1.06,44.6,42.67,44.34,1.15,0.5,163,10,13,6,11.3,12.0,14.31,6,6,26,10,8,91.6,50.39,76.13,74.54,133.03,72.25,0,Manisa FK 0-1 Sivasspor,2026-03-21
Manisa FK,0.33,2.39,-2.06,0.2,1.63,-1.43,0.12,0.0,0.12,0.33,1.63,-1.3,0,1,-1,1.06,55.4,57.33,47.24,0.5,1.15,207,11,6,13,12.0,11.3,11.37,6,6,12,4,9,90.2,49.61,26.0,25.46,51.1,27.75,1,Manisa FK 0-1 Sivasspor,2026-03-21
Bandırmaspor,0.57,1.38,-0.81,0.5,1.09,-0.59,0.08,0.29,-0.21,0.57,1.38,-0.81,0,0,0,0.81,40.8,36.27,46.41,0.24,0.56,146,7,7,17,29.17,30.36,17.86,0,2,18,7,11,37.3,22.14,86.8,82.82,62.4,41.63,1,Boluspor 0-0 Bandırmaspor,2026-03-21
Boluspor,1.38,0.57,0.81,1.09,0.5,0.59,0.29,0.08,0.21,1.38,0.57,0.81,0,0,0,-0.81,59.2,63.73,46.5,0.56,0.24,219,12,17,7,30.36,29.17,12.32,2,0,30,8,9,131.2,77.86,18.0,17.18,87.5,58.37,2,Boluspor 0-0 Bandırmaspor,2026-03-21
Sakaryaspor,0.43,2.49,-2.06,0.43,1.44,-1.01,0.0,0.3,-0.3,0.43,1.73,-1.3,0,2,-2,0.06,47.3,48.81,40.89,0.24,0.92,120,5,5,12,20.83,13.04,8.41,6,7,13,4,13,57.3,37.7,59.53,72.78,58.87,49.4,0,Serik Spor 2-0 Sakaryaspor,2026-03-21
Serik Spor,2.49,0.43,2.06,1.44,0.43,1.01,0.3,0.0,0.3,1.73,0.43,1.3,2,0,2,-0.06,52.7,51.19,43.2,0.92,0.24,142,12,12,5,13.04,20.83,8.71,7,6,20,5,14,94.7,62.3,22.27,27.22,60.3,50.6,1,Serik Spor 2-0 Sakaryaspor,2026-03-21
Manisa FK,0.09,2.1,-2.01,0.09,1.79,-1.7,0.0,0.31,-0.31,0.09,2.1,-2.01,0,2,-2,0.01,34.1,22.62,44.72,0.22,1.11,90,4,5,24,22.73,21.62,17.63,1,8,6,2,6,8.2,3.31,74.53,84.83,8.93,4.55,1,Amed 2-0 Manisa FK,2026-03-15
Amed,2.1,0.09,2.01,1.79,0.09,1.7,0.31,0.0,0.31,2.1,0.09,2.01,2,0,2,-0.01,65.9,77.38,57.97,1.11,0.22,372,19,24,5,21.62,22.73,7.5,8,1,42,17,12,239.3,96.69,13.33,15.17,187.43,95.45,0,Amed 2-0 Manisa FK,2026-03-15
Vanspor,1.51,1.87,-0.36,1.47,1.87,-0.4,0.04,0.0,0.04,1.51,1.87,-0.36,1,2,-1,-0.64,49.9,50.91,46.41,0.57,0.86,181,4,11,15,19.3,17.44,7.52,7,8,10,2,16,71.8,50.71,59.8,58.24,77.27,54.96,0,Sakaryaspor 2-1 Vanspor,2026-03-15
Sakaryaspor,1.87,1.51,0.36,1.87,1.47,0.4,0.0,0.04,-0.04,1.87,1.51,0.36,2,1,1,0.64,50.1,49.09,42.26,0.86,0.57,143,17,15,11,17.44,19.3,7.33,8,7,18,6,17,69.8,49.29,42.87,41.76,63.33,45.04,2,Sakaryaspor 2-1 Vanspor,2026-03-15
Ankara Keçiörengücü,0.94,0.75,0.19,0.94,0.71,0.23,0.0,0.05,-0.05,0.94,0.75,0.19,1,3,-2,-2.19,58.2,52.28,43.45,0.7,0.38,172,9,6,9,8.57,23.68,9.43,4,5,11,1,14,71.7,57.54,30.6,26.14,30.69,21.93,1,Sarıyer 3-1 Ankara Keçiörengücü,2026-03-15
Sarıyer,0.75,0.94,-0.19,0.71,0.94,-0.23,0.05,0.0,0.05,0.75,0.94,-0.19,3,1,2,2.19,41.8,47.72,42.59,0.38,0.7,121,5,9,6,23.68,8.57,12.42,5,4,14,3,14,52.9,42.46,86.47,73.86,109.23,78.07,1,Sarıyer 3-1 Ankara Keçiörengücü,2026-03-15
Ümraniyespor,0.63,1.06,-0.43,0.57,0.74,-0.17,0.06,0.32,-0.26,0.63,1.06,-0.43,0,1,-1,-0.57,50.3,40.32,43.9,0.61,0.5,163,7,8,10,13.11,20.0,10.9,8,8,20,6,7,64.3,37.28,47.6,56.85,65.77,45.34,1,Sivasspor 1-0 Ümraniyespor,2026-03-15
Sivasspor,1.06,0.63,0.43,0.74,0.57,0.17,0.32,0.06,0.26,1.06,0.63,0.43,1,0,1,0.57,49.7,59.68,51.16,0.5,0.61,228,11,10,8,20.0,13.11,10.88,8,8,26,9,13,108.2,62.72,36.13,43.15,79.3,54.66,1,Sivasspor 1-0 Ümraniyespor,2026-03-15
Hatayspor,1.02,3.82,-2.8,1.02,3.36,-2.34,0.0,0.47,-0.47,1.02,3.82,-2.8,0,3,-3,-0.2,37.8,17.38,31.05,0.19,1.65,55,1,5,23,26.32,13.94,14.07,3,4,5,3,13,3.8,1.48,85.93,70.9,10.7,5.2,0,Erzurumspor FK 3-0 Hatayspor,2026-03-15
Erzurumspor FK,3.82,1.02,2.8,3.36,1.02,2.34,0.47,0.0,0.47,3.82,1.02,2.8,3,0,3,0.2,62.2,82.62,52.54,1.65,0.19,323,26,23,5,13.94,26.32,9.91,4,3,25,9,8,252.5,98.52,35.27,29.1,194.93,94.8,0,Erzurumspor FK 3-0 Hatayspor,2026-03-15
İstanbulspor,1.9,1.62,0.28,1.13,1.2,-0.07,0.01,0.42,-0.41,1.14,1.62,-0.48,1,1,0,-0.28,41.2,38.22,45.05,0.42,0.72,124,7,9,14,21.43,19.44,9.46,4,4,7,4,20,30.0,18.16,66.2,75.0,48.8,38.68,1,Pendikspor 1-1 İstanbulspor,2026-03-14
Pendikspor,1.62,1.9,-0.28,1.2,1.13,0.07,0.42,0.01,0.41,1.62,1.14,0.48,1,1,0,0.28,58.8,61.78,49.52,0.72,0.42,237,13,14,9,19.44,21.43,6.9,4,4,32,8,13,135.2,81.84,22.07,25.0,77.37,61.32,3,Pendikspor 1-1 İstanbulspor,2026-03-14
Serik Spor,2.18,0.38,1.8,1.42,0.38,1.04,0.76,0.0,0.76,2.18,0.38,1.8,4,1,3,1.2,64.7,74.4,45.71,0.69,0.1,261,16,10,7,14.49,70.0,8.73,10,1,13,5,17,160.6,90.53,8.93,8.32,114.73,83.97,0,Adana Demirspor 1-4 Serik Spor,2026-03-14
Adana Demirspor,0.38,2.18,-1.8,0.38,1.42,-1.04,0.0,0.76,-0.76,0.38,2.18,-1.8,1,4,-3,-1.2,35.3,25.6,39.27,0.1,0.69,95,1,7,10,70.0,14.49,19.32,1,10,3,0,4,16.8,9.47,98.4,91.68,21.9,16.03,0,Adana Demirspor 1-4 Serik Spor,2026-03-14
Boluspor,0.86,2.11,-1.25,0.86,2.07,-1.21,0.0,0.04,-0.04,0.86,2.11,-1.25,0,2,-2,-0.75,61.3,60.85,45.09,0.72,0.88,212,8,8,12,11.11,13.64,7.49,5,3,22,3,10,84.4,58.9,27.6,21.02,43.3,22.06,0,Bodrum FK 2-0 Boluspor,2026-03-16
Bodrum FK,2.11,0.86,1.25,2.07,0.86,1.21,0.04,0.0,0.04,2.11,0.86,1.25,2,0,2,0.75,38.7,39.15,38.79,0.88,0.72,106,12,12,8,13.64,11.11,10.12,3,5,8,3,27,58.9,41.1,103.73,78.98,152.97,77.94,1,Bodrum FK 2-0 Boluspor,2026-03-16
Esenler Erokspor,1.37,1.21,0.16,0.61,0.52,0.09,0.0,0.69,-0.69,0.61,1.21,-0.6,1,2,-1,-1.16,53.4,54.98,43.91,0.47,0.28,183,6,10,10,21.28,35.71,16.38,1,3,14,1,6,95.8,53.25,14.73,16.63,69.1,34.86,1,Çorum 2-1 Esenler Erokspor,2026-03-16
Çorum,1.21,1.37,-0.16,0.52,0.61,-0.09,0.69,0.0,0.69,1.21,0.61,0.6,2,1,1,1.16,46.6,45.02,43.49,0.28,0.47,151,10,10,10,35.71,21.28,14.31,3,1,14,6,15,84.1,46.75,73.87,83.37,129.13,65.14,3,Çorum 2-1 Esenler Erokspor,2026-03-16
Iğdır FK,0.83,0.56,0.27,0.25,0.5,-0.25,0.59,0.05,0.54,0.83,0.56,0.27,0,0,0,-0.27,48.1,53.87,53.61,0.54,0.88,211,10,9,9,16.67,10.23,11.17,8,2,28,8,7,97.6,56.03,52.87,66.86,108.9,64.01,1,Bandırmaspor 0-0 Iğdır FK,2026-03-16
Bandırmaspor,0.56,0.83,-0.27,0.5,0.25,0.25,0.05,0.59,-0.54,0.56,0.83,-0.27,0,0,0,0.27,51.9,46.13,49.03,0.88,0.54,179,13,9,9,10.23,16.67,9.63,2,8,22,5,10,76.6,43.97,26.2,33.14,61.23,35.99,2,Bandırmaspor 0-0 Iğdır FK,2026-03-16
Bandırmaspor,1.05,2.15,-1.1,0.29,1.39,-1.1,0.0,0.77,-0.77,0.29,2.15,-1.86,1,1,0,1.1,25.9,20.05,42.67,0.21,1.74,92,8,5,16,23.81,9.2,17.7,3,5,5,0,8,6.8,2.28,120.73,96.48,15.0,6.28,3,Esenler Erokspor 1-1 Bandırmaspor,2026-03-12
Esenler Erokspor,2.15,1.05,1.1,1.39,0.29,1.1,0.77,0.0,0.77,2.15,0.29,1.86,1,1,0,-1.1,74.1,79.95,56.58,1.74,0.21,417,28,16,5,9.2,23.81,6.52,5,3,42,17,15,291.4,97.72,4.4,3.52,223.77,93.72,0,Esenler Erokspor 1-1 Bandırmaspor,2026-03-12
Çorum,2.77,0.79,1.98,2.36,0.03,2.33,0.42,0.0,0.42,2.77,0.03,2.74,2,1,1,-0.98,51.2,49.62,46.97,1.02,0.21,173,24,16,3,15.69,14.29,11.81,3,6,12,3,20,119.3,76.33,49.47,49.4,141.7,77.3,1,Boluspor 1-2 Çorum,2026-03-12
Boluspor,0.79,2.77,-1.98,0.03,2.36,-2.33,0.0,0.42,-0.42,0.03,2.77,-2.74,1,2,-1,0.98,48.8,50.38,41.66,0.21,1.02,152,3,3,16,14.29,15.69,9.31,6,3,16,6,13,37.0,23.67,50.67,50.6,41.6,22.7,1,Boluspor 1-2 Çorum,2026-03-12
Bodrum FK,2.08,1.74,0.34,1.32,0.81,0.51,0.0,0.17,-0.17,1.32,0.98,0.34,3,2,1,0.66,38.8,28.76,39.27,0.4,0.94,98,8,7,15,17.5,15.96,9.91,5,11,10,0,16,19.5,10.25,86.4,73.51,62.13,47.0,1,Iğdır FK 2-3 Bodrum FK,2026-03-12
Iğdır FK,1.74,2.08,-0.34,0.81,1.32,-0.51,0.17,0.0,0.17,0.98,1.32,-0.34,2,3,-1,-0.66,61.2,71.24,50.76,0.94,0.4,249,15,15,7,15.96,17.5,6.11,11,5,31,10,14,170.8,89.75,31.13,26.49,70.07,53.0,1,Iğdır FK 2-3 Bodrum FK,2026-03-12
Sakaryaspor,0.98,2.26,-1.28,0.89,2.01,-1.12,0.09,0.25,-0.16,0.98,2.26,-1.28,1,1,0,1.28,51.9,58.65,43.06,0.49,0.81,154,8,9,17,18.37,20.99,12.96,4,4,21,7,10,70.3,44.47,39.67,41.35,72.8,42.52,0,Ankara Keçiörengücü 1-1 Sakaryaspor,2026-03-11
Ankara Keçiörengücü,2.26,0.98,1.28,2.01,0.89,1.12,0.25,0.09,0.16,2.26,0.98,1.28,1,1,0,-1.28,48.1,41.35,41.24,0.81,0.49,137,17,17,9,20.99,18.37,10.53,4,4,14,3,14,87.8,55.53,56.27,58.65,98.4,57.48,2,Ankara Keçiörengücü 1-1 Sakaryaspor,2026-03-11
Erzurumspor FK,0.9,0.82,0.08,0.83,0.48,0.35,0.07,0.34,-0.27,0.9,0.82,0.08,1,3,-2,-2.08,59.2,62.99,48.75,0.84,0.28,337,11,9,8,10.71,28.57,15.08,5,5,17,3,4,128.5,73.18,20.87,15.22,64.17,37.1,0,Ümraniyespor 3-1 Erzurumspor FK,2026-03-11
Ümraniyespor,0.82,0.9,-0.08,0.48,0.83,-0.35,0.34,0.07,0.27,0.82,0.9,-0.08,3,1,2,2.08,40.8,37.01,43.79,0.28,0.84,172,13,8,9,28.57,10.71,18.7,5,5,12,4,8,47.1,26.82,116.27,84.78,108.81,62.9,2,Ümraniyespor 3-1 Erzurumspor FK,2026-03-11
Sivasspor,3.21,1.27,1.94,3.11,0.37,2.74,0.1,0.14,-0.04,3.21,0.51,2.7,2,1,1,-0.94,61.0,59.85,46.25,0.92,0.26,207,13,18,5,19.57,19.23,5.51,13,8,15,4,9,132.6,83.03,9.73,10.11,80.87,64.06,1,Hatayspor 1-2 Sivasspor,2026-03-11
Hatayspor,1.27,3.21,-1.94,0.37,3.11,-2.74,0.14,0.1,0.04,0.51,3.21,-2.7,1,2,-1,0.94,39.0,40.15,38.87,0.26,0.92,94,9,5,18,19.23,19.57,9.37,8,13,15,8,17,27.1,16.97,86.53,89.89,45.37,35.94,4,Hatayspor 1-2 Sivasspor,2026-03-11
Amed,1.46,1.05,0.41,1.36,0.88,0.48,0.09,0.17,-0.08,1.46,1.05,0.41,4,0,4,3.59,47.5,50.46,47.43,0.89,0.65,182,15,13,13,14.61,20.0,12.61,3,5,16,7,14,77.7,50.78,36.0,47.41,109.2,74.27,1,İstanbulspor 0-4 Amed,2026-03-11
İstanbulspor,1.05,1.46,-0.41,0.88,1.36,-0.48,0.17,0.09,0.08,1.05,1.46,-0.41,0,4,-4,-3.59,52.5,49.54,47.95,0.65,0.89,215,12,13,13,20.0,14.61,14.81,5,3,18,4,6,75.3,49.22,39.93,52.59,37.83,25.73,2,İstanbulspor 0-4 Amed,2026-03-11
Sarıyer,2.18,1.72,0.46,2.15,1.67,0.48,0.04,0.05,-0.01,2.18,1.72,0.46,0,3,-3,-3.46,58.6,71.96,49.37,1.48,0.45,292,17,20,9,13.51,20.0,13.36,5,4,28,4,14,230.7,87.79,57.0,45.89,195.82,84.1,1,Manisa FK 3-0 Sarıyer,2026-03-10
Manisa FK,1.72,2.18,-0.46,1.67,2.15,-0.48,0.05,0.04,0.01,1.72,2.18,-0.46,3,0,3,3.46,41.4,28.04,39.21,0.45,1.48,110,5,9,20,20.0,13.51,18.16,4,5,7,2,6,32.1,12.21,67.2,54.11,37.03,15.9,0,Manisa FK 3-0 Sarıyer,2026-03-10
Pendikspor,3.97,1.27,2.7,3.5,1.16,2.34,0.47,0.12,0.35,3.97,1.27,2.7,4,3,1,-1.7,44.2,31.48,43.82,1.28,1.18,129,13,14,13,10.94,11.02,11.07,3,6,12,2,12,91.7,34.05,68.07,69.5,131.07,75.92,0,Serik Spor 3-4 Pendikspor,2026-03-10
Serik Spor,1.27,3.97,-2.7,1.16,3.5,-2.34,0.12,0.47,-0.35,1.27,3.97,-2.7,3,4,-1,1.7,55.8,68.52,53.87,1.18,1.28,282,20,13,14,11.02,10.94,9.21,6,3,21,3,16,177.6,65.95,29.87,30.5,41.57,24.08,1,Serik Spor 3-4 Pendikspor,2026-03-10
Adana Demirspor,0.36,3.38,-3.02,0.28,3.38,-3.1,0.08,0.0,0.08,0.36,3.38,-3.02,0,1,-1,2.02,41.5,18.62,39.73,0.07,2.79,96,1,7,19,100.0,6.81,12.46,2,9,7,2,10,7.6,2.65,73.47,74.97,9.33,3.44,1,Vanspor 1-0 Adana Demirspor,2026-03-10
Vanspor,3.38,0.36,3.02,3.38,0.28,3.1,0.0,0.08,-0.08,3.38,0.36,3.02,1,0,1,-2.02,58.5,81.38,54.41,2.79,0.07,327,28,19,7,6.81,100.0,8.0,9,2,32,10,14,279.4,97.35,24.53,25.03,261.9,96.56,0,Vanspor 1-0 Adana Demirspor,2026-03-10
Esenler Erokspor,3.01,2.3,0.71,1.42,1.47,-0.05,0.07,0.07,0.0,1.49,1.54,-0.05,4,3,1,0.29,68.4,68.53,48.19,0.65,0.73,202,13,13,10,20.0,13.7,6.41,4,2,13,4,11,150.0,76.69,14.13,13.74,114.13,61.21,1,Bodrum FK 3-4 Esenler Erokspor,2026-03-08
Bodrum FK,2.3,3.01,-0.71,1.47,1.42,0.05,0.07,0.07,0.0,1.54,1.49,0.05,3,4,-1,-0.29,31.6,31.47,41.1,0.73,0.65,72,12,10,13,13.7,20.0,11.36,2,4,8,3,16,45.6,23.31,88.73,86.26,72.33,38.79,0,Bodrum FK 3-4 Esenler Erokspor,2026-03-08
Iğdır FK,0.85,3.28,-2.43,0.85,3.24,-2.39,0.0,0.03,-0.03,0.85,3.28,-2.43,0,2,-2,0.43,49.8,47.49,44.34,0.24,0.64,154,6,11,18,45.83,28.12,8.82,2,5,17,2,16,46.9,31.6,48.4,57.8,51.57,26.82,2,Boluspor 2-0 Iğdır FK,2026-03-08
Boluspor,3.28,0.85,2.43,3.24,0.85,2.39,0.03,0.0,0.03,3.28,0.85,2.43,2,0,2,-0.43,50.2,52.51,42.59,0.64,0.24,150,14,18,11,28.12,45.83,10.22,5,2,13,1,12,101.5,68.4,35.33,42.2,140.73,73.18,3,Boluspor 2-0 Iğdır FK,2026-03-08
Serik Spor,0.86,2.68,-1.82,0.44,1.9,-1.46,0.42,0.77,-0.35,0.86,2.68,-1.82,0,1,-1,0.82,36.4,28.99,49.28,0.61,0.55,171,12,14,20,22.95,36.36,23.53,1,7,19,6,8,20.9,8.44,80.67,81.48,24.2,11.37,0,Amed 1-0 Serik Spor,2026-03-07
Amed,2.68,0.86,1.82,1.9,0.44,1.46,0.77,0.42,0.35,2.68,0.86,1.82,1,0,1,-0.82,63.6,71.01,57.87,0.55,0.61,399,16,20,14,36.36,22.95,8.57,7,1,43,12,7,226.7,91.56,18.33,18.52,188.67,88.63,0,Amed 1-0 Serik Spor,2026-03-07
İstanbulspor,1.06,1.65,-0.59,1.0,1.47,-0.47,0.06,0.18,-0.12,1.06,1.65,-0.59,0,1,-1,-0.41,65.8,68.49,47.14,0.73,0.39,260,11,10,7,13.7,17.95,5.67,9,4,24,2,12,139.7,80.38,11.47,8.51,76.43,41.78,0,Bandırmaspor 1-0 İstanbulspor,2026-03-07
Bandırmaspor,1.65,1.06,0.59,1.47,1.0,0.47,0.18,0.06,0.12,1.65,1.06,0.59,1,0,1,0.41,34.2,31.51,40.73,0.39,0.73,107,8,7,10,17.95,13.7,13.17,4,9,5,2,17,34.1,19.62,123.33,91.49,106.5,58.22,1,Bandırmaspor 1-0 İstanbulspor,2026-03-07
Hatayspor,0.19,2.07,-1.88,0.19,1.85,-1.66,0.0,0.22,-0.22,0.19,2.07,-1.88,1,3,-2,-0.12,30.3,19.58,35.96,0.07,1.09,57,1,4,20,57.14,18.35,15.85,5,7,0,1,13,4.8,1.78,99.0,94.35,16.03,8.03,1,Çorum 3-1 Hatayspor,2026-03-07
Çorum,2.07,0.19,1.88,1.85,0.19,1.66,0.22,0.0,0.22,2.07,0.19,1.88,3,1,2,0.12,69.7,80.42,54.16,1.09,0.07,358,28,20,4,18.35,57.14,6.03,7,5,34,13,12,264.8,98.22,5.93,5.65,183.6,91.97,3,Çorum 3-1 Hatayspor,2026-03-07
Ankara Keçiörengücü,1.88,1.88,0.0,1.88,1.79,0.09,0.0,0.09,-0.09,1.88,1.88,0.0,1,0,1,1.0,43.5,34.19,46.07,0.46,1.21,137,8,9,13,19.57,10.74,11.0,5,7,5,1,14,33.7,18.3,57.73,61.59,41.67,32.63,2,Sivasspor 0-1 Ankara Keçiörengücü,2026-03-07
Sivasspor,1.88,1.88,0.0,1.79,1.88,-0.09,0.09,0.0,0.09,1.88,1.88,0.0,0,1,-1,-1.0,56.5,65.81,50.04,1.21,0.46,233,20,13,9,10.74,19.57,7.38,7,5,32,6,14,150.5,81.7,36.0,38.41,86.03,67.37,1,Sivasspor 0-1 Ankara Keçiörengücü,2026-03-07
Manisa FK,0.92,3.33,-2.41,0.91,2.55,-1.64,0.01,0.77,-0.76,0.92,3.33,-2.41,1,8,-7,-4.59,44.9,43.73,47.76,0.74,1.19,209,6,9,20,12.16,16.81,20.55,8,1,12,3,6,37.2,22.82,89.6,89.18,6.08,2.01,0,Erzurumspor FK 8-1 Manisa FK,2026-03-07
Erzurumspor FK,3.33,0.92,2.41,2.55,0.91,1.64,0.77,0.01,0.76,3.33,0.92,2.41,8,1,7,4.59,55.1,56.27,45.46,1.19,0.74,247,18,20,9,16.81,12.16,17.67,1,8,18,8,8,125.8,77.18,10.87,10.82,296.53,97.99,0,Erzurumspor FK 8-1 Manisa FK,2026-03-07
Vanspor,1.7,1.22,0.48,1.7,0.95,0.75,0.0,0.27,-0.27,1.7,1.22,0.48,1,1,0,-0.48,48.7,39.73,42.75,0.59,0.62,139,6,3,13,5.08,20.97,9.32,5,5,7,1,18,26.8,17.25,37.6,42.0,38.83,21.07,0,Pendikspor 1-1 Vanspor,2026-03-06
Pendikspor,1.22,1.7,-0.48,0.95,1.7,-0.75,0.27,0.0,0.27,1.22,1.7,-0.48,1,1,0,0.48,51.3,60.27,48.91,0.62,0.59,208,12,13,3,20.97,5.08,8.43,5,5,28,7,15,128.6,82.75,51.93,58.0,145.47,78.93,1,Pendikspor 1-1 Vanspor,2026-03-06
Adana Demirspor,0.1,4.06,-3.96,0.1,3.26,-3.16,0.0,0.8,-0.8,0.1,4.06,-3.96,0,4,-4,-0.04,34.0,16.24,37.28,0.0,1.92,75,0,2,26,inf,13.54,26.05,1,12,2,0,8,3.1,1.08,104.47,90.47,6.9,1.9,0,Sakaryaspor 4-0 Adana Demirspor,2026-03-06
Sakaryaspor,4.06,0.1,3.96,3.26,0.1,3.16,0.8,0.0,0.8,4.06,0.1,3.96,4,0,4,0.04,66.0,83.76,50.14,1.92,0.0,307,29,26,2,13.54,inf,6.81,12,1,21,9,9,284.6,98.92,11.0,9.53,356.67,98.1,1,Sakaryaspor 4-0 Adana Demirspor,2026-03-06
Ümraniyespor,0.95,1.62,-0.67,0.95,0.66,0.29,0.0,0.2,-0.2,0.95,0.86,0.09,2,1,1,1.67,42.9,35.74,39.42,0.6,1.52,104,9,8,11,13.33,7.24,10.77,8,12,4,1,16,48.0,26.64,70.8,66.46,92.9,50.24,1,Sarıyer 1-2 Ümraniyespor,2026-03-06
Sarıyer,1.62,0.95,0.67,0.66,0.95,-0.29,0.2,0.0,0.2,0.86,0.95,-0.09,1,2,-1,-1.67,57.1,64.26,46.48,1.52,0.6,224,20,11,8,7.24,13.33,6.71,12,8,25,7,15,132.2,73.36,35.73,33.54,92.03,49.76,2,Sarıyer 1-2 Ümraniyespor,2026-03-06
Çorum,1.89,0.2,1.69,0.92,0.16,0.76,0.2,0.04,0.16,1.13,0.2,0.93,1,0,1,-0.69,55.4,63.67,51.74,0.79,0.16,282,12,10,4,12.66,25.0,10.15,7,3,20,4,19,141.1,85.26,38.33,36.18,126.5,87.02,2,Manisa FK 0-1 Çorum,2026-03-02
Manisa FK,0.2,1.89,-1.69,0.16,0.92,-0.76,0.04,0.2,-0.16,0.2,1.13,-0.93,0,1,-1,0.69,44.6,36.33,43.26,0.16,0.79,159,1,4,10,25.0,12.66,12.9,3,7,13,4,12,24.4,14.74,67.6,63.82,18.87,12.98,4,Manisa FK 0-1 Çorum,2026-03-02
Sarıyer,0.34,0.84,-0.5,0.31,0.64,-0.33,0.03,0.2,-0.17,0.34,0.84,-0.5,0,0,0,0.5,39.1,37.69,42.58,0.38,0.58,123,8,6,10,15.79,17.24,11.76,4,11,12,4,7,47.2,26.56,104.6,75.69,98.13,47.05,3,Sakaryaspor 0-0 Sarıyer,2026-03-01
Sakaryaspor,0.84,0.34,0.5,0.64,0.31,0.33,0.2,0.03,0.17,0.84,0.34,0.5,0,0,0,-0.5,60.9,62.31,45.49,0.58,0.38,227,11,10,6,17.24,15.79,7.2,11,4,19,6,17,130.5,73.44,33.6,24.31,110.43,52.95,1,Sakaryaspor 0-0 Sarıyer,2026-03-01
Bandırmaspor,0.74,1.66,-0.92,0.69,1.2,-0.51,0.05,0.46,-0.41,0.74,1.66,-0.92,2,1,1,1.92,40.4,37.93,46.43,0.65,0.81,135,11,9,17,13.85,20.99,11.88,8,4,15,4,11,36.8,25.07,78.27,83.38,79.3,46.02,1,Ümraniyespor 1-2 Bandırmaspor,2026-03-01
Ümraniyespor,1.66,0.74,0.92,1.2,0.69,0.51,0.46,0.05,0.41,1.66,0.74,0.92,1,2,-1,-1.92,59.6,62.07,47.98,0.81,0.65,235,21,17,9,20.99,13.85,8.36,4,8,28,12,10,110.0,74.93,15.6,16.62,93.03,53.98,1,Ümraniyespor 1-2 Bandırmaspor,2026-03-01
Pendikspor,4.76,0.33,4.43,3.11,0.33,2.78,0.89,0.0,0.89,4.0,0.33,3.67,5,0,5,0.57,58.6,72.82,50.31,1.63,0.29,227,32,22,4,13.5,13.79,5.62,13,4,24,7,18,235.1,93.7,17.6,22.22,229.97,95.57,1,Adana Demirspor 0-5 Pendikspor,2026-03-01
Adana Demirspor,0.33,4.76,-4.43,0.33,3.11,-2.78,0.0,0.89,-0.89,0.33,4.0,-3.67,0,5,-5,-0.57,41.4,27.18,40.84,0.29,1.63,107,2,4,22,13.79,13.5,13.48,4,13,10,2,12,15.8,6.3,61.6,77.78,10.67,4.43,0,Adana Demirspor 0-5 Pendikspor,2026-03-01
Sivasspor,1.16,0.9,0.26,0.85,0.57,0.28,0.31,0.33,-0.02,1.16,0.9,0.26,1,0,1,0.74,49.9,42.7,40.1,0.75,1.03,126,16,8,6,10.67,5.83,8.46,3,4,13,8,15,49.0,38.86,46.53,45.71,56.03,45.63,4,Serik Spor 0-1 Sivasspor,2026-03-01
Serik Spor,0.9,1.16,-0.26,0.57,0.85,-0.28,0.33,0.31,0.02,0.9,1.16,-0.26,0,1,-1,-0.74,50.1,57.3,48.12,1.03,0.75,182,15,6,8,5.83,10.67,9.13,4,3,26,6,18,77.1,61.14,55.27,54.29,66.77,54.37,2,Serik Spor 0-1 Sivasspor,2026-03-01
Amed,1.03,2.13,-1.1,1.03,1.3,-0.27,0.0,0.83,-0.83,1.03,2.13,-1.1,2,2,0,1.1,53.8,62.35,51.47,0.74,1.24,244,14,8,14,10.81,11.29,12.5,5,2,28,5,12,133.9,61.59,67.0,61.54,158.7,71.21,1,Ankara Keçiörengücü 2-2 Amed,2026-02-28
Ankara Keçiörengücü,2.13,1.03,1.1,1.3,1.03,0.27,0.83,0.0,0.83,2.13,1.03,1.1,2,2,0,-1.1,46.2,37.65,41.48,1.24,0.74,144,18,14,8,11.29,10.81,12.18,2,5,16,2,12,83.5,38.41,41.87,38.46,64.17,28.79,2,Ankara Keçiörengücü 2-2 Amed,2026-02-28
Bodrum FK,4.12,1.22,2.9,3.13,1.22,1.91,0.22,0.0,0.22,3.36,1.22,2.14,3,1,2,-0.9,49.8,56.92,44.05,1.45,0.47,163,20,16,5,11.03,10.64,8.68,6,4,18,6,14,138.8,78.73,56.13,57.95,201.5,82.48,1,Hatayspor 1-3 Bodrum FK,2026-02-28
Hatayspor,1.22,4.12,-2.9,1.22,3.13,-1.91,0.0,0.22,-0.22,1.22,3.36,-2.14,1,3,-2,0.9,50.2,43.08,38.6,0.47,1.45,120,7,5,16,10.64,11.03,13.54,4,6,19,2,12,37.5,21.27,40.73,42.05,42.8,17.52,1,Hatayspor 1-3 Bodrum FK,2026-02-28
Erzurumspor FK,2.46,0.94,1.52,2.3,0.65,1.65,0.17,0.29,-0.12,2.46,0.94,1.52,3,0,3,1.48,38.6,33.33,44.21,1.17,0.7,131,15,10,11,8.55,15.71,9.06,8,2,14,5,14,30.2,20.42,82.73,85.88,83.27,64.1,1,Vanspor 0-3 Erzurumspor FK,2026-02-28
Vanspor,0.94,2.46,-1.52,0.65,2.3,-1.65,0.29,0.17,0.12,0.94,2.46,-1.52,0,3,-3,-1.48,61.4,66.67,47.98,0.7,1.17,268,8,11,10,15.71,8.55,8.97,2,8,23,7,15,117.7,79.58,13.6,14.12,46.63,35.9,2,Vanspor 0-3 Erzurumspor FK,2026-02-28
Iğdır FK,1.54,0.48,1.06,1.51,0.34,1.17,0.03,0.13,-0.1,1.54,0.48,1.06,2,1,1,-0.06,63.3,58.54,49.13,0.48,0.42,287,11,11,12,22.92,28.57,9.96,4,2,15,2,14,115.8,65.91,13.07,12.3,58.53,47.9,0,İstanbulspor 1-2 Iğdır FK,2026-02-27
İstanbulspor,0.48,1.54,-1.06,0.34,1.51,-1.17,0.13,0.03,0.1,0.48,1.54,-1.06,1,2,-1,0.06,36.7,41.46,43.76,0.42,0.48,126,10,12,11,28.57,22.92,13.08,2,4,20,4,10,59.9,34.09,93.2,87.7,63.67,52.1,2,İstanbulspor 1-2 Iğdır FK,2026-02-27
Boluspor,0.73,5.35,-4.62,0.54,4.88,-4.34,0.19,0.46,-0.27,0.73,5.35,-4.62,0,2,-2,2.62,44.8,39.31,37.24,0.36,0.68,113,5,6,22,16.67,32.35,15.19,4,6,10,4,6,41.3,21.18,54.2,44.62,43.9,19.48,1,Esenler Erokspor 2-0 Boluspor,2026-02-27
Esenler Erokspor,5.35,0.73,4.62,4.88,0.54,4.34,0.46,0.19,0.27,5.35,0.73,4.62,2,0,2,-2.62,55.2,60.69,44.61,0.68,0.36,207,17,22,6,32.35,16.67,11.0,6,4,14,7,15,153.7,78.82,67.27,55.38,181.47,80.52,1,Esenler Erokspor 2-0 Boluspor,2026-02-27
Vanspor,0.29,2.06,-1.77,0.17,2.01,-1.84,0.13,0.05,0.08,0.29,2.06,-1.77,0,1,-1,0.77,40.4,32.83,42.09,0.33,1.18,123,4,7,14,21.21,11.86,11.97,2,5,12,3,17,33.1,15.83,62.8,71.42,41.57,22.07,0,Amed 1-0 Vanspor,2026-02-23
Amed,2.06,0.29,1.77,2.01,0.17,1.84,0.05,0.13,-0.08,2.06,0.29,1.77,1,0,1,-0.77,59.6,67.17,50.57,1.18,0.33,278,18,14,7,11.86,21.21,6.63,5,2,34,4,12,176.0,84.17,25.13,28.58,146.8,77.93,2,Amed 1-0 Vanspor,2026-02-23
Ankara Keçiörengücü,1.19,0.89,0.3,1.19,0.81,0.38,0.0,0.08,-0.08,1.19,0.89,0.3,1,0,1,0.7,36.7,36.45,41.31,0.33,0.66,113,6,7,9,21.21,13.64,14.25,4,7,5,1,11,48.7,24.96,65.07,81.54,71.53,48.75,4,Pendikspor 0-1 Ankara Keçiörengücü,2026-02-23
Pendikspor,0.89,1.19,-0.3,0.81,1.19,-0.38,0.08,0.0,0.08,0.89,1.19,-0.3,0,1,-1,-0.7,63.3,63.55,50.04,0.66,0.33,258,16,9,7,13.64,21.21,7.38,7,4,29,6,14,146.4,75.04,14.73,18.46,75.2,51.25,4,Pendikspor 0-1 Ankara Keçiörengücü,2026-02-23
Adana Demirspor,0.71,4.94,-4.23,0.71,4.37,-3.66,0.0,0.57,-0.57,0.71,4.94,-4.23,0,5,-5,-0.77,42.2,31.95,38.51,0.32,2.06,100,4,12,23,37.5,11.17,30.69,0,7,4,0,4,19.4,10.9,83.13,72.67,5.0,1.29,0,Sarıyer 5-0 Adana Demirspor,2026-02-23
Sarıyer,4.94,0.71,4.23,4.37,0.71,3.66,0.57,0.0,0.57,4.94,0.71,4.23,5,0,5,0.77,57.8,68.05,44.4,2.06,0.32,178,25,23,12,11.17,37.5,10.53,7,0,22,7,16,158.6,89.1,31.27,27.33,381.52,98.71,0,Sarıyer 5-0 Adana Demirspor,2026-02-23
Sakaryaspor,1.09,2.64,-1.55,1.09,1.7,-0.61,0.0,0.93,-0.93,1.09,2.64,-1.55,1,4,-3,-1.45,45.7,55.26,46.56,0.52,0.47,184,7,10,18,19.23,38.3,11.22,4,6,15,3,17,69.6,40.39,84.67,66.99,42.49,21.44,0,Sivasspor 4-1 Sakaryaspor,2026-02-23
Sivasspor,2.64,1.09,1.55,1.7,1.09,0.61,0.93,0.0,0.93,2.64,1.09,1.55,4,1,3,1.45,54.3,44.74,43.23,0.47,0.52,176,16,18,10,38.3,19.23,8.21,6,4,19,5,13,102.7,59.61,41.73,33.01,155.73,78.56,0,Sivasspor 4-1 Sakaryaspor,2026-02-23
Manisa FK,1.73,1.86,-0.13,1.72,0.77,0.95,0.01,0.33,-0.32,1.73,1.1,0.63,2,1,1,1.13,36.0,20.0,38.34,0.63,0.89,83,5,7,13,11.11,14.61,17.04,4,5,10,2,16,12.1,6.19,96.07,88.57,61.0,39.58,1,Bodrum FK 1-2 Manisa FK,2026-02-22
Bodrum FK,1.86,1.73,0.13,0.77,1.72,-0.95,0.33,0.01,0.32,1.1,1.73,-0.63,1,2,-1,-1.13,64.0,80.0,51.54,0.89,0.63,319,22,13,7,14.61,11.11,8.61,5,4,37,6,6,183.3,93.81,12.4,11.43,93.13,60.42,1,Bodrum FK 1-2 Manisa FK,2026-02-22
Ümraniyespor,0.22,3.52,-3.3,0.22,2.76,-2.54,0.0,0.0,0.0,0.22,2.76,-2.54,0,2,-2,1.3,42.7,33.33,43.28,0.14,1.14,168,1,3,11,21.43,9.65,16.22,1,11,10,3,6,34.9,17.75,72.07,59.63,20.4,11.3,0,Çorum 2-0 Ümraniyespor,2026-02-22
Çorum,3.52,0.22,3.3,2.76,0.22,2.54,0.0,0.0,0.0,2.76,0.22,2.54,2,0,2,-1.3,57.3,66.67,49.97,1.14,0.14,269,15,11,3,9.65,21.43,9.12,11,1,26,4,18,161.7,82.25,48.8,40.37,160.13,88.7,2,Çorum 2-0 Ümraniyespor,2026-02-22
Serik Spor,1.56,2.27,-0.71,0.77,2.27,-1.5,0.03,0.0,0.03,0.8,2.27,-1.47,0,4,-4,-3.29,43.2,33.57,44.67,0.4,1.16,153,9,10,16,25.0,13.79,19.13,3,5,15,3,8,34.7,17.77,102.6,76.34,61.07,36.23,0,Erzurumspor FK 4-0 Serik Spor,2026-02-22
Erzurumspor FK,2.27,1.56,0.71,2.27,0.77,1.5,0.0,0.03,-0.03,2.27,0.8,1.47,4,0,4,3.29,56.8,66.43,48.13,1.16,0.4,255,19,16,10,13.79,25.0,16.23,5,3,14,0,8,160.6,82.23,31.8,23.66,107.5,63.77,0,Erzurumspor FK 4-0 Serik Spor,2026-02-22
Hatayspor,0.18,3.51,-3.33,0.16,2.41,-2.25,0.03,1.09,-1.06,0.18,3.51,-3.33,0,4,-4,-0.67,51.5,37.76,40.52,0.21,1.14,149,7,7,25,33.33,21.93,11.7,1,7,19,6,12,31.5,13.63,32.07,31.96,25.32,6.5,1,Bandırmaspor 4-0 Hatayspor,2026-02-22
Bandırmaspor,3.51,0.18,3.33,2.41,0.16,2.25,1.09,0.03,1.06,3.51,0.18,3.33,4,0,4,0.67,48.5,62.24,54.19,1.14,0.21,238,22,25,7,21.93,33.33,11.09,7,1,16,7,6,199.6,86.37,68.27,68.04,364.31,93.5,0,Bandırmaspor 4-0 Hatayspor,2026-02-22
İstanbulspor,1.54,1.16,0.38,1.54,1.16,0.38,0.0,0.0,0.0,1.54,1.16,0.38,1,0,1,0.62,33.7,37.78,41.2,0.68,0.83,94,12,13,10,19.12,12.05,17.71,1,4,15,3,17,50.8,32.58,120.0,96.36,118.5,68.8,6,Boluspor 0-1 İstanbulspor,2026-02-21
Boluspor,1.16,1.54,-0.38,1.16,1.54,-0.38,0.0,0.0,0.0,1.16,1.54,-0.38,0,1,-1,-0.62,66.3,62.22,45.97,0.83,0.68,232,16,10,13,12.05,19.12,7.16,4,1,29,5,10,105.1,67.42,4.53,3.64,53.73,31.2,4,Boluspor 0-1 İstanbulspor,2026-02-21
Esenler Erokspor,1.28,0.49,0.79,1.28,0.45,0.83,0.0,0.04,-0.04,1.28,0.49,0.79,3,0,3,2.21,47.0,46.51,42.16,0.7,0.4,139,7,9,7,12.86,17.5,9.55,2,6,14,6,13,49.7,47.74,90.73,73.21,134.47,83.42,0,Iğdır FK 0-3 Esenler Erokspor,2026-02-21
Iğdır FK,0.49,1.28,-0.79,0.45,1.28,-0.83,0.04,0.0,0.04,0.49,1.28,-0.79,0,3,-3,-2.21,53.0,53.49,43.99,0.4,0.7,166,8,7,9,17.5,12.86,7.76,6,2,18,6,18,54.4,52.26,33.2,26.79,26.73,16.58,1,Iğdır FK 0-3 Esenler Erokspor,2026-02-21
Pendikspor,2.43,0.97,1.46,1.26,0.81,0.45,0.4,0.16,0.24,1.67,0.97,0.7,2,0,2,0.54,53.6,49.23,47.34,0.65,0.71,217,11,14,10,21.54,14.08,7.12,8,8,19,5,18,68.1,43.88,31.4,32.85,56.5,36.36,1,Sakaryaspor 0-2 Pendikspor,2026-02-19
Sakaryaspor,0.97,2.43,-1.46,0.81,1.26,-0.45,0.16,0.4,-0.24,0.97,1.67,-0.7,0,2,-2,-0.54,46.4,50.77,48.08,0.71,0.65,199,14,10,14,14.08,21.54,9.1,8,8,18,5,12,87.1,56.12,64.2,67.15,98.9,63.64,1,Sakaryaspor 0-2 Pendikspor,2026-02-19
Bodrum FK,1.24,1.15,0.09,1.17,1.15,0.02,0.06,0.0,0.06,1.24,1.15,0.09,1,3,-2,-2.09,41.1,43.18,43.3,0.7,0.99,117,14,13,9,18.57,9.09,9.35,8,9,12,2,10,56.0,34.48,77.2,80.48,84.53,46.82,3,Vanspor 3-1 Bodrum FK,2026-02-19
Vanspor,1.15,1.24,-0.09,1.15,1.17,-0.02,0.0,0.06,-0.06,1.15,1.24,-0.09,3,1,2,2.09,58.9,56.82,45.47,0.99,0.7,177,8,9,13,9.09,18.57,7.41,9,8,14,2,13,106.4,65.52,18.73,19.52,96.0,53.18,1,Vanspor 3-1 Bodrum FK,2026-02-19
Sivasspor,1.98,0.23,1.75,1.92,0.23,1.69,0.06,0.0,0.06,1.98,0.23,1.75,1,1,0,-1.75,55.0,68.4,47.88,0.95,0.04,211,13,14,4,14.74,100.0,7.64,11,3,15,6,10,129.8,93.18,40.73,48.84,142.8,95.37,3,Adana Demirspor 1-1 Sivasspor,2026-02-19
Adana Demirspor,0.23,1.98,-1.75,0.23,1.92,-1.69,0.0,0.06,-0.06,0.23,1.98,-1.75,1,1,0,1.75,45.0,31.6,37.87,0.04,0.95,108,1,4,14,100.0,14.74,13.62,3,11,2,0,9,9.5,6.82,42.67,51.16,6.93,4.63,0,Adana Demirspor 1-1 Sivasspor,2026-02-19
Amed,0.04,1.33,-1.29,0.04,0.44,-0.4,0.0,0.13,-0.13,0.04,0.57,-0.53,1,1,0,1.29,46.8,36.29,43.63,0.3,0.65,125,4,2,13,6.67,20.0,10.96,2,7,7,1,17,19.4,12.37,60.27,59.75,32.4,15.07,0,Sarıyer 1-1 Amed,2026-02-19
Sarıyer,1.33,0.04,1.29,0.44,0.04,0.4,0.13,0.0,0.13,0.57,0.04,0.53,1,1,0,-1.29,53.2,63.71,47.76,0.65,0.3,188,20,13,2,20.0,6.67,8.24,7,2,18,6,12,137.4,87.63,40.6,40.25,182.53,84.93,2,Sarıyer 1-1 Amed,2026-02-19
Bandırmaspor,0.89,3.85,-2.96,0.87,3.82,-2.95,0.02,0.03,-0.01,0.89,3.85,-2.96,2,3,-1,1.96,32.0,26.73,46.74,0.48,1.53,118,4,6,23,12.5,15.03,19.18,0,4,12,4,14,9.6,3.54,128.6,96.55,56.57,28.24,1,Manisa FK 3-2 Bandırmaspor,2026-02-18
Manisa FK,3.85,0.89,2.96,3.82,0.87,2.95,0.03,0.02,0.01,3.85,0.89,2.96,3,2,1,-1.96,68.0,73.27,52.0,1.53,0.48,313,18,23,6,15.03,12.5,6.91,4,0,31,6,8,261.8,96.46,4.6,3.45,143.77,71.76,0,Manisa FK 3-2 Bandırmaspor,2026-02-18
Çorum,3.8,1.69,2.11,2.96,1.69,1.27,0.08,0.0,0.08,3.04,1.69,1.35,3,2,1,-1.11,60.7,67.73,49.56,1.16,0.57,248,16,12,6,10.34,10.53,8.55,7,5,31,11,14,173.2,82.01,19.53,23.05,154.7,76.18,1,Serik Spor 2-3 Çorum,2026-02-18
Serik Spor,1.69,3.8,-2.11,1.69,2.96,-1.27,0.0,0.08,-0.08,1.69,3.04,-1.35,2,3,-1,1.11,39.3,32.27,44.03,0.57,1.16,124,9,6,12,10.53,10.34,12.89,5,7,9,1,13,38.0,17.99,65.2,76.95,48.37,23.82,1,Serik Spor 2-3 Çorum,2026-02-18
Erzurumspor FK,2.55,0.42,2.13,1.69,0.33,1.36,0.1,0.09,0.01,1.79,0.42,1.37,2,1,1,-1.13,72.6,72.91,52.39,1.33,0.31,413,26,15,6,11.28,19.35,6.82,5,5,40,4,11,258.9,88.73,8.07,4.17,102.03,59.06,0,Ankara Keçiörengücü 1-2 Erzurumspor FK,2026-02-18
Ankara Keçiörengücü,0.42,2.55,-2.13,0.33,1.69,-1.36,0.09,0.1,-0.01,0.42,1.79,-1.37,1,2,-1,1.13,27.4,27.09,46.47,0.31,1.33,108,4,6,15,19.35,11.28,22.14,5,5,17,5,14,32.9,11.27,185.47,95.83,70.73,40.94,2,Ankara Keçiörengücü 1-2 Erzurumspor FK,2026-02-18
Esenler Erokspor,3.99,0.91,3.08,2.21,0.89,1.32,0.26,0.02,0.24,2.47,0.91,1.56,4,1,3,-0.08,62.8,62.59,47.24,1.02,0.52,244,21,15,9,14.71,17.31,10.04,4,5,17,7,11,148.3,79.9,13.8,10.96,89.3,64.98,0,İstanbulspor 1-4 Esenler Erokspor,2026-02-17
İstanbulspor,0.91,3.99,-3.08,0.89,2.21,-1.32,0.02,0.26,-0.24,0.91,2.47,-1.56,1,4,-3,0.08,37.2,37.41,44.14,0.52,1.02,121,6,9,15,17.31,14.71,18.38,5,4,14,3,12,37.3,20.1,112.13,89.04,48.13,35.02,0,İstanbulspor 1-4 Esenler Erokspor,2026-02-17
Boluspor,1.56,2.76,-1.2,0.62,1.88,-1.26,0.18,0.12,0.06,0.8,2.0,-1.2,2,4,-2,-0.8,55.9,60.62,47.52,0.75,0.72,211,9,11,14,14.67,19.44,8.61,7,5,24,4,11,109.0,55.53,23.33,25.18,59.81,25.83,1,Ümraniyespor 4-2 Boluspor,2026-02-17
Ümraniyespor,2.76,1.56,1.2,1.88,0.62,1.26,0.12,0.18,-0.06,2.0,0.8,1.2,4,2,2,0.8,44.1,39.38,46.05,0.72,0.75,147,9,14,11,19.44,14.67,17.14,5,7,10,3,5,87.3,44.47,69.33,74.82,171.72,74.17,2,Ümraniyespor 4-2 Boluspor,2026-02-17
Iğdır FK,2.82,0.35,2.47,1.99,0.33,1.66,0.07,0.02,0.05,2.06,0.35,1.71,2,0,2,-0.47,60.9,62.83,48.73,0.77,0.42,253,20,15,6,19.48,14.29,7.17,2,2,14,9,14,168.1,80.66,20.0,24.27,146.97,94.07,0,Hatayspor 0-2 Iğdır FK,2026-02-17
Hatayspor,0.35,2.82,-2.47,0.33,1.99,-1.66,0.02,0.07,-0.05,0.35,2.06,-1.71,0,2,-2,0.47,39.1,37.17,42.61,0.42,0.77,126,6,6,15,14.29,19.48,10.34,2,2,13,1,20,40.3,19.34,62.4,75.73,9.27,5.93,4,Hatayspor 0-2 Iğdır FK,2026-02-17
Sarıyer,0.26,1.47,-1.21,0.18,1.47,-1.29,0.08,0.0,0.08,0.26,1.47,-1.21,0,2,-2,-0.79,43.3,48.38,44.79,0.4,0.45,196,6,8,14,20.0,31.11,15.97,4,4,14,2,9,60.8,38.36,96.6,66.62,31.47,14.52,0,Pendikspor 2-0 Sarıyer,2026-02-15
Pendikspor,1.47,0.26,1.21,1.47,0.18,1.29,0.0,0.08,-0.08,1.47,0.26,1.21,2,0,2,0.79,56.7,51.62,40.89,0.45,0.4,204,9,14,8,31.11,20.0,10.97,4,4,9,2,17,97.7,61.64,48.4,33.38,185.33,85.48,0,Pendikspor 2-0 Sarıyer,2026-02-15
Sakaryaspor,1.5,2.37,-0.87,1.48,2.27,-0.79,0.02,0.09,-0.07,1.5,2.37,-0.87,1,1,0,0.87,45.4,39.94,48.83,0.35,1.9,196,5,17,17,48.57,8.95,12.65,3,7,17,4,12,73.2,27.4,53.07,57.81,64.6,26.46,1,Amed 1-1 Sakaryaspor,2026-02-15
Amed,2.37,1.5,0.87,2.27,1.48,0.79,0.09,0.02,0.07,2.37,1.5,0.87,1,1,0,-0.87,54.6,60.06,53.1,1.9,0.35,256,28,17,17,8.95,48.57,10.06,7,3,35,5,7,194.0,72.6,38.73,42.19,179.57,73.54,2,Amed 1-1 Sakaryaspor,2026-02-15
Ankara Keçiörengücü,2.49,1.58,0.91,1.6,1.58,0.02,0.89,0.0,0.89,2.49,1.58,0.91,3,4,-1,-1.91,47.4,58.09,50.43,2.1,0.38,167,21,16,15,7.62,39.47,10.7,7,2,30,5,9,116.3,65.26,52.13,65.94,102.43,61.32,3,Bodrum FK 4-3 Ankara Keçiörengücü,2026-02-14
Bodrum FK,1.58,2.49,-0.91,1.58,1.6,-0.02,0.0,0.89,-0.89,1.58,2.49,-0.91,4,3,1,1.91,52.6,41.91,40.09,0.38,2.1,118,11,15,16,39.47,7.62,8.17,2,7,12,2,15,61.9,34.74,26.93,34.06,64.6,38.68,1,Bodrum FK 4-3 Ankara Keçiörengücü,2026-02-14
Vanspor,1.77,2.41,-0.64,1.67,2.12,-0.45,0.1,0.29,-0.19,1.77,2.41,-0.64,3,3,0,0.64,69.0,68.05,47.62,1.36,1.04,239,14,13,22,9.56,21.15,6.75,2,2,20,4,17,115.3,66.04,1.33,1.04,43.03,21.98,0,Sivasspor 3-3 Vanspor,2026-02-14
Sivasspor,2.41,1.77,0.64,2.12,1.67,0.45,0.29,0.1,0.19,2.41,1.77,0.64,3,3,0,-0.64,31.0,31.95,46.09,1.04,1.36,92,21,22,13,21.15,9.56,12.68,2,2,14,6,13,59.3,33.96,126.2,98.96,152.73,78.02,1,Sivasspor 3-3 Vanspor,2026-02-14
Serik Spor,2.67,0.25,2.42,1.83,0.21,1.62,0.08,0.05,0.03,1.91,0.25,1.66,3,0,3,0.58,51.3,40.75,44.27,0.45,0.84,160,9,14,6,31.11,7.14,12.28,4,6,9,2,15,67.4,42.66,42.2,43.21,86.93,56.4,0,Bandırmaspor 0-3 Serik Spor,2026-02-14
Bandırmaspor,0.25,2.67,-2.42,0.21,1.83,-1.62,0.05,0.08,-0.03,0.25,1.91,-1.66,0,3,-3,-0.58,48.7,59.25,46.83,0.84,0.45,180,22,6,14,7.14,31.11,12.82,6,4,17,4,5,90.6,57.34,55.47,56.79,67.2,43.6,5,Bandırmaspor 0-3 Serik Spor,2026-02-14
Adana Demirspor,0.1,7.23,-7.13,0.1,5.71,-5.61,0.0,0.77,-0.77,0.1,6.47,-6.37,0,7,-7,0.13,26.6,14.6,33.98,0.01,2.89,45,1,4,25,400.0,8.65,66.71,0,7,3,1,7,2.6,0.79,135.53,94.78,6.18,1.6,0,Erzurumspor FK 7-0 Adana Demirspor,2026-02-14
Erzurumspor FK,7.23,0.1,7.13,5.71,0.1,5.61,0.77,0.0,0.77,6.47,0.1,6.37,7,0,7,-0.13,73.4,85.4,52.34,2.89,0.01,360,43,25,4,8.65,400.0,8.6,7,0,40,11,7,327.0,99.21,7.47,5.22,380.66,98.4,1,Erzurumspor FK 7-0 Adana Demirspor,2026-02-14
İstanbulspor,2.92,2.55,0.37,1.4,1.74,-0.34,0.0,0.82,-0.82,1.4,2.55,-1.15,3,2,1,0.63,32.3,17.72,35.42,0.47,1.59,63,3,6,14,12.77,8.81,19.91,2,11,10,1,10,35.8,12.88,94.47,77.73,43.63,21.78,0,Çorum 2-3 İstanbulspor,2026-02-13
Çorum,2.55,2.92,-0.37,1.74,1.4,0.34,0.82,0.0,0.82,2.55,1.4,1.15,2,3,-1,-0.63,67.7,82.28,56.46,1.59,0.47,422,27,14,6,8.81,12.77,9.68,11,2,53,10,7,242.1,87.12,27.07,22.27,156.73,78.22,3,Çorum 2-3 İstanbulspor,2026-02-13
Manisa FK,0.55,2.65,-2.1,0.4,2.48,-2.08,0.15,0.17,-0.02,0.55,2.65,-2.1,1,3,-2,0.1,35.6,31.76,42.38,0.28,1.51,115,7,9,16,32.14,10.6,17.0,5,9,12,4,12,30.5,12.83,108.27,77.45,45.07,25.43,3,Esenler Erokspor 3-1 Manisa FK,2026-02-13
Esenler Erokspor,2.65,0.55,2.1,2.48,0.4,2.08,0.17,0.15,0.02,2.65,0.55,2.1,3,1,2,-0.1,64.4,68.24,51.92,1.51,0.28,305,22,16,9,10.6,32.14,7.91,9,5,21,5,11,207.3,87.17,31.53,22.55,132.13,74.57,2,Esenler Erokspor 3-1 Manisa FK,2026-02-13
Hatayspor,1.1,2.63,-1.53,0.31,1.53,-1.22,0.02,0.34,-0.32,0.34,1.87,-1.53,1,3,-2,-0.47,39.8,45.09,41.67,0.23,0.51,116,4,5,10,21.74,19.61,11.62,8,7,14,3,13,35.0,26.72,85.8,79.84,46.66,23.77,2,Boluspor 3-1 Hatayspor,2026-02-13
Boluspor,2.63,1.1,1.53,1.53,0.31,1.22,0.34,0.02,0.32,1.87,0.34,1.53,3,1,2,0.47,60.2,54.91,42.92,0.51,0.23,172,8,10,5,19.61,21.74,6.68,7,8,17,5,14,96.0,73.28,21.67,20.16,149.61,76.23,1,Boluspor 3-1 Hatayspor,2026-02-13
Ümraniyespor,0.81,2.72,-1.91,0.59,1.46,-0.87,0.22,0.5,-0.28,0.81,1.96,-1.15,1,1,0,1.91,45.3,42.59,44.68,0.69,0.69,168,9,8,11,11.59,15.94,13.0,4,3,13,4,7,57.5,32.91,38.53,51.1,43.4,26.33,1,Iğdır FK 1-1 Ümraniyespor,2026-02-13
Iğdır FK,2.72,0.81,1.91,1.46,0.59,0.87,0.5,0.22,0.28,1.96,0.81,1.15,1,1,0,-1.91,54.7,57.41,50.36,0.69,0.69,232,16,11,8,15.94,11.59,10.31,3,4,18,4,16,117.2,67.09,36.87,48.9,121.43,73.67,1,Iğdır FK 1-1 Ümraniyespor,2026-02-13
Erzurumspor FK,1.69,0.22,1.47,1.61,0.22,1.39,0.08,0.0,0.08,1.69,0.22,1.47,1,0,1,-0.47,44.4,48.7,45.12,0.66,0.27,175,13,9,6,13.64,22.22,10.88,3,7,12,3,18,92.6,59.9,86.13,79.9,145.03,79.91,0,Sakaryaspor 0-1 Erzurumspor FK,2026-02-09
Sakaryaspor,0.22,1.69,-1.47,0.22,1.61,-1.39,0.0,0.08,-0.08,0.22,1.69,-1.47,0,1,-1,0.47,55.6,51.3,42.42,0.27,0.66,206,7,6,9,22.22,13.64,8.55,7,3,10,0,15,62.0,40.1,21.67,20.1,36.47,20.09,1,Sakaryaspor 0-1 Erzurumspor FK,2026-02-09
Boluspor,1.89,2.5,-0.61,1.89,1.59,0.3,0.0,0.15,-0.15,1.89,1.74,0.15,1,4,-3,-2.39,59.9,58.19,46.41,0.95,0.74,202,13,11,13,11.58,17.57,7.52,3,5,17,2,9,84.7,61.73,23.33,21.12,44.42,32.9,0,Manisa FK 4-1 Boluspor,2026-02-08
Manisa FK,2.5,1.89,0.61,1.59,1.89,-0.3,0.15,0.0,0.15,1.74,1.89,-0.15,4,1,3,2.39,40.1,41.81,44.96,0.74,0.95,110,11,13,11,17.57,11.58,11.03,5,3,13,4,17,52.5,38.27,87.13,78.88,90.61,67.1,2,Manisa FK 4-1 Boluspor,2026-02-08
Bodrum FK,3.47,0.22,3.25,2.89,0.22,2.67,0.58,0.0,0.58,3.47,0.22,3.25,5,0,5,1.75,58.3,57.58,41.5,0.85,0.16,173,12,18,3,21.18,18.75,8.7,7,4,23,8,8,112.4,81.63,10.73,7.94,101.23,60.4,2,Adana Demirspor 0-5 Bodrum FK,2026-02-08
Adana Demirspor,0.22,3.47,-3.25,0.22,2.89,-2.67,0.0,0.58,-0.58,0.22,3.47,-3.25,0,5,-5,-1.75,41.7,42.42,44.38,0.16,0.85,126,3,3,18,18.75,21.18,16.58,4,7,7,3,8,25.3,18.37,124.47,92.06,66.37,39.6,0,Adana Demirspor 0-5 Bodrum FK,2026-02-08
İstanbulspor,2.0,0.49,1.51,2.0,0.33,1.67,0.0,0.16,-0.16,2.0,0.49,1.51,0,0,0,-1.51,53.7,54.76,45.23,0.8,0.45,241,12,11,7,13.75,15.56,24.06,2,2,24,2,3,111.6,62.7,45.0,34.14,85.93,51.01,0,Ümraniyespor 0-0 İstanbulspor,2026-02-08
Ümraniyespor,0.49,2.0,-1.51,0.33,2.0,-1.67,0.16,0.0,0.16,0.49,2.0,-1.51,0,0,0,1.51,46.3,45.24,44.61,0.45,0.8,191,7,7,11,15.56,13.75,28.88,2,2,19,4,5,66.4,37.3,86.8,65.86,82.53,48.99,1,Ümraniyespor 0-0 İstanbulspor,2026-02-08
Bandırmaspor,1.26,2.33,-1.07,1.01,1.42,-0.41,0.25,0.15,0.1,1.26,1.57,-0.31,1,3,-2,-0.93,54.5,55.56,52.87,0.55,0.55,218,13,12,13,21.82,23.64,9.96,6,2,26,4,10,122.2,60.56,36.4,34.15,85.02,40.5,3,Ankara Keçiörengücü 3-1 Bandırmaspor,2026-02-08
Ankara Keçiörengücü,2.33,1.26,1.07,1.42,1.01,0.41,0.15,0.25,-0.1,1.57,1.26,0.31,3,1,2,0.93,45.5,44.44,47.37,0.55,0.55,147,8,13,12,23.64,21.82,14.15,2,6,16,4,12,79.6,39.44,70.2,65.85,124.89,59.5,6,Ankara Keçiörengücü 3-1 Bandırmaspor,2026-02-08
Iğdır FK,2.43,0.91,1.52,1.61,0.56,1.05,0.82,0.35,0.47,2.43,0.91,1.52,3,1,2,0.48,57.1,65.65,49.97,0.56,0.28,239,11,18,9,32.14,32.14,9.84,5,2,20,10,11,126.4,78.27,34.4,39.45,133.47,86.03,0,Serik Spor 1-3 Iğdır FK,2026-02-08
Serik Spor,0.91,2.43,-1.52,0.56,1.61,-1.05,0.35,0.82,-0.47,0.91,2.43,-1.52,1,3,-2,-0.48,42.9,34.35,44.18,0.28,0.56,137,7,9,18,32.14,32.14,14.42,2,5,10,3,10,35.1,21.73,52.8,60.55,21.67,13.97,0,Serik Spor 1-3 Iğdır FK,2026-02-08
Amed,2.02,1.65,0.37,2.02,1.44,0.58,0.0,0.21,-0.21,2.02,1.65,0.37,2,0,2,1.63,50.2,52.8,51.36,2.42,1.74,238,24,18,11,7.44,6.32,13.07,5,4,24,5,13,157.1,60.8,80.4,57.62,164.53,82.8,0,Pendikspor 0-2 Amed,2026-02-07
Pendikspor,1.65,2.02,-0.37,1.44,2.02,-0.58,0.21,0.0,0.21,1.65,2.02,-0.37,0,2,-2,-1.63,49.8,47.2,47.95,1.74,2.42,223,16,11,18,6.32,7.44,10.28,4,5,17,2,15,101.3,39.2,59.13,42.38,34.17,17.2,0,Pendikspor 0-2 Amed,2026-02-07
Çorum,1.46,1.42,0.04,1.41,1.39,0.02,0.06,0.03,0.03,1.46,1.42,0.04,1,3,-2,-2.04,43.1,40.43,44.01,0.95,0.58,107,14,8,12,8.42,20.69,9.97,6,2,21,5,18,47.4,29.87,63.4,81.56,68.1,45.63,1,Vanspor 3-1 Çorum,2026-02-07
Vanspor,1.42,1.46,-0.04,1.39,1.41,-0.02,0.03,0.06,-0.03,1.42,1.46,-0.04,3,1,2,2.04,56.9,59.57,47.44,0.58,0.95,187,6,12,8,20.69,8.42,7.0,2,6,25,5,10,111.3,70.13,14.33,18.44,81.13,54.37,0,Vanspor 3-1 Çorum,2026-02-07
Esenler Erokspor,2.27,0.41,1.86,1.21,0.26,0.95,0.3,0.15,0.15,1.51,0.41,1.1,5,0,5,3.14,71.4,70.04,44.55,0.75,0.16,263,21,13,5,17.33,31.25,6.89,7,1,14,7,10,150.1,89.77,7.13,4.18,75.8,56.18,0,Hatayspor 0-5 Esenler Erokspor,2026-02-07
Hatayspor,0.41,2.27,-1.86,0.26,1.21,-0.95,0.15,0.3,-0.15,0.41,1.51,-1.1,0,5,-5,-3.14,28.6,29.96,34.28,0.16,0.75,59,5,5,13,31.25,17.33,21.28,1,7,3,1,15,17.1,10.23,163.47,95.82,59.13,43.82,1,Hatayspor 0-5 Esenler Erokspor,2026-02-07
Sivasspor,0.65,0.5,0.15,0.65,0.5,0.15,0.0,0.0,0.0,0.65,0.5,0.15,0,1,-1,-1.15,63.3,55.09,46.24,0.64,0.36,221,9,7,7,10.94,19.44,5.5,4,6,22,1,18,66.0,46.19,4.0,3.69,27.4,16.29,0,Sarıyer 1-0 Sivasspor,2026-02-07
Sarıyer,0.5,0.65,-0.15,0.5,0.65,-0.15,0.0,0.0,0.0,0.5,0.65,-0.15,1,0,1,1.15,36.7,44.91,44.91,0.36,0.64,119,10,7,7,19.44,10.94,11.7,6,4,10,2,15,76.9,53.81,104.53,96.31,140.83,83.71,1,Sarıyer 1-0 Sivasspor,2026-02-07
Ümraniyespor,0.61,1.36,-0.75,0.44,1.34,-0.9,0.16,0.02,0.14,0.61,1.36,-0.75,0,1,-1,-0.25,48.1,40.8,44.04,0.36,0.85,184,7,9,16,25.0,18.82,17.45,3,10,12,6,12,62.6,28.01,38.4,38.92,35.03,15.44,1,Esenler Erokspor 1-0 Ümraniyespor,2026-02-02
Esenler Erokspor,1.36,0.61,0.75,1.34,0.44,0.9,0.02,0.16,-0.14,1.36,0.61,0.75,1,0,1,0.25,51.9,59.2,51.18,0.85,0.36,240,27,16,9,18.82,25.0,10.36,10,3,21,7,6,160.9,71.99,60.27,61.08,191.8,84.56,0,Esenler Erokspor 1-0 Ümraniyespor,2026-02-02
Adana Demirspor,0.01,3.78,-3.77,0.01,2.96,-2.95,0.0,0.82,-0.82,0.01,3.78,-3.77,0,7,-7,-3.23,41.9,6.95,31.29,0.04,2.21,41,0,1,29,25.0,13.12,17.16,1,19,2,0,5,0.7,0.17,35.87,39.39,0.21,0.03,0,Amed 7-0 Adana Demirspor,2026-02-01
Amed,3.78,0.01,3.77,2.96,0.01,2.95,0.82,0.0,0.82,3.78,0.01,3.77,7,0,7,3.23,58.1,93.05,59.82,2.21,0.04,386,38,29,1,13.12,25.0,7.49,19,1,38,15,14,402.5,99.83,55.2,60.61,769.85,99.97,0,Amed 7-0 Adana Demirspor,2026-02-01
Sakaryaspor,0.77,1.39,-0.62,0.77,1.05,-0.28,0.0,0.34,-0.34,0.77,1.39,-0.62,0,2,-2,-1.38,40.3,40.58,43.81,0.55,0.61,130,10,7,15,12.73,24.59,11.58,3,7,19,2,13,70.0,28.39,80.73,76.7,67.5,35.49,3,Boluspor 2-0 Sakaryaspor,2026-02-01
Boluspor,1.39,0.77,0.62,1.05,0.77,0.28,0.34,0.0,0.34,1.39,0.77,0.62,2,0,2,1.38,59.7,59.42,47.07,0.61,0.55,230,15,15,7,24.59,12.73,8.03,7,3,22,4,12,176.6,71.61,24.53,23.3,122.7,64.51,1,Boluspor 2-0 Sakaryaspor,2026-02-01
Vanspor,2.04,3.74,-1.7,1.14,3.68,-2.54,0.14,0.06,0.08,1.28,3.74,-2.46,0,2,-2,-0.3,71.6,74.18,49.63,0.65,0.71,279,9,16,14,24.62,19.72,4.55,5,2,18,4,17,168.1,87.83,2.8,2.44,88.07,56.67,0,Bandırmaspor 2-0 Vanspor,2026-02-01
Bandırmaspor,3.74,2.04,1.7,3.68,1.14,2.54,0.06,0.14,-0.08,3.74,1.28,2.46,2,0,2,0.3,28.4,25.82,42.65,0.71,0.65,59,12,14,16,19.72,24.62,12.48,2,5,8,1,15,23.3,12.17,112.07,97.56,67.33,43.33,1,Bandırmaspor 2-0 Vanspor,2026-02-01
Pendikspor,1.02,1.32,-0.3,0.1,1.32,-1.22,0.93,0.0,0.93,1.02,1.32,-0.3,0,0,0,0.3,55.6,51.75,45.84,0.33,1.2,160,14,11,10,33.33,8.33,6.08,2,4,27,10,18,92.4,55.76,23.8,27.25,67.07,43.34,3,Sivasspor 0-0 Pendikspor,2026-02-01
Sivasspor,1.32,1.02,0.3,1.32,0.1,1.22,0.0,0.93,-0.93,1.32,1.02,0.3,0,0,0,-0.3,44.4,48.25,48.64,1.2,0.33,153,9,10,11,8.33,33.33,9.52,4,2,19,2,18,73.3,44.24,63.53,72.75,87.7,56.66,2,Sivasspor 0-0 Pendikspor,2026-02-01
Serik Spor,0.37,1.77,-1.4,0.3,0.71,-0.41,0.07,1.05,-0.98,0.37,1.77,-1.4,0,3,-3,-1.6,40.4,40.09,44.34,0.14,0.76,128,3,6,10,42.86,13.16,11.57,12,2,12,2,8,35.6,24.45,81.73,85.44,63.3,33.51,0,Bodrum FK 3-0 Serik Spor,2026-01-31
Bodrum FK,1.77,0.37,1.4,0.71,0.3,0.41,1.05,0.07,0.98,1.77,0.37,1.4,3,0,3,1.6,59.6,59.91,42.3,0.76,0.14,175,17,10,6,13.16,42.86,11.44,2,12,19,8,5,110.0,75.55,13.93,14.56,125.6,66.49,0,Bodrum FK 3-0 Serik Spor,2026-01-31
Ankara Keçiörengücü,1.12,1.44,-0.32,1.12,0.68,0.44,0.0,0.0,0.0,1.12,0.68,0.44,0,1,-1,-0.68,37.4,32.99,41.61,0.55,0.58,109,5,7,9,12.73,15.52,21.78,0,5,12,1,13,34.0,20.14,99.8,82.03,55.9,40.49,8,Çorum 1-0 Ankara Keçiörengücü,2026-01-31
Çorum,1.44,1.12,0.32,0.68,1.12,-0.44,0.0,0.0,0.0,0.68,1.12,-0.44,1,0,1,0.68,62.6,67.01,51.48,0.58,0.55,273,12,9,7,15.52,12.73,8.67,5,0,31,4,7,134.8,79.86,21.87,17.97,82.17,59.51,1,Çorum 1-0 Ankara Keçiörengücü,2026-01-31
Sarıyer,0.43,2.66,-2.23,0.34,2.66,-2.32,0.08,0.0,0.08,0.43,2.66,-2.23,0,4,-4,-1.77,48.3,57.77,45.81,0.26,1.17,209,7,6,13,23.08,11.11,18.32,4,6,13,4,9,84.0,50.21,78.47,61.79,63.22,36.5,0,Erzurumspor FK 4-0 Sarıyer,2026-01-31
Erzurumspor FK,2.66,0.43,2.23,2.66,0.34,2.32,0.0,0.08,-0.08,2.66,0.43,2.23,4,0,4,1.77,51.7,42.23,40.75,1.17,0.26,162,16,13,6,11.11,23.08,15.19,6,4,10,5,10,83.3,49.79,48.53,38.21,109.99,63.5,0,Erzurumspor FK 4-0 Sarıyer,2026-01-31
Manisa FK,0.13,2.71,-2.58,0.0,2.64,-2.64,0.13,0.07,0.06,0.13,2.71,-2.58,0,0,0,2.58,32.1,34.01,43.76,0.14,1.04,100,3,1,21,7.14,20.19,22.95,4,5,10,3,9,9.0,4.45,85.67,97.05,25.87,16.92,5,Iğdır FK 0-0 Manisa FK,2026-01-31
Iğdır FK,2.71,0.13,2.58,2.64,0.0,2.64,0.07,0.13,-0.06,2.71,0.13,2.58,0,0,0,-2.58,67.9,65.99,48.87,1.04,0.14,267,15,21,1,20.19,7.14,7.2,5,4,23,7,7,193.2,95.55,2.6,2.95,127.0,83.08,1,Iğdır FK 0-0 Manisa FK,2026-01-31
Hatayspor,0.2,2.28,-2.08,0.2,1.37,-1.17,0.0,0.15,-0.15,0.2,1.52,-1.32,0,1,-1,1.08,52.1,33.81,36.25,0.3,0.76,93,3,2,14,6.67,18.42,9.79,4,6,10,0,12,12.7,8.84,25.8,21.96,5.37,2.62,0,İstanbulspor 1-0 Hatayspor,2026-01-30
İstanbulspor,2.28,0.2,2.08,1.37,0.2,1.17,0.15,0.0,0.15,1.52,0.2,1.32,1,0,1,-1.08,47.9,66.19,48.16,0.76,0.3,172,10,14,2,18.42,6.67,11.36,6,4,23,10,16,131.0,91.16,91.67,78.04,199.63,97.38,0,İstanbulspor 1-0 Hatayspor,2026-01-30
Bodrum FK,3.03,0.63,2.4,3.03,0.57,2.46,0.0,0.07,-0.07,3.03,0.63,2.4,2,0,2,-0.4,55.7,49.66,44.34,1.2,0.53,180,17,12,8,10.0,15.09,14.0,2,8,15,4,7,103.9,64.86,13.53,17.21,100.6,57.91,0,Sakaryaspor 0-2 Bodrum FK,2026-01-26
Sakaryaspor,0.63,3.03,-2.4,0.57,3.03,-2.46,0.07,0.0,0.07,0.63,3.03,-2.4,0,2,-2,0.4,44.3,50.34,46.62,0.53,1.2,169,10,8,12,15.09,10.0,10.38,8,2,16,1,13,56.3,35.14,65.07,82.79,73.13,42.09,3,Sakaryaspor 0-2 Bodrum FK,2026-01-26
İstanbulspor,2.86,1.92,0.94,2.03,1.11,0.92,0.07,0.81,-0.74,2.1,1.92,0.18,0,1,-1,-1.94,62.8,58.18,45.57,0.91,0.38,240,13,15,9,16.48,23.68,12.41,1,1,20,5,11,94.9,61.95,12.8,9.69,44.37,25.26,1,Manisa FK 1-0 İstanbulspor,2026-01-25
Manisa FK,1.92,2.86,-0.94,1.11,2.03,-0.92,0.81,0.07,0.74,1.92,2.1,-0.18,1,0,1,1.94,37.2,41.82,43.68,0.38,0.91,128,12,9,15,23.68,16.48,19.12,1,1,13,5,10,58.3,38.05,119.33,90.31,131.3,74.74,2,Manisa FK 1-0 İstanbulspor,2026-01-25
Amed,1.55,1.08,0.47,1.24,1.08,0.16,0.31,0.0,0.31,1.55,1.08,0.47,1,1,0,-0.47,59.5,65.05,51.52,0.85,0.62,265,15,10,13,11.76,20.97,9.0,5,4,21,7,10,115.8,82.48,23.27,28.66,86.67,69.17,2,Sivasspor 1-1 Amed,2026-01-25
Sivasspor,1.08,1.55,-0.47,1.08,1.24,-0.16,0.0,0.31,-0.31,1.08,1.55,-0.47,1,1,0,0.47,40.5,34.95,42.55,0.62,0.85,118,8,13,10,20.97,11.76,12.17,4,5,10,1,10,24.6,17.52,57.93,71.34,38.63,30.83,1,Sivasspor 1-1 Amed,2026-01-25
Çorum,3.03,1.18,1.85,1.49,1.16,0.33,0.03,0.02,0.01,1.51,1.18,0.33,2,1,1,-0.85,54.5,56.6,45.78,0.9,0.34,201,15,12,5,13.33,14.71,10.41,4,4,21,5,15,105.1,75.83,33.73,34.26,104.63,68.4,1,Sarıyer 1-2 Çorum,2026-01-25
Sarıyer,1.18,3.03,-1.85,1.16,1.49,-0.33,0.02,0.03,-0.01,1.18,1.51,-0.33,1,2,-1,0.85,45.5,43.4,40.56,0.34,0.9,126,4,5,12,14.71,13.33,17.04,4,4,7,2,10,33.5,24.17,64.73,65.74,48.33,31.6,1,Sarıyer 1-2 Çorum,2026-01-25
Ümraniyespor,2.24,0.17,2.07,2.13,0.17,1.96,0.11,0.0,0.11,2.24,0.17,2.07,2,0,2,-0.07,57.2,62.95,50.29,0.92,0.24,251,15,14,5,15.22,20.83,9.87,6,2,20,6,10,137.5,85.88,57.4,65.32,172.5,94.28,4,Hatayspor 0-2 Ümraniyespor,2026-01-25
Hatayspor,0.17,2.24,-2.07,0.17,2.13,-1.96,0.0,0.11,-0.11,0.17,2.24,-2.07,0,2,-2,0.07,42.8,37.05,37.89,0.24,0.92,99,3,5,14,20.83,15.22,12.27,2,6,14,5,14,22.6,14.12,30.47,34.68,10.47,5.72,4,Hatayspor 0-2 Ümraniyespor,2026-01-25
Erzurumspor FK,1.5,0.95,0.55,1.5,0.35,1.15,0.0,0.61,-0.61,1.5,0.95,0.55,2,1,1,0.45,57.2,44.69,41.06,0.62,0.38,158,9,12,8,19.35,21.05,8.74,2,3,7,3,13,77.7,54.0,29.33,25.64,41.63,22.65,0,Pendikspor 1-2 Erzurumspor FK,2026-01-24
Pendikspor,0.95,1.5,-0.55,0.35,1.5,-1.15,0.61,0.0,0.61,0.95,1.5,-0.55,1,2,-1,-0.45,42.8,55.31,44.77,0.38,0.62,148,5,8,12,21.05,19.35,11.63,3,2,14,4,19,66.2,46.0,85.07,74.36,142.2,77.35,0,Pendikspor 1-2 Erzurumspor FK,2026-01-24
Iğdır FK,0.09,2.09,-2.0,0.0,1.9,-1.9,0.09,0.19,-0.1,0.09,2.09,-2.0,0,3,-3,-1.0,46.9,51.61,48.57,0.55,0.37,194,10,1,9,1.82,24.32,11.94,5,6,20,4,15,57.1,39.49,101.2,72.56,80.44,47.3,0,Vanspor 3-0 Iğdır FK,2026-01-24
Vanspor,2.09,0.09,2.0,1.9,0.0,1.9,0.19,0.09,0.1,2.09,0.09,2.0,3,0,3,1.0,53.1,48.39,45.19,0.37,0.55,208,7,9,1,24.32,1.82,10.62,6,5,13,2,9,87.5,60.51,38.27,27.44,89.61,52.7,1,Vanspor 3-0 Iğdır FK,2026-01-24
Boluspor,1.88,3.75,-1.87,1.12,3.56,-2.44,0.0,0.19,-0.19,1.12,3.75,-2.63,1,5,-4,-2.13,65.6,65.13,46.62,0.56,0.66,205,13,11,13,19.64,19.7,6.2,4,1,26,3,7,93.0,75.0,3.4,2.56,13.32,6.46,1,Ankara Keçiörengücü 5-1 Boluspor,2026-01-24
Ankara Keçiörengücü,3.75,1.88,1.87,3.56,1.12,2.44,0.19,0.0,0.19,3.75,1.12,2.63,5,1,4,2.13,34.4,34.87,44.52,0.66,0.56,92,10,13,11,19.7,19.64,15.41,1,4,5,1,20,31.0,25.0,129.27,97.44,192.74,93.54,1,Ankara Keçiörengücü 5-1 Boluspor,2026-01-24
Esenler Erokspor,3.73,0.33,3.4,2.43,0.33,2.1,0.54,0.0,0.54,2.97,0.33,2.64,3,0,3,-0.4,77.8,91.28,59.86,1.38,0.08,518,23,30,3,21.74,37.5,4.51,11,0,22,9,10,435.5,99.82,4.53,2.88,295.03,96.87,1,Serik Spor 0-3 Esenler Erokspor,2026-01-24
Serik Spor,0.33,3.73,-3.4,0.33,2.43,-2.1,0.0,0.54,-0.54,0.33,2.97,-2.64,0,3,-3,0.4,22.2,8.72,35.28,0.08,1.38,42,0,3,30,37.5,21.74,32.54,0,11,4,0,11,0.8,0.18,152.93,97.12,9.53,3.13,0,Serik Spor 0-3 Esenler Erokspor,2026-01-24
Bandırmaspor,3.13,0.33,2.8,3.13,0.33,2.8,0.0,0.0,0.0,3.13,0.33,2.8,3,0,3,0.2,54.5,56.36,44.27,1.57,0.12,217,20,11,8,7.01,66.67,10.62,9,2,18,2,17,95.6,60.93,39.4,28.48,102.93,59.09,2,Adana Demirspor 0-3 Bandırmaspor,2026-01-23
Adana Demirspor,0.33,3.13,-2.8,0.33,3.13,-2.8,0.0,0.0,0.0,0.33,3.13,-2.8,0,3,-3,-0.2,45.5,43.64,44.19,0.12,1.57,181,4,8,11,66.67,7.01,21.65,2,9,7,1,6,61.3,39.07,98.93,71.52,71.27,40.91,0,Adana Demirspor 0-3 Bandırmaspor,2026-01-23
Sivasspor,1.13,1.09,0.04,0.53,1.01,-0.48,0.6,0.08,0.52,1.13,1.09,0.04,2,1,1,0.96,41.4,42.99,47.79,0.62,1.12,141,9,12,10,19.35,8.93,11.09,3,5,15,4,16,47.6,36.81,70.53,83.37,82.07,66.15,0,Bodrum FK 1-2 Sivasspor,2026-01-19
Bodrum FK,1.09,1.13,-0.04,1.01,0.53,0.48,0.08,0.6,-0.52,1.09,1.13,-0.04,1,2,-1,-0.96,58.6,57.01,47.89,1.12,0.62,223,18,10,12,8.93,19.35,7.45,5,3,32,7,12,81.7,63.19,14.07,16.63,42.0,33.85,1,Bodrum FK 1-2 Sivasspor,2026-01-19
Ankara Keçiörengücü,2.75,2.69,0.06,1.5,2.69,-1.19,1.24,0.0,1.24,2.75,2.69,0.06,2,2,0,-0.06,52.7,59.09,50.83,0.54,1.1,228,10,17,12,31.48,10.91,9.72,4,5,30,8,16,95.6,77.85,26.2,44.2,94.23,76.97,5,İstanbulspor 2-2 Ankara Keçiörengücü,2026-01-19
İstanbulspor,2.69,2.75,-0.06,2.69,1.5,1.19,0.0,1.24,-1.24,2.69,2.75,-0.06,2,2,0,0.06,47.3,40.91,43.03,1.1,0.54,142,10,12,17,10.91,31.48,13.26,5,4,16,0,8,27.2,22.15,33.07,55.8,28.2,23.03,2,İstanbulspor 2-2 Ankara Keçiörengücü,2026-01-19
Sakaryaspor,1.54,3.16,-1.62,1.44,2.88,-1.44,0.1,0.27,-0.17,1.54,3.16,-1.62,0,1,-1,0.62,36.4,33.96,43.34,0.66,0.87,119,10,14,19,21.21,21.84,11.69,7,4,17,5,8,18.8,9.79,80.67,74.78,36.5,18.79,1,Iğdır FK 1-0 Sakaryaspor,2026-01-19
Iğdır FK,3.16,1.54,1.62,2.88,1.44,1.44,0.27,0.1,0.17,3.16,1.54,1.62,1,0,1,-0.62,63.6,66.04,52.42,0.87,0.66,275,17,19,14,21.84,21.21,7.72,4,7,24,12,13,173.3,90.21,27.2,25.22,157.73,81.21,0,Iğdır FK 1-0 Sakaryaspor,2026-01-19
Serik Spor,0.93,1.93,-1.0,0.86,1.15,-0.29,0.07,0.02,0.05,0.93,1.17,-0.24,0,5,-5,-4.0,43.7,42.92,43.7,0.49,0.59,150,8,10,16,20.41,27.12,10.69,9,11,14,3,15,38.3,28.14,76.47,77.97,28.3,10.66,1,Ümraniyespor 5-0 Serik Spor,2026-01-18
Ümraniyespor,1.93,0.93,1.0,1.15,0.86,0.29,0.02,0.07,-0.05,1.17,0.93,0.24,5,0,5,4.0,56.3,57.08,44.16,0.59,0.49,203,10,16,10,27.12,20.41,8.41,11,9,16,3,13,97.8,71.86,21.6,22.03,237.23,89.34,1,Ümraniyespor 5-0 Serik Spor,2026-01-18
Sarıyer,1.98,2.19,-0.21,1.95,0.85,1.1,0.03,1.33,-1.3,1.98,2.19,-0.21,2,1,1,1.21,31.7,28.51,38.39,0.83,1.05,74,11,10,18,12.05,17.14,19.91,2,4,8,3,8,30.1,18.08,128.27,96.78,91.3,63.36,1,Boluspor 1-2 Sarıyer,2026-01-18
Boluspor,2.19,1.98,0.21,0.85,1.95,-1.1,1.33,0.03,1.3,2.19,1.98,0.21,1,2,-1,-1.21,68.3,71.49,44.89,1.05,0.83,210,17,18,10,17.14,12.05,7.4,4,2,21,8,11,136.4,81.92,4.27,3.22,52.8,36.64,1,Boluspor 1-2 Sarıyer,2026-01-18
Amed,1.19,1.29,-0.1,1.02,1.29,-0.27,0.17,0.0,0.17,1.19,1.29,-0.1,0,2,-2,-1.9,42.4,50.36,48.59,0.45,0.48,192,6,9,11,20.0,22.92,17.74,1,3,15,7,10,82.0,55.37,103.73,76.46,122.63,73.1,1,Erzurumspor FK 2-0 Amed,2026-01-18
Erzurumspor FK,1.29,1.19,0.1,1.29,1.02,0.27,0.0,0.17,-0.17,1.29,1.19,0.1,2,0,2,1.9,57.6,49.64,45.14,0.48,0.45,223,16,11,9,22.92,20.0,10.97,3,1,13,1,7,66.1,44.63,31.93,23.54,45.13,26.9,1,Erzurumspor FK 2-0 Amed,2026-01-18
Vanspor,0.44,1.97,-1.53,0.44,1.8,-1.36,0.0,0.17,-0.17,0.44,1.97,-1.53,0,0,0,1.53,37.0,25.61,37.61,0.39,1.18,90,5,4,13,10.26,11.02,9.34,5,11,8,1,16,4.2,2.25,61.53,66.59,35.37,16.18,0,Esenler Erokspor 0-0 Vanspor,2026-01-17
Esenler Erokspor,1.97,0.44,1.53,1.8,0.44,1.36,0.17,0.0,0.17,1.97,0.44,1.53,0,0,0,-1.53,63.0,74.39,47.65,1.18,0.39,246,15,13,4,11.02,10.26,6.43,11,5,16,6,12,182.8,97.75,30.87,33.41,183.3,83.82,0,Esenler Erokspor 0-0 Vanspor,2026-01-17
Pendikspor,1.68,2.15,-0.47,1.68,2.15,-0.47,0.0,0.0,0.0,1.68,2.15,-0.47,1,4,-3,-2.53,56.0,55.75,47.71,0.52,0.63,215,6,11,10,21.15,15.87,12.21,1,6,18,1,14,67.6,49.49,15.8,21.43,30.07,16.73,0,Bandırmaspor 4-1 Pendikspor,2026-01-17
Bandırmaspor,2.15,1.68,0.47,2.15,1.68,0.47,0.0,0.0,0.0,2.15,1.68,0.47,4,1,3,2.53,44.0,44.25,44.91,0.63,0.52,160,8,10,11,15.87,21.15,12.9,6,1,12,5,8,69.0,50.51,57.93,78.57,149.66,83.27,1,Bandırmaspor 4-1 Pendikspor,2026-01-17
Manisa FK,1.1,1.66,-0.56,1.09,0.9,0.19,0.01,0.0,0.01,1.1,0.9,0.2,2,2,0,0.56,61.8,67.3,48.21,0.98,0.21,268,19,15,6,15.31,28.57,8.07,8,1,21,3,9,142.5,81.01,49.67,37.53,125.27,71.16,2,Hatayspor 2-2 Manisa FK,2026-01-17
Hatayspor,1.66,1.1,0.56,0.9,1.09,-0.19,0.0,0.01,-0.01,0.9,1.1,-0.2,2,2,0,-0.56,38.2,32.7,35.65,0.21,0.98,92,3,6,15,28.57,15.31,18.92,1,8,6,1,16,33.4,18.99,82.67,62.47,50.77,28.84,0,Hatayspor 2-2 Manisa FK,2026-01-17
Adana Demirspor,0.89,5.1,-4.21,0.89,4.65,-3.76,0.0,0.45,-0.45,0.89,5.1,-4.21,1,4,-3,1.21,30.5,18.58,42.22,0.18,2.59,94,1,3,29,16.67,11.2,37.08,1,13,3,0,4,13.8,4.12,124.8,97.35,17.57,6.92,0,Çorum 4-1 Adana Demirspor,2026-01-16
Çorum,5.1,0.89,4.21,4.65,0.89,3.76,0.45,0.0,0.45,5.1,0.89,4.21,4,1,3,-1.21,69.5,81.42,54.29,2.59,0.18,401,34,29,3,11.2,16.67,7.14,13,1,33,9,9,321.0,95.88,3.4,2.65,236.21,93.08,3,Çorum 4-1 Adana Demirspor,2026-01-16
Ümraniyespor,2.5,1.02,1.48,2.14,0.99,1.15,0.36,0.03,0.33,2.5,1.02,1.48,0,1,-1,-2.48,51.1,52.84,47.59,1.49,0.4,253,9,13,14,8.72,35.0,11.56,7,6,15,2,10,78.5,54.74,41.53,45.91,78.9,47.33,1,Manisa FK 1-0 Ümraniyespor,2026-01-12
Manisa FK,1.02,2.5,-1.48,0.99,2.14,-1.15,0.03,0.36,-0.33,1.02,2.5,-1.48,1,0,1,2.48,48.9,47.16,45.15,0.4,1.49,194,10,14,13,35.0,8.72,17.48,6,7,19,3,13,64.9,45.26,48.93,54.09,87.8,52.67,3,Manisa FK 1-0 Ümraniyespor,2026-01-12
Bodrum FK,0.9,3.01,-2.11,0.59,2.91,-2.32,0.31,0.1,0.21,0.9,3.01,-2.11,0,0,0,2.11,51.9,52.74,44.8,0.75,0.89,177,12,14,13,18.67,14.61,9.87,1,12,25,6,7,89.9,52.67,32.73,46.76,79.3,51.48,1,Pendikspor 0-0 Bodrum FK,2026-01-11
Pendikspor,3.01,0.9,2.11,2.91,0.59,2.32,0.1,0.31,-0.21,3.01,0.9,2.11,0,0,0,-2.11,48.1,47.26,46.32,0.89,0.75,168,15,13,14,14.61,18.67,8.02,12,1,22,6,19,80.8,47.33,37.27,53.24,74.73,48.52,3,Pendikspor 0-0 Bodrum FK,2026-01-11
Erzurumspor FK,1.8,0.44,1.36,1.76,0.41,1.35,0.04,0.03,0.01,1.8,0.44,1.36,2,0,2,0.64,58.3,44.52,44.42,0.47,0.57,236,12,16,6,34.04,10.53,10.07,7,4,13,1,7,114.5,52.76,22.13,14.45,66.73,35.51,0,Sivasspor 0-2 Erzurumspor FK,2026-01-11
Sivasspor,0.44,1.8,-1.36,0.41,1.76,-1.35,0.03,0.04,-0.01,0.44,1.8,-1.36,0,2,-2,-0.64,41.7,55.48,48.94,0.57,0.47,202,6,6,16,10.53,34.04,20.08,4,7,20,4,10,102.5,47.24,131.07,85.55,121.17,64.49,0,Sivasspor 0-2 Erzurumspor FK,2026-01-11
Iğdır FK,0.97,1.22,-0.25,0.93,1.22,-0.29,0.04,0.0,0.04,0.97,1.22,-0.25,0,1,-1,-0.75,51.6,38.84,44.3,0.47,0.72,171,6,10,16,21.28,22.22,12.71,2,8,16,5,9,75.1,34.03,56.27,45.75,53.67,28.38,0,Sarıyer 1-0 Iğdır FK,2026-01-11
Sarıyer,1.22,0.97,0.25,1.22,0.93,0.29,0.0,0.04,-0.04,1.22,0.97,0.25,1,0,1,0.75,48.4,61.16,52.82,0.72,0.47,262,12,16,10,22.22,21.28,11.21,8,2,19,3,10,145.6,65.97,66.73,54.25,135.43,71.62,1,Sarıyer 1-0 Iğdır FK,2026-01-11
Hatayspor,0.1,4.05,-3.95,0.1,2.53,-2.43,0.0,1.51,-1.51,0.1,4.05,-3.95,0,5,-5,-1.05,33.7,18.03,34.61,0.21,2.12,60,2,2,22,9.52,10.38,17.89,4,15,2,0,7,2.2,0.79,65.8,79.98,0.43,0.12,0,Ankara Keçiörengücü 5-0 Hatayspor,2026-01-11
Ankara Keçiörengücü,4.05,0.1,3.95,2.53,0.1,2.43,1.51,0.0,1.51,4.05,0.1,3.95,5,0,5,1.05,66.3,81.97,55.12,2.12,0.21,304,26,22,2,10.38,9.52,6.03,15,4,41,13,9,274.6,99.21,16.47,20.02,349.8,99.88,1,Ankara Keçiörengücü 5-0 Hatayspor,2026-01-11
Bandırmaspor,1.2,0.72,0.48,1.2,0.72,0.48,0.0,0.0,0.0,1.2,0.72,0.48,1,1,0,-0.48,66.4,65.2,49.14,1.54,0.58,266,14,9,4,5.84,6.9,6.1,6,0,31,3,12,126.1,86.25,7.67,6.62,61.17,51.0,2,Sakaryaspor 1-1 Bandırmaspor,2026-01-10
Sakaryaspor,0.72,1.2,-0.48,0.72,1.2,-0.48,0.0,0.0,0.0,0.72,1.2,-0.48,1,1,0,0.48,33.6,34.8,41.88,0.58,1.54,96,9,4,9,6.9,5.84,13.06,0,6,9,1,15,20.1,13.75,108.27,93.38,58.77,49.0,3,Sakaryaspor 1-1 Bandırmaspor,2026-01-10
Esenler Erokspor,5.98,0.77,5.21,4.8,0.77,4.03,1.18,0.0,1.18,5.98,0.77,5.21,5,0,5,-0.21,68.4,81.01,54.64,2.84,0.19,384,32,26,3,9.15,15.79,6.77,15,1,31,9,15,338.7,94.93,20.93,16.12,292.3,98.92,0,Adana Demirspor 0-5 Esenler Erokspor,2026-01-10
Adana Demirspor,0.77,5.98,-5.21,0.77,4.8,-4.03,0.0,1.18,-1.18,0.77,5.98,-5.21,0,5,-5,0.21,31.6,18.99,38.41,0.19,2.84,84,2,3,26,15.79,9.15,21.19,1,15,5,0,4,18.1,5.07,108.93,83.88,3.2,1.08,0,Adana Demirspor 0-5 Esenler Erokspor,2026-01-10
İstanbulspor,3.68,0.55,3.13,2.46,0.5,1.96,1.23,0.05,1.18,3.68,0.55,3.13,3,0,3,-0.13,61.7,71.27,46.13,0.91,0.34,265,18,16,10,17.58,29.41,8.78,8,5,19,8,5,171.5,85.49,20.8,15.57,137.83,64.9,1,Serik Spor 0-3 İstanbulspor,2026-01-10
Serik Spor,0.55,3.68,-3.13,0.5,2.46,-1.96,0.05,1.23,-1.18,0.55,3.68,-3.13,0,3,-3,0.13,38.3,28.73,41.64,0.34,0.91,121,9,10,16,29.41,17.58,16.57,5,8,7,2,8,29.1,14.51,112.8,84.43,74.53,35.1,1,Serik Spor 0-3 İstanbulspor,2026-01-10
Çorum,0.77,2.45,-1.68,0.62,1.45,-0.83,0.15,0.24,-0.09,0.77,1.69,-0.92,0,1,-1,0.68,63.0,64.58,49.44,0.73,0.6,262,9,12,17,16.44,28.33,7.22,4,3,22,5,14,116.5,59.02,15.53,15.54,72.73,37.16,2,Amed 1-0 Çorum,2026-01-09
Amed,2.45,0.77,1.68,1.45,0.62,0.83,0.24,0.15,0.09,1.69,0.77,0.92,1,0,1,-0.68,37.0,35.42,42.36,0.6,0.73,98,11,17,12,28.33,16.44,12.0,3,4,14,4,15,80.9,40.98,84.4,84.46,123.0,62.84,0,Amed 1-0 Çorum,2026-01-09
Boluspor,0.87,2.14,-1.27,0.81,2.12,-1.31,0.06,0.02,0.04,0.87,2.14,-1.27,1,0,1,2.27,39.2,41.13,44.12,0.39,1.0,92,7,10,16,25.64,16.0,6.29,4,4,7,1,21,37.1,25.31,61.67,91.77,67.8,56.47,2,Vanspor 0-1 Boluspor,2026-01-09
Vanspor,2.14,0.87,1.27,2.12,0.81,1.31,0.02,0.06,-0.04,2.14,0.87,1.27,0,1,-1,-2.27,60.8,58.87,45.55,1.0,0.39,173,15,16,10,16.0,25.64,4.61,4,4,37,12,18,109.5,74.69,5.53,8.23,52.27,43.53,2,Vanspor 0-1 Boluspor,2026-01-09
İstanbulspor,7.61,0.5,7.11,6.27,0.5,5.77,1.34,0.0,1.34,7.61,0.5,7.11,5,1,4,-3.11,61.6,70.1,50.36,1.29,0.21,247,28,28,8,21.71,38.1,7.17,10,2,30,8,14,203.5,95.67,8.73,12.11,186.5,87.85,3,Adana Demirspor 1-5 İstanbulspor,2025-12-29
Adana Demirspor,0.5,7.61,-7.11,0.5,6.27,-5.77,0.0,1.34,-1.34,0.5,7.61,-7.11,1,5,-4,3.11,38.4,29.9,40.06,0.21,1.29,100,2,8,28,38.1,21.71,13.84,2,10,6,2,10,9.2,4.33,63.33,87.89,25.8,12.15,0,Adana Demirspor 1-5 İstanbulspor,2025-12-29
Iğdır FK,0.3,3.51,-3.21,0.3,1.99,-1.69,0.0,0.0,0.0,0.3,1.99,-1.69,0,3,-3,0.21,54.8,53.59,45.96,0.53,0.69,217,9,5,8,9.43,11.59,12.85,3,4,10,4,9,51.6,44.44,21.07,24.75,26.24,17.17,0,Amed 3-0 Iğdır FK,2025-12-28
Amed,3.51,0.3,3.21,1.99,0.3,1.69,0.0,0.0,0.0,1.99,0.3,1.69,3,0,3,-0.21,45.2,46.41,47.8,0.69,0.53,178,10,8,5,11.59,9.43,11.89,4,3,15,3,5,64.5,55.56,64.07,75.25,126.62,82.83,0,Amed 3-0 Iğdır FK,2025-12-28
Çorum,0.5,2.18,-1.68,0.5,1.36,-0.86,0.0,0.07,-0.07,0.5,1.42,-0.92,0,1,-1,0.68,56.7,57.77,45.83,0.71,0.71,207,11,7,9,9.86,12.68,10.62,3,3,19,4,14,84.0,53.81,49.47,37.65,73.3,41.63,1,Erzurumspor FK 1-0 Çorum,2025-12-28
Erzurumspor FK,2.18,0.5,1.68,1.36,0.5,0.86,0.07,0.0,0.07,1.42,0.5,0.92,1,0,1,-0.68,43.3,42.23,43.92,0.71,0.71,154,14,9,7,12.68,9.86,15.14,3,3,14,4,14,72.1,46.19,81.93,62.35,102.77,58.37,0,Erzurumspor FK 1-0 Çorum,2025-12-28
Boluspor,3.42,0.42,3.0,3.39,0.33,3.06,0.03,0.09,-0.06,3.42,0.42,3.0,4,1,3,0.0,68.1,66.67,43.27,1.21,0.18,205,15,17,6,14.05,33.33,5.41,4,3,16,3,15,161.1,93.55,11.4,8.58,79.53,56.28,0,Serik Spor 1-4 Boluspor,2025-12-28
Serik Spor,0.42,3.42,-3.0,0.33,3.39,-3.06,0.09,0.03,0.06,0.42,3.42,-3.0,1,4,-3,0.0,31.9,33.33,44.15,0.18,1.21,104,2,6,17,33.33,14.05,12.65,3,4,7,1,13,11.1,6.45,121.47,91.42,61.77,43.72,0,Serik Spor 1-4 Boluspor,2025-12-28
Ümraniyespor,0.73,2.14,-1.41,0.73,1.89,-1.16,0.0,0.25,-0.25,0.73,2.14,-1.41,1,3,-2,-0.59,56.5,59.6,46.9,0.77,0.49,231,9,8,13,10.39,26.53,10.0,10,9,18,6,8,82.1,56.54,29.07,32.64,55.29,30.5,1,Ankara Keçiörengücü 3-1 Ümraniyespor,2025-12-28
Ankara Keçiörengücü,2.14,0.73,1.41,1.89,0.73,1.16,0.25,0.0,0.25,2.14,0.73,1.41,3,1,2,0.59,43.5,40.4,44.09,0.49,0.77,164,10,13,8,26.53,10.39,12.15,9,10,9,2,12,63.1,43.46,60.0,67.36,126.0,69.5,3,Ankara Keçiörengücü 3-1 Ümraniyespor,2025-12-28
Esenler Erokspor,0.09,1.56,-1.47,0.09,1.46,-1.37,0.0,0.11,-0.11,0.09,1.56,-1.47,0,0,0,1.47,39.0,26.48,39.0,0.16,0.92,91,0,4,13,25.0,14.13,12.5,2,8,7,1,13,18.7,9.76,71.27,78.32,41.93,22.48,0,Pendikspor 0-0 Esenler Erokspor,2025-12-27
Pendikspor,1.56,0.09,1.47,1.46,0.09,1.37,0.11,0.0,0.11,1.56,0.09,1.47,0,0,0,-1.47,61.0,73.52,49.29,0.92,0.16,245,16,13,4,14.13,25.0,5.92,8,2,26,5,16,172.9,90.24,19.73,21.68,144.6,77.52,2,Pendikspor 0-0 Esenler Erokspor,2025-12-27
Hatayspor,0.81,3.34,-2.53,0.44,3.33,-2.89,0.36,0.01,0.35,0.81,3.34,-2.53,0,4,-4,-1.47,39.0,43.0,42.84,0.34,0.84,109,6,8,16,23.53,19.05,10.92,3,5,14,6,16,36.4,27.35,77.4,77.56,55.56,29.23,0,Vanspor 4-0 Hatayspor,2025-12-27
Vanspor,3.34,0.81,2.53,3.33,0.44,2.89,0.01,0.36,-0.35,3.34,0.81,2.53,4,0,4,1.47,61.0,57.0,42.7,0.84,0.34,154,9,16,8,19.05,23.53,6.68,5,3,15,3,14,96.7,72.65,22.4,22.44,134.51,70.77,0,Vanspor 4-0 Hatayspor,2025-12-27
Bodrum FK,1.7,2.09,-0.39,0.94,2.01,-1.07,0.0,0.08,-0.08,0.94,2.09,-1.15,0,1,-1,-0.61,56.1,54.55,41.78,0.52,0.56,165,9,8,16,15.38,28.57,8.7,4,3,16,3,14,68.8,45.9,22.27,23.91,48.4,29.39,1,Sarıyer 1-0 Bodrum FK,2025-12-27
Sarıyer,2.09,1.7,0.39,2.01,0.94,1.07,0.08,0.0,0.08,2.09,0.94,1.15,1,0,1,0.61,43.9,45.45,43.78,0.56,0.52,135,7,16,8,28.57,15.38,12.77,3,4,17,4,13,81.1,54.1,70.87,76.09,116.3,70.61,2,Sarıyer 1-0 Bodrum FK,2025-12-27
Bandırmaspor,1.15,2.42,-1.27,1.07,2.42,-1.35,0.08,0.0,0.08,1.15,2.42,-1.27,0,2,-2,-0.73,44.4,43.25,48.04,0.56,0.22,194,10,13,11,23.21,50.0,12.53,4,6,22,5,10,98.8,44.03,67.67,70.24,90.6,51.16,2,Sivasspor 2-0 Bandırmaspor,2025-12-27
Sivasspor,2.42,1.15,1.27,2.42,1.07,1.35,0.0,0.08,-0.08,2.42,1.15,1.27,2,0,2,0.73,55.6,56.75,49.71,0.22,0.56,240,11,11,13,50.0,23.21,11.7,6,4,20,7,8,125.6,55.97,28.67,29.76,86.5,48.84,0,Sivasspor 2-0 Bandırmaspor,2025-12-27
Manisa FK,2.41,1.71,0.7,1.68,1.53,0.15,0.72,0.18,0.54,2.41,1.71,0.7,2,0,2,1.3,56.7,59.73,47.8,0.86,0.38,243,15,18,13,20.93,34.21,11.06,3,4,18,5,12,141.4,72.74,23.13,21.31,128.13,64.25,0,Sakaryaspor 0-2 Manisa FK,2025-12-26
Sakaryaspor,1.71,2.41,-0.7,1.53,1.68,-0.15,0.18,0.72,-0.54,1.71,2.41,-0.7,0,2,-2,-1.3,43.3,40.27,45.23,0.38,0.86,186,12,13,18,34.21,20.93,16.03,4,3,21,4,10,53.0,27.26,85.4,78.69,71.3,35.75,0,Sakaryaspor 0-2 Manisa FK,2025-12-26
Amed,0.84,0.91,-0.07,0.48,0.88,-0.4,0.37,0.03,0.34,0.84,0.91,-0.07,0,0,0,0.07,50.0,60.4,50.6,0.52,0.56,191,6,12,11,23.08,19.64,9.54,4,2,26,5,16,86.3,67.47,51.47,69.12,99.3,79.17,1,Bodrum FK 0-0 Amed,2025-12-22
Bodrum FK,0.91,0.84,0.07,0.88,0.48,0.4,0.03,0.37,-0.34,0.91,0.84,0.07,0,0,0,-0.07,50.0,39.6,40.7,0.56,0.52,118,6,11,12,19.64,23.08,8.09,2,4,10,2,9,41.6,32.53,23.0,30.88,26.13,20.83,0,Bodrum FK 0-0 Amed,2025-12-22
Vanspor,3.07,1.67,1.4,3.07,1.62,1.45,0.0,0.05,-0.05,3.07,1.67,1.4,3,1,2,0.6,47.6,43.52,46.6,1.15,1.2,189,8,15,14,13.04,11.67,12.9,5,2,10,2,16,63.4,39.97,56.07,59.02,86.83,60.54,0,İstanbulspor 1-3 Vanspor,2025-12-21
İstanbulspor,1.67,3.07,-1.4,1.62,3.07,-1.45,0.05,0.0,0.05,1.67,3.07,-1.4,1,3,-2,-0.6,52.4,56.48,46.15,1.2,1.15,204,17,14,15,11.67,13.04,9.89,2,5,20,2,10,95.2,60.03,38.93,40.98,56.6,39.46,1,İstanbulspor 1-3 Vanspor,2025-12-21
Sakaryaspor,0.72,2.46,-1.74,0.69,1.63,-0.94,0.03,0.83,-0.8,0.72,2.46,-1.74,0,2,-2,-0.26,40.2,32.85,39.85,0.29,0.95,92,5,7,21,24.14,22.11,14.78,4,6,11,3,8,37.8,15.88,84.2,83.59,34.9,15.31,0,Çorum 2-0 Sakaryaspor,2025-12-21
Çorum,2.46,0.72,1.74,1.63,0.69,0.94,0.83,0.03,0.8,2.46,0.72,1.74,2,0,2,0.26,59.8,67.15,48.06,0.95,0.29,235,19,21,7,22.11,24.14,15.14,6,4,27,9,12,200.2,84.12,16.53,16.41,193.13,84.69,0,Çorum 2-0 Sakaryaspor,2025-12-21
Adana Demirspor,0.08,3.52,-3.44,0.08,2.79,-2.71,0.0,0.73,-0.73,0.08,3.52,-3.44,0,5,-5,-1.56,41.9,30.96,39.17,0.3,1.26,116,2,2,15,6.67,11.9,13.2,4,10,3,0,8,9.3,5.29,111.13,82.24,9.53,3.09,0,Ümraniyespor 5-0 Adana Demirspor,2025-12-21
Ümraniyespor,3.52,0.08,3.44,2.79,0.08,2.71,0.73,0.0,0.73,3.52,0.08,3.44,5,0,5,1.56,58.1,69.04,43.79,1.26,0.3,226,18,15,2,11.9,6.67,8.85,10,4,10,6,16,166.4,94.71,24.0,17.76,298.67,96.91,1,Ümraniyespor 5-0 Adana Demirspor,2025-12-21
Serik Spor,1.81,0.95,0.86,1.08,0.95,0.13,0.74,0.0,0.74,1.81,0.95,0.86,1,1,0,-0.86,56.5,60.39,52.02,0.59,0.37,265,9,14,8,23.73,21.62,9.06,7,6,19,9,8,161.9,79.71,19.07,20.55,132.03,63.93,2,Hatayspor 1-1 Serik Spor,2025-12-21
Hatayspor,0.95,1.81,-0.86,0.95,1.08,-0.13,0.0,0.74,-0.74,0.95,1.81,-0.86,1,1,0,0.86,43.5,39.61,44.89,0.37,0.59,154,9,8,14,21.62,23.73,12.77,6,7,14,2,9,41.2,20.29,73.73,79.45,74.5,36.07,0,Hatayspor 1-1 Serik Spor,2025-12-21
Ankara Keçiörengücü,2.05,1.22,0.83,0.96,0.93,0.03,0.33,0.28,0.05,1.29,1.22,0.07,2,2,0,-0.83,44.1,49.03,43.46,0.48,0.68,150,9,11,15,22.92,22.06,10.27,8,8,17,5,14,82.2,48.13,64.8,66.17,116.3,59.54,1,Manisa FK 2-2 Ankara Keçiörengücü,2025-12-20
Manisa FK,1.22,2.05,-0.83,0.93,0.96,-0.03,0.28,0.33,-0.05,1.22,1.29,-0.07,2,2,0,0.83,55.9,50.97,46.52,0.68,0.48,191,11,15,11,22.06,22.92,9.12,8,8,23,3,10,88.6,51.87,33.13,33.83,79.03,40.46,0,Manisa FK 2-2 Ankara Keçiörengücü,2025-12-20
Pendikspor,0.99,1.76,-0.77,0.86,1.76,-0.9,0.13,0.0,0.13,0.99,1.76,-0.77,2,1,1,1.77,37.0,32.23,42.28,0.85,1.0,89,10,10,14,11.76,14.0,10.54,4,11,13,4,17,30.0,19.07,110.73,85.66,86.3,58.99,2,Boluspor 1-2 Pendikspor,2025-12-20
Boluspor,1.76,0.99,0.77,1.76,0.86,0.9,0.0,0.13,-0.13,1.76,0.99,0.77,1,2,-1,-1.77,63.0,67.77,48.14,1.0,0.85,226,13,14,10,14.0,11.76,5.15,11,4,25,4,13,127.3,80.93,18.53,14.34,60.0,41.01,0,Boluspor 1-2 Pendikspor,2025-12-20
Erzurumspor FK,1.04,2.16,-1.12,0.94,1.75,-0.81,0.1,0.41,-0.31,1.04,2.16,-1.12,2,0,2,3.12,47.0,31.8,42.27,0.6,1.38,152,10,8,15,13.33,10.87,13.11,1,2,12,3,11,43.9,23.74,42.87,46.2,33.03,23.3,0,Bandırmaspor 0-2 Erzurumspor FK,2025-12-20
Bandırmaspor,2.16,1.04,1.12,1.75,0.94,0.81,0.41,0.1,0.31,2.16,1.04,1.12,0,2,-2,-3.12,53.0,68.2,52.11,1.38,0.6,268,22,15,8,10.87,13.33,11.38,2,1,32,9,14,141.0,76.26,49.93,53.8,108.7,76.7,2,Bandırmaspor 0-2 Erzurumspor FK,2025-12-20
Sivasspor,0.91,1.45,-0.54,0.91,1.38,-0.47,0.0,0.07,-0.07,0.91,1.45,-0.54,1,1,0,0.54,31.4,26.16,44.82,0.31,0.97,108,4,7,23,22.58,23.71,24.32,4,5,8,0,4,22.4,7.62,118.73,97.7,55.7,30.66,0,Iğdır FK 1-1 Sivasspor,2025-12-20
Iğdır FK,1.45,0.91,0.54,1.38,0.91,0.47,0.07,0.0,0.07,1.45,0.91,0.54,1,1,0,-0.54,68.6,73.84,53.86,0.97,0.31,380,21,23,7,23.71,22.58,7.06,5,4,36,11,13,271.6,92.38,2.8,2.3,125.97,69.34,0,Iğdır FK 1-1 Sivasspor,2025-12-20
Sarıyer,1.41,1.44,-0.03,1.19,1.39,-0.2,0.23,0.06,0.17,1.41,1.44,-0.03,1,1,0,0.03,49.3,53.92,44.74,0.15,0.46,195,9,8,6,53.33,13.04,19.61,4,0,12,7,12,71.8,54.19,57.2,42.35,88.9,53.28,0,Esenler Erokspor 1-1 Sarıyer,2025-12-19
Esenler Erokspor,1.44,1.41,0.03,1.39,1.19,0.2,0.06,0.23,-0.17,1.44,1.41,0.03,1,1,0,-0.03,50.7,46.08,41.86,0.46,0.15,157,8,6,8,13.04,53.33,29.07,0,4,11,4,6,60.7,45.81,77.87,57.65,77.97,46.72,1,Esenler Erokspor 1-1 Sarıyer,2025-12-19
Hatayspor,0.98,1.93,-0.95,0.98,1.88,-0.9,0.0,0.06,-0.06,0.98,1.93,-0.95,0,3,-3,-2.05,45.8,41.7,39.51,0.61,0.83,125,8,11,10,18.03,12.05,15.82,4,8,13,2,9,45.4,32.47,44.6,41.42,26.43,14.58,1,Sakaryaspor 3-0 Hatayspor,2025-12-15
Sakaryaspor,1.93,0.98,0.95,1.88,0.98,0.9,0.06,0.0,0.06,1.93,0.98,0.95,3,0,3,2.05,54.2,58.3,45.12,0.83,0.61,203,22,10,11,12.05,18.03,11.17,8,4,16,5,11,94.4,67.53,63.07,58.58,154.83,85.42,0,Sakaryaspor 3-0 Hatayspor,2025-12-15
Iğdır FK,1.43,0.92,0.51,1.06,0.49,0.57,0.37,0.43,-0.06,1.43,0.92,0.51,1,1,0,-0.51,49.8,43.87,42.31,0.68,0.48,136,11,8,14,11.76,29.17,15.85,1,5,12,4,13,62.8,42.49,39.4,46.31,54.7,39.68,0,Pendikspor 1-1 Iğdır FK,2025-12-14
Pendikspor,0.92,1.43,-0.51,0.49,1.06,-0.57,0.43,0.37,0.06,0.92,1.43,-0.51,1,1,0,0.51,50.2,56.13,45.07,0.48,0.68,161,12,14,8,29.17,11.76,12.19,5,1,18,6,12,85.0,57.51,45.67,53.69,83.17,60.32,0,Pendikspor 1-1 Iğdır FK,2025-12-14
Ümraniyespor,0.46,1.21,-0.75,0.43,0.59,-0.16,0.03,0.61,-0.58,0.46,1.21,-0.75,1,0,1,1.75,37.1,34.33,42.45,0.21,0.94,137,7,10,13,47.62,13.83,21.68,4,7,11,3,12,57.3,27.84,115.93,83.73,86.8,54.56,2,Vanspor 0-1 Ümraniyespor,2025-12-14
Vanspor,1.21,0.46,0.75,0.59,0.43,0.16,0.61,0.03,0.58,1.21,0.46,0.75,0,1,-1,-1.75,62.9,65.67,47.83,0.94,0.21,288,13,13,10,13.83,47.62,8.37,7,4,32,6,11,148.5,72.16,22.53,16.27,72.3,45.44,0,Vanspor 0-1 Ümraniyespor,2025-12-14
Esenler Erokspor,1.69,1.66,0.03,0.87,1.57,-0.7,0.06,0.1,-0.04,0.93,1.66,-0.73,1,1,0,-0.03,53.6,57.24,46.75,0.4,0.92,199,12,8,12,20.0,13.04,12.72,0,5,29,9,8,95.6,62.69,35.13,48.39,102.9,69.28,1,Ankara Keçiörengücü 1-1 Esenler Erokspor,2025-12-14
Ankara Keçiörengücü,1.66,1.69,-0.03,1.57,0.87,0.7,0.1,0.06,0.04,1.66,0.93,0.73,1,1,0,0.03,46.4,42.76,41.46,0.92,0.4,128,17,12,8,13.04,20.0,14.74,5,0,14,2,15,56.9,37.31,37.47,51.61,45.63,30.72,2,Ankara Keçiörengücü 1-1 Esenler Erokspor,2025-12-14
Bodrum FK,0.92,1.95,-1.03,0.92,1.28,-0.36,0.0,0.68,-0.68,0.92,1.95,-1.03,2,2,0,1.03,44.8,46.33,46.2,0.58,0.77,170,11,10,21,17.24,27.27,16.17,4,5,13,1,11,53.4,32.42,64.67,70.45,71.2,48.18,1,Erzurumspor FK 2-2 Bodrum FK,2025-12-14
Erzurumspor FK,1.95,0.92,1.03,1.28,0.92,0.36,0.68,0.0,0.68,1.95,0.92,1.03,2,2,0,-1.03,55.2,53.67,47.67,0.77,0.58,223,17,21,10,27.27,17.24,8.49,5,4,35,9,15,111.3,67.58,27.13,29.55,76.57,51.82,0,Erzurumspor FK 2-2 Bodrum FK,2025-12-14
Bandırmaspor,2.56,2.98,-0.42,1.1,2.65,-1.55,1.46,0.33,1.13,2.56,2.98,-0.42,1,2,-1,-0.58,49.5,46.34,49.88,0.86,1.28,245,8,15,17,17.44,13.28,16.24,4,5,15,5,7,73.0,35.7,54.8,52.66,59.6,27.73,2,Amed 2-1 Bandırmaspor,2025-12-13
Amed,2.98,2.56,0.42,2.65,1.1,1.55,0.33,1.46,-1.13,2.98,2.56,0.42,2,1,1,0.58,50.5,53.66,49.93,1.28,0.86,234,16,17,15,13.28,17.44,10.82,5,4,18,3,11,131.5,64.3,49.27,47.34,155.3,72.27,0,Amed 2-1 Bandırmaspor,2025-12-13
Çorum,2.01,0.34,1.67,1.09,0.3,0.79,0.16,0.03,0.13,1.25,0.34,0.91,1,1,0,-1.67,56.7,43.82,42.06,0.31,0.72,193,7,7,9,22.58,12.5,14.58,3,8,16,6,12,58.0,36.8,19.93,19.94,50.3,24.75,2,Sivasspor 1-1 Çorum,2025-12-13
Sivasspor,0.34,2.01,-1.67,0.3,1.09,-0.79,0.03,0.16,-0.13,0.34,1.25,-0.91,1,1,0,1.67,43.3,56.18,45.53,0.72,0.31,188,10,9,7,12.5,22.58,20.2,8,3,17,5,7,99.6,63.2,80.0,80.06,152.97,75.25,1,Sivasspor 1-1 Çorum,2025-12-13
Manisa FK,1.24,1.23,0.01,1.24,0.98,0.26,0.0,0.26,-0.26,1.24,1.23,0.01,1,0,1,0.99,41.4,35.78,46.61,0.15,0.77,144,11,7,20,46.67,25.97,10.84,6,12,10,5,14,18.7,10.38,81.27,85.42,47.8,42.53,4,Serik Spor 0-1 Manisa FK,2025-12-13
Serik Spor,1.23,1.24,-0.01,0.98,1.24,-0.26,0.26,0.0,0.26,1.23,1.24,-0.01,0,1,-1,-0.99,58.6,64.22,50.9,0.77,0.15,272,12,20,7,25.97,46.67,6.75,12,6,15,3,11,161.4,89.62,13.87,14.58,64.6,57.47,0,Serik Spor 0-1 Manisa FK,2025-12-13
İstanbulspor,2.02,1.07,0.95,0.85,1.07,-0.22,1.16,0.0,1.16,2.02,1.07,0.95,2,1,1,0.05,53.2,45.93,41.91,0.39,0.69,149,9,15,5,38.46,7.25,13.5,1,6,9,3,15,105.9,58.22,48.87,42.2,101.83,52.24,1,Sarıyer 1-2 İstanbulspor,2025-12-13
Sarıyer,1.07,2.02,-0.95,1.07,0.85,0.22,0.0,1.16,-1.16,1.07,2.02,-0.95,1,2,-1,-0.05,46.8,54.07,41.91,0.69,0.39,150,11,5,15,7.25,38.46,13.62,6,1,17,6,10,76.0,41.78,66.93,57.8,93.1,47.76,2,Sarıyer 1-2 İstanbulspor,2025-12-13
Boluspor,5.8,1.04,4.76,5.52,1.0,4.52,0.28,0.05,0.23,5.8,1.04,4.76,6,1,5,0.24,61.3,61.85,42.79,1.97,0.29,183,24,24,11,12.18,37.93,10.96,5,3,24,4,13,157.4,83.37,11.47,8.6,149.17,89.16,0,Adana Demirspor 1-6 Boluspor,2025-12-12
Adana Demirspor,1.04,5.8,-4.76,1.0,5.52,-4.52,0.05,0.28,-0.23,1.04,5.8,-4.76,1,6,-5,-0.24,38.7,38.15,40.94,0.29,1.97,119,6,11,24,37.93,12.18,20.68,3,5,8,4,4,31.4,16.63,121.93,91.4,18.13,10.84,1,Adana Demirspor 1-6 Boluspor,2025-12-12
Pendikspor,0.26,1.91,-1.65,0.26,1.81,-1.55,0.0,0.1,-0.1,0.26,1.91,-1.65,0,2,-2,-0.35,54.9,59.92,49.11,0.63,0.48,230,8,7,11,11.11,22.92,8.05,6,1,23,6,15,77.3,53.16,28.33,29.39,29.57,21.43,1,Çorum 2-0 Pendikspor,2025-12-08
Çorum,1.91,0.26,1.65,1.81,0.26,1.55,0.1,0.0,0.1,1.91,0.26,1.65,2,0,2,0.35,45.1,40.08,41.92,0.48,0.63,127,13,11,7,22.92,11.11,13.34,1,6,13,4,13,68.1,46.84,68.07,70.61,108.4,78.57,0,Çorum 2-0 Pendikspor,2025-12-08
Bodrum FK,0.35,0.77,-0.42,0.35,0.77,-0.42,0.01,0.0,0.01,0.35,0.77,-0.42,0,2,-2,-1.58,60.4,63.75,47.84,0.42,0.46,253,10,8,8,19.05,17.39,7.8,3,5,21,8,14,95.0,73.36,9.6,9.86,32.8,25.18,0,Bandırmaspor 2-0 Bodrum FK,2025-12-08
Bandırmaspor,0.77,0.35,0.42,0.77,0.35,0.42,0.0,0.01,-0.01,0.77,0.35,0.42,2,0,2,1.58,39.6,36.25,48.38,0.46,0.42,160,5,8,8,17.39,19.05,12.27,5,3,8,2,18,34.5,26.64,87.73,90.14,97.47,74.82,0,Bandırmaspor 2-0 Bodrum FK,2025-12-08
Sarıyer,1.54,0.57,0.97,1.16,0.57,0.59,0.38,0.0,0.38,1.54,0.57,0.97,3,0,3,2.03,47.6,49.8,44.51,0.82,0.36,171,14,14,7,17.07,19.44,22.89,1,4,14,8,8,116.8,66.9,80.6,67.62,182.0,93.86,0,Hatayspor 0-3 Sarıyer,2025-12-08
Hatayspor,0.57,1.54,-0.97,0.57,1.16,-0.59,0.0,0.38,-0.38,0.57,1.54,-0.97,0,3,-3,-2.03,52.4,50.2,41.57,0.36,0.82,154,6,7,14,19.44,17.07,15.61,4,1,17,2,13,57.8,33.1,38.6,32.38,11.9,6.14,1,Hatayspor 0-3 Sarıyer,2025-12-08
Sivasspor,0.97,1.66,-0.69,0.92,1.55,-0.63,0.05,0.11,-0.06,0.97,1.66,-0.69,1,2,-1,-0.31,50.4,47.39,46.91,0.25,0.54,206,8,9,12,36.0,22.22,9.7,7,1,16,2,13,67.9,38.67,50.87,56.69,87.8,45.19,0,İstanbulspor 2-1 Sivasspor,2025-12-07
İstanbulspor,1.66,0.97,0.69,1.55,0.92,0.63,0.11,0.05,0.06,1.66,0.97,0.69,2,1,1,0.31,49.6,52.61,44.4,0.54,0.25,178,5,12,9,22.22,36.0,10.49,1,7,26,2,18,107.7,61.33,38.87,43.31,106.5,54.81,0,İstanbulspor 2-1 Sivasspor,2025-12-07
Vanspor,0.81,2.97,-2.16,0.81,1.2,-0.39,0.0,0.25,-0.25,0.81,1.45,-0.64,1,2,-1,1.16,47.8,49.13,44.38,0.39,0.46,141,4,8,11,20.51,23.91,9.08,6,4,9,2,16,56.3,40.27,53.6,50.63,83.53,43.89,0,Manisa FK 2-1 Vanspor,2025-12-07
Manisa FK,2.97,0.81,2.16,1.2,0.81,0.39,0.25,0.0,0.25,1.45,0.81,0.64,2,1,1,-1.16,52.2,50.87,44.57,0.46,0.39,168,12,11,8,23.91,20.51,8.95,4,6,19,4,13,83.5,59.73,52.27,49.37,106.8,56.11,4,Manisa FK 2-1 Vanspor,2025-12-07
Erzurumspor FK,0.44,1.32,-0.88,0.3,1.22,-0.92,0.14,0.1,0.04,0.44,1.32,-0.88,0,2,-2,-1.12,48.1,42.62,43.52,0.91,0.82,152,12,7,10,7.69,12.2,7.56,2,8,17,4,16,55.7,36.26,76.93,59.45,48.1,36.53,1,Boluspor 2-0 Erzurumspor FK,2025-12-07
Boluspor,1.32,0.44,0.88,1.22,0.3,0.92,0.1,0.14,-0.04,1.32,0.44,0.88,2,0,2,1.12,51.9,57.38,45.19,0.82,0.91,163,14,10,7,12.2,7.69,8.05,8,2,11,6,16,97.9,63.74,52.47,40.55,83.57,63.47,0,Boluspor 2-0 Erzurumspor FK,2025-12-07
Adana Demirspor,1.54,4.61,-3.07,1.48,4.21,-2.73,0.06,0.39,-0.33,1.54,4.61,-3.07,1,4,-3,0.07,27.9,22.35,38.88,0.24,1.54,63,3,9,23,37.5,14.94,34.69,2,5,6,3,4,17.7,7.3,131.6,97.58,28.0,9.61,0,Iğdır FK 4-1 Adana Demirspor,2025-12-07
Iğdır FK,4.61,1.54,3.07,4.21,1.48,2.73,0.39,0.06,0.33,4.61,1.54,3.07,4,1,3,-0.07,72.1,77.65,47.96,1.54,0.24,265,20,23,9,14.94,37.5,7.88,5,2,33,14,9,224.6,92.7,3.27,2.42,263.48,90.39,0,Iğdır FK 4-1 Adana Demirspor,2025-12-07
Sakaryaspor,1.11,2.34,-1.23,0.35,1.04,-0.69,0.0,0.53,-0.53,0.35,1.58,-1.23,1,4,-3,-1.77,44.0,43.69,43.77,0.55,1.26,139,7,4,10,7.27,7.94,9.72,6,5,8,2,15,70.6,41.95,68.07,67.13,72.53,39.88,0,Esenler Erokspor 4-1 Sakaryaspor,2025-12-06
Esenler Erokspor,2.34,1.11,1.23,1.04,0.35,0.69,0.53,0.0,0.53,1.58,0.35,1.23,4,1,3,1.77,56.0,56.31,44.5,1.26,0.55,179,9,10,4,7.94,7.27,8.52,5,6,18,5,13,97.7,58.05,33.33,32.87,109.33,60.12,0,Esenler Erokspor 4-1 Sakaryaspor,2025-12-06
Amed,3.31,2.29,1.02,3.05,2.29,0.76,0.26,0.0,0.26,3.31,2.29,1.02,4,3,1,-0.02,55.0,68.83,54.2,1.77,0.76,298,27,18,9,10.17,11.84,12.46,7,2,38,10,10,187.6,82.14,38.87,62.83,168.6,78.2,0,Ümraniyespor 3-4 Amed,2025-12-06
Ümraniyespor,2.29,3.31,-1.02,2.29,3.05,-0.76,0.0,0.26,-0.26,2.29,3.31,-1.02,3,4,-1,0.02,45.0,31.17,43.17,0.76,1.77,163,5,9,18,11.84,10.17,18.05,2,7,8,0,7,40.8,17.86,23.0,37.17,47.0,21.8,1,Ümraniyespor 3-4 Amed,2025-12-06
Ankara Keçiörengücü,3.29,1.21,2.08,2.53,1.06,1.47,0.0,0.14,-0.14,2.53,1.21,1.32,3,1,2,-0.08,37.6,33.24,45.51,0.64,0.89,148,10,15,12,23.44,13.48,13.38,5,6,11,3,14,68.3,31.69,107.07,90.13,194.43,92.22,2,Serik Spor 1-3 Ankara Keçiörengücü,2025-12-06
Serik Spor,1.21,3.29,-2.08,1.06,2.53,-1.47,0.14,0.0,0.14,1.21,2.53,-1.32,1,3,-2,0.08,62.4,66.76,50.87,0.89,0.64,307,14,12,15,13.48,23.44,9.03,6,5,24,3,10,147.2,68.31,11.73,9.87,16.4,7.78,0,Serik Spor 1-3 Ankara Keçiörengücü,2025-12-06
Hatayspor,2.06,1.48,0.58,1.59,1.43,0.16,0.47,0.05,0.42,2.06,1.48,0.58,3,3,0,-0.58,64.8,61.2,40.85,1.26,0.24,166,12,11,17,8.73,70.83,7.36,5,3,18,4,10,82.0,63.81,3.07,2.56,37.27,23.9,1,Adana Demirspor 3-3 Hatayspor,2025-12-01
Adana Demirspor,1.48,2.06,-0.58,1.43,1.59,-0.16,0.05,0.47,-0.42,1.48,2.06,-0.58,3,3,0,0.58,35.2,38.8,45.85,0.24,1.26,115,6,17,11,70.83,8.73,21.14,3,5,7,3,11,46.5,36.19,117.0,97.44,118.7,76.1,0,Adana Demirspor 3-3 Hatayspor,2025-12-01
Çorum,0.92,2.2,-1.28,0.54,1.64,-1.1,0.38,0.56,-0.18,0.92,2.2,-1.28,0,4,-4,-2.72,46.6,51.97,45.76,0.96,0.62,163,15,12,9,12.5,14.52,14.35,4,3,25,9,15,86.2,53.05,63.87,71.55,69.31,32.69,6,Bodrum FK 4-0 Çorum,2025-11-30
Bodrum FK,2.2,0.92,1.28,1.64,0.54,1.1,0.56,0.38,0.18,2.2,0.92,1.28,4,0,4,2.72,53.4,48.03,43.32,0.62,0.96,150,7,9,12,14.52,12.5,13.77,3,4,14,6,7,76.3,46.95,25.4,28.45,142.73,67.31,0,Bodrum FK 4-0 Çorum,2025-11-30
Bandırmaspor,2.17,1.29,0.88,2.13,0.53,1.6,0.04,0.0,0.04,2.17,0.53,1.64,0,1,-1,-1.88,48.1,48.96,46.66,0.79,0.55,166,7,13,9,16.46,16.36,11.28,6,6,19,5,15,60.6,50.71,47.33,54.95,81.27,52.33,2,Sarıyer 1-0 Bandırmaspor,2025-11-30
Sarıyer,1.29,2.17,-0.88,0.53,2.13,-1.6,0.0,0.04,-0.04,0.53,2.17,-1.64,1,0,1,1.88,51.9,51.04,43.48,0.55,0.79,155,10,9,13,16.36,16.46,10.25,6,6,15,6,8,58.9,49.29,38.8,45.05,74.03,47.67,0,Sarıyer 1-0 Bandırmaspor,2025-11-30
Boluspor,1.34,2.42,-1.08,1.26,1.48,-0.22,0.09,0.18,-0.09,1.34,1.66,-0.32,0,1,-1,0.08,60.7,56.55,43.75,0.78,0.76,182,17,9,15,11.54,19.74,6.43,5,6,18,4,18,89.4,55.91,9.2,9.96,48.33,28.3,1,Sivasspor 1-0 Boluspor,2025-11-30
Sivasspor,2.42,1.34,1.08,1.48,1.26,0.22,0.18,0.09,0.09,1.66,1.34,0.32,1,0,1,-0.08,39.3,43.45,47.41,0.76,0.78,156,9,15,9,19.74,11.54,10.12,6,5,12,3,20,70.5,44.09,83.2,90.04,122.43,71.7,1,Sivasspor 1-0 Boluspor,2025-11-30
Ümraniyespor,1.75,1.71,0.04,0.99,1.45,-0.46,0.0,0.26,-0.26,0.99,1.71,-0.72,1,1,0,-0.04,38.8,34.62,43.39,0.27,1.78,123,10,13,15,48.15,8.43,8.63,7,9,6,1,22,51.7,27.46,71.93,81.87,105.8,52.77,3,Sakaryaspor 1-1 Ümraniyespor,2025-11-29
Sakaryaspor,1.71,1.75,-0.04,1.45,0.99,0.46,0.26,0.0,0.26,1.71,0.99,0.72,1,1,0,0.04,61.2,65.38,44.81,1.78,0.27,224,19,15,13,8.43,48.15,5.98,9,7,27,8,15,136.6,72.54,15.93,18.13,94.7,47.23,0,Sakaryaspor 1-1 Ümraniyespor,2025-11-29
Serik Spor,1.72,0.85,0.87,1.68,0.58,1.1,0.03,0.27,-0.24,1.72,0.85,0.87,1,0,1,0.13,30.3,31.35,48.79,0.44,0.61,96,8,10,17,22.73,27.87,10.14,3,4,6,3,17,26.8,15.76,108.8,99.09,83.2,57.42,0,Vanspor 0-1 Serik Spor,2025-11-29
Vanspor,0.85,1.72,-0.87,0.58,1.68,-1.1,0.27,0.03,0.24,0.85,1.72,-0.87,0,1,-1,-0.13,69.7,68.65,50.68,0.61,0.44,278,15,17,10,27.87,22.73,4.15,4,3,30,8,17,143.3,84.24,1.0,0.91,61.7,42.58,1,Vanspor 0-1 Serik Spor,2025-11-29
Iğdır FK,2.52,2.02,0.5,1.76,1.74,0.02,0.0,0.29,-0.29,1.76,2.02,-0.26,2,1,1,0.5,46.5,48.71,45.04,0.23,1.4,160,7,10,17,43.48,12.14,12.91,5,1,11,1,10,72.2,43.13,63.6,62.4,86.43,56.53,0,Ankara Keçiörengücü 1-2 Iğdır FK,2025-11-29
Ankara Keçiörengücü,2.02,2.52,-0.5,1.74,1.76,-0.02,0.29,0.0,0.29,2.02,1.76,0.26,1,2,-1,-0.5,53.5,51.29,42.73,1.4,0.23,173,17,17,10,12.14,43.48,13.69,1,5,19,5,18,95.2,56.87,38.33,37.6,66.47,43.47,4,Ankara Keçiörengücü 1-2 Iğdır FK,2025-11-29
İstanbulspor,1.04,3.35,-2.31,0.19,2.15,-1.96,0.85,1.2,-0.35,1.04,3.35,-2.31,0,4,-4,-1.69,43.9,30.0,41.28,0.45,1.83,144,7,6,23,13.33,12.57,16.17,3,4,7,2,12,34.3,13.31,62.67,62.21,22.47,7.87,0,Erzurumspor FK 4-0 İstanbulspor,2025-11-29
Erzurumspor FK,3.35,1.04,2.31,2.15,0.19,1.96,1.2,0.85,0.35,3.35,1.04,2.31,4,0,4,1.69,56.1,70.0,50.97,1.83,0.45,284,31,23,6,12.57,13.33,13.52,4,3,39,8,10,223.4,86.69,38.07,37.79,263.2,92.13,0,Erzurumspor FK 4-0 İstanbulspor,2025-11-29
Manisa FK,0.63,2.46,-1.83,0.63,2.35,-1.72,0.0,0.11,-0.11,0.63,2.46,-1.83,0,2,-2,-0.17,33.9,25.35,41.15,0.41,0.68,98,6,6,19,14.63,27.94,21.05,2,8,7,0,11,25.0,9.57,128.8,86.72,47.07,23.81,0,Pendikspor 2-0 Manisa FK,2025-11-28
Pendikspor,2.46,0.63,1.83,2.35,0.63,1.72,0.11,0.0,0.11,2.46,0.63,1.83,2,0,2,0.17,66.1,74.65,51.73,0.68,0.41,342,15,19,6,27.94,14.63,6.87,8,2,30,7,19,236.2,90.43,19.73,13.28,150.6,76.19,0,Pendikspor 2-0 Manisa FK,2025-11-28
Esenler Erokspor,0.76,2.58,-1.82,0.61,1.53,-0.92,0.14,0.29,-0.15,0.76,1.82,-1.06,1,2,-1,0.82,42.8,38.58,45.25,0.34,0.59,152,5,6,17,17.65,28.81,12.83,1,10,12,3,10,40.1,21.41,47.47,55.59,58.37,30.92,0,Amed 2-1 Esenler Erokspor,2025-11-28
Amed,2.58,0.76,1.82,1.53,0.61,0.92,0.29,0.14,0.15,1.82,0.76,1.06,2,1,1,-0.82,57.2,61.42,51.1,0.59,0.34,234,18,17,6,28.81,17.65,7.17,10,1,30,7,12,147.2,78.59,37.93,44.41,130.43,69.08,1,Amed 2-1 Esenler Erokspor,2025-11-28
Sarıyer,0.57,2.54,-1.97,0.45,2.32,-1.87,0.11,0.21,-0.1,0.57,2.54,-1.97,0,3,-3,-1.03,60.6,59.66,43.83,0.46,0.32,237,7,9,13,19.57,40.62,17.44,1,7,13,3,10,96.6,56.07,14.4,10.38,33.96,15.32,0,Serik Spor 3-0 Sarıyer,2025-11-24
Serik Spor,2.54,0.57,1.97,2.32,0.45,1.87,0.21,0.11,0.1,2.54,0.57,1.97,3,0,3,1.03,39.4,40.34,45.87,0.32,0.46,135,7,13,9,40.62,19.57,21.77,7,1,8,2,9,75.7,43.93,124.33,89.62,187.72,84.68,0,Serik Spor 3-0 Sarıyer,2025-11-24
Sivasspor,2.05,2.49,-0.44,1.87,2.26,-0.39,0.19,0.23,-0.04,2.05,2.49,-0.44,1,2,-1,-0.56,50.2,54.58,47.84,1.1,1.1,209,15,17,15,15.45,13.64,11.87,4,3,24,5,10,102.3,57.63,56.8,59.66,127.83,54.21,3,Esenler Erokspor 2-1 Sivasspor,2025-11-23
Esenler Erokspor,2.49,2.05,0.44,2.26,1.87,0.39,0.23,0.19,0.04,2.49,2.05,0.44,2,1,1,0.56,49.8,45.42,42.59,1.1,1.1,156,15,15,17,13.64,15.45,13.27,3,4,20,7,7,75.2,42.37,38.4,40.34,107.97,45.79,2,Esenler Erokspor 2-1 Sivasspor,2025-11-23
Ankara Keçiörengücü,1.09,2.08,-0.99,0.92,1.79,-0.87,0.16,0.29,-0.13,1.09,2.08,-0.99,1,1,0,0.99,37.3,39.16,45.29,0.48,0.8,127,6,10,19,20.83,23.75,17.12,2,5,12,2,16,41.3,23.15,77.33,80.84,74.33,48.44,2,Vanspor 1-1 Ankara Keçiörengücü,2025-11-23
Vanspor,2.08,1.09,0.99,1.79,0.92,0.87,0.29,0.16,0.13,2.08,1.09,0.99,1,1,0,-0.99,62.7,60.84,47.55,0.8,0.48,247,12,19,10,23.75,20.83,9.07,5,2,24,5,10,137.1,76.85,18.33,19.16,79.13,51.56,0,Vanspor 1-1 Ankara Keçiörengücü,2025-11-23
Erzurumspor FK,2.0,0.81,1.19,1.13,0.37,0.76,0.1,0.44,-0.34,1.24,0.81,0.43,1,2,-1,-2.19,52.7,59.84,43.84,1.55,0.3,187,18,11,12,7.1,40.0,16.29,3,6,22,5,4,96.4,58.82,32.87,34.12,96.07,61.84,0,Iğdır FK 2-1 Erzurumspor FK,2025-11-23
Iğdır FK,0.81,2.0,-1.19,0.37,1.13,-0.76,0.44,0.1,0.34,0.81,1.24,-0.43,2,1,1,2.19,47.3,40.16,42.25,0.3,1.55,148,12,12,11,40.0,7.1,16.56,6,3,20,6,12,67.5,41.18,63.47,65.88,59.27,38.16,0,Iğdır FK 2-1 Erzurumspor FK,2025-11-23
Bodrum FK,1.99,1.5,0.49,0.99,1.26,-0.27,1.0,0.24,0.76,1.99,1.5,0.49,0,1,-1,-1.49,57.8,64.0,49.45,1.48,0.02,258,20,15,8,10.14,400.0,9.45,4,5,26,6,12,162.8,76.15,35.4,37.42,142.13,71.29,1,Ümraniyespor 1-0 Bodrum FK,2025-11-23
Ümraniyespor,1.5,1.99,-0.49,1.26,0.99,0.27,0.24,1.0,-0.76,1.5,1.99,-0.49,1,0,1,1.49,42.2,36.0,44.22,0.02,1.48,146,3,8,15,400.0,10.14,19.78,5,4,8,5,4,51.0,23.85,59.2,62.58,57.23,28.71,0,Ümraniyespor 1-0 Bodrum FK,2025-11-23
Sakaryaspor,1.95,2.5,-0.55,1.14,1.44,-0.3,0.04,0.3,-0.26,1.19,1.74,-0.55,3,3,0,0.55,52.5,54.83,46.87,0.68,0.59,207,15,8,14,11.76,23.73,13.84,5,4,13,5,8,81.6,50.68,36.47,42.34,71.0,46.34,3,İstanbulspor 3-3 Sakaryaspor,2025-11-22
İstanbulspor,2.5,1.95,0.55,1.44,1.14,0.3,0.3,0.04,0.26,1.74,1.19,0.55,3,3,0,-0.55,47.5,45.17,43.07,0.59,0.68,150,9,14,8,23.73,11.76,18.3,4,5,21,3,9,79.4,49.32,49.67,57.66,82.2,53.66,1,İstanbulspor 3-3 Sakaryaspor,2025-11-22
Amed,0.95,2.78,-1.83,0.72,1.26,-0.54,0.23,0.0,0.23,0.95,1.26,-0.31,1,4,-3,-1.17,38.8,48.13,44.28,0.45,0.72,143,6,7,9,15.56,12.5,13.24,6,0,9,3,16,38.2,31.81,140.13,89.03,104.53,70.68,0,Boluspor 4-1 Amed,2025-11-22
Boluspor,2.78,0.95,1.83,1.26,0.72,0.54,0.0,0.23,-0.23,1.26,0.95,0.31,4,1,3,1.17,61.2,51.87,43.5,0.72,0.45,205,10,9,7,12.5,15.56,9.13,0,6,11,2,13,81.9,68.19,17.27,10.97,43.37,29.32,1,Boluspor 4-1 Amed,2025-11-22
Çorum,1.65,0.56,1.09,1.57,0.56,1.01,0.08,0.0,0.08,1.65,0.56,1.09,0,1,-1,-2.09,63.1,70.96,54.29,1.45,0.47,368,21,18,6,12.41,12.77,12.14,2,3,39,8,10,220.5,92.22,16.93,20.5,175.47,86.24,0,Bandırmaspor 1-0 Çorum,2025-11-22
Bandırmaspor,0.56,1.65,-1.09,0.56,1.57,-1.01,0.0,0.08,-0.08,0.56,1.65,-1.09,1,0,1,2.09,36.9,29.04,44.8,0.47,1.45,140,7,6,18,12.77,12.41,20.16,3,2,8,2,12,18.6,7.78,65.67,79.5,28.0,13.76,2,Bandırmaspor 1-0 Çorum,2025-11-22
Pendikspor,2.55,0.53,2.02,1.73,0.53,1.2,0.06,0.0,0.06,1.79,0.53,1.26,1,0,1,-1.02,51.1,58.94,49.98,1.05,0.39,208,19,14,9,13.33,23.08,7.77,8,5,28,4,15,136.0,85.37,42.07,56.44,157.23,88.6,2,Hatayspor 0-1 Pendikspor,2025-11-22
Hatayspor,0.53,2.55,-2.02,0.53,1.73,-1.2,0.0,0.06,-0.06,0.53,1.79,-1.26,0,1,-1,1.02,48.9,41.06,43.74,0.39,1.05,159,5,9,14,23.08,13.33,8.69,5,8,11,1,18,23.3,14.63,32.47,43.56,20.23,11.4,1,Hatayspor 0-1 Pendikspor,2025-11-22
Adana Demirspor,0.64,3.72,-3.08,0.64,3.03,-2.39,0.0,0.69,-0.69,0.64,3.72,-3.08,0,5,-5,-1.92,37.2,42.22,39.3,0.23,0.95,96,3,6,14,26.09,14.74,19.38,7,5,6,1,12,24.4,21.75,122.33,88.86,19.88,12.72,0,Manisa FK 5-0 Adana Demirspor,2025-11-21
Manisa FK,3.72,0.64,3.08,3.03,0.64,2.39,0.69,0.0,0.69,3.72,0.64,3.08,5,0,5,1.92,62.8,57.78,38.25,0.95,0.23,143,21,14,6,14.74,26.09,8.26,5,7,12,5,11,87.8,78.25,15.33,11.14,136.38,87.28,5,Manisa FK 5-0 Adana Demirspor,2025-11-21
Iğdır FK,1.95,2.59,-0.64,1.95,1.77,0.18,0.0,0.06,-0.06,1.95,1.83,0.12,1,3,-2,-1.36,51.5,49.58,44.04,0.56,1.13,165,11,9,11,16.07,9.73,11.62,7,2,10,4,11,57.3,45.55,29.0,34.64,47.7,28.92,1,Çorum 3-1 Iğdır FK,2025-11-09
Çorum,2.59,1.95,0.64,1.77,1.95,-0.18,0.06,0.0,0.06,1.83,1.95,-0.12,3,1,2,1.36,48.5,50.42,44.87,1.13,0.56,162,12,11,9,9.73,16.07,11.47,2,7,14,2,10,68.5,54.45,54.73,65.36,117.23,71.08,1,Çorum 3-1 Iğdır FK,2025-11-09
Ümraniyespor,2.26,3.5,-1.24,1.5,2.59,-1.09,0.0,0.15,-0.15,1.5,2.74,-1.24,0,3,-3,-1.76,49.6,42.13,44.48,0.44,1.78,155,6,9,14,20.45,7.87,11.03,7,7,8,1,10,64.8,36.84,50.73,49.71,54.37,25.66,4,Pendikspor 3-0 Ümraniyespor,2025-11-09
Pendikspor,3.5,2.26,1.24,2.59,1.5,1.09,0.15,0.0,0.15,2.74,1.5,1.24,3,0,3,1.76,50.4,57.87,46.66,1.78,0.44,186,19,14,9,7.87,20.45,7.58,7,7,24,5,16,111.1,63.16,51.33,50.29,157.52,74.34,1,Pendikspor 3-0 Ümraniyespor,2025-11-09
Ankara Keçiörengücü,4.1,1.48,2.62,3.2,1.31,1.89,0.14,0.17,-0.03,3.34,1.48,1.86,7,2,5,2.38,56.3,57.33,43.8,1.55,0.26,163,16,18,15,11.61,57.69,8.68,4,6,11,2,14,89.3,60.87,19.47,20.48,119.9,81.27,2,Adana Demirspor 2-7 Ankara Keçiörengücü,2025-11-09
Adana Demirspor,1.48,4.1,-2.62,1.31,3.2,-1.89,0.17,0.14,0.03,1.48,3.34,-1.86,2,7,-5,-2.38,43.7,42.67,45.65,0.26,1.55,143,5,15,18,57.69,11.61,16.7,6,4,7,3,9,57.4,39.13,75.6,79.52,27.63,18.73,0,Adana Demirspor 2-7 Ankara Keçiörengücü,2025-11-09
Esenler Erokspor,0.42,0.64,-0.22,0.41,0.55,-0.14,0.01,0.09,-0.08,0.42,0.64,-0.22,1,1,0,0.22,53.5,36.1,38.07,0.58,0.35,118,8,5,13,8.62,37.14,9.42,1,7,8,2,17,30.1,23.93,30.27,26.55,25.03,14.5,0,Erzurumspor FK 1-1 Esenler Erokspor,2025-11-09
Erzurumspor FK,0.64,0.42,0.22,0.55,0.41,0.14,0.09,0.01,0.08,0.64,0.42,0.22,1,1,0,-0.22,46.5,63.9,46.61,0.35,0.58,183,6,13,5,37.14,8.62,11.83,7,1,15,4,12,95.7,76.07,83.73,73.45,147.6,85.5,0,Erzurumspor FK 1-1 Esenler Erokspor,2025-11-09
Hatayspor,1.03,3.26,-2.23,0.27,3.17,-2.9,0.0,0.08,-0.08,0.27,3.26,-2.99,1,2,-1,1.23,52.2,39.23,42.96,0.28,1.74,191,1,6,20,21.43,11.49,18.58,5,9,8,0,8,41.3,19.92,34.27,29.47,7.67,3.01,0,Amed 2-1 Hatayspor,2025-11-08
Amed,3.26,1.03,2.23,3.17,0.27,2.9,0.08,0.0,0.08,3.26,0.27,2.99,2,1,1,-1.23,47.8,60.77,48.48,1.74,0.28,207,20,20,6,11.49,21.43,12.54,9,5,15,3,7,166.0,80.08,82.0,70.53,246.8,96.99,0,Amed 2-1 Hatayspor,2025-11-08
Serik Spor,2.73,1.84,0.89,2.63,1.71,0.92,0.1,0.13,-0.03,2.73,1.84,0.89,3,2,1,0.11,44.4,38.43,47.02,1.17,0.78,138,9,13,17,11.11,21.79,7.81,8,5,8,3,17,41.1,26.53,38.6,55.56,52.43,38.04,0,Sakaryaspor 2-3 Serik Spor,2025-11-08
Sakaryaspor,1.84,2.73,-0.89,1.71,2.63,-0.92,0.13,0.1,0.03,1.84,2.73,-0.89,2,3,-1,-0.11,55.6,61.57,49.65,0.78,1.17,205,18,17,13,21.79,11.11,6.77,5,8,27,7,12,113.8,73.47,30.87,44.44,85.4,61.96,3,Sakaryaspor 2-3 Serik Spor,2025-11-08
Boluspor,0.61,0.62,-0.01,0.44,0.62,-0.18,0.17,0.0,0.17,0.61,0.62,-0.01,0,1,-1,-0.99,69.8,71.85,46.73,0.87,0.4,256,13,10,6,11.49,15.0,6.63,1,2,18,5,12,136.5,75.67,0.4,0.3,57.13,36.17,1,Bandırmaspor 1-0 Boluspor,2025-11-08
Bandırmaspor,0.62,0.61,0.01,0.62,0.44,0.18,0.0,0.17,-0.17,0.62,0.61,0.01,1,0,1,0.99,30.2,28.15,44.27,0.4,0.87,88,6,6,10,15.0,11.49,15.28,2,1,5,0,15,43.9,24.33,133.67,99.7,100.8,63.83,3,Bandırmaspor 1-0 Boluspor,2025-11-08
Manisa FK,1.71,2.13,-0.42,0.8,1.26,-0.46,0.14,0.11,0.03,0.95,1.37,-0.42,2,3,-1,-0.58,50.5,49.8,48.25,0.93,0.55,148,16,7,14,7.53,25.45,7.5,2,2,14,4,15,56.0,40.09,37.13,38.73,44.57,32.08,0,Sivasspor 3-2 Manisa FK,2025-11-08
Sivasspor,2.13,1.71,0.42,1.26,0.8,0.46,0.11,0.14,-0.03,1.37,0.95,0.42,3,2,1,0.58,49.5,50.2,49.23,0.55,0.93,166,10,14,7,25.45,7.53,6.85,2,2,21,5,17,83.7,59.91,58.73,61.27,94.37,67.92,1,Sivasspor 3-2 Manisa FK,2025-11-08
İstanbulspor,0.77,3.69,-2.92,0.75,2.93,-2.18,0.02,0.0,0.02,0.77,2.93,-2.16,0,5,-5,-2.08,50.9,47.11,42.22,0.7,0.76,131,8,8,15,11.43,19.74,12.67,4,5,14,2,13,48.8,30.01,38.13,46.61,28.27,11.8,3,Bodrum FK 5-0 İstanbulspor,2025-11-07
Bodrum FK,3.69,0.77,2.92,2.93,0.75,2.18,0.0,0.02,-0.02,2.93,0.77,2.16,5,0,5,2.08,49.1,52.89,43.38,0.76,0.7,133,17,15,8,19.74,11.43,11.33,5,4,9,2,12,113.8,69.99,43.67,53.39,211.39,88.2,2,Bodrum FK 5-0 İstanbulspor,2025-11-07
Vanspor,1.44,3.02,-1.58,0.63,3.0,-2.37,0.05,0.01,0.04,0.68,3.02,-2.34,1,2,-1,0.58,60.3,64.34,51.15,1.04,0.77,217,12,10,14,9.62,18.18,5.5,3,5,23,4,24,101.4,60.47,21.27,24.85,70.3,43.11,0,Sarıyer 2-1 Vanspor,2025-11-07
Sarıyer,3.02,1.44,1.58,3.0,0.63,2.37,0.01,0.05,-0.04,3.02,0.68,2.34,2,1,1,-0.58,39.7,35.66,40.43,0.77,1.04,97,8,14,10,18.18,9.62,12.38,5,3,5,2,11,66.3,39.53,64.33,75.15,92.77,56.89,0,Sarıyer 2-1 Vanspor,2025-11-07
Çorum,1.79,3.06,-1.27,0.92,3.04,-2.12,0.11,0.02,0.09,1.03,3.06,-2.03,1,3,-2,-0.73,65.5,70.98,48.72,1.07,0.96,231,20,13,16,12.15,16.67,7.07,4,3,21,7,12,81.5,67.8,12.33,10.89,38.93,28.65,2,Esenler Erokspor 3-1 Çorum,2025-11-03
Esenler Erokspor,3.06,1.79,1.27,3.04,0.92,2.12,0.02,0.11,-0.09,3.06,1.03,2.03,3,1,2,0.73,34.5,29.02,42.52,0.96,1.07,89,11,16,13,16.67,12.15,14.79,3,4,10,2,13,38.7,32.2,100.87,89.11,96.97,71.35,1,Esenler Erokspor 3-1 Çorum,2025-11-03
Bandırmaspor,0.64,1.85,-1.21,0.43,1.76,-1.33,0.21,0.09,0.12,0.64,1.85,-1.21,1,1,0,1.21,35.3,38.08,45.94,0.41,0.92,134,9,7,10,17.07,10.87,15.79,4,4,16,5,15,39.7,21.08,74.4,85.0,73.2,41.47,2,Iğdır FK 1-1 Bandırmaspor,2025-11-03
Iğdır FK,1.85,0.64,1.21,1.76,0.43,1.33,0.09,0.21,-0.12,1.85,0.64,1.21,1,1,0,-1.21,64.7,61.92,49.25,0.92,0.41,259,14,10,7,10.87,17.07,7.24,4,4,21,6,15,148.6,78.92,13.13,15.0,103.33,58.53,1,Iğdır FK 1-1 Bandırmaspor,2025-11-03
Sakaryaspor,1.15,1.95,-0.8,0.85,1.85,-1.0,0.3,0.1,0.2,1.15,1.95,-0.8,2,3,-1,-0.2,45.8,51.49,44.84,0.98,0.58,128,16,10,11,10.2,18.97,9.55,2,9,15,4,12,72.4,54.89,57.2,77.22,100.27,63.54,4,Vanspor 3-2 Sakaryaspor,2025-11-02
Vanspor,1.95,1.15,0.8,1.85,0.85,1.0,0.1,0.3,-0.2,1.95,1.15,0.8,3,2,1,0.2,54.2,48.51,43.77,0.58,0.98,139,13,11,10,18.97,10.2,7.03,9,2,17,9,17,59.5,45.11,16.87,22.78,57.53,36.46,0,Vanspor 3-2 Sakaryaspor,2025-11-02
Bodrum FK,1.05,3.61,-2.56,1.03,2.83,-1.8,0.03,0.78,-0.75,1.05,3.61,-2.56,0,3,-3,-0.44,34.3,31.56,40.53,0.34,1.16,87,7,7,18,20.59,15.52,13.18,4,9,6,3,11,24.0,13.15,114.47,90.56,67.3,31.89,0,Boluspor 3-0 Bodrum FK,2025-11-02
Boluspor,3.61,1.05,2.56,2.83,1.03,1.8,0.78,0.03,0.75,3.61,1.05,2.56,3,0,3,0.44,65.7,68.44,47.49,1.16,0.34,210,14,18,7,15.52,20.59,7.36,9,4,15,3,11,158.5,86.85,11.93,9.44,143.76,68.11,0,Boluspor 3-0 Bodrum FK,2025-11-02
Pendikspor,1.47,2.16,-0.69,1.14,1.92,-0.78,0.33,0.24,0.09,1.47,2.16,-0.69,0,0,0,0.69,41.1,29.52,42.84,0.57,1.2,129,13,14,18,24.56,15.0,14.5,4,4,16,4,9,38.5,16.36,94.93,82.03,49.67,27.05,3,İstanbulspor 0-0 Pendikspor,2025-11-02
İstanbulspor,2.16,1.47,0.69,1.92,1.14,0.78,0.24,0.33,-0.09,2.16,1.47,0.69,0,0,0,-0.69,58.9,70.48,53.87,1.2,0.57,300,19,18,14,15.0,24.56,8.88,4,4,35,3,13,196.9,83.64,20.8,17.97,133.93,72.95,2,İstanbulspor 0-0 Pendikspor,2025-11-02
Amed,2.36,0.74,1.62,2.36,0.26,2.1,0.0,0.48,-0.48,2.36,0.74,1.62,3,0,3,1.38,47.7,50.65,50.67,1.02,0.79,212,14,12,9,11.76,11.39,13.18,5,2,23,4,10,86.2,58.05,75.2,72.45,127.2,91.84,1,Manisa FK 0-3 Amed,2025-11-02
Manisa FK,0.74,2.36,-1.62,0.26,2.36,-2.1,0.48,0.0,0.48,0.74,2.36,-1.62,0,3,-3,-1.38,52.3,49.35,48.77,0.79,1.02,218,11,9,12,11.39,11.76,8.97,2,5,8,3,16,62.3,41.95,28.6,27.55,11.3,8.16,0,Manisa FK 0-3 Amed,2025-11-02
Adana Demirspor,0.63,2.26,-1.63,0.42,1.69,-1.27,0.21,0.57,-0.36,0.63,2.26,-1.63,0,4,-4,-2.37,36.8,23.81,35.7,0.1,0.97,78,2,9,21,90.0,21.65,19.3,2,12,6,4,6,22.7,12.47,73.4,83.34,16.3,6.73,0,Serik Spor 4-0 Adana Demirspor,2025-11-01
Serik Spor,2.26,0.63,1.63,1.69,0.42,1.27,0.57,0.21,0.36,2.26,0.63,1.63,4,0,4,2.37,63.2,76.19,48.77,0.97,0.1,269,21,21,9,21.65,90.0,8.2,12,2,26,10,14,159.4,87.53,14.67,16.66,225.97,93.27,2,Serik Spor 4-0 Adana Demirspor,2025-11-01
Sivasspor,0.77,1.49,-0.72,0.77,1.06,-0.29,0.0,0.43,-0.43,0.77,1.49,-0.72,0,1,-1,-0.28,61.8,72.19,50.65,1.07,0.31,306,20,13,12,12.15,38.71,7.77,8,5,28,3,11,128.4,83.05,11.27,10.96,71.83,49.56,3,Ümraniyespor 1-0 Sivasspor,2025-11-01
Ümraniyespor,1.49,0.77,0.72,1.06,0.77,0.29,0.43,0.0,0.43,1.49,0.77,0.72,1,0,1,0.28,38.2,27.81,40.35,0.31,1.07,107,6,12,13,38.71,12.15,15.14,5,8,9,5,16,26.2,16.95,91.53,89.04,73.1,50.44,0,Ümraniyespor 1-0 Sivasspor,2025-11-01
Sarıyer,1.53,1.84,-0.31,1.53,1.41,0.12,0.0,0.43,-0.43,1.53,1.84,-0.31,0,3,-3,-2.69,51.8,55.59,44.82,0.57,0.76,193,9,9,12,15.79,15.79,12.24,2,7,24,0,11,105.2,59.87,44.33,35.91,55.74,25.17,2,Ankara Keçiörengücü 3-0 Sarıyer,2025-11-01
Ankara Keçiörengücü,1.84,1.53,0.31,1.41,1.53,-0.12,0.43,0.0,0.43,1.84,1.53,0.31,3,0,3,2.69,48.2,44.41,45.68,0.76,0.57,173,11,12,9,15.79,15.79,10.08,7,2,14,6,22,70.5,40.13,79.13,64.09,165.73,74.83,0,Ankara Keçiörengücü 3-0 Sarıyer,2025-11-01
Erzurumspor FK,2.6,0.6,2.0,2.55,0.6,1.95,0.05,0.0,0.05,2.6,0.6,2.0,3,0,3,1.0,66.1,87.03,62.19,1.39,0.24,500,31,23,5,16.55,20.83,11.25,5,0,39,8,13,358.6,99.64,23.4,23.59,313.33,99.55,0,Hatayspor 0-3 Erzurumspor FK,2025-10-31
Hatayspor,0.6,2.6,-2.0,0.6,2.55,-1.95,0.0,0.05,-0.05,0.6,2.6,-2.0,0,3,-3,-1.0,33.9,12.97,31.59,0.24,1.39,52,4,5,23,20.83,16.55,26.14,0,5,8,1,6,1.3,0.36,75.8,76.41,1.43,0.45,0,Hatayspor 0-3 Erzurumspor FK,2025-10-31
Iğdır FK,0.51,1.86,-1.35,0.44,1.74,-1.3,0.07,0.11,-0.04,0.51,1.86,-1.35,0,2,-2,-0.65,63.2,55.76,41.28,0.66,1.0,171,4,6,9,9.09,9.0,7.74,7,4,10,3,9,75.0,56.82,14.07,9.72,49.6,22.93,2,Bodrum FK 2-0 Iğdır FK,2025-10-26
Bodrum FK,1.86,0.51,1.35,1.74,0.44,1.3,0.11,0.07,0.04,1.86,0.51,1.35,2,0,2,0.65,36.8,44.24,40.81,1.0,0.66,100,11,9,6,9.0,9.09,17.07,4,7,8,4,15,57.0,43.18,130.73,90.28,166.67,77.07,2,Bodrum FK 2-0 Iğdır FK,2025-10-26
Boluspor,0.97,1.37,-0.4,0.97,1.24,-0.27,0.01,0.13,-0.12,0.97,1.37,-0.4,0,0,0,0.4,46.9,47.2,50.23,0.38,0.94,208,10,12,11,31.58,11.7,8.54,4,5,13,3,16,101.0,43.0,43.07,59.65,97.67,45.58,2,Çorum 0-0 Boluspor,2025-10-26
Çorum,1.37,0.97,0.4,1.24,0.97,0.27,0.13,0.01,0.12,1.37,0.97,0.4,0,0,0,-0.4,53.1,52.8,49.48,0.94,0.38,226,21,11,12,11.7,31.58,12.16,5,4,29,8,8,133.9,57.0,29.13,40.35,116.63,54.42,1,Çorum 0-0 Boluspor,2025-10-26
İstanbulspor,0.49,1.51,-1.02,0.45,0.97,-0.52,0.04,0.54,-0.5,0.49,1.51,-1.02,0,0,0,1.02,41.0,31.72,41.51,0.47,0.52,116,8,9,17,19.15,32.69,13.2,2,4,9,2,13,37.5,21.48,65.67,68.21,31.87,24.85,0,Amed 0-0 İstanbulspor,2025-10-26
Amed,1.51,0.49,1.02,0.97,0.45,0.52,0.54,0.04,0.5,1.51,0.49,1.02,0,0,0,-1.02,59.0,68.28,50.92,0.52,0.47,265,10,17,9,32.69,19.15,9.0,4,2,29,7,14,137.1,78.52,30.6,31.79,96.4,75.15,1,Amed 0-0 İstanbulspor,2025-10-26
Esenler Erokspor,0.79,0.59,0.2,0.76,0.38,0.38,0.03,0.21,-0.18,0.79,0.59,0.2,0,0,0,-0.2,75.3,83.29,57.14,1.17,0.15,408,16,9,6,7.69,40.0,9.83,1,2,33,4,12,286.6,99.17,5.67,3.95,169.1,90.85,0,Bandırmaspor 0-0 Esenler Erokspor,2025-10-26
Bandırmaspor,0.59,0.79,-0.2,0.38,0.76,-0.38,0.21,0.03,0.18,0.59,0.79,-0.2,0,0,0,0.2,24.7,16.71,40.55,0.15,1.17,67,2,6,9,40.0,7.69,17.77,2,1,10,4,11,2.4,0.83,137.8,96.05,17.03,9.15,1,Bandırmaspor 0-0 Esenler Erokspor,2025-10-26
Ankara Keçiörengücü,1.14,1.71,-0.57,0.94,0.8,0.14,0.2,0.15,0.05,1.14,0.95,0.19,0,1,-1,-0.43,57.3,53.08,47.08,1.12,0.33,185,17,10,13,8.93,39.39,6.79,12,3,38,6,13,93.2,62.8,27.8,37.1,72.27,47.4,0,Sakaryaspor 1-0 Ankara Keçiörengücü,2025-10-25
Sakaryaspor,1.71,1.14,0.57,0.8,0.94,-0.14,0.15,0.2,-0.05,0.95,1.14,-0.19,1,0,1,0.43,42.7,46.92,45.79,0.33,1.12,147,11,13,10,39.39,8.93,11.22,3,12,12,5,13,55.2,37.2,47.13,62.9,80.2,52.6,0,Sakaryaspor 1-0 Ankara Keçiörengücü,2025-10-25
Serik Spor,1.3,2.23,-0.93,1.3,2.23,-0.93,0.0,0.0,0.0,1.3,2.23,-0.93,0,4,-4,-3.07,36.2,50.0,46.61,0.51,1.07,133,6,9,15,17.65,14.02,11.87,7,1,17,5,17,51.5,35.32,138.33,94.88,93.2,63.47,1,Pendikspor 4-0 Serik Spor,2025-10-25
Pendikspor,2.23,1.3,0.93,2.23,1.3,0.93,0.0,0.0,0.0,2.23,1.3,0.93,4,0,4,3.07,63.8,50.0,39.74,1.07,0.51,178,14,15,9,14.02,17.65,8.5,1,7,14,3,9,94.3,64.68,7.47,5.12,53.63,36.53,1,Pendikspor 4-0 Serik Spor,2025-10-25
Vanspor,3.78,1.05,2.73,3.56,0.14,3.42,0.22,0.15,0.07,3.78,0.29,3.49,4,2,2,-0.73,67.8,67.95,47.87,1.28,0.35,241,18,21,10,16.41,28.57,6.63,5,2,12,3,9,182.0,91.73,6.0,5.69,153.8,87.72,1,Adana Demirspor 2-4 Vanspor,2025-10-25
Adana Demirspor,1.05,3.78,-2.73,0.14,3.56,-3.42,0.15,0.22,-0.07,0.29,3.78,-3.49,2,4,-2,0.73,32.2,32.05,47.05,0.35,1.28,121,3,10,21,28.57,16.41,16.44,2,5,12,2,13,16.4,8.27,99.53,94.31,21.53,12.28,0,Adana Demirspor 2-4 Vanspor,2025-10-25
Manisa FK,1.43,1.76,-0.33,0.89,1.76,-0.87,0.54,0.0,0.54,1.43,1.76,-0.33,0,0,0,0.33,46.3,43.54,45.68,0.51,1.09,171,12,14,14,27.45,12.84,14.63,6,6,13,5,7,72.2,39.5,88.27,76.23,86.27,57.44,0,Sarıyer 0-0 Manisa FK,2025-10-25
Sarıyer,1.76,1.43,0.33,1.76,0.89,0.87,0.0,0.54,-0.54,1.76,1.43,0.33,0,0,0,-0.33,53.7,56.46,46.17,1.09,0.51,211,12,14,14,12.84,27.45,10.32,6,6,16,3,10,110.6,60.5,27.53,23.77,63.93,42.56,2,Sarıyer 0-0 Manisa FK,2025-10-25
Hatayspor,0.91,2.34,-1.43,0.52,1.0,-0.48,0.39,0.58,-0.19,0.91,1.58,-0.67,1,1,0,1.43,29.8,18.51,40.95,0.51,1.08,66,4,5,14,9.8,12.96,31.64,0,9,5,2,9,14.0,5.26,73.93,80.95,12.5,9.9,1,Sivasspor 1-1 Hatayspor,2025-10-24
Sivasspor,2.34,0.91,1.43,1.0,0.52,0.48,0.58,0.39,0.19,1.58,0.91,0.67,1,1,0,-1.43,70.2,81.49,57.34,1.08,0.51,371,17,14,5,12.96,9.8,5.41,9,0,58,7,13,252.3,94.74,17.4,19.05,113.77,90.1,1,Sivasspor 1-1 Hatayspor,2025-10-24
Ümraniyespor,0.52,3.2,-2.68,0.52,2.44,-1.92,0.0,0.0,0.0,0.52,2.44,-1.92,0,2,-2,0.68,41.5,39.32,48.83,0.35,1.35,170,2,6,15,17.14,11.11,11.31,7,2,13,2,11,37.2,17.39,70.0,73.28,34.03,18.77,0,Erzurumspor FK 2-0 Ümraniyespor,2025-10-24
Erzurumspor FK,3.2,0.52,2.68,2.44,0.52,1.92,0.0,0.0,0.0,2.44,0.52,1.92,2,0,2,-0.68,58.5,60.68,51.54,1.35,0.35,257,25,15,6,11.11,17.14,9.63,2,7,25,5,13,176.7,82.61,25.53,26.72,147.23,81.23,1,Erzurumspor FK 2-0 Ümraniyespor,2025-10-24
Bandırmaspor,2.13,1.72,0.41,1.74,1.39,0.35,0.39,0.34,0.05,2.13,1.72,0.41,1,1,0,-0.41,41.2,35.86,44.25,0.22,0.85,169,5,7,14,31.82,16.47,13.69,7,4,12,3,11,43.1,20.32,68.0,75.39,65.27,31.97,2,İstanbulspor 1-1 Bandırmaspor,2025-10-20
İstanbulspor,1.72,2.13,-0.41,1.39,1.74,-0.35,0.34,0.39,-0.05,1.72,2.13,-0.41,1,1,0,0.41,58.8,64.14,48.72,0.85,0.22,277,11,14,7,16.47,31.82,15.3,4,7,19,3,7,169.0,79.68,22.2,24.61,138.87,68.03,1,İstanbulspor 1-1 Bandırmaspor,2025-10-20
Amed,2.53,1.46,1.07,2.51,1.3,1.21,0.03,0.16,-0.13,2.53,1.46,1.07,2,1,1,-0.07,65.0,50.29,45.01,1.1,0.84,225,18,15,15,13.64,17.86,9.05,2,9,15,1,5,122.7,56.57,0.87,0.63,90.27,32.57,0,Serik Spor 1-2 Amed,2025-10-20
Serik Spor,1.46,2.53,-1.07,1.3,2.51,-1.21,0.16,0.03,0.13,1.46,2.53,-1.07,1,2,-1,0.07,35.0,49.71,56.51,0.84,1.1,202,18,15,15,17.86,13.64,10.83,9,2,21,6,16,94.2,43.43,137.47,99.37,186.87,67.43,2,Serik Spor 1-2 Amed,2025-10-20
Bodrum FK,0.75,0.66,0.09,0.75,0.39,0.36,0.0,0.27,-0.27,0.75,0.66,0.09,1,1,0,-0.09,42.4,51.01,42.47,0.5,0.28,138,8,8,4,16.0,14.29,13.47,10,3,16,3,9,58.4,45.55,107.2,86.96,136.2,73.36,4,Esenler Erokspor 1-1 Bodrum FK,2025-10-19
Esenler Erokspor,0.66,0.75,-0.09,0.39,0.75,-0.36,0.27,0.0,0.27,0.66,0.75,-0.09,1,1,0,0.09,57.6,48.99,42.11,0.28,0.5,171,4,4,8,14.29,16.0,11.77,3,10,30,5,13,69.8,54.45,16.07,13.04,49.47,26.64,0,Esenler Erokspor 1-1 Bodrum FK,2025-10-19
Boluspor,0.68,1.88,-1.2,0.33,1.12,-0.79,0.35,0.0,0.35,0.68,1.12,-0.44,1,1,0,1.2,40.5,45.3,50.63,0.9,0.44,155,7,7,11,7.78,25.0,12.69,0,5,10,6,18,60.9,42.32,82.87,82.59,128.3,73.19,0,Iğdır FK 1-1 Boluspor,2025-10-19
Iğdır FK,1.88,0.68,1.2,1.12,0.33,0.79,0.0,0.35,-0.35,1.12,0.68,0.44,1,1,0,-1.2,59.5,54.7,46.77,0.44,0.9,209,9,11,7,25.0,7.78,5.9,5,0,16,2,12,83.0,57.68,17.47,17.41,47.0,26.81,1,Iğdır FK 1-1 Boluspor,2025-10-19
Sivasspor,1.37,1.02,0.35,1.27,0.95,0.32,0.1,0.06,0.04,1.37,1.02,0.35,0,0,0,-0.35,45.3,43.18,46.24,0.69,0.93,140,11,8,14,11.59,15.05,11.65,1,7,15,3,14,44.3,31.11,43.07,66.47,60.23,39.38,1,Ankara Keçiörengücü 0-0 Sivasspor,2025-10-19
Ankara Keçiörengücü,1.02,1.37,-0.35,0.95,1.27,-0.32,0.06,0.1,-0.04,1.02,1.37,-0.35,0,0,0,0.35,54.7,56.82,49.67,0.93,0.69,194,17,14,8,15.05,11.59,6.86,7,1,29,7,18,98.1,68.89,21.73,33.53,92.7,60.62,1,Ankara Keçiörengücü 0-0 Sivasspor,2025-10-19
Çorum,3.05,0.56,2.49,2.91,0.39,2.52,0.14,0.17,-0.03,3.05,0.56,2.49,4,1,3,0.51,55.2,57.71,46.32,1.09,0.5,223,13,14,8,12.84,16.0,14.88,2,4,12,3,9,118.8,71.1,27.13,29.62,130.07,81.51,1,Hatayspor 1-4 Çorum,2025-10-18
Hatayspor,0.56,3.05,-2.49,0.39,2.91,-2.52,0.17,0.14,0.03,0.56,3.05,-2.49,1,4,-3,-0.51,44.8,42.29,43.93,0.5,1.09,158,9,8,14,16.0,12.84,16.58,4,2,8,1,13,48.3,28.9,64.47,70.38,29.5,18.49,0,Hatayspor 1-4 Çorum,2025-10-18
Sakaryaspor,4.23,0.33,3.9,2.42,0.28,2.14,1.05,0.05,1.0,3.47,0.33,3.14,6,0,6,2.1,61.2,73.57,47.65,1.42,0.34,251,25,22,2,15.49,5.88,11.23,5,4,22,10,12,248.3,94.88,12.27,14.53,227.57,93.09,2,Adana Demirspor 0-6 Sakaryaspor,2025-10-18
Adana Demirspor,0.33,4.23,-3.9,0.28,2.42,-2.14,0.05,1.05,-1.0,0.33,3.47,-3.14,0,6,-6,-2.1,38.8,26.43,40.21,0.34,1.42,100,6,2,22,5.88,15.49,15.6,4,5,13,3,7,13.4,5.12,72.2,85.47,16.9,6.91,0,Adana Demirspor 0-6 Sakaryaspor,2025-10-18
Pendikspor,0.79,2.02,-1.23,0.69,1.23,-0.54,0.11,0.03,0.08,0.79,1.26,-0.47,1,1,0,1.23,60.9,62.95,45.8,0.49,0.52,178,9,10,12,20.41,23.08,6.71,3,2,19,3,16,102.3,72.25,11.07,14.17,80.53,49.85,2,Vanspor 1-1 Pendikspor,2025-10-18
Vanspor,2.02,0.79,1.23,1.23,0.69,0.54,0.03,0.11,-0.08,1.26,0.79,0.47,1,1,0,-1.23,39.1,37.05,42.02,0.52,0.49,100,9,12,10,23.08,20.41,9.83,2,3,9,3,14,39.3,27.75,67.07,85.83,81.03,50.15,1,Vanspor 1-1 Pendikspor,2025-10-18
Erzurumspor FK,0.78,0.98,-0.2,0.78,0.85,-0.07,0.0,0.13,-0.13,0.78,0.98,-0.2,1,1,0,0.2,52.1,48.38,45.15,0.39,0.24,204,3,6,8,15.38,33.33,7.5,9,6,26,5,5,32.8,35.65,48.47,60.99,64.03,44.47,0,Manisa FK 1-1 Erzurumspor FK,2025-10-18
Manisa FK,0.98,0.78,0.2,0.85,0.78,0.07,0.13,0.0,0.13,0.98,0.78,0.2,1,1,0,-0.2,47.9,51.62,43.58,0.24,0.39,163,6,8,6,33.33,15.38,10.83,6,9,11,5,14,59.2,64.35,31.0,39.01,79.97,55.53,2,Manisa FK 1-1 Erzurumspor FK,2025-10-18
Sarıyer,3.59,0.81,2.78,2.75,0.69,2.06,0.08,0.12,-0.04,2.83,0.81,2.02,3,1,2,-0.78,66.1,68.75,47.37,1.08,0.26,318,16,17,8,15.74,30.77,9.16,3,6,26,4,12,162.4,89.13,25.87,12.93,86.07,51.97,0,Ümraniyespor 1-3 Sarıyer,2025-10-17
Ümraniyespor,0.81,3.59,-2.78,0.69,2.75,-2.06,0.12,0.08,0.04,0.81,2.83,-2.02,1,3,-2,0.78,33.9,31.25,41.97,0.26,1.08,107,5,8,17,30.77,15.74,23.74,6,3,9,3,7,19.8,10.87,174.13,87.06,79.53,48.03,1,Ümraniyespor 1-3 Sarıyer,2025-10-17
Hatayspor,0.26,3.42,-3.16,0.18,2.39,-2.21,0.08,0.27,-0.19,0.26,2.66,-2.4,0,5,-5,-1.84,55.4,50.51,40.91,0.22,0.74,167,5,5,16,22.73,21.62,11.17,6,5,5,2,7,58.1,35.93,27.27,27.71,11.44,4.1,1,Bodrum FK 5-0 Hatayspor,2025-10-05
Bodrum FK,3.42,0.26,3.16,2.39,0.18,2.21,0.27,0.08,0.19,2.66,0.26,2.4,5,0,5,1.84,44.6,49.49,39.96,0.74,0.22,120,13,16,5,21.62,22.73,13.87,5,6,10,2,13,103.6,64.07,71.13,72.29,267.32,95.9,0,Bodrum FK 5-0 Hatayspor,2025-10-05
İstanbulspor,1.49,2.63,-1.14,1.49,1.11,0.38,0.0,0.0,0.0,1.49,1.11,0.38,1,2,-1,0.14,52.1,54.27,42.95,0.53,0.45,148,7,9,10,16.98,22.22,11.25,1,3,14,2,12,63.1,55.84,22.2,31.44,57.57,42.29,3,Iğdır FK 2-1 İstanbulspor,2025-10-05
Iğdır FK,2.63,1.49,1.14,1.11,1.49,-0.38,0.0,0.0,0.0,1.11,1.49,-0.38,2,1,1,-0.14,47.9,45.73,41.96,0.45,0.53,125,7,10,9,22.22,16.98,10.31,3,1,12,3,15,49.9,44.16,48.4,68.56,78.57,57.71,0,Iğdır FK 2-1 İstanbulspor,2025-10-05
Serik Spor,0.41,0.93,-0.52,0.3,0.92,-0.62,0.12,0.01,0.11,0.41,0.93,-0.52,0,0,0,0.52,28.6,33.23,44.55,0.26,0.64,87,2,3,9,11.54,14.06,15.6,1,5,12,2,15,17.0,11.31,138.13,96.96,67.4,57.46,1,Sivasspor 0-0 Serik Spor,2025-10-05
Sivasspor,0.93,0.41,0.52,0.92,0.3,0.62,0.01,0.12,-0.11,0.93,0.41,0.52,0,0,0,-0.52,71.4,66.77,47.16,0.64,0.26,273,10,9,3,14.06,11.54,6.03,5,1,35,5,12,133.3,88.69,4.33,3.04,49.9,42.54,1,Sivasspor 0-0 Serik Spor,2025-10-05
Sakaryaspor,1.67,3.63,-1.96,1.67,2.08,-0.41,0.01,0.02,-0.01,1.67,2.11,-0.44,2,1,1,2.96,41.8,42.75,43.68,0.72,1.03,126,8,11,17,15.28,16.5,22.47,1,4,12,4,13,66.8,36.05,73.87,69.17,92.73,51.74,0,Sarıyer 1-2 Sakaryaspor,2025-10-05
Sarıyer,3.63,1.67,1.96,2.08,1.67,0.41,0.02,0.01,0.01,2.11,1.67,0.44,1,2,-1,-2.96,58.2,57.25,48.2,1.03,0.72,201,18,17,11,16.5,15.28,7.77,4,1,28,5,11,118.5,63.95,32.93,30.83,86.5,48.26,6,Sarıyer 1-2 Sakaryaspor,2025-10-05
Ankara Keçiörengücü,0.93,3.49,-2.56,0.92,1.85,-0.93,0.01,0.12,-0.11,0.93,1.97,-1.04,1,4,-3,-0.44,43.5,49.8,48.11,0.75,0.84,176,10,12,18,16.0,21.43,18.43,5,5,19,2,10,70.8,42.78,70.4,66.25,32.78,14.04,1,Amed 4-1 Ankara Keçiörengücü,2025-10-04
Amed,3.49,0.93,2.56,1.85,0.92,0.93,0.12,0.01,0.11,1.97,0.93,1.04,4,1,3,0.44,56.5,50.2,44.36,0.84,0.75,187,9,18,12,21.43,16.0,12.36,5,5,10,4,3,94.7,57.22,35.87,33.75,200.76,85.96,0,Amed 4-1 Ankara Keçiörengücü,2025-10-04
Vanspor,0.79,0.43,0.36,0.48,0.28,0.2,0.31,0.15,0.16,0.79,0.43,0.36,1,1,0,-0.36,45.3,48.9,45.25,0.25,0.49,130,3,10,8,40.0,16.33,8.67,6,3,10,3,22,74.6,55.1,72.6,78.34,97.6,56.41,1,Erzurumspor FK 1-1 Vanspor,2025-10-04
Erzurumspor FK,0.43,0.79,-0.36,0.28,0.48,-0.2,0.15,0.31,-0.16,0.43,0.79,-0.36,1,1,0,0.36,54.7,51.1,43.85,0.49,0.25,163,7,8,10,16.33,40.0,8.05,3,6,18,5,9,60.8,44.9,20.07,21.66,75.43,43.59,0,Erzurumspor FK 1-1 Vanspor,2025-10-04
Ümraniyespor,0.94,3.3,-2.36,0.94,2.45,-1.51,0.0,0.08,-0.08,0.94,2.54,-1.6,1,2,-1,1.36,40.9,33.55,40.85,0.44,1.49,94,7,5,19,11.36,12.75,16.4,2,2,9,3,7,20.5,9.3,35.53,70.5,21.8,10.57,1,Bandırmaspor 2-1 Ümraniyespor,2025-10-04
Bandırmaspor,3.3,0.94,2.36,2.45,0.94,1.51,0.08,0.0,0.08,2.54,0.94,1.6,2,1,1,-1.36,59.1,66.45,51.18,1.49,0.44,258,17,19,5,12.75,11.36,10.5,2,2,25,3,11,200.0,90.7,14.87,29.5,184.43,89.43,2,Bandırmaspor 2-1 Ümraniyespor,2025-10-04
Adana Demirspor,0.03,2.89,-2.86,0.03,1.92,-1.89,0.0,0.97,-0.97,0.03,2.89,-2.86,0,3,-3,-0.14,36.6,24.83,42.3,0.21,1.07,105,1,1,22,4.76,20.56,17.65,5,10,6,1,9,2.8,1.12,105.33,85.59,10.47,3.06,0,Pendikspor 3-0 Adana Demirspor,2025-10-04
Pendikspor,2.89,0.03,2.86,1.92,0.03,1.89,0.97,0.0,0.97,2.89,0.03,2.86,3,0,3,0.14,63.4,75.17,49.14,1.07,0.21,269,16,22,1,20.56,4.76,7.26,10,5,26,8,14,246.3,98.88,17.73,14.41,331.43,96.94,0,Pendikspor 3-0 Adana Demirspor,2025-10-04
Manisa FK,1.2,2.04,-0.84,0.98,1.87,-0.89,0.22,0.17,0.05,1.2,2.04,-0.84,1,3,-2,-1.16,39.9,32.54,44.41,0.71,0.68,125,12,13,14,18.31,20.59,14.04,3,5,18,7,10,38.2,19.3,73.93,79.73,24.31,10.15,6,Çorum 3-1 Manisa FK,2025-10-03
Çorum,2.04,1.2,0.84,1.87,0.98,0.89,0.17,0.22,-0.05,2.04,1.2,0.84,3,1,2,1.16,60.1,67.46,51.45,0.68,0.71,264,22,14,13,20.59,18.31,9.61,5,3,19,4,12,159.7,80.7,18.8,20.27,215.23,89.85,1,Çorum 3-1 Manisa FK,2025-10-03
Esenler Erokspor,2.19,1.32,0.87,1.43,1.3,0.13,0.0,0.03,-0.03,1.43,1.32,0.11,3,1,2,1.13,34.8,36.18,38.66,0.46,1.19,77,5,8,11,17.39,9.24,10.29,6,4,4,2,15,25.0,18.53,84.8,87.78,65.3,54.01,2,Boluspor 1-3 Esenler Erokspor,2025-10-03
Boluspor,1.32,2.19,-0.87,1.3,1.43,-0.13,0.03,0.0,0.03,1.32,1.43,-0.11,1,3,-2,-1.13,65.2,63.82,47.02,1.19,0.46,230,20,11,8,9.24,17.39,6.3,4,6,18,3,19,109.9,81.47,11.8,12.22,55.6,45.99,1,Boluspor 1-3 Esenler Erokspor,2025-10-03
Sarıyer,2.95,1.13,1.82,2.04,1.13,0.91,0.91,0.0,0.91,2.95,1.13,1.82,3,0,3,1.18,64.8,70.07,48.47,0.95,0.41,253,20,17,8,17.89,19.51,6.1,9,2,20,11,11,180.4,88.43,13.73,11.79,132.3,76.03,2,Adana Demirspor 0-3 Sarıyer,2025-09-29
Adana Demirspor,1.13,2.95,-1.82,1.13,2.04,-0.91,0.0,0.91,-0.91,1.13,2.95,-1.82,0,3,-3,-1.18,35.2,29.93,40.39,0.41,0.95,101,5,8,17,19.51,17.89,17.26,2,9,6,0,8,23.6,11.57,102.73,88.21,41.7,23.97,0,Adana Demirspor 0-3 Sarıyer,2025-09-29
Sivasspor,1.1,1.04,0.06,0.95,1.02,-0.07,0.15,0.01,0.14,1.1,1.04,0.06,0,0,0,-0.06,48.8,44.86,45.4,0.36,0.34,156,12,10,9,27.78,26.47,7.42,7,1,19,2,16,75.8,50.67,57.67,64.89,90.87,59.29,0,Sakaryaspor 0-0 Sivasspor,2025-09-29
Sakaryaspor,1.04,1.1,-0.06,1.02,0.95,0.07,0.01,0.15,-0.14,1.04,1.1,-0.06,0,0,0,0.06,51.2,55.14,44.63,0.34,0.36,166,11,9,10,26.47,27.78,10.82,1,7,19,3,12,73.8,49.33,31.2,35.11,62.4,40.71,1,Sakaryaspor 0-0 Sivasspor,2025-09-29
Amed,2.07,0.92,1.15,2.07,0.92,1.15,0.0,0.0,0.0,2.07,0.92,1.15,0,3,-3,-4.15,51.5,57.38,49.23,1.16,0.32,199,12,18,9,15.52,28.12,8.84,2,5,20,4,14,142.5,90.02,40.8,52.67,143.0,83.35,0,Vanspor 3-0 Amed,2025-09-29
Vanspor,0.92,2.07,-1.15,0.92,2.07,-1.15,0.0,0.0,0.0,0.92,2.07,-1.15,3,0,3,4.15,48.5,42.62,47.31,0.32,1.16,180,7,9,18,28.12,15.52,8.11,5,2,7,2,18,15.8,9.98,36.67,47.33,28.57,16.65,0,Vanspor 3-0 Amed,2025-09-29
Pendikspor,2.05,1.06,0.99,1.18,1.05,0.13,0.12,0.01,0.11,1.29,1.06,0.23,0,0,0,-0.99,53.9,49.82,45.53,0.82,0.9,193,9,12,10,14.63,11.11,11.46,3,2,10,1,10,75.6,63.96,23.53,28.91,65.37,49.5,2,Ankara Keçiörengücü 0-0 Pendikspor,2025-09-29
Ankara Keçiörengücü,1.06,2.05,-0.99,1.05,1.18,-0.13,0.01,0.12,-0.11,1.06,1.29,-0.23,0,0,0,0.99,46.1,50.18,46.76,0.9,0.82,166,10,10,12,11.11,14.63,10.67,2,3,21,4,16,42.6,36.04,57.87,71.09,66.7,50.5,2,Ankara Keçiörengücü 0-0 Pendikspor,2025-09-29
Erzurumspor FK,1.13,1.33,-0.2,1.13,0.67,0.46,0.0,0.66,-0.66,1.13,1.33,-0.2,1,1,0,0.2,74.8,67.22,45.19,1.28,0.3,274,18,9,10,7.03,33.33,4.94,6,3,18,3,8,135.1,73.99,0.47,0.25,58.1,26.89,0,Serik Spor 1-1 Erzurumspor FK,2025-09-28
Serik Spor,1.33,1.13,0.2,0.67,1.13,-0.46,0.66,0.0,0.66,1.33,1.13,0.2,1,1,0,-0.2,25.2,32.78,47.41,0.3,1.28,96,7,10,9,33.33,7.03,17.23,3,6,15,4,20,47.5,26.01,184.93,99.75,157.97,73.11,1,Serik Spor 1-1 Erzurumspor FK,2025-09-28
Bandırmaspor,1.35,1.1,0.25,1.11,1.1,0.01,0.25,0.0,0.25,1.35,1.1,0.25,3,0,3,2.75,36.4,44.1,48.41,0.36,0.61,175,14,7,16,19.44,26.23,15.52,5,3,13,4,9,59.1,32.51,97.8,79.3,107.47,65.82,2,Hatayspor 0-3 Bandırmaspor,2025-09-28
Hatayspor,1.1,1.35,-0.25,1.1,1.11,-0.01,0.0,0.25,-0.25,1.1,1.35,-0.25,0,3,-3,-2.75,63.6,55.9,46.95,0.61,0.36,249,6,16,7,26.23,19.44,8.69,3,5,12,2,10,122.7,67.49,25.53,20.7,55.8,34.18,0,Hatayspor 0-3 Bandırmaspor,2025-09-28
Boluspor,1.69,0.95,0.74,1.28,0.95,0.33,0.4,0.0,0.4,1.69,0.95,0.74,1,1,0,-0.74,68.0,76.4,50.9,1.28,0.51,314,15,18,6,14.06,11.76,6.58,5,2,34,9,14,224.9,93.67,6.73,5.61,135.77,77.45,0,İstanbulspor 1-1 Boluspor,2025-09-28
İstanbulspor,0.95,1.69,-0.74,0.95,1.28,-0.33,0.0,0.4,-0.4,0.95,1.69,-0.74,1,1,0,0.74,32.0,23.6,41.24,0.51,1.28,111,4,6,18,11.76,14.06,12.55,2,5,13,1,17,15.2,6.33,113.2,94.39,39.53,22.55,0,İstanbulspor 1-1 Boluspor,2025-09-28
Bodrum FK,3.4,1.56,1.84,2.64,1.46,1.18,0.0,0.1,-0.1,2.64,1.56,1.08,4,0,4,2.16,45.5,40.56,41.54,1.06,0.91,122,15,16,12,15.09,13.19,10.72,3,6,10,1,18,71.4,54.92,45.73,54.4,92.3,56.04,1,Manisa FK 0-4 Bodrum FK,2025-09-28
Manisa FK,1.56,3.4,-1.84,1.46,2.64,-1.18,0.1,0.0,0.1,1.56,2.64,-1.08,0,4,-4,-2.16,54.5,59.44,49.78,0.91,1.06,237,13,12,16,13.19,15.09,10.38,6,3,23,5,8,58.6,45.08,38.33,45.6,72.4,43.96,3,Manisa FK 0-4 Bodrum FK,2025-09-28
Çorum,1.38,1.02,0.36,1.22,0.85,0.37,0.16,0.17,-0.01,1.38,1.02,0.36,1,1,0,-0.36,67.3,68.06,47.01,1.33,0.28,269,13,16,9,12.03,32.14,6.5,6,2,20,3,16,156.2,84.43,3.73,2.82,92.8,52.28,1,Ümraniyespor 1-1 Çorum,2025-09-27
Ümraniyespor,1.02,1.38,-0.36,0.85,1.22,-0.37,0.17,0.16,0.01,1.02,1.38,-0.36,1,1,0,0.36,32.7,31.94,43.9,0.28,1.33,117,7,9,16,32.14,12.03,11.46,2,6,5,1,15,28.8,15.57,128.53,97.18,84.7,47.72,2,Ümraniyespor 1-1 Çorum,2025-09-27
Iğdır FK,1.15,0.78,0.37,1.15,0.65,0.5,0.0,0.12,-0.12,1.15,0.78,0.37,3,2,1,0.63,37.0,32.08,45.35,0.5,1.12,133,9,5,9,10.0,8.04,13.78,3,4,7,2,14,40.9,23.59,120.27,91.53,109.57,75.41,0,Esenler Erokspor 2-3 Iğdır FK,2025-09-27
Esenler Erokspor,0.78,1.15,-0.37,0.65,1.15,-0.5,0.12,0.0,0.12,0.78,1.15,-0.37,2,3,-1,-0.63,63.0,67.92,47.87,1.12,0.5,257,17,9,5,8.04,10.0,11.46,4,3,23,3,9,132.5,76.41,11.13,8.47,35.73,24.59,2,Esenler Erokspor 2-3 Iğdır FK,2025-09-27
Sakaryaspor,2.47,3.28,-0.81,1.4,2.12,-0.72,0.32,0.4,-0.08,1.71,2.52,-0.81,1,4,-3,-2.19,43.6,56.18,47.76,0.58,0.36,152,9,16,16,27.59,44.44,11.26,5,9,11,3,10,100.1,62.92,102.27,89.19,137.27,70.73,1,Pendikspor 4-1 Sakaryaspor,2025-09-25
Pendikspor,3.28,2.47,0.81,2.12,1.4,0.72,0.4,0.32,0.08,2.52,1.71,0.81,4,1,3,2.19,56.4,43.82,40.37,0.36,0.58,150,8,16,16,44.44,27.59,7.51,9,5,12,6,18,59.0,37.08,12.4,10.81,56.8,29.27,2,Pendikspor 4-1 Sakaryaspor,2025-09-25
Sarıyer,1.49,3.24,-1.75,1.17,2.08,-0.91,0.32,1.16,-0.84,1.49,3.24,-1.75,0,2,-2,-0.25,42.5,41.86,43.75,0.56,2.0,146,12,14,17,25.0,8.5,17.09,1,4,15,5,6,44.7,26.47,50.73,69.88,63.6,34.77,0,Amed 2-0 Sarıyer,2025-09-25
Amed,3.24,1.49,1.75,2.08,1.17,0.91,1.16,0.32,0.84,3.24,1.49,1.75,2,0,2,0.25,57.5,58.14,50.56,2.0,0.56,254,18,17,14,8.5,25.0,17.28,4,1,27,7,4,124.2,73.53,21.87,30.12,119.33,65.23,0,Amed 2-0 Sarıyer,2025-09-25
Adana Demirspor,0.68,3.58,-2.9,0.19,2.41,-2.22,0.5,0.41,0.09,0.68,2.82,-2.14,0,5,-5,-2.1,30.2,21.49,36.93,0.1,1.2,55,4,4,22,40.0,18.33,16.77,1,5,5,2,15,20.2,8.56,113.07,92.99,46.63,15.74,0,Sivasspor 5-0 Adana Demirspor,2025-09-25
Sivasspor,3.58,0.68,2.9,2.41,0.19,2.22,0.41,0.5,-0.09,2.82,0.68,2.14,5,0,5,2.1,69.8,78.51,48.62,1.2,0.1,299,16,22,4,18.33,40.0,6.23,5,1,21,11,11,215.7,91.44,8.53,7.01,249.65,84.26,0,Sivasspor 5-0 Adana Demirspor,2025-09-25
Vanspor,0.77,2.08,-1.31,0.41,1.89,-1.48,0.36,0.19,0.17,0.77,2.08,-1.31,0,2,-2,-0.69,48.5,39.78,42.59,0.26,0.57,166,2,7,11,26.92,19.3,8.23,6,6,7,3,17,30.0,19.53,43.2,51.59,19.87,10.23,1,Bodrum FK 2-0 Vanspor,2025-09-24
Bodrum FK,2.08,0.77,1.31,1.89,0.41,1.48,0.19,0.36,-0.17,2.08,0.77,1.31,2,0,2,0.69,51.5,60.22,46.28,0.57,0.26,199,9,11,7,19.3,26.92,8.98,6,6,16,3,16,123.6,80.47,40.53,48.41,174.4,89.77,1,Bodrum FK 2-0 Vanspor,2025-09-24
İstanbulspor,0.38,2.32,-1.94,0.29,2.31,-2.02,0.09,0.02,0.07,0.38,2.32,-1.94,0,5,-5,-3.06,44.6,56.78,44.26,0.6,1.09,153,6,5,11,8.33,10.09,15.93,2,2,8,3,11,63.0,49.26,81.2,64.86,84.65,48.91,3,Esenler Erokspor 5-0 İstanbulspor,2025-09-24
Esenler Erokspor,2.32,0.38,1.94,2.31,0.29,2.02,0.02,0.09,-0.07,2.32,0.38,1.94,5,0,5,3.06,55.4,43.22,40.0,1.09,0.6,154,6,11,5,10.09,8.33,11.59,2,2,11,2,10,64.9,50.74,44.0,35.14,88.42,51.09,0,Esenler Erokspor 5-0 İstanbulspor,2025-09-24
Ankara Keçiörengücü,0.94,0.82,0.12,0.18,0.75,-0.57,0.0,0.07,-0.07,0.18,0.82,-0.64,1,1,0,-0.12,45.2,47.06,44.72,0.22,0.53,161,5,4,6,18.18,11.32,13.06,1,5,15,2,13,50.8,44.88,51.53,57.99,56.97,39.69,0,Erzurumspor FK 1-1 Ankara Keçiörengücü,2025-09-24
Erzurumspor FK,0.82,0.94,-0.12,0.75,0.18,0.57,0.07,0.0,0.07,0.82,0.18,0.64,1,1,0,0.12,54.8,52.94,43.93,0.53,0.22,188,8,6,4,11.32,18.18,11.4,5,1,19,4,13,62.4,55.12,37.33,42.01,86.57,60.31,2,Erzurumspor FK 1-1 Ankara Keçiörengücü,2025-09-24
Manisa FK,2.01,1.88,0.13,1.25,1.61,-0.36,0.0,0.27,-0.27,1.25,1.88,-0.63,4,1,3,2.87,45.5,37.59,44.37,0.52,1.06,148,12,10,16,19.23,15.09,10.38,3,6,7,2,10,41.2,26.95,43.67,57.06,70.6,53.73,2,Bandırmaspor 1-4 Manisa FK,2025-09-24
Bandırmaspor,1.88,2.01,-0.13,1.61,1.25,0.36,0.27,0.0,0.27,1.88,1.25,0.63,1,4,-3,-2.87,54.5,62.41,50.11,1.06,0.52,220,15,16,10,15.09,19.23,8.72,6,3,29,5,14,111.7,73.05,32.87,42.94,60.8,46.27,5,Bandırmaspor 1-4 Manisa FK,2025-09-24
Serik Spor,0.87,2.34,-1.47,0.87,2.21,-1.34,0.0,0.13,-0.13,0.87,2.34,-1.47,1,1,0,1.47,18.3,14.91,37.72,0.21,1.74,45,3,4,17,19.05,9.77,17.38,2,12,5,2,16,2.0,0.66,149.53,99.91,21.63,11.62,0,Çorum 1-1 Serik Spor,2025-09-23
Çorum,2.34,0.87,1.47,2.21,0.87,1.34,0.13,0.0,0.13,2.34,0.87,1.47,1,1,0,-1.47,81.7,85.09,54.87,1.74,0.21,437,25,17,4,9.77,19.05,3.33,12,2,43,8,11,298.8,99.34,0.13,0.09,164.53,88.38,2,Çorum 1-1 Serik Spor,2025-09-23
Hatayspor,1.31,1.83,-0.52,1.22,1.83,-0.61,0.08,0.0,0.08,1.31,1.83,-0.52,2,4,-2,-1.48,54.9,59.94,49.1,0.65,1.08,220,10,11,10,16.92,9.26,12.32,4,3,20,1,13,132.9,69.33,32.07,34.61,80.93,56.03,0,Iğdır FK 4-2 Hatayspor,2025-09-23
Iğdır FK,1.83,1.31,0.52,1.83,1.22,0.61,0.0,0.08,-0.08,1.83,1.31,0.52,4,2,2,1.48,45.1,40.06,43.98,1.08,0.65,142,15,10,11,9.26,16.92,10.09,3,4,13,6,10,58.8,30.67,60.6,65.39,63.5,43.97,0,Iğdır FK 4-2 Hatayspor,2025-09-23
Ümraniyespor,0.34,4.37,-4.03,0.2,4.15,-3.95,0.13,0.21,-0.08,0.34,4.37,-4.03,1,0,1,5.03,34.9,39.5,48.92,0.24,1.54,123,8,5,24,20.83,15.58,15.0,3,7,14,6,16,34.2,15.94,114.47,96.62,95.6,46.7,1,Boluspor 0-1 Ümraniyespor,2025-09-23
Boluspor,4.37,0.34,4.03,4.15,0.2,3.95,0.21,0.13,0.08,4.37,0.34,4.03,0,1,-1,-5.03,65.1,60.5,47.24,1.54,0.24,213,24,24,5,15.58,20.83,5.51,7,3,28,5,15,180.4,84.06,4.0,3.38,109.13,53.3,3,Boluspor 0-1 Ümraniyespor,2025-09-23
Amed,1.79,1.69,0.1,1.47,0.93,0.54,0.32,0.0,0.32,1.79,0.93,0.86,1,2,-1,-1.1,62.2,54.65,44.58,0.7,0.49,182,14,15,12,21.43,24.49,7.03,5,4,14,4,14,94.7,71.96,13.2,14.59,61.47,46.18,0,Sakaryaspor 2-1 Amed,2025-09-21
Sakaryaspor,1.69,1.79,-0.1,0.93,1.47,-0.54,0.0,0.32,-0.32,0.93,1.79,-0.86,2,1,1,1.1,37.8,45.35,44.82,0.49,0.7,127,7,12,15,24.49,21.43,13.65,4,5,13,4,15,36.9,28.04,77.27,85.41,71.63,53.82,2,Sakaryaspor 2-1 Amed,2025-09-21
Pendikspor,1.43,1.15,0.28,1.23,1.0,0.23,0.2,0.15,0.05,1.43,1.15,0.28,2,0,2,1.72,39.8,41.73,42.76,1.06,0.64,123,11,13,10,12.26,15.62,8.44,11,11,13,4,18,69.9,46.32,96.67,86.31,142.2,76.01,0,Sarıyer 0-2 Pendikspor,2025-09-21
Sarıyer,1.15,1.43,-0.28,1.0,1.23,-0.23,0.15,0.2,-0.05,1.15,1.43,-0.28,0,2,-2,-1.72,60.2,58.27,43.6,0.64,1.06,192,12,10,13,15.62,12.26,6.87,11,11,20,7,10,81.0,53.68,15.33,13.69,44.87,23.99,4,Sarıyer 0-2 Pendikspor,2025-09-21
Erzurumspor FK,2.57,0.26,2.31,2.42,0.26,2.16,0.16,0.0,0.16,2.57,0.26,2.31,3,0,3,0.69,67.1,76.9,48.15,1.43,0.2,341,20,17,7,11.89,35.0,10.3,4,1,14,4,14,226.2,96.42,12.73,7.52,121.97,74.02,0,Adana Demirspor 0-3 Erzurumspor FK,2025-09-20
Adana Demirspor,0.26,2.57,-2.31,0.26,2.42,-2.16,0.0,0.16,-0.16,0.26,2.57,-2.31,0,3,-3,-0.69,32.9,23.1,39.29,0.2,1.43,96,4,7,17,35.0,11.89,22.83,1,4,7,2,7,8.4,3.58,156.47,92.48,42.8,25.98,0,Adana Demirspor 0-3 Erzurumspor FK,2025-09-20
Esenler Erokspor,2.34,1.33,1.01,1.37,0.46,0.91,0.21,0.11,0.1,1.58,0.57,1.01,4,3,1,-0.01,64.5,59.66,45.46,0.36,0.52,208,6,13,7,36.11,13.46,7.39,5,4,20,6,7,114.6,68.46,10.27,8.07,57.87,33.29,1,Manisa FK 3-4 Esenler Erokspor,2025-09-20
Manisa FK,1.33,2.34,-1.01,0.46,1.37,-0.91,0.11,0.21,-0.1,0.57,1.58,-1.01,3,4,-1,0.01,35.5,40.34,46.07,0.52,0.36,115,10,7,13,13.46,36.11,12.82,4,5,6,2,21,52.8,31.54,117.07,91.93,115.97,66.71,0,Manisa FK 3-4 Esenler Erokspor,2025-09-20
Sivasspor,0.74,1.13,-0.39,0.67,1.13,-0.46,0.06,0.0,0.06,0.74,1.13,-0.39,0,0,0,0.39,47.7,45.28,42.31,0.38,0.28,126,10,8,10,21.05,35.71,9.26,3,2,12,3,13,44.8,40.76,41.27,57.96,48.87,45.8,1,Vanspor 0-0 Sivasspor,2025-09-20
Vanspor,1.13,0.74,0.39,1.13,0.67,0.46,0.0,0.06,-0.06,1.13,0.74,0.39,0,0,0,-0.39,52.3,54.72,42.62,0.28,0.38,145,5,10,8,35.71,21.05,8.51,2,3,10,2,15,65.1,59.24,29.93,42.04,57.83,54.2,0,Vanspor 0-0 Sivasspor,2025-09-20
Bodrum FK,1.12,0.98,0.14,1.1,0.9,0.2,0.02,0.07,-0.05,1.12,0.98,0.14,1,2,-1,-1.14,59.2,59.29,43.67,0.58,0.76,184,11,8,9,13.79,11.84,10.91,4,2,21,5,9,96.2,63.12,13.73,18.4,73.9,42.96,2,Ankara Keçiörengücü 2-1 Bodrum FK,2025-09-20
Ankara Keçiörengücü,0.98,1.12,-0.14,0.9,1.1,-0.2,0.07,0.02,0.05,0.98,1.12,-0.14,2,1,1,1.14,40.8,40.71,43.04,0.76,0.58,107,10,9,8,11.84,13.79,22.93,2,4,19,4,14,56.2,36.88,60.87,81.6,98.13,57.04,0,Ankara Keçiörengücü 2-1 Bodrum FK,2025-09-20
Boluspor,1.69,0.49,1.2,0.7,0.49,0.21,0.23,0.0,0.23,0.93,0.49,0.44,2,2,0,-1.2,64.9,71.9,46.86,0.44,0.06,245,6,15,8,34.09,133.33,5.77,5,2,31,9,17,128.1,83.62,17.53,14.44,58.37,46.55,0,Hatayspor 2-2 Boluspor,2025-09-19
Hatayspor,0.49,1.69,-1.2,0.49,0.7,-0.21,0.0,0.23,-0.23,0.49,0.93,-0.44,2,2,0,1.2,35.1,28.1,42.99,0.06,0.44,96,0,8,15,133.33,34.09,10.71,2,5,4,0,24,25.1,16.38,103.87,85.56,67.03,53.45,0,Hatayspor 2-2 Boluspor,2025-09-19
Çorum,2.21,2.2,0.01,2.17,2.2,-0.03,0.04,0.0,0.04,2.21,2.2,0.01,1,3,-2,-2.01,69.3,76.22,52.71,1.34,0.67,399,23,16,9,11.94,13.43,7.51,7,3,37,10,9,217.4,91.96,1.47,0.93,103.9,59.61,2,İstanbulspor 3-1 Çorum,2025-09-19
İstanbulspor,2.2,2.21,-0.01,2.2,2.17,0.03,0.0,0.04,-0.04,2.2,2.21,-0.01,3,1,2,2.01,30.7,23.78,43.18,0.67,1.34,109,7,9,16,13.43,11.94,19.56,3,7,11,0,9,19.0,8.04,156.0,99.07,70.4,40.39,2,İstanbulspor 3-1 Çorum,2025-09-19
Iğdır FK,1.27,0.86,0.41,0.42,0.86,-0.44,0.85,0.0,0.85,1.27,0.86,0.41,1,0,1,0.59,59.6,55.17,45.08,0.49,0.26,215,6,14,10,28.57,38.46,9.26,5,2,11,5,11,97.0,61.01,26.6,18.73,56.0,35.15,0,Ümraniyespor 0-1 Iğdır FK,2025-09-19
Ümraniyespor,0.86,1.27,-0.41,0.86,0.42,0.44,0.0,0.85,-0.85,0.86,1.27,-0.41,0,1,-1,-0.59,40.4,44.83,46.23,0.26,0.49,164,5,10,14,38.46,28.57,20.08,2,5,18,3,8,62.0,38.99,115.4,81.27,103.3,64.85,1,Ümraniyespor 0-1 Iğdır FK,2025-09-19
Bandırmaspor,3.08,1.61,1.47,2.82,1.35,1.47,0.26,0.27,-0.01,3.08,1.61,1.47,0,1,-1,-2.47,70.3,63.69,46.08,1.04,0.23,285,15,20,9,19.23,39.13,9.67,0,10,24,6,7,190.6,81.63,5.07,2.91,82.07,42.57,6,Serik Spor 1-0 Bandırmaspor,2025-09-19
Serik Spor,1.61,3.08,-1.47,1.35,2.82,-1.47,0.27,0.26,0.01,1.61,3.08,-1.47,1,0,1,2.47,29.7,36.31,47.77,0.23,1.04,124,6,9,20,39.13,19.23,17.45,10,0,13,3,9,42.9,18.37,169.13,97.09,110.73,57.43,0,Serik Spor 1-0 Bandırmaspor,2025-09-19
Sakaryaspor,0.28,2.44,-2.16,0.28,1.99,-1.71,0.0,0.45,-0.45,0.28,2.44,-2.16,1,1,0,2.16,32.5,40.8,44.01,0.27,0.97,108,6,5,15,18.52,15.46,21.12,4,6,15,2,10,41.1,21.53,126.8,98.24,85.83,56.34,2,Erzurumspor FK 1-1 Sakaryaspor,2025-09-15
Erzurumspor FK,2.44,0.28,2.16,1.99,0.28,1.71,0.45,0.0,0.45,2.44,0.28,2.16,1,1,0,-2.16,67.5,59.2,46.33,0.97,0.27,251,13,15,5,15.46,18.52,9.52,6,4,26,6,9,149.8,78.47,2.27,1.76,66.5,43.66,0,Erzurumspor FK 1-1 Sakaryaspor,2025-09-15
Pendikspor,1.87,1.48,0.39,1.79,0.52,1.27,0.09,0.2,-0.11,1.87,0.72,1.15,1,2,-1,-1.39,52.5,49.3,45.52,0.45,0.45,194,11,14,15,31.11,33.33,11.14,6,4,11,3,12,103.3,50.17,30.33,34.0,114.0,57.92,1,Amed 2-1 Pendikspor,2025-09-14
Amed,1.48,1.87,-0.39,0.52,1.79,-1.27,0.2,0.09,0.11,0.72,1.87,-1.15,2,1,1,1.39,47.5,50.7,49.6,0.45,0.45,209,11,15,14,33.33,31.11,15.25,4,6,24,5,8,102.6,49.83,58.87,66.0,82.83,42.08,1,Amed 2-1 Pendikspor,2025-09-14
Ankara Keçiörengücü,1.23,0.45,0.78,1.06,0.35,0.71,0.17,0.09,0.08,1.23,0.45,0.78,1,1,0,-0.78,49.0,59.71,49.02,0.56,0.26,170,9,11,7,19.64,26.92,10.03,3,1,19,7,9,112.4,74.34,38.8,62.71,115.2,81.66,0,Bandırmaspor 1-1 Ankara Keçiörengücü,2025-09-14
Bandırmaspor,0.45,1.23,-0.78,0.35,1.06,-0.71,0.09,0.17,-0.08,0.45,1.23,-0.78,1,1,0,0.78,51.0,40.29,44.51,0.26,0.56,160,3,7,11,26.92,19.64,10.54,1,3,13,5,11,38.8,25.66,23.07,37.29,25.87,18.34,4,Bandırmaspor 1-1 Ankara Keçiörengücü,2025-09-14
Serik Spor,1.18,2.2,-1.02,1.05,1.39,-0.34,0.14,0.81,-0.67,1.18,2.2,-1.02,2,1,1,2.02,28.0,31.01,39.85,0.95,1.26,84,10,7,13,7.37,10.32,24.33,0,3,9,2,13,19.8,11.13,153.27,99.74,90.77,57.17,2,Iğdır FK 1-2 Serik Spor,2025-09-14
Iğdır FK,2.2,1.18,1.02,1.39,1.05,0.34,0.81,0.14,0.67,2.2,1.18,1.02,1,2,-1,-2.02,72.0,68.99,46.62,1.26,0.95,274,21,13,7,10.32,7.37,9.25,3,0,26,10,8,158.1,88.87,0.4,0.26,68.0,42.83,0,Iğdır FK 1-2 Serik Spor,2025-09-14
Vanspor FK,0.19,1.87,-1.68,0.19,1.56,-1.37,0.0,0.31,-0.31,0.19,1.87,-1.68,0,0,0,1.68,35.5,24.32,41.59,0.16,1.31,95,0,4,17,25.0,12.98,11.12,6,6,3,0,16,14.3,6.75,74.47,77.09,27.57,14.81,0,Çorum 0-0 Vanspor FK,2025-09-13
Çorum,1.87,0.19,1.68,1.56,0.19,1.37,0.31,0.0,0.31,1.87,0.19,1.68,0,0,0,-1.68,64.5,75.68,51.94,1.31,0.16,293,17,17,4,12.98,25.0,5.84,6,6,36,12,8,197.7,93.25,22.13,22.91,158.63,85.19,4,Çorum 0-0 Vanspor FK,2025-09-13
Sarıyer,0.91,1.0,-0.09,0.51,0.87,-0.36,0.4,0.14,0.26,0.91,1.0,-0.09,0,1,-1,-0.91,46.3,41.22,42.71,0.45,0.45,139,7,8,11,17.78,24.44,14.3,3,5,15,5,7,65.1,36.35,64.73,67.67,84.8,43.58,1,Sivasspor 1-0 Sarıyer,2025-09-13
Sivasspor,1.0,0.91,0.09,0.87,0.51,0.36,0.14,0.4,-0.26,1.0,0.91,0.09,1,0,1,0.91,53.7,58.78,45.35,0.45,0.45,203,10,11,8,24.44,17.78,13.11,5,3,15,3,16,114.0,63.65,30.93,32.33,109.8,56.42,0,Sivasspor 1-0 Sarıyer,2025-09-13
Manisa FK,2.95,1.88,1.07,2.47,1.39,1.08,0.48,0.49,-0.01,2.95,1.88,1.07,0,2,-2,-3.07,49.8,65.8,54.05,1.32,0.46,215,20,19,16,14.39,34.78,8.57,8,3,17,4,14,140.0,72.58,37.0,47.36,114.6,70.93,2,Boluspor 2-0 Manisa FK,2025-09-13
Boluspor,1.88,2.95,-1.07,1.39,2.47,-1.08,0.49,0.48,0.01,1.88,2.95,-1.07,2,0,2,3.07,50.2,34.2,40.73,0.46,1.32,113,12,16,19,34.78,14.39,9.46,3,8,15,7,6,52.9,27.42,41.13,52.64,46.97,29.07,2,Boluspor 2-0 Manisa FK,2025-09-13
Ümraniyespor,0.35,2.85,-2.5,0.35,2.85,-2.5,0.0,0.0,0.0,0.35,2.85,-2.5,0,4,-4,-1.5,56.8,51.01,45.27,0.24,0.49,209,8,6,14,25.0,28.57,11.37,3,3,10,4,8,55.7,39.96,23.53,24.55,20.07,9.85,1,İstanbulspor 4-0 Ümraniyespor,2025-09-13
İstanbulspor,2.85,0.35,2.5,2.85,0.35,2.5,0.0,0.0,0.0,2.85,0.35,2.5,4,0,4,1.5,43.2,48.99,42.3,0.49,0.24,124,15,14,6,28.57,25.0,17.79,3,3,9,4,12,83.7,60.04,72.33,75.45,183.73,90.15,3,İstanbulspor 4-0 Ümraniyespor,2025-09-13
Adana Demirspor,0.35,2.88,-2.53,0.35,1.64,-1.29,0.0,0.48,-0.48,0.35,2.12,-1.77,1,3,-2,0.53,35.6,26.21,39.16,0.22,0.94,73,3,3,19,13.64,20.21,13.58,0,9,7,1,17,14.7,6.61,76.87,89.86,32.4,15.25,0,Bodrum FK 3-1 Adana Demirspor,2025-09-12
Bodrum FK,2.88,0.35,2.53,1.64,0.35,1.29,0.48,0.0,0.48,2.12,0.35,1.77,3,1,2,-0.53,64.4,73.79,48.68,0.94,0.22,217,19,19,3,20.21,13.64,5.29,9,0,22,9,10,207.7,93.39,8.67,10.14,180.0,84.75,1,Bodrum FK 3-1 Adana Demirspor,2025-09-12
Hatayspor,1.63,2.88,-1.25,1.57,2.88,-1.31,0.06,0.0,0.06,1.63,2.88,-1.25,1,4,-3,-1.75,53.1,60.85,46.96,1.18,0.65,201,15,9,10,7.63,15.38,10.34,4,0,16,7,15,126.4,63.61,29.07,40.19,85.97,35.94,1,Esenler Erokspor 4-1 Hatayspor,2025-09-12
Esenler Erokspor,2.88,1.63,1.25,2.88,1.57,1.31,0.0,0.06,-0.06,2.88,1.63,1.25,4,1,3,1.75,46.9,39.15,40.74,0.65,1.18,123,4,10,9,15.38,7.63,15.68,0,4,6,0,12,72.3,36.39,43.27,59.81,153.21,64.06,0,Esenler Erokspor 4-1 Hatayspor,2025-09-12
Bodrum FK,3.64,1.63,2.01,1.86,0.84,1.02,0.26,0.03,0.23,2.12,0.87,1.25,4,2,2,-0.01,57.4,52.0,42.8,0.72,0.32,181,8,14,8,19.44,25.0,9.65,5,7,10,6,15,85.6,74.96,29.33,25.0,99.13,63.53,1,Serik Spor 2-4 Bodrum FK,2025-08-31
Serik Spor,1.63,3.64,-2.01,0.84,1.86,-1.02,0.03,0.26,-0.23,0.87,2.12,-1.25,2,4,-2,0.01,42.6,48.0,46.96,0.32,0.72,163,8,8,14,25.0,19.44,11.74,7,5,11,3,10,28.6,25.04,88.0,75.0,56.9,36.47,2,Serik Spor 2-4 Bodrum FK,2025-08-31
Amed,4.04,0.72,3.32,3.04,0.72,2.32,0.24,0.0,0.24,3.28,0.72,2.56,8,1,7,3.68,61.7,67.56,45.18,2.77,0.27,214,18,25,10,9.03,37.04,13.4,3,4,10,4,6,161.1,93.61,25.27,29.34,193.37,91.15,2,Adana Demirspor 1-8 Amed,2025-08-31
Adana Demirspor,0.72,4.04,-3.32,0.72,3.04,-2.32,0.0,0.24,-0.24,0.72,3.28,-2.56,1,8,-7,-3.68,38.3,32.44,38.81,0.27,2.77,85,6,10,25,37.04,9.03,18.77,4,3,6,0,8,11.0,6.39,60.87,70.66,18.77,8.85,0,Adana Demirspor 1-8 Amed,2025-08-31
Sivasspor,0.49,2.09,-1.6,0.44,1.89,-1.45,0.04,0.2,-0.16,0.49,2.09,-1.6,1,2,-1,0.6,43.6,42.43,47.41,0.57,1.02,149,10,5,13,8.77,12.75,7.16,6,4,21,6,15,38.4,22.93,47.53,63.15,43.93,23.59,0,Pendikspor 2-1 Sivasspor,2025-08-31
Pendikspor,2.09,0.49,1.6,1.89,0.44,1.45,0.2,0.04,0.16,2.09,0.49,1.6,2,1,1,-0.6,56.4,57.57,48.95,1.02,0.57,194,12,13,5,12.75,8.77,7.24,4,6,11,2,14,129.1,77.07,27.73,36.85,142.3,76.41,1,Pendikspor 2-1 Sivasspor,2025-08-31
Çorum,1.05,2.31,-1.26,0.55,2.31,-1.76,0.51,0.0,0.51,1.05,2.31,-1.26,2,1,1,2.26,56.3,61.63,47.09,0.53,0.84,190,8,8,14,15.09,16.67,9.89,4,3,13,4,12,91.8,57.88,34.8,37.34,76.47,55.88,5,Ankara Keçiörengücü 1-2 Çorum,2025-08-31
Ankara Keçiörengücü,2.31,1.05,1.26,2.31,0.55,1.76,0.0,0.51,-0.51,2.31,1.05,1.26,1,2,-1,-2.26,43.7,38.37,38.87,0.84,0.53,88,9,14,8,16.67,15.09,13.36,3,4,12,0,12,66.8,42.12,58.4,62.66,60.37,44.12,3,Ankara Keçiörengücü 1-2 Çorum,2025-08-31
İstanbulspor,0.51,1.86,-1.35,0.37,1.74,-1.37,0.14,0.12,0.02,0.51,1.86,-1.35,1,1,0,1.35,40.1,36.22,42.28,0.28,1.15,105,5,6,15,21.43,13.04,15.95,1,3,19,5,12,28.1,19.69,51.13,67.94,17.5,9.18,1,Hatayspor 1-1 İstanbulspor,2025-08-30
Hatayspor,1.86,0.51,1.35,1.74,0.37,1.37,0.12,0.14,-0.02,1.86,0.51,1.35,1,1,0,-1.35,59.9,63.78,48.37,1.15,0.28,204,14,15,6,13.04,21.43,9.33,3,1,19,7,10,114.6,80.31,24.13,32.06,173.13,90.82,1,Hatayspor 1-1 İstanbulspor,2025-08-30
Iğdır FK,1.97,2.85,-0.88,1.79,2.74,-0.95,0.18,0.12,0.06,1.97,2.85,-0.88,1,1,0,0.88,62.6,55.89,47.78,0.78,0.76,216,21,15,21,19.23,27.63,7.89,4,3,23,9,7,85.6,51.75,8.27,8.05,51.33,27.52,0,Manisa FK 1-1 Iğdır FK,2025-08-30
Manisa FK,2.85,1.97,0.88,2.74,1.79,0.95,0.12,0.18,-0.06,2.85,1.97,0.88,1,1,0,-0.88,37.4,44.11,50.26,0.76,0.78,154,13,21,15,27.63,19.23,19.8,3,4,17,3,10,79.8,48.25,94.4,91.95,135.17,72.48,2,Manisa FK 1-1 Iğdır FK,2025-08-30
Boluspor,4.17,2.48,1.69,4.17,1.61,2.56,0.0,0.87,-0.87,4.17,2.48,1.69,4,1,3,1.31,49.2,51.32,46.96,0.82,0.9,158,20,23,15,28.05,16.67,11.19,5,3,13,6,16,146.6,63.05,28.0,58.18,160.93,74.54,0,Sakaryaspor 1-4 Boluspor,2025-08-30
Sakaryaspor,2.48,4.17,-1.69,1.61,4.17,-2.56,0.87,0.0,0.87,2.48,4.17,-1.69,1,4,-3,-1.31,50.8,48.68,41.86,0.9,0.82,140,16,15,23,16.67,28.05,9.57,3,5,24,6,8,85.9,36.95,20.13,41.82,54.97,25.46,4,Sakaryaspor 1-4 Boluspor,2025-08-30
Esenler Erokspor,2.37,0.69,1.68,2.0,0.37,1.63,0.37,0.31,0.06,2.37,0.69,1.68,2,0,2,0.32,43.2,52.12,45.71,1.23,0.32,140,12,15,12,12.2,37.5,12.79,6,6,17,5,15,84.4,59.48,82.8,84.26,154.0,91.19,0,Ümraniyespor 0-2 Esenler Erokspor,2025-08-30
Ümraniyespor,0.69,2.37,-1.68,0.37,2.0,-1.63,0.31,0.37,-0.06,0.69,2.37,-1.68,0,2,-2,-0.32,56.8,47.88,42.1,0.32,1.23,164,7,12,15,37.5,12.2,8.85,6,6,11,4,12,57.5,40.52,15.47,15.74,14.87,8.81,2,Ümraniyespor 0-2 Esenler Erokspor,2025-08-30
Erzurumspor FK,0.94,1.39,-0.45,0.86,1.34,-0.48,0.08,0.05,0.03,0.94,1.39,-0.45,2,0,2,2.45,48.2,46.3,45.52,1.04,0.83,186,13,8,10,7.69,12.05,17.17,2,4,13,5,7,70.2,45.23,57.27,49.71,91.6,53.36,0,Sarıyer 0-2 Erzurumspor FK,2025-08-29
Sarıyer,1.39,0.94,0.45,1.34,0.86,0.48,0.05,0.08,-0.03,1.39,0.94,0.45,0,2,-2,-2.45,51.8,53.7,48.41,0.83,1.04,227,14,10,8,12.05,7.69,11.81,4,2,16,3,12,85.0,54.77,57.93,50.29,80.07,46.64,3,Sarıyer 0-2 Erzurumspor FK,2025-08-29
Bandırmaspor,1.1,0.78,0.32,0.98,0.75,0.23,0.13,0.03,0.1,1.1,0.78,0.32,2,1,1,0.68,28.3,25.35,40.06,0.17,0.58,72,2,6,9,35.29,15.52,14.8,2,4,5,3,13,13.1,8.15,158.2,96.89,99.67,77.2,2,Vanspor FK 1-2 Bandırmaspor,2025-08-29
Vanspor FK,0.78,1.1,-0.32,0.75,0.98,-0.23,0.03,0.13,-0.1,0.78,1.1,-0.32,1,2,-1,-0.68,71.7,74.65,47.28,0.58,0.17,274,13,9,6,15.52,35.29,5.38,4,2,27,6,12,147.7,91.85,5.07,3.11,29.43,22.8,0,Vanspor FK 1-2 Bandırmaspor,2025-08-29
Manisa FK,1.13,1.81,-0.68,1.03,1.69,-0.66,0.11,0.12,-0.01,1.13,1.81,-0.68,1,1,0,0.68,48.1,53.61,52.16,0.82,0.72,222,10,15,15,18.29,20.83,10.0,11,5,22,4,8,99.5,54.7,58.33,71.96,122.87,59.35,0,İstanbulspor 1-1 Manisa FK,2025-08-25
İstanbulspor,1.81,1.13,0.68,1.69,1.03,0.66,0.12,0.11,0.01,1.81,1.13,0.68,1,1,0,-0.68,51.9,46.39,45.41,0.72,0.82,176,21,15,15,20.83,18.29,9.12,5,11,21,6,10,82.4,45.3,22.73,28.04,84.17,40.65,1,İstanbulspor 1-1 Manisa FK,2025-08-25
Hatayspor,1.68,1.11,0.57,0.92,0.69,0.23,0.76,0.43,0.33,1.68,1.11,0.57,1,1,0,-0.57,56.5,47.06,44.43,0.52,0.99,168,10,10,6,19.23,6.06,9.63,4,2,17,6,17,85.1,49.28,15.6,22.81,69.53,44.5,1,Ümraniyespor 1-1 Hatayspor,2025-08-24
Ümraniyespor,1.11,1.68,-0.57,0.69,0.92,-0.23,0.43,0.76,-0.33,1.11,1.68,-0.57,1,1,0,0.57,43.5,52.94,47.23,0.99,0.52,159,13,6,10,6.06,19.23,12.22,2,4,13,3,12,87.6,50.72,52.8,77.19,86.73,55.5,1,Ümraniyespor 1-1 Hatayspor,2025-08-24
Sivasspor,1.36,3.62,-2.26,0.6,3.52,-2.92,0.0,0.11,-0.11,0.6,3.62,-3.02,2,4,-2,0.26,47.1,48.19,46.94,0.35,0.74,161,9,13,19,37.14,25.68,12.85,1,2,13,2,11,82.3,42.49,37.4,51.89,60.89,28.71,1,Amed 4-2 Sivasspor,2025-08-24
Amed,3.62,1.36,2.26,3.52,0.6,2.92,0.11,0.0,0.11,3.62,0.6,3.02,4,2,2,-0.26,52.9,51.81,48.01,0.74,0.35,196,15,19,13,25.68,37.14,10.75,2,1,16,6,11,111.4,57.51,34.67,48.11,151.22,71.29,1,Amed 4-2 Sivasspor,2025-08-24
Ankara Keçiörengücü,0.96,1.84,-0.88,0.71,1.21,-0.5,0.25,0.63,-0.38,0.96,1.84,-0.88,1,2,-1,-0.12,49.0,59.45,47.86,0.38,0.66,202,9,12,9,31.58,13.64,11.21,4,3,20,8,13,100.1,71.4,47.67,51.74,108.67,71.19,1,Boluspor 2-1 Ankara Keçiörengücü,2025-08-24
Boluspor,1.84,0.96,0.88,1.21,0.71,0.5,0.63,0.25,0.38,1.84,0.96,0.88,2,1,1,0.12,51.0,40.55,43.76,0.66,0.38,156,7,9,12,13.64,31.58,11.39,3,4,4,2,11,40.1,28.6,44.47,48.26,43.97,28.81,0,Boluspor 2-1 Ankara Keçiörengücü,2025-08-24
Pendikspor,2.38,1.44,0.94,1.19,1.44,-0.25,0.43,0.0,0.43,1.62,1.44,0.18,3,3,0,-0.94,51.9,63.97,51.4,0.5,0.39,224,15,18,8,36.0,20.51,8.35,6,2,22,9,15,161.8,81.22,49.27,46.45,105.04,57.42,2,Erzurumspor FK 3-3 Pendikspor,2025-08-24
Erzurumspor FK,1.44,2.38,-0.94,1.44,1.19,0.25,0.0,0.43,-0.43,1.44,1.62,-0.18,3,3,0,0.94,48.1,36.03,43.37,0.39,0.5,135,7,8,18,20.51,36.0,11.19,2,6,9,1,13,37.4,18.78,56.8,53.55,77.9,42.58,1,Erzurumspor FK 3-3 Pendikspor,2025-08-24
Sakaryaspor,0.4,3.92,-3.52,0.4,2.46,-2.06,0.0,0.7,-0.7,0.4,3.16,-2.76,1,3,-2,1.52,39.6,30.77,37.02,0.37,1.26,89,12,4,21,10.81,16.67,11.59,1,12,4,2,12,16.4,8.09,55.53,76.42,24.83,12.11,2,Bodrum FK 3-1 Sakaryaspor,2025-08-23
Bodrum FK,3.92,0.4,3.52,2.46,0.4,2.06,0.7,0.0,0.7,3.16,0.4,2.76,3,1,2,-1.52,60.4,69.23,49.25,1.26,0.37,229,24,21,4,16.67,10.81,6.12,12,1,25,4,17,186.3,91.91,17.13,23.58,180.17,87.89,2,Bodrum FK 3-1 Sakaryaspor,2025-08-23
Vanspor FK,0.76,1.0,-0.24,0.48,0.81,-0.33,0.28,0.2,0.08,0.76,1.0,-0.24,0,0,0,0.24,38.2,38.6,43.71,0.13,0.79,113,3,5,13,38.46,16.46,8.88,6,2,7,2,18,49.5,29.73,62.87,75.93,48.5,39.89,0,Iğdır FK 0-0 Vanspor FK,2025-08-23
Iğdır FK,1.0,0.76,0.24,0.81,0.48,0.33,0.2,0.28,-0.08,1.0,0.76,0.24,0,0,0,-0.24,61.8,61.4,47.84,0.79,0.13,216,12,13,5,16.46,38.46,6.97,2,6,26,10,13,117.0,70.27,19.93,24.07,73.07,60.11,2,Iğdır FK 0-0 Vanspor FK,2025-08-23
Serik Spor,0.04,2.76,-2.72,0.04,1.84,-1.8,0.0,0.16,-0.16,0.04,2.0,-1.96,0,5,-5,-2.28,17.6,19.67,39.87,0.06,0.94,55,0,1,15,16.67,15.96,22.66,3,2,4,1,10,2.3,0.86,235.47,99.83,25.58,7.49,0,Esenler Erokspor 5-0 Serik Spor,2025-08-23
Esenler Erokspor,2.76,0.04,2.72,1.84,0.04,1.8,0.16,0.0,0.16,2.0,0.04,1.96,5,0,5,2.28,82.4,80.33,51.21,0.94,0.06,475,13,15,1,15.96,16.67,7.75,2,3,14,4,6,265.4,99.14,0.4,0.17,315.79,92.51,0,Esenler Erokspor 5-0 Serik Spor,2025-08-23
Adana Demirspor,0.0,2.91,-2.91,0.0,2.62,-2.62,0.0,0.29,-0.29,0.0,2.91,-2.91,0,4,-4,-1.09,38.3,34.44,45.78,0.19,1.41,129,5,0,18,0.0,12.77,16.65,4,11,9,1,7,18.4,9.23,96.33,90.15,24.97,9.55,0,Bandırmaspor 4-0 Adana Demirspor,2025-08-23
Bandırmaspor,2.91,0.0,2.91,2.62,0.0,2.62,0.29,0.0,0.29,2.91,0.0,2.91,4,0,4,1.09,61.7,65.56,49.89,1.41,0.19,265,20,18,0,12.77,0.0,6.47,11,4,25,5,10,181.0,90.77,10.53,9.85,236.62,90.45,2,Bandırmaspor 4-0 Adana Demirspor,2025-08-23
Sarıyer,1.04,1.7,-0.66,0.84,0.81,0.03,0.2,0.13,0.07,1.04,0.94,0.1,1,2,-1,-0.34,47.5,44.29,47.15,0.71,0.76,172,12,13,8,18.31,10.53,14.83,2,0,13,2,8,99.1,48.34,75.93,57.99,95.7,49.77,1,Çorum 2-1 Sarıyer,2025-08-22
Çorum,1.7,1.04,0.66,0.81,0.84,-0.03,0.13,0.2,-0.07,0.94,1.04,-0.1,2,1,1,0.34,52.5,55.71,47.69,0.76,0.71,216,10,8,13,10.53,18.31,12.04,0,2,22,8,16,105.9,51.66,55.0,42.01,96.57,50.23,3,Çorum 2-1 Sarıyer,2025-08-22
Erzurumspor FK,2.13,2.24,-0.11,1.01,2.07,-1.06,0.36,0.17,0.19,1.37,2.24,-0.87,2,2,0,0.11,51.8,62.21,48.05,0.35,0.44,174,13,8,10,22.86,22.73,8.11,3,0,23,6,16,110.1,67.92,40.47,44.15,84.77,68.0,0,Amed 2-2 Erzurumspor FK,2025-08-18
Amed,2.24,2.13,0.11,2.07,1.01,1.06,0.17,0.36,-0.19,2.24,1.37,0.87,2,2,0,-0.11,48.2,37.79,45.18,0.44,0.35,131,7,10,8,22.73,22.86,8.06,0,3,11,4,18,52.0,32.08,51.2,55.85,39.9,32.0,0,Amed 2-2 Erzurumspor FK,2025-08-18
Iğdır FK,1.5,1.16,0.34,1.5,0.86,0.64,0.0,0.3,-0.3,1.5,1.16,0.34,2,3,-1,-1.34,63.0,60.73,47.44,0.92,0.57,200,14,8,7,8.7,12.28,6.08,6,3,20,7,23,87.2,80.74,10.8,15.37,66.13,58.56,0,Sakaryaspor 3-2 Iğdır FK,2025-08-17
Sakaryaspor,1.16,1.5,-0.34,0.86,1.5,-0.64,0.3,0.0,0.3,1.16,1.5,-0.34,3,2,1,1.34,37.0,39.27,38.36,0.57,0.92,80,7,7,8,12.28,8.7,11.73,3,6,3,1,10,20.8,19.26,59.47,84.63,46.8,41.44,2,Sakaryaspor 3-2 Iğdır FK,2025-08-17
Hatayspor,1.51,2.58,-1.07,1.51,1.71,-0.2,0.0,0.11,-0.11,1.51,1.82,-0.31,1,2,-1,0.07,56.1,47.78,45.55,0.71,0.36,188,10,11,17,15.49,47.22,7.14,6,3,19,3,15,60.6,37.76,29.73,28.37,56.6,30.21,2,Manisa FK 2-1 Hatayspor,2025-08-17
Manisa FK,2.58,1.51,1.07,1.71,1.51,0.2,0.11,0.0,0.11,1.82,1.51,0.31,2,1,1,-0.07,43.9,52.22,47.9,0.36,0.71,166,14,17,11,47.22,15.49,10.0,3,6,12,5,17,99.9,62.24,75.07,71.63,130.73,69.79,4,Manisa FK 2-1 Hatayspor,2025-08-17
Esenler Erokspor,0.73,1.48,-0.75,0.62,0.07,0.55,0.11,0.66,-0.55,0.73,0.72,0.01,0,1,-1,-0.25,46.4,47.3,41.58,0.37,0.31,132,4,9,6,24.32,19.35,12.71,2,5,15,3,10,66.3,56.47,80.2,68.71,90.07,70.44,0,Vanspor FK 1-0 Esenler Erokspor,2025-08-17
Vanspor FK,1.48,0.73,0.75,0.07,0.62,-0.55,0.66,0.11,0.55,0.72,0.73,-0.01,1,0,1,0.25,53.6,52.7,43.64,0.31,0.37,156,4,6,9,19.35,24.32,8.26,5,2,11,4,15,51.1,43.53,36.53,31.29,37.8,29.56,0,Vanspor FK 1-0 Esenler Erokspor,2025-08-17
Bodrum FK,1.87,1.13,0.74,1.45,0.82,0.63,0.41,0.32,0.09,1.87,1.13,0.74,1,1,0,-0.74,45.7,49.44,47.08,0.62,0.39,161,7,17,12,27.42,30.77,11.43,7,4,16,5,15,89.2,50.4,52.47,73.49,102.63,69.19,3,Sivasspor 1-1 Bodrum FK,2025-08-17
Sivasspor,1.13,1.87,-0.74,0.82,1.45,-0.63,0.32,0.41,-0.09,1.13,1.87,-0.74,1,1,0,0.74,54.3,50.56,45.35,0.39,0.62,172,8,12,17,30.77,27.42,9.27,4,7,21,5,6,87.8,49.6,18.93,26.51,45.7,30.81,0,Sivasspor 1-1 Bodrum FK,2025-08-17
Çorum,3.65,0.12,3.53,3.4,0.12,3.28,0.26,0.0,0.26,3.65,0.12,3.53,3,0,3,-0.53,67.8,72.2,48.25,1.68,0.27,270,24,19,2,11.31,7.41,6.97,9,3,22,5,8,177.5,90.79,12.87,10.64,120.97,83.64,4,Adana Demirspor 0-3 Çorum,2025-08-16
Adana Demirspor,0.12,3.65,-3.53,0.12,3.4,-3.28,0.0,0.26,-0.26,0.12,3.65,-3.53,0,3,-3,0.53,32.2,27.8,42.44,0.27,1.68,93,3,2,19,7.41,11.31,29.0,3,9,3,1,7,18.0,9.21,108.07,89.36,23.67,16.36,1,Adana Demirspor 0-3 Çorum,2025-08-16
Bandırmaspor,0.71,0.73,-0.02,0.57,0.58,-0.01,0.14,0.15,-0.01,0.71,0.73,-0.02,0,2,-2,-1.98,48.0,42.72,48.22,0.46,0.59,180,12,8,11,17.39,18.64,10.96,4,5,10,4,17,68.7,36.96,48.73,58.25,63.6,35.79,2,Pendikspor 2-0 Bandırmaspor,2025-08-16
Pendikspor,0.73,0.71,0.02,0.58,0.57,0.01,0.15,0.14,0.01,0.73,0.71,0.02,2,0,2,1.98,52.0,57.28,49.18,0.59,0.46,210,13,11,8,18.64,17.39,8.32,5,4,25,6,19,117.2,63.04,34.93,41.75,114.1,64.21,2,Pendikspor 2-0 Bandırmaspor,2025-08-16
Boluspor,1.05,2.23,-1.18,1.05,2.21,-1.16,0.0,0.02,-0.02,1.05,2.23,-1.18,1,1,0,1.18,57.1,57.67,48.12,0.55,1.13,194,10,9,17,16.36,15.04,7.97,4,2,12,3,16,82.3,53.76,28.6,29.79,67.53,47.6,1,Sarıyer 1-1 Boluspor,2025-08-16
Sarıyer,2.23,1.05,1.18,2.21,1.05,1.16,0.02,0.0,0.02,2.23,1.05,1.18,1,1,0,-1.18,42.9,42.33,45.03,1.13,0.55,130,19,17,9,15.04,16.36,11.0,2,4,15,9,17,70.8,46.24,67.4,70.21,74.33,52.4,4,Sarıyer 1-1 Boluspor,2025-08-16
İstanbulspor,1.72,1.62,0.1,1.34,1.36,-0.02,0.38,0.26,0.12,1.72,1.62,0.1,0,0,0,-0.1,45.5,38.54,39.28,0.84,1.12,118,10,10,14,11.9,12.5,10.81,7,3,11,4,16,63.7,30.06,45.33,46.13,60.8,28.45,5,Ankara Keçiörengücü 0-0 İstanbulspor,2025-08-16
Ankara Keçiörengücü,1.62,1.72,-0.1,1.36,1.34,0.02,0.26,0.38,-0.12,1.62,1.72,-0.1,0,0,0,0.1,54.5,61.46,48.8,1.12,0.84,219,17,14,10,12.5,11.9,10.16,3,7,28,5,12,148.2,69.94,52.93,53.87,152.9,71.55,1,Ankara Keçiörengücü 0-0 İstanbulspor,2025-08-16
Ümraniyespor,0.77,1.38,-0.61,0.74,0.52,0.22,0.03,0.1,-0.07,0.77,0.62,0.15,0,1,-1,-0.39,69.9,62.6,44.02,0.35,0.32,217,5,9,7,25.71,21.88,5.38,3,6,21,9,11,92.9,65.51,1.4,1.07,38.9,22.6,3,Serik Spor 1-0 Ümraniyespor,2025-08-15
Serik Spor,1.38,0.77,0.61,0.52,0.74,-0.22,0.1,0.03,0.07,0.62,0.77,-0.15,1,0,1,0.39,30.1,37.4,48.01,0.32,0.35,117,8,7,9,21.88,25.71,11.35,6,3,8,2,21,48.9,34.49,129.73,98.93,133.23,77.4,1,Serik Spor 1-0 Ümraniyespor,2025-08-15
Adana Demirspor,1.1,2.59,-1.49,1.1,2.35,-1.25,0.0,0.24,-0.24,1.1,2.59,-1.49,2,2,0,1.49,32.1,34.77,43.31,0.39,1.07,101,3,9,17,23.08,15.89,20.27,4,4,7,3,8,33.6,17.86,136.8,94.04,92.57,47.99,0,Esenler Erokspor 2-2 Adana Demirspor,2025-08-11
Esenler Erokspor,2.59,1.1,1.49,2.35,1.1,1.25,0.24,0.0,0.24,2.59,1.1,1.49,2,2,0,-1.49,67.9,65.23,46.01,1.07,0.39,227,15,17,9,15.89,23.08,8.6,4,4,19,6,9,154.5,82.14,8.67,5.96,100.33,52.01,0,Esenler Erokspor 2-2 Adana Demirspor,2025-08-11
Pendikspor,0.68,1.9,-1.22,0.63,1.61,-0.98,0.05,0.29,-0.24,0.68,1.9,-1.22,1,1,0,1.22,42.0,39.29,42.73,0.36,0.55,106,6,6,19,16.67,34.55,7.46,7,4,19,5,23,43.2,23.93,48.6,63.34,40.2,25.85,0,Bodrum FK 1-1 Pendikspor,2025-08-10
Bodrum FK,1.9,0.68,1.22,1.61,0.63,0.98,0.29,0.05,0.24,1.9,0.68,1.22,1,1,0,-1.22,58.0,60.71,47.3,0.55,0.36,179,14,19,6,34.55,16.67,5.59,4,7,18,7,13,137.3,76.07,28.13,36.66,115.33,74.15,0,Bodrum FK 1-1 Pendikspor,2025-08-10
Amed,0.72,1.75,-1.03,0.55,1.55,-1.0,0.17,0.2,-0.03,0.72,1.75,-1.03,0,2,-2,-0.97,57.4,55.73,52.12,0.55,0.55,259,13,12,11,21.82,20.0,8.17,8,1,17,3,11,101.9,55.9,16.4,18.74,50.93,31.56,1,Çorum 2-0 Amed,2025-08-10
Çorum,1.75,0.72,1.03,1.55,0.55,1.0,0.2,0.17,0.03,1.75,0.72,1.03,2,0,2,0.97,42.6,44.27,49.95,0.55,0.55,162,13,11,12,20.0,21.82,15.77,1,8,26,9,7,80.4,44.1,71.13,81.26,110.47,68.44,3,Çorum 2-0 Amed,2025-08-10
Vanspor FK,1.0,2.3,-1.3,0.54,2.06,-1.52,0.45,0.24,0.21,1.0,2.3,-1.3,3,2,1,2.3,44.5,30.77,40.29,0.35,0.23,88,10,6,19,17.14,82.61,7.45,3,9,10,3,20,34.6,17.75,32.87,47.18,22.46,7.74,1,Boluspor 2-3 Vanspor FK,2025-08-10
Boluspor,2.3,1.0,1.3,2.06,0.54,1.52,0.24,0.45,-0.21,2.3,1.0,1.3,2,3,-1,-2.3,55.5,69.23,51.42,0.23,0.35,203,19,19,6,82.61,17.14,5.17,9,3,18,7,16,160.3,82.25,36.8,52.82,267.9,92.26,2,Boluspor 2-3 Vanspor FK,2025-08-10
Sakaryaspor,0.68,3.19,-2.51,0.63,3.08,-2.45,0.05,0.11,-0.06,0.68,3.19,-2.51,1,1,0,2.51,29.3,33.55,48.83,0.46,0.92,90,12,8,21,17.39,22.83,14.38,1,9,11,3,11,44.4,16.2,91.53,98.42,79.83,35.2,6,Bandırmaspor 1-1 Sakaryaspor,2025-08-10
Bandırmaspor,3.19,0.68,2.51,3.08,0.63,2.45,0.11,0.05,0.06,3.19,0.68,2.51,1,1,0,-2.51,70.7,66.45,54.53,0.92,0.46,248,17,21,8,22.83,17.39,4.18,9,1,28,9,12,229.6,83.8,1.47,1.58,146.97,64.8,3,Bandırmaspor 1-1 Sakaryaspor,2025-08-10
Sarıyer,0.37,3.44,-3.07,0.35,1.92,-1.57,0.01,0.0,0.01,0.37,1.92,-1.55,1,2,-1,2.07,25.5,22.59,43.61,0.16,1.15,83,4,7,14,43.75,12.17,22.37,0,4,7,2,14,27.8,8.31,168.27,99.06,51.5,23.81,0,Iğdır FK 2-1 Sarıyer,2025-08-09
Iğdır FK,3.44,0.37,3.07,1.92,0.35,1.57,0.0,0.01,-0.01,1.92,0.37,1.55,2,1,1,-2.07,74.5,77.41,55.99,1.15,0.16,419,23,14,7,12.17,43.75,5.94,4,0,27,3,10,306.9,91.69,1.6,0.94,164.83,76.19,2,Iğdır FK 2-1 Sarıyer,2025-08-09
Ankara Keçiörengücü,2.74,0.99,1.75,2.46,0.86,1.6,0.28,0.13,0.15,2.74,0.99,1.75,3,1,2,0.25,42.2,52.53,44.65,0.45,0.55,130,11,16,10,35.56,18.18,11.7,5,3,15,6,16,85.3,61.99,54.07,78.06,110.37,74.44,4,Hatayspor 1-3 Ankara Keçiörengücü,2025-08-09
Hatayspor,0.99,2.74,-1.75,0.86,2.46,-1.6,0.13,0.28,-0.15,0.99,2.74,-1.75,1,3,-2,-0.25,57.8,47.47,42.53,0.55,0.45,150,7,10,16,18.18,35.56,9.74,3,5,12,5,8,52.3,38.01,15.2,21.94,37.9,25.56,1,Hatayspor 1-3 Ankara Keçiörengücü,2025-08-09
Serik Spor,1.42,0.8,0.62,0.99,0.69,0.3,0.43,0.11,0.32,1.42,0.8,0.62,0,0,0,-0.62,29.2,38.46,49.09,0.45,0.49,118,10,12,7,26.67,14.29,20.54,3,9,12,3,9,60.9,34.6,146.13,99.0,140.43,73.76,0,İstanbulspor 0-0 Serik Spor,2025-08-09
İstanbulspor,0.8,1.42,-0.62,0.69,0.99,-0.3,0.11,0.43,-0.32,0.8,1.42,-0.62,0,0,0,0.62,70.8,61.54,44.86,0.49,0.45,226,8,7,12,14.29,26.67,5.77,9,3,26,6,11,115.1,65.4,1.47,1.0,49.97,26.24,6,İstanbulspor 0-0 Serik Spor,2025-08-09
Sivasspor,0.09,0.69,-0.6,0.09,0.64,-0.55,0.0,0.05,-0.05,0.09,0.69,-0.6,0,2,-2,-1.4,51.5,54.92,47.89,0.22,0.32,206,6,4,7,18.18,21.88,14.15,2,5,14,4,7,54.7,57.58,60.47,56.3,77.5,51.66,0,Erzurumspor FK 2-0 Sivasspor,2025-08-09
Erzurumspor FK,0.69,0.09,0.6,0.64,0.09,0.55,0.05,0.0,0.05,0.69,0.09,0.6,2,0,2,1.4,48.5,45.08,42.0,0.32,0.22,153,6,7,4,21.88,18.18,14.81,5,2,11,4,11,40.3,42.42,46.93,43.7,72.53,48.34,0,Erzurumspor FK 2-0 Sivasspor,2025-08-09
Manisa FK,1.22,1.56,-0.34,1.03,1.3,-0.27,0.2,0.26,-0.06,1.22,1.56,-0.34,1,2,-1,-0.66,53.2,57.42,48.1,0.66,0.55,177,14,10,9,15.15,16.36,6.2,5,2,19,2,19,90.6,66.47,36.2,50.65,82.23,63.68,1,Ümraniyespor 2-1 Manisa FK,2025-08-08
Ümraniyespor,1.56,1.22,0.34,1.3,1.03,0.27,0.26,0.2,0.06,1.56,1.22,0.34,2,1,1,0.66,46.8,42.58,44.01,0.55,0.66,135,12,9,10,16.36,15.15,7.68,2,5,6,2,17,45.7,33.53,35.27,49.35,46.9,36.32,2,Ümraniyespor 2-1 Manisa FK,2025-08-08
